probe_id,iteration,nearest_distance,nearest_brahmi_transliteration,nearest_letter_image_id
indus_local220_M37_source_S009,0,0.287664,tha,7282
indus_local220_M37_source_S009,1,0.338376,kaṃ,63642
indus_local220_M37_source_S009,2,0.250967,tha,7282
indus_local220_M37_source_S009,3,0.400176,a,108359
indus_local220_M37_source_S009,4,0.295026,yvaṃ,2076
indus_local220_M37_source_S009,5,0.344831,tha,7282
indus_local220_M37_source_S009,6,0.465366,ja,133712
indus_local220_M37_source_S009,7,0.364926,ca,115151
indus_local220_M37_source_S009,8,0.242633,tha,7282
indus_local220_M37_source_S009,9,0.272648,tha,7282
indus_local220_M37_source_S009,10,0.524966,ma,154992
indus_local220_M37_source_S009,11,0.376360,ḍa,160373
indus_local220_M37_source_S009,12,0.345807,ā,127351
indus_local220_M37_source_S009,13,0.511207,ja,102250
indus_local220_M37_source_S009,14,0.318945,a,108359
indus_local220_M37_source_S009,15,0.337421,tha,7282
indus_local220_M37_source_S009,16,0.368786,vyaṃ,149371
indus_local220_M37_source_S009,17,0.397522,ja,102250
indus_local220_M37_source_S009,18,0.372339,tha,7282
indus_local220_M37_source_S009,19,0.267470,ja,54817
indus_local220_M37_source_S009,20,0.446719,kaṃ,63642
indus_local220_M37_source_S009,21,0.501811,dha,27165
indus_local220_M37_source_S009,22,0.300588,kaṃ,63642
indus_local220_M37_source_S009,23,0.256578,tha,7282
indus_local220_M37_source_S009,24,0.333015,ja,54817
indus_local220_M37_source_S009,25,0.520387,pha,116887
indus_local220_M37_source_S009,26,0.251508,tha,7282
indus_local220_M37_source_S009,27,0.339462,tha,7282
indus_local220_M37_source_S009,28,0.326498,tha,7282
indus_local220_M37_source_S009,29,0.335576,ja,54817
indus_local220_M37_source_S009,30,0.406149,ja,102250
indus_local220_M37_source_S009,31,0.404768,ja,102250
indus_local220_M37_source_S009,32,0.255807,tha,7282
indus_local220_M37_source_S009,33,0.367050,tha,7282
indus_local220_M37_source_S009,34,0.507724,ka,178625
indus_local220_M37_source_S009,35,0.309673,tha,7282
indus_local220_M37_source_S009,36,0.296406,tha,7282
indus_local220_M37_source_S009,37,0.529493,ā,34150
indus_local220_M37_source_S009,38,0.261207,tha,7282
indus_local220_M37_source_S009,39,0.304482,tha,7282
indus_local220_M37_source_S009,40,0.317103,tha,7282
indus_local220_M37_source_S009,41,0.287312,vaṃ,129449
indus_local220_M37_source_S009,42,0.281383,ḍa,160373
indus_local220_M37_source_S009,43,0.266027,tha,7282
indus_local220_M37_source_S009,44,0.463212,dha,175948
indus_local220_M37_source_S009,45,0.336849,ga,170317
indus_local220_M37_source_S009,46,0.334959,tha,7282
indus_local220_M37_source_S009,47,0.330083,tha,7282
indus_local220_M37_source_S009,48,0.378459,ka,168719
indus_local220_M37_source_S009,49,0.334013,ga,170317
indus_local220_M37_source_S009,50,0.318049,ma,131948
indus_local220_M37_source_S009,51,0.381862,tha,7282
indus_local220_M37_source_S009,52,0.346464,tha,7282
indus_local220_M37_source_S009,53,0.357318,tha,7282
indus_local220_M37_source_S009,54,0.323871,kya,64056
indus_local220_M37_source_S009,55,0.487951,mya,5475
indus_local220_M37_source_S009,56,0.370787,aṃ,52100
indus_local220_M37_source_S009,57,0.283825,tha,7282
indus_local220_M37_source_S009,58,0.328139,tha,7282
indus_local220_M37_source_S009,59,0.508814,laṃ,7754
indus_local220_M37_source_S009,60,0.288897,tha,7282
indus_local220_M37_source_S009,61,0.343579,tha,7282
indus_local220_M37_source_S009,62,0.343086,tha,7282
indus_local220_M37_source_S009,63,0.380896,śa,50218
indus_local220_M37_source_S009,64,0.491502,la,73870
indus_local220_M37_source_S009,65,0.327167,tha,7282
indus_local220_M37_source_S009,66,0.523938,pa,17001
indus_local220_M37_source_S009,67,0.486169,a,103892
indus_local220_M37_source_S009,68,0.249320,tha,7282
indus_local220_M37_source_S009,69,0.364186,ca,115151
indus_local220_M37_source_S009,70,0.316233,tha,7282
indus_local220_M37_source_S009,71,0.251839,tha,7282
indus_local220_M37_source_S009,72,0.393628,ja,102250
indus_local220_M37_source_S009,73,0.318827,tha,7282
indus_local220_M37_source_S009,74,0.247343,ja,54817
indus_local220_M37_source_S009,75,0.296925,kaṃ,63642
indus_local220_M37_source_S009,76,0.329259,tha,7282
indus_local220_M37_source_S009,77,0.348644,ja,54817
indus_local220_M37_source_S009,78,0.325105,ja,54817
indus_local220_M37_source_S009,79,0.359149,tha,7282
indus_local220_M37_source_S009,80,0.347548,ga,170317
indus_local220_M37_source_S009,81,0.519776,ā,137368
indus_local220_M37_source_S009,82,0.344046,tha,7282
indus_local220_M37_source_S009,83,0.304762,kya,64056
indus_local220_M37_source_S009,84,0.330918,ja,54817
indus_local220_M37_source_S009,85,0.221603,tha,7282
indus_local220_M37_source_S009,86,0.509764,ḍa,90404
indus_local220_M37_source_S009,87,0.516450,ja,102250
indus_local220_M37_source_S009,88,0.291929,tha,7282
indus_local220_M37_source_S009,89,0.245794,tha,7282
indus_local220_M37_source_S009,90,0.302498,ṇa,178769
indus_local220_M37_source_S009,91,0.526001,ja,102250
indus_local220_M37_source_S009,92,0.384034,e,130019
indus_local220_M37_source_S009,93,0.529686,e,39790
indus_local220_M37_source_S009,94,0.316194,kaṃ,63642
indus_local220_M37_source_S009,95,0.326409,tha,7282
indus_local220_M37_source_S009,96,0.312773,tha,7282
indus_local220_M37_source_S009,97,0.233842,ja,54817
indus_local220_M37_source_S009,98,0.509292,gaṃ,129456
indus_local220_M37_source_S009,99,0.511215,ṣa,150958
indus_local220_M37_source_S009,100,0.301871,tha,7282
indus_local220_M37_source_S009,101,0.448652,kha,40190
indus_local220_M37_source_S009,102,0.250292,tha,7282
indus_local220_M37_source_S009,103,0.514939,tha,7282
indus_local220_M37_source_S009,104,0.366830,ja,54817
indus_local220_M37_source_S009,105,0.531126,ma,130133
indus_local220_M37_source_S009,106,0.227142,tha,7282
indus_local220_M37_source_S009,107,0.228120,tha,7282
indus_local220_M37_source_S009,108,0.391406,ka,58978
indus_local220_M37_source_S009,109,0.282973,tha,7282
indus_local220_M37_source_S009,110,0.250786,tha,7282
indus_local220_M37_source_S009,111,0.493736,ma,31334
indus_local220_M37_source_S009,112,0.343980,la,8373
indus_local220_M37_source_S009,113,0.561014,kaṃ,63642
indus_local220_M37_source_S009,114,0.498402,e,39790
indus_local220_M37_source_S009,115,0.476647,kaṃ,63642
indus_local220_M37_source_S009,116,0.285479,tha,7282
indus_local220_M37_source_S009,117,0.213353,tha,7282
indus_local220_M37_source_S009,118,0.280376,tha,7282
indus_local220_M37_source_S009,119,0.553147,aṃ,103450
indus_local220_M37_source_S009,120,0.256723,tha,7282
indus_local220_M37_source_S009,121,0.559328,ba,49257
indus_local220_M37_source_S009,122,0.518161,ja,54817
indus_local220_M37_source_S009,123,0.331973,tha,7282
indus_local220_M37_source_S009,124,0.332906,la,73870
indus_local220_M37_source_S009,125,0.257703,tha,7282
indus_local220_M37_source_S009,126,0.304905,tha,7282
indus_local220_M37_source_S009,127,0.413519,ga,170317
indus_local220_M37_source_S009,128,0.332880,kaṃ,34342
indus_local220_M37_source_S009,129,0.263452,tha,7282
indus_local220_M37_source_S009,130,0.526502,dhaṃ,3551
indus_local220_M37_source_S009,131,0.264088,tha,7282
indus_local220_M37_source_S009,132,0.293461,tha,7282
indus_local220_M37_source_S009,133,0.514325,ḍha,40301
indus_local220_M37_source_S009,134,0.318746,tha,7282
indus_local220_M37_source_S009,135,0.344310,a,90977
indus_local220_M37_source_S009,136,0.295052,aṃ,103450
indus_local220_M37_source_S009,137,0.509386,ka,178625
indus_local220_M37_source_S009,138,0.379086,tha,7282
indus_local220_M37_source_S009,139,0.331372,kaṃ,63642
indus_local220_M37_source_S009,140,0.311654,kaṃ,63642
indus_local220_M37_source_S009,141,0.472730,ja,54817
indus_local220_M37_source_S009,142,0.314881,tha,7282
indus_local220_M37_source_S009,143,0.320192,laṃ,7754
indus_local220_M37_source_S009,144,0.558757,kha,77211
indus_local220_M37_source_S009,145,0.275484,tha,7282
indus_local220_M37_source_S009,146,0.303799,tha,7282
indus_local220_M37_source_S009,147,0.491180,pha,116887
indus_local220_M37_source_S009,148,0.282363,kaṃ,63642
indus_local220_M37_source_S009,149,0.299027,a,142095
indus_local220_M37_source_S009,150,0.532250,vaṃ,129449
indus_local220_M37_source_S009,151,0.290755,ma,131948
indus_local220_M37_source_S009,152,0.237799,tha,7282
indus_local220_M37_source_S009,153,0.347535,ā,56459
indus_local220_M37_source_S009,154,0.482546,e,39790
indus_local220_M37_source_S009,155,0.269121,tha,7282
indus_local220_M37_source_S009,156,0.245297,tha,7282
indus_local220_M37_source_S009,157,0.343612,tha,7282
indus_local220_M37_source_S009,158,0.363665,ka,178625
indus_local220_M37_source_S009,159,0.316180,ka,178625
indus_local220_M37_source_S009,160,0.333071,ga,170317
indus_local220_M37_source_S009,161,0.333484,ḍa,160373
indus_local220_M37_source_S009,162,0.508714,dha,27165
indus_local220_M37_source_S009,163,0.312762,tha,7282
indus_local220_M37_source_S009,164,0.280492,tha,7282
indus_local220_M37_source_S009,165,0.245999,ja,54817
indus_local220_M37_source_S009,166,0.499080,aṃ,133251
indus_local220_M37_source_S009,167,0.324399,tha,7282
indus_local220_M37_source_S009,168,0.305566,kaṃ,63642
indus_local220_M37_source_S009,169,0.530512,ta,97080
indus_local220_M37_source_S009,170,0.255906,tha,7282
indus_local220_M37_source_S009,171,0.254778,tha,7282
indus_local220_M37_source_S009,172,0.376599,tha,7282
indus_local220_M37_source_S009,173,0.464828,dha,142015
indus_local220_M37_source_S009,174,0.278449,tha,7282
indus_local220_M37_source_S009,175,0.334571,vaṃ,129449
indus_local220_M37_source_S009,176,0.499052,pha,116887
indus_local220_M37_source_S009,177,0.297266,tha,7282
indus_local220_M37_source_S009,178,0.473275,a,90977
indus_local220_M37_source_S009,179,0.349204,tha,7282
indus_local220_M37_source_S009,180,0.353591,kaṃ,63642
indus_local220_M37_source_S009,181,0.304984,ḍa,160373
indus_local220_M37_source_S009,182,0.527619,dha,175948
indus_local220_M37_source_S009,183,0.515808,pa,47419
indus_local220_M37_source_S009,184,0.313135,ca,115151
indus_local220_M37_source_S009,185,0.283946,ja,54817
indus_local220_M37_source_S009,186,0.236573,tha,7282
indus_local220_M37_source_S009,187,0.271927,tha,7282
indus_local220_M37_source_S009,188,0.356749,tha,7282
indus_local220_M37_source_S009,189,0.331936,ca,115151
indus_local220_M37_source_S009,190,0.239234,tha,7282
indus_local220_M37_source_S009,191,0.275723,ma,131948
indus_local220_M37_source_S009,192,0.344657,tha,7282
indus_local220_M37_source_S009,193,0.318025,ja,54817
indus_local220_M37_source_S009,194,0.345083,laṃ,7754
indus_local220_M37_source_S009,195,0.306734,ma,14706
indus_local220_M37_source_S009,196,0.326988,ma,131948
indus_local220_M37_source_S009,197,0.234152,tha,7282
indus_local220_M37_source_S009,198,0.266330,tha,7282
indus_local220_M37_source_S009,199,0.507484,ma,131948
indus_local220_M37_source_S009,200,0.301815,tha,7282
indus_local220_M37_source_S009,201,0.477559,ca,115151
indus_local220_M37_source_S009,202,0.462317,ja,133712
indus_local220_M37_source_S009,203,0.318686,kaṃ,63642
indus_local220_M37_source_S009,204,0.513169,aṃ,103450
indus_local220_M37_source_S009,205,0.512903,a,108359
indus_local220_M37_source_S009,206,0.381932,tha,7282
indus_local220_M37_source_S009,207,0.308696,tha,7282
indus_local220_M37_source_S009,208,0.498427,e,39790
indus_local220_M37_source_S009,209,0.291245,tha,7282
indus_local220_M37_source_S009,210,0.281249,tha,7282
indus_local220_M37_source_S009,211,0.375432,a,108359
indus_local220_M37_source_S009,212,0.325126,a,108359
indus_local220_M37_source_S009,213,0.576657,ā,127351
indus_local220_M37_source_S009,214,0.364397,tha,7282
indus_local220_M37_source_S009,215,0.300739,ma,14706
indus_local220_M37_source_S009,216,0.320041,ḍa,160373
indus_local220_M37_source_S009,217,0.325839,tha,7282
indus_local220_M37_source_S009,218,0.534008,tha,7282
indus_local220_M37_source_S009,219,0.362014,ka,58978
indus_local220_M37_source_S009,220,0.305027,tha,7282
indus_local220_M37_source_S009,221,0.539844,dha,27165
indus_local220_M37_source_S009,222,0.498680,ja,54817
indus_local220_M37_source_S009,223,0.288048,ja,54817
indus_local220_M37_source_S009,224,0.509756,ma,36478
indus_local220_M37_source_S009,225,0.375499,vaṃ,129449
indus_local220_M37_source_S009,226,0.309606,tha,7282
indus_local220_M37_source_S009,227,0.346539,e,39790
indus_local220_M37_source_S009,228,0.483789,laṃ,7754
indus_local220_M37_source_S009,229,0.364677,tha,7282
indus_local220_M37_source_S009,230,0.285101,e,39790
indus_local220_M37_source_S009,231,0.490071,ḍha,40301
indus_local220_M37_source_S009,232,0.294303,kaṃ,63642
indus_local220_M37_source_S009,233,0.286442,ḍa,160373
indus_local220_M37_source_S009,234,0.339766,tha,7282
indus_local220_M37_source_S009,235,0.281744,kaṃ,63642
indus_local220_M37_source_S009,236,0.302378,ja,133712
indus_local220_M37_source_S009,237,0.514497,pha,116887
indus_local220_M37_source_S009,238,0.285379,tha,7282
indus_local220_M37_source_S009,239,0.517417,bha,32049
indus_local220_M37_source_S009,240,0.292667,tha,7282
indus_local220_M37_source_S009,241,0.252183,tha,7282
indus_local220_M37_source_S009,242,0.513894,tha,7282
indus_local220_M37_source_S009,243,0.325054,tha,7282
indus_local220_M37_source_S009,244,0.355514,gaṃ,129456
indus_local220_M37_source_S009,245,0.331594,a,90977
indus_local220_M37_source_S009,246,0.286251,tha,7282
indus_local220_M37_source_S009,247,0.330327,ka,178625
indus_local220_M37_source_S009,248,0.496190,laṃ,7754
indus_local220_M37_source_S009,249,0.525049,yvaṃ,2076
indus_local220_M37_source_S009,250,0.506660,ka,168719
indus_local220_M37_source_S009,251,0.465266,ja,139964
indus_local220_M37_source_S009,252,0.319328,la,73870
indus_local220_M37_source_S009,253,0.496333,ja,54817
indus_local220_M37_source_S009,254,0.264018,ṣa,121553
indus_local220_M37_source_S009,255,0.322142,tha,7282
indus_local220_M37_source_S009,256,0.378383,tha,7282
indus_local220_M37_source_S009,257,0.375396,śa,50218
indus_local220_M37_source_S009,258,0.307766,kaṃ,63642
indus_local220_M37_source_S009,259,0.280591,tha,7282
indus_local220_M37_source_S009,260,0.308072,tha,7282
indus_local220_M37_source_S009,261,0.250822,tha,7282
indus_local220_M37_source_S009,262,0.288546,tha,7282
indus_local220_M37_source_S009,263,0.271120,tha,7282
indus_local220_M37_source_S009,264,0.244897,tha,7282
indus_local220_M37_source_S009,265,0.537535,ca,115151
indus_local220_M37_source_S009,266,0.309321,la,73870
indus_local220_M37_source_S009,267,0.373629,a,151016
indus_local220_M37_source_S009,268,0.317144,kha,79871
indus_local220_M37_source_S009,269,0.322106,ja,54817
indus_local220_M37_source_S009,270,0.500818,ja,102250
indus_local220_M37_source_S009,271,0.538550,dha,177395
indus_local220_M37_source_S009,272,0.290117,yvaṃ,2076
indus_local220_M37_source_S009,273,0.273438,kaṃ,63642
indus_local220_M37_source_S009,274,0.253946,e,39790
indus_local220_M37_source_S009,275,0.350104,yvaṃ,2076
indus_local220_M37_source_S009,276,0.521118,e,39790
indus_local220_M37_source_S009,277,0.525147,laṃ,734
indus_local220_M37_source_S009,278,0.304727,a,108359
indus_local220_M37_source_S009,279,0.395753,ja,102250
indus_local220_M37_source_S009,280,0.300796,ma,14706
indus_local220_M37_source_S009,281,0.322841,tha,7282
indus_local220_M37_source_S009,282,0.542083,dhaṃ,3551
indus_local220_M37_source_S009,283,0.291255,tha,7282
indus_local220_M37_source_S009,284,0.319334,a,151016
indus_local220_M37_source_S009,285,0.283815,tha,7282
indus_local220_M37_source_S009,286,0.316823,tha,7282
indus_local220_M37_source_S009,287,0.220435,ja,54817
indus_local220_M37_source_S009,288,0.372241,tha,7282
indus_local220_M37_source_S009,289,0.388555,tha,7282
indus_local220_M37_source_S009,290,0.513244,kaṃ,63642
indus_local220_M37_source_S009,291,0.243644,tha,7282
indus_local220_M37_source_S009,292,0.294493,i,13568
indus_local220_M37_source_S009,293,0.353009,tha,7282
indus_local220_M37_source_S009,294,0.293764,tha,7282
indus_local220_M37_source_S009,295,0.374111,tha,7282
indus_local220_M37_source_S009,296,0.252037,tha,7282
indus_local220_M37_source_S009,297,0.279678,kaṃ,63642
indus_local220_M37_source_S009,298,0.485339,tha,7282
indus_local220_M37_source_S009,299,0.527575,ya,157672
indus_local220_M37_source_S009,300,0.527863,vyaṃ,159494
indus_local220_M37_source_S009,301,0.491940,ā,56459
indus_local220_M37_source_S009,302,0.526989,a,142095
indus_local220_M37_source_S009,303,0.278940,ma,31334
indus_local220_M37_source_S009,304,0.248414,tha,7282
indus_local220_M37_source_S009,305,0.480307,jha,94621
indus_local220_M37_source_S009,306,0.495672,pa,47419
indus_local220_M37_source_S009,307,0.349004,ca,115151
indus_local220_M37_source_S009,308,0.281629,a,108359
indus_local220_M37_source_S009,309,0.470549,dha,106599
indus_local220_M37_source_S009,310,0.343934,bha,146921
indus_local220_M37_source_S009,311,0.330657,tha,7282
indus_local220_M37_source_S009,312,0.324638,ja,54817
indus_local220_M37_source_S009,313,0.334188,tha,7282
indus_local220_M37_source_S009,314,0.292813,la,73870
indus_local220_M37_source_S009,315,0.346665,tha,7282
indus_local220_M37_source_S009,316,0.522147,dha,175948
indus_local220_M37_source_S009,317,0.307076,ja,54817
indus_local220_M37_source_S009,318,0.499152,bha,146921
indus_local220_M37_source_S009,319,0.344734,tha,7282
indus_local220_M37_source_S009,320,0.500975,a,90977
indus_local220_M37_source_S009,321,0.278818,kaṃ,63642
indus_local220_M37_source_S009,322,0.407004,a,142095
indus_local220_M37_source_S009,323,0.327907,tha,7282
indus_local220_M37_source_S009,324,0.250068,ja,54817
indus_local220_M37_source_S009,325,0.291125,ja,54817
indus_local220_M37_source_S009,326,0.298352,tha,7282
indus_local220_M37_source_S009,327,0.277153,tha,7282
indus_local220_M37_source_S009,328,0.494429,dha,142015
indus_local220_M37_source_S009,329,0.470305,a,90977
indus_local220_M37_source_S009,330,0.483754,ja,54817
indus_local220_M37_source_S009,331,0.282506,tha,7282
indus_local220_M37_source_S009,332,0.374929,ma,14706
indus_local220_M37_source_S009,333,0.513956,ma,31334
indus_local220_M37_source_S009,334,0.305447,kaṃ,63642
indus_local220_M37_source_S009,335,0.308804,tha,7282
indus_local220_M37_source_S009,336,0.309650,tha,7282
indus_local220_M37_source_S009,337,0.312464,ḍa,160373
indus_local220_M37_source_S009,338,0.472617,dhaṃ,3551
indus_local220_M37_source_S009,339,0.482209,ja,54817
indus_local220_M37_source_S009,340,0.315158,ja,139964
indus_local220_M37_source_S009,341,0.305171,tha,7282
indus_local220_M37_source_S009,342,0.503540,tha,7282
indus_local220_M37_source_S009,343,0.272696,tha,7282
indus_local220_M37_source_S009,344,0.359735,ma,31334
indus_local220_M37_source_S009,345,0.479427,ḍha,40301
indus_local220_M37_source_S009,346,0.391581,ka,178625
indus_local220_M37_source_S009,347,0.267919,kaṃ,63642
indus_local220_M37_source_S009,348,0.469901,ca,115151
indus_local220_M37_source_S009,349,0.273854,kaṃ,63642
indus_local220_M37_source_S009,350,0.294495,tha,7282
indus_local220_M37_source_S009,351,0.309933,ja,54817
indus_local220_M37_source_S009,352,0.271362,a,142095
indus_local220_M37_source_S009,353,0.233394,tha,7282
indus_local220_M37_source_S009,354,0.355821,kya,64056
indus_local220_M37_source_S009,355,0.387107,ca,115151
indus_local220_M37_source_S009,356,0.524513,dha,27165
indus_local220_M37_source_S009,357,0.359365,ma,14706
indus_local220_M37_source_S009,358,0.323635,tha,7282
indus_local220_M37_source_S009,359,0.535234,ā,15215
indus_local220_M37_source_S009,360,0.373929,tha,7282
indus_local220_M37_source_S009,361,0.269516,tha,7282
indus_local220_M37_source_S009,362,0.261548,tha,7282
indus_local220_M37_source_S009,363,0.300041,ka,178625
indus_local220_M37_source_S009,364,0.338547,tha,7282
indus_local220_M37_source_S009,365,0.265595,tha,7282
indus_local220_M37_source_S009,366,0.352030,a,172222
indus_local220_M37_source_S009,367,0.524260,pha,116887
indus_local220_M37_source_S009,368,0.244594,tha,7282
indus_local220_M37_source_S009,369,0.340284,kha,79871
indus_local220_M37_source_S009,370,0.248297,tha,7282
indus_local220_M37_source_S009,371,0.286798,a,142095
indus_local220_M37_source_S009,372,0.270970,tha,7282
indus_local220_M37_source_S009,373,0.338090,ga,170317
indus_local220_M37_source_S009,374,0.256014,tha,7282
indus_local220_M37_source_S009,375,0.333525,tha,7282
indus_local220_M37_source_S009,376,0.357152,ga,170317
indus_local220_M37_source_S009,377,0.351265,tha,7282
indus_local220_M37_source_S009,378,0.323364,a,142095
indus_local220_M37_source_S009,379,0.326518,tha,7282
indus_local220_M37_source_S009,380,0.315749,ja,54817
indus_local220_M37_source_S009,381,0.380721,ḍa,160373
indus_local220_M37_source_S009,382,0.270028,a,142095
indus_local220_M37_source_S009,383,0.296939,kaṃ,63642
indus_local220_M37_source_S009,384,0.252760,tha,7282
indus_local220_M37_source_S009,385,0.349229,pha,116887
indus_local220_M37_source_S009,386,0.538239,ja,102250
indus_local220_M37_source_S009,387,0.540861,aṃ,103450
indus_local220_M37_source_S009,388,0.339075,tha,7282
indus_local220_M37_source_S009,389,0.277048,ja,54817
indus_local220_M37_source_S009,390,0.553171,e,109437
indus_local220_M37_source_S009,391,0.306110,ja,102250
indus_local220_M37_source_S009,392,0.364323,a,108359
indus_local220_M37_source_S009,393,0.458563,ja,54817
indus_local220_M37_source_S009,394,0.515799,ka,124357
indus_local220_M37_source_S009,395,0.261617,tha,7282
indus_local220_M37_source_S009,396,0.313968,vyaṃ,149371
indus_local220_M37_source_S009,397,0.285045,tha,7282
indus_local220_M37_source_S009,398,0.471137,ja,54817
indus_local220_M37_source_S009,399,0.382329,ka,178625
indus_local220_M37_source_S009,400,0.363484,tha,7282
indus_local220_M37_source_S009,401,0.280343,tha,7282
indus_local220_M37_source_S009,402,0.326358,tha,7282
indus_local220_M37_source_S009,403,0.517709,dha,106599
indus_local220_M37_source_S009,404,0.358430,a,172222
indus_local220_M37_source_S009,405,0.275117,ja,54817
indus_local220_M37_source_S009,406,0.338835,ga,165598
indus_local220_M37_source_S009,407,0.502419,aṃ,133251
indus_local220_M37_source_S009,408,0.315847,tha,7282
indus_local220_M37_source_S009,409,0.340348,ja,54817
indus_local220_M37_source_S009,410,0.338641,tha,7282
indus_local220_M37_source_S009,411,0.520374,ka,161054
indus_local220_M37_source_S009,412,0.350230,pha,116887
indus_local220_M37_source_S009,413,0.268664,ma,14706
indus_local220_M37_source_S009,414,0.311065,kaṃ,63642
indus_local220_M37_source_S009,415,0.331903,tha,7282
indus_local220_M37_source_S009,416,0.541908,dha,175948
indus_local220_M37_source_S009,417,0.316297,kaṃ,63642
indus_local220_M37_source_S009,418,0.303720,tha,7282
indus_local220_M37_source_S009,419,0.497595,ma,130133
indus_local220_M37_source_S009,420,0.357683,tha,7282
indus_local220_M37_source_S009,421,0.349580,tha,7282
indus_local220_M37_source_S009,422,0.243191,tha,7282
indus_local220_M37_source_S009,423,0.521545,śa,154118
indus_local220_M37_source_S009,424,0.533422,ma,31334
indus_local220_M37_source_S009,425,0.246801,tha,7282
indus_local220_M37_source_S009,426,0.340646,ca,115151
indus_local220_M37_source_S009,427,0.333444,tha,7282
indus_local220_M37_source_S009,428,0.278276,tha,7282
indus_local220_M37_source_S009,429,0.542773,da,120903
indus_local220_M37_source_S009,430,0.296861,tha,7282
indus_local220_M37_source_S009,431,0.280081,tha,7282
indus_local220_M37_source_S009,432,0.260687,tha,7282
indus_local220_M37_source_S009,433,0.255623,e,39790
indus_local220_M37_source_S009,434,0.380545,tha,7282
indus_local220_M37_source_S009,435,0.267363,ca,115151
indus_local220_M37_source_S009,436,0.254533,ja,54817
indus_local220_M37_source_S009,437,0.451600,dha,142015
indus_local220_M37_source_S009,438,0.351576,kaṃ,63642
indus_local220_M37_source_S009,439,0.287288,tha,7282
indus_local220_M37_source_S009,440,0.265117,tha,7282
indus_local220_M37_source_S009,441,0.314001,ja,54817
indus_local220_M37_source_S009,442,0.494714,e,157056
indus_local220_M37_source_S009,443,0.313083,aṃ,103450
indus_local220_M37_source_S009,444,0.251135,tha,7282
indus_local220_M37_source_S009,445,0.387474,tha,7282
indus_local220_M37_source_S009,446,0.344093,ā,137368
indus_local220_M37_source_S009,447,0.321961,a,142095
indus_local220_M37_source_S009,448,0.389480,ja,54817
indus_local220_M37_source_S009,449,0.512983,laṃ,61130
indus_local220_M37_source_S009,450,0.363119,kaṃ,63642
indus_local220_M37_source_S009,451,0.257273,tha,7282
indus_local220_M37_source_S009,452,0.470499,vyaṃ,159494
indus_local220_M37_source_S009,453,0.480536,ḍhaṃ,27564
indus_local220_M37_source_S009,454,0.494317,mya,5475
indus_local220_M37_source_S009,455,0.259916,tha,7282
indus_local220_M37_source_S009,456,0.285249,tha,7282
indus_local220_M37_source_S009,457,0.244592,tha,7282
indus_local220_M37_source_S009,458,0.524582,la,73870
indus_local220_M37_source_S009,459,0.502033,ma,47747
indus_local220_M37_source_S009,460,0.481446,kaṃ,63642
indus_local220_M37_source_S009,461,0.311901,tha,7282
indus_local220_M37_source_S009,462,0.284070,tha,7282
indus_local220_M37_source_S009,463,0.252520,tha,7282
indus_local220_M37_source_S009,464,0.282784,tha,7282
indus_local220_M37_source_S009,465,0.512840,e,39790
indus_local220_M37_source_S009,466,0.302580,kaṃ,63642
indus_local220_M37_source_S009,467,0.309287,a,172222
indus_local220_M37_source_S009,468,0.518704,ā,15215
indus_local220_M37_source_S009,469,0.542353,da,1802
indus_local220_M37_source_S009,470,0.319444,pha,116887
indus_local220_M37_source_S009,471,0.244896,tha,7282
indus_local220_M37_source_S009,472,0.440398,ca,115151
indus_local220_M37_source_S009,473,0.334829,ja,54817
indus_local220_M37_source_S009,474,0.502544,a,108359
indus_local220_M37_source_S009,475,0.339577,vaṃ,129449
indus_local220_M37_source_S009,476,0.485883,ha,158004
indus_local220_M37_source_S009,477,0.300273,tha,7282
indus_local220_M37_source_S009,478,0.267278,tha,7282
indus_local220_M37_source_S009,479,0.320580,ja,54817
indus_local220_M37_source_S009,480,0.336886,tha,7282
indus_local220_M37_source_S009,481,0.527633,ma,95834
indus_local220_M37_source_S009,482,0.290014,la,73870
indus_local220_M37_source_S009,483,0.261820,kaṃ,63642
indus_local220_M37_source_S009,484,0.229514,tha,7282
indus_local220_M37_source_S009,485,0.272243,e,39790
indus_local220_M37_source_S009,486,0.428707,ka,178625
indus_local220_M37_source_S009,487,0.320565,tha,7282
indus_local220_M37_source_S009,488,0.521297,a,159784
indus_local220_M37_source_S009,489,0.340227,tha,7282
indus_local220_M37_source_S009,490,0.263669,ja,54817
indus_local220_M37_source_S009,491,0.263030,tha,7282
indus_local220_M37_source_S009,492,0.467357,aṃ,103450
indus_local220_M37_source_S009,493,0.491725,dha,142015
indus_local220_M37_source_S009,494,0.370536,kaṃ,63642
indus_local220_M37_source_S009,495,0.358269,pha,116887
indus_local220_M37_source_S009,496,0.517941,ka,178625
indus_local220_M37_source_S009,497,0.302551,tha,7282
indus_local220_M37_source_S009,498,0.320753,ga,170317
indus_local220_M37_source_S009,499,0.298103,tha,7282
indus_local220_H938_source_S010,0,0.608920,na,55185
indus_local220_H938_source_S010,1,0.479441,na,22414
indus_local220_H938_source_S010,2,0.455423,mya,5475
indus_local220_H938_source_S010,3,0.412970,sa,55221
indus_local220_H938_source_S010,4,0.499483,na,159832
indus_local220_H938_source_S010,5,0.573609,u,64095
indus_local220_H938_source_S010,6,0.784693,o,41186
indus_local220_H938_source_S010,7,0.706354,ta,98308
indus_local220_H938_source_S010,8,0.571246,ya,78697
indus_local220_H938_source_S010,9,0.795890,na,55185
indus_local220_H938_source_S010,10,0.767015,u,152447
indus_local220_H938_source_S010,11,0.541435,sa,55221
indus_local220_H938_source_S010,12,0.443967,ta,133585
indus_local220_H938_source_S010,13,0.604992,sa,55221
indus_local220_H938_source_S010,14,0.517239,da,169916
indus_local220_H938_source_S010,15,0.554847,ta,129417
indus_local220_H938_source_S010,16,0.454107,cha,80497
indus_local220_H938_source_S010,17,0.503693,ca,180533
indus_local220_H938_source_S010,18,0.422407,sa,91109
indus_local220_H938_source_S010,19,0.354835,ca,157576
indus_local220_H938_source_S010,20,0.339876,na,10441
indus_local220_H938_source_S010,21,0.387221,na,159832
indus_local220_H938_source_S010,22,0.503470,sa,127667
indus_local220_H938_source_S010,23,0.504532,na,176655
indus_local220_H938_source_S010,24,0.416874,pha,107454
indus_local220_H938_source_S010,25,0.591372,sa,44495
indus_local220_H938_source_S010,26,0.580615,va,137094
indus_local220_H938_source_S010,27,0.543772,vaṃ,102564
indus_local220_H938_source_S010,28,0.632408,ta,14086
indus_local220_H938_source_S010,29,0.552131,yva,31284
indus_local220_H938_source_S010,30,0.800014,na,17255
indus_local220_H938_source_S010,31,0.458476,kha,79871
indus_local220_H938_source_S010,32,0.742098,u,152447
indus_local220_H938_source_S010,33,0.422357,pha,116887
indus_local220_H938_source_S010,34,0.843422,raṃ,12503
indus_local220_H938_source_S010,35,0.791747,na,55185
indus_local220_H938_source_S010,36,0.424367,na,22414
indus_local220_H938_source_S010,37,0.431239,na,155807
indus_local220_H938_source_S010,38,0.592916,ha,98651
indus_local220_H938_source_S010,39,0.448083,o,71483
indus_local220_H938_source_S010,40,0.494430,ja,139964
indus_local220_H938_source_S010,41,0.601151,cha,173867
indus_local220_H938_source_S010,42,0.751122,ṣa,128820
indus_local220_H938_source_S010,43,0.708327,tra,98645
indus_local220_H938_source_S010,44,0.763615,ra,84301
indus_local220_H938_source_S010,45,0.513110,u,53910
indus_local220_H938_source_S010,46,0.459513,dha,142015
indus_local220_H938_source_S010,47,0.614698,sva,88850
indus_local220_H938_source_S010,48,0.593974,sa,55221
indus_local220_H938_source_S010,49,0.455600,na,136138
indus_local220_H938_source_S010,50,0.851431,ra,84301
indus_local220_H938_source_S010,51,0.483151,na,159832
indus_local220_H938_source_S010,52,0.408587,ca,117180
indus_local220_H938_source_S010,53,0.723603,vya,34781
indus_local220_H938_source_S010,54,0.840209,ra,84301
indus_local220_H938_source_S010,55,1.000000,a,105229
indus_local220_H938_source_S010,56,0.599090,na,21442
indus_local220_H938_source_S010,57,0.584327,sa,112782
indus_local220_H938_source_S010,58,0.825152,o,41186
indus_local220_H938_source_S010,59,0.462847,pa,47419
indus_local220_H938_source_S010,60,0.796829,va,103033
indus_local220_H938_source_S010,61,0.481071,na,49576
indus_local220_H938_source_S010,62,0.443240,sa,54302
indus_local220_H938_source_S010,63,0.889237,ra,84301
indus_local220_H938_source_S010,64,0.542839,u,69010
indus_local220_H938_source_S010,65,0.695937,vya,34781
indus_local220_H938_source_S010,66,0.781168,i,170865
indus_local220_H938_source_S010,67,0.693680,u,155490
indus_local220_H938_source_S010,68,0.419088,va,114021
indus_local220_H938_source_S010,69,0.681438,u,152447
indus_local220_H938_source_S010,70,0.489910,na,55185
indus_local220_H938_source_S010,71,0.726828,na,55185
indus_local220_H938_source_S010,72,0.543243,va,21805
indus_local220_H938_source_S010,73,0.795514,i,63349
indus_local220_H938_source_S010,74,0.465816,ja,133712
indus_local220_H938_source_S010,75,0.607154,va,137094
indus_local220_H938_source_S010,76,0.617271,a,108359
indus_local220_H938_source_S010,77,0.817440,ya,72173
indus_local220_H938_source_S010,78,0.636903,ca,144403
indus_local220_H938_source_S010,79,0.657311,u,152447
indus_local220_H938_source_S010,80,0.508299,va,103033
indus_local220_H938_source_S010,81,0.557899,sa,55221
indus_local220_H938_source_S010,82,0.457011,na,159832
indus_local220_H938_source_S010,83,0.666480,ña,168819
indus_local220_H938_source_S010,84,0.847155,u,152447
indus_local220_H938_source_S010,85,0.519885,spa,133897
indus_local220_H938_source_S010,86,0.803227,vya,10536
indus_local220_H938_source_S010,87,0.515096,dha,142015
indus_local220_H938_source_S010,88,0.473718,u,69010
indus_local220_H938_source_S010,89,0.577875,na,159832
indus_local220_H938_source_S010,90,0.752365,u,152447
indus_local220_H938_source_S010,91,0.460171,ā,56459
indus_local220_H938_source_S010,92,0.473438,a,108359
indus_local220_H938_source_S010,93,0.502867,ta,39112
indus_local220_H938_source_S010,94,0.378742,na,159832
indus_local220_H938_source_S010,95,0.545469,pa,59450
indus_local220_H938_source_S010,96,0.461071,kha,79871
indus_local220_H938_source_S010,97,0.774834,o,41186
indus_local220_H938_source_S010,98,0.514905,spa,133897
indus_local220_H938_source_S010,99,0.469898,na,49576
indus_local220_H938_source_S010,100,0.801049,u,152447
indus_local220_H938_source_S010,101,0.697922,ra,175320
indus_local220_H938_source_S010,102,0.531961,dra,60529
indus_local220_H938_source_S010,103,0.605484,pa,47419
indus_local220_H938_source_S010,104,0.785284,ha,64402
indus_local220_H938_source_S010,105,0.649637,ra,175320
indus_local220_H938_source_S010,106,0.509184,va,114021
indus_local220_H938_source_S010,107,0.564439,na,176655
indus_local220_H938_source_S010,108,0.685922,vya,10536
indus_local220_H938_source_S010,109,0.489625,sa,127667
indus_local220_H938_source_S010,110,0.338957,na,49576
indus_local220_H938_source_S010,111,0.436120,ḍa,160373
indus_local220_H938_source_S010,112,0.561586,ta,133585
indus_local220_H938_source_S010,113,0.769829,i,63349
indus_local220_H938_source_S010,114,0.461544,chaṃ,54948
indus_local220_H938_source_S010,115,0.515297,na,159832
indus_local220_H938_source_S010,116,0.400628,ca,117180
indus_local220_H938_source_S010,117,0.588252,na,176655
indus_local220_H938_source_S010,118,0.570783,na,176655
indus_local220_H938_source_S010,119,0.696612,ra,172720
indus_local220_H938_source_S010,120,0.776488,da,169916
indus_local220_H938_source_S010,121,0.444397,a,108359
indus_local220_H938_source_S010,122,0.488017,pa,152578
indus_local220_H938_source_S010,123,0.504172,pa,152578
indus_local220_H938_source_S010,124,0.699257,da,169916
indus_local220_H938_source_S010,125,0.754288,a,32058
indus_local220_H938_source_S010,126,0.546371,o,71483
indus_local220_H938_source_S010,127,0.470743,na,155807
indus_local220_H938_source_S010,128,0.559737,vya,34781
indus_local220_H938_source_S010,129,0.473177,va,21805
indus_local220_H938_source_S010,130,0.529370,ṇa,178769
indus_local220_H938_source_S010,131,0.509237,ya,86774
indus_local220_H938_source_S010,132,0.422449,va,21805
indus_local220_H938_source_S010,133,0.684764,ra,175320
indus_local220_H938_source_S010,134,0.626253,ña,168819
indus_local220_H938_source_S010,135,0.793356,i,63349
indus_local220_H938_source_S010,136,0.469142,a,108359
indus_local220_H938_source_S010,137,0.435946,kha,79871
indus_local220_H938_source_S010,138,0.487776,na,159832
indus_local220_H938_source_S010,139,0.575753,na,10441
indus_local220_H938_source_S010,140,0.543773,ta,133585
indus_local220_H938_source_S010,141,0.352384,vaṃ,129449
indus_local220_H938_source_S010,142,0.389088,ga,170317
indus_local220_H938_source_S010,143,0.556394,vya,10536
indus_local220_H938_source_S010,144,0.489748,na,176655
indus_local220_H938_source_S010,145,0.782022,u,84326
indus_local220_H938_source_S010,146,0.713343,i,63349
indus_local220_H938_source_S010,147,0.393972,na,159832
indus_local220_H938_source_S010,148,0.515147,ta,133585
indus_local220_H938_source_S010,149,0.519923,sa,110818
indus_local220_H938_source_S010,150,0.550328,taṃ,56303
indus_local220_H938_source_S010,151,0.489626,na,136138
indus_local220_H938_source_S010,152,0.420946,ja,54817
indus_local220_H938_source_S010,153,0.610109,ā,121287
indus_local220_H938_source_S010,154,0.495175,a,108359
indus_local220_H938_source_S010,155,0.584932,ā,71223
indus_local220_H938_source_S010,156,0.518030,ca,117180
indus_local220_H938_source_S010,157,0.546323,o,41186
indus_local220_H938_source_S010,158,0.485707,a,151016
indus_local220_H938_source_S010,159,0.822076,u,84326
indus_local220_H938_source_S010,160,0.440879,ca,157576
indus_local220_H938_source_S010,161,0.735587,sta,55114
indus_local220_H938_source_S010,162,0.381225,na,159832
indus_local220_H938_source_S010,163,0.610007,ca,34861
indus_local220_H938_source_S010,164,0.471928,u,155490
indus_local220_H938_source_S010,165,0.520268,ta,133585
indus_local220_H938_source_S010,166,0.501826,ḍa,90404
indus_local220_H938_source_S010,167,0.505049,mya,5475
indus_local220_H938_source_S010,168,0.525155,ja,139964
indus_local220_H938_source_S010,169,0.594130,a,71042
indus_local220_H938_source_S010,170,0.464966,vaṃ,129449
indus_local220_H938_source_S010,171,0.623742,spa,133897
indus_local220_H938_source_S010,172,0.582519,vra,170540
indus_local220_H938_source_S010,173,0.872827,o,41186
indus_local220_H938_source_S010,174,0.512079,cha,82151
indus_local220_H938_source_S010,175,0.436930,na,159832
indus_local220_H938_source_S010,176,0.735208,u,152447
indus_local220_H938_source_S010,177,0.570828,va,151282
indus_local220_H938_source_S010,178,0.542713,na,49576
indus_local220_H938_source_S010,179,0.780695,ra,84301
indus_local220_H938_source_S010,180,0.534162,pa,47419
indus_local220_H938_source_S010,181,0.700772,dra,60529
indus_local220_H938_source_S010,182,0.497166,cha,80497
indus_local220_H938_source_S010,183,0.717418,o,41186
indus_local220_H938_source_S010,184,0.562909,spa,133897
indus_local220_H938_source_S010,185,0.523177,u,155490
indus_local220_H938_source_S010,186,0.420625,tha,7282
indus_local220_H938_source_S010,187,0.439080,na,159832
indus_local220_H938_source_S010,188,0.777449,u,152447
indus_local220_H938_source_S010,189,0.749462,o,41186
indus_local220_H938_source_S010,190,0.566855,spa,133897
indus_local220_H938_source_S010,191,0.725804,ha,64402
indus_local220_H938_source_S010,192,0.489414,na,55185
indus_local220_H938_source_S010,193,0.493970,na,155807
indus_local220_H938_source_S010,194,0.535082,na,155807
indus_local220_H938_source_S010,195,0.710792,vya,10536
indus_local220_H938_source_S010,196,0.479734,na,159832
indus_local220_H938_source_S010,197,0.464266,na,176655
indus_local220_H938_source_S010,198,0.632007,spa,133897
indus_local220_H938_source_S010,199,0.464271,u,53910
indus_local220_H938_source_S010,200,0.519646,ja,139964
indus_local220_H938_source_S010,201,0.545169,kha,79871
indus_local220_H938_source_S010,202,0.565623,spa,133897
indus_local220_H938_source_S010,203,0.577443,spa,133897
indus_local220_H938_source_S010,204,0.476527,pa,152578
indus_local220_H938_source_S010,205,0.736012,i,63349
indus_local220_H938_source_S010,206,0.498997,vya,34781
indus_local220_H938_source_S010,207,0.447472,vaṃ,129449
indus_local220_H938_source_S010,208,0.447227,ga,170317
indus_local220_H938_source_S010,209,0.456330,sa,34801
indus_local220_H938_source_S010,210,0.551023,ghaṃ,154706
indus_local220_H938_source_S010,211,0.554171,sa,110818
indus_local220_H938_source_S010,212,0.554707,ja,139964
indus_local220_H938_source_S010,213,0.751372,u,152447
indus_local220_H938_source_S010,214,0.422035,na,159832
indus_local220_H938_source_S010,215,0.723310,o,41186
indus_local220_H938_source_S010,216,0.752358,i,63349
indus_local220_H938_source_S010,217,0.569433,u,157531
indus_local220_H938_source_S010,218,0.378235,ṣa,121553
indus_local220_H938_source_S010,219,0.541008,yvaṃ,167259
indus_local220_H938_source_S010,220,0.504107,ha,98651
indus_local220_H938_source_S010,221,0.562055,va,137094
indus_local220_H938_source_S010,222,0.490910,rsa,5578
indus_local220_H938_source_S010,223,0.502659,na,55185
indus_local220_H938_source_S010,224,0.760760,daṃ,71045
indus_local220_H938_source_S010,225,0.698661,naṃ,98993
indus_local220_H938_source_S010,226,0.738795,ta,98308
indus_local220_H938_source_S010,227,0.421160,na,17255
indus_local220_H938_source_S010,228,0.548092,ta,133585
indus_local220_H938_source_S010,229,0.574546,ta,129417
indus_local220_H938_source_S010,230,0.680294,yva,31284
indus_local220_H938_source_S010,231,0.468656,ma,14706
indus_local220_H938_source_S010,232,0.526084,cha,119216
indus_local220_H938_source_S010,233,0.721446,ra,84301
indus_local220_H938_source_S010,234,0.546415,na,159832
indus_local220_H938_source_S010,235,0.571138,va,137094
indus_local220_H938_source_S010,236,0.734444,i,63349
indus_local220_H938_source_S010,237,0.583062,va,103033
indus_local220_H938_source_S010,238,0.583895,yva,31284
indus_local220_H938_source_S010,239,0.401240,ca,171661
indus_local220_H938_source_S010,240,0.533385,ta,133585
indus_local220_H938_source_S010,241,0.427551,ta,133585
indus_local220_H938_source_S010,242,0.403422,ca,115151
indus_local220_H938_source_S010,243,0.466018,va,151282
indus_local220_H938_source_S010,244,0.386683,na,155807
indus_local220_H938_source_S010,245,0.771010,u,152447
indus_local220_H938_source_S010,246,0.569850,tra,98645
indus_local220_H938_source_S010,247,0.515885,va,103033
indus_local220_H938_source_S010,248,0.744701,dra,60529
indus_local220_H938_source_S010,249,0.594000,daṃ,71045
indus_local220_H938_source_S010,250,0.559300,na,136138
indus_local220_H938_source_S010,251,0.397619,va,114021
indus_local220_H938_source_S010,252,0.736036,na,55185
indus_local220_H938_source_S010,253,0.504118,vaṃ,129449
indus_local220_H938_source_S010,254,0.483419,na,176655
indus_local220_H938_source_S010,255,0.743110,ra,172720
indus_local220_H938_source_S010,256,0.776522,ra,175320
indus_local220_H938_source_S010,257,0.508981,ya,1637
indus_local220_H938_source_S010,258,0.656529,na,17255
indus_local220_H938_source_S010,259,0.529497,ra,175320
indus_local220_H938_source_S010,260,0.450794,sa,91109
indus_local220_H938_source_S010,261,0.876957,ra,84301
indus_local220_H938_source_S010,262,0.383299,ḍha,142557
indus_local220_H938_source_S010,263,0.479578,pa,47419
indus_local220_H938_source_S010,264,0.553743,cha,119216
indus_local220_H938_source_S010,265,0.703440,ra,172720
indus_local220_H938_source_S010,266,0.770452,ḍha,94316
indus_local220_H938_source_S010,267,0.754117,i,63349
indus_local220_H938_source_S010,268,0.484905,u,155490
indus_local220_H938_source_S010,269,0.518492,o,41186
indus_local220_H938_source_S010,270,0.447631,na,159832
indus_local220_H938_source_S010,271,0.415391,ca,117180
indus_local220_H938_source_S010,272,0.734742,i,48677
indus_local220_H938_source_S010,273,0.391422,na,159832
indus_local220_H938_source_S010,274,0.489399,va,114021
indus_local220_H938_source_S010,275,0.482359,na,17255
indus_local220_H938_source_S010,276,0.517450,na,155807
indus_local220_H938_source_S010,277,0.484911,vaṃ,129449
indus_local220_H938_source_S010,278,0.717104,na,176655
indus_local220_H938_source_S010,279,0.400895,sa,55221
indus_local220_H938_source_S010,280,0.734001,daṃ,71045
indus_local220_H938_source_S010,281,0.572942,va,21805
indus_local220_H938_source_S010,282,0.476274,ha,158004
indus_local220_H938_source_S010,283,0.474499,ja,145207
indus_local220_H938_source_S010,284,0.441582,u,69010
indus_local220_H938_source_S010,285,0.547070,dha,175948
indus_local220_H938_source_S010,286,0.464461,ṣa,150958
indus_local220_H938_source_S010,287,0.494796,ṣa,128820
indus_local220_H938_source_S010,288,0.477662,spa,133897
indus_local220_H938_source_S010,289,0.641535,vaṃ,129449
indus_local220_H938_source_S010,290,0.547316,ta,133585
indus_local220_H938_source_S010,291,0.500810,u,84326
indus_local220_H938_source_S010,292,0.543242,u,84326
indus_local220_H938_source_S010,293,0.417429,ja,133712
indus_local220_H938_source_S010,294,0.317206,sa,91109
indus_local220_H938_source_S010,295,0.565570,va,114021
indus_local220_H938_source_S010,296,0.554526,na,159832
indus_local220_H938_source_S010,297,0.754690,o,41186
indus_local220_H938_source_S010,298,0.857948,i,27349
indus_local220_H938_source_S010,299,0.468120,na,159832
indus_local220_H938_source_S010,300,0.791925,i,63349
indus_local220_H938_source_S010,301,0.725296,u,152447
indus_local220_H938_source_S010,302,0.618143,e,15575
indus_local220_H938_source_S010,303,0.728645,u,155490
indus_local220_H938_source_S010,304,0.471865,ca,171661
indus_local220_H938_source_S010,305,0.403634,ta,133585
indus_local220_H938_source_S010,306,0.484317,ṇaṃ,156004
indus_local220_H938_source_S010,307,0.569937,ca,180533
indus_local220_H938_source_S010,308,0.597601,ya,78697
indus_local220_H938_source_S010,309,0.498112,pa,47419
indus_local220_H938_source_S010,310,0.489530,na,159832
indus_local220_H938_source_S010,311,0.794292,o,41186
indus_local220_H938_source_S010,312,0.546972,va,21805
indus_local220_H938_source_S010,313,0.590171,ta,74870
indus_local220_H938_source_S010,314,0.498945,na,136138
indus_local220_H938_source_S010,315,0.567864,na,136138
indus_local220_H938_source_S010,316,0.610932,ca,180533
indus_local220_H938_source_S010,317,0.457757,u,64095
indus_local220_H938_source_S010,318,0.410076,a,172222
indus_local220_H938_source_S010,319,0.591334,ca,180533
indus_local220_H938_source_S010,320,0.480623,va,151282
indus_local220_H938_source_S010,321,0.533648,na,176655
indus_local220_H938_source_S010,322,0.503971,na,159832
indus_local220_H938_source_S010,323,0.560542,ha,98651
indus_local220_H938_source_S010,324,0.405055,ta,133585
indus_local220_H938_source_S010,325,0.687824,ta,98308
indus_local220_H938_source_S010,326,0.429001,cha,80497
indus_local220_H938_source_S010,327,0.385095,ta,133585
indus_local220_H938_source_S010,328,0.488787,ja,145207
indus_local220_H938_source_S010,329,0.514726,ḍha,142557
indus_local220_H938_source_S010,330,0.814056,vya,123545
indus_local220_H938_source_S010,331,0.381908,ḍa,160373
indus_local220_H938_source_S010,332,0.794605,i,63349
indus_local220_H938_source_S010,333,0.445402,va,51221
indus_local220_H938_source_S010,334,0.532470,na,17255
indus_local220_H938_source_S010,335,0.486303,pa,47419
indus_local220_H938_source_S010,336,0.623525,ta,97080
indus_local220_H938_source_S010,337,0.578063,dha,175948
indus_local220_H938_source_S010,338,0.541803,na,155807
indus_local220_H938_source_S010,339,0.668514,la,106002
indus_local220_H938_source_S010,340,0.378706,ḍha,142557
indus_local220_H938_source_S010,341,0.731448,da,169916
indus_local220_H938_source_S010,342,0.579198,sa,55221
indus_local220_H938_source_S010,343,0.586263,ḍha,70586
indus_local220_H938_source_S010,344,0.535988,taṃ,56303
indus_local220_H938_source_S010,345,0.435649,na,159832
indus_local220_H938_source_S010,346,0.578276,ha,124174
indus_local220_H938_source_S010,347,0.703886,ra,84301
indus_local220_H938_source_S010,348,0.407107,na,159832
indus_local220_H938_source_S010,349,0.441287,na,159832
indus_local220_H938_source_S010,350,0.570191,dha,142015
indus_local220_H938_source_S010,351,0.608476,pa,47419
indus_local220_H938_source_S010,352,0.462225,ca,17030
indus_local220_H938_source_S010,353,0.530247,sa,127667
indus_local220_H938_source_S010,354,0.426398,va,114021
indus_local220_H938_source_S010,355,0.765816,vya,34781
indus_local220_H938_source_S010,356,0.494735,na,55185
indus_local220_H938_source_S010,357,0.671126,u,84326
indus_local220_H938_source_S010,358,0.489661,ra,175320
indus_local220_H938_source_S010,359,0.379595,na,155807
indus_local220_H938_source_S010,360,0.840927,na,55185
indus_local220_H938_source_S010,361,0.430474,ṇaṃ,156004
indus_local220_H938_source_S010,362,0.509166,sa,54302
indus_local220_H938_source_S010,363,0.832581,ra,172720
indus_local220_H938_source_S010,364,0.748706,vya,34781
indus_local220_H938_source_S010,365,0.623552,ta,97080
indus_local220_H938_source_S010,366,0.747643,daṃ,71045
indus_local220_H938_source_S010,367,0.540362,vya,34781
indus_local220_H938_source_S010,368,0.780078,o,41186
indus_local220_H938_source_S010,369,0.771062,ra,84301
indus_local220_H938_source_S010,370,0.464538,na,159832
indus_local220_H938_source_S010,371,0.555491,kha,59640
indus_local220_H938_source_S010,372,0.510929,ta,133585
indus_local220_H938_source_S010,373,0.415282,na,159832
indus_local220_H938_source_S010,374,0.546974,gha,126923
indus_local220_H938_source_S010,375,0.475826,ya,1637
indus_local220_H938_source_S010,376,0.797126,vya,10536
indus_local220_H938_source_S010,377,0.776578,i,27349
indus_local220_H938_source_S010,378,0.507261,ja,139964
indus_local220_H938_source_S010,379,0.822005,saṃ,178578
indus_local220_H938_source_S010,380,0.623581,ña,168819
indus_local220_H938_source_S010,381,0.381587,na,155807
indus_local220_H938_source_S010,382,0.489546,na,55185
indus_local220_H938_source_S010,383,0.583663,va,21805
indus_local220_H938_source_S010,384,0.481668,sa,110818
indus_local220_H938_source_S010,385,0.519377,na,155807
indus_local220_H938_source_S010,386,0.803276,vya,10536
indus_local220_H938_source_S010,387,0.364005,ca,157576
indus_local220_H938_source_S010,388,0.587883,va,137094
indus_local220_H938_source_S010,389,0.458844,na,49576
indus_local220_H938_source_S010,390,0.445295,na,10441
indus_local220_H938_source_S010,391,0.732938,vya,10536
indus_local220_H938_source_S010,392,0.463399,spa,133897
indus_local220_H938_source_S010,393,0.698107,vya,122790
indus_local220_H938_source_S010,394,0.582167,ga,170317
indus_local220_H938_source_S010,395,0.700397,ra,84301
indus_local220_H938_source_S010,396,0.468291,ja,145207
indus_local220_H938_source_S010,397,0.654587,ya,1637
indus_local220_H938_source_S010,398,0.496522,na,17255
indus_local220_H938_source_S010,399,0.560066,chaṃ,54948
indus_local220_H938_source_S010,400,0.723060,u,155490
indus_local220_H938_source_S010,401,0.508541,na,159832
indus_local220_H938_source_S010,402,0.471796,da,120903
indus_local220_H938_source_S010,403,0.482120,o,71483
indus_local220_H938_source_S010,404,0.612926,ja,139964
indus_local220_H938_source_S010,405,0.575325,sva,169733
indus_local220_H938_source_S010,406,0.511378,ja,145207
indus_local220_H938_source_S010,407,0.484603,va,137094
indus_local220_H938_source_S010,408,0.409560,pha,9099
indus_local220_H938_source_S010,409,0.785757,ha,64402
indus_local220_H938_source_S010,410,0.394861,va,51221
indus_local220_H938_source_S010,411,0.428935,kha,79871
indus_local220_H938_source_S010,412,0.587025,va,114021
indus_local220_H938_source_S010,413,0.553244,dhaṃ,3551
indus_local220_H938_source_S010,414,0.479675,ya,27902
indus_local220_H938_source_S010,415,0.567828,na,17255
indus_local220_H938_source_S010,416,0.754978,dra,60529
indus_local220_H938_source_S010,417,0.522289,dha,175948
indus_local220_H938_source_S010,418,0.594684,vyaṃ,143138
indus_local220_H938_source_S010,419,0.434377,na,155807
indus_local220_H938_source_S010,420,0.600085,gha,159833
indus_local220_H938_source_S010,421,0.447063,ja,145207
indus_local220_H938_source_S010,422,0.685276,u,152447
indus_local220_H938_source_S010,423,0.462692,u,64095
indus_local220_H938_source_S010,424,0.521725,o,41186
indus_local220_H938_source_S010,425,0.772210,u,152447
indus_local220_H938_source_S010,426,0.533143,na,159832
indus_local220_H938_source_S010,427,0.586840,ta,74870
indus_local220_H938_source_S010,428,0.589344,na,55185
indus_local220_H938_source_S010,429,0.453796,vaṃ,129449
indus_local220_H938_source_S010,430,0.511389,caṃ,18133
indus_local220_H938_source_S010,431,0.803638,i,63349
indus_local220_H938_source_S010,432,0.386339,ya,1637
indus_local220_H938_source_S010,433,0.471049,kha,79871
indus_local220_H938_source_S010,434,0.400621,ca,157576
indus_local220_H938_source_S010,435,0.479009,mya,126769
indus_local220_H938_source_S010,436,0.562884,vaṃ,102564
indus_local220_H938_source_S010,437,0.773304,u,152447
indus_local220_H938_source_S010,438,0.582561,spa,133897
indus_local220_H938_source_S010,439,0.763262,ra,36943
indus_local220_H938_source_S010,440,0.574306,na,159832
indus_local220_H938_source_S010,441,0.634017,spa,133897
indus_local220_H938_source_S010,442,0.556207,a,108359
indus_local220_H938_source_S010,443,0.562513,mya,5475
indus_local220_H938_source_S010,444,0.809873,i,27349
indus_local220_H938_source_S010,445,0.451411,ta,133585
indus_local220_H938_source_S010,446,0.610815,ha,98651
indus_local220_H938_source_S010,447,0.823762,i,27349
indus_local220_H938_source_S010,448,0.568880,vyaṃ,159494
indus_local220_H938_source_S010,449,0.536295,a,9713
indus_local220_H938_source_S010,450,0.475717,na,176655
indus_local220_H938_source_S010,451,0.526792,u,53910
indus_local220_H938_source_S010,452,0.615907,sa,55221
indus_local220_H938_source_S010,453,0.533160,o,41186
indus_local220_H938_source_S010,454,0.582127,cha,173867
indus_local220_H938_source_S010,455,0.478881,ḍha,70586
indus_local220_H938_source_S010,456,0.330917,ma,131948
indus_local220_H938_source_S010,457,0.514833,e,98077
indus_local220_H938_source_S010,458,0.445973,na,155807
indus_local220_H938_source_S010,459,0.574211,ḍha,94316
indus_local220_H938_source_S010,460,0.461223,ca,157576
indus_local220_H938_source_S010,461,0.626277,ha,106230
indus_local220_H938_source_S010,462,0.604565,ta,97080
indus_local220_H938_source_S010,463,0.553296,na,176655
indus_local220_H938_source_S010,464,0.517306,sa,110818
indus_local220_H938_source_S010,465,0.738234,i,63349
indus_local220_H938_source_S010,466,0.505338,ka,124357
indus_local220_H938_source_S010,467,0.489751,rsa,73808
indus_local220_H938_source_S010,468,0.539365,o,71483
indus_local220_H938_source_S010,469,0.771528,u,84326
indus_local220_H938_source_S010,470,0.847752,na,17255
indus_local220_H938_source_S010,471,0.723199,vya,10536
indus_local220_H938_source_S010,472,0.886440,i,27349
indus_local220_H938_source_S010,473,0.472880,pa,47419
indus_local220_H938_source_S010,474,0.559447,ta,133585
indus_local220_H938_source_S010,475,0.765704,ha,64402
indus_local220_H938_source_S010,476,0.716883,ra,84301
indus_local220_H938_source_S010,477,0.651748,gha,159833
indus_local220_H938_source_S010,478,0.573550,a,142095
indus_local220_H938_source_S010,479,0.525790,u,53910
indus_local220_H938_source_S010,480,0.491775,na,159832
indus_local220_H938_source_S010,481,0.803263,ra,36943
indus_local220_H938_source_S010,482,0.396976,vaṃ,129449
indus_local220_H938_source_S010,483,0.552948,sa,110818
indus_local220_H938_source_S010,484,0.533598,u,155490
indus_local220_H938_source_S010,485,0.697510,ra,84301
indus_local220_H938_source_S010,486,0.505070,ta,153981
indus_local220_H938_source_S010,487,0.558501,ja,139964
indus_local220_H938_source_S010,488,0.878036,o,41186
indus_local220_H938_source_S010,489,0.416306,na,155807
indus_local220_H938_source_S010,490,0.513320,na,55185
indus_local220_H938_source_S010,491,0.522746,ya,56492
indus_local220_H938_source_S010,492,0.714698,da,169916
indus_local220_H938_source_S010,493,0.486662,sa,127667
indus_local220_H938_source_S010,494,0.533163,na,17255
indus_local220_H938_source_S010,495,0.557735,daṃ,71045
indus_local220_H938_source_S010,496,0.619299,a,151016
indus_local220_H938_source_S010,497,0.784977,ra,36943
indus_local220_H938_source_S010,498,0.623480,spa,133897
indus_local220_H938_source_S010,499,0.549934,vyaṃ,159494
indus_local220_H940_source_S011,0,0.660419,ha,64402
indus_local220_H940_source_S011,1,0.285142,tha,7282
indus_local220_H940_source_S011,2,0.377339,tha,7282
indus_local220_H940_source_S011,3,0.373658,tha,7282
indus_local220_H940_source_S011,4,0.429639,tha,7282
indus_local220_H940_source_S011,5,0.734646,a,37425
indus_local220_H940_source_S011,6,0.414621,ya,157672
indus_local220_H940_source_S011,7,0.347138,tha,7282
indus_local220_H940_source_S011,8,0.365399,kha,79871
indus_local220_H940_source_S011,9,0.321577,aṃ,133251
indus_local220_H940_source_S011,10,0.339297,ka,178625
indus_local220_H940_source_S011,11,0.652016,yvaṃ,2076
indus_local220_H940_source_S011,12,0.389847,tha,7282
indus_local220_H940_source_S011,13,0.399527,ka,178625
indus_local220_H940_source_S011,14,0.345001,tha,7282
indus_local220_H940_source_S011,15,0.624542,ka,124357
indus_local220_H940_source_S011,16,0.457856,tha,7282
indus_local220_H940_source_S011,17,0.360357,tha,7282
indus_local220_H940_source_S011,18,0.398366,sva,88850
indus_local220_H940_source_S011,19,0.653064,ha,9930
indus_local220_H940_source_S011,20,0.444596,ā,121287
indus_local220_H940_source_S011,21,0.684889,dra,60529
indus_local220_H940_source_S011,22,0.435387,tha,7282
indus_local220_H940_source_S011,23,0.386839,tha,7282
indus_local220_H940_source_S011,24,0.680730,chaṃ,54948
indus_local220_H940_source_S011,25,0.669403,ca,144184
indus_local220_H940_source_S011,26,0.668127,dha,145357
indus_local220_H940_source_S011,27,0.460783,ka,124357
indus_local220_H940_source_S011,28,0.339185,tha,7282
indus_local220_H940_source_S011,29,0.677328,dra,60529
indus_local220_H940_source_S011,30,0.382337,a,142095
indus_local220_H940_source_S011,31,0.422598,kha,79871
indus_local220_H940_source_S011,32,0.659339,yva,119797
indus_local220_H940_source_S011,33,0.415913,tha,7282
indus_local220_H940_source_S011,34,0.336443,tha,7282
indus_local220_H940_source_S011,35,0.467238,va,126694
indus_local220_H940_source_S011,36,0.438283,ga,170317
indus_local220_H940_source_S011,37,0.442309,vyaṃ,149371
indus_local220_H940_source_S011,38,0.369103,va,151282
indus_local220_H940_source_S011,39,0.616434,bha,27922
indus_local220_H940_source_S011,40,0.723788,a,107309
indus_local220_H940_source_S011,41,0.583025,sta,55114
indus_local220_H940_source_S011,42,0.295746,tha,7282
indus_local220_H940_source_S011,43,0.472904,tha,7282
indus_local220_H940_source_S011,44,0.611686,vya,122790
indus_local220_H940_source_S011,45,0.264809,tha,7282
indus_local220_H940_source_S011,46,0.478347,ya,157672
indus_local220_H940_source_S011,47,0.368735,tha,7282
indus_local220_H940_source_S011,48,0.370680,ca,115151
indus_local220_H940_source_S011,49,0.444765,va,126694
indus_local220_H940_source_S011,50,0.600843,sa,127667
indus_local220_H940_source_S011,51,0.337757,la,73870
indus_local220_H940_source_S011,52,0.356800,tha,7282
indus_local220_H940_source_S011,53,0.298295,tha,7282
indus_local220_H940_source_S011,54,0.453458,aṃ,103450
indus_local220_H940_source_S011,55,0.371740,vaṃ,129449
indus_local220_H940_source_S011,56,0.594457,ā,167462
indus_local220_H940_source_S011,57,0.655722,bha,32049
indus_local220_H940_source_S011,58,0.314676,e,39790
indus_local220_H940_source_S011,59,0.405497,ma,31334
indus_local220_H940_source_S011,60,0.413288,pha,116887
indus_local220_H940_source_S011,61,0.361953,tha,7282
indus_local220_H940_source_S011,62,0.388470,ā,121287
indus_local220_H940_source_S011,63,0.450014,pha,116887
indus_local220_H940_source_S011,64,0.446966,tha,7282
indus_local220_H940_source_S011,65,0.659463,kha,79871
indus_local220_H940_source_S011,66,0.640249,ya,56492
indus_local220_H940_source_S011,67,0.419280,tha,7282
indus_local220_H940_source_S011,68,0.311338,tha,7282
indus_local220_H940_source_S011,69,0.460281,tha,7282
indus_local220_H940_source_S011,70,0.353279,vaṃ,129449
indus_local220_H940_source_S011,71,0.477186,tha,7282
indus_local220_H940_source_S011,72,0.444189,tha,7282
indus_local220_H940_source_S011,73,0.324022,tha,7282
indus_local220_H940_source_S011,74,0.463483,ka,124357
indus_local220_H940_source_S011,75,0.358498,a,108359
indus_local220_H940_source_S011,76,0.639128,la,106002
indus_local220_H940_source_S011,77,0.334756,kha,79871
indus_local220_H940_source_S011,78,0.380194,ā,121287
indus_local220_H940_source_S011,79,0.258073,tha,7282
indus_local220_H940_source_S011,80,0.720079,taṃ,56303
indus_local220_H940_source_S011,81,0.427545,vyaṃ,149371
indus_local220_H940_source_S011,82,0.687224,e,92746
indus_local220_H940_source_S011,83,0.495642,tha,7282
indus_local220_H940_source_S011,84,0.624278,ca,115151
indus_local220_H940_source_S011,85,0.417612,ta,97080
indus_local220_H940_source_S011,86,0.409022,kha,79871
indus_local220_H940_source_S011,87,0.660952,ka,161054
indus_local220_H940_source_S011,88,0.429010,tha,7282
indus_local220_H940_source_S011,89,0.428056,tha,7282
indus_local220_H940_source_S011,90,0.680721,cya,141437
indus_local220_H940_source_S011,91,0.429791,tha,7282
indus_local220_H940_source_S011,92,0.465186,ya,56492
indus_local220_H940_source_S011,93,0.433361,pha,116887
indus_local220_H940_source_S011,94,0.436358,śa,50218
indus_local220_H940_source_S011,95,0.435139,tha,7282
indus_local220_H940_source_S011,96,0.399010,tha,7282
indus_local220_H940_source_S011,97,0.340548,tha,7282
indus_local220_H940_source_S011,98,0.282172,tha,7282
indus_local220_H940_source_S011,99,0.361910,kha,79871
indus_local220_H940_source_S011,100,0.463874,tha,7282
indus_local220_H940_source_S011,101,0.424117,tha,7282
indus_local220_H940_source_S011,102,0.449666,vaṃ,129449
indus_local220_H940_source_S011,103,0.286812,tha,7282
indus_local220_H940_source_S011,104,0.664679,ya,143163
indus_local220_H940_source_S011,105,0.391081,la,8373
indus_local220_H940_source_S011,106,0.339219,tha,7282
indus_local220_H940_source_S011,107,0.609518,ma,14706
indus_local220_H940_source_S011,108,0.345599,kha,79871
indus_local220_H940_source_S011,109,0.445013,ka,178625
indus_local220_H940_source_S011,110,0.668087,a,107309
indus_local220_H940_source_S011,111,0.639728,a,154518
indus_local220_H940_source_S011,112,0.400749,tha,7282
indus_local220_H940_source_S011,113,0.399612,vyaṃ,149371
indus_local220_H940_source_S011,114,0.656878,vyaṃ,149371
indus_local220_H940_source_S011,115,0.626974,ra,84301
indus_local220_H940_source_S011,116,0.405349,kha,79871
indus_local220_H940_source_S011,117,0.509043,tha,7282
indus_local220_H940_source_S011,118,0.619300,pha,137975
indus_local220_H940_source_S011,119,0.424799,kha,79871
indus_local220_H940_source_S011,120,0.456876,a,107309
indus_local220_H940_source_S011,121,0.309241,tha,7282
indus_local220_H940_source_S011,122,0.359979,tha,7282
indus_local220_H940_source_S011,123,0.693783,rva,129395
indus_local220_H940_source_S011,124,0.654132,ka,153797
indus_local220_H940_source_S011,125,0.363539,tha,7282
indus_local220_H940_source_S011,126,0.486076,tha,7282
indus_local220_H940_source_S011,127,0.668339,cha,119216
indus_local220_H940_source_S011,128,0.454503,ṇaṃ,54803
indus_local220_H940_source_S011,129,0.603621,ka,101741
indus_local220_H940_source_S011,130,0.394138,tha,7282
indus_local220_H940_source_S011,131,0.686755,va,9324
indus_local220_H940_source_S011,132,0.707142,kaṃ,63642
indus_local220_H940_source_S011,133,0.440060,tha,7282
indus_local220_H940_source_S011,134,0.467942,ja,102250
indus_local220_H940_source_S011,135,0.393088,la,73870
indus_local220_H940_source_S011,136,0.412055,ma,44079
indus_local220_H940_source_S011,137,0.277884,tha,7282
indus_local220_H940_source_S011,138,0.306220,tha,7282
indus_local220_H940_source_S011,139,0.670596,yva,31284
indus_local220_H940_source_S011,140,0.418739,ya,157672
indus_local220_H940_source_S011,141,0.483742,ṇaṃ,54803
indus_local220_H940_source_S011,142,0.400438,cha,5966
indus_local220_H940_source_S011,143,0.476597,ma,31334
indus_local220_H940_source_S011,144,0.434846,va,126694
indus_local220_H940_source_S011,145,0.473635,la,73870
indus_local220_H940_source_S011,146,0.648249,pa,156800
indus_local220_H940_source_S011,147,0.367294,tha,7282
indus_local220_H940_source_S011,148,0.694910,yva,119797
indus_local220_H940_source_S011,149,0.429045,tha,7282
indus_local220_H940_source_S011,150,0.323155,tha,7282
indus_local220_H940_source_S011,151,0.563534,sva,42254
indus_local220_H940_source_S011,152,0.376726,tha,7282
indus_local220_H940_source_S011,153,0.356436,ā,167462
indus_local220_H940_source_S011,154,0.354218,tha,7282
indus_local220_H940_source_S011,155,0.469395,ma,31334
indus_local220_H940_source_S011,156,0.419332,tha,7282
indus_local220_H940_source_S011,157,0.421918,tha,7282
indus_local220_H940_source_S011,158,0.307154,tha,7282
indus_local220_H940_source_S011,159,0.666506,laṃ,734
indus_local220_H940_source_S011,160,0.411281,ā,121287
indus_local220_H940_source_S011,161,0.451873,tha,7282
indus_local220_H940_source_S011,162,0.645427,ca,144184
indus_local220_H940_source_S011,163,0.493821,ja,54817
indus_local220_H940_source_S011,164,0.642386,ka,161054
indus_local220_H940_source_S011,165,0.415180,ka,58978
indus_local220_H940_source_S011,166,0.373907,la,73870
indus_local220_H940_source_S011,167,0.468903,tha,7282
indus_local220_H940_source_S011,168,0.329138,tha,7282
indus_local220_H940_source_S011,169,0.461050,e,130437
indus_local220_H940_source_S011,170,0.443908,pha,116887
indus_local220_H940_source_S011,171,0.466516,ma,131948
indus_local220_H940_source_S011,172,0.399041,va,151282
indus_local220_H940_source_S011,173,0.395659,tha,7282
indus_local220_H940_source_S011,174,0.651721,caṃ,143448
indus_local220_H940_source_S011,175,0.659490,ka,168719
indus_local220_H940_source_S011,176,0.759994,ka,151873
indus_local220_H940_source_S011,177,0.664453,ka,168719
indus_local220_H940_source_S011,178,0.368743,tha,7282
indus_local220_H940_source_S011,179,0.673766,pa,59450
indus_local220_H940_source_S011,180,0.603056,dra,60529
indus_local220_H940_source_S011,181,0.297344,aṃ,133251
indus_local220_H940_source_S011,182,0.422605,ā,56459
indus_local220_H940_source_S011,183,0.467582,ma,14706
indus_local220_H940_source_S011,184,0.542625,vya,122790
indus_local220_H940_source_S011,185,0.650239,rka,137501
indus_local220_H940_source_S011,186,0.698856,ma,20658
indus_local220_H940_source_S011,187,0.306590,tha,7282
indus_local220_H940_source_S011,188,0.426030,ya,1637
indus_local220_H940_source_S011,189,0.392559,tha,7282
indus_local220_H940_source_S011,190,0.402004,ka,178625
indus_local220_H940_source_S011,191,0.397086,la,73870
indus_local220_H940_source_S011,192,0.402242,tha,7282
indus_local220_H940_source_S011,193,0.344160,tha,7282
indus_local220_H940_source_S011,194,0.373600,tha,7282
indus_local220_H940_source_S011,195,0.399244,ā,167462
indus_local220_H940_source_S011,196,0.430294,gha,159833
indus_local220_H940_source_S011,197,0.487004,yvaṃ,2076
indus_local220_H940_source_S011,198,0.376558,tha,7282
indus_local220_H940_source_S011,199,0.650754,kra,104936
indus_local220_H940_source_S011,200,0.617075,ka,58978
indus_local220_H940_source_S011,201,0.681002,la,51323
indus_local220_H940_source_S011,202,0.458865,kha,79871
indus_local220_H940_source_S011,203,0.701217,bha,27922
indus_local220_H940_source_S011,204,0.718550,ka,58978
indus_local220_H940_source_S011,205,0.645527,pha,137975
indus_local220_H940_source_S011,206,0.458522,yvaṃ,2076
indus_local220_H940_source_S011,207,0.451488,tha,7282
indus_local220_H940_source_S011,208,0.455406,kha,79871
indus_local220_H940_source_S011,209,0.616454,vaṃ,96443
indus_local220_H940_source_S011,210,0.419464,ya,27902
indus_local220_H940_source_S011,211,0.629709,ka,161054
indus_local220_H940_source_S011,212,0.450109,kha,79871
indus_local220_H940_source_S011,213,0.442878,tha,7282
indus_local220_H940_source_S011,214,0.354234,tha,7282
indus_local220_H940_source_S011,215,0.397537,ga,170317
indus_local220_H940_source_S011,216,0.314265,ā,56459
indus_local220_H940_source_S011,217,0.689777,spa,133897
indus_local220_H940_source_S011,218,0.618580,va,103033
indus_local220_H940_source_S011,219,0.443629,ka,124357
indus_local220_H940_source_S011,220,0.652217,ghaṃ,154706
indus_local220_H940_source_S011,221,0.492015,ya,157672
indus_local220_H940_source_S011,222,0.313744,tha,7282
indus_local220_H940_source_S011,223,0.690506,sva,131294
indus_local220_H940_source_S011,224,0.425006,aṃ,133251
indus_local220_H940_source_S011,225,0.634393,yaṃ,158000
indus_local220_H940_source_S011,226,0.430874,tha,7282
indus_local220_H940_source_S011,227,0.407139,a,107309
indus_local220_H940_source_S011,228,0.406367,ya,157672
indus_local220_H940_source_S011,229,0.673610,ka,124357
indus_local220_H940_source_S011,230,0.456595,tha,7282
indus_local220_H940_source_S011,231,0.431884,ya,157672
indus_local220_H940_source_S011,232,0.405310,tha,7282
indus_local220_H940_source_S011,233,0.647017,pa,59450
indus_local220_H940_source_S011,234,0.479756,a,95955
indus_local220_H940_source_S011,235,0.605896,ka,101741
indus_local220_H940_source_S011,236,0.434469,tha,7282
indus_local220_H940_source_S011,237,0.640198,i,13568
indus_local220_H940_source_S011,238,0.422433,ma,44079
indus_local220_H940_source_S011,239,0.675449,rva,79440
indus_local220_H940_source_S011,240,0.628830,ghaṃ,154706
indus_local220_H940_source_S011,241,0.312861,tha,7282
indus_local220_H940_source_S011,242,0.426697,kha,79871
indus_local220_H940_source_S011,243,0.653657,ka,161054
indus_local220_H940_source_S011,244,0.358752,tha,7282
indus_local220_H940_source_S011,245,0.645057,ā,71223
indus_local220_H940_source_S011,246,0.298422,tha,7282
indus_local220_H940_source_S011,247,0.398494,ya,157672
indus_local220_H940_source_S011,248,0.265047,tha,7282
indus_local220_H940_source_S011,249,0.385764,ka,161054
indus_local220_H940_source_S011,250,0.329915,tha,7282
indus_local220_H940_source_S011,251,0.351811,tha,7282
indus_local220_H940_source_S011,252,0.324706,kha,79871
indus_local220_H940_source_S011,253,0.709586,bha,2631
indus_local220_H940_source_S011,254,0.635518,spa,133897
indus_local220_H940_source_S011,255,0.390702,ma,44079
indus_local220_H940_source_S011,256,0.641752,kra,104936
indus_local220_H940_source_S011,257,0.468059,tha,7282
indus_local220_H940_source_S011,258,0.337785,tha,7282
indus_local220_H940_source_S011,259,0.688740,ka,168719
indus_local220_H940_source_S011,260,0.615065,ta,14086
indus_local220_H940_source_S011,261,0.650919,ā,167462
indus_local220_H940_source_S011,262,0.457104,tha,7282
indus_local220_H940_source_S011,263,0.333726,tha,7282
indus_local220_H940_source_S011,264,0.471295,śa,50218
indus_local220_H940_source_S011,265,0.464660,ca,163423
indus_local220_H940_source_S011,266,0.467956,ca,115151
indus_local220_H940_source_S011,267,0.361092,tha,7282
indus_local220_H940_source_S011,268,0.615285,sva,131399
indus_local220_H940_source_S011,269,0.621853,ya,109507
indus_local220_H940_source_S011,270,0.361582,ṇaṃ,54803
indus_local220_H940_source_S011,271,0.267297,tha,7282
indus_local220_H940_source_S011,272,0.668768,ka,168719
indus_local220_H940_source_S011,273,0.448589,a,172222
indus_local220_H940_source_S011,274,0.348768,tha,7282
indus_local220_H940_source_S011,275,0.649751,ā,121287
indus_local220_H940_source_S011,276,0.604318,kaṃ,63642
indus_local220_H940_source_S011,277,0.285151,tha,7282
indus_local220_H940_source_S011,278,0.322132,tha,7282
indus_local220_H940_source_S011,279,0.494592,vya,122790
indus_local220_H940_source_S011,280,0.296806,tha,7282
indus_local220_H940_source_S011,281,0.284634,e,157056
indus_local220_H940_source_S011,282,0.649698,bha,169231
indus_local220_H940_source_S011,283,0.414374,ca,163423
indus_local220_H940_source_S011,284,0.699576,ta,14086
indus_local220_H940_source_S011,285,0.288792,tha,7282
indus_local220_H940_source_S011,286,0.614385,ā,127351
indus_local220_H940_source_S011,287,0.659550,ka,161054
indus_local220_H940_source_S011,288,0.367273,ya,1637
indus_local220_H940_source_S011,289,0.468307,tha,7282
indus_local220_H940_source_S011,290,0.376655,tha,7282
indus_local220_H940_source_S011,291,0.350669,vyaṃ,149371
indus_local220_H940_source_S011,292,0.600091,sva,131399
indus_local220_H940_source_S011,293,0.313205,tha,7282
indus_local220_H940_source_S011,294,0.660701,sta,55114
indus_local220_H940_source_S011,295,0.370420,vya,122790
indus_local220_H940_source_S011,296,0.389835,va,151282
indus_local220_H940_source_S011,297,0.413850,tha,7282
indus_local220_H940_source_S011,298,0.354899,tha,7282
indus_local220_H940_source_S011,299,0.444749,vaṃ,129449
indus_local220_H940_source_S011,300,0.420419,yvaṃ,2076
indus_local220_H940_source_S011,301,0.437058,śa,50218
indus_local220_H940_source_S011,302,0.364554,tha,7282
indus_local220_H940_source_S011,303,0.484910,ya,1637
indus_local220_H940_source_S011,304,0.639924,ka,161054
indus_local220_H940_source_S011,305,0.689697,gha,159833
indus_local220_H940_source_S011,306,0.388087,kha,79871
indus_local220_H940_source_S011,307,0.298670,tha,7282
indus_local220_H940_source_S011,308,0.461618,tha,7282
indus_local220_H940_source_S011,309,0.362801,ka,178625
indus_local220_H940_source_S011,310,0.655799,yaṃ,158000
indus_local220_H940_source_S011,311,0.483312,tha,7282
indus_local220_H940_source_S011,312,0.428058,tha,7282
indus_local220_H940_source_S011,313,0.495303,ma,31334
indus_local220_H940_source_S011,314,0.443315,tha,7282
indus_local220_H940_source_S011,315,0.460669,ta,133585
indus_local220_H940_source_S011,316,0.679224,rsa,73808
indus_local220_H940_source_S011,317,0.299561,kha,79871
indus_local220_H940_source_S011,318,0.308030,tha,7282
indus_local220_H940_source_S011,319,0.609892,yvaṃ,2076
indus_local220_H940_source_S011,320,0.444973,dha,142015
indus_local220_H940_source_S011,321,0.389447,bha,75757
indus_local220_H940_source_S011,322,0.386262,tha,7282
indus_local220_H940_source_S011,323,0.492916,sva,88850
indus_local220_H940_source_S011,324,0.324218,tha,7282
indus_local220_H940_source_S011,325,0.468737,ba,49257
indus_local220_H940_source_S011,326,0.447790,ca,115151
indus_local220_H940_source_S011,327,0.638005,haṃ,87572
indus_local220_H940_source_S011,328,0.307104,tha,7282
indus_local220_H940_source_S011,329,0.429976,ya,19492
indus_local220_H940_source_S011,330,0.495851,ma,31334
indus_local220_H940_source_S011,331,0.299493,tha,7282
indus_local220_H940_source_S011,332,0.463610,tha,7282
indus_local220_H940_source_S011,333,0.422445,la,73870
indus_local220_H940_source_S011,334,0.603666,ka,161054
indus_local220_H940_source_S011,335,0.603046,ka,161054
indus_local220_H940_source_S011,336,0.444605,a,90977
indus_local220_H940_source_S011,337,0.303270,tha,7282
indus_local220_H940_source_S011,338,0.339760,tha,7282
indus_local220_H940_source_S011,339,0.320914,tha,7282
indus_local220_H940_source_S011,340,0.319138,tha,7282
indus_local220_H940_source_S011,341,0.354519,tha,7282
indus_local220_H940_source_S011,342,0.411840,ka,124357
indus_local220_H940_source_S011,343,0.457525,tha,7282
indus_local220_H940_source_S011,344,0.451402,ā,167462
indus_local220_H940_source_S011,345,0.327372,tha,7282
indus_local220_H940_source_S011,346,0.425588,ya,19492
indus_local220_H940_source_S011,347,0.331251,tha,7282
indus_local220_H940_source_S011,348,0.450903,tha,7282
indus_local220_H940_source_S011,349,0.474339,tha,7282
indus_local220_H940_source_S011,350,0.365697,yvaṃ,2076
indus_local220_H940_source_S011,351,0.333899,tha,7282
indus_local220_H940_source_S011,352,0.398459,vyaṃ,149371
indus_local220_H940_source_S011,353,0.382987,tha,7282
indus_local220_H940_source_S011,354,0.415090,ta,133585
indus_local220_H940_source_S011,355,0.410813,tha,7282
indus_local220_H940_source_S011,356,0.626317,sa,127667
indus_local220_H940_source_S011,357,0.463555,vyaṃ,149371
indus_local220_H940_source_S011,358,0.243427,tha,7282
indus_local220_H940_source_S011,359,0.293709,tha,7282
indus_local220_H940_source_S011,360,0.361108,tha,7282
indus_local220_H940_source_S011,361,0.458917,tha,7282
indus_local220_H940_source_S011,362,0.446288,ma,14706
indus_local220_H940_source_S011,363,0.500498,tha,7282
indus_local220_H940_source_S011,364,0.338808,tha,7282
indus_local220_H940_source_S011,365,0.296986,tha,7282
indus_local220_H940_source_S011,366,0.289043,tha,7282
indus_local220_H940_source_S011,367,0.449552,tha,7282
indus_local220_H940_source_S011,368,0.437078,kya,64056
indus_local220_H940_source_S011,369,0.481790,tha,7282
indus_local220_H940_source_S011,370,0.678742,bha,2631
indus_local220_H940_source_S011,371,0.427629,ya,1637
indus_local220_H940_source_S011,372,0.640009,ya,144796
indus_local220_H940_source_S011,373,0.591161,gha,126923
indus_local220_H940_source_S011,374,0.610106,vya,164100
indus_local220_H940_source_S011,375,0.354195,tha,7282
indus_local220_H940_source_S011,376,0.651919,ā,167462
indus_local220_H940_source_S011,377,0.516866,tha,7282
indus_local220_H940_source_S011,378,0.481604,tha,7282
indus_local220_H940_source_S011,379,0.409196,a,90977
indus_local220_H940_source_S011,380,0.400948,a,142095
indus_local220_H940_source_S011,381,0.679698,da,20114
indus_local220_H940_source_S011,382,0.460937,tha,7282
indus_local220_H940_source_S011,383,0.483669,a,108359
indus_local220_H940_source_S011,384,0.359004,tha,7282
indus_local220_H940_source_S011,385,0.591325,ā,167462
indus_local220_H940_source_S011,386,0.251725,tha,7282
indus_local220_H940_source_S011,387,0.327715,tha,7282
indus_local220_H940_source_S011,388,0.644960,mya,126769
indus_local220_H940_source_S011,389,0.643493,laṃ,61130
indus_local220_H940_source_S011,390,0.397249,tha,7282
indus_local220_H940_source_S011,391,0.290852,tha,7282
indus_local220_H940_source_S011,392,0.402677,vyaṃ,149371
indus_local220_H940_source_S011,393,0.419635,ya,1637
indus_local220_H940_source_S011,394,0.427848,la,131620
indus_local220_H940_source_S011,395,0.431077,ka,58978
indus_local220_H940_source_S011,396,0.405107,ya,1637
indus_local220_H940_source_S011,397,0.405189,la,73870
indus_local220_H940_source_S011,398,0.656316,ca,109608
indus_local220_H940_source_S011,399,0.647754,ā,121287
indus_local220_H940_source_S011,400,0.462798,ma,14706
indus_local220_H940_source_S011,401,0.403692,tha,7282
indus_local220_H940_source_S011,402,0.652624,pha,137975
indus_local220_H940_source_S011,403,0.387886,a,142095
indus_local220_H940_source_S011,404,0.656434,pha,137975
indus_local220_H940_source_S011,405,0.706693,kya,54180
indus_local220_H940_source_S011,406,0.462491,tha,7282
indus_local220_H940_source_S011,407,0.341847,tha,7282
indus_local220_H940_source_S011,408,0.376088,tha,7282
indus_local220_H940_source_S011,409,0.668541,ha,30056
indus_local220_H940_source_S011,410,0.645374,ā,121287
indus_local220_H940_source_S011,411,0.643952,ka,168719
indus_local220_H940_source_S011,412,0.295831,tha,7282
indus_local220_H940_source_S011,413,0.408914,ma,14706
indus_local220_H940_source_S011,414,0.640378,ka,124357
indus_local220_H940_source_S011,415,0.307930,tha,7282
indus_local220_H940_source_S011,416,0.339407,tha,7282
indus_local220_H940_source_S011,417,0.601156,ka,161054
indus_local220_H940_source_S011,418,0.447710,tha,7282
indus_local220_H940_source_S011,419,0.649490,ā,167462
indus_local220_H940_source_S011,420,0.454753,sa,112782
indus_local220_H940_source_S011,421,0.409598,tha,7282
indus_local220_H940_source_S011,422,0.627038,ka,101741
indus_local220_H940_source_S011,423,0.693272,laṃ,734
indus_local220_H940_source_S011,424,0.558853,paṃ,9717
indus_local220_H940_source_S011,425,0.454034,vyaṃ,149371
indus_local220_H940_source_S011,426,0.388090,ma,14706
indus_local220_H940_source_S011,427,0.434590,cha,5966
indus_local220_H940_source_S011,428,0.510872,ā,56459
indus_local220_H940_source_S011,429,0.432970,ka,161054
indus_local220_H940_source_S011,430,0.498373,va,126694
indus_local220_H940_source_S011,431,0.458252,ca,163423
indus_local220_H940_source_S011,432,0.377310,tha,7282
indus_local220_H940_source_S011,433,0.333181,tha,7282
indus_local220_H940_source_S011,434,0.379034,ka,178625
indus_local220_H940_source_S011,435,0.299714,ma,14706
indus_local220_H940_source_S011,436,0.446621,tha,7282
indus_local220_H940_source_S011,437,0.593541,sta,55114
indus_local220_H940_source_S011,438,0.624083,ā,121287
indus_local220_H940_source_S011,439,0.357793,tha,7282
indus_local220_H940_source_S011,440,0.661956,pa,652
indus_local220_H940_source_S011,441,0.339773,tha,7282
indus_local220_H940_source_S011,442,0.325774,tha,7282
indus_local220_H940_source_S011,443,0.675441,ā,167462
indus_local220_H940_source_S011,444,0.438605,ka,124357
indus_local220_H940_source_S011,445,0.680902,ka,168719
indus_local220_H940_source_S011,446,0.459909,vaṃ,129449
indus_local220_H940_source_S011,447,0.407158,ma,36478
indus_local220_H940_source_S011,448,0.614685,yaṃ,158000
indus_local220_H940_source_S011,449,0.594064,ka,101741
indus_local220_H940_source_S011,450,0.392760,tha,7282
indus_local220_H940_source_S011,451,0.406366,tha,7282
indus_local220_H940_source_S011,452,0.489295,ma,14706
indus_local220_H940_source_S011,453,0.299381,a,142095
indus_local220_H940_source_S011,454,0.455502,tha,7282
indus_local220_H940_source_S011,455,0.406472,ā,167462
indus_local220_H940_source_S011,456,0.388824,tha,7282
indus_local220_H940_source_S011,457,0.368980,ka,178625
indus_local220_H940_source_S011,458,0.469089,kha,77211
indus_local220_H940_source_S011,459,0.615459,pha,116887
indus_local220_H940_source_S011,460,0.266110,tha,7282
indus_local220_H940_source_S011,461,0.370165,ma,14706
indus_local220_H940_source_S011,462,0.414135,ka,124357
indus_local220_H940_source_S011,463,0.357994,tha,7282
indus_local220_H940_source_S011,464,0.602262,ghaṃ,154706
indus_local220_H940_source_S011,465,0.630602,ka,161054
indus_local220_H940_source_S011,466,0.480460,tha,7282
indus_local220_H940_source_S011,467,0.640701,ka,124357
indus_local220_H940_source_S011,468,0.282506,tha,7282
indus_local220_H940_source_S011,469,0.421522,tha,7282
indus_local220_H940_source_S011,470,0.444120,ā,127351
indus_local220_H940_source_S011,471,0.311233,vaṃ,129449
indus_local220_H940_source_S011,472,0.495649,e,109437
indus_local220_H940_source_S011,473,0.472951,kha,79871
indus_local220_H940_source_S011,474,0.350761,a,108359
indus_local220_H940_source_S011,475,0.631818,sta,55114
indus_local220_H940_source_S011,476,0.488826,tha,7282
indus_local220_H940_source_S011,477,0.439490,ma,131948
indus_local220_H940_source_S011,478,0.387462,tha,7282
indus_local220_H940_source_S011,479,0.450499,cha,5966
indus_local220_H940_source_S011,480,0.275954,kha,79871
indus_local220_H940_source_S011,481,0.631341,ka,161054
indus_local220_H940_source_S011,482,0.301791,tha,7282
indus_local220_H940_source_S011,483,0.641021,pha,137975
indus_local220_H940_source_S011,484,0.361398,vaṃ,129449
indus_local220_H940_source_S011,485,0.688813,pha,137975
indus_local220_H940_source_S011,486,0.325883,a,90977
indus_local220_H940_source_S011,487,0.271569,tha,7282
indus_local220_H940_source_S011,488,0.489223,tha,7282
indus_local220_H940_source_S011,489,0.479062,ta,97080
indus_local220_H940_source_S011,490,0.447884,ā,167462
indus_local220_H940_source_S011,491,0.393192,ga,170317
indus_local220_H940_source_S011,492,0.687714,ka,161054
indus_local220_H940_source_S011,493,0.308777,tha,7282
indus_local220_H940_source_S011,494,0.638812,sva,131294
indus_local220_H940_source_S011,495,0.651390,ka,101741
indus_local220_H940_source_S011,496,0.359861,ā,56459
indus_local220_H940_source_S011,497,0.369046,tha,7282
indus_local220_H940_source_S011,498,0.338322,ka,178625
indus_local220_H940_source_S011,499,0.310576,tha,7282
indus_local110_H2148_source,0,0.463325,ā,56459
indus_local110_H2148_source,1,0.442616,tha,7282
indus_local110_H2148_source,2,0.458322,tha,7282
indus_local110_H2148_source,3,0.633014,ka,101741
indus_local110_H2148_source,4,0.433654,ā,56459
indus_local110_H2148_source,5,0.625675,ka,128303
indus_local110_H2148_source,6,0.392717,ā,56459
indus_local110_H2148_source,7,0.599035,ka,168719
indus_local110_H2148_source,8,0.363175,ā,56459
indus_local110_H2148_source,9,0.614676,cha,82151
indus_local110_H2148_source,10,0.564608,ka,101741
indus_local110_H2148_source,11,0.608169,ta,155694
indus_local110_H2148_source,12,0.499530,ka,124357
indus_local110_H2148_source,13,0.372830,tha,7282
indus_local110_H2148_source,14,0.411277,ā,56459
indus_local110_H2148_source,15,0.606206,ra,95545
indus_local110_H2148_source,16,0.432352,a,9713
indus_local110_H2148_source,17,0.454205,a,142095
indus_local110_H2148_source,18,0.546102,ḍa,90404
indus_local110_H2148_source,19,0.468685,ā,56459
indus_local110_H2148_source,20,0.448489,ka,124357
indus_local110_H2148_source,21,0.535832,ta,155694
indus_local110_H2148_source,22,0.442344,a,142095
indus_local110_H2148_source,23,0.399000,ḍa,160373
indus_local110_H2148_source,24,0.459132,a,142095
indus_local110_H2148_source,25,0.397620,tha,7282
indus_local110_H2148_source,26,0.453610,a,172222
indus_local110_H2148_source,27,0.373737,ḍa,149007
indus_local110_H2148_source,28,0.349311,kaṃ,63642
indus_local110_H2148_source,29,0.447660,ā,137368
indus_local110_H2148_source,30,0.418454,ā,56459
indus_local110_H2148_source,31,0.327822,ā,56459
indus_local110_H2148_source,32,0.488029,kaṃ,63642
indus_local110_H2148_source,33,0.396015,tha,7282
indus_local110_H2148_source,34,0.379808,ja,102250
indus_local110_H2148_source,35,0.419869,ā,56459
indus_local110_H2148_source,36,0.644870,a,107309
indus_local110_H2148_source,37,0.381102,a,9713
indus_local110_H2148_source,38,0.435998,ja,54817
indus_local110_H2148_source,39,0.533772,vya,10536
indus_local110_H2148_source,40,0.578549,bha,32049
indus_local110_H2148_source,41,0.410117,e,39790
indus_local110_H2148_source,42,0.414632,ga,170317
indus_local110_H2148_source,43,0.460936,a,142095
indus_local110_H2148_source,44,0.383905,ga,170317
indus_local110_H2148_source,45,0.637556,ka,128303
indus_local110_H2148_source,46,0.473399,ā,56459
indus_local110_H2148_source,47,0.434808,na,55185
indus_local110_H2148_source,48,0.385808,ḍa,160373
indus_local110_H2148_source,49,0.477112,e,39790
indus_local110_H2148_source,50,0.441296,ā,56459
indus_local110_H2148_source,51,0.620731,va,51221
indus_local110_H2148_source,52,0.396958,a,172222
indus_local110_H2148_source,53,0.594840,da,117569
indus_local110_H2148_source,54,0.471122,ka,124357
indus_local110_H2148_source,55,0.373148,a,9713
indus_local110_H2148_source,56,0.450411,a,142095
indus_local110_H2148_source,57,0.464850,ka,161054
indus_local110_H2148_source,58,0.588379,sa,66433
indus_local110_H2148_source,59,0.415407,aṃ,133251
indus_local110_H2148_source,60,0.437925,kha,94084
indus_local110_H2148_source,61,0.373536,ā,56459
indus_local110_H2148_source,62,0.515660,a,142095
indus_local110_H2148_source,63,0.457339,ka,124357
indus_local110_H2148_source,64,0.423040,da,20114
indus_local110_H2148_source,65,0.416287,ta,155694
indus_local110_H2148_source,66,0.464991,a,142095
indus_local110_H2148_source,67,0.457753,a,108359
indus_local110_H2148_source,68,0.428782,ga,170317
indus_local110_H2148_source,69,0.445139,ā,56459
indus_local110_H2148_source,70,0.382424,ka,124357
indus_local110_H2148_source,71,0.389086,la,8373
indus_local110_H2148_source,72,0.456258,na,136138
indus_local110_H2148_source,73,0.407910,ka,161054
indus_local110_H2148_source,74,0.372196,la,73870
indus_local110_H2148_source,75,0.453284,ga,170317
indus_local110_H2148_source,76,0.627793,sa,180687
indus_local110_H2148_source,77,0.392394,ā,56459
indus_local110_H2148_source,78,0.345591,ja,102250
indus_local110_H2148_source,79,0.415946,ka,124357
indus_local110_H2148_source,80,0.384313,ā,56459
indus_local110_H2148_source,81,0.488550,ā,121287
indus_local110_H2148_source,82,0.393600,a,9713
indus_local110_H2148_source,83,0.313254,tha,7282
indus_local110_H2148_source,84,0.412605,ḍa,160373
indus_local110_H2148_source,85,0.452077,kaṃ,34342
indus_local110_H2148_source,86,0.498674,sa,91109
indus_local110_H2148_source,87,0.443973,ca,157576
indus_local110_H2148_source,88,0.436075,bha,146921
indus_local110_H2148_source,89,0.445092,tha,7282
indus_local110_H2148_source,90,0.364582,ka,161054
indus_local110_H2148_source,91,0.334289,tha,7282
indus_local110_H2148_source,92,0.470529,a,142095
indus_local110_H2148_source,93,0.495737,ka,101741
indus_local110_H2148_source,94,0.465652,a,172222
indus_local110_H2148_source,95,0.415836,a,142095
indus_local110_H2148_source,96,0.463137,la,73870
indus_local110_H2148_source,97,0.480916,a,9713
indus_local110_H2148_source,98,0.326668,a,172222
indus_local110_H2148_source,99,0.351590,e,39790
indus_local110_H2148_source,100,0.361644,tha,7282
indus_local110_H2148_source,101,0.404063,da,20114
indus_local110_H2148_source,102,0.441697,ja,102250
indus_local110_H2148_source,103,0.410932,ta,153981
indus_local110_H2148_source,104,0.487544,a,142095
indus_local110_H2148_source,105,0.465787,ka,178625
indus_local110_H2148_source,106,0.604534,ca,115151
indus_local110_H2148_source,107,0.424832,a,172222
indus_local110_H2148_source,108,0.358444,ta,153981
indus_local110_H2148_source,109,0.341405,ga,170317
indus_local110_H2148_source,110,0.404232,tha,7282
indus_local110_H2148_source,111,0.405060,ga,170317
indus_local110_H2148_source,112,0.373796,tha,7282
indus_local110_H2148_source,113,0.480492,ka,58978
indus_local110_H2148_source,114,0.611532,ka,128303
indus_local110_H2148_source,115,0.423248,a,142095
indus_local110_H2148_source,116,0.456429,a,9713
indus_local110_H2148_source,117,0.520580,ca,117180
indus_local110_H2148_source,118,0.327620,tha,7282
indus_local110_H2148_source,119,0.398235,na,22414
indus_local110_H2148_source,120,0.378315,ā,170739
indus_local110_H2148_source,121,0.456406,ā,56459
indus_local110_H2148_source,122,0.428103,ka,161054
indus_local110_H2148_source,123,0.468167,ka,178625
indus_local110_H2148_source,124,0.411925,tha,7282
indus_local110_H2148_source,125,0.526342,a,9713
indus_local110_H2148_source,126,0.645255,a,154518
indus_local110_H2148_source,127,0.365902,ja,102250
indus_local110_H2148_source,128,0.370689,ga,170317
indus_local110_H2148_source,129,0.541562,ta,155694
indus_local110_H2148_source,130,0.481633,ka,161054
indus_local110_H2148_source,131,0.421956,ka,124357
indus_local110_H2148_source,132,0.398614,ā,56459
indus_local110_H2148_source,133,0.434749,a,142095
indus_local110_H2148_source,134,0.601153,ḍa,149007
indus_local110_H2148_source,135,0.398870,a,172222
indus_local110_H2148_source,136,0.460890,ta,133585
indus_local110_H2148_source,137,0.620987,tra,98645
indus_local110_H2148_source,138,0.419577,a,142095
indus_local110_H2148_source,139,0.590320,sa,180687
indus_local110_H2148_source,140,0.367727,tha,7282
indus_local110_H2148_source,141,0.545264,ka,101741
indus_local110_H2148_source,142,0.365153,tha,7282
indus_local110_H2148_source,143,0.410296,ta,155694
indus_local110_H2148_source,144,0.590449,a,37425
indus_local110_H2148_source,145,0.331267,tha,7282
indus_local110_H2148_source,146,0.421921,ka,124357
indus_local110_H2148_source,147,0.544358,ka,128303
indus_local110_H2148_source,148,0.449130,na,55185
indus_local110_H2148_source,149,0.355908,tha,7282
indus_local110_H2148_source,150,0.416375,ga,170317
indus_local110_H2148_source,151,0.484756,ta,153981
indus_local110_H2148_source,152,0.445387,ā,56459
indus_local110_H2148_source,153,0.387982,ḍa,160373
indus_local110_H2148_source,154,0.423723,ḍa,160373
indus_local110_H2148_source,155,0.433577,aṃ,133251
indus_local110_H2148_source,156,0.404630,ka,124357
indus_local110_H2148_source,157,0.440930,ga,170317
indus_local110_H2148_source,158,0.379669,ka,124357
indus_local110_H2148_source,159,0.398246,ga,170317
indus_local110_H2148_source,160,0.612472,sa,180687
indus_local110_H2148_source,161,0.601102,ka,168719
indus_local110_H2148_source,162,0.396422,a,9713
indus_local110_H2148_source,163,0.475773,ka,161054
indus_local110_H2148_source,164,0.445961,ka,124357
indus_local110_H2148_source,165,0.416044,a,142095
indus_local110_H2148_source,166,0.602750,ta,155694
indus_local110_H2148_source,167,0.445809,ā,56459
indus_local110_H2148_source,168,0.443085,a,142095
indus_local110_H2148_source,169,0.589908,ra,95545
indus_local110_H2148_source,170,0.490110,ta,153981
indus_local110_H2148_source,171,0.397525,tha,7282
indus_local110_H2148_source,172,0.563507,ca,157576
indus_local110_H2148_source,173,0.403697,a,142095
indus_local110_H2148_source,174,0.389547,ā,56459
indus_local110_H2148_source,175,0.349126,ga,170317
indus_local110_H2148_source,176,0.493724,ta,155694
indus_local110_H2148_source,177,0.372054,ga,170317
indus_local110_H2148_source,178,0.407507,ka,124357
indus_local110_H2148_source,179,0.554290,ā,113248
indus_local110_H2148_source,180,0.559188,ta,74870
indus_local110_H2148_source,181,0.586926,ta,153981
indus_local110_H2148_source,182,0.482220,sa,91109
indus_local110_H2148_source,183,0.582889,ta,155694
indus_local110_H2148_source,184,0.587352,kra,48974
indus_local110_H2148_source,185,0.488874,ca,157576
indus_local110_H2148_source,186,0.449718,a,142095
indus_local110_H2148_source,187,0.437511,a,37425
indus_local110_H2148_source,188,0.364932,ga,170317
indus_local110_H2148_source,189,0.368376,e,39790
indus_local110_H2148_source,190,0.542175,ta,155694
indus_local110_H2148_source,191,0.450810,ā,56459
indus_local110_H2148_source,192,0.636389,a,71042
indus_local110_H2148_source,193,0.438597,ḍa,149007
indus_local110_H2148_source,194,0.507885,ga,170317
indus_local110_H2148_source,195,0.373834,a,9713
indus_local110_H2148_source,196,0.335735,tha,7282
indus_local110_H2148_source,197,0.588108,rka,137501
indus_local110_H2148_source,198,0.404199,a,142095
indus_local110_H2148_source,199,0.596406,ca,157576
indus_local110_H2148_source,200,0.369605,ā,56459
indus_local110_H2148_source,201,0.479566,kaṃ,63642
indus_local110_H2148_source,202,0.419389,a,9713
indus_local110_H2148_source,203,0.362111,ga,170317
indus_local110_H2148_source,204,0.409482,ā,56459
indus_local110_H2148_source,205,0.367722,ā,56459
indus_local110_H2148_source,206,0.404124,a,142095
indus_local110_H2148_source,207,0.617543,ḍa,90404
indus_local110_H2148_source,208,0.437473,tha,7282
indus_local110_H2148_source,209,0.400524,ga,170317
indus_local110_H2148_source,210,0.545729,ca,157576
indus_local110_H2148_source,211,0.616668,sa,180687
indus_local110_H2148_source,212,0.352589,tha,7282
indus_local110_H2148_source,213,0.460180,a,172222
indus_local110_H2148_source,214,0.400533,a,172222
indus_local110_H2148_source,215,0.394510,ca,157576
indus_local110_H2148_source,216,0.464092,tha,7282
indus_local110_H2148_source,217,0.397336,ga,170317
indus_local110_H2148_source,218,0.409190,bha,146921
indus_local110_H2148_source,219,0.390645,e,39790
indus_local110_H2148_source,220,0.621188,ḍa,90404
indus_local110_H2148_source,221,0.464380,a,9713
indus_local110_H2148_source,222,0.510471,ca,157576
indus_local110_H2148_source,223,0.443849,ā,15215
indus_local110_H2148_source,224,0.668276,ā,56459
indus_local110_H2148_source,225,0.487941,a,142095
indus_local110_H2148_source,226,0.444753,ka,178625
indus_local110_H2148_source,227,0.365591,tha,7282
indus_local110_H2148_source,228,0.441791,ā,56459
indus_local110_H2148_source,229,0.450688,tha,7282
indus_local110_H2148_source,230,0.578404,ta,74870
indus_local110_H2148_source,231,0.420788,ta,133585
indus_local110_H2148_source,232,0.400441,a,142095
indus_local110_H2148_source,233,0.449271,ā,56459
indus_local110_H2148_source,234,0.346234,tha,7282
indus_local110_H2148_source,235,0.364189,ga,170317
indus_local110_H2148_source,236,0.598758,ta,155694
indus_local110_H2148_source,237,0.393003,ka,161054
indus_local110_H2148_source,238,0.398706,ā,56459
indus_local110_H2148_source,239,0.378830,ja,102250
indus_local110_H2148_source,240,0.422780,ta,153981
indus_local110_H2148_source,241,0.438262,ā,56459
indus_local110_H2148_source,242,0.593696,ta,153981
indus_local110_H2148_source,243,0.396227,ja,54817
indus_local110_H2148_source,244,0.486507,a,142095
indus_local110_H2148_source,245,0.417428,bha,146921
indus_local110_H2148_source,246,0.461504,ya,78697
indus_local110_H2148_source,247,0.368358,ka,161054
indus_local110_H2148_source,248,0.422606,ā,56459
indus_local110_H2148_source,249,0.617068,ka,101741
indus_local110_H2148_source,250,0.453447,ā,56459
indus_local110_H2148_source,251,0.461475,a,142095
indus_local110_H2148_source,252,0.587170,ka,61723
indus_local110_H2148_source,253,0.474457,a,9713
indus_local110_H2148_source,254,0.432869,na,55185
indus_local110_H2148_source,255,0.439711,ka,124357
indus_local110_H2148_source,256,0.607425,ta,155694
indus_local110_H2148_source,257,0.434280,ka,161054
indus_local110_H2148_source,258,0.444350,a,142095
indus_local110_H2148_source,259,0.576432,yvaṃ,119806
indus_local110_H2148_source,260,0.623815,kya,64056
indus_local110_H2148_source,261,0.495045,ta,133585
indus_local110_H2148_source,262,0.477712,ka,178625
indus_local110_H2148_source,263,0.432625,ka,168719
indus_local110_H2148_source,264,0.581549,ta,155694
indus_local110_H2148_source,265,0.526358,ka,101741
indus_local110_H2148_source,266,0.425040,a,142095
indus_local110_H2148_source,267,0.450616,pta,160721
indus_local110_H2148_source,268,0.346606,ga,170317
indus_local110_H2148_source,269,0.512787,kra,48974
indus_local110_H2148_source,270,0.579745,ḍa,90404
indus_local110_H2148_source,271,0.547957,ta,155694
indus_local110_H2148_source,272,0.366175,a,142095
indus_local110_H2148_source,273,0.488993,sa,66433
indus_local110_H2148_source,274,0.434445,ā,56459
indus_local110_H2148_source,275,0.595886,ka,128303
indus_local110_H2148_source,276,0.433078,ā,56459
indus_local110_H2148_source,277,0.427817,a,142095
indus_local110_H2148_source,278,0.451128,ka,101741
indus_local110_H2148_source,279,0.667164,aṃ,172862
indus_local110_H2148_source,280,0.588235,ḍa,90404
indus_local110_H2148_source,281,0.438278,ā,56459
indus_local110_H2148_source,282,0.445307,tha,7282
indus_local110_H2148_source,283,0.401500,ā,56459
indus_local110_H2148_source,284,0.417495,ka,124357
indus_local110_H2148_source,285,0.409717,ā,56459
indus_local110_H2148_source,286,0.574835,sa,180687
indus_local110_H2148_source,287,0.398410,a,142095
indus_local110_H2148_source,288,0.407094,a,142095
indus_local110_H2148_source,289,0.366642,tha,7282
indus_local110_H2148_source,290,0.603149,ta,155694
indus_local110_H2148_source,291,0.503955,cha,5966
indus_local110_H2148_source,292,0.311925,bha,146921
indus_local110_H2148_source,293,0.363560,ā,56459
indus_local110_H2148_source,294,0.665207,sa,180687
indus_local110_H2148_source,295,0.499414,ka,101741
indus_local110_H2148_source,296,0.402442,ā,56459
indus_local110_H2148_source,297,0.384650,ā,56459
indus_local110_H2148_source,298,0.478114,ta,133585
indus_local110_H2148_source,299,0.478182,a,9713
indus_local110_H2148_source,300,0.518855,a,142095
indus_local110_H2148_source,301,0.533885,ca,157576
indus_local110_H2148_source,302,0.363516,tha,7282
indus_local110_H2148_source,303,0.444194,ga,170317
indus_local110_H2148_source,304,0.428168,tha,7282
indus_local110_H2148_source,305,0.631840,ka,161054
indus_local110_H2148_source,306,0.651909,sa,180687
indus_local110_H2148_source,307,0.446528,ā,56459
indus_local110_H2148_source,308,0.631619,a,142095
indus_local110_H2148_source,309,0.361186,ka,178625
indus_local110_H2148_source,310,0.433566,kaṃ,63642
indus_local110_H2148_source,311,0.351504,ā,56459
indus_local110_H2148_source,312,0.479324,a,142095
indus_local110_H2148_source,313,0.375926,tha,7282
indus_local110_H2148_source,314,0.383011,ā,56459
indus_local110_H2148_source,315,0.384935,e,98077
indus_local110_H2148_source,316,0.419072,a,9713
indus_local110_H2148_source,317,0.404109,ā,56459
indus_local110_H2148_source,318,0.408716,ka,178625
indus_local110_H2148_source,319,0.401846,a,151016
indus_local110_H2148_source,320,0.416443,ā,56459
indus_local110_H2148_source,321,0.454573,e,39790
indus_local110_H2148_source,322,0.600668,ta,155694
indus_local110_H2148_source,323,0.553278,ta,155694
indus_local110_H2148_source,324,0.648999,ta,155694
indus_local110_H2148_source,325,0.638809,ka,101741
indus_local110_H2148_source,326,0.461523,ā,56459
indus_local110_H2148_source,327,0.625647,a,37425
indus_local110_H2148_source,328,0.605401,a,71042
indus_local110_H2148_source,329,0.605106,vya,164100
indus_local110_H2148_source,330,0.634556,sa,66433
indus_local110_H2148_source,331,0.536404,ta,155694
indus_local110_H2148_source,332,0.471438,a,172222
indus_local110_H2148_source,333,0.425653,a,142095
indus_local110_H2148_source,334,0.571123,kra,104936
indus_local110_H2148_source,335,0.514855,ca,157576
indus_local110_H2148_source,336,0.357314,ā,56459
indus_local110_H2148_source,337,0.458628,na,136138
indus_local110_H2148_source,338,0.453115,ta,153981
indus_local110_H2148_source,339,0.453459,ā,56459
indus_local110_H2148_source,340,0.555861,ka,161054
indus_local110_H2148_source,341,0.346301,ā,56459
indus_local110_H2148_source,342,0.395981,aṃ,133251
indus_local110_H2148_source,343,0.313729,tha,7282
indus_local110_H2148_source,344,0.634368,bha,75757
indus_local110_H2148_source,345,0.608615,ḍa,90404
indus_local110_H2148_source,346,0.358129,la,73870
indus_local110_H2148_source,347,0.334539,ā,56459
indus_local110_H2148_source,348,0.401028,ka,124357
indus_local110_H2148_source,349,0.367670,ga,170317
indus_local110_H2148_source,350,0.436662,a,172222
indus_local110_H2148_source,351,0.406273,ka,124357
indus_local110_H2148_source,352,0.420523,e,39790
indus_local110_H2148_source,353,0.448710,ā,56459
indus_local110_H2148_source,354,0.543325,ka,101741
indus_local110_H2148_source,355,0.399094,a,172222
indus_local110_H2148_source,356,0.449188,ga,170317
indus_local110_H2148_source,357,0.364925,ka,124357
indus_local110_H2148_source,358,0.375191,ta,153981
indus_local110_H2148_source,359,0.531105,ta,155694
indus_local110_H2148_source,360,0.388730,ā,56459
indus_local110_H2148_source,361,0.615331,ca,157576
indus_local110_H2148_source,362,0.566464,kra,48974
indus_local110_H2148_source,363,0.403491,ā,56459
indus_local110_H2148_source,364,0.497210,a,108359
indus_local110_H2148_source,365,0.445010,ka,178625
indus_local110_H2148_source,366,0.625839,va,51221
indus_local110_H2148_source,367,0.413704,tha,7282
indus_local110_H2148_source,368,0.403838,ka,124357
indus_local110_H2148_source,369,0.464710,ā,56459
indus_local110_H2148_source,370,0.419998,tha,7282
indus_local110_H2148_source,371,0.392647,a,142095
indus_local110_H2148_source,372,0.617016,ta,153981
indus_local110_H2148_source,373,0.570774,vya,10536
indus_local110_H2148_source,374,0.465959,ka,124357
indus_local110_H2148_source,375,0.347234,ja,102250
indus_local110_H2148_source,376,0.400557,ā,56459
indus_local110_H2148_source,377,0.452886,ā,56459
indus_local110_H2148_source,378,0.363919,tha,7282
indus_local110_H2148_source,379,0.430943,ja,54817
indus_local110_H2148_source,380,0.382172,ga,170317
indus_local110_H2148_source,381,0.389074,ā,56459
indus_local110_H2148_source,382,0.425028,vaṃ,129449
indus_local110_H2148_source,383,0.388586,a,142095
indus_local110_H2148_source,384,0.439851,ā,56459
indus_local110_H2148_source,385,0.470775,ā,56459
indus_local110_H2148_source,386,0.422848,ā,56459
indus_local110_H2148_source,387,0.468332,sa,54302
indus_local110_H2148_source,388,0.428901,ga,170317
indus_local110_H2148_source,389,0.403168,ja,102250
indus_local110_H2148_source,390,0.536474,ā,121287
indus_local110_H2148_source,391,0.393989,ā,56459
indus_local110_H2148_source,392,0.418421,ā,56459
indus_local110_H2148_source,393,0.461276,ā,56459
indus_local110_H2148_source,394,0.352853,e,98077
indus_local110_H2148_source,395,0.552299,a,9713
indus_local110_H2148_source,396,0.394276,ā,56459
indus_local110_H2148_source,397,0.409187,ā,56459
indus_local110_H2148_source,398,0.356191,ga,170317
indus_local110_H2148_source,399,0.540846,a,142095
indus_local110_H2148_source,400,0.413399,a,142095
indus_local110_H2148_source,401,0.466334,ka,58978
indus_local110_H2148_source,402,0.437620,ka,58978
indus_local110_H2148_source,403,0.387754,bha,75757
indus_local110_H2148_source,404,0.575852,ta,155694
indus_local110_H2148_source,405,0.458479,na,55185
indus_local110_H2148_source,406,0.407356,ā,56459
indus_local110_H2148_source,407,0.594980,rka,137501
indus_local110_H2148_source,408,0.420818,ja,139964
indus_local110_H2148_source,409,0.498302,sa,110818
indus_local110_H2148_source,410,0.424635,ā,56459
indus_local110_H2148_source,411,0.457135,sa,180687
indus_local110_H2148_source,412,0.366834,a,9713
indus_local110_H2148_source,413,0.492616,na,22414
indus_local110_H2148_source,414,0.416801,ka,124357
indus_local110_H2148_source,415,0.396363,a,142095
indus_local110_H2148_source,416,0.419810,a,9713
indus_local110_H2148_source,417,0.420202,na,55185
indus_local110_H2148_source,418,0.622127,ḍa,90404
indus_local110_H2148_source,419,0.428812,aṃ,133251
indus_local110_H2148_source,420,0.621982,ta,74870
indus_local110_H2148_source,421,0.421205,ā,56459
indus_local110_H2148_source,422,0.453747,a,71042
indus_local110_H2148_source,423,0.345328,ā,56459
indus_local110_H2148_source,424,0.437867,da,20114
indus_local110_H2148_source,425,0.613868,ā,56459
indus_local110_H2148_source,426,0.400199,ā,56459
indus_local110_H2148_source,427,0.436785,kaṃ,63642
indus_local110_H2148_source,428,0.431089,tha,7282
indus_local110_H2148_source,429,0.402353,ḍa,149007
indus_local110_H2148_source,430,0.394287,ā,56459
indus_local110_H2148_source,431,0.574162,ca,157576
indus_local110_H2148_source,432,0.462694,ka,161054
indus_local110_H2148_source,433,0.491794,ā,56459
indus_local110_H2148_source,434,0.572246,ka,101741
indus_local110_H2148_source,435,0.401109,tha,7282
indus_local110_H2148_source,436,0.490473,ca,157576
indus_local110_H2148_source,437,0.623150,kaṃ,94929
indus_local110_H2148_source,438,0.463033,ta,133585
indus_local110_H2148_source,439,0.471834,ka,124357
indus_local110_H2148_source,440,0.601095,ka,58978
indus_local110_H2148_source,441,0.624252,sa,180687
indus_local110_H2148_source,442,0.345146,tha,7282
indus_local110_H2148_source,443,0.423077,e,98077
indus_local110_H2148_source,444,0.377517,tha,7282
indus_local110_H2148_source,445,0.380710,a,142095
indus_local110_H2148_source,446,0.427256,vaṃ,129449
indus_local110_H2148_source,447,0.588018,ka,128303
indus_local110_H2148_source,448,0.387675,ā,56459
indus_local110_H2148_source,449,0.487390,kaṃ,63642
indus_local110_H2148_source,450,0.457351,ā,56459
indus_local110_H2148_source,451,0.560679,ḍa,90404
indus_local110_H2148_source,452,0.364755,ā,56459
indus_local110_H2148_source,453,0.320741,aṃ,133251
indus_local110_H2148_source,454,0.309616,tha,7282
indus_local110_H2148_source,455,0.368248,ga,170317
indus_local110_H2148_source,456,0.422491,tha,7282
indus_local110_H2148_source,457,0.480867,ā,56459
indus_local110_H2148_source,458,0.478299,a,142095
indus_local110_H2148_source,459,0.473450,a,9713
indus_local110_H2148_source,460,0.416226,tha,7282
indus_local110_H2148_source,461,0.570097,sa,180687
indus_local110_H2148_source,462,0.340496,ā,56459
indus_local110_H2148_source,463,0.407840,ā,56459
indus_local110_H2148_source,464,0.345173,tha,7282
indus_local110_H2148_source,465,0.507308,ta,97080
indus_local110_H2148_source,466,0.410733,ka,161054
indus_local110_H2148_source,467,0.626892,a,22430
indus_local110_H2148_source,468,0.393983,ka,124357
indus_local110_H2148_source,469,0.486148,ta,155694
indus_local110_H2148_source,470,0.394858,ā,56459
indus_local110_H2148_source,471,0.492396,bha,146921
indus_local110_H2148_source,472,0.405019,a,142095
indus_local110_H2148_source,473,0.544855,ka,101741
indus_local110_H2148_source,474,0.391312,tha,7282
indus_local110_H2148_source,475,0.427381,tha,7282
indus_local110_H2148_source,476,0.559234,ta,74870
indus_local110_H2148_source,477,0.635739,ca,157576
indus_local110_H2148_source,478,0.463897,tha,7282
indus_local110_H2148_source,479,0.644877,ca,109608
indus_local110_H2148_source,480,0.379152,ka,124357
indus_local110_H2148_source,481,0.413889,ā,56459
indus_local110_H2148_source,482,0.350069,aṃ,133251
indus_local110_H2148_source,483,0.369354,ga,170317
indus_local110_H2148_source,484,0.402627,ga,170317
indus_local110_H2148_source,485,0.407945,tha,7282
indus_local110_H2148_source,486,0.517991,ta,155694
indus_local110_H2148_source,487,0.470060,a,142095
indus_local110_H2148_source,488,0.410210,da,20114
indus_local110_H2148_source,489,0.453141,a,37425
indus_local110_H2148_source,490,0.441150,tha,7282
indus_local110_H2148_source,491,0.579362,ta,155694
indus_local110_H2148_source,492,0.401067,ka,124357
indus_local110_H2148_source,493,0.451057,ka,124357
indus_local110_H2148_source,494,0.438640,e,98077
indus_local110_H2148_source,495,0.453557,ga,170317
indus_local110_H2148_source,496,0.433182,ya,56492
indus_local110_H2148_source,497,0.612233,i,181249
indus_local110_H2148_source,498,0.502415,a,9713
indus_local110_H2148_source,499,0.438105,kaṃ,63642
