token_id,packet_id,blind_id,cisi,role,truth_class,orientation_policy,visual_index,assigned_sign,target_text,source_path,token_crop,x0,x1,bbox_w,bbox_h,aspect,ink_density,sha256,admissibility
tok_c1858e3f23d1a914,branch_gap_source_box_v1,BG002,M-318,primary_target_031,target_002_031_continuation_side_uncertain,visual_ltr_catalog_order,1,390,+390-003-002-031-575+,tmp/002_y_branch_gap_blind_packet/source_crops/BG002_source_crop.png,data/brahmi/source_token_crops_v2/M_318_BG002_1_686d7744423305d2.png,0,1138,1141,2050,0.556585,0.192605,8e946678802d6b953dce8ab0a6e759e73354988a31f4fe87a099c002392d5999,projection_exact_count_unverified_token_identity
tok_4051e3f9af4b353c,branch_gap_source_box_v1,BG002,M-318,primary_target_031,target_002_031_continuation_side_uncertain,visual_ltr_catalog_reverse,1,575,+390-003-002-031-575+,tmp/002_y_branch_gap_blind_packet/source_crops/BG002_source_crop.png,data/brahmi/source_token_crops_v2/M_318_BG002_1_686d7744423305d2.png,0,1138,1141,2050,0.556585,0.192605,8e946678802d6b953dce8ab0a6e759e73354988a31f4fe87a099c002392d5999,projection_exact_count_unverified_token_identity
tok_09541477e399c721,branch_gap_source_box_v1,BG002,M-318,primary_target_031,target_002_031_continuation_side_uncertain,visual_ltr_catalog_order,2,003,+390-003-002-031-575+,tmp/002_y_branch_gap_blind_packet/source_crops/BG002_source_crop.png,data/brahmi/source_token_crops_v2/M_318_BG002_2_175ea39d36dc1350.png,1138,1337,205,2050,0.100000,0.022937,11e89cca4a7e2953ecfec390546bbc75aee4cdcbed90b07c6b1c34d9891b1676,projection_exact_count_unverified_token_identity
tok_aa4f69d2de4a91c5,branch_gap_source_box_v1,BG002,M-318,primary_target_031,target_002_031_continuation_side_uncertain,visual_ltr_catalog_reverse,2,031,+390-003-002-031-575+,tmp/002_y_branch_gap_blind_packet/source_crops/BG002_source_crop.png,data/brahmi/source_token_crops_v2/M_318_BG002_2_175ea39d36dc1350.png,1138,1337,205,2050,0.100000,0.022937,11e89cca4a7e2953ecfec390546bbc75aee4cdcbed90b07c6b1c34d9891b1676,projection_exact_count_unverified_token_identity
tok_0e9bc3008aae96c2,branch_gap_source_box_v1,BG002,M-318,primary_target_031,target_002_031_continuation_side_uncertain,visual_ltr_catalog_order,3,002,+390-003-002-031-575+,tmp/002_y_branch_gap_blind_packet/source_crops/BG002_source_crop.png,data/brahmi/source_token_crops_v2/M_318_BG002_3_4a4ce2d8fff96434.png,1337,1467,136,2050,0.066341,0.016311,8189c2e8d26aff7b02e1d65829c5a5de897646e05fafaa3d42db47c5a0af624f,projection_exact_count_unverified_token_identity
tok_a7337bebdea74e37,branch_gap_source_box_v1,BG002,M-318,primary_target_031,target_002_031_continuation_side_uncertain,visual_ltr_catalog_reverse,3,002,+390-003-002-031-575+,tmp/002_y_branch_gap_blind_packet/source_crops/BG002_source_crop.png,data/brahmi/source_token_crops_v2/M_318_BG002_3_4a4ce2d8fff96434.png,1337,1467,136,2050,0.066341,0.016311,8189c2e8d26aff7b02e1d65829c5a5de897646e05fafaa3d42db47c5a0af624f,projection_exact_count_unverified_token_identity
tok_92512055f2730bfc,branch_gap_source_box_v1,BG002,M-318,primary_target_031,target_002_031_continuation_side_uncertain,visual_ltr_catalog_order,4,031,+390-003-002-031-575+,tmp/002_y_branch_gap_blind_packet/source_crops/BG002_source_crop.png,data/brahmi/source_token_crops_v2/M_318_BG002_4_586d2e20bffd5425.png,1467,1829,368,2050,0.179512,0.046579,4ecaeb173d0603dc4c6d012d27e0dfdba35593fcfd82a778b82ad0c0d51ec2c9,projection_exact_count_unverified_token_identity
tok_76b0da61b00fbd78,branch_gap_source_box_v1,BG002,M-318,primary_target_031,target_002_031_continuation_side_uncertain,visual_ltr_catalog_reverse,4,003,+390-003-002-031-575+,tmp/002_y_branch_gap_blind_packet/source_crops/BG002_source_crop.png,data/brahmi/source_token_crops_v2/M_318_BG002_4_586d2e20bffd5425.png,1467,1829,368,2050,0.179512,0.046579,4ecaeb173d0603dc4c6d012d27e0dfdba35593fcfd82a778b82ad0c0d51ec2c9,projection_exact_count_unverified_token_identity
tok_c16db552e4955c84,branch_gap_source_box_v1,BG002,M-318,primary_target_031,target_002_031_continuation_side_uncertain,visual_ltr_catalog_order,5,575,+390-003-002-031-575+,tmp/002_y_branch_gap_blind_packet/source_crops/BG002_source_crop.png,data/brahmi/source_token_crops_v2/M_318_BG002_5_f6c039f8cf6b9dbd.png,1829,2180,354,2050,0.172683,0.117875,c4770a065e12ee5fba122ce5c8f9bed2daca5bee92baa111550bb27534d17cbc,projection_exact_count_unverified_token_identity
tok_0854c8237ad596eb,branch_gap_source_box_v1,BG002,M-318,primary_target_031,target_002_031_continuation_side_uncertain,visual_ltr_catalog_reverse,5,390,+390-003-002-031-575+,tmp/002_y_branch_gap_blind_packet/source_crops/BG002_source_crop.png,data/brahmi/source_token_crops_v2/M_318_BG002_5_f6c039f8cf6b9dbd.png,1829,2180,354,2050,0.172683,0.117875,c4770a065e12ee5fba122ce5c8f9bed2daca5bee92baa111550bb27534d17cbc,projection_exact_count_unverified_token_identity
tok_fefe4b397a02509b,branch_gap_source_box_v1,BG006,M-311,backup_target_368,target_002_368_continuation_backup,visual_ltr_catalog_order,1,401,+401-002-368-165+,tmp/002_y_branch_gap_blind_packet/source_crops/BG006_source_crop.png,data/brahmi/source_token_crops_v2/M_311_BG006_1_56dd98dc939f4fe2.png,0,77,80,715,0.111888,0.016890,3de09a64f5de5897d3b7404d097f35318f1cf456b591b80cc554bfe02d08f9b1,projection_exact_count_unverified_token_identity
tok_03f1adea0e67daa6,branch_gap_source_box_v1,BG006,M-311,backup_target_368,target_002_368_continuation_backup,visual_ltr_catalog_reverse,1,165,+401-002-368-165+,tmp/002_y_branch_gap_blind_packet/source_crops/BG006_source_crop.png,data/brahmi/source_token_crops_v2/M_311_BG006_1_56dd98dc939f4fe2.png,0,77,80,715,0.111888,0.016890,3de09a64f5de5897d3b7404d097f35318f1cf456b591b80cc554bfe02d08f9b1,projection_exact_count_unverified_token_identity
tok_fdb86aa4d7d44d95,branch_gap_source_box_v1,BG006,M-311,backup_target_368,target_002_368_continuation_backup,visual_ltr_catalog_order,2,002,+401-002-368-165+,tmp/002_y_branch_gap_blind_packet/source_crops/BG006_source_crop.png,data/brahmi/source_token_crops_v2/M_311_BG006_2_0e6c2b7bf338176d.png,77,426,355,664,0.534639,0.135199,7dbd0afae771151f5fb2adf63542035819f926fb861de872412911b1d6ae73fc,projection_exact_count_unverified_token_identity
tok_c407a3095641bf61,branch_gap_source_box_v1,BG006,M-311,backup_target_368,target_002_368_continuation_backup,visual_ltr_catalog_reverse,2,368,+401-002-368-165+,tmp/002_y_branch_gap_blind_packet/source_crops/BG006_source_crop.png,data/brahmi/source_token_crops_v2/M_311_BG006_2_0e6c2b7bf338176d.png,77,426,355,664,0.534639,0.135199,7dbd0afae771151f5fb2adf63542035819f926fb861de872412911b1d6ae73fc,projection_exact_count_unverified_token_identity
tok_ac829f51e8f9d130,branch_gap_source_box_v1,BG006,M-311,backup_target_368,target_002_368_continuation_backup,visual_ltr_catalog_order,3,368,+401-002-368-165+,tmp/002_y_branch_gap_blind_packet/source_crops/BG006_source_crop.png,data/brahmi/source_token_crops_v2/M_311_BG006_3_e5a65458827f6021.png,426,590,170,750,0.226667,0.033966,ac56951675d93c69e4b2eb33ea4a2fcbf97d79718939c54552dcb54947f4a9d3,projection_exact_count_unverified_token_identity
tok_6dda7b02defb4ac2,branch_gap_source_box_v1,BG006,M-311,backup_target_368,target_002_368_continuation_backup,visual_ltr_catalog_reverse,3,002,+401-002-368-165+,tmp/002_y_branch_gap_blind_packet/source_crops/BG006_source_crop.png,data/brahmi/source_token_crops_v2/M_311_BG006_3_e5a65458827f6021.png,426,590,170,750,0.226667,0.033966,ac56951675d93c69e4b2eb33ea4a2fcbf97d79718939c54552dcb54947f4a9d3,projection_exact_count_unverified_token_identity
tok_101f870f53ed235e,branch_gap_source_box_v1,BG006,M-311,backup_target_368,target_002_368_continuation_backup,visual_ltr_catalog_order,4,165,+401-002-368-165+,tmp/002_y_branch_gap_blind_packet/source_crops/BG006_source_crop.png,data/brahmi/source_token_crops_v2/M_311_BG006_4_f9dd84f52dc214cb.png,590,1100,513,750,0.684000,0.217884,bcc85461994fd1ff1d634b87d6d3c9c4a68ae6c508be3105d8589873d7c7cc61,projection_exact_count_unverified_token_identity
tok_20da988626f4c436,branch_gap_source_box_v1,BG006,M-311,backup_target_368,target_002_368_continuation_backup,visual_ltr_catalog_reverse,4,401,+401-002-368-165+,tmp/002_y_branch_gap_blind_packet/source_crops/BG006_source_crop.png,data/brahmi/source_token_crops_v2/M_311_BG006_4_f9dd84f52dc214cb.png,590,1100,513,750,0.684000,0.217884,bcc85461994fd1ff1d634b87d6d3c9c4a68ae6c508be3105d8589873d7c7cc61,projection_exact_count_unverified_token_identity
tok_152b3bc4a3d12773,branch_gap_source_box_v1,BG007,M-28,scoring_negative,negative_002_y_not_branch_closure_861,visual_ltr_catalog_order,1,892,+892-374-740-760-840-416-002-861+,tmp/002_y_branch_gap_blind_packet/source_crops/BG007_source_crop.png,data/brahmi/source_token_crops_v2/M_28_BG007_1_333f530b9391eca4.png,0,655,658,1180,0.557627,0.211309,c2f360490b633d68f5746560f4986815902cbf4ccf689d50194bf76dbd72b049,projection_exact_count_unverified_token_identity
tok_42f8a23d7da42a46,branch_gap_source_box_v1,BG007,M-28,scoring_negative,negative_002_y_not_branch_closure_861,visual_ltr_catalog_reverse,1,861,+892-374-740-760-840-416-002-861+,tmp/002_y_branch_gap_blind_packet/source_crops/BG007_source_crop.png,data/brahmi/source_token_crops_v2/M_28_BG007_1_333f530b9391eca4.png,0,655,658,1180,0.557627,0.211309,c2f360490b633d68f5746560f4986815902cbf4ccf689d50194bf76dbd72b049,projection_exact_count_unverified_token_identity
tok_788b081964335b9c,branch_gap_source_box_v1,BG007,M-28,scoring_negative,negative_002_y_not_branch_closure_861,visual_ltr_catalog_order,2,374,+892-374-740-760-840-416-002-861+,tmp/002_y_branch_gap_blind_packet/source_crops/BG007_source_crop.png,data/brahmi/source_token_crops_v2/M_28_BG007_2_7b7f497d26654a82.png,655,715,66,1101,0.059946,0.001647,45394b41ef08a91470e1735de055ca20cbf0e72a6a2066ca17259020bf007ecf,projection_exact_count_unverified_token_identity
tok_94542812cf3c3ea3,branch_gap_source_box_v1,BG007,M-28,scoring_negative,negative_002_y_not_branch_closure_861,visual_ltr_catalog_reverse,2,002,+892-374-740-760-840-416-002-861+,tmp/002_y_branch_gap_blind_packet/source_crops/BG007_source_crop.png,data/brahmi/source_token_crops_v2/M_28_BG007_2_7b7f497d26654a82.png,655,715,66,1101,0.059946,0.001647,45394b41ef08a91470e1735de055ca20cbf0e72a6a2066ca17259020bf007ecf,projection_exact_count_unverified_token_identity
tok_c9581fdf0a5e0848,branch_gap_source_box_v1,BG007,M-28,scoring_negative,negative_002_y_not_branch_closure_861,visual_ltr_catalog_order,3,740,+892-374-740-760-840-416-002-861+,tmp/002_y_branch_gap_blind_packet/source_crops/BG007_source_crop.png,data/brahmi/source_token_crops_v2/M_28_BG007_3_2882dc9b8c73599d.png,715,873,162,1180,0.137288,0.008090,5db9ec795f519c8bc30c15af98e4f87ce23c97baca64235a3fb0f6c951e8db8a,projection_exact_count_unverified_token_identity
tok_aafb646e193a00a7,branch_gap_source_box_v1,BG007,M-28,scoring_negative,negative_002_y_not_branch_closure_861,visual_ltr_catalog_reverse,3,416,+892-374-740-760-840-416-002-861+,tmp/002_y_branch_gap_blind_packet/source_crops/BG007_source_crop.png,data/brahmi/source_token_crops_v2/M_28_BG007_3_2882dc9b8c73599d.png,715,873,162,1180,0.137288,0.008090,5db9ec795f519c8bc30c15af98e4f87ce23c97baca64235a3fb0f6c951e8db8a,projection_exact_count_unverified_token_identity
tok_dfd7c757a0b8c6dd,branch_gap_source_box_v1,BG007,M-28,scoring_negative,negative_002_y_not_branch_closure_861,visual_ltr_catalog_order,4,760,+892-374-740-760-840-416-002-861+,tmp/002_y_branch_gap_blind_packet/source_crops/BG007_source_crop.png,data/brahmi/source_token_crops_v2/M_28_BG007_4_fcc663d630ea0dcb.png,873,963,70,1126,0.062167,0.001929,a93f5f8cef0e99f832e0c4100fd2748bfbf0ec480ed6876529ed5fc2fa96c00d,projection_exact_count_unverified_token_identity
tok_b8b68ba7536f587d,branch_gap_source_box_v1,BG007,M-28,scoring_negative,negative_002_y_not_branch_closure_861,visual_ltr_catalog_reverse,4,840,+892-374-740-760-840-416-002-861+,tmp/002_y_branch_gap_blind_packet/source_crops/BG007_source_crop.png,data/brahmi/source_token_crops_v2/M_28_BG007_4_fcc663d630ea0dcb.png,873,963,70,1126,0.062167,0.001929,a93f5f8cef0e99f832e0c4100fd2748bfbf0ec480ed6876529ed5fc2fa96c00d,projection_exact_count_unverified_token_identity
tok_c4cc1166ebbdf565,branch_gap_source_box_v1,BG007,M-28,scoring_negative,negative_002_y_not_branch_closure_861,visual_ltr_catalog_order,5,840,+892-374-740-760-840-416-002-861+,tmp/002_y_branch_gap_blind_packet/source_crops/BG007_source_crop.png,data/brahmi/source_token_crops_v2/M_28_BG007_5_1c2d2e994ba9570b.png,963,1029,38,920,0.041304,0.001726,6b891a44c50f6b63b0bd4dd720ddcb9ed1cd48cde811047c1671a0a9d022a26c,projection_exact_count_unverified_token_identity
tok_cd73616b1ea6aea2,branch_gap_source_box_v1,BG007,M-28,scoring_negative,negative_002_y_not_branch_closure_861,visual_ltr_catalog_reverse,5,760,+892-374-740-760-840-416-002-861+,tmp/002_y_branch_gap_blind_packet/source_crops/BG007_source_crop.png,data/brahmi/source_token_crops_v2/M_28_BG007_5_1c2d2e994ba9570b.png,963,1029,38,920,0.041304,0.001726,6b891a44c50f6b63b0bd4dd720ddcb9ed1cd48cde811047c1671a0a9d022a26c,projection_exact_count_unverified_token_identity
tok_6ccb63a38cda8dcb,branch_gap_source_box_v1,BG007,M-28,scoring_negative,negative_002_y_not_branch_closure_861,visual_ltr_catalog_order,6,416,+892-374-740-760-840-416-002-861+,tmp/002_y_branch_gap_blind_packet/source_crops/BG007_source_crop.png,data/brahmi/source_token_crops_v2/M_28_BG007_6_d802f104a054468d.png,1029,1556,533,1152,0.462674,0.036495,cf683169a01e236dc68ac4a03d2b36c8d0e36bd217ef665666739329d7d4d856,projection_exact_count_unverified_token_identity
tok_141ac9170f0a5e95,branch_gap_source_box_v1,BG007,M-28,scoring_negative,negative_002_y_not_branch_closure_861,visual_ltr_catalog_reverse,6,740,+892-374-740-760-840-416-002-861+,tmp/002_y_branch_gap_blind_packet/source_crops/BG007_source_crop.png,data/brahmi/source_token_crops_v2/M_28_BG007_6_d802f104a054468d.png,1029,1556,533,1152,0.462674,0.036495,cf683169a01e236dc68ac4a03d2b36c8d0e36bd217ef665666739329d7d4d856,projection_exact_count_unverified_token_identity
tok_62153d9ef66001c7,branch_gap_source_box_v1,BG007,M-28,scoring_negative,negative_002_y_not_branch_closure_861,visual_ltr_catalog_order,7,002,+892-374-740-760-840-416-002-861+,tmp/002_y_branch_gap_blind_packet/source_crops/BG007_source_crop.png,data/brahmi/source_token_crops_v2/M_28_BG007_7_f8e9346a8ef6c757.png,1556,1875,324,1172,0.276451,0.020753,4606e5b0e7b1bbfd3e0d59326accbf06c55c123428d5ca42a3fc23e1dbfb1c4e,projection_exact_count_unverified_token_identity
tok_eec2b1ba40f70803,branch_gap_source_box_v1,BG007,M-28,scoring_negative,negative_002_y_not_branch_closure_861,visual_ltr_catalog_reverse,7,374,+892-374-740-760-840-416-002-861+,tmp/002_y_branch_gap_blind_packet/source_crops/BG007_source_crop.png,data/brahmi/source_token_crops_v2/M_28_BG007_7_f8e9346a8ef6c757.png,1556,1875,324,1172,0.276451,0.020753,4606e5b0e7b1bbfd3e0d59326accbf06c55c123428d5ca42a3fc23e1dbfb1c4e,projection_exact_count_unverified_token_identity
tok_d8bf485315bda6cc,branch_gap_source_box_v1,BG007,M-28,scoring_negative,negative_002_y_not_branch_closure_861,visual_ltr_catalog_order,8,861,+892-374-740-760-840-416-002-861+,tmp/002_y_branch_gap_blind_packet/source_crops/BG007_source_crop.png,data/brahmi/source_token_crops_v2/M_28_BG007_8_bc74a66832c007cf.png,1875,2090,218,1180,0.184746,0.098243,2514e3585ef608d229866c8e2c6bf9c0df1a3a68e155289e0e939a43a91ee537,projection_exact_count_unverified_token_identity
tok_f49bcb933de5cc5f,branch_gap_source_box_v1,BG007,M-28,scoring_negative,negative_002_y_not_branch_closure_861,visual_ltr_catalog_reverse,8,892,+892-374-740-760-840-416-002-861+,tmp/002_y_branch_gap_blind_packet/source_crops/BG007_source_crop.png,data/brahmi/source_token_crops_v2/M_28_BG007_8_bc74a66832c007cf.png,1875,2090,218,1180,0.184746,0.098243,2514e3585ef608d229866c8e2c6bf9c0df1a3a68e155289e0e939a43a91ee537,projection_exact_count_unverified_token_identity
tok_9022d26033de4511,branch_gap_source_box_v1,BG008,M-653,scoring_negative,negative_002_y_not_branch_closure_861,visual_ltr_catalog_order,1,679,+679-740-235-002-861+,tmp/002_y_branch_gap_blind_packet/source_crops/BG008_source_crop.png,data/brahmi/source_token_crops_v2/M_653_BG008_1_16cb138bd6b15e77.png,0,835,838,1600,0.523750,0.160907,d2ad4aa5f31f41764c8cf8051baa893cd63707daf0e451d4221987550706fdd7,projection_exact_count_unverified_token_identity
tok_bf57cbd2fa9f66f7,branch_gap_source_box_v1,BG008,M-653,scoring_negative,negative_002_y_not_branch_closure_861,visual_ltr_catalog_reverse,1,861,+679-740-235-002-861+,tmp/002_y_branch_gap_blind_packet/source_crops/BG008_source_crop.png,data/brahmi/source_token_crops_v2/M_653_BG008_1_16cb138bd6b15e77.png,0,835,838,1600,0.523750,0.160907,d2ad4aa5f31f41764c8cf8051baa893cd63707daf0e451d4221987550706fdd7,projection_exact_count_unverified_token_identity
tok_1707f5ac0931de28,branch_gap_source_box_v1,BG008,M-653,scoring_negative,negative_002_y_not_branch_closure_861,visual_ltr_catalog_order,2,740,+679-740-235-002-861+,tmp/002_y_branch_gap_blind_packet/source_crops/BG008_source_crop.png,data/brahmi/source_token_crops_v2/M_653_BG008_2_f5eb22489be80d42.png,835,930,101,1253,0.080607,0.010227,3f5cd7a279d9576b859984535ea725d26fb98e9b934847313752687fed923a9d,projection_exact_count_unverified_token_identity
tok_f61715aa410c5343,branch_gap_source_box_v1,BG008,M-653,scoring_negative,negative_002_y_not_branch_closure_861,visual_ltr_catalog_reverse,2,002,+679-740-235-002-861+,tmp/002_y_branch_gap_blind_packet/source_crops/BG008_source_crop.png,data/brahmi/source_token_crops_v2/M_653_BG008_2_f5eb22489be80d42.png,835,930,101,1253,0.080607,0.010227,3f5cd7a279d9576b859984535ea725d26fb98e9b934847313752687fed923a9d,projection_exact_count_unverified_token_identity
tok_081e92ed44ffc103,branch_gap_source_box_v1,BG008,M-653,scoring_negative,negative_002_y_not_branch_closure_861,visual_ltr_catalog_order,3,235,+679-740-235-002-861+,tmp/002_y_branch_gap_blind_packet/source_crops/BG008_source_crop.png,data/brahmi/source_token_crops_v2/M_653_BG008_3_79a12bafc97e20a6.png,930,1243,319,1600,0.199375,0.024828,77fb9837e5ae6a4c0dda9c91c7fe719fd0c5bb0fcdf2b17f9380fd623c9acf6d,projection_exact_count_unverified_token_identity
tok_6eea81f3743c21be,branch_gap_source_box_v1,BG008,M-653,scoring_negative,negative_002_y_not_branch_closure_861,visual_ltr_catalog_reverse,3,235,+679-740-235-002-861+,tmp/002_y_branch_gap_blind_packet/source_crops/BG008_source_crop.png,data/brahmi/source_token_crops_v2/M_653_BG008_3_79a12bafc97e20a6.png,930,1243,319,1600,0.199375,0.024828,77fb9837e5ae6a4c0dda9c91c7fe719fd0c5bb0fcdf2b17f9380fd623c9acf6d,projection_exact_count_unverified_token_identity
tok_2308d13430ddd80f,branch_gap_source_box_v1,BG008,M-653,scoring_negative,negative_002_y_not_branch_closure_861,visual_ltr_catalog_order,4,002,+679-740-235-002-861+,tmp/002_y_branch_gap_blind_packet/source_crops/BG008_source_crop.png,data/brahmi/source_token_crops_v2/M_653_BG008_4_c5d642f656567a2f.png,1243,1355,118,1254,0.094099,0.012147,c568ef908d98bca7e041cd6a07004073cc51f097574c44f1204e75f586e40664,projection_exact_count_unverified_token_identity
tok_25f4d326f1eef2f9,branch_gap_source_box_v1,BG008,M-653,scoring_negative,negative_002_y_not_branch_closure_861,visual_ltr_catalog_reverse,4,740,+679-740-235-002-861+,tmp/002_y_branch_gap_blind_packet/source_crops/BG008_source_crop.png,data/brahmi/source_token_crops_v2/M_653_BG008_4_c5d642f656567a2f.png,1243,1355,118,1254,0.094099,0.012147,c568ef908d98bca7e041cd6a07004073cc51f097574c44f1204e75f586e40664,projection_exact_count_unverified_token_identity
tok_b98a1a0fc53d0bb7,branch_gap_source_box_v1,BG008,M-653,scoring_negative,negative_002_y_not_branch_closure_861,visual_ltr_catalog_order,5,861,+679-740-235-002-861+,tmp/002_y_branch_gap_blind_packet/source_crops/BG008_source_crop.png,data/brahmi/source_token_crops_v2/M_653_BG008_5_26b1bcc57a5d53fe.png,1355,2400,1048,1600,0.655000,0.239656,5cd05b4441e10b57c211f9cf51bb7b25486f6d7ddceb3d9d778d35d6f3c04388,projection_exact_count_unverified_token_identity
tok_7d5e67922e2f6596,branch_gap_source_box_v1,BG008,M-653,scoring_negative,negative_002_y_not_branch_closure_861,visual_ltr_catalog_reverse,5,679,+679-740-235-002-861+,tmp/002_y_branch_gap_blind_packet/source_crops/BG008_source_crop.png,data/brahmi/source_token_crops_v2/M_653_BG008_5_26b1bcc57a5d53fe.png,1355,2400,1048,1600,0.655000,0.239656,5cd05b4441e10b57c211f9cf51bb7b25486f6d7ddceb3d9d778d35d6f3c04388,projection_exact_count_unverified_token_identity
tok_a3be55dad7078238,branch_gap_source_box_v1,BG009,M-654,scoring_negative,negative_contains_branch_signs_without_002_y_frame,visual_ltr_catalog_order,1,368,+368-000-091-031+,tmp/002_y_branch_gap_blind_packet/source_crops/BG009_source_crop.png,data/brahmi/source_token_crops_v2/M_654_BG009_1_5e2581a1dcb203ae.png,0,1851,1854,2250,0.824000,0.235520,4625cc0fa0b1d874baa0298ecaaabdf76254df5a612dc65ad7bc163626fdc26e,projection_exact_count_unverified_token_identity
tok_acf6ca27a5bf8824,branch_gap_source_box_v1,BG009,M-654,scoring_negative,negative_contains_branch_signs_without_002_y_frame,visual_ltr_catalog_reverse,1,031,+368-000-091-031+,tmp/002_y_branch_gap_blind_packet/source_crops/BG009_source_crop.png,data/brahmi/source_token_crops_v2/M_654_BG009_1_5e2581a1dcb203ae.png,0,1851,1854,2250,0.824000,0.235520,4625cc0fa0b1d874baa0298ecaaabdf76254df5a612dc65ad7bc163626fdc26e,projection_exact_count_unverified_token_identity
tok_599715c9981e3dd5,branch_gap_source_box_v1,BG009,M-654,scoring_negative,negative_contains_branch_signs_without_002_y_frame,visual_ltr_catalog_order,2,000,+368-000-091-031+,tmp/002_y_branch_gap_blind_packet/source_crops/BG009_source_crop.png,data/brahmi/source_token_crops_v2/M_654_BG009_2_e47190805c755c0e.png,1851,2060,215,2250,0.095556,0.017645,653367b7ed447f8f2d29b90b6078270680bd4bc7d3afb05fc721e05644913bd8,projection_exact_count_unverified_token_identity
tok_2e073b06a23ce049,branch_gap_source_box_v1,BG009,M-654,scoring_negative,negative_contains_branch_signs_without_002_y_frame,visual_ltr_catalog_reverse,2,091,+368-000-091-031+,tmp/002_y_branch_gap_blind_packet/source_crops/BG009_source_crop.png,data/brahmi/source_token_crops_v2/M_654_BG009_2_e47190805c755c0e.png,1851,2060,215,2250,0.095556,0.017645,653367b7ed447f8f2d29b90b6078270680bd4bc7d3afb05fc721e05644913bd8,projection_exact_count_unverified_token_identity
tok_64e4221379470b6a,branch_gap_source_box_v1,BG009,M-654,scoring_negative,negative_contains_branch_signs_without_002_y_frame,visual_ltr_catalog_order,3,091,+368-000-091-031+,tmp/002_y_branch_gap_blind_packet/source_crops/BG009_source_crop.png,data/brahmi/source_token_crops_v2/M_654_BG009_3_60cace2eed5c15cd.png,2060,2186,132,2250,0.058667,0.008395,a07c1b00ee59e2021227ffbb31e90e86cdcfc72a76ea918e34259f1a385bfac9,projection_exact_count_unverified_token_identity
tok_f300050a452f1eb1,branch_gap_source_box_v1,BG009,M-654,scoring_negative,negative_contains_branch_signs_without_002_y_frame,visual_ltr_catalog_reverse,3,000,+368-000-091-031+,tmp/002_y_branch_gap_blind_packet/source_crops/BG009_source_crop.png,data/brahmi/source_token_crops_v2/M_654_BG009_3_60cace2eed5c15cd.png,2060,2186,132,2250,0.058667,0.008395,a07c1b00ee59e2021227ffbb31e90e86cdcfc72a76ea918e34259f1a385bfac9,projection_exact_count_unverified_token_identity
tok_cb733e8ffa30a9da,branch_gap_source_box_v1,BG009,M-654,scoring_negative,negative_contains_branch_signs_without_002_y_frame,visual_ltr_catalog_order,4,031,+368-000-091-031+,tmp/002_y_branch_gap_blind_packet/source_crops/BG009_source_crop.png,data/brahmi/source_token_crops_v2/M_654_BG009_4_e869ac8750527976.png,2186,2400,217,2250,0.096444,0.053813,9bbe1a625350313301d10dd789a62035f74424e955892e6c2f0212f63d20f13c,projection_exact_count_unverified_token_identity
tok_d4f711c85e486f00,branch_gap_source_box_v1,BG009,M-654,scoring_negative,negative_contains_branch_signs_without_002_y_frame,visual_ltr_catalog_reverse,4,368,+368-000-091-031+,tmp/002_y_branch_gap_blind_packet/source_crops/BG009_source_crop.png,data/brahmi/source_token_crops_v2/M_654_BG009_4_e869ac8750527976.png,2186,2400,217,2250,0.096444,0.053813,9bbe1a625350313301d10dd789a62035f74424e955892e6c2f0212f63d20f13c,projection_exact_count_unverified_token_identity
tok_d900f3b4ab36b5eb,branch_gap_source_box_v1,BG010,M-381,scoring_negative,negative_002_y_not_branch_closure_820_prior_unstable,visual_ltr_catalog_order,1,740,+740-055-220-032-798-002-820+,tmp/002_y_branch_gap_blind_packet/source_crops/BG010_source_crop.png,data/brahmi/source_token_crops_v2/M_381_BG010_1_3468a396068ebf9d.png,113,248,136,631,0.215531,0.088571,7edcf95fde8bba1de3776f41f909e7625667ae79a8843d5d6332510a272ac308,projection_exact_count_unverified_token_identity
tok_843f624f9c769fe6,branch_gap_source_box_v1,BG010,M-381,scoring_negative,negative_002_y_not_branch_closure_820_prior_unstable,visual_ltr_catalog_reverse,1,820,+740-055-220-032-798-002-820+,tmp/002_y_branch_gap_blind_packet/source_crops/BG010_source_crop.png,data/brahmi/source_token_crops_v2/M_381_BG010_1_3468a396068ebf9d.png,113,248,136,631,0.215531,0.088571,7edcf95fde8bba1de3776f41f909e7625667ae79a8843d5d6332510a272ac308,projection_exact_count_unverified_token_identity
tok_2b3290d7f5342e9e,branch_gap_source_box_v1,BG010,M-381,scoring_negative,negative_002_y_not_branch_closure_820_prior_unstable,visual_ltr_catalog_order,2,055,+740-055-220-032-798-002-820+,tmp/002_y_branch_gap_blind_packet/source_crops/BG010_source_crop.png,data/brahmi/source_token_crops_v2/M_381_BG010_2_898491242a5cc691.png,248,484,242,631,0.383518,0.095195,d16bb263d3477e254abe0a42d1f1e215b4e1b3c6baeeae692ab5170ca0ef52cf,projection_exact_count_unverified_token_identity
tok_9a56dd8f6b2d7e2e,branch_gap_source_box_v1,BG010,M-381,scoring_negative,negative_002_y_not_branch_closure_820_prior_unstable,visual_ltr_catalog_reverse,2,002,+740-055-220-032-798-002-820+,tmp/002_y_branch_gap_blind_packet/source_crops/BG010_source_crop.png,data/brahmi/source_token_crops_v2/M_381_BG010_2_898491242a5cc691.png,248,484,242,631,0.383518,0.095195,d16bb263d3477e254abe0a42d1f1e215b4e1b3c6baeeae692ab5170ca0ef52cf,projection_exact_count_unverified_token_identity
tok_75d39ecc2bc5c263,branch_gap_source_box_v1,BG010,M-381,scoring_negative,negative_002_y_not_branch_closure_820_prior_unstable,visual_ltr_catalog_order,3,220,+740-055-220-032-798-002-820+,tmp/002_y_branch_gap_blind_packet/source_crops/BG010_source_crop.png,data/brahmi/source_token_crops_v2/M_381_BG010_3_362e387c85db115e.png,484,562,84,625,0.134400,0.022051,aedd108f487a120036a8e34cb997182d12844f84b420709624a057d420868bd2,projection_exact_count_unverified_token_identity
tok_fffbb3055f73d68f,branch_gap_source_box_v1,BG010,M-381,scoring_negative,negative_002_y_not_branch_closure_820_prior_unstable,visual_ltr_catalog_reverse,3,798,+740-055-220-032-798-002-820+,tmp/002_y_branch_gap_blind_packet/source_crops/BG010_source_crop.png,data/brahmi/source_token_crops_v2/M_381_BG010_3_362e387c85db115e.png,484,562,84,625,0.134400,0.022051,aedd108f487a120036a8e34cb997182d12844f84b420709624a057d420868bd2,projection_exact_count_unverified_token_identity
tok_db0daafe7fc23380,branch_gap_source_box_v1,BG010,M-381,scoring_negative,negative_002_y_not_branch_closure_820_prior_unstable,visual_ltr_catalog_order,4,032,+740-055-220-032-798-002-820+,tmp/002_y_branch_gap_blind_packet/source_crops/BG010_source_crop.png,data/brahmi/source_token_crops_v2/M_381_BG010_4_293290dadb767c9f.png,562,617,61,623,0.097913,0.016423,911854e64dedb747e024bc92ccf87d2ba3e579852b7e4d200f53ac4d3c8a3877,projection_exact_count_unverified_token_identity
tok_b481725202dc8655,branch_gap_source_box_v1,BG010,M-381,scoring_negative,negative_002_y_not_branch_closure_820_prior_unstable,visual_ltr_catalog_reverse,4,032,+740-055-220-032-798-002-820+,tmp/002_y_branch_gap_blind_packet/source_crops/BG010_source_crop.png,data/brahmi/source_token_crops_v2/M_381_BG010_4_293290dadb767c9f.png,562,617,61,623,0.097913,0.016423,911854e64dedb747e024bc92ccf87d2ba3e579852b7e4d200f53ac4d3c8a3877,projection_exact_count_unverified_token_identity
tok_09f496fb0cdefd8c,branch_gap_source_box_v1,BG010,M-381,scoring_negative,negative_002_y_not_branch_closure_820_prior_unstable,visual_ltr_catalog_order,5,798,+740-055-220-032-798-002-820+,tmp/002_y_branch_gap_blind_packet/source_crops/BG010_source_crop.png,data/brahmi/source_token_crops_v2/M_381_BG010_5_c3560720ef002b7f.png,617,671,60,622,0.096463,0.017976,8e27fcb4cf477c68b6b1b908acca85de28588ebbffd0672ce0f6b1c27da85579,projection_exact_count_unverified_token_identity
tok_41c507443f6c3c78,branch_gap_source_box_v1,BG010,M-381,scoring_negative,negative_002_y_not_branch_closure_820_prior_unstable,visual_ltr_catalog_reverse,5,220,+740-055-220-032-798-002-820+,tmp/002_y_branch_gap_blind_packet/source_crops/BG010_source_crop.png,data/brahmi/source_token_crops_v2/M_381_BG010_5_c3560720ef002b7f.png,617,671,60,622,0.096463,0.017976,8e27fcb4cf477c68b6b1b908acca85de28588ebbffd0672ce0f6b1c27da85579,projection_exact_count_unverified_token_identity
tok_88eb55d2eab44ae5,branch_gap_source_box_v1,BG010,M-381,scoring_negative,negative_002_y_not_branch_closure_820_prior_unstable,visual_ltr_catalog_order,6,002,+740-055-220-032-798-002-820+,tmp/002_y_branch_gap_blind_packet/source_crops/BG010_source_crop.png,data/brahmi/source_token_crops_v2/M_381_BG010_6_c2efd242419e7a50.png,671,746,81,619,0.130856,0.024579,a8ab0cf0cb66805de76e4a70869838d1881663c12011ccc8d516e81ba90d8d3c,projection_exact_count_unverified_token_identity
tok_523ad541b111c4dc,branch_gap_source_box_v1,BG010,M-381,scoring_negative,negative_002_y_not_branch_closure_820_prior_unstable,visual_ltr_catalog_reverse,6,055,+740-055-220-032-798-002-820+,tmp/002_y_branch_gap_blind_packet/source_crops/BG010_source_crop.png,data/brahmi/source_token_crops_v2/M_381_BG010_6_c2efd242419e7a50.png,671,746,81,619,0.130856,0.024579,a8ab0cf0cb66805de76e4a70869838d1881663c12011ccc8d516e81ba90d8d3c,projection_exact_count_unverified_token_identity
tok_e10b8ab19d832873,branch_gap_source_box_v1,BG010,M-381,scoring_negative,negative_002_y_not_branch_closure_820_prior_unstable,visual_ltr_catalog_order,7,820,+740-055-220-032-798-002-820+,tmp/002_y_branch_gap_blind_packet/source_crops/BG010_source_crop.png,data/brahmi/source_token_crops_v2/M_381_BG010_7_9f8dcc88985a1f75.png,746,1576,831,617,1.346840,0.212520,52cd8108e5a7011a2d08b37d61ef85d155eb0d2200af6b83d5106dada116f93b,projection_exact_count_unverified_token_identity
tok_70b1666964d97b73,branch_gap_source_box_v1,BG010,M-381,scoring_negative,negative_002_y_not_branch_closure_820_prior_unstable,visual_ltr_catalog_reverse,7,740,+740-055-220-032-798-002-820+,tmp/002_y_branch_gap_blind_packet/source_crops/BG010_source_crop.png,data/brahmi/source_token_crops_v2/M_381_BG010_7_9f8dcc88985a1f75.png,746,1576,831,617,1.346840,0.212520,52cd8108e5a7011a2d08b37d61ef85d155eb0d2200af6b83d5106dada116f93b,projection_exact_count_unverified_token_identity
tok_8cd8ac116ba935ca,branch_gap_source_box_v1,BG011,M-32,scoring_negative,negative_002_y_not_branch_closure_817,visual_ltr_catalog_order,1,390,+390-003-002-817+,tmp/002_y_branch_gap_blind_packet/source_crops/BG011_source_crop.png,data/brahmi/source_token_crops_v2/M_32_BG011_1_c47ef09a6854ff7a.png,89,231,135,369,0.365854,0.052250,b9ed643caa4f5371ed61e19498b2fb5503b5a046e5e1c322963cfdc103274908,projection_exact_count_unverified_token_identity
tok_52780204bca57b48,branch_gap_source_box_v1,BG011,M-32,scoring_negative,negative_002_y_not_branch_closure_817,visual_ltr_catalog_reverse,1,817,+390-003-002-817+,tmp/002_y_branch_gap_blind_packet/source_crops/BG011_source_crop.png,data/brahmi/source_token_crops_v2/M_32_BG011_1_c47ef09a6854ff7a.png,89,231,135,369,0.365854,0.052250,b9ed643caa4f5371ed61e19498b2fb5503b5a046e5e1c322963cfdc103274908,projection_exact_count_unverified_token_identity
tok_f8c77237760a8c90,branch_gap_source_box_v1,BG011,M-32,scoring_negative,negative_002_y_not_branch_closure_817,visual_ltr_catalog_order,2,003,+390-003-002-817+,tmp/002_y_branch_gap_blind_packet/source_crops/BG011_source_crop.png,data/brahmi/source_token_crops_v2/M_32_BG011_2_982ef947f6ef34aa.png,231,359,114,207,0.550725,0.101566,c40dd6ee2a7f774aa5b7ffa82c59464e436f763a2e7fe705836554d4fccba23b,projection_exact_count_unverified_token_identity
tok_0f3aae7653e58d20,branch_gap_source_box_v1,BG011,M-32,scoring_negative,negative_002_y_not_branch_closure_817,visual_ltr_catalog_reverse,2,002,+390-003-002-817+,tmp/002_y_branch_gap_blind_packet/source_crops/BG011_source_crop.png,data/brahmi/source_token_crops_v2/M_32_BG011_2_982ef947f6ef34aa.png,231,359,114,207,0.550725,0.101566,c40dd6ee2a7f774aa5b7ffa82c59464e436f763a2e7fe705836554d4fccba23b,projection_exact_count_unverified_token_identity
tok_d9819ce577422986,branch_gap_source_box_v1,BG011,M-32,scoring_negative,negative_002_y_not_branch_closure_817,visual_ltr_catalog_order,3,002,+390-003-002-817+,tmp/002_y_branch_gap_blind_packet/source_crops/BG011_source_crop.png,data/brahmi/source_token_crops_v2/M_32_BG011_3_87222672c7c7c594.png,359,407,34,82,0.414634,0.161756,2987cec190f9663de5478b85c64d95919d2549c6cc4d3a5cd4e8e5675d0ab691,projection_exact_count_unverified_token_identity
tok_3851867d241533d0,branch_gap_source_box_v1,BG011,M-32,scoring_negative,negative_002_y_not_branch_closure_817,visual_ltr_catalog_reverse,3,003,+390-003-002-817+,tmp/002_y_branch_gap_blind_packet/source_crops/BG011_source_crop.png,data/brahmi/source_token_crops_v2/M_32_BG011_3_87222672c7c7c594.png,359,407,34,82,0.414634,0.161756,2987cec190f9663de5478b85c64d95919d2549c6cc4d3a5cd4e8e5675d0ab691,projection_exact_count_unverified_token_identity
tok_c1955e93f4423bf8,branch_gap_source_box_v1,BG011,M-32,scoring_negative,negative_002_y_not_branch_closure_817,visual_ltr_catalog_order,4,817,+390-003-002-817+,tmp/002_y_branch_gap_blind_packet/source_crops/BG011_source_crop.png,data/brahmi/source_token_crops_v2/M_32_BG011_4_3251be6bdb1110fd.png,407,520,102,251,0.406375,0.098095,1142b93c60569806d00b8e1d81a22126efd2e1c17de056e19029567a76190a43,projection_exact_count_unverified_token_identity
tok_a088ccb1ff93f17a,branch_gap_source_box_v1,BG011,M-32,scoring_negative,negative_002_y_not_branch_closure_817,visual_ltr_catalog_reverse,4,390,+390-003-002-817+,tmp/002_y_branch_gap_blind_packet/source_crops/BG011_source_crop.png,data/brahmi/source_token_crops_v2/M_32_BG011_4_3251be6bdb1110fd.png,407,520,102,251,0.406375,0.098095,1142b93c60569806d00b8e1d81a22126efd2e1c17de056e19029567a76190a43,projection_exact_count_unverified_token_identity
tok_91e8f1aea76961a7,branch_gap_source_box_v1,BG012,M-17,scoring_negative,negative_002_y_not_branch_other_y,visual_ltr_catalog_order,1,390,+390-016-002-814-560+,tmp/002_y_branch_gap_blind_packet/source_crops/BG012_source_crop.png,data/brahmi/source_token_crops_v2/M_17_BG012_1_62dd6c03950a7944.png,30,87,58,288,0.201389,0.049841,bac2127d542339a1398d07e37fb4a3eca59920d4c83e35e939efacf315ed1374,projection_exact_count_unverified_token_identity
tok_f2b3c27fe524c022,branch_gap_source_box_v1,BG012,M-17,scoring_negative,negative_002_y_not_branch_other_y,visual_ltr_catalog_reverse,1,560,+390-016-002-814-560+,tmp/002_y_branch_gap_blind_packet/source_crops/BG012_source_crop.png,data/brahmi/source_token_crops_v2/M_17_BG012_1_62dd6c03950a7944.png,30,87,58,288,0.201389,0.049841,bac2127d542339a1398d07e37fb4a3eca59920d4c83e35e939efacf315ed1374,projection_exact_count_unverified_token_identity
tok_210ae8fbf89957a6,branch_gap_source_box_v1,BG012,M-17,scoring_negative,negative_002_y_not_branch_other_y,visual_ltr_catalog_order,2,016,+390-016-002-814-560+,tmp/002_y_branch_gap_blind_packet/source_crops/BG012_source_crop.png,data/brahmi/source_token_crops_v2/M_17_BG012_2_42465cd75c92cf5c.png,87,345,253,293,0.863481,0.295385,52007a1957fbfca9b2726b23ecb06b36f265e3bfc49e4b23e796b20fbbd0225c,projection_exact_count_unverified_token_identity
tok_6526b8eaceb88131,branch_gap_source_box_v1,BG012,M-17,scoring_negative,negative_002_y_not_branch_other_y,visual_ltr_catalog_reverse,2,814,+390-016-002-814-560+,tmp/002_y_branch_gap_blind_packet/source_crops/BG012_source_crop.png,data/brahmi/source_token_crops_v2/M_17_BG012_2_42465cd75c92cf5c.png,87,345,253,293,0.863481,0.295385,52007a1957fbfca9b2726b23ecb06b36f265e3bfc49e4b23e796b20fbbd0225c,projection_exact_count_unverified_token_identity
tok_6a264ada97f1af9c,branch_gap_source_box_v1,BG012,M-17,scoring_negative,negative_002_y_not_branch_other_y,visual_ltr_catalog_order,3,002,+390-016-002-814-560+,tmp/002_y_branch_gap_blind_packet/source_crops/BG012_source_crop.png,data/brahmi/source_token_crops_v2/M_17_BG012_3_b8928a1e984c81db.png,345,385,38,103,0.368932,0.123505,eb549a83fd60d9b2a462bfac09b5ce6a8b814e534e6b7aadc65a91d2a005806b,projection_exact_count_unverified_token_identity
tok_26ba60d5ad4f9e01,branch_gap_source_box_v1,BG012,M-17,scoring_negative,negative_002_y_not_branch_other_y,visual_ltr_catalog_reverse,3,002,+390-016-002-814-560+,tmp/002_y_branch_gap_blind_packet/source_crops/BG012_source_crop.png,data/brahmi/source_token_crops_v2/M_17_BG012_3_b8928a1e984c81db.png,345,385,38,103,0.368932,0.123505,eb549a83fd60d9b2a462bfac09b5ce6a8b814e534e6b7aadc65a91d2a005806b,projection_exact_count_unverified_token_identity
tok_6ecb02f557abd464,branch_gap_source_box_v1,BG012,M-17,scoring_negative,negative_002_y_not_branch_other_y,visual_ltr_catalog_order,4,814,+390-016-002-814-560+,tmp/002_y_branch_gap_blind_packet/source_crops/BG012_source_crop.png,data/brahmi/source_token_crops_v2/M_17_BG012_4_7bcbdd24bf2dbb1c.png,385,435,49,269,0.182156,0.026436,2dc211524508c4fe07460d87a420682c487f715ee61f502c41a1661e0d0c2789,projection_exact_count_unverified_token_identity
tok_775f183f81226dc3,branch_gap_source_box_v1,BG012,M-17,scoring_negative,negative_002_y_not_branch_other_y,visual_ltr_catalog_reverse,4,016,+390-016-002-814-560+,tmp/002_y_branch_gap_blind_packet/source_crops/BG012_source_crop.png,data/brahmi/source_token_crops_v2/M_17_BG012_4_7bcbdd24bf2dbb1c.png,385,435,49,269,0.182156,0.026436,2dc211524508c4fe07460d87a420682c487f715ee61f502c41a1661e0d0c2789,projection_exact_count_unverified_token_identity
tok_740b33754305c815,branch_gap_source_box_v1,BG012,M-17,scoring_negative,negative_002_y_not_branch_other_y,visual_ltr_catalog_order,5,560,+390-016-002-814-560+,tmp/002_y_branch_gap_blind_packet/source_crops/BG012_source_crop.png,data/brahmi/source_token_crops_v2/M_17_BG012_5_673592532d770077.png,435,560,116,283,0.409894,0.119629,95f2477d9104af1ac8704ff15567cc6dc8b45111ef3d4978d2ea2d0a0b928b5f,projection_exact_count_unverified_token_identity
tok_edeef2e8d05e7a79,branch_gap_source_box_v1,BG012,M-17,scoring_negative,negative_002_y_not_branch_other_y,visual_ltr_catalog_reverse,5,390,+390-016-002-814-560+,tmp/002_y_branch_gap_blind_packet/source_crops/BG012_source_crop.png,data/brahmi/source_token_crops_v2/M_17_BG012_5_673592532d770077.png,435,560,116,283,0.409894,0.119629,95f2477d9104af1ac8704ff15567cc6dc8b45111ef3d4978d2ea2d0a0b928b5f,projection_exact_count_unverified_token_identity
tok_251650f99d03c919,branch_gap_source_box_v1,BG013,H-449,quarantine_negative_not_scoring,quarantine_false_route_h44_prefix_trap,visual_ltr_catalog_order,1,740,+740-390-590-240-741-390-728+,tmp/002_y_branch_gap_blind_packet/source_crops/BG013_source_crop.png,data/brahmi/source_token_crops_v2/H_449_BG013_1_a5824d363948a453.png,0,214,217,1100,0.197273,0.118544,5c73f2e5f7e1c72aecf71f16381eb9b712113412fee6c6e3d7e8e469171f92da,projection_exact_count_unverified_token_identity
tok_6b5fab727a332bef,branch_gap_source_box_v1,BG013,H-449,quarantine_negative_not_scoring,quarantine_false_route_h44_prefix_trap,visual_ltr_catalog_reverse,1,728,+740-390-590-240-741-390-728+,tmp/002_y_branch_gap_blind_packet/source_crops/BG013_source_crop.png,data/brahmi/source_token_crops_v2/H_449_BG013_1_a5824d363948a453.png,0,214,217,1100,0.197273,0.118544,5c73f2e5f7e1c72aecf71f16381eb9b712113412fee6c6e3d7e8e469171f92da,projection_exact_count_unverified_token_identity
tok_fa3db63930600baa,branch_gap_source_box_v1,BG013,H-449,quarantine_negative_not_scoring,quarantine_false_route_h44_prefix_trap,visual_ltr_catalog_order,2,390,+740-390-590-240-741-390-728+,tmp/002_y_branch_gap_blind_packet/source_crops/BG013_source_crop.png,data/brahmi/source_token_crops_v2/H_449_BG013_2_6d0f2e8a725d854b.png,214,262,54,711,0.075949,0.010568,7e3816516b623fe2f74714ee805b10120ee39f5f44ad75b0e5e9561da5a6562b,projection_exact_count_unverified_token_identity
tok_3fae498e046beb74,branch_gap_source_box_v1,BG013,H-449,quarantine_negative_not_scoring,quarantine_false_route_h44_prefix_trap,visual_ltr_catalog_reverse,2,390,+740-390-590-240-741-390-728+,tmp/002_y_branch_gap_blind_packet/source_crops/BG013_source_crop.png,data/brahmi/source_token_crops_v2/H_449_BG013_2_6d0f2e8a725d854b.png,214,262,54,711,0.075949,0.010568,7e3816516b623fe2f74714ee805b10120ee39f5f44ad75b0e5e9561da5a6562b,projection_exact_count_unverified_token_identity
tok_d1a1b03d5467163d,branch_gap_source_box_v1,BG013,H-449,quarantine_negative_not_scoring,quarantine_false_route_h44_prefix_trap,visual_ltr_catalog_order,3,590,+740-390-590-240-741-390-728+,tmp/002_y_branch_gap_blind_packet/source_crops/BG013_source_crop.png,data/brahmi/source_token_crops_v2/H_449_BG013_3_7743b7f3c490e73d.png,262,311,55,754,0.072944,0.009990,25b1df54f169d2fb279549504f53746eab27fab0a845f964d5278dae510f3489,projection_exact_count_unverified_token_identity
tok_1e6d9a5db5271670,branch_gap_source_box_v1,BG013,H-449,quarantine_negative_not_scoring,quarantine_false_route_h44_prefix_trap,visual_ltr_catalog_reverse,3,741,+740-390-590-240-741-390-728+,tmp/002_y_branch_gap_blind_packet/source_crops/BG013_source_crop.png,data/brahmi/source_token_crops_v2/H_449_BG013_3_7743b7f3c490e73d.png,262,311,55,754,0.072944,0.009990,25b1df54f169d2fb279549504f53746eab27fab0a845f964d5278dae510f3489,projection_exact_count_unverified_token_identity
tok_ec6d36352df318a3,branch_gap_source_box_v1,BG013,H-449,quarantine_negative_not_scoring,quarantine_false_route_h44_prefix_trap,visual_ltr_catalog_order,4,240,+740-390-590-240-741-390-728+,tmp/002_y_branch_gap_blind_packet/source_crops/BG013_source_crop.png,data/brahmi/source_token_crops_v2/H_449_BG013_4_af77fd211f6d6ead.png,311,337,32,273,0.117216,0.049782,7b27344ac1053e10ba0e79a855d063420d172be5840b464b635d986b13c3e6f4,projection_exact_count_unverified_token_identity
tok_79de0745a0383574,branch_gap_source_box_v1,BG013,H-449,quarantine_negative_not_scoring,quarantine_false_route_h44_prefix_trap,visual_ltr_catalog_reverse,4,240,+740-390-590-240-741-390-728+,tmp/002_y_branch_gap_blind_packet/source_crops/BG013_source_crop.png,data/brahmi/source_token_crops_v2/H_449_BG013_4_af77fd211f6d6ead.png,311,337,32,273,0.117216,0.049782,7b27344ac1053e10ba0e79a855d063420d172be5840b464b635d986b13c3e6f4,projection_exact_count_unverified_token_identity
tok_3ad720ae8c29916f,branch_gap_source_box_v1,BG013,H-449,quarantine_negative_not_scoring,quarantine_false_route_h44_prefix_trap,visual_ltr_catalog_order,5,741,+740-390-590-240-741-390-728+,tmp/002_y_branch_gap_blind_packet/source_crops/BG013_source_crop.png,data/brahmi/source_token_crops_v2/H_449_BG013_5_6bef452d97c85b62.png,337,424,93,902,0.103104,0.011498,adae5d9e52dea9d8ac295239ab85123e49b40bf500d32b76a07ea6976db7c7c0,projection_exact_count_unverified_token_identity
tok_43ac1e42e5ec585f,branch_gap_source_box_v1,BG013,H-449,quarantine_negative_not_scoring,quarantine_false_route_h44_prefix_trap,visual_ltr_catalog_reverse,5,590,+740-390-590-240-741-390-728+,tmp/002_y_branch_gap_blind_packet/source_crops/BG013_source_crop.png,data/brahmi/source_token_crops_v2/H_449_BG013_5_6bef452d97c85b62.png,337,424,93,902,0.103104,0.011498,adae5d9e52dea9d8ac295239ab85123e49b40bf500d32b76a07ea6976db7c7c0,projection_exact_count_unverified_token_identity
tok_3ac5467d31348bd9,branch_gap_source_box_v1,BG013,H-449,quarantine_negative_not_scoring,quarantine_false_route_h44_prefix_trap,visual_ltr_catalog_order,6,390,+740-390-590-240-741-390-728+,tmp/002_y_branch_gap_blind_packet/source_crops/BG013_source_crop.png,data/brahmi/source_token_crops_v2/H_449_BG013_6_a073708ca46a071a.png,424,981,563,1100,0.511818,0.122227,d5570941d7e99efcbcbf1ac220434b21e9663fae7195dd7f464b3bd10029d519,projection_exact_count_unverified_token_identity
tok_791722cd26cc5fb3,branch_gap_source_box_v1,BG013,H-449,quarantine_negative_not_scoring,quarantine_false_route_h44_prefix_trap,visual_ltr_catalog_reverse,6,390,+740-390-590-240-741-390-728+,tmp/002_y_branch_gap_blind_packet/source_crops/BG013_source_crop.png,data/brahmi/source_token_crops_v2/H_449_BG013_6_a073708ca46a071a.png,424,981,563,1100,0.511818,0.122227,d5570941d7e99efcbcbf1ac220434b21e9663fae7195dd7f464b3bd10029d519,projection_exact_count_unverified_token_identity
tok_07da929ce5c7f7e8,branch_gap_source_box_v1,BG013,H-449,quarantine_negative_not_scoring,quarantine_false_route_h44_prefix_trap,visual_ltr_catalog_order,7,728,+740-390-590-240-741-390-728+,tmp/002_y_branch_gap_blind_packet/source_crops/BG013_source_crop.png,data/brahmi/source_token_crops_v2/H_449_BG013_7_cc4a3913f1eb15fb.png,981,1250,272,1073,0.253495,0.086425,a9d8640b298508daa68fe4bbb110d0ee3d088caa94d3d127fca7272ec9572f7e,projection_exact_count_unverified_token_identity
tok_32ff5014cdcfd4f4,branch_gap_source_box_v1,BG013,H-449,quarantine_negative_not_scoring,quarantine_false_route_h44_prefix_trap,visual_ltr_catalog_reverse,7,740,+740-390-590-240-741-390-728+,tmp/002_y_branch_gap_blind_packet/source_crops/BG013_source_crop.png,data/brahmi/source_token_crops_v2/H_449_BG013_7_cc4a3913f1eb15fb.png,981,1250,272,1073,0.253495,0.086425,a9d8640b298508daa68fe4bbb110d0ee3d088caa94d3d127fca7272ec9572f7e,projection_exact_count_unverified_token_identity
tok_6c9be2f4b86d43bf,m70_order_window_pilot_v1,B001,M-70,primary_target_face,target_032_002_390_692_face_order_window,visual_ltr_catalog_order,1,226,+226-032-002-390-692+,tmp/032_002_branch_tail_source_acquisition/M70_face_A_signband_from_cisi_india_n066.png,data/brahmi/source_token_crops_v2/M_70_B001_1_a71759f0c1b6d9b3.png,119,145,27,185,0.145946,0.033211,fce6dc7b40b66ffedda3a63d7cb74a8e14aa59b91d3c0ddeffa6ef60be2160f5,projection_exact_count_unverified_token_identity
tok_64c941848c4be25e,m70_order_window_pilot_v1,B001,M-70,primary_target_face,target_032_002_390_692_face_order_window,visual_ltr_catalog_reverse,1,692,+226-032-002-390-692+,tmp/032_002_branch_tail_source_acquisition/M70_face_A_signband_from_cisi_india_n066.png,data/brahmi/source_token_crops_v2/M_70_B001_1_a71759f0c1b6d9b3.png,119,145,27,185,0.145946,0.033211,fce6dc7b40b66ffedda3a63d7cb74a8e14aa59b91d3c0ddeffa6ef60be2160f5,projection_exact_count_unverified_token_identity
tok_3b13f764155f247d,m70_order_window_pilot_v1,B001,M-70,primary_target_face,target_032_002_390_692_face_order_window,visual_ltr_catalog_order,2,032,+226-032-002-390-692+,tmp/032_002_branch_tail_source_acquisition/M70_face_A_signband_from_cisi_india_n066.png,data/brahmi/source_token_crops_v2/M_70_B001_2_7d422dee267e4d5a.png,145,167,28,187,0.149733,0.038628,a891ebb1b2e5d783f394a46f59f629ce6db5bc28367de9614b1ca687f1cd3a47,projection_exact_count_unverified_token_identity
tok_097eb8bc3c0ee835,m70_order_window_pilot_v1,B001,M-70,primary_target_face,target_032_002_390_692_face_order_window,visual_ltr_catalog_reverse,2,390,+226-032-002-390-692+,tmp/032_002_branch_tail_source_acquisition/M70_face_A_signband_from_cisi_india_n066.png,data/brahmi/source_token_crops_v2/M_70_B001_2_7d422dee267e4d5a.png,145,167,28,187,0.149733,0.038628,a891ebb1b2e5d783f394a46f59f629ce6db5bc28367de9614b1ca687f1cd3a47,projection_exact_count_unverified_token_identity
tok_78f7cf90fb520040,m70_order_window_pilot_v1,B001,M-70,primary_target_face,target_032_002_390_692_face_order_window,visual_ltr_catalog_order,3,002,+226-032-002-390-692+,tmp/032_002_branch_tail_source_acquisition/M70_face_A_signband_from_cisi_india_n066.png,data/brahmi/source_token_crops_v2/M_70_B001_3_c23abf54ab1de12f.png,167,350,189,189,1.000000,0.409729,b4d9fcfae37c3c47e9219bbfedaf70e7dc5497d2043ca00979907a557bf33ed1,projection_exact_count_unverified_token_identity
tok_a6a65e1d078bcbe0,m70_order_window_pilot_v1,B001,M-70,primary_target_face,target_032_002_390_692_face_order_window,visual_ltr_catalog_reverse,3,002,+226-032-002-390-692+,tmp/032_002_branch_tail_source_acquisition/M70_face_A_signband_from_cisi_india_n066.png,data/brahmi/source_token_crops_v2/M_70_B001_3_c23abf54ab1de12f.png,167,350,189,189,1.000000,0.409729,b4d9fcfae37c3c47e9219bbfedaf70e7dc5497d2043ca00979907a557bf33ed1,projection_exact_count_unverified_token_identity
tok_b99841be48ffe32a,m70_order_window_pilot_v1,B001,M-70,primary_target_face,target_032_002_390_692_face_order_window,visual_ltr_catalog_order,4,390,+226-032-002-390-692+,tmp/032_002_branch_tail_source_acquisition/M70_face_A_signband_from_cisi_india_n066.png,data/brahmi/source_token_crops_v2/M_70_B001_4_89380b5e038df778.png,350,617,273,190,1.436842,0.343725,45405ef5b4f5e54b8dd313d955df3eb63e822de6e4c49a4a3cdb4388318cac56,projection_exact_count_unverified_token_identity
tok_7ba192a7ea0e28a0,m70_order_window_pilot_v1,B001,M-70,primary_target_face,target_032_002_390_692_face_order_window,visual_ltr_catalog_reverse,4,032,+226-032-002-390-692+,tmp/032_002_branch_tail_source_acquisition/M70_face_A_signband_from_cisi_india_n066.png,data/brahmi/source_token_crops_v2/M_70_B001_4_89380b5e038df778.png,350,617,273,190,1.436842,0.343725,45405ef5b4f5e54b8dd313d955df3eb63e822de6e4c49a4a3cdb4388318cac56,projection_exact_count_unverified_token_identity
tok_6cfad7658dd88d38,m70_order_window_pilot_v1,B001,M-70,primary_target_face,target_032_002_390_692_face_order_window,visual_ltr_catalog_order,5,692,+226-032-002-390-692+,tmp/032_002_branch_tail_source_acquisition/M70_face_A_signband_from_cisi_india_n066.png,data/brahmi/source_token_crops_v2/M_70_B001_5_1aa3f033f6ff8ba8.png,617,805,191,197,0.969543,0.464959,5b7315ce102fb89f6d9b2f511c228df375db33eb6eb7867a6fb7732910fe8a1b,projection_exact_count_unverified_token_identity
tok_813a9018e90fda08,m70_order_window_pilot_v1,B001,M-70,primary_target_face,target_032_002_390_692_face_order_window,visual_ltr_catalog_reverse,5,226,+226-032-002-390-692+,tmp/032_002_branch_tail_source_acquisition/M70_face_A_signband_from_cisi_india_n066.png,data/brahmi/source_token_crops_v2/M_70_B001_5_1aa3f033f6ff8ba8.png,617,805,191,197,0.969543,0.464959,5b7315ce102fb89f6d9b2f511c228df375db33eb6eb7867a6fb7732910fe8a1b,projection_exact_count_unverified_token_identity
tok_487438946b71f5ab,m70_order_window_pilot_v1,B002,M-70,primary_target_impression,target_032_002_390_692_impression_order_window,visual_ltr_catalog_order,1,226,+226-032-002-390-692+,tmp/032_002_branch_tail_source_acquisition/M70_impression_a_signband_from_cisi_india_n066.png,data/brahmi/source_token_crops_v2/M_70_B002_1_d0914a73c16cb662.png,197,222,26,166,0.156627,0.013850,584b6067cb010b58880b15b6ed4c0c5e7dbcea8933a0c94afa70e754486da180,projection_exact_count_unverified_token_identity
tok_c58c978793e877c3,m70_order_window_pilot_v1,B002,M-70,primary_target_impression,target_032_002_390_692_impression_order_window,visual_ltr_catalog_reverse,1,692,+226-032-002-390-692+,tmp/032_002_branch_tail_source_acquisition/M70_impression_a_signband_from_cisi_india_n066.png,data/brahmi/source_token_crops_v2/M_70_B002_1_d0914a73c16cb662.png,197,222,26,166,0.156627,0.013850,584b6067cb010b58880b15b6ed4c0c5e7dbcea8933a0c94afa70e754486da180,projection_exact_count_unverified_token_identity
tok_6e1e25c6d5d4b4c5,m70_order_window_pilot_v1,B002,M-70,primary_target_impression,target_032_002_390_692_impression_order_window,visual_ltr_catalog_order,2,032,+226-032-002-390-692+,tmp/032_002_branch_tail_source_acquisition/M70_impression_a_signband_from_cisi_india_n066.png,data/brahmi/source_token_crops_v2/M_70_B002_2_d6a02f7df7f429e7.png,222,417,191,204,0.936275,0.305935,e45c0691a9eae9436598e1c4201ec4b78158c23929ff91b6c2e2236cac5ead31,projection_exact_count_unverified_token_identity
tok_d66f4c7ccd3ea8f9,m70_order_window_pilot_v1,B002,M-70,primary_target_impression,target_032_002_390_692_impression_order_window,visual_ltr_catalog_reverse,2,390,+226-032-002-390-692+,tmp/032_002_branch_tail_source_acquisition/M70_impression_a_signband_from_cisi_india_n066.png,data/brahmi/source_token_crops_v2/M_70_B002_2_d6a02f7df7f429e7.png,222,417,191,204,0.936275,0.305935,e45c0691a9eae9436598e1c4201ec4b78158c23929ff91b6c2e2236cac5ead31,projection_exact_count_unverified_token_identity
tok_662aefe289e7ab43,m70_order_window_pilot_v1,B002,M-70,primary_target_impression,target_032_002_390_692_impression_order_window,visual_ltr_catalog_order,3,002,+226-032-002-390-692+,tmp/032_002_branch_tail_source_acquisition/M70_impression_a_signband_from_cisi_india_n066.png,data/brahmi/source_token_crops_v2/M_70_B002_3_4ca2841a510efa3b.png,417,592,165,190,0.868421,0.269831,598e371240aa999266cfac487f68c08c2ffa169bf33a3c281a26fdc9c3dc6a56,projection_exact_count_unverified_token_identity
tok_8c8e3b29b27e1ddb,m70_order_window_pilot_v1,B002,M-70,primary_target_impression,target_032_002_390_692_impression_order_window,visual_ltr_catalog_reverse,3,002,+226-032-002-390-692+,tmp/032_002_branch_tail_source_acquisition/M70_impression_a_signband_from_cisi_india_n066.png,data/brahmi/source_token_crops_v2/M_70_B002_3_4ca2841a510efa3b.png,417,592,165,190,0.868421,0.269831,598e371240aa999266cfac487f68c08c2ffa169bf33a3c281a26fdc9c3dc6a56,projection_exact_count_unverified_token_identity
tok_3c2fc092ce7482f4,m70_order_window_pilot_v1,B002,M-70,primary_target_impression,target_032_002_390_692_impression_order_window,visual_ltr_catalog_order,4,390,+226-032-002-390-692+,tmp/032_002_branch_tail_source_acquisition/M70_impression_a_signband_from_cisi_india_n066.png,data/brahmi/source_token_crops_v2/M_70_B002_4_0c78bd2f2f8e5fcc.png,592,674,78,192,0.406250,0.113702,30a434ce39c9b333db5c798630ed446ec0212e75857344633770f92eebd0639e,projection_exact_count_unverified_token_identity
tok_5f690fa13950780b,m70_order_window_pilot_v1,B002,M-70,primary_target_impression,target_032_002_390_692_impression_order_window,visual_ltr_catalog_reverse,4,032,+226-032-002-390-692+,tmp/032_002_branch_tail_source_acquisition/M70_impression_a_signband_from_cisi_india_n066.png,data/brahmi/source_token_crops_v2/M_70_B002_4_0c78bd2f2f8e5fcc.png,592,674,78,192,0.406250,0.113702,30a434ce39c9b333db5c798630ed446ec0212e75857344633770f92eebd0639e,projection_exact_count_unverified_token_identity
tok_69cd7cb99c039f0d,m70_order_window_pilot_v1,B002,M-70,primary_target_impression,target_032_002_390_692_impression_order_window,visual_ltr_catalog_order,5,692,+226-032-002-390-692+,tmp/032_002_branch_tail_source_acquisition/M70_impression_a_signband_from_cisi_india_n066.png,data/brahmi/source_token_crops_v2/M_70_B002_5_021ee4c2d369901c.png,674,909,236,199,1.185930,0.209818,896bd126320887981349165424ac1f7d05417ee16e3f5afaa341b48274a36da3,projection_exact_count_unverified_token_identity
tok_c7a8fb54f1b71041,m70_order_window_pilot_v1,B002,M-70,primary_target_impression,target_032_002_390_692_impression_order_window,visual_ltr_catalog_reverse,5,226,+226-032-002-390-692+,tmp/032_002_branch_tail_source_acquisition/M70_impression_a_signband_from_cisi_india_n066.png,data/brahmi/source_token_crops_v2/M_70_B002_5_021ee4c2d369901c.png,674,909,236,199,1.185930,0.209818,896bd126320887981349165424ac1f7d05417ee16e3f5afaa341b48274a36da3,projection_exact_count_unverified_token_identity
tok_59c1be2ccedf0fc9,m70_order_window_pilot_v1,B004,M-240,positive_calibrator,positive_032_002_861_603_order_window,visual_ltr_catalog_order,1,520,+520-240-220-032-002-861-603+,tmp/032_002_branch_tail_source_acquisition/M240_impression_a_signband_from_cisi_india_n095.png,data/brahmi/source_token_crops_v2/M_240_B004_1_9716c415a8e783c9.png,80,116,36,232,0.155172,0.039155,fd336dc1ee076351fc740407eb1c4390f44eb976ae9f6f61ed9b19e2ed9335f2,projection_exact_count_unverified_token_identity
tok_e93453f1b2ef64bb,m70_order_window_pilot_v1,B004,M-240,positive_calibrator,positive_032_002_861_603_order_window,visual_ltr_catalog_reverse,1,603,+520-240-220-032-002-861-603+,tmp/032_002_branch_tail_source_acquisition/M240_impression_a_signband_from_cisi_india_n095.png,data/brahmi/source_token_crops_v2/M_240_B004_1_9716c415a8e783c9.png,80,116,36,232,0.155172,0.039155,fd336dc1ee076351fc740407eb1c4390f44eb976ae9f6f61ed9b19e2ed9335f2,projection_exact_count_unverified_token_identity
tok_71f7a3d109fe4387,m70_order_window_pilot_v1,B004,M-240,positive_calibrator,positive_032_002_861_603_order_window,visual_ltr_catalog_order,2,240,+520-240-220-032-002-861-603+,tmp/032_002_branch_tail_source_acquisition/M240_impression_a_signband_from_cisi_india_n095.png,data/brahmi/source_token_crops_v2/M_240_B004_2_7e146a89f16657f4.png,116,231,119,223,0.533632,0.154570,a7181decce09014a3c5870a1156affcc9f28a3aee17606f5deaa760a5b2251e4,projection_exact_count_unverified_token_identity
tok_d54bd8dc537bf518,m70_order_window_pilot_v1,B004,M-240,positive_calibrator,positive_032_002_861_603_order_window,visual_ltr_catalog_reverse,2,861,+520-240-220-032-002-861-603+,tmp/032_002_branch_tail_source_acquisition/M240_impression_a_signband_from_cisi_india_n095.png,data/brahmi/source_token_crops_v2/M_240_B004_2_7e146a89f16657f4.png,116,231,119,223,0.533632,0.154570,a7181decce09014a3c5870a1156affcc9f28a3aee17606f5deaa760a5b2251e4,projection_exact_count_unverified_token_identity
tok_db1048ae2ad0a678,m70_order_window_pilot_v1,B004,M-240,positive_calibrator,positive_032_002_861_603_order_window,visual_ltr_catalog_order,3,220,+520-240-220-032-002-861-603+,tmp/032_002_branch_tail_source_acquisition/M240_impression_a_signband_from_cisi_india_n095.png,data/brahmi/source_token_crops_v2/M_240_B004_3_9477e2b7daea075f.png,231,280,55,232,0.237069,0.043042,5f6a4b0b1c09a43816816dc58e37c86f2ee2763c75aef27e528aa4be1bb53ccb,projection_exact_count_unverified_token_identity
tok_4fb371865d6fea9e,m70_order_window_pilot_v1,B004,M-240,positive_calibrator,positive_032_002_861_603_order_window,visual_ltr_catalog_reverse,3,002,+520-240-220-032-002-861-603+,tmp/032_002_branch_tail_source_acquisition/M240_impression_a_signband_from_cisi_india_n095.png,data/brahmi/source_token_crops_v2/M_240_B004_3_9477e2b7daea075f.png,231,280,55,232,0.237069,0.043042,5f6a4b0b1c09a43816816dc58e37c86f2ee2763c75aef27e528aa4be1bb53ccb,projection_exact_count_unverified_token_identity
tok_2a747845545fd019,m70_order_window_pilot_v1,B004,M-240,positive_calibrator,positive_032_002_861_603_order_window,visual_ltr_catalog_order,4,032,+520-240-220-032-002-861-603+,tmp/032_002_branch_tail_source_acquisition/M240_impression_a_signband_from_cisi_india_n095.png,data/brahmi/source_token_crops_v2/M_240_B004_4_2853dfc1dfc575d6.png,280,434,160,232,0.689655,0.271226,49d2fb044ff554f6e036d2a584c942217e23751a955fdf6338a91dc9ed9ae9eb,projection_exact_count_unverified_token_identity
tok_ac22a24a956e9d3c,m70_order_window_pilot_v1,B004,M-240,positive_calibrator,positive_032_002_861_603_order_window,visual_ltr_catalog_reverse,4,032,+520-240-220-032-002-861-603+,tmp/032_002_branch_tail_source_acquisition/M240_impression_a_signband_from_cisi_india_n095.png,data/brahmi/source_token_crops_v2/M_240_B004_4_2853dfc1dfc575d6.png,280,434,160,232,0.689655,0.271226,49d2fb044ff554f6e036d2a584c942217e23751a955fdf6338a91dc9ed9ae9eb,projection_exact_count_unverified_token_identity
tok_4e2da54471a865d2,m70_order_window_pilot_v1,B004,M-240,positive_calibrator,positive_032_002_861_603_order_window,visual_ltr_catalog_order,5,002,+520-240-220-032-002-861-603+,tmp/032_002_branch_tail_source_acquisition/M240_impression_a_signband_from_cisi_india_n095.png,data/brahmi/source_token_crops_v2/M_240_B004_5_3a4c5139dcefd86c.png,434,470,38,232,0.163793,0.039165,3ec15fee2184ca46ab29751e86e052b83bebcf8faada61bd39e6bae9b3c77d8b,projection_exact_count_unverified_token_identity
tok_7bca84f76060f88a,m70_order_window_pilot_v1,B004,M-240,positive_calibrator,positive_032_002_861_603_order_window,visual_ltr_catalog_reverse,5,220,+520-240-220-032-002-861-603+,tmp/032_002_branch_tail_source_acquisition/M240_impression_a_signband_from_cisi_india_n095.png,data/brahmi/source_token_crops_v2/M_240_B004_5_3a4c5139dcefd86c.png,434,470,38,232,0.163793,0.039165,3ec15fee2184ca46ab29751e86e052b83bebcf8faada61bd39e6bae9b3c77d8b,projection_exact_count_unverified_token_identity
tok_a99fe19583e57580,m70_order_window_pilot_v1,B004,M-240,positive_calibrator,positive_032_002_861_603_order_window,visual_ltr_catalog_order,6,861,+520-240-220-032-002-861-603+,tmp/032_002_branch_tail_source_acquisition/M240_impression_a_signband_from_cisi_india_n095.png,data/brahmi/source_token_crops_v2/M_240_B004_6_82dbcef3ac5cc76e.png,470,676,206,233,0.884120,0.308215,d3bd94b23f48026be6fed5e3de80c39e61ddbcd53b9b6fa10d98406552cc2ab0,projection_exact_count_unverified_token_identity
tok_28518f55b6696aa1,m70_order_window_pilot_v1,B004,M-240,positive_calibrator,positive_032_002_861_603_order_window,visual_ltr_catalog_reverse,6,240,+520-240-220-032-002-861-603+,tmp/032_002_branch_tail_source_acquisition/M240_impression_a_signband_from_cisi_india_n095.png,data/brahmi/source_token_crops_v2/M_240_B004_6_82dbcef3ac5cc76e.png,470,676,206,233,0.884120,0.308215,d3bd94b23f48026be6fed5e3de80c39e61ddbcd53b9b6fa10d98406552cc2ab0,projection_exact_count_unverified_token_identity
tok_b8d29be98281b379,m70_order_window_pilot_v1,B004,M-240,positive_calibrator,positive_032_002_861_603_order_window,visual_ltr_catalog_order,7,603,+520-240-220-032-002-861-603+,tmp/032_002_branch_tail_source_acquisition/M240_impression_a_signband_from_cisi_india_n095.png,data/brahmi/source_token_crops_v2/M_240_B004_7_9290aaa4736ae722.png,676,760,87,234,0.371795,0.112199,af3faf803bc2346041dc6de785acf08736416af866b8980332e629b6e7d7785f,projection_exact_count_unverified_token_identity
tok_4f78f50756274802,m70_order_window_pilot_v1,B004,M-240,positive_calibrator,positive_032_002_861_603_order_window,visual_ltr_catalog_reverse,7,520,+520-240-220-032-002-861-603+,tmp/032_002_branch_tail_source_acquisition/M240_impression_a_signband_from_cisi_india_n095.png,data/brahmi/source_token_crops_v2/M_240_B004_7_9290aaa4736ae722.png,676,760,87,234,0.371795,0.112199,af3faf803bc2346041dc6de785acf08736416af866b8980332e629b6e7d7785f,projection_exact_count_unverified_token_identity
tok_3405656749d877b6,m70_order_window_pilot_v1,B007,M-77,scoring_negative,negative_002_y_prev_not_032_impression,visual_ltr_catalog_order,1,832,+832-390-803-002-861+,tmp/m77_parpola_recurrence_gate/derived/M77_impression_a_signband_strict_from_cisi_india_n68.png,data/brahmi/source_token_crops_v2/M_77_B007_1_f11ec486a036d1f9.png,0,288,291,260,1.119231,0.294886,8ab04cbab5d50a31664b72c14195c839ac8eb8fdb5f7f8d36cd49d549780c13a,projection_exact_count_unverified_token_identity
tok_73bbc174ff1a8114,m70_order_window_pilot_v1,B007,M-77,scoring_negative,negative_002_y_prev_not_032_impression,visual_ltr_catalog_reverse,1,861,+832-390-803-002-861+,tmp/m77_parpola_recurrence_gate/derived/M77_impression_a_signband_strict_from_cisi_india_n68.png,data/brahmi/source_token_crops_v2/M_77_B007_1_f11ec486a036d1f9.png,0,288,291,260,1.119231,0.294886,8ab04cbab5d50a31664b72c14195c839ac8eb8fdb5f7f8d36cd49d549780c13a,projection_exact_count_unverified_token_identity
tok_b87973d2d84741eb,m70_order_window_pilot_v1,B007,M-77,scoring_negative,negative_002_y_prev_not_032_impression,visual_ltr_catalog_order,2,390,+832-390-803-002-861+,tmp/m77_parpola_recurrence_gate/derived/M77_impression_a_signband_strict_from_cisi_india_n68.png,data/brahmi/source_token_crops_v2/M_77_B007_2_b1e9ad7c1baece56.png,288,324,42,199,0.211055,0.042069,15cbe9c831bc9d3e13f79f7a2668f6ddfc308e0922969c6d45e10b96aab04afa,projection_exact_count_unverified_token_identity
tok_0f021e5183573792,m70_order_window_pilot_v1,B007,M-77,scoring_negative,negative_002_y_prev_not_032_impression,visual_ltr_catalog_reverse,2,002,+832-390-803-002-861+,tmp/m77_parpola_recurrence_gate/derived/M77_impression_a_signband_strict_from_cisi_india_n68.png,data/brahmi/source_token_crops_v2/M_77_B007_2_b1e9ad7c1baece56.png,288,324,42,199,0.211055,0.042069,15cbe9c831bc9d3e13f79f7a2668f6ddfc308e0922969c6d45e10b96aab04afa,projection_exact_count_unverified_token_identity
tok_33268e80607fed6e,m70_order_window_pilot_v1,B007,M-77,scoring_negative,negative_002_y_prev_not_032_impression,visual_ltr_catalog_order,3,803,+832-390-803-002-861+,tmp/m77_parpola_recurrence_gate/derived/M77_impression_a_signband_strict_from_cisi_india_n68.png,data/brahmi/source_token_crops_v2/M_77_B007_3_aecbe0500d356922.png,324,361,43,92,0.467391,0.169672,e92ab1d992928f903f0c6f28da8455f0b0fb1fc91084638c57972572a4ed6669,projection_exact_count_unverified_token_identity
tok_9e82d9b162a99a7f,m70_order_window_pilot_v1,B007,M-77,scoring_negative,negative_002_y_prev_not_032_impression,visual_ltr_catalog_reverse,3,803,+832-390-803-002-861+,tmp/m77_parpola_recurrence_gate/derived/M77_impression_a_signband_strict_from_cisi_india_n68.png,data/brahmi/source_token_crops_v2/M_77_B007_3_aecbe0500d356922.png,324,361,43,92,0.467391,0.169672,e92ab1d992928f903f0c6f28da8455f0b0fb1fc91084638c57972572a4ed6669,projection_exact_count_unverified_token_identity
tok_39dab42b2d4b1e43,m70_order_window_pilot_v1,B007,M-77,scoring_negative,negative_002_y_prev_not_032_impression,visual_ltr_catalog_order,4,002,+832-390-803-002-861+,tmp/m77_parpola_recurrence_gate/derived/M77_impression_a_signband_strict_from_cisi_india_n68.png,data/brahmi/source_token_crops_v2/M_77_B007_4_6471257de73b9949.png,361,393,38,245,0.155102,0.020963,f11ebc55671d6619954f35138a45efeeb70ba1f9a453aec10a718d232c531620,projection_exact_count_unverified_token_identity
tok_bc78c52971c21611,m70_order_window_pilot_v1,B007,M-77,scoring_negative,negative_002_y_prev_not_032_impression,visual_ltr_catalog_reverse,4,390,+832-390-803-002-861+,tmp/m77_parpola_recurrence_gate/derived/M77_impression_a_signband_strict_from_cisi_india_n68.png,data/brahmi/source_token_crops_v2/M_77_B007_4_6471257de73b9949.png,361,393,38,245,0.155102,0.020963,f11ebc55671d6619954f35138a45efeeb70ba1f9a453aec10a718d232c531620,projection_exact_count_unverified_token_identity
tok_939d4ecf91213c2a,m70_order_window_pilot_v1,B007,M-77,scoring_negative,negative_002_y_prev_not_032_impression,visual_ltr_catalog_order,5,861,+832-390-803-002-861+,tmp/m77_parpola_recurrence_gate/derived/M77_impression_a_signband_strict_from_cisi_india_n68.png,data/brahmi/source_token_crops_v2/M_77_B007_5_a8f95599cfacb524.png,393,760,370,260,1.423077,0.295680,7ab91211f4c3fd30d79b60ee4c0f08953ded7cb154a9a6f783f22f880f4eed24,projection_exact_count_unverified_token_identity
tok_04ab10b2fb7d14ba,m70_order_window_pilot_v1,B007,M-77,scoring_negative,negative_002_y_prev_not_032_impression,visual_ltr_catalog_reverse,5,832,+832-390-803-002-861+,tmp/m77_parpola_recurrence_gate/derived/M77_impression_a_signband_strict_from_cisi_india_n68.png,data/brahmi/source_token_crops_v2/M_77_B007_5_a8f95599cfacb524.png,393,760,370,260,1.423077,0.295680,7ab91211f4c3fd30d79b60ee4c0f08953ded7cb154a9a6f783f22f880f4eed24,projection_exact_count_unverified_token_identity
tok_550a503eed197cb1,m70_order_window_pilot_v1,B008,M-17,scoring_negative,negative_002_y_prev_not_032,visual_ltr_catalog_order,1,390,+390-016-002-814-560+,tmp/m315_second_slot_controls/derived/expanded_first3_context_crops/M-17_impression_a_390-016-002_control_good_control.png,data/brahmi/source_token_crops_v2/M_17_B008_1_b4ed5e4a9eed94d5.png,30,87,58,288,0.201389,0.049841,bac2127d542339a1398d07e37fb4a3eca59920d4c83e35e939efacf315ed1374,projection_exact_count_unverified_token_identity
tok_603fe41c2bba5375,m70_order_window_pilot_v1,B008,M-17,scoring_negative,negative_002_y_prev_not_032,visual_ltr_catalog_reverse,1,560,+390-016-002-814-560+,tmp/m315_second_slot_controls/derived/expanded_first3_context_crops/M-17_impression_a_390-016-002_control_good_control.png,data/brahmi/source_token_crops_v2/M_17_B008_1_b4ed5e4a9eed94d5.png,30,87,58,288,0.201389,0.049841,bac2127d542339a1398d07e37fb4a3eca59920d4c83e35e939efacf315ed1374,projection_exact_count_unverified_token_identity
tok_00f7d86ad2c20693,m70_order_window_pilot_v1,B008,M-17,scoring_negative,negative_002_y_prev_not_032,visual_ltr_catalog_order,2,016,+390-016-002-814-560+,tmp/m315_second_slot_controls/derived/expanded_first3_context_crops/M-17_impression_a_390-016-002_control_good_control.png,data/brahmi/source_token_crops_v2/M_17_B008_2_ba86b2147abc2b47.png,87,345,253,293,0.863481,0.295385,52007a1957fbfca9b2726b23ecb06b36f265e3bfc49e4b23e796b20fbbd0225c,projection_exact_count_unverified_token_identity
tok_64ebb894c3474d62,m70_order_window_pilot_v1,B008,M-17,scoring_negative,negative_002_y_prev_not_032,visual_ltr_catalog_reverse,2,814,+390-016-002-814-560+,tmp/m315_second_slot_controls/derived/expanded_first3_context_crops/M-17_impression_a_390-016-002_control_good_control.png,data/brahmi/source_token_crops_v2/M_17_B008_2_ba86b2147abc2b47.png,87,345,253,293,0.863481,0.295385,52007a1957fbfca9b2726b23ecb06b36f265e3bfc49e4b23e796b20fbbd0225c,projection_exact_count_unverified_token_identity
tok_bae6736d0dc36940,m70_order_window_pilot_v1,B008,M-17,scoring_negative,negative_002_y_prev_not_032,visual_ltr_catalog_order,3,002,+390-016-002-814-560+,tmp/m315_second_slot_controls/derived/expanded_first3_context_crops/M-17_impression_a_390-016-002_control_good_control.png,data/brahmi/source_token_crops_v2/M_17_B008_3_58a067821848402f.png,345,385,38,103,0.368932,0.123505,eb549a83fd60d9b2a462bfac09b5ce6a8b814e534e6b7aadc65a91d2a005806b,projection_exact_count_unverified_token_identity
tok_96bb683aae78deae,m70_order_window_pilot_v1,B008,M-17,scoring_negative,negative_002_y_prev_not_032,visual_ltr_catalog_reverse,3,002,+390-016-002-814-560+,tmp/m315_second_slot_controls/derived/expanded_first3_context_crops/M-17_impression_a_390-016-002_control_good_control.png,data/brahmi/source_token_crops_v2/M_17_B008_3_58a067821848402f.png,345,385,38,103,0.368932,0.123505,eb549a83fd60d9b2a462bfac09b5ce6a8b814e534e6b7aadc65a91d2a005806b,projection_exact_count_unverified_token_identity
tok_509f5ed0afe14fb2,m70_order_window_pilot_v1,B008,M-17,scoring_negative,negative_002_y_prev_not_032,visual_ltr_catalog_order,4,814,+390-016-002-814-560+,tmp/m315_second_slot_controls/derived/expanded_first3_context_crops/M-17_impression_a_390-016-002_control_good_control.png,data/brahmi/source_token_crops_v2/M_17_B008_4_7669e0e99bda72d8.png,385,435,49,269,0.182156,0.026436,2dc211524508c4fe07460d87a420682c487f715ee61f502c41a1661e0d0c2789,projection_exact_count_unverified_token_identity
tok_7a4fc6bb0daba702,m70_order_window_pilot_v1,B008,M-17,scoring_negative,negative_002_y_prev_not_032,visual_ltr_catalog_reverse,4,016,+390-016-002-814-560+,tmp/m315_second_slot_controls/derived/expanded_first3_context_crops/M-17_impression_a_390-016-002_control_good_control.png,data/brahmi/source_token_crops_v2/M_17_B008_4_7669e0e99bda72d8.png,385,435,49,269,0.182156,0.026436,2dc211524508c4fe07460d87a420682c487f715ee61f502c41a1661e0d0c2789,projection_exact_count_unverified_token_identity
tok_542d9d9dca7b10bf,m70_order_window_pilot_v1,B008,M-17,scoring_negative,negative_002_y_prev_not_032,visual_ltr_catalog_order,5,560,+390-016-002-814-560+,tmp/m315_second_slot_controls/derived/expanded_first3_context_crops/M-17_impression_a_390-016-002_control_good_control.png,data/brahmi/source_token_crops_v2/M_17_B008_5_01e317f6234df56b.png,435,560,116,283,0.409894,0.119629,95f2477d9104af1ac8704ff15567cc6dc8b45111ef3d4978d2ea2d0a0b928b5f,projection_exact_count_unverified_token_identity
tok_b2cb4293f800470b,m70_order_window_pilot_v1,B008,M-17,scoring_negative,negative_002_y_prev_not_032,visual_ltr_catalog_reverse,5,390,+390-016-002-814-560+,tmp/m315_second_slot_controls/derived/expanded_first3_context_crops/M-17_impression_a_390-016-002_control_good_control.png,data/brahmi/source_token_crops_v2/M_17_B008_5_01e317f6234df56b.png,435,560,116,283,0.409894,0.119629,95f2477d9104af1ac8704ff15567cc6dc8b45111ef3d4978d2ea2d0a0b928b5f,projection_exact_count_unverified_token_identity
tok_93c480a9e6009429,m70_order_window_pilot_v1,B009,M-32,scoring_negative,negative_002_y_prev_not_032_short,visual_ltr_catalog_order,1,390,+390-003-002-817+,tmp/m315_second_slot_controls/derived/expanded_first3_context_crops/M-32_impression_a_390-003-002_control_good_control.png,data/brahmi/source_token_crops_v2/M_32_B009_1_3ca5abdf55b4c57e.png,89,231,135,369,0.365854,0.052250,b9ed643caa4f5371ed61e19498b2fb5503b5a046e5e1c322963cfdc103274908,projection_exact_count_unverified_token_identity
tok_c26e3237ca0ba14d,m70_order_window_pilot_v1,B009,M-32,scoring_negative,negative_002_y_prev_not_032_short,visual_ltr_catalog_reverse,1,817,+390-003-002-817+,tmp/m315_second_slot_controls/derived/expanded_first3_context_crops/M-32_impression_a_390-003-002_control_good_control.png,data/brahmi/source_token_crops_v2/M_32_B009_1_3ca5abdf55b4c57e.png,89,231,135,369,0.365854,0.052250,b9ed643caa4f5371ed61e19498b2fb5503b5a046e5e1c322963cfdc103274908,projection_exact_count_unverified_token_identity
tok_2a34dad78181bd15,m70_order_window_pilot_v1,B009,M-32,scoring_negative,negative_002_y_prev_not_032_short,visual_ltr_catalog_order,2,003,+390-003-002-817+,tmp/m315_second_slot_controls/derived/expanded_first3_context_crops/M-32_impression_a_390-003-002_control_good_control.png,data/brahmi/source_token_crops_v2/M_32_B009_2_247787ca53079d73.png,231,359,114,207,0.550725,0.101566,c40dd6ee2a7f774aa5b7ffa82c59464e436f763a2e7fe705836554d4fccba23b,projection_exact_count_unverified_token_identity
tok_541fa78d8a222dfd,m70_order_window_pilot_v1,B009,M-32,scoring_negative,negative_002_y_prev_not_032_short,visual_ltr_catalog_reverse,2,002,+390-003-002-817+,tmp/m315_second_slot_controls/derived/expanded_first3_context_crops/M-32_impression_a_390-003-002_control_good_control.png,data/brahmi/source_token_crops_v2/M_32_B009_2_247787ca53079d73.png,231,359,114,207,0.550725,0.101566,c40dd6ee2a7f774aa5b7ffa82c59464e436f763a2e7fe705836554d4fccba23b,projection_exact_count_unverified_token_identity
tok_990fb5383d425b81,m70_order_window_pilot_v1,B009,M-32,scoring_negative,negative_002_y_prev_not_032_short,visual_ltr_catalog_order,3,002,+390-003-002-817+,tmp/m315_second_slot_controls/derived/expanded_first3_context_crops/M-32_impression_a_390-003-002_control_good_control.png,data/brahmi/source_token_crops_v2/M_32_B009_3_e5a37fda54c9eb25.png,359,407,34,82,0.414634,0.161756,2987cec190f9663de5478b85c64d95919d2549c6cc4d3a5cd4e8e5675d0ab691,projection_exact_count_unverified_token_identity
tok_ab93b979b82ab975,m70_order_window_pilot_v1,B009,M-32,scoring_negative,negative_002_y_prev_not_032_short,visual_ltr_catalog_reverse,3,003,+390-003-002-817+,tmp/m315_second_slot_controls/derived/expanded_first3_context_crops/M-32_impression_a_390-003-002_control_good_control.png,data/brahmi/source_token_crops_v2/M_32_B009_3_e5a37fda54c9eb25.png,359,407,34,82,0.414634,0.161756,2987cec190f9663de5478b85c64d95919d2549c6cc4d3a5cd4e8e5675d0ab691,projection_exact_count_unverified_token_identity
tok_5890e22e4c13646c,m70_order_window_pilot_v1,B009,M-32,scoring_negative,negative_002_y_prev_not_032_short,visual_ltr_catalog_order,4,817,+390-003-002-817+,tmp/m315_second_slot_controls/derived/expanded_first3_context_crops/M-32_impression_a_390-003-002_control_good_control.png,data/brahmi/source_token_crops_v2/M_32_B009_4_f47959580533d513.png,407,520,102,251,0.406375,0.098095,1142b93c60569806d00b8e1d81a22126efd2e1c17de056e19029567a76190a43,projection_exact_count_unverified_token_identity
tok_49834c9d497a2556,m70_order_window_pilot_v1,B009,M-32,scoring_negative,negative_002_y_prev_not_032_short,visual_ltr_catalog_reverse,4,390,+390-003-002-817+,tmp/m315_second_slot_controls/derived/expanded_first3_context_crops/M-32_impression_a_390-003-002_control_good_control.png,data/brahmi/source_token_crops_v2/M_32_B009_4_f47959580533d513.png,407,520,102,251,0.406375,0.098095,1142b93c60569806d00b8e1d81a22126efd2e1c17de056e19029567a76190a43,projection_exact_count_unverified_token_identity
tok_a672c935a58ef854,m70_order_window_pilot_v1,B012,M-1273,scoring_negative,negative_002_y_prev_not_032_suffix_control,visual_ltr_catalog_order,1,740,+740-055-002-861-603+,tmp/032_002_861_suffix_split/M1273_impression_a_cisi_pakistan_n195.png,data/brahmi/source_token_crops_v2/M_1273_B012_1_d660494b4ba50d0c.png,149,339,191,447,0.427293,0.218680,43924d7d8c0a0aa706552162d9636c1143d04a4953394fc04ea9ae7355afca46,projection_exact_count_unverified_token_identity
tok_134534a393bc1dca,m70_order_window_pilot_v1,B012,M-1273,scoring_negative,negative_002_y_prev_not_032_suffix_control,visual_ltr_catalog_reverse,1,603,+740-055-002-861-603+,tmp/032_002_861_suffix_split/M1273_impression_a_cisi_pakistan_n195.png,data/brahmi/source_token_crops_v2/M_1273_B012_1_d660494b4ba50d0c.png,149,339,191,447,0.427293,0.218680,43924d7d8c0a0aa706552162d9636c1143d04a4953394fc04ea9ae7355afca46,projection_exact_count_unverified_token_identity
tok_95b6dbcf4661a824,m70_order_window_pilot_v1,B012,M-1273,scoring_negative,negative_002_y_prev_not_032_suffix_control,visual_ltr_catalog_order,2,055,+740-055-002-861-603+,tmp/032_002_861_suffix_split/M1273_impression_a_cisi_pakistan_n195.png,data/brahmi/source_token_crops_v2/M_1273_B012_2_6f07dc9ac7352ae5.png,339,486,153,444,0.344595,0.199873,05f2b6c698ae7fbfb31539e07cfe57ca5e063f8bd5280271a13e2e6918328b30,projection_exact_count_unverified_token_identity
tok_ffd734cd771e126a,m70_order_window_pilot_v1,B012,M-1273,scoring_negative,negative_002_y_prev_not_032_suffix_control,visual_ltr_catalog_reverse,2,861,+740-055-002-861-603+,tmp/032_002_861_suffix_split/M1273_impression_a_cisi_pakistan_n195.png,data/brahmi/source_token_crops_v2/M_1273_B012_2_6f07dc9ac7352ae5.png,339,486,153,444,0.344595,0.199873,05f2b6c698ae7fbfb31539e07cfe57ca5e063f8bd5280271a13e2e6918328b30,projection_exact_count_unverified_token_identity
tok_f48ab35607775ba7,m70_order_window_pilot_v1,B012,M-1273,scoring_negative,negative_002_y_prev_not_032_suffix_control,visual_ltr_catalog_order,3,002,+740-055-002-861-603+,tmp/032_002_861_suffix_split/M1273_impression_a_cisi_pakistan_n195.png,data/brahmi/source_token_crops_v2/M_1273_B012_3_d17875cba8ac647d.png,486,1064,584,527,1.108159,0.448404,3ba7442e8e8a20a51b397586c2ad65dc90cbdb1c0415c30a30f9a7eda4d884bd,projection_exact_count_unverified_token_identity
tok_139e67cb56290333,m70_order_window_pilot_v1,B012,M-1273,scoring_negative,negative_002_y_prev_not_032_suffix_control,visual_ltr_catalog_reverse,3,002,+740-055-002-861-603+,tmp/032_002_861_suffix_split/M1273_impression_a_cisi_pakistan_n195.png,data/brahmi/source_token_crops_v2/M_1273_B012_3_d17875cba8ac647d.png,486,1064,584,527,1.108159,0.448404,3ba7442e8e8a20a51b397586c2ad65dc90cbdb1c0415c30a30f9a7eda4d884bd,projection_exact_count_unverified_token_identity
tok_76fcfaa9625ca19f,m70_order_window_pilot_v1,B012,M-1273,scoring_negative,negative_002_y_prev_not_032_suffix_control,visual_ltr_catalog_order,4,861,+740-055-002-861-603+,tmp/032_002_861_suffix_split/M1273_impression_a_cisi_pakistan_n195.png,data/brahmi/source_token_crops_v2/M_1273_B012_4_b5981c5392ed8156.png,1064,1164,106,439,0.241458,0.129155,6808e80deb8d19d17ec51af8e62becf69f76cedf24a6d8e199f14294c75f1ce9,projection_exact_count_unverified_token_identity
tok_1bdddc47ebe30423,m70_order_window_pilot_v1,B012,M-1273,scoring_negative,negative_002_y_prev_not_032_suffix_control,visual_ltr_catalog_reverse,4,055,+740-055-002-861-603+,tmp/032_002_861_suffix_split/M1273_impression_a_cisi_pakistan_n195.png,data/brahmi/source_token_crops_v2/M_1273_B012_4_b5981c5392ed8156.png,1064,1164,106,439,0.241458,0.129155,6808e80deb8d19d17ec51af8e62becf69f76cedf24a6d8e199f14294c75f1ce9,projection_exact_count_unverified_token_identity
tok_a8609ac3b823ce46,m70_order_window_pilot_v1,B012,M-1273,scoring_negative,negative_002_y_prev_not_032_suffix_control,visual_ltr_catalog_order,5,603,+740-055-002-861-603+,tmp/032_002_861_suffix_split/M1273_impression_a_cisi_pakistan_n195.png,data/brahmi/source_token_crops_v2/M_1273_B012_5_5048dd769844f6d2.png,1164,1217,54,437,0.123570,0.037312,83532e36fea4cf994df09d7313c42e5ee579503d369d95084583291b691601c7,projection_exact_count_unverified_token_identity
tok_f114a4957af4a6eb,m70_order_window_pilot_v1,B012,M-1273,scoring_negative,negative_002_y_prev_not_032_suffix_control,visual_ltr_catalog_reverse,5,740,+740-055-002-861-603+,tmp/032_002_861_suffix_split/M1273_impression_a_cisi_pakistan_n195.png,data/brahmi/source_token_crops_v2/M_1273_B012_5_5048dd769844f6d2.png,1164,1217,54,437,0.123570,0.037312,83532e36fea4cf994df09d7313c42e5ee579503d369d95084583291b691601c7,projection_exact_count_unverified_token_identity
tok_3531756192e87294,m70_order_window_pilot_v1,B015,M-381,scoring_negative,negative_032_not_adjacent_to_002_stress,visual_ltr_catalog_order,1,740,+740-055-220-032-798-002-820+,tmp/source_box_negative_control_v2/panel_crops/M-381_cisi_india_n129_plate_label_free_panel_enhanced_x2.jpg,data/brahmi/source_token_crops_v2/M_381_B015_1_a71cd4d54e92e97c.png,113,244,132,632,0.208861,0.092465,d51d4fe3b299a53eaa21ff155efae3f4603db58dc1ebfffbf6afdae540521a3a,projection_exact_count_unverified_token_identity
tok_a0644246f0a9162f,m70_order_window_pilot_v1,B015,M-381,scoring_negative,negative_032_not_adjacent_to_002_stress,visual_ltr_catalog_reverse,1,820,+740-055-220-032-798-002-820+,tmp/source_box_negative_control_v2/panel_crops/M-381_cisi_india_n129_plate_label_free_panel_enhanced_x2.jpg,data/brahmi/source_token_crops_v2/M_381_B015_1_a71cd4d54e92e97c.png,113,244,132,632,0.208861,0.092465,d51d4fe3b299a53eaa21ff155efae3f4603db58dc1ebfffbf6afdae540521a3a,projection_exact_count_unverified_token_identity
tok_d65a10587f260f78,m70_order_window_pilot_v1,B015,M-381,scoring_negative,negative_032_not_adjacent_to_002_stress,visual_ltr_catalog_order,2,055,+740-055-220-032-798-002-820+,tmp/source_box_negative_control_v2/panel_crops/M-381_cisi_india_n129_plate_label_free_panel_enhanced_x2.jpg,data/brahmi/source_token_crops_v2/M_381_B015_2_31d4c26ae9af2412.png,244,483,245,635,0.385827,0.101637,fca2904106b5dc55ac6ecd937a5fad47eb10be1cd02d842a1a9dee60cb556280,projection_exact_count_unverified_token_identity
tok_9d895186a997704c,m70_order_window_pilot_v1,B015,M-381,scoring_negative,negative_032_not_adjacent_to_002_stress,visual_ltr_catalog_reverse,2,002,+740-055-220-032-798-002-820+,tmp/source_box_negative_control_v2/panel_crops/M-381_cisi_india_n129_plate_label_free_panel_enhanced_x2.jpg,data/brahmi/source_token_crops_v2/M_381_B015_2_31d4c26ae9af2412.png,244,483,245,635,0.385827,0.101637,fca2904106b5dc55ac6ecd937a5fad47eb10be1cd02d842a1a9dee60cb556280,projection_exact_count_unverified_token_identity
tok_ac8ff09e68a493c0,m70_order_window_pilot_v1,B015,M-381,scoring_negative,negative_032_not_adjacent_to_002_stress,visual_ltr_catalog_order,3,220,+740-055-220-032-798-002-820+,tmp/source_box_negative_control_v2/panel_crops/M-381_cisi_india_n129_plate_label_free_panel_enhanced_x2.jpg,data/brahmi/source_token_crops_v2/M_381_B015_3_80ee2712820b44ce.png,483,561,84,631,0.133122,0.020429,23c9559ccf5ab1c07adc1a58ccfa9442c28eb6c1dcaa87de82e0dd3798aa519a,projection_exact_count_unverified_token_identity
tok_dad1de046d78341a,m70_order_window_pilot_v1,B015,M-381,scoring_negative,negative_032_not_adjacent_to_002_stress,visual_ltr_catalog_reverse,3,798,+740-055-220-032-798-002-820+,tmp/source_box_negative_control_v2/panel_crops/M-381_cisi_india_n129_plate_label_free_panel_enhanced_x2.jpg,data/brahmi/source_token_crops_v2/M_381_B015_3_80ee2712820b44ce.png,483,561,84,631,0.133122,0.020429,23c9559ccf5ab1c07adc1a58ccfa9442c28eb6c1dcaa87de82e0dd3798aa519a,projection_exact_count_unverified_token_identity
tok_511b18401e51d011,m70_order_window_pilot_v1,B015,M-381,scoring_negative,negative_032_not_adjacent_to_002_stress,visual_ltr_catalog_order,4,032,+740-055-220-032-798-002-820+,tmp/source_box_negative_control_v2/panel_crops/M-381_cisi_india_n129_plate_label_free_panel_enhanced_x2.jpg,data/brahmi/source_token_crops_v2/M_381_B015_4_783f74d508b905e3.png,561,616,61,631,0.096672,0.017638,f4e5ad5789b8789197db78d51b34c87fcbd63726aaaaf5b5d0dc9f0f6829f350,projection_exact_count_unverified_token_identity
tok_16cbe2a635a5ca4a,m70_order_window_pilot_v1,B015,M-381,scoring_negative,negative_032_not_adjacent_to_002_stress,visual_ltr_catalog_reverse,4,032,+740-055-220-032-798-002-820+,tmp/source_box_negative_control_v2/panel_crops/M-381_cisi_india_n129_plate_label_free_panel_enhanced_x2.jpg,data/brahmi/source_token_crops_v2/M_381_B015_4_783f74d508b905e3.png,561,616,61,631,0.096672,0.017638,f4e5ad5789b8789197db78d51b34c87fcbd63726aaaaf5b5d0dc9f0f6829f350,projection_exact_count_unverified_token_identity
tok_06672d067b503169,m70_order_window_pilot_v1,B015,M-381,scoring_negative,negative_032_not_adjacent_to_002_stress,visual_ltr_catalog_order,5,798,+740-055-220-032-798-002-820+,tmp/source_box_negative_control_v2/panel_crops/M-381_cisi_india_n129_plate_label_free_panel_enhanced_x2.jpg,data/brahmi/source_token_crops_v2/M_381_B015_5_8d308cd37f8d34aa.png,616,671,61,712,0.085674,0.017212,656722f3958d49216d19675f937db1b04ad30617f156b49bc9ffc194c6f5479f,projection_exact_count_unverified_token_identity
tok_a5623b6759a07c4d,m70_order_window_pilot_v1,B015,M-381,scoring_negative,negative_032_not_adjacent_to_002_stress,visual_ltr_catalog_reverse,5,220,+740-055-220-032-798-002-820+,tmp/source_box_negative_control_v2/panel_crops/M-381_cisi_india_n129_plate_label_free_panel_enhanced_x2.jpg,data/brahmi/source_token_crops_v2/M_381_B015_5_8d308cd37f8d34aa.png,616,671,61,712,0.085674,0.017212,656722f3958d49216d19675f937db1b04ad30617f156b49bc9ffc194c6f5479f,projection_exact_count_unverified_token_identity
tok_e3f95fed70a2338c,m70_order_window_pilot_v1,B015,M-381,scoring_negative,negative_032_not_adjacent_to_002_stress,visual_ltr_catalog_order,6,002,+740-055-220-032-798-002-820+,tmp/source_box_negative_control_v2/panel_crops/M-381_cisi_india_n129_plate_label_free_panel_enhanced_x2.jpg,data/brahmi/source_token_crops_v2/M_381_B015_6_0cf49ef28088549f.png,671,735,70,709,0.098731,0.023199,c6d40dc100119293c014c03ff93a27c5c20f6b601ce563f728b05edc7b2311e1,projection_exact_count_unverified_token_identity
tok_0533095931a3656c,m70_order_window_pilot_v1,B015,M-381,scoring_negative,negative_032_not_adjacent_to_002_stress,visual_ltr_catalog_reverse,6,055,+740-055-220-032-798-002-820+,tmp/source_box_negative_control_v2/panel_crops/M-381_cisi_india_n129_plate_label_free_panel_enhanced_x2.jpg,data/brahmi/source_token_crops_v2/M_381_B015_6_0cf49ef28088549f.png,671,735,70,709,0.098731,0.023199,c6d40dc100119293c014c03ff93a27c5c20f6b601ce563f728b05edc7b2311e1,projection_exact_count_unverified_token_identity
tok_fa5674652d7077c1,m70_order_window_pilot_v1,B015,M-381,scoring_negative,negative_032_not_adjacent_to_002_stress,visual_ltr_catalog_order,7,820,+740-055-220-032-798-002-820+,tmp/source_box_negative_control_v2/panel_crops/M-381_cisi_india_n129_plate_label_free_panel_enhanced_x2.jpg,data/brahmi/source_token_crops_v2/M_381_B015_7_fdedcfb24072c324.png,735,1576,842,707,1.190948,0.232352,b2ef331150330145ceb6fc7a3b122d1631dbd0734290fcf2a57e67935c0e6b94,projection_exact_count_unverified_token_identity
tok_ebb7df75d223bf18,m70_order_window_pilot_v1,B015,M-381,scoring_negative,negative_032_not_adjacent_to_002_stress,visual_ltr_catalog_reverse,7,740,+740-055-220-032-798-002-820+,tmp/source_box_negative_control_v2/panel_crops/M-381_cisi_india_n129_plate_label_free_panel_enhanced_x2.jpg,data/brahmi/source_token_crops_v2/M_381_B015_7_fdedcfb24072c324.png,735,1576,842,707,1.190948,0.232352,b2ef331150330145ceb6fc7a3b122d1631dbd0734290fcf2a57e67935c0e6b94,projection_exact_count_unverified_token_identity
tok_3f41c7eee9322683,directionality_no_overlay_packet_v1,D001,M-811,primary_target,tier1_directionality_candidate_mohenjo_daro_three_token_impression,visual_ltr_catalog_order,1,226,+226-032-803+,tmp/effective_unicity_directionality_blind_packet/source_crops/M_811_a_signband_source.png,data/brahmi/source_token_crops_v2/M_811_D001_1_fad0b7991269f1b0.png,0,36,39,345,0.113043,0.022433,d48e4c329c13d27b551efc96dbf718100555e2364f4c9d1de24e6f1353fd5902,projection_exact_count_unverified_token_identity
tok_936f45233a5a6a5b,directionality_no_overlay_packet_v1,D001,M-811,primary_target,tier1_directionality_candidate_mohenjo_daro_three_token_impression,visual_ltr_catalog_reverse,1,803,+226-032-803+,tmp/effective_unicity_directionality_blind_packet/source_crops/M_811_a_signband_source.png,data/brahmi/source_token_crops_v2/M_811_D001_1_fad0b7991269f1b0.png,0,36,39,345,0.113043,0.022433,d48e4c329c13d27b551efc96dbf718100555e2364f4c9d1de24e6f1353fd5902,projection_exact_count_unverified_token_identity
tok_403c97650d059cca,directionality_no_overlay_packet_v1,D001,M-811,primary_target,tier1_directionality_candidate_mohenjo_daro_three_token_impression,visual_ltr_catalog_order,2,032,+226-032-803+,tmp/effective_unicity_directionality_blind_packet/source_crops/M_811_a_signband_source.png,data/brahmi/source_token_crops_v2/M_811_D001_2_688aaf6d038cc0e8.png,36,476,424,335,1.265672,0.116534,e26ec673338a839fe09f2b09a5741bd0d18e7d21c248777551344722e2b9edf3,projection_exact_count_unverified_token_identity
tok_db5548af223c8dd8,directionality_no_overlay_packet_v1,D001,M-811,primary_target,tier1_directionality_candidate_mohenjo_daro_three_token_impression,visual_ltr_catalog_reverse,2,032,+226-032-803+,tmp/effective_unicity_directionality_blind_packet/source_crops/M_811_a_signband_source.png,data/brahmi/source_token_crops_v2/M_811_D001_2_688aaf6d038cc0e8.png,36,476,424,335,1.265672,0.116534,e26ec673338a839fe09f2b09a5741bd0d18e7d21c248777551344722e2b9edf3,projection_exact_count_unverified_token_identity
tok_35abe09b2975a7dc,directionality_no_overlay_packet_v1,D001,M-811,primary_target,tier1_directionality_candidate_mohenjo_daro_three_token_impression,visual_ltr_catalog_order,3,803,+226-032-803+,tmp/effective_unicity_directionality_blind_packet/source_crops/M_811_a_signband_source.png,data/brahmi/source_token_crops_v2/M_811_D001_3_7085f1ed9c728589.png,476,840,342,345,0.991304,0.151246,8e4180b77fa5622f18f81e57c062d983bd26bc73c108600952c1ef42ce411e76,projection_exact_count_unverified_token_identity
tok_016f46edbe849a43,directionality_no_overlay_packet_v1,D001,M-811,primary_target,tier1_directionality_candidate_mohenjo_daro_three_token_impression,visual_ltr_catalog_reverse,3,226,+226-032-803+,tmp/effective_unicity_directionality_blind_packet/source_crops/M_811_a_signband_source.png,data/brahmi/source_token_crops_v2/M_811_D001_3_7085f1ed9c728589.png,476,840,342,345,0.991304,0.151246,8e4180b77fa5622f18f81e57c062d983bd26bc73c108600952c1ef42ce411e76,projection_exact_count_unverified_token_identity
tok_d0b65846e90e30f4,directionality_no_overlay_packet_v1,D003,M-1320,primary_target,tier1_directionality_candidate_mohenjo_daro_five_token_face,visual_ltr_catalog_order,1,527,+527-555-231-240-798+,tmp/effective_unicity_directionality_blind_packet/source_crops/M_1320_A_signband_source.png,data/brahmi/source_token_crops_v2/M_1320_D003_1_44cce848e64a7c1b.png,0,81,84,395,0.212658,0.100257,28810b6993eeca54037b045f122a5018b8ea86336ecf86923812b4a24c571427,projection_exact_count_unverified_token_identity
tok_f4270d493ac45a56,directionality_no_overlay_packet_v1,D003,M-1320,primary_target,tier1_directionality_candidate_mohenjo_daro_five_token_face,visual_ltr_catalog_reverse,1,798,+527-555-231-240-798+,tmp/effective_unicity_directionality_blind_packet/source_crops/M_1320_A_signband_source.png,data/brahmi/source_token_crops_v2/M_1320_D003_1_44cce848e64a7c1b.png,0,81,84,395,0.212658,0.100257,28810b6993eeca54037b045f122a5018b8ea86336ecf86923812b4a24c571427,projection_exact_count_unverified_token_identity
tok_2ef88f24932a93e8,directionality_no_overlay_packet_v1,D003,M-1320,primary_target,tier1_directionality_candidate_mohenjo_daro_five_token_face,visual_ltr_catalog_order,2,555,+527-555-231-240-798+,tmp/effective_unicity_directionality_blind_packet/source_crops/M_1320_A_signband_source.png,data/brahmi/source_token_crops_v2/M_1320_D003_2_b26b3b401e3f4e13.png,81,531,456,395,1.154430,0.203850,211f8e9735b7e71b5ac613d8230017a814e30a62213e726290996db93424a786,projection_exact_count_unverified_token_identity
tok_ba002fadeb14f1c3,directionality_no_overlay_packet_v1,D003,M-1320,primary_target,tier1_directionality_candidate_mohenjo_daro_five_token_face,visual_ltr_catalog_reverse,2,240,+527-555-231-240-798+,tmp/effective_unicity_directionality_blind_packet/source_crops/M_1320_A_signband_source.png,data/brahmi/source_token_crops_v2/M_1320_D003_2_b26b3b401e3f4e13.png,81,531,456,395,1.154430,0.203850,211f8e9735b7e71b5ac613d8230017a814e30a62213e726290996db93424a786,projection_exact_count_unverified_token_identity
tok_3bbdf9f6032549ed,directionality_no_overlay_packet_v1,D003,M-1320,primary_target,tier1_directionality_candidate_mohenjo_daro_five_token_face,visual_ltr_catalog_order,3,231,+527-555-231-240-798+,tmp/effective_unicity_directionality_blind_packet/source_crops/M_1320_A_signband_source.png,data/brahmi/source_token_crops_v2/M_1320_D003_3_c0362910fd197231.png,531,713,188,343,0.548105,0.096880,d41602abd6f56d97d4df8e4b8f825530d37f577b8ef7c569db10dd32236a8f20,projection_exact_count_unverified_token_identity
tok_cff90e2a88a5490e,directionality_no_overlay_packet_v1,D003,M-1320,primary_target,tier1_directionality_candidate_mohenjo_daro_five_token_face,visual_ltr_catalog_reverse,3,231,+527-555-231-240-798+,tmp/effective_unicity_directionality_blind_packet/source_crops/M_1320_A_signband_source.png,data/brahmi/source_token_crops_v2/M_1320_D003_3_c0362910fd197231.png,531,713,188,343,0.548105,0.096880,d41602abd6f56d97d4df8e4b8f825530d37f577b8ef7c569db10dd32236a8f20,projection_exact_count_unverified_token_identity
tok_c79a74e5e669a7c4,directionality_no_overlay_packet_v1,D003,M-1320,primary_target,tier1_directionality_candidate_mohenjo_daro_five_token_face,visual_ltr_catalog_order,4,240,+527-555-231-240-798+,tmp/effective_unicity_directionality_blind_packet/source_crops/M_1320_A_signband_source.png,data/brahmi/source_token_crops_v2/M_1320_D003_4_138bc12981034a61.png,713,1162,455,387,1.175711,0.119094,034e34741deb87b1cdc17898a5dc7c7231c5aa11c9f8b65703abb85f79f7509e,projection_exact_count_unverified_token_identity
tok_f466323a1fde1e34,directionality_no_overlay_packet_v1,D003,M-1320,primary_target,tier1_directionality_candidate_mohenjo_daro_five_token_face,visual_ltr_catalog_reverse,4,555,+527-555-231-240-798+,tmp/effective_unicity_directionality_blind_packet/source_crops/M_1320_A_signband_source.png,data/brahmi/source_token_crops_v2/M_1320_D003_4_138bc12981034a61.png,713,1162,455,387,1.175711,0.119094,034e34741deb87b1cdc17898a5dc7c7231c5aa11c9f8b65703abb85f79f7509e,projection_exact_count_unverified_token_identity
tok_c3231ea0d4fee217,directionality_no_overlay_packet_v1,D003,M-1320,primary_target,tier1_directionality_candidate_mohenjo_daro_five_token_face,visual_ltr_catalog_order,5,798,+527-555-231-240-798+,tmp/effective_unicity_directionality_blind_packet/source_crops/M_1320_A_signband_source.png,data/brahmi/source_token_crops_v2/M_1320_D003_5_0655501e7c6252d6.png,1162,1280,121,395,0.306329,0.168701,feea4a3267d04f36ef133b2da848e4e7b9c45cf340518b63d27ac7d1648cceba,projection_exact_count_unverified_token_identity
tok_a0a605bb98daa523,directionality_no_overlay_packet_v1,D003,M-1320,primary_target,tier1_directionality_candidate_mohenjo_daro_five_token_face,visual_ltr_catalog_reverse,5,527,+527-555-231-240-798+,tmp/effective_unicity_directionality_blind_packet/source_crops/M_1320_A_signband_source.png,data/brahmi/source_token_crops_v2/M_1320_D003_5_0655501e7c6252d6.png,1162,1280,121,395,0.306329,0.168701,feea4a3267d04f36ef133b2da848e4e7b9c45cf340518b63d27ac7d1648cceba,projection_exact_count_unverified_token_identity
tok_2e33841cd23d1596,directionality_no_overlay_packet_v1,D004,H-152,quarantine_negative,volume_provenance_mismatch_control,visual_ltr_catalog_order,1,154,+154-806-468+,tmp/effective_unicity_directionality_blind_packet/source_crops/H_152_A_signband_source.png,data/brahmi/source_token_crops_v2/H_152_D004_1_0f8cd12d5f57e55b.png,0,297,300,260,1.153846,0.356756,179dbb4cf1a3a472168688aed69281ac9d32094f022875f5ef53c5aa4d59e1ae,projection_exact_count_unverified_token_identity
tok_1d292a7d3449e516,directionality_no_overlay_packet_v1,D004,H-152,quarantine_negative,volume_provenance_mismatch_control,visual_ltr_catalog_reverse,1,468,+154-806-468+,tmp/effective_unicity_directionality_blind_packet/source_crops/H_152_A_signband_source.png,data/brahmi/source_token_crops_v2/H_152_D004_1_0f8cd12d5f57e55b.png,0,297,300,260,1.153846,0.356756,179dbb4cf1a3a472168688aed69281ac9d32094f022875f5ef53c5aa4d59e1ae,projection_exact_count_unverified_token_identity
tok_1916a8b225232dc5,directionality_no_overlay_packet_v1,D004,H-152,quarantine_negative,volume_provenance_mismatch_control,visual_ltr_catalog_order,2,806,+154-806-468+,tmp/effective_unicity_directionality_blind_packet/source_crops/H_152_A_signband_source.png,data/brahmi/source_token_crops_v2/H_152_D004_2_b2ed0f478ed161cf.png,297,432,141,260,0.542308,0.135224,39bdff4ec2892b2033d8099e459c260d545fb1e6dbd53c9f7967fb5128d74dcd,projection_exact_count_unverified_token_identity
tok_94425176b3572d64,directionality_no_overlay_packet_v1,D004,H-152,quarantine_negative,volume_provenance_mismatch_control,visual_ltr_catalog_reverse,2,806,+154-806-468+,tmp/effective_unicity_directionality_blind_packet/source_crops/H_152_A_signband_source.png,data/brahmi/source_token_crops_v2/H_152_D004_2_b2ed0f478ed161cf.png,297,432,141,260,0.542308,0.135224,39bdff4ec2892b2033d8099e459c260d545fb1e6dbd53c9f7967fb5128d74dcd,projection_exact_count_unverified_token_identity
tok_ab5cb8d1d28984b4,directionality_no_overlay_packet_v1,D004,H-152,quarantine_negative,volume_provenance_mismatch_control,visual_ltr_catalog_order,3,468,+154-806-468+,tmp/effective_unicity_directionality_blind_packet/source_crops/H_152_A_signband_source.png,data/brahmi/source_token_crops_v2/H_152_D004_3_981a9fe276dca4e5.png,432,605,176,260,0.676923,0.163750,81fb745c8002850cbeee28c9957bed36faee99a3698026febc823a25e777c95c,projection_exact_count_unverified_token_identity
tok_34a0f7fe36d6f4a9,directionality_no_overlay_packet_v1,D004,H-152,quarantine_negative,volume_provenance_mismatch_control,visual_ltr_catalog_reverse,3,154,+154-806-468+,tmp/effective_unicity_directionality_blind_packet/source_crops/H_152_A_signband_source.png,data/brahmi/source_token_crops_v2/H_152_D004_3_981a9fe276dca4e5.png,432,605,176,260,0.676923,0.163750,81fb745c8002850cbeee28c9957bed36faee99a3698026febc823a25e777c95c,projection_exact_count_unverified_token_identity
tok_4ef29b3a99eebbd2,directionality_no_overlay_packet_v1,D005,M-811,primary_target,tier1_directionality_candidate_mohenjo_daro_three_token_face,visual_ltr_catalog_order,1,226,+226-032-803+,tmp/effective_unicity_directionality_blind_packet/source_crops/M_811_A_signband_source.png,data/brahmi/source_token_crops_v2/M_811_D005_1_ce14bf6e26a1aa5b.png,0,36,39,345,0.113043,0.022433,d48e4c329c13d27b551efc96dbf718100555e2364f4c9d1de24e6f1353fd5902,projection_exact_count_unverified_token_identity
tok_24dc5d46f9a8c7d4,directionality_no_overlay_packet_v1,D005,M-811,primary_target,tier1_directionality_candidate_mohenjo_daro_three_token_face,visual_ltr_catalog_reverse,1,803,+226-032-803+,tmp/effective_unicity_directionality_blind_packet/source_crops/M_811_A_signband_source.png,data/brahmi/source_token_crops_v2/M_811_D005_1_ce14bf6e26a1aa5b.png,0,36,39,345,0.113043,0.022433,d48e4c329c13d27b551efc96dbf718100555e2364f4c9d1de24e6f1353fd5902,projection_exact_count_unverified_token_identity
tok_5569028a2118fe18,directionality_no_overlay_packet_v1,D005,M-811,primary_target,tier1_directionality_candidate_mohenjo_daro_three_token_face,visual_ltr_catalog_order,2,032,+226-032-803+,tmp/effective_unicity_directionality_blind_packet/source_crops/M_811_A_signband_source.png,data/brahmi/source_token_crops_v2/M_811_D005_2_ea848681668ad7fd.png,36,476,424,335,1.265672,0.116534,e26ec673338a839fe09f2b09a5741bd0d18e7d21c248777551344722e2b9edf3,projection_exact_count_unverified_token_identity
tok_b7775c4fe61b7b83,directionality_no_overlay_packet_v1,D005,M-811,primary_target,tier1_directionality_candidate_mohenjo_daro_three_token_face,visual_ltr_catalog_reverse,2,032,+226-032-803+,tmp/effective_unicity_directionality_blind_packet/source_crops/M_811_A_signband_source.png,data/brahmi/source_token_crops_v2/M_811_D005_2_ea848681668ad7fd.png,36,476,424,335,1.265672,0.116534,e26ec673338a839fe09f2b09a5741bd0d18e7d21c248777551344722e2b9edf3,projection_exact_count_unverified_token_identity
tok_c9aedd8a9faf720c,directionality_no_overlay_packet_v1,D005,M-811,primary_target,tier1_directionality_candidate_mohenjo_daro_three_token_face,visual_ltr_catalog_order,3,803,+226-032-803+,tmp/effective_unicity_directionality_blind_packet/source_crops/M_811_A_signband_source.png,data/brahmi/source_token_crops_v2/M_811_D005_3_ee144c6249ee089b.png,476,840,342,345,0.991304,0.151246,8e4180b77fa5622f18f81e57c062d983bd26bc73c108600952c1ef42ce411e76,projection_exact_count_unverified_token_identity
tok_07c85dbeb337f2d7,directionality_no_overlay_packet_v1,D005,M-811,primary_target,tier1_directionality_candidate_mohenjo_daro_three_token_face,visual_ltr_catalog_reverse,3,226,+226-032-803+,tmp/effective_unicity_directionality_blind_packet/source_crops/M_811_A_signband_source.png,data/brahmi/source_token_crops_v2/M_811_D005_3_ee144c6249ee089b.png,476,840,342,345,0.991304,0.151246,8e4180b77fa5622f18f81e57c062d983bd26bc73c108600952c1ef42ce411e76,projection_exact_count_unverified_token_identity
tok_ceb237d69f576a6f,directionality_no_overlay_packet_v1,D007,M-1458,scoring_negative,tier3_low_legibility_tablet_control,visual_ltr_catalog_order,1,407,+407-004-001-617-142+,tmp/effective_unicity_directionality_blind_packet/source_crops/M_1458_A_tablet_panel_source.png,data/brahmi/source_token_crops_v2/M_1458_D007_1_d6ab93cb41aebebe.png,0,393,383,670,0.571642,0.232686,2333092635a127b8781ad14551f9270d3d3a3e66c999bd83c88ef51bd30375ab,projection_exact_count_unverified_token_identity
tok_dfcbedb2914a9668,directionality_no_overlay_packet_v1,D007,M-1458,scoring_negative,tier3_low_legibility_tablet_control,visual_ltr_catalog_reverse,1,142,+407-004-001-617-142+,tmp/effective_unicity_directionality_blind_packet/source_crops/M_1458_A_tablet_panel_source.png,data/brahmi/source_token_crops_v2/M_1458_D007_1_d6ab93cb41aebebe.png,0,393,383,670,0.571642,0.232686,2333092635a127b8781ad14551f9270d3d3a3e66c999bd83c88ef51bd30375ab,projection_exact_count_unverified_token_identity
tok_5f1eeb947fcdba71,directionality_no_overlay_packet_v1,D007,M-1458,scoring_negative,tier3_low_legibility_tablet_control,visual_ltr_catalog_order,2,004,+407-004-001-617-142+,tmp/effective_unicity_directionality_blind_packet/source_crops/M_1458_A_tablet_panel_source.png,data/brahmi/source_token_crops_v2/M_1458_D007_2_896bf4d2b8f610fb.png,393,580,134,577,0.232236,0.001636,1d84161e7baf0936a385a69a5f78ff93f701ddf3dde75eb24b54dd0c66a18cc2,projection_exact_count_unverified_token_identity
tok_7ccca26462f93e25,directionality_no_overlay_packet_v1,D007,M-1458,scoring_negative,tier3_low_legibility_tablet_control,visual_ltr_catalog_reverse,2,617,+407-004-001-617-142+,tmp/effective_unicity_directionality_blind_packet/source_crops/M_1458_A_tablet_panel_source.png,data/brahmi/source_token_crops_v2/M_1458_D007_2_896bf4d2b8f610fb.png,393,580,134,577,0.232236,0.001636,1d84161e7baf0936a385a69a5f78ff93f701ddf3dde75eb24b54dd0c66a18cc2,projection_exact_count_unverified_token_identity
tok_cbf7ea3d7ff807da,directionality_no_overlay_packet_v1,D007,M-1458,scoring_negative,tier3_low_legibility_tablet_control,visual_ltr_catalog_order,3,001,+407-004-001-617-142+,tmp/effective_unicity_directionality_blind_packet/source_crops/M_1458_A_tablet_panel_source.png,data/brahmi/source_token_crops_v2/M_1458_D007_3_043fb67afb0dc840.png,580,645,10,495,0.020202,0.000185,279e518feabe0a479bec09f63281ed6c8e856a2781824ea374ef6f3a60f2ce3c,projection_exact_count_unverified_token_identity
tok_ff887a1db157f68e,directionality_no_overlay_packet_v1,D007,M-1458,scoring_negative,tier3_low_legibility_tablet_control,visual_ltr_catalog_reverse,3,001,+407-004-001-617-142+,tmp/effective_unicity_directionality_blind_packet/source_crops/M_1458_A_tablet_panel_source.png,data/brahmi/source_token_crops_v2/M_1458_D007_3_043fb67afb0dc840.png,580,645,10,495,0.020202,0.000185,279e518feabe0a479bec09f63281ed6c8e856a2781824ea374ef6f3a60f2ce3c,projection_exact_count_unverified_token_identity
tok_704fb1038291483c,directionality_no_overlay_packet_v1,D007,M-1458,scoring_negative,tier3_low_legibility_tablet_control,visual_ltr_catalog_order,4,617,+407-004-001-617-142+,tmp/effective_unicity_directionality_blind_packet/source_crops/M_1458_A_tablet_panel_source.png,data/brahmi/source_token_crops_v2/M_1458_D007_4_6bc9789b0bc1e417.png,645,751,80,404,0.198020,0.000919,f783b5cd6efa73fe0486e1b02186543749ebded3016e6bd4826e9445e32ad39f,projection_exact_count_unverified_token_identity
tok_16d197ad44b0903c,directionality_no_overlay_packet_v1,D007,M-1458,scoring_negative,tier3_low_legibility_tablet_control,visual_ltr_catalog_reverse,4,004,+407-004-001-617-142+,tmp/effective_unicity_directionality_blind_packet/source_crops/M_1458_A_tablet_panel_source.png,data/brahmi/source_token_crops_v2/M_1458_D007_4_6bc9789b0bc1e417.png,645,751,80,404,0.198020,0.000919,f783b5cd6efa73fe0486e1b02186543749ebded3016e6bd4826e9445e32ad39f,projection_exact_count_unverified_token_identity
tok_6a696035417ed81e,directionality_no_overlay_packet_v1,D007,M-1458,scoring_negative,tier3_low_legibility_tablet_control,visual_ltr_catalog_order,5,142,+407-004-001-617-142+,tmp/effective_unicity_directionality_blind_packet/source_crops/M_1458_A_tablet_panel_source.png,data/brahmi/source_token_crops_v2/M_1458_D007_5_0fc6bb656fba77f4.png,751,1070,312,670,0.465672,0.133613,20e091eb13c7849cb0c2f4d44893f21e0a9e8f4e329d1491be8b0a819e1ed400,projection_exact_count_unverified_token_identity
tok_46cac46babb29392,directionality_no_overlay_packet_v1,D007,M-1458,scoring_negative,tier3_low_legibility_tablet_control,visual_ltr_catalog_reverse,5,407,+407-004-001-617-142+,tmp/effective_unicity_directionality_blind_packet/source_crops/M_1458_A_tablet_panel_source.png,data/brahmi/source_token_crops_v2/M_1458_D007_5_0fc6bb656fba77f4.png,751,1070,312,670,0.465672,0.133613,20e091eb13c7849cb0c2f4d44893f21e0a9e8f4e329d1491be8b0a819e1ed400,projection_exact_count_unverified_token_identity
tok_9f3194df275374db,directionality_no_overlay_packet_v1,D011,M-1320,primary_target,tier1_directionality_candidate_mohenjo_daro_five_token_impression,visual_ltr_catalog_order,1,527,+527-555-231-240-798+,tmp/effective_unicity_directionality_blind_packet/source_crops/M_1320_a_signband_source.png,data/brahmi/source_token_crops_v2/M_1320_D011_1_175309f25a03002b.png,0,81,84,395,0.212658,0.100257,28810b6993eeca54037b045f122a5018b8ea86336ecf86923812b4a24c571427,projection_exact_count_unverified_token_identity
tok_078612e2d2b41a77,directionality_no_overlay_packet_v1,D011,M-1320,primary_target,tier1_directionality_candidate_mohenjo_daro_five_token_impression,visual_ltr_catalog_reverse,1,798,+527-555-231-240-798+,tmp/effective_unicity_directionality_blind_packet/source_crops/M_1320_a_signband_source.png,data/brahmi/source_token_crops_v2/M_1320_D011_1_175309f25a03002b.png,0,81,84,395,0.212658,0.100257,28810b6993eeca54037b045f122a5018b8ea86336ecf86923812b4a24c571427,projection_exact_count_unverified_token_identity
tok_f1a0d0072038de8b,directionality_no_overlay_packet_v1,D011,M-1320,primary_target,tier1_directionality_candidate_mohenjo_daro_five_token_impression,visual_ltr_catalog_order,2,555,+527-555-231-240-798+,tmp/effective_unicity_directionality_blind_packet/source_crops/M_1320_a_signband_source.png,data/brahmi/source_token_crops_v2/M_1320_D011_2_d7a28b07ca42af68.png,81,531,456,395,1.154430,0.203850,211f8e9735b7e71b5ac613d8230017a814e30a62213e726290996db93424a786,projection_exact_count_unverified_token_identity
tok_f196a3700947c69e,directionality_no_overlay_packet_v1,D011,M-1320,primary_target,tier1_directionality_candidate_mohenjo_daro_five_token_impression,visual_ltr_catalog_reverse,2,240,+527-555-231-240-798+,tmp/effective_unicity_directionality_blind_packet/source_crops/M_1320_a_signband_source.png,data/brahmi/source_token_crops_v2/M_1320_D011_2_d7a28b07ca42af68.png,81,531,456,395,1.154430,0.203850,211f8e9735b7e71b5ac613d8230017a814e30a62213e726290996db93424a786,projection_exact_count_unverified_token_identity
tok_f5226003cd1cb153,directionality_no_overlay_packet_v1,D011,M-1320,primary_target,tier1_directionality_candidate_mohenjo_daro_five_token_impression,visual_ltr_catalog_order,3,231,+527-555-231-240-798+,tmp/effective_unicity_directionality_blind_packet/source_crops/M_1320_a_signband_source.png,data/brahmi/source_token_crops_v2/M_1320_D011_3_71d8d69df0f82ac4.png,531,713,188,343,0.548105,0.096880,d41602abd6f56d97d4df8e4b8f825530d37f577b8ef7c569db10dd32236a8f20,projection_exact_count_unverified_token_identity
tok_d174a63b18aae02d,directionality_no_overlay_packet_v1,D011,M-1320,primary_target,tier1_directionality_candidate_mohenjo_daro_five_token_impression,visual_ltr_catalog_reverse,3,231,+527-555-231-240-798+,tmp/effective_unicity_directionality_blind_packet/source_crops/M_1320_a_signband_source.png,data/brahmi/source_token_crops_v2/M_1320_D011_3_71d8d69df0f82ac4.png,531,713,188,343,0.548105,0.096880,d41602abd6f56d97d4df8e4b8f825530d37f577b8ef7c569db10dd32236a8f20,projection_exact_count_unverified_token_identity
tok_320ced6e953d18a1,directionality_no_overlay_packet_v1,D011,M-1320,primary_target,tier1_directionality_candidate_mohenjo_daro_five_token_impression,visual_ltr_catalog_order,4,240,+527-555-231-240-798+,tmp/effective_unicity_directionality_blind_packet/source_crops/M_1320_a_signband_source.png,data/brahmi/source_token_crops_v2/M_1320_D011_4_b133a0ec1329b429.png,713,1162,455,387,1.175711,0.119094,034e34741deb87b1cdc17898a5dc7c7231c5aa11c9f8b65703abb85f79f7509e,projection_exact_count_unverified_token_identity
tok_703eb4b27a73bec2,directionality_no_overlay_packet_v1,D011,M-1320,primary_target,tier1_directionality_candidate_mohenjo_daro_five_token_impression,visual_ltr_catalog_reverse,4,555,+527-555-231-240-798+,tmp/effective_unicity_directionality_blind_packet/source_crops/M_1320_a_signband_source.png,data/brahmi/source_token_crops_v2/M_1320_D011_4_b133a0ec1329b429.png,713,1162,455,387,1.175711,0.119094,034e34741deb87b1cdc17898a5dc7c7231c5aa11c9f8b65703abb85f79f7509e,projection_exact_count_unverified_token_identity
tok_2cbe657cd7b258cf,directionality_no_overlay_packet_v1,D011,M-1320,primary_target,tier1_directionality_candidate_mohenjo_daro_five_token_impression,visual_ltr_catalog_order,5,798,+527-555-231-240-798+,tmp/effective_unicity_directionality_blind_packet/source_crops/M_1320_a_signband_source.png,data/brahmi/source_token_crops_v2/M_1320_D011_5_d5073b5ebee47f63.png,1162,1280,121,395,0.306329,0.168701,feea4a3267d04f36ef133b2da848e4e7b9c45cf340518b63d27ac7d1648cceba,projection_exact_count_unverified_token_identity
tok_437acfe0b623c5f0,directionality_no_overlay_packet_v1,D011,M-1320,primary_target,tier1_directionality_candidate_mohenjo_daro_five_token_impression,visual_ltr_catalog_reverse,5,527,+527-555-231-240-798+,tmp/effective_unicity_directionality_blind_packet/source_crops/M_1320_a_signband_source.png,data/brahmi/source_token_crops_v2/M_1320_D011_5_d5073b5ebee47f63.png,1162,1280,121,395,0.306329,0.168701,feea4a3267d04f36ef133b2da848e4e7b9c45cf340518b63d27ac7d1648cceba,projection_exact_count_unverified_token_identity
tok_c96aae45e513226e,directionality_no_overlay_packet_v1,D013,H-654,primary_target,tier1_directionality_candidate_harappa_four_token,visual_ltr_catalog_order,1,405,+405-061-740-806+,tmp/effective_unicity_directionality_blind_packet/source_crops/H_654_A_signband_source.png,data/brahmi/source_token_crops_v2/H_654_D013_1_cc2e24fb32693eb3.png,0,498,501,460,1.089130,0.387635,0482d99c6eef1d3d6623f59eb1697cdfad46481cc70e2ea1680cdfe98ec95f50,projection_exact_count_unverified_token_identity
tok_3f946cdf37f3ba28,directionality_no_overlay_packet_v1,D013,H-654,primary_target,tier1_directionality_candidate_harappa_four_token,visual_ltr_catalog_reverse,1,806,+405-061-740-806+,tmp/effective_unicity_directionality_blind_packet/source_crops/H_654_A_signband_source.png,data/brahmi/source_token_crops_v2/H_654_D013_1_cc2e24fb32693eb3.png,0,498,501,460,1.089130,0.387635,0482d99c6eef1d3d6623f59eb1697cdfad46481cc70e2ea1680cdfe98ec95f50,projection_exact_count_unverified_token_identity
tok_09fd1b75aa602625,directionality_no_overlay_packet_v1,D013,H-654,primary_target,tier1_directionality_candidate_harappa_four_token,visual_ltr_catalog_order,2,061,+405-061-740-806+,tmp/effective_unicity_directionality_blind_packet/source_crops/H_654_A_signband_source.png,data/brahmi/source_token_crops_v2/H_654_D013_2_934454dac4c01fb6.png,498,587,95,460,0.206522,0.063578,2cf1105845553f4c48c1fc9424a3493fa7b0a32e758a5b9b3fbd00ce0ed28e4e,projection_exact_count_unverified_token_identity
tok_d2fb94b57ab167aa,directionality_no_overlay_packet_v1,D013,H-654,primary_target,tier1_directionality_candidate_harappa_four_token,visual_ltr_catalog_reverse,2,740,+405-061-740-806+,tmp/effective_unicity_directionality_blind_packet/source_crops/H_654_A_signband_source.png,data/brahmi/source_token_crops_v2/H_654_D013_2_934454dac4c01fb6.png,498,587,95,460,0.206522,0.063578,2cf1105845553f4c48c1fc9424a3493fa7b0a32e758a5b9b3fbd00ce0ed28e4e,projection_exact_count_unverified_token_identity
tok_8bc656fb43f14a0f,directionality_no_overlay_packet_v1,D013,H-654,primary_target,tier1_directionality_candidate_harappa_four_token,visual_ltr_catalog_order,3,740,+405-061-740-806+,tmp/effective_unicity_directionality_blind_packet/source_crops/H_654_A_signband_source.png,data/brahmi/source_token_crops_v2/H_654_D013_3_35419a2861b746f7.png,587,755,174,428,0.406542,0.106617,6f3690a20dce4cdb7a1c1028663bc74ba19e45fedd83c58839d228c4899a2cbc,projection_exact_count_unverified_token_identity
tok_5186e787f800451a,directionality_no_overlay_packet_v1,D013,H-654,primary_target,tier1_directionality_candidate_harappa_four_token,visual_ltr_catalog_reverse,3,061,+405-061-740-806+,tmp/effective_unicity_directionality_blind_packet/source_crops/H_654_A_signband_source.png,data/brahmi/source_token_crops_v2/H_654_D013_3_35419a2861b746f7.png,587,755,174,428,0.406542,0.106617,6f3690a20dce4cdb7a1c1028663bc74ba19e45fedd83c58839d228c4899a2cbc,projection_exact_count_unverified_token_identity
tok_a61a92837670e02f,directionality_no_overlay_packet_v1,D013,H-654,primary_target,tier1_directionality_candidate_harappa_four_token,visual_ltr_catalog_order,4,806,+405-061-740-806+,tmp/effective_unicity_directionality_blind_packet/source_crops/H_654_A_signband_source.png,data/brahmi/source_token_crops_v2/H_654_D013_4_3f36b562d598b39c.png,755,990,238,319,0.746082,0.261774,07be132c3f77affe29cffe4b3e02bcefc6fe3bb3429d67222876d1b4f92381b8,projection_exact_count_unverified_token_identity
tok_b9d0627f18cc3995,directionality_no_overlay_packet_v1,D013,H-654,primary_target,tier1_directionality_candidate_harappa_four_token,visual_ltr_catalog_reverse,4,405,+405-061-740-806+,tmp/effective_unicity_directionality_blind_packet/source_crops/H_654_A_signband_source.png,data/brahmi/source_token_crops_v2/H_654_D013_4_3f36b562d598b39c.png,755,990,238,319,0.746082,0.261774,07be132c3f77affe29cffe4b3e02bcefc6fe3bb3429d67222876d1b4f92381b8,projection_exact_count_unverified_token_identity
tok_66108b34d1b9d1c6,directionality_no_overlay_packet_v1,D014,M-1273,scoring_negative,m70_hard_negative_002_y_prev_not_032_suffix_control,visual_ltr_catalog_order,1,740,+740-055-002-861-603+,tmp/effective_unicity_directionality_blind_packet/source_crops/M_1273_impression_a_existing_hard_negative_source.png,data/brahmi/source_token_crops_v2/M_1273_D014_1_9bbb29b59aeb2f76.png,0,294,297,430,0.690698,0.366328,ffbea4add9c5059ddf45eb1d745aa5c1544745ef2ba7c40d6eb4ec6e09ea7091,projection_exact_count_unverified_token_identity
tok_cb8a54d006e7447b,directionality_no_overlay_packet_v1,D014,M-1273,scoring_negative,m70_hard_negative_002_y_prev_not_032_suffix_control,visual_ltr_catalog_reverse,1,603,+740-055-002-861-603+,tmp/effective_unicity_directionality_blind_packet/source_crops/M_1273_impression_a_existing_hard_negative_source.png,data/brahmi/source_token_crops_v2/M_1273_D014_1_9bbb29b59aeb2f76.png,0,294,297,430,0.690698,0.366328,ffbea4add9c5059ddf45eb1d745aa5c1544745ef2ba7c40d6eb4ec6e09ea7091,projection_exact_count_unverified_token_identity
tok_ab3e76e80a57126f,directionality_no_overlay_packet_v1,D014,M-1273,scoring_negative,m70_hard_negative_002_y_prev_not_032_suffix_control,visual_ltr_catalog_order,2,055,+740-055-002-861-603+,tmp/effective_unicity_directionality_blind_packet/source_crops/M_1273_impression_a_existing_hard_negative_source.png,data/brahmi/source_token_crops_v2/M_1273_D014_2_b5c0ce9f3cddf22d.png,294,443,155,427,0.362998,0.068635,ef033b0a2b09bc995945b20f4b9002fdeb0ce3e27368a8ad00eaa3e5eaf80cdc,projection_exact_count_unverified_token_identity
tok_9118296159b04964,directionality_no_overlay_packet_v1,D014,M-1273,scoring_negative,m70_hard_negative_002_y_prev_not_032_suffix_control,visual_ltr_catalog_reverse,2,861,+740-055-002-861-603+,tmp/effective_unicity_directionality_blind_packet/source_crops/M_1273_impression_a_existing_hard_negative_source.png,data/brahmi/source_token_crops_v2/M_1273_D014_2_b5c0ce9f3cddf22d.png,294,443,155,427,0.362998,0.068635,ef033b0a2b09bc995945b20f4b9002fdeb0ce3e27368a8ad00eaa3e5eaf80cdc,projection_exact_count_unverified_token_identity
tok_46cc90a21bb8a7d7,directionality_no_overlay_packet_v1,D014,M-1273,scoring_negative,m70_hard_negative_002_y_prev_not_032_suffix_control,visual_ltr_catalog_order,3,002,+740-055-002-861-603+,tmp/effective_unicity_directionality_blind_packet/source_crops/M_1273_impression_a_existing_hard_negative_source.png,data/brahmi/source_token_crops_v2/M_1273_D014_3_21d1e7e44b2cd2be.png,443,1021,584,430,1.358140,0.136316,3afeaa3d2cdf069e4c2110ee5d003f71bfe29145d628724804dd1c8fe23cdc15,projection_exact_count_unverified_token_identity
tok_067e846d330c5a85,directionality_no_overlay_packet_v1,D014,M-1273,scoring_negative,m70_hard_negative_002_y_prev_not_032_suffix_control,visual_ltr_catalog_reverse,3,002,+740-055-002-861-603+,tmp/effective_unicity_directionality_blind_packet/source_crops/M_1273_impression_a_existing_hard_negative_source.png,data/brahmi/source_token_crops_v2/M_1273_D014_3_21d1e7e44b2cd2be.png,443,1021,584,430,1.358140,0.136316,3afeaa3d2cdf069e4c2110ee5d003f71bfe29145d628724804dd1c8fe23cdc15,projection_exact_count_unverified_token_identity
tok_4c71292f2c0950a8,directionality_no_overlay_packet_v1,D014,M-1273,scoring_negative,m70_hard_negative_002_y_prev_not_032_suffix_control,visual_ltr_catalog_order,4,861,+740-055-002-861-603+,tmp/effective_unicity_directionality_blind_packet/source_crops/M_1273_impression_a_existing_hard_negative_source.png,data/brahmi/source_token_crops_v2/M_1273_D014_4_d040e7c9e0f775b2.png,1021,1112,97,391,0.248082,0.060277,218508f3a5e89e222fadad90478a86df374ccd1cde15293bb1c22aebb157de52,projection_exact_count_unverified_token_identity
tok_16158e19f7fdad79,directionality_no_overlay_packet_v1,D014,M-1273,scoring_negative,m70_hard_negative_002_y_prev_not_032_suffix_control,visual_ltr_catalog_reverse,4,055,+740-055-002-861-603+,tmp/effective_unicity_directionality_blind_packet/source_crops/M_1273_impression_a_existing_hard_negative_source.png,data/brahmi/source_token_crops_v2/M_1273_D014_4_d040e7c9e0f775b2.png,1021,1112,97,391,0.248082,0.060277,218508f3a5e89e222fadad90478a86df374ccd1cde15293bb1c22aebb157de52,projection_exact_count_unverified_token_identity
tok_5531b3d91d1d5d30,directionality_no_overlay_packet_v1,D014,M-1273,scoring_negative,m70_hard_negative_002_y_prev_not_032_suffix_control,visual_ltr_catalog_order,5,603,+740-055-002-861-603+,tmp/effective_unicity_directionality_blind_packet/source_crops/M_1273_impression_a_existing_hard_negative_source.png,data/brahmi/source_token_crops_v2/M_1273_D014_5_3ff53f00410be9c1.png,1112,1275,166,430,0.386047,0.194634,1a819603af4bba4b18050d4ad1a39b963a64d1acff19dfa99d2a01f35e81812d,projection_exact_count_unverified_token_identity
tok_121f9f7e289b744e,directionality_no_overlay_packet_v1,D014,M-1273,scoring_negative,m70_hard_negative_002_y_prev_not_032_suffix_control,visual_ltr_catalog_reverse,5,740,+740-055-002-861-603+,tmp/effective_unicity_directionality_blind_packet/source_crops/M_1273_impression_a_existing_hard_negative_source.png,data/brahmi/source_token_crops_v2/M_1273_D014_5_3ff53f00410be9c1.png,1112,1275,166,430,0.386047,0.194634,1a819603af4bba4b18050d4ad1a39b963a64d1acff19dfa99d2a01f35e81812d,projection_exact_count_unverified_token_identity
tok_03a15bc144893786,directionality_no_overlay_packet_v1,D015,M-381,scoring_negative,existing_segmentation_instability_stress_control,visual_ltr_catalog_order,1,740,+740-055-220-032-798-002-820+,tmp/effective_unicity_directionality_blind_packet/source_crops/M_381_panel_existing_stress_negative_source.png,data/brahmi/source_token_crops_v2/M_381_D015_1_5a6db6aa10cd6926.png,113,244,132,631,0.209192,0.090571,b9be7e4e87d1e8a19b87a3817105dc240cae58dd0c3007f9157a41cc7907a902,projection_exact_count_unverified_token_identity
tok_68aa732f6acb549f,directionality_no_overlay_packet_v1,D015,M-381,scoring_negative,existing_segmentation_instability_stress_control,visual_ltr_catalog_reverse,1,820,+740-055-220-032-798-002-820+,tmp/effective_unicity_directionality_blind_packet/source_crops/M_381_panel_existing_stress_negative_source.png,data/brahmi/source_token_crops_v2/M_381_D015_1_5a6db6aa10cd6926.png,113,244,132,631,0.209192,0.090571,b9be7e4e87d1e8a19b87a3817105dc240cae58dd0c3007f9157a41cc7907a902,projection_exact_count_unverified_token_identity
tok_b9e6b8d9258a48bc,directionality_no_overlay_packet_v1,D015,M-381,scoring_negative,existing_segmentation_instability_stress_control,visual_ltr_catalog_order,2,055,+740-055-220-032-798-002-820+,tmp/effective_unicity_directionality_blind_packet/source_crops/M_381_panel_existing_stress_negative_source.png,data/brahmi/source_token_crops_v2/M_381_D015_2_1343b74502b43160.png,244,483,245,634,0.386435,0.099140,f037d7e204aecd1bdea11888cead1022b041fce9d26d380f1f1c6d12ea612bdb,projection_exact_count_unverified_token_identity
tok_9dffcd12e55ccab2,directionality_no_overlay_packet_v1,D015,M-381,scoring_negative,existing_segmentation_instability_stress_control,visual_ltr_catalog_reverse,2,002,+740-055-220-032-798-002-820+,tmp/effective_unicity_directionality_blind_packet/source_crops/M_381_panel_existing_stress_negative_source.png,data/brahmi/source_token_crops_v2/M_381_D015_2_1343b74502b43160.png,244,483,245,634,0.386435,0.099140,f037d7e204aecd1bdea11888cead1022b041fce9d26d380f1f1c6d12ea612bdb,projection_exact_count_unverified_token_identity
tok_02d5402d568e1e06,directionality_no_overlay_packet_v1,D015,M-381,scoring_negative,existing_segmentation_instability_stress_control,visual_ltr_catalog_order,3,220,+740-055-220-032-798-002-820+,tmp/effective_unicity_directionality_blind_packet/source_crops/M_381_panel_existing_stress_negative_source.png,data/brahmi/source_token_crops_v2/M_381_D015_3_fe00778316c9aaa6.png,483,562,85,631,0.134707,0.022630,e7f99bab6e271add035e3fd1d27fcadcbf2ea966c56c7cc101cb7127dae09e20,projection_exact_count_unverified_token_identity
tok_75ab2ef3e01f8102,directionality_no_overlay_packet_v1,D015,M-381,scoring_negative,existing_segmentation_instability_stress_control,visual_ltr_catalog_reverse,3,798,+740-055-220-032-798-002-820+,tmp/effective_unicity_directionality_blind_packet/source_crops/M_381_panel_existing_stress_negative_source.png,data/brahmi/source_token_crops_v2/M_381_D015_3_fe00778316c9aaa6.png,483,562,85,631,0.134707,0.022630,e7f99bab6e271add035e3fd1d27fcadcbf2ea966c56c7cc101cb7127dae09e20,projection_exact_count_unverified_token_identity
tok_6fc5f77a7e945349,directionality_no_overlay_packet_v1,D015,M-381,scoring_negative,existing_segmentation_instability_stress_control,visual_ltr_catalog_order,4,032,+740-055-220-032-798-002-820+,tmp/effective_unicity_directionality_blind_packet/source_crops/M_381_panel_existing_stress_negative_source.png,data/brahmi/source_token_crops_v2/M_381_D015_4_82be5e14ee5e7a6d.png,562,616,60,631,0.095087,0.017180,cdb74da5d8d732c272414d070a11bf3873558051b8b8a7c9d792790be53cee19,projection_exact_count_unverified_token_identity
tok_6e90e3f1a5aba5bc,directionality_no_overlay_packet_v1,D015,M-381,scoring_negative,existing_segmentation_instability_stress_control,visual_ltr_catalog_reverse,4,032,+740-055-220-032-798-002-820+,tmp/effective_unicity_directionality_blind_packet/source_crops/M_381_panel_existing_stress_negative_source.png,data/brahmi/source_token_crops_v2/M_381_D015_4_82be5e14ee5e7a6d.png,562,616,60,631,0.095087,0.017180,cdb74da5d8d732c272414d070a11bf3873558051b8b8a7c9d792790be53cee19,projection_exact_count_unverified_token_identity
tok_b550caa963cf0bcc,directionality_no_overlay_packet_v1,D015,M-381,scoring_negative,existing_segmentation_instability_stress_control,visual_ltr_catalog_order,5,798,+740-055-220-032-798-002-820+,tmp/effective_unicity_directionality_blind_packet/source_crops/M_381_panel_existing_stress_negative_source.png,data/brahmi/source_token_crops_v2/M_381_D015_5_8b4e55d34cf6f56d.png,616,672,62,631,0.098257,0.022145,3e3115c84a4a8b7bc2ea141b28cbff4d40f79bc52081e167bb72f2ef47c8b532,projection_exact_count_unverified_token_identity
tok_f33d3c484879e6e5,directionality_no_overlay_packet_v1,D015,M-381,scoring_negative,existing_segmentation_instability_stress_control,visual_ltr_catalog_reverse,5,220,+740-055-220-032-798-002-820+,tmp/effective_unicity_directionality_blind_packet/source_crops/M_381_panel_existing_stress_negative_source.png,data/brahmi/source_token_crops_v2/M_381_D015_5_8b4e55d34cf6f56d.png,616,672,62,631,0.098257,0.022145,3e3115c84a4a8b7bc2ea141b28cbff4d40f79bc52081e167bb72f2ef47c8b532,projection_exact_count_unverified_token_identity
tok_50c16218c03bd25f,directionality_no_overlay_packet_v1,D015,M-381,scoring_negative,existing_segmentation_instability_stress_control,visual_ltr_catalog_order,6,002,+740-055-220-032-798-002-820+,tmp/effective_unicity_directionality_blind_packet/source_crops/M_381_panel_existing_stress_negative_source.png,data/brahmi/source_token_crops_v2/M_381_D015_6_df0506dc484b8be3.png,672,746,80,631,0.126783,0.025933,b95bcc3d75297cd5f7d89c86a2b8a1afae9616c2c0d467d7c28608c95fae6ee5,projection_exact_count_unverified_token_identity
tok_90cb0a3842859134,directionality_no_overlay_packet_v1,D015,M-381,scoring_negative,existing_segmentation_instability_stress_control,visual_ltr_catalog_reverse,6,055,+740-055-220-032-798-002-820+,tmp/effective_unicity_directionality_blind_packet/source_crops/M_381_panel_existing_stress_negative_source.png,data/brahmi/source_token_crops_v2/M_381_D015_6_df0506dc484b8be3.png,672,746,80,631,0.126783,0.025933,b95bcc3d75297cd5f7d89c86a2b8a1afae9616c2c0d467d7c28608c95fae6ee5,projection_exact_count_unverified_token_identity
tok_733a86da7ff9bb59,directionality_no_overlay_packet_v1,D015,M-381,scoring_negative,existing_segmentation_instability_stress_control,visual_ltr_catalog_order,7,820,+740-055-220-032-798-002-820+,tmp/effective_unicity_directionality_blind_packet/source_crops/M_381_panel_existing_stress_negative_source.png,data/brahmi/source_token_crops_v2/M_381_D015_7_475ce0548861fa48.png,746,1576,831,637,1.304553,0.227492,c7f211e15bc03248d52e976c22c3787af1c7927185f3b6be5c144ce7f66ffd93,projection_exact_count_unverified_token_identity
tok_74eb78fdbf70697c,directionality_no_overlay_packet_v1,D015,M-381,scoring_negative,existing_segmentation_instability_stress_control,visual_ltr_catalog_reverse,7,740,+740-055-220-032-798-002-820+,tmp/effective_unicity_directionality_blind_packet/source_crops/M_381_panel_existing_stress_negative_source.png,data/brahmi/source_token_crops_v2/M_381_D015_7_475ce0548861fa48.png,746,1576,831,637,1.304553,0.227492,c7f211e15bc03248d52e976c22c3787af1c7927185f3b6be5c144ce7f66ffd93,projection_exact_count_unverified_token_identity
tok_8979013dfefb38d9,directionality_no_overlay_packet_v2_label_masked_controls,D2_001,M-1310,primary_target_recut,tier1_directionality_candidate_recut_after_v1_edge_fragments,visual_ltr_catalog_order,1,407,+407-004-001-740-407-590-235+,tmp/effective_unicity_directionality_blind_packet_v2/source_crops/M_1310_A_recut_signband_source.png,data/brahmi/source_token_crops_v2/M_1310_D2_001_1_ab7b380393d082cd.png,111,154,44,261,0.168582,0.065926,c299bcc076124b4ad338655a2492b32530256feac7fdab869505ecd7accdae7f,projection_exact_count_unverified_token_identity
tok_6995ede8e01629d6,directionality_no_overlay_packet_v2_label_masked_controls,D2_001,M-1310,primary_target_recut,tier1_directionality_candidate_recut_after_v1_edge_fragments,visual_ltr_catalog_reverse,1,235,+407-004-001-740-407-590-235+,tmp/effective_unicity_directionality_blind_packet_v2/source_crops/M_1310_A_recut_signband_source.png,data/brahmi/source_token_crops_v2/M_1310_D2_001_1_ab7b380393d082cd.png,111,154,44,261,0.168582,0.065926,c299bcc076124b4ad338655a2492b32530256feac7fdab869505ecd7accdae7f,projection_exact_count_unverified_token_identity
tok_3a7654cd37ade74e,directionality_no_overlay_packet_v2_label_masked_controls,D2_001,M-1310,primary_target_recut,tier1_directionality_candidate_recut_after_v1_edge_fragments,visual_ltr_catalog_order,2,004,+407-004-001-740-407-590-235+,tmp/effective_unicity_directionality_blind_packet_v2/source_crops/M_1310_A_recut_signband_source.png,data/brahmi/source_token_crops_v2/M_1310_D2_001_2_01751a54bec70447.png,154,436,288,269,1.070632,0.507311,16204cd6f2c4b50ed84ff9365e58e242e0245872692df2c3cd27381c0d5317ce,projection_exact_count_unverified_token_identity
tok_9df4fabd43287cfd,directionality_no_overlay_packet_v2_label_masked_controls,D2_001,M-1310,primary_target_recut,tier1_directionality_candidate_recut_after_v1_edge_fragments,visual_ltr_catalog_reverse,2,590,+407-004-001-740-407-590-235+,tmp/effective_unicity_directionality_blind_packet_v2/source_crops/M_1310_A_recut_signband_source.png,data/brahmi/source_token_crops_v2/M_1310_D2_001_2_01751a54bec70447.png,154,436,288,269,1.070632,0.507311,16204cd6f2c4b50ed84ff9365e58e242e0245872692df2c3cd27381c0d5317ce,projection_exact_count_unverified_token_identity
tok_52ce126f2e974639,directionality_no_overlay_packet_v2_label_masked_controls,D2_001,M-1310,primary_target_recut,tier1_directionality_candidate_recut_after_v1_edge_fragments,visual_ltr_catalog_order,3,001,+407-004-001-740-407-590-235+,tmp/effective_unicity_directionality_blind_packet_v2/source_crops/M_1310_A_recut_signband_source.png,data/brahmi/source_token_crops_v2/M_1310_D2_001_3_beb02db96dc7ac1a.png,436,482,52,265,0.196226,0.074880,e8b0c4d37f11b83a23a80a859e83352c962896702959e9777d3a7bddda31e479,projection_exact_count_unverified_token_identity
tok_c312ec428abdecdb,directionality_no_overlay_packet_v2_label_masked_controls,D2_001,M-1310,primary_target_recut,tier1_directionality_candidate_recut_after_v1_edge_fragments,visual_ltr_catalog_reverse,3,407,+407-004-001-740-407-590-235+,tmp/effective_unicity_directionality_blind_packet_v2/source_crops/M_1310_A_recut_signband_source.png,data/brahmi/source_token_crops_v2/M_1310_D2_001_3_beb02db96dc7ac1a.png,436,482,52,265,0.196226,0.074880,e8b0c4d37f11b83a23a80a859e83352c962896702959e9777d3a7bddda31e479,projection_exact_count_unverified_token_identity
tok_116af33d540ab23b,directionality_no_overlay_packet_v2_label_masked_controls,D2_001,M-1310,primary_target_recut,tier1_directionality_candidate_recut_after_v1_edge_fragments,visual_ltr_catalog_order,4,740,+407-004-001-740-407-590-235+,tmp/effective_unicity_directionality_blind_packet_v2/source_crops/M_1310_A_recut_signband_source.png,data/brahmi/source_token_crops_v2/M_1310_D2_001_4_1d6e487e6e299663.png,482,587,111,253,0.438735,0.252665,c80035bdd0e0fa210547e3d7b5e1eef572011600815bad151cfe834979e3a9d2,projection_exact_count_unverified_token_identity
tok_fead6ef854407f2a,directionality_no_overlay_packet_v2_label_masked_controls,D2_001,M-1310,primary_target_recut,tier1_directionality_candidate_recut_after_v1_edge_fragments,visual_ltr_catalog_reverse,4,740,+407-004-001-740-407-590-235+,tmp/effective_unicity_directionality_blind_packet_v2/source_crops/M_1310_A_recut_signband_source.png,data/brahmi/source_token_crops_v2/M_1310_D2_001_4_1d6e487e6e299663.png,482,587,111,253,0.438735,0.252665,c80035bdd0e0fa210547e3d7b5e1eef572011600815bad151cfe834979e3a9d2,projection_exact_count_unverified_token_identity
tok_707e1adfc3617135,directionality_no_overlay_packet_v2_label_masked_controls,D2_001,M-1310,primary_target_recut,tier1_directionality_candidate_recut_after_v1_edge_fragments,visual_ltr_catalog_order,5,407,+407-004-001-740-407-590-235+,tmp/effective_unicity_directionality_blind_packet_v2/source_crops/M_1310_A_recut_signband_source.png,data/brahmi/source_token_crops_v2/M_1310_D2_001_5_e4704c2c8e346621.png,587,726,145,257,0.564202,0.291008,ef96020295f601e2f5560f24b872a37811c7297b4a83e9be2ffa675db4ffaf31,projection_exact_count_unverified_token_identity
tok_4dd74113e110d71e,directionality_no_overlay_packet_v2_label_masked_controls,D2_001,M-1310,primary_target_recut,tier1_directionality_candidate_recut_after_v1_edge_fragments,visual_ltr_catalog_reverse,5,001,+407-004-001-740-407-590-235+,tmp/effective_unicity_directionality_blind_packet_v2/source_crops/M_1310_A_recut_signband_source.png,data/brahmi/source_token_crops_v2/M_1310_D2_001_5_e4704c2c8e346621.png,587,726,145,257,0.564202,0.291008,ef96020295f601e2f5560f24b872a37811c7297b4a83e9be2ffa675db4ffaf31,projection_exact_count_unverified_token_identity
tok_ca39b6f6eada72fb,directionality_no_overlay_packet_v2_label_masked_controls,D2_001,M-1310,primary_target_recut,tier1_directionality_candidate_recut_after_v1_edge_fragments,visual_ltr_catalog_order,6,590,+407-004-001-740-407-590-235+,tmp/effective_unicity_directionality_blind_packet_v2/source_crops/M_1310_A_recut_signband_source.png,data/brahmi/source_token_crops_v2/M_1310_D2_001_6_ccfdccb601947ea8.png,726,840,120,273,0.439560,0.226911,79693c895da4a74f51d3fb54c1f55fe8c9e534f51b54d5a688526ce1e5190775,projection_exact_count_unverified_token_identity
tok_595c503fa48b4ff2,directionality_no_overlay_packet_v2_label_masked_controls,D2_001,M-1310,primary_target_recut,tier1_directionality_candidate_recut_after_v1_edge_fragments,visual_ltr_catalog_reverse,6,004,+407-004-001-740-407-590-235+,tmp/effective_unicity_directionality_blind_packet_v2/source_crops/M_1310_A_recut_signband_source.png,data/brahmi/source_token_crops_v2/M_1310_D2_001_6_ccfdccb601947ea8.png,726,840,120,273,0.439560,0.226911,79693c895da4a74f51d3fb54c1f55fe8c9e534f51b54d5a688526ce1e5190775,projection_exact_count_unverified_token_identity
tok_2c633891cb809657,directionality_no_overlay_packet_v2_label_masked_controls,D2_001,M-1310,primary_target_recut,tier1_directionality_candidate_recut_after_v1_edge_fragments,visual_ltr_catalog_order,7,235,+407-004-001-740-407-590-235+,tmp/effective_unicity_directionality_blind_packet_v2/source_crops/M_1310_A_recut_signband_source.png,data/brahmi/source_token_crops_v2/M_1310_D2_001_7_1ecdf44187fb1628.png,840,959,120,277,0.433213,0.191947,696c1586c955f0cdfef03debbb68193ab1722cbd46c8dfb76ba55ae1bafc73db,projection_exact_count_unverified_token_identity
tok_86f9bfe97511450f,directionality_no_overlay_packet_v2_label_masked_controls,D2_001,M-1310,primary_target_recut,tier1_directionality_candidate_recut_after_v1_edge_fragments,visual_ltr_catalog_reverse,7,407,+407-004-001-740-407-590-235+,tmp/effective_unicity_directionality_blind_packet_v2/source_crops/M_1310_A_recut_signband_source.png,data/brahmi/source_token_crops_v2/M_1310_D2_001_7_1ecdf44187fb1628.png,840,959,120,277,0.433213,0.191947,696c1586c955f0cdfef03debbb68193ab1722cbd46c8dfb76ba55ae1bafc73db,projection_exact_count_unverified_token_identity
tok_93c3d86d7d63c785,directionality_no_overlay_packet_v2_label_masked_controls,D2_002,M-811,primary_target_recut,tier1_route_candidate_v1_target_overcount_failure,visual_ltr_catalog_order,1,226,+226-032-803+,tmp/effective_unicity_directionality_blind_packet_v2/source_crops/M_811_a_diagnostic_v1_failed_source.png,data/brahmi/source_token_crops_v2/M_811_D2_002_1_f7657317f0fa165a.png,0,36,39,345,0.113043,0.022433,d48e4c329c13d27b551efc96dbf718100555e2364f4c9d1de24e6f1353fd5902,projection_exact_count_unverified_token_identity
tok_303e6aab50e21870,directionality_no_overlay_packet_v2_label_masked_controls,D2_002,M-811,primary_target_recut,tier1_route_candidate_v1_target_overcount_failure,visual_ltr_catalog_reverse,1,803,+226-032-803+,tmp/effective_unicity_directionality_blind_packet_v2/source_crops/M_811_a_diagnostic_v1_failed_source.png,data/brahmi/source_token_crops_v2/M_811_D2_002_1_f7657317f0fa165a.png,0,36,39,345,0.113043,0.022433,d48e4c329c13d27b551efc96dbf718100555e2364f4c9d1de24e6f1353fd5902,projection_exact_count_unverified_token_identity
tok_3ac74854a513961f,directionality_no_overlay_packet_v2_label_masked_controls,D2_002,M-811,primary_target_recut,tier1_route_candidate_v1_target_overcount_failure,visual_ltr_catalog_order,2,032,+226-032-803+,tmp/effective_unicity_directionality_blind_packet_v2/source_crops/M_811_a_diagnostic_v1_failed_source.png,data/brahmi/source_token_crops_v2/M_811_D2_002_2_dd29c0a3a1edca05.png,36,476,424,335,1.265672,0.116534,e26ec673338a839fe09f2b09a5741bd0d18e7d21c248777551344722e2b9edf3,projection_exact_count_unverified_token_identity
tok_9d365a94e04256e7,directionality_no_overlay_packet_v2_label_masked_controls,D2_002,M-811,primary_target_recut,tier1_route_candidate_v1_target_overcount_failure,visual_ltr_catalog_reverse,2,032,+226-032-803+,tmp/effective_unicity_directionality_blind_packet_v2/source_crops/M_811_a_diagnostic_v1_failed_source.png,data/brahmi/source_token_crops_v2/M_811_D2_002_2_dd29c0a3a1edca05.png,36,476,424,335,1.265672,0.116534,e26ec673338a839fe09f2b09a5741bd0d18e7d21c248777551344722e2b9edf3,projection_exact_count_unverified_token_identity
tok_bda06b8409e869ad,directionality_no_overlay_packet_v2_label_masked_controls,D2_002,M-811,primary_target_recut,tier1_route_candidate_v1_target_overcount_failure,visual_ltr_catalog_order,3,803,+226-032-803+,tmp/effective_unicity_directionality_blind_packet_v2/source_crops/M_811_a_diagnostic_v1_failed_source.png,data/brahmi/source_token_crops_v2/M_811_D2_002_3_1455451b93c8ca43.png,476,840,342,345,0.991304,0.151246,8e4180b77fa5622f18f81e57c062d983bd26bc73c108600952c1ef42ce411e76,projection_exact_count_unverified_token_identity
tok_321ee2c2f162ec3f,directionality_no_overlay_packet_v2_label_masked_controls,D2_002,M-811,primary_target_recut,tier1_route_candidate_v1_target_overcount_failure,visual_ltr_catalog_reverse,3,226,+226-032-803+,tmp/effective_unicity_directionality_blind_packet_v2/source_crops/M_811_a_diagnostic_v1_failed_source.png,data/brahmi/source_token_crops_v2/M_811_D2_002_3_1455451b93c8ca43.png,476,840,342,345,0.991304,0.151246,8e4180b77fa5622f18f81e57c062d983bd26bc73c108600952c1ef42ce411e76,projection_exact_count_unverified_token_identity
tok_d2ade8c2da91b6ec,directionality_no_overlay_packet_v2_label_masked_controls,D2_003,M-811,primary_target_recut,tier1_route_candidate_v1_target_overcount_failure,visual_ltr_catalog_order,1,226,+226-032-803+,tmp/effective_unicity_directionality_blind_packet_v2/source_crops/M_811_A_diagnostic_v1_failed_source.png,data/brahmi/source_token_crops_v2/M_811_D2_003_1_5ce6f01bcf5ec64c.png,0,36,39,345,0.113043,0.022433,d48e4c329c13d27b551efc96dbf718100555e2364f4c9d1de24e6f1353fd5902,projection_exact_count_unverified_token_identity
tok_0fc8309aa9de05fe,directionality_no_overlay_packet_v2_label_masked_controls,D2_003,M-811,primary_target_recut,tier1_route_candidate_v1_target_overcount_failure,visual_ltr_catalog_reverse,1,803,+226-032-803+,tmp/effective_unicity_directionality_blind_packet_v2/source_crops/M_811_A_diagnostic_v1_failed_source.png,data/brahmi/source_token_crops_v2/M_811_D2_003_1_5ce6f01bcf5ec64c.png,0,36,39,345,0.113043,0.022433,d48e4c329c13d27b551efc96dbf718100555e2364f4c9d1de24e6f1353fd5902,projection_exact_count_unverified_token_identity
tok_ede37ae96b14b705,directionality_no_overlay_packet_v2_label_masked_controls,D2_003,M-811,primary_target_recut,tier1_route_candidate_v1_target_overcount_failure,visual_ltr_catalog_order,2,032,+226-032-803+,tmp/effective_unicity_directionality_blind_packet_v2/source_crops/M_811_A_diagnostic_v1_failed_source.png,data/brahmi/source_token_crops_v2/M_811_D2_003_2_c1cf2cdbb9856a09.png,36,476,424,335,1.265672,0.116534,e26ec673338a839fe09f2b09a5741bd0d18e7d21c248777551344722e2b9edf3,projection_exact_count_unverified_token_identity
tok_f4eff298e650f4c6,directionality_no_overlay_packet_v2_label_masked_controls,D2_003,M-811,primary_target_recut,tier1_route_candidate_v1_target_overcount_failure,visual_ltr_catalog_reverse,2,032,+226-032-803+,tmp/effective_unicity_directionality_blind_packet_v2/source_crops/M_811_A_diagnostic_v1_failed_source.png,data/brahmi/source_token_crops_v2/M_811_D2_003_2_c1cf2cdbb9856a09.png,36,476,424,335,1.265672,0.116534,e26ec673338a839fe09f2b09a5741bd0d18e7d21c248777551344722e2b9edf3,projection_exact_count_unverified_token_identity
tok_696fbae7be69cfe5,directionality_no_overlay_packet_v2_label_masked_controls,D2_003,M-811,primary_target_recut,tier1_route_candidate_v1_target_overcount_failure,visual_ltr_catalog_order,3,803,+226-032-803+,tmp/effective_unicity_directionality_blind_packet_v2/source_crops/M_811_A_diagnostic_v1_failed_source.png,data/brahmi/source_token_crops_v2/M_811_D2_003_3_a6754b0c58711dd9.png,476,840,342,345,0.991304,0.151246,8e4180b77fa5622f18f81e57c062d983bd26bc73c108600952c1ef42ce411e76,projection_exact_count_unverified_token_identity
tok_421ab9186d86cff8,directionality_no_overlay_packet_v2_label_masked_controls,D2_003,M-811,primary_target_recut,tier1_route_candidate_v1_target_overcount_failure,visual_ltr_catalog_reverse,3,226,+226-032-803+,tmp/effective_unicity_directionality_blind_packet_v2/source_crops/M_811_A_diagnostic_v1_failed_source.png,data/brahmi/source_token_crops_v2/M_811_D2_003_3_a6754b0c58711dd9.png,476,840,342,345,0.991304,0.151246,8e4180b77fa5622f18f81e57c062d983bd26bc73c108600952c1ef42ce411e76,projection_exact_count_unverified_token_identity
tok_2a04466ff0b6f722,directionality_no_overlay_packet_v2_label_masked_controls,D2_005,M-386,scoring_negative_real,forger_recommended_routed_real_negative_label_masked_context,visual_ltr_catalog_order,1,405,+405-004-001-139+,tmp/effective_unicity_directionality_blind_packet_v2/source_crops/M_386_cisi_india_n130_label_masked_context_source.png,data/brahmi/source_token_crops_v2/M_386_D2_005_1_76091e9dce7b484f.png,0,225,228,2081,0.109563,0.023652,037e9ab3a096028afb5a6631fd8bc1aa8e8ec9a39678b4853bf80a53ccde7cd4,projection_exact_count_unverified_token_identity
tok_8555b8744f02509a,directionality_no_overlay_packet_v2_label_masked_controls,D2_005,M-386,scoring_negative_real,forger_recommended_routed_real_negative_label_masked_context,visual_ltr_catalog_reverse,1,139,+405-004-001-139+,tmp/effective_unicity_directionality_blind_packet_v2/source_crops/M_386_cisi_india_n130_label_masked_context_source.png,data/brahmi/source_token_crops_v2/M_386_D2_005_1_76091e9dce7b484f.png,0,225,228,2081,0.109563,0.023652,037e9ab3a096028afb5a6631fd8bc1aa8e8ec9a39678b4853bf80a53ccde7cd4,projection_exact_count_unverified_token_identity
tok_ee5ff7b798df7003,directionality_no_overlay_packet_v2_label_masked_controls,D2_005,M-386,scoring_negative_real,forger_recommended_routed_real_negative_label_masked_context,visual_ltr_catalog_order,2,004,+405-004-001-139+,tmp/effective_unicity_directionality_blind_packet_v2/source_crops/M_386_cisi_india_n130_label_masked_context_source.png,data/brahmi/source_token_crops_v2/M_386_D2_005_2_c148e19e94a033fb.png,225,601,382,2081,0.183566,0.028855,beab22fccc98a1fb269c617a381b6dad1ca319d56942497e2205ad20188783dc,projection_exact_count_unverified_token_identity
tok_198a4552a3b5b3e5,directionality_no_overlay_packet_v2_label_masked_controls,D2_005,M-386,scoring_negative_real,forger_recommended_routed_real_negative_label_masked_context,visual_ltr_catalog_reverse,2,001,+405-004-001-139+,tmp/effective_unicity_directionality_blind_packet_v2/source_crops/M_386_cisi_india_n130_label_masked_context_source.png,data/brahmi/source_token_crops_v2/M_386_D2_005_2_c148e19e94a033fb.png,225,601,382,2081,0.183566,0.028855,beab22fccc98a1fb269c617a381b6dad1ca319d56942497e2205ad20188783dc,projection_exact_count_unverified_token_identity
tok_9ecbd60faa684b45,directionality_no_overlay_packet_v2_label_masked_controls,D2_005,M-386,scoring_negative_real,forger_recommended_routed_real_negative_label_masked_context,visual_ltr_catalog_order,3,001,+405-004-001-139+,tmp/effective_unicity_directionality_blind_packet_v2/source_crops/M_386_cisi_india_n130_label_masked_context_source.png,data/brahmi/source_token_crops_v2/M_386_D2_005_3_0a8d75719c9fbcdf.png,601,1016,345,2081,0.165786,0.023799,0f908ed9b29e922675b9483fd26715c472eb278fb0bb769991411f126b187369,projection_exact_count_unverified_token_identity
tok_d55096841f5f9e9b,directionality_no_overlay_packet_v2_label_masked_controls,D2_005,M-386,scoring_negative_real,forger_recommended_routed_real_negative_label_masked_context,visual_ltr_catalog_reverse,3,004,+405-004-001-139+,tmp/effective_unicity_directionality_blind_packet_v2/source_crops/M_386_cisi_india_n130_label_masked_context_source.png,data/brahmi/source_token_crops_v2/M_386_D2_005_3_0a8d75719c9fbcdf.png,601,1016,345,2081,0.165786,0.023799,0f908ed9b29e922675b9483fd26715c472eb278fb0bb769991411f126b187369,projection_exact_count_unverified_token_identity
tok_54e8f65818042846,directionality_no_overlay_packet_v2_label_masked_controls,D2_005,M-386,scoring_negative_real,forger_recommended_routed_real_negative_label_masked_context,visual_ltr_catalog_order,4,139,+405-004-001-139+,tmp/effective_unicity_directionality_blind_packet_v2/source_crops/M_386_cisi_india_n130_label_masked_context_source.png,data/brahmi/source_token_crops_v2/M_386_D2_005_4_875555eb1a9e838e.png,1016,1381,322,534,0.602996,0.128624,8f688b63f6388f190dc7b322581ef1c4c40642264be20216fa07b2e17f0c325d,projection_exact_count_unverified_token_identity
tok_3670042ed0afe3a8,directionality_no_overlay_packet_v2_label_masked_controls,D2_005,M-386,scoring_negative_real,forger_recommended_routed_real_negative_label_masked_context,visual_ltr_catalog_reverse,4,405,+405-004-001-139+,tmp/effective_unicity_directionality_blind_packet_v2/source_crops/M_386_cisi_india_n130_label_masked_context_source.png,data/brahmi/source_token_crops_v2/M_386_D2_005_4_875555eb1a9e838e.png,1016,1381,322,534,0.602996,0.128624,8f688b63f6388f190dc7b322581ef1c4c40642264be20216fa07b2e17f0c325d,projection_exact_count_unverified_token_identity
tok_dc75a8c69a072678,directionality_no_overlay_packet_v2_label_masked_controls,D2_006,M-1315,scoring_negative_real,forger_recommended_routed_real_negative_label_masked_context,visual_ltr_catalog_order,1,617,+617-142-240+,tmp/effective_unicity_directionality_blind_packet_v2/source_crops/M_1315_cisi_pakistan_n202_label_masked_context_source.png,data/brahmi/source_token_crops_v2/M_1315_D2_006_1_19a19813c19f7d8e.png,0,98,63,4566,0.013798,0.003634,c4093f9a017e1ab390e18b4c014e9aeff89e63ec0f5fb8b0980ef3ad8fae203a,projection_exact_count_unverified_token_identity
tok_2e2cce53d189364c,directionality_no_overlay_packet_v2_label_masked_controls,D2_006,M-1315,scoring_negative_real,forger_recommended_routed_real_negative_label_masked_context,visual_ltr_catalog_reverse,1,240,+617-142-240+,tmp/effective_unicity_directionality_blind_packet_v2/source_crops/M_1315_cisi_pakistan_n202_label_masked_context_source.png,data/brahmi/source_token_crops_v2/M_1315_D2_006_1_19a19813c19f7d8e.png,0,98,63,4566,0.013798,0.003634,c4093f9a017e1ab390e18b4c014e9aeff89e63ec0f5fb8b0980ef3ad8fae203a,projection_exact_count_unverified_token_identity
tok_42ac8ab0b17597b3,directionality_no_overlay_packet_v2_label_masked_controls,D2_006,M-1315,scoring_negative_real,forger_recommended_routed_real_negative_label_masked_context,visual_ltr_catalog_order,2,142,+617-142-240+,tmp/effective_unicity_directionality_blind_packet_v2/source_crops/M_1315_cisi_pakistan_n202_label_masked_context_source.png,data/brahmi/source_token_crops_v2/M_1315_D2_006_2_bb86bbf1bb0dfd42.png,98,1081,903,4222,0.213880,0.036024,33453f683917d26ae2e992bb8fc71127c213e0d542bd120b0a53cc11436c45fa,projection_exact_count_unverified_token_identity
tok_61d6de543dd6770f,directionality_no_overlay_packet_v2_label_masked_controls,D2_006,M-1315,scoring_negative_real,forger_recommended_routed_real_negative_label_masked_context,visual_ltr_catalog_reverse,2,142,+617-142-240+,tmp/effective_unicity_directionality_blind_packet_v2/source_crops/M_1315_cisi_pakistan_n202_label_masked_context_source.png,data/brahmi/source_token_crops_v2/M_1315_D2_006_2_bb86bbf1bb0dfd42.png,98,1081,903,4222,0.213880,0.036024,33453f683917d26ae2e992bb8fc71127c213e0d542bd120b0a53cc11436c45fa,projection_exact_count_unverified_token_identity
tok_bcdac3ea9cd33294,directionality_no_overlay_packet_v2_label_masked_controls,D2_006,M-1315,scoring_negative_real,forger_recommended_routed_real_negative_label_masked_context,visual_ltr_catalog_order,3,240,+617-142-240+,tmp/effective_unicity_directionality_blind_packet_v2/source_crops/M_1315_cisi_pakistan_n202_label_masked_context_source.png,data/brahmi/source_token_crops_v2/M_1315_D2_006_3_061bdab1db38353b.png,1081,1284,164,2844,0.057665,0.014226,22bc43f86d063d5c0bb779eb2cfe53721da568a9d50b3d74731325051b0bf983,projection_exact_count_unverified_token_identity
tok_ac72cc733f621dcf,directionality_no_overlay_packet_v2_label_masked_controls,D2_006,M-1315,scoring_negative_real,forger_recommended_routed_real_negative_label_masked_context,visual_ltr_catalog_reverse,3,617,+617-142-240+,tmp/effective_unicity_directionality_blind_packet_v2/source_crops/M_1315_cisi_pakistan_n202_label_masked_context_source.png,data/brahmi/source_token_crops_v2/M_1315_D2_006_3_061bdab1db38353b.png,1081,1284,164,2844,0.057665,0.014226,22bc43f86d063d5c0bb779eb2cfe53721da568a9d50b3d74731325051b0bf983,projection_exact_count_unverified_token_identity
tok_0b122b300e107f95,directionality_no_overlay_packet_v2_label_masked_controls,D2_007,M-381,external_stress_control,existing_segmentation_instability_stress_control,visual_ltr_catalog_order,1,740,+740-055-220-032-798-002-820+,tmp/effective_unicity_directionality_blind_packet_v2/source_crops/M_381_panel_existing_stress_negative_source.png,data/brahmi/source_token_crops_v2/M_381_D2_007_1_ee76e3d2d3d43f61.png,113,244,132,631,0.209192,0.090571,b9be7e4e87d1e8a19b87a3817105dc240cae58dd0c3007f9157a41cc7907a902,projection_exact_count_unverified_token_identity
tok_b481efb27c1c6815,directionality_no_overlay_packet_v2_label_masked_controls,D2_007,M-381,external_stress_control,existing_segmentation_instability_stress_control,visual_ltr_catalog_reverse,1,820,+740-055-220-032-798-002-820+,tmp/effective_unicity_directionality_blind_packet_v2/source_crops/M_381_panel_existing_stress_negative_source.png,data/brahmi/source_token_crops_v2/M_381_D2_007_1_ee76e3d2d3d43f61.png,113,244,132,631,0.209192,0.090571,b9be7e4e87d1e8a19b87a3817105dc240cae58dd0c3007f9157a41cc7907a902,projection_exact_count_unverified_token_identity
tok_24e453b1b084b9ba,directionality_no_overlay_packet_v2_label_masked_controls,D2_007,M-381,external_stress_control,existing_segmentation_instability_stress_control,visual_ltr_catalog_order,2,055,+740-055-220-032-798-002-820+,tmp/effective_unicity_directionality_blind_packet_v2/source_crops/M_381_panel_existing_stress_negative_source.png,data/brahmi/source_token_crops_v2/M_381_D2_007_2_32eb2a71a2a0f756.png,244,483,245,634,0.386435,0.099140,f037d7e204aecd1bdea11888cead1022b041fce9d26d380f1f1c6d12ea612bdb,projection_exact_count_unverified_token_identity
tok_aea867e8965efb63,directionality_no_overlay_packet_v2_label_masked_controls,D2_007,M-381,external_stress_control,existing_segmentation_instability_stress_control,visual_ltr_catalog_reverse,2,002,+740-055-220-032-798-002-820+,tmp/effective_unicity_directionality_blind_packet_v2/source_crops/M_381_panel_existing_stress_negative_source.png,data/brahmi/source_token_crops_v2/M_381_D2_007_2_32eb2a71a2a0f756.png,244,483,245,634,0.386435,0.099140,f037d7e204aecd1bdea11888cead1022b041fce9d26d380f1f1c6d12ea612bdb,projection_exact_count_unverified_token_identity
tok_48ebc36d9e1924c8,directionality_no_overlay_packet_v2_label_masked_controls,D2_007,M-381,external_stress_control,existing_segmentation_instability_stress_control,visual_ltr_catalog_order,3,220,+740-055-220-032-798-002-820+,tmp/effective_unicity_directionality_blind_packet_v2/source_crops/M_381_panel_existing_stress_negative_source.png,data/brahmi/source_token_crops_v2/M_381_D2_007_3_61faa93ae6f325ae.png,483,562,85,631,0.134707,0.022630,e7f99bab6e271add035e3fd1d27fcadcbf2ea966c56c7cc101cb7127dae09e20,projection_exact_count_unverified_token_identity
tok_6345a4f323addc21,directionality_no_overlay_packet_v2_label_masked_controls,D2_007,M-381,external_stress_control,existing_segmentation_instability_stress_control,visual_ltr_catalog_reverse,3,798,+740-055-220-032-798-002-820+,tmp/effective_unicity_directionality_blind_packet_v2/source_crops/M_381_panel_existing_stress_negative_source.png,data/brahmi/source_token_crops_v2/M_381_D2_007_3_61faa93ae6f325ae.png,483,562,85,631,0.134707,0.022630,e7f99bab6e271add035e3fd1d27fcadcbf2ea966c56c7cc101cb7127dae09e20,projection_exact_count_unverified_token_identity
tok_8949cefe0bb9eb6b,directionality_no_overlay_packet_v2_label_masked_controls,D2_007,M-381,external_stress_control,existing_segmentation_instability_stress_control,visual_ltr_catalog_order,4,032,+740-055-220-032-798-002-820+,tmp/effective_unicity_directionality_blind_packet_v2/source_crops/M_381_panel_existing_stress_negative_source.png,data/brahmi/source_token_crops_v2/M_381_D2_007_4_3da1287c513ae110.png,562,616,60,631,0.095087,0.017180,cdb74da5d8d732c272414d070a11bf3873558051b8b8a7c9d792790be53cee19,projection_exact_count_unverified_token_identity
tok_6d75ffd18e99f471,directionality_no_overlay_packet_v2_label_masked_controls,D2_007,M-381,external_stress_control,existing_segmentation_instability_stress_control,visual_ltr_catalog_reverse,4,032,+740-055-220-032-798-002-820+,tmp/effective_unicity_directionality_blind_packet_v2/source_crops/M_381_panel_existing_stress_negative_source.png,data/brahmi/source_token_crops_v2/M_381_D2_007_4_3da1287c513ae110.png,562,616,60,631,0.095087,0.017180,cdb74da5d8d732c272414d070a11bf3873558051b8b8a7c9d792790be53cee19,projection_exact_count_unverified_token_identity
tok_f4764c304fc74ba0,directionality_no_overlay_packet_v2_label_masked_controls,D2_007,M-381,external_stress_control,existing_segmentation_instability_stress_control,visual_ltr_catalog_order,5,798,+740-055-220-032-798-002-820+,tmp/effective_unicity_directionality_blind_packet_v2/source_crops/M_381_panel_existing_stress_negative_source.png,data/brahmi/source_token_crops_v2/M_381_D2_007_5_4f6b6b9ea8a1f5f0.png,616,672,62,631,0.098257,0.022145,3e3115c84a4a8b7bc2ea141b28cbff4d40f79bc52081e167bb72f2ef47c8b532,projection_exact_count_unverified_token_identity
tok_e99e433a3bd3be55,directionality_no_overlay_packet_v2_label_masked_controls,D2_007,M-381,external_stress_control,existing_segmentation_instability_stress_control,visual_ltr_catalog_reverse,5,220,+740-055-220-032-798-002-820+,tmp/effective_unicity_directionality_blind_packet_v2/source_crops/M_381_panel_existing_stress_negative_source.png,data/brahmi/source_token_crops_v2/M_381_D2_007_5_4f6b6b9ea8a1f5f0.png,616,672,62,631,0.098257,0.022145,3e3115c84a4a8b7bc2ea141b28cbff4d40f79bc52081e167bb72f2ef47c8b532,projection_exact_count_unverified_token_identity
tok_30310473f572cac0,directionality_no_overlay_packet_v2_label_masked_controls,D2_007,M-381,external_stress_control,existing_segmentation_instability_stress_control,visual_ltr_catalog_order,6,002,+740-055-220-032-798-002-820+,tmp/effective_unicity_directionality_blind_packet_v2/source_crops/M_381_panel_existing_stress_negative_source.png,data/brahmi/source_token_crops_v2/M_381_D2_007_6_4e0429ad611b7eeb.png,672,746,80,631,0.126783,0.025933,b95bcc3d75297cd5f7d89c86a2b8a1afae9616c2c0d467d7c28608c95fae6ee5,projection_exact_count_unverified_token_identity
tok_370a4d9c236c7c48,directionality_no_overlay_packet_v2_label_masked_controls,D2_007,M-381,external_stress_control,existing_segmentation_instability_stress_control,visual_ltr_catalog_reverse,6,055,+740-055-220-032-798-002-820+,tmp/effective_unicity_directionality_blind_packet_v2/source_crops/M_381_panel_existing_stress_negative_source.png,data/brahmi/source_token_crops_v2/M_381_D2_007_6_4e0429ad611b7eeb.png,672,746,80,631,0.126783,0.025933,b95bcc3d75297cd5f7d89c86a2b8a1afae9616c2c0d467d7c28608c95fae6ee5,projection_exact_count_unverified_token_identity
tok_e41f74af6c5d4454,directionality_no_overlay_packet_v2_label_masked_controls,D2_007,M-381,external_stress_control,existing_segmentation_instability_stress_control,visual_ltr_catalog_order,7,820,+740-055-220-032-798-002-820+,tmp/effective_unicity_directionality_blind_packet_v2/source_crops/M_381_panel_existing_stress_negative_source.png,data/brahmi/source_token_crops_v2/M_381_D2_007_7_13315186a2addf53.png,746,1576,831,637,1.304553,0.227492,c7f211e15bc03248d52e976c22c3787af1c7927185f3b6be5c144ce7f66ffd93,projection_exact_count_unverified_token_identity
tok_15400da05664eca5,directionality_no_overlay_packet_v2_label_masked_controls,D2_007,M-381,external_stress_control,existing_segmentation_instability_stress_control,visual_ltr_catalog_reverse,7,740,+740-055-220-032-798-002-820+,tmp/effective_unicity_directionality_blind_packet_v2/source_crops/M_381_panel_existing_stress_negative_source.png,data/brahmi/source_token_crops_v2/M_381_D2_007_7_13315186a2addf53.png,746,1576,831,637,1.304553,0.227492,c7f211e15bc03248d52e976c22c3787af1c7927185f3b6be5c144ce7f66ffd93,projection_exact_count_unverified_token_identity
tok_f9581493b9b1e4b6,directionality_no_overlay_packet_v2_label_masked_controls,D2_009,H-665,scoring_negative_real,forger_recommended_routed_real_negative_label_masked_context,visual_ltr_catalog_order,1,407,+407-004-060-692+,tmp/effective_unicity_directionality_blind_packet_v2/source_crops/H_665_cisi_pakistan_n343_label_masked_context_source.png,data/brahmi/source_token_crops_v2/H_665_D2_009_1_aa1ab7dc5edd125c.png,0,135,138,204,0.676471,0.245303,0c10c6155f057d7f659b15ffba37ba80e98beb94fed4febe0d9fc9a499bf99c0,projection_exact_count_unverified_token_identity
tok_dce3fb7a5fc48409,directionality_no_overlay_packet_v2_label_masked_controls,D2_009,H-665,scoring_negative_real,forger_recommended_routed_real_negative_label_masked_context,visual_ltr_catalog_reverse,1,692,+407-004-060-692+,tmp/effective_unicity_directionality_blind_packet_v2/source_crops/H_665_cisi_pakistan_n343_label_masked_context_source.png,data/brahmi/source_token_crops_v2/H_665_D2_009_1_aa1ab7dc5edd125c.png,0,135,138,204,0.676471,0.245303,0c10c6155f057d7f659b15ffba37ba80e98beb94fed4febe0d9fc9a499bf99c0,projection_exact_count_unverified_token_identity
tok_df076aa253d7cd44,directionality_no_overlay_packet_v2_label_masked_controls,D2_009,H-665,scoring_negative_real,forger_recommended_routed_real_negative_label_masked_context,visual_ltr_catalog_order,2,004,+407-004-060-692+,tmp/effective_unicity_directionality_blind_packet_v2/source_crops/H_665_cisi_pakistan_n343_label_masked_context_source.png,data/brahmi/source_token_crops_v2/H_665_D2_009_2_1e2138c2c0fb66e0.png,135,611,376,2031,0.185130,0.028188,cbc477c3e5dc592cbeff63f8b3fe4225e4257c3cfa3104d6af270b9df6ee6fe7,projection_exact_count_unverified_token_identity
tok_d24a0bf40fd3a547,directionality_no_overlay_packet_v2_label_masked_controls,D2_009,H-665,scoring_negative_real,forger_recommended_routed_real_negative_label_masked_context,visual_ltr_catalog_reverse,2,060,+407-004-060-692+,tmp/effective_unicity_directionality_blind_packet_v2/source_crops/H_665_cisi_pakistan_n343_label_masked_context_source.png,data/brahmi/source_token_crops_v2/H_665_D2_009_2_1e2138c2c0fb66e0.png,135,611,376,2031,0.185130,0.028188,cbc477c3e5dc592cbeff63f8b3fe4225e4257c3cfa3104d6af270b9df6ee6fe7,projection_exact_count_unverified_token_identity
tok_0f698d8de79842e8,directionality_no_overlay_packet_v2_label_masked_controls,D2_009,H-665,scoring_negative_real,forger_recommended_routed_real_negative_label_masked_context,visual_ltr_catalog_order,3,060,+407-004-060-692+,tmp/effective_unicity_directionality_blind_packet_v2/source_crops/H_665_cisi_pakistan_n343_label_masked_context_source.png,data/brahmi/source_token_crops_v2/H_665_D2_009_3_b683820dc5649447.png,611,954,170,1965,0.086514,0.015394,e2d0c523535ebe0a7c12306a6174bdab6ba979fe380823c3c0edf162f5ce3dd7,projection_exact_count_unverified_token_identity
tok_2830efba86d318ea,directionality_no_overlay_packet_v2_label_masked_controls,D2_009,H-665,scoring_negative_real,forger_recommended_routed_real_negative_label_masked_context,visual_ltr_catalog_reverse,3,004,+407-004-060-692+,tmp/effective_unicity_directionality_blind_packet_v2/source_crops/H_665_cisi_pakistan_n343_label_masked_context_source.png,data/brahmi/source_token_crops_v2/H_665_D2_009_3_b683820dc5649447.png,611,954,170,1965,0.086514,0.015394,e2d0c523535ebe0a7c12306a6174bdab6ba979fe380823c3c0edf162f5ce3dd7,projection_exact_count_unverified_token_identity
tok_c34f469e3bc15ada,directionality_no_overlay_packet_v2_label_masked_controls,D2_009,H-665,scoring_negative_real,forger_recommended_routed_real_negative_label_masked_context,visual_ltr_catalog_order,4,692,+407-004-060-692+,tmp/effective_unicity_directionality_blind_packet_v2/source_crops/H_665_cisi_pakistan_n343_label_masked_context_source.png,data/brahmi/source_token_crops_v2/H_665_D2_009_4_24adcdd330112a9e.png,954,1181,149,2066,0.072120,0.002810,dd44c4a4e69651de5e5dc73aae6ac4d73e4550eda37c85d70039ed59cab9b6c0,projection_exact_count_unverified_token_identity
tok_caaad3ad566d8f3f,directionality_no_overlay_packet_v2_label_masked_controls,D2_009,H-665,scoring_negative_real,forger_recommended_routed_real_negative_label_masked_context,visual_ltr_catalog_reverse,4,407,+407-004-060-692+,tmp/effective_unicity_directionality_blind_packet_v2/source_crops/H_665_cisi_pakistan_n343_label_masked_context_source.png,data/brahmi/source_token_crops_v2/H_665_D2_009_4_24adcdd330112a9e.png,954,1181,149,2066,0.072120,0.002810,dd44c4a4e69651de5e5dc73aae6ac4d73e4550eda37c85d70039ed59cab9b6c0,projection_exact_count_unverified_token_identity
tok_317f91e465a76357,directionality_no_overlay_packet_v2_label_masked_controls,D2_010,M-1320,primary_target_recut,tier1_route_candidate_v1_target_overcount_failure,visual_ltr_catalog_order,1,527,+527-555-231-240-798+,tmp/effective_unicity_directionality_blind_packet_v2/source_crops/M_1320_a_diagnostic_v1_failed_source.png,data/brahmi/source_token_crops_v2/M_1320_D2_010_1_9abac054ded3fa64.png,0,81,84,395,0.212658,0.100257,28810b6993eeca54037b045f122a5018b8ea86336ecf86923812b4a24c571427,projection_exact_count_unverified_token_identity
tok_df8fb79c81800566,directionality_no_overlay_packet_v2_label_masked_controls,D2_010,M-1320,primary_target_recut,tier1_route_candidate_v1_target_overcount_failure,visual_ltr_catalog_reverse,1,798,+527-555-231-240-798+,tmp/effective_unicity_directionality_blind_packet_v2/source_crops/M_1320_a_diagnostic_v1_failed_source.png,data/brahmi/source_token_crops_v2/M_1320_D2_010_1_9abac054ded3fa64.png,0,81,84,395,0.212658,0.100257,28810b6993eeca54037b045f122a5018b8ea86336ecf86923812b4a24c571427,projection_exact_count_unverified_token_identity
tok_ab862b615a729f9d,directionality_no_overlay_packet_v2_label_masked_controls,D2_010,M-1320,primary_target_recut,tier1_route_candidate_v1_target_overcount_failure,visual_ltr_catalog_order,2,555,+527-555-231-240-798+,tmp/effective_unicity_directionality_blind_packet_v2/source_crops/M_1320_a_diagnostic_v1_failed_source.png,data/brahmi/source_token_crops_v2/M_1320_D2_010_2_179f6a5c74abef1f.png,81,531,456,395,1.154430,0.203850,211f8e9735b7e71b5ac613d8230017a814e30a62213e726290996db93424a786,projection_exact_count_unverified_token_identity
tok_f6f9db61cb7da91e,directionality_no_overlay_packet_v2_label_masked_controls,D2_010,M-1320,primary_target_recut,tier1_route_candidate_v1_target_overcount_failure,visual_ltr_catalog_reverse,2,240,+527-555-231-240-798+,tmp/effective_unicity_directionality_blind_packet_v2/source_crops/M_1320_a_diagnostic_v1_failed_source.png,data/brahmi/source_token_crops_v2/M_1320_D2_010_2_179f6a5c74abef1f.png,81,531,456,395,1.154430,0.203850,211f8e9735b7e71b5ac613d8230017a814e30a62213e726290996db93424a786,projection_exact_count_unverified_token_identity
tok_14466b2e7cf2daf9,directionality_no_overlay_packet_v2_label_masked_controls,D2_010,M-1320,primary_target_recut,tier1_route_candidate_v1_target_overcount_failure,visual_ltr_catalog_order,3,231,+527-555-231-240-798+,tmp/effective_unicity_directionality_blind_packet_v2/source_crops/M_1320_a_diagnostic_v1_failed_source.png,data/brahmi/source_token_crops_v2/M_1320_D2_010_3_f758d8b5bf0ee162.png,531,713,188,343,0.548105,0.096880,d41602abd6f56d97d4df8e4b8f825530d37f577b8ef7c569db10dd32236a8f20,projection_exact_count_unverified_token_identity
tok_83b27f548a4f7688,directionality_no_overlay_packet_v2_label_masked_controls,D2_010,M-1320,primary_target_recut,tier1_route_candidate_v1_target_overcount_failure,visual_ltr_catalog_reverse,3,231,+527-555-231-240-798+,tmp/effective_unicity_directionality_blind_packet_v2/source_crops/M_1320_a_diagnostic_v1_failed_source.png,data/brahmi/source_token_crops_v2/M_1320_D2_010_3_f758d8b5bf0ee162.png,531,713,188,343,0.548105,0.096880,d41602abd6f56d97d4df8e4b8f825530d37f577b8ef7c569db10dd32236a8f20,projection_exact_count_unverified_token_identity
tok_2ae19d69e037eadb,directionality_no_overlay_packet_v2_label_masked_controls,D2_010,M-1320,primary_target_recut,tier1_route_candidate_v1_target_overcount_failure,visual_ltr_catalog_order,4,240,+527-555-231-240-798+,tmp/effective_unicity_directionality_blind_packet_v2/source_crops/M_1320_a_diagnostic_v1_failed_source.png,data/brahmi/source_token_crops_v2/M_1320_D2_010_4_bf88f659557f7197.png,713,1162,455,387,1.175711,0.119094,034e34741deb87b1cdc17898a5dc7c7231c5aa11c9f8b65703abb85f79f7509e,projection_exact_count_unverified_token_identity
tok_ae4821060c9f2882,directionality_no_overlay_packet_v2_label_masked_controls,D2_010,M-1320,primary_target_recut,tier1_route_candidate_v1_target_overcount_failure,visual_ltr_catalog_reverse,4,555,+527-555-231-240-798+,tmp/effective_unicity_directionality_blind_packet_v2/source_crops/M_1320_a_diagnostic_v1_failed_source.png,data/brahmi/source_token_crops_v2/M_1320_D2_010_4_bf88f659557f7197.png,713,1162,455,387,1.175711,0.119094,034e34741deb87b1cdc17898a5dc7c7231c5aa11c9f8b65703abb85f79f7509e,projection_exact_count_unverified_token_identity
tok_68c15d0e7958e4cb,directionality_no_overlay_packet_v2_label_masked_controls,D2_010,M-1320,primary_target_recut,tier1_route_candidate_v1_target_overcount_failure,visual_ltr_catalog_order,5,798,+527-555-231-240-798+,tmp/effective_unicity_directionality_blind_packet_v2/source_crops/M_1320_a_diagnostic_v1_failed_source.png,data/brahmi/source_token_crops_v2/M_1320_D2_010_5_3820cfc8c7fe9eaa.png,1162,1280,121,395,0.306329,0.168701,feea4a3267d04f36ef133b2da848e4e7b9c45cf340518b63d27ac7d1648cceba,projection_exact_count_unverified_token_identity
tok_780f63405b6fa41b,directionality_no_overlay_packet_v2_label_masked_controls,D2_010,M-1320,primary_target_recut,tier1_route_candidate_v1_target_overcount_failure,visual_ltr_catalog_reverse,5,527,+527-555-231-240-798+,tmp/effective_unicity_directionality_blind_packet_v2/source_crops/M_1320_a_diagnostic_v1_failed_source.png,data/brahmi/source_token_crops_v2/M_1320_D2_010_5_3820cfc8c7fe9eaa.png,1162,1280,121,395,0.306329,0.168701,feea4a3267d04f36ef133b2da848e4e7b9c45cf340518b63d27ac7d1648cceba,projection_exact_count_unverified_token_identity
tok_61ff08a28030c327,directionality_no_overlay_packet_v2_label_masked_controls,D2_012,M-527,scoring_negative_real,forger_recommended_routed_real_negative_label_masked_context,visual_ltr_catalog_order,1,001,+001-740-923-033-706+,tmp/effective_unicity_directionality_blind_packet_v2/source_crops/M_527_cisi_india_n167_label_masked_context_source.png,data/brahmi/source_token_crops_v2/M_527_D2_012_1_08969a23a07f5c8d.png,0,126,75,1546,0.048512,0.010414,e23cf2145ea4ca3dc8a5500217cab4962c7f77120c77534b5843369478601c65,projection_exact_count_unverified_token_identity
tok_0b21e1a3f19a9870,directionality_no_overlay_packet_v2_label_masked_controls,D2_012,M-527,scoring_negative_real,forger_recommended_routed_real_negative_label_masked_context,visual_ltr_catalog_reverse,1,706,+001-740-923-033-706+,tmp/effective_unicity_directionality_blind_packet_v2/source_crops/M_527_cisi_india_n167_label_masked_context_source.png,data/brahmi/source_token_crops_v2/M_527_D2_012_1_08969a23a07f5c8d.png,0,126,75,1546,0.048512,0.010414,e23cf2145ea4ca3dc8a5500217cab4962c7f77120c77534b5843369478601c65,projection_exact_count_unverified_token_identity
tok_de510f0ba2a9b06c,directionality_no_overlay_packet_v2_label_masked_controls,D2_012,M-527,scoring_negative_real,forger_recommended_routed_real_negative_label_masked_context,visual_ltr_catalog_order,2,740,+001-740-923-033-706+,tmp/effective_unicity_directionality_blind_packet_v2/source_crops/M_527_cisi_india_n167_label_masked_context_source.png,data/brahmi/source_token_crops_v2/M_527_D2_012_2_479673fd225db473.png,126,581,385,1789,0.215204,0.055091,46ed0e773ecae2876351d1caa27b6afd19b706d34e795b5e7ef3ca4a56e41598,projection_exact_count_unverified_token_identity
tok_6e5f213c035d6f83,directionality_no_overlay_packet_v2_label_masked_controls,D2_012,M-527,scoring_negative_real,forger_recommended_routed_real_negative_label_masked_context,visual_ltr_catalog_reverse,2,033,+001-740-923-033-706+,tmp/effective_unicity_directionality_blind_packet_v2/source_crops/M_527_cisi_india_n167_label_masked_context_source.png,data/brahmi/source_token_crops_v2/M_527_D2_012_2_479673fd225db473.png,126,581,385,1789,0.215204,0.055091,46ed0e773ecae2876351d1caa27b6afd19b706d34e795b5e7ef3ca4a56e41598,projection_exact_count_unverified_token_identity
tok_6bcc4037c15cd850,directionality_no_overlay_packet_v2_label_masked_controls,D2_012,M-527,scoring_negative_real,forger_recommended_routed_real_negative_label_masked_context,visual_ltr_catalog_order,3,923,+001-740-923-033-706+,tmp/effective_unicity_directionality_blind_packet_v2/source_crops/M_527_cisi_india_n167_label_masked_context_source.png,data/brahmi/source_token_crops_v2/M_527_D2_012_3_75045c0abaf850d0.png,581,694,41,654,0.062691,0.051110,f99d13382cad74e1c969fa3f28d2a79fcc2df0490419f4fdafb6c388ff7ace9c,projection_exact_count_unverified_token_identity
tok_ba1575026afe6069,directionality_no_overlay_packet_v2_label_masked_controls,D2_012,M-527,scoring_negative_real,forger_recommended_routed_real_negative_label_masked_context,visual_ltr_catalog_reverse,3,923,+001-740-923-033-706+,tmp/effective_unicity_directionality_blind_packet_v2/source_crops/M_527_cisi_india_n167_label_masked_context_source.png,data/brahmi/source_token_crops_v2/M_527_D2_012_3_75045c0abaf850d0.png,581,694,41,654,0.062691,0.051110,f99d13382cad74e1c969fa3f28d2a79fcc2df0490419f4fdafb6c388ff7ace9c,projection_exact_count_unverified_token_identity
tok_c9f2230e1f819710,directionality_no_overlay_packet_v2_label_masked_controls,D2_012,M-527,scoring_negative_real,forger_recommended_routed_real_negative_label_masked_context,visual_ltr_catalog_order,4,033,+001-740-923-033-706+,tmp/effective_unicity_directionality_blind_packet_v2/source_crops/M_527_cisi_india_n167_label_masked_context_source.png,data/brahmi/source_token_crops_v2/M_527_D2_012_4_decb467c2bd39f8b.png,694,1112,340,1765,0.192635,0.035637,c76fbc6068f28237fa42f5f9e79ab75d9ac1e0035922b5f624d5ca242d5c7d9e,projection_exact_count_unverified_token_identity
tok_e1dd5c8b6e3d8483,directionality_no_overlay_packet_v2_label_masked_controls,D2_012,M-527,scoring_negative_real,forger_recommended_routed_real_negative_label_masked_context,visual_ltr_catalog_reverse,4,740,+001-740-923-033-706+,tmp/effective_unicity_directionality_blind_packet_v2/source_crops/M_527_cisi_india_n167_label_masked_context_source.png,data/brahmi/source_token_crops_v2/M_527_D2_012_4_decb467c2bd39f8b.png,694,1112,340,1765,0.192635,0.035637,c76fbc6068f28237fa42f5f9e79ab75d9ac1e0035922b5f624d5ca242d5c7d9e,projection_exact_count_unverified_token_identity
tok_37b124618a990952,directionality_no_overlay_packet_v2_label_masked_controls,D2_012,M-527,scoring_negative_real,forger_recommended_routed_real_negative_label_masked_context,visual_ltr_catalog_order,5,706,+001-740-923-033-706+,tmp/effective_unicity_directionality_blind_packet_v2/source_crops/M_527_cisi_india_n167_label_masked_context_source.png,data/brahmi/source_token_crops_v2/M_527_D2_012_5_d9299383f9aab6a9.png,1112,1336,215,1830,0.117486,0.030787,d186b5ca7d3cb5c28d6f84ebf6931db41869c4977be4d2136ea0753a47ce8632,projection_exact_count_unverified_token_identity
tok_a7cc4727f7da4d7d,directionality_no_overlay_packet_v2_label_masked_controls,D2_012,M-527,scoring_negative_real,forger_recommended_routed_real_negative_label_masked_context,visual_ltr_catalog_reverse,5,001,+001-740-923-033-706+,tmp/effective_unicity_directionality_blind_packet_v2/source_crops/M_527_cisi_india_n167_label_masked_context_source.png,data/brahmi/source_token_crops_v2/M_527_D2_012_5_d9299383f9aab6a9.png,1112,1336,215,1830,0.117486,0.030787,d186b5ca7d3cb5c28d6f84ebf6931db41869c4977be4d2136ea0753a47ce8632,projection_exact_count_unverified_token_identity
tok_6627532dc794d8d8,directionality_no_overlay_packet_v2_label_masked_controls,D2_014,M-1310,primary_target_recut,tier1_directionality_candidate_recut_after_v1_edge_fragments,visual_ltr_catalog_order,1,407,+407-004-001-740-407-590-235+,tmp/effective_unicity_directionality_blind_packet_v2/source_crops/M_1310_a_recut_signband_source.png,data/brahmi/source_token_crops_v2/M_1310_D2_014_1_0232e890a01ef1d3.png,111,154,44,261,0.168582,0.065926,c299bcc076124b4ad338655a2492b32530256feac7fdab869505ecd7accdae7f,projection_exact_count_unverified_token_identity
tok_afbfcf875fb900e7,directionality_no_overlay_packet_v2_label_masked_controls,D2_014,M-1310,primary_target_recut,tier1_directionality_candidate_recut_after_v1_edge_fragments,visual_ltr_catalog_reverse,1,235,+407-004-001-740-407-590-235+,tmp/effective_unicity_directionality_blind_packet_v2/source_crops/M_1310_a_recut_signband_source.png,data/brahmi/source_token_crops_v2/M_1310_D2_014_1_0232e890a01ef1d3.png,111,154,44,261,0.168582,0.065926,c299bcc076124b4ad338655a2492b32530256feac7fdab869505ecd7accdae7f,projection_exact_count_unverified_token_identity
tok_e658b4375136c17d,directionality_no_overlay_packet_v2_label_masked_controls,D2_014,M-1310,primary_target_recut,tier1_directionality_candidate_recut_after_v1_edge_fragments,visual_ltr_catalog_order,2,004,+407-004-001-740-407-590-235+,tmp/effective_unicity_directionality_blind_packet_v2/source_crops/M_1310_a_recut_signband_source.png,data/brahmi/source_token_crops_v2/M_1310_D2_014_2_5394506e17490f49.png,154,436,288,269,1.070632,0.507311,16204cd6f2c4b50ed84ff9365e58e242e0245872692df2c3cd27381c0d5317ce,projection_exact_count_unverified_token_identity
tok_9b76846c7f74716e,directionality_no_overlay_packet_v2_label_masked_controls,D2_014,M-1310,primary_target_recut,tier1_directionality_candidate_recut_after_v1_edge_fragments,visual_ltr_catalog_reverse,2,590,+407-004-001-740-407-590-235+,tmp/effective_unicity_directionality_blind_packet_v2/source_crops/M_1310_a_recut_signband_source.png,data/brahmi/source_token_crops_v2/M_1310_D2_014_2_5394506e17490f49.png,154,436,288,269,1.070632,0.507311,16204cd6f2c4b50ed84ff9365e58e242e0245872692df2c3cd27381c0d5317ce,projection_exact_count_unverified_token_identity
tok_5f20baabccf3f369,directionality_no_overlay_packet_v2_label_masked_controls,D2_014,M-1310,primary_target_recut,tier1_directionality_candidate_recut_after_v1_edge_fragments,visual_ltr_catalog_order,3,001,+407-004-001-740-407-590-235+,tmp/effective_unicity_directionality_blind_packet_v2/source_crops/M_1310_a_recut_signband_source.png,data/brahmi/source_token_crops_v2/M_1310_D2_014_3_fb25fd5dce0f7eea.png,436,482,52,265,0.196226,0.074880,e8b0c4d37f11b83a23a80a859e83352c962896702959e9777d3a7bddda31e479,projection_exact_count_unverified_token_identity
tok_89e013025cc8f050,directionality_no_overlay_packet_v2_label_masked_controls,D2_014,M-1310,primary_target_recut,tier1_directionality_candidate_recut_after_v1_edge_fragments,visual_ltr_catalog_reverse,3,407,+407-004-001-740-407-590-235+,tmp/effective_unicity_directionality_blind_packet_v2/source_crops/M_1310_a_recut_signband_source.png,data/brahmi/source_token_crops_v2/M_1310_D2_014_3_fb25fd5dce0f7eea.png,436,482,52,265,0.196226,0.074880,e8b0c4d37f11b83a23a80a859e83352c962896702959e9777d3a7bddda31e479,projection_exact_count_unverified_token_identity
tok_ce3c24c90904e41d,directionality_no_overlay_packet_v2_label_masked_controls,D2_014,M-1310,primary_target_recut,tier1_directionality_candidate_recut_after_v1_edge_fragments,visual_ltr_catalog_order,4,740,+407-004-001-740-407-590-235+,tmp/effective_unicity_directionality_blind_packet_v2/source_crops/M_1310_a_recut_signband_source.png,data/brahmi/source_token_crops_v2/M_1310_D2_014_4_697204a24ee6167c.png,482,587,111,253,0.438735,0.252665,c80035bdd0e0fa210547e3d7b5e1eef572011600815bad151cfe834979e3a9d2,projection_exact_count_unverified_token_identity
tok_e5fcd427054c1ddb,directionality_no_overlay_packet_v2_label_masked_controls,D2_014,M-1310,primary_target_recut,tier1_directionality_candidate_recut_after_v1_edge_fragments,visual_ltr_catalog_reverse,4,740,+407-004-001-740-407-590-235+,tmp/effective_unicity_directionality_blind_packet_v2/source_crops/M_1310_a_recut_signband_source.png,data/brahmi/source_token_crops_v2/M_1310_D2_014_4_697204a24ee6167c.png,482,587,111,253,0.438735,0.252665,c80035bdd0e0fa210547e3d7b5e1eef572011600815bad151cfe834979e3a9d2,projection_exact_count_unverified_token_identity
tok_5f2bd322b71c7117,directionality_no_overlay_packet_v2_label_masked_controls,D2_014,M-1310,primary_target_recut,tier1_directionality_candidate_recut_after_v1_edge_fragments,visual_ltr_catalog_order,5,407,+407-004-001-740-407-590-235+,tmp/effective_unicity_directionality_blind_packet_v2/source_crops/M_1310_a_recut_signband_source.png,data/brahmi/source_token_crops_v2/M_1310_D2_014_5_6096a5bad19d9c9f.png,587,726,145,257,0.564202,0.291008,ef96020295f601e2f5560f24b872a37811c7297b4a83e9be2ffa675db4ffaf31,projection_exact_count_unverified_token_identity
tok_afbad9063468791a,directionality_no_overlay_packet_v2_label_masked_controls,D2_014,M-1310,primary_target_recut,tier1_directionality_candidate_recut_after_v1_edge_fragments,visual_ltr_catalog_reverse,5,001,+407-004-001-740-407-590-235+,tmp/effective_unicity_directionality_blind_packet_v2/source_crops/M_1310_a_recut_signband_source.png,data/brahmi/source_token_crops_v2/M_1310_D2_014_5_6096a5bad19d9c9f.png,587,726,145,257,0.564202,0.291008,ef96020295f601e2f5560f24b872a37811c7297b4a83e9be2ffa675db4ffaf31,projection_exact_count_unverified_token_identity
tok_fbb1f1f6dff0dd97,directionality_no_overlay_packet_v2_label_masked_controls,D2_014,M-1310,primary_target_recut,tier1_directionality_candidate_recut_after_v1_edge_fragments,visual_ltr_catalog_order,6,590,+407-004-001-740-407-590-235+,tmp/effective_unicity_directionality_blind_packet_v2/source_crops/M_1310_a_recut_signband_source.png,data/brahmi/source_token_crops_v2/M_1310_D2_014_6_b0d828bf645a070f.png,726,840,120,273,0.439560,0.226911,79693c895da4a74f51d3fb54c1f55fe8c9e534f51b54d5a688526ce1e5190775,projection_exact_count_unverified_token_identity
tok_09c28ca0c9ecd3a3,directionality_no_overlay_packet_v2_label_masked_controls,D2_014,M-1310,primary_target_recut,tier1_directionality_candidate_recut_after_v1_edge_fragments,visual_ltr_catalog_reverse,6,004,+407-004-001-740-407-590-235+,tmp/effective_unicity_directionality_blind_packet_v2/source_crops/M_1310_a_recut_signband_source.png,data/brahmi/source_token_crops_v2/M_1310_D2_014_6_b0d828bf645a070f.png,726,840,120,273,0.439560,0.226911,79693c895da4a74f51d3fb54c1f55fe8c9e534f51b54d5a688526ce1e5190775,projection_exact_count_unverified_token_identity
tok_9c5745069fe92d95,directionality_no_overlay_packet_v2_label_masked_controls,D2_014,M-1310,primary_target_recut,tier1_directionality_candidate_recut_after_v1_edge_fragments,visual_ltr_catalog_order,7,235,+407-004-001-740-407-590-235+,tmp/effective_unicity_directionality_blind_packet_v2/source_crops/M_1310_a_recut_signband_source.png,data/brahmi/source_token_crops_v2/M_1310_D2_014_7_0f4d57ad3cd27bb1.png,840,959,120,277,0.433213,0.191947,696c1586c955f0cdfef03debbb68193ab1722cbd46c8dfb76ba55ae1bafc73db,projection_exact_count_unverified_token_identity
tok_f2ccfc75c0209be8,directionality_no_overlay_packet_v2_label_masked_controls,D2_014,M-1310,primary_target_recut,tier1_directionality_candidate_recut_after_v1_edge_fragments,visual_ltr_catalog_reverse,7,407,+407-004-001-740-407-590-235+,tmp/effective_unicity_directionality_blind_packet_v2/source_crops/M_1310_a_recut_signband_source.png,data/brahmi/source_token_crops_v2/M_1310_D2_014_7_0f4d57ad3cd27bb1.png,840,959,120,277,0.433213,0.191947,696c1586c955f0cdfef03debbb68193ab1722cbd46c8dfb76ba55ae1bafc73db,projection_exact_count_unverified_token_identity
tok_586a8f6cfc83ef1e,directionality_no_overlay_packet_v2_label_masked_controls,D2_016,H-654,primary_target_recut,tier1_directionality_candidate_recut_after_v1_overcount,visual_ltr_catalog_order,1,405,+405-061-740-806+,tmp/effective_unicity_directionality_blind_packet_v2/source_crops/H_654_A_recut_signband_source.png,data/brahmi/source_token_crops_v2/H_654_D2_016_1_48c19990cdcc5c24.png,0,466,469,370,1.267568,0.272810,3d7040b93f429ffc47810dd2aceac4a86c5a5557458dc52f12fd59dc4cde9409,projection_exact_count_unverified_token_identity
tok_cbf66c74a5b0c5bb,directionality_no_overlay_packet_v2_label_masked_controls,D2_016,H-654,primary_target_recut,tier1_directionality_candidate_recut_after_v1_overcount,visual_ltr_catalog_reverse,1,806,+405-061-740-806+,tmp/effective_unicity_directionality_blind_packet_v2/source_crops/H_654_A_recut_signband_source.png,data/brahmi/source_token_crops_v2/H_654_D2_016_1_48c19990cdcc5c24.png,0,466,469,370,1.267568,0.272810,3d7040b93f429ffc47810dd2aceac4a86c5a5557458dc52f12fd59dc4cde9409,projection_exact_count_unverified_token_identity
tok_d12ccf8ea9729e70,directionality_no_overlay_packet_v2_label_masked_controls,D2_016,H-654,primary_target_recut,tier1_directionality_candidate_recut_after_v1_overcount,visual_ltr_catalog_order,2,061,+405-061-740-806+,tmp/effective_unicity_directionality_blind_packet_v2/source_crops/H_654_A_recut_signband_source.png,data/brahmi/source_token_crops_v2/H_654_D2_016_2_4eb0307cb5704595.png,466,557,97,370,0.262162,0.062541,b0693ba591c012544424b15453a995a5a2a5907668f5fd2df021d26a97adbe2b,projection_exact_count_unverified_token_identity
tok_8fcec550924ae271,directionality_no_overlay_packet_v2_label_masked_controls,D2_016,H-654,primary_target_recut,tier1_directionality_candidate_recut_after_v1_overcount,visual_ltr_catalog_reverse,2,740,+405-061-740-806+,tmp/effective_unicity_directionality_blind_packet_v2/source_crops/H_654_A_recut_signband_source.png,data/brahmi/source_token_crops_v2/H_654_D2_016_2_4eb0307cb5704595.png,466,557,97,370,0.262162,0.062541,b0693ba591c012544424b15453a995a5a2a5907668f5fd2df021d26a97adbe2b,projection_exact_count_unverified_token_identity
tok_ae8dc0e9ef6868ad,directionality_no_overlay_packet_v2_label_masked_controls,D2_016,H-654,primary_target_recut,tier1_directionality_candidate_recut_after_v1_overcount,visual_ltr_catalog_order,3,740,+405-061-740-806+,tmp/effective_unicity_directionality_blind_packet_v2/source_crops/H_654_A_recut_signband_source.png,data/brahmi/source_token_crops_v2/H_654_D2_016_3_a93bbe7d5eb1ec98.png,557,723,172,368,0.467391,0.085297,73ec8235d52d6792db83e8e7ae577f152c8b1527e9e20948e01056887775b2d7,projection_exact_count_unverified_token_identity
tok_d729fc749e701d9e,directionality_no_overlay_packet_v2_label_masked_controls,D2_016,H-654,primary_target_recut,tier1_directionality_candidate_recut_after_v1_overcount,visual_ltr_catalog_reverse,3,061,+405-061-740-806+,tmp/effective_unicity_directionality_blind_packet_v2/source_crops/H_654_A_recut_signband_source.png,data/brahmi/source_token_crops_v2/H_654_D2_016_3_a93bbe7d5eb1ec98.png,557,723,172,368,0.467391,0.085297,73ec8235d52d6792db83e8e7ae577f152c8b1527e9e20948e01056887775b2d7,projection_exact_count_unverified_token_identity
tok_68d37e58f17944cf,directionality_no_overlay_packet_v2_label_masked_controls,D2_016,H-654,primary_target_recut,tier1_directionality_candidate_recut_after_v1_overcount,visual_ltr_catalog_order,4,806,+405-061-740-806+,tmp/effective_unicity_directionality_blind_packet_v2/source_crops/H_654_A_recut_signband_source.png,data/brahmi/source_token_crops_v2/H_654_D2_016_4_543d5c8e368a3a9e.png,723,820,100,212,0.471698,0.112230,f5c3b634a5943d069142e023ad496a0801240ecdfc0dedb27a039cd678e3b4dd,projection_exact_count_unverified_token_identity
tok_fcac247d550ea990,directionality_no_overlay_packet_v2_label_masked_controls,D2_016,H-654,primary_target_recut,tier1_directionality_candidate_recut_after_v1_overcount,visual_ltr_catalog_reverse,4,405,+405-061-740-806+,tmp/effective_unicity_directionality_blind_packet_v2/source_crops/H_654_A_recut_signband_source.png,data/brahmi/source_token_crops_v2/H_654_D2_016_4_543d5c8e368a3a9e.png,723,820,100,212,0.471698,0.112230,f5c3b634a5943d069142e023ad496a0801240ecdfc0dedb27a039cd678e3b4dd,projection_exact_count_unverified_token_identity
tok_dc07d5ed76abb711,directionality_no_overlay_packet_v2_label_masked_controls,D2_020,M-1320,primary_target_recut,tier1_route_candidate_v1_target_overcount_failure,visual_ltr_catalog_order,1,527,+527-555-231-240-798+,tmp/effective_unicity_directionality_blind_packet_v2/source_crops/M_1320_A_diagnostic_v1_failed_source.png,data/brahmi/source_token_crops_v2/M_1320_D2_020_1_e6e489ce74608bb1.png,0,81,84,395,0.212658,0.100257,28810b6993eeca54037b045f122a5018b8ea86336ecf86923812b4a24c571427,projection_exact_count_unverified_token_identity
tok_efa595c2cf0513bc,directionality_no_overlay_packet_v2_label_masked_controls,D2_020,M-1320,primary_target_recut,tier1_route_candidate_v1_target_overcount_failure,visual_ltr_catalog_reverse,1,798,+527-555-231-240-798+,tmp/effective_unicity_directionality_blind_packet_v2/source_crops/M_1320_A_diagnostic_v1_failed_source.png,data/brahmi/source_token_crops_v2/M_1320_D2_020_1_e6e489ce74608bb1.png,0,81,84,395,0.212658,0.100257,28810b6993eeca54037b045f122a5018b8ea86336ecf86923812b4a24c571427,projection_exact_count_unverified_token_identity
tok_c99b32a8686432a0,directionality_no_overlay_packet_v2_label_masked_controls,D2_020,M-1320,primary_target_recut,tier1_route_candidate_v1_target_overcount_failure,visual_ltr_catalog_order,2,555,+527-555-231-240-798+,tmp/effective_unicity_directionality_blind_packet_v2/source_crops/M_1320_A_diagnostic_v1_failed_source.png,data/brahmi/source_token_crops_v2/M_1320_D2_020_2_19e67478c5a7e773.png,81,531,456,395,1.154430,0.203850,211f8e9735b7e71b5ac613d8230017a814e30a62213e726290996db93424a786,projection_exact_count_unverified_token_identity
tok_bb53bf7e35da980d,directionality_no_overlay_packet_v2_label_masked_controls,D2_020,M-1320,primary_target_recut,tier1_route_candidate_v1_target_overcount_failure,visual_ltr_catalog_reverse,2,240,+527-555-231-240-798+,tmp/effective_unicity_directionality_blind_packet_v2/source_crops/M_1320_A_diagnostic_v1_failed_source.png,data/brahmi/source_token_crops_v2/M_1320_D2_020_2_19e67478c5a7e773.png,81,531,456,395,1.154430,0.203850,211f8e9735b7e71b5ac613d8230017a814e30a62213e726290996db93424a786,projection_exact_count_unverified_token_identity
tok_270dcf3bb0b32241,directionality_no_overlay_packet_v2_label_masked_controls,D2_020,M-1320,primary_target_recut,tier1_route_candidate_v1_target_overcount_failure,visual_ltr_catalog_order,3,231,+527-555-231-240-798+,tmp/effective_unicity_directionality_blind_packet_v2/source_crops/M_1320_A_diagnostic_v1_failed_source.png,data/brahmi/source_token_crops_v2/M_1320_D2_020_3_80d5dacdda93160c.png,531,713,188,343,0.548105,0.096880,d41602abd6f56d97d4df8e4b8f825530d37f577b8ef7c569db10dd32236a8f20,projection_exact_count_unverified_token_identity
tok_8579e1a22c1dc2a8,directionality_no_overlay_packet_v2_label_masked_controls,D2_020,M-1320,primary_target_recut,tier1_route_candidate_v1_target_overcount_failure,visual_ltr_catalog_reverse,3,231,+527-555-231-240-798+,tmp/effective_unicity_directionality_blind_packet_v2/source_crops/M_1320_A_diagnostic_v1_failed_source.png,data/brahmi/source_token_crops_v2/M_1320_D2_020_3_80d5dacdda93160c.png,531,713,188,343,0.548105,0.096880,d41602abd6f56d97d4df8e4b8f825530d37f577b8ef7c569db10dd32236a8f20,projection_exact_count_unverified_token_identity
tok_17af002ece97be21,directionality_no_overlay_packet_v2_label_masked_controls,D2_020,M-1320,primary_target_recut,tier1_route_candidate_v1_target_overcount_failure,visual_ltr_catalog_order,4,240,+527-555-231-240-798+,tmp/effective_unicity_directionality_blind_packet_v2/source_crops/M_1320_A_diagnostic_v1_failed_source.png,data/brahmi/source_token_crops_v2/M_1320_D2_020_4_46f32dc679aaf9cf.png,713,1162,455,387,1.175711,0.119094,034e34741deb87b1cdc17898a5dc7c7231c5aa11c9f8b65703abb85f79f7509e,projection_exact_count_unverified_token_identity
tok_9668a2955460a9a7,directionality_no_overlay_packet_v2_label_masked_controls,D2_020,M-1320,primary_target_recut,tier1_route_candidate_v1_target_overcount_failure,visual_ltr_catalog_reverse,4,555,+527-555-231-240-798+,tmp/effective_unicity_directionality_blind_packet_v2/source_crops/M_1320_A_diagnostic_v1_failed_source.png,data/brahmi/source_token_crops_v2/M_1320_D2_020_4_46f32dc679aaf9cf.png,713,1162,455,387,1.175711,0.119094,034e34741deb87b1cdc17898a5dc7c7231c5aa11c9f8b65703abb85f79f7509e,projection_exact_count_unverified_token_identity
tok_265c9e52cfb53b4d,directionality_no_overlay_packet_v2_label_masked_controls,D2_020,M-1320,primary_target_recut,tier1_route_candidate_v1_target_overcount_failure,visual_ltr_catalog_order,5,798,+527-555-231-240-798+,tmp/effective_unicity_directionality_blind_packet_v2/source_crops/M_1320_A_diagnostic_v1_failed_source.png,data/brahmi/source_token_crops_v2/M_1320_D2_020_5_09f697b1c6d54ecb.png,1162,1280,121,395,0.306329,0.168701,feea4a3267d04f36ef133b2da848e4e7b9c45cf340518b63d27ac7d1648cceba,projection_exact_count_unverified_token_identity
tok_2647007a0d1e1bd4,directionality_no_overlay_packet_v2_label_masked_controls,D2_020,M-1320,primary_target_recut,tier1_route_candidate_v1_target_overcount_failure,visual_ltr_catalog_reverse,5,527,+527-555-231-240-798+,tmp/effective_unicity_directionality_blind_packet_v2/source_crops/M_1320_A_diagnostic_v1_failed_source.png,data/brahmi/source_token_crops_v2/M_1320_D2_020_5_09f697b1c6d54ecb.png,1162,1280,121,395,0.306329,0.168701,feea4a3267d04f36ef133b2da848e4e7b9c45cf340518b63d27ac7d1648cceba,projection_exact_count_unverified_token_identity
tok_335f2b4a3d7442f6,directionality_no_overlay_packet_v2_label_masked_controls,D2_021,M-1458,scoring_negative_real,forger_recommended_routed_real_negative_label_masked_context,visual_ltr_catalog_order,1,407,+407-004-001-617-142+,tmp/effective_unicity_directionality_blind_packet_v2/source_crops/M_1458_cisi_pakistan_n234_label_masked_context_source.png,data/brahmi/source_token_crops_v2/M_1458_D2_021_1_1126e16d23d2e8cd.png,0,144,97,2787,0.034804,0.012504,0c4d294d09071353c831432816a9247980f07fe993ecfc30da9b6454f6f2fc57,projection_exact_count_unverified_token_identity
tok_a6eaacd2131dba6e,directionality_no_overlay_packet_v2_label_masked_controls,D2_021,M-1458,scoring_negative_real,forger_recommended_routed_real_negative_label_masked_context,visual_ltr_catalog_reverse,1,142,+407-004-001-617-142+,tmp/effective_unicity_directionality_blind_packet_v2/source_crops/M_1458_cisi_pakistan_n234_label_masked_context_source.png,data/brahmi/source_token_crops_v2/M_1458_D2_021_1_1126e16d23d2e8cd.png,0,144,97,2787,0.034804,0.012504,0c4d294d09071353c831432816a9247980f07fe993ecfc30da9b6454f6f2fc57,projection_exact_count_unverified_token_identity
tok_959a2f6f7e86135a,directionality_no_overlay_packet_v2_label_masked_controls,D2_021,M-1458,scoring_negative_real,forger_recommended_routed_real_negative_label_masked_context,visual_ltr_catalog_order,2,004,+407-004-001-617-142+,tmp/effective_unicity_directionality_blind_packet_v2/source_crops/M_1458_cisi_pakistan_n234_label_masked_context_source.png,data/brahmi/source_token_crops_v2/M_1458_D2_021_2_30155aabd6f7bd3a.png,144,666,384,3431,0.111921,0.039012,c94855bf99f8a85273bb79bf6dbc99b704a7eb996e41395969499e19121f66b8,projection_exact_count_unverified_token_identity
tok_adccced8033f1104,directionality_no_overlay_packet_v2_label_masked_controls,D2_021,M-1458,scoring_negative_real,forger_recommended_routed_real_negative_label_masked_context,visual_ltr_catalog_reverse,2,617,+407-004-001-617-142+,tmp/effective_unicity_directionality_blind_packet_v2/source_crops/M_1458_cisi_pakistan_n234_label_masked_context_source.png,data/brahmi/source_token_crops_v2/M_1458_D2_021_2_30155aabd6f7bd3a.png,144,666,384,3431,0.111921,0.039012,c94855bf99f8a85273bb79bf6dbc99b704a7eb996e41395969499e19121f66b8,projection_exact_count_unverified_token_identity
tok_c88274e3d61e243f,directionality_no_overlay_packet_v2_label_masked_controls,D2_021,M-1458,scoring_negative_real,forger_recommended_routed_real_negative_label_masked_context,visual_ltr_catalog_order,3,001,+407-004-001-617-142+,tmp/effective_unicity_directionality_blind_packet_v2/source_crops/M_1458_cisi_pakistan_n234_label_masked_context_source.png,data/brahmi/source_token_crops_v2/M_1458_D2_021_3_4c4f52f752ca23f5.png,666,1100,285,3447,0.082681,0.033624,743363a6a31ad8696af70fa2bd0df37babb9a7d0cdb895ae48b473d1606227c7,projection_exact_count_unverified_token_identity
tok_ce95a08a06c8b1ed,directionality_no_overlay_packet_v2_label_masked_controls,D2_021,M-1458,scoring_negative_real,forger_recommended_routed_real_negative_label_masked_context,visual_ltr_catalog_reverse,3,001,+407-004-001-617-142+,tmp/effective_unicity_directionality_blind_packet_v2/source_crops/M_1458_cisi_pakistan_n234_label_masked_context_source.png,data/brahmi/source_token_crops_v2/M_1458_D2_021_3_4c4f52f752ca23f5.png,666,1100,285,3447,0.082681,0.033624,743363a6a31ad8696af70fa2bd0df37babb9a7d0cdb895ae48b473d1606227c7,projection_exact_count_unverified_token_identity
tok_231e7c1f648850a2,directionality_no_overlay_packet_v2_label_masked_controls,D2_021,M-1458,scoring_negative_real,forger_recommended_routed_real_negative_label_masked_context,visual_ltr_catalog_order,4,617,+407-004-001-617-142+,tmp/effective_unicity_directionality_blind_packet_v2/source_crops/M_1458_cisi_pakistan_n234_label_masked_context_source.png,data/brahmi/source_token_crops_v2/M_1458_D2_021_4_f433455840969a1b.png,1100,1233,65,1695,0.038348,0.013747,4e55e21643db803243e149a642b1927225dc00fb0a6dd6d82cecef76ff970d5d,projection_exact_count_unverified_token_identity
tok_b5c70db830ecdfee,directionality_no_overlay_packet_v2_label_masked_controls,D2_021,M-1458,scoring_negative_real,forger_recommended_routed_real_negative_label_masked_context,visual_ltr_catalog_reverse,4,004,+407-004-001-617-142+,tmp/effective_unicity_directionality_blind_packet_v2/source_crops/M_1458_cisi_pakistan_n234_label_masked_context_source.png,data/brahmi/source_token_crops_v2/M_1458_D2_021_4_f433455840969a1b.png,1100,1233,65,1695,0.038348,0.013747,4e55e21643db803243e149a642b1927225dc00fb0a6dd6d82cecef76ff970d5d,projection_exact_count_unverified_token_identity
tok_3dcff2c45423a550,directionality_no_overlay_packet_v2_label_masked_controls,D2_021,M-1458,scoring_negative_real,forger_recommended_routed_real_negative_label_masked_context,visual_ltr_catalog_order,5,142,+407-004-001-617-142+,tmp/effective_unicity_directionality_blind_packet_v2/source_crops/M_1458_cisi_pakistan_n234_label_masked_context_source.png,data/brahmi/source_token_crops_v2/M_1458_D2_021_5_c122b2666d0d8d92.png,1233,1436,177,1763,0.100397,0.063516,a9b36df79fb754f911b61623461ca6aebb8f1e69db13b05f1ff68c0c3f8f1044,projection_exact_count_unverified_token_identity
tok_e3a4a9c250e6c3d8,directionality_no_overlay_packet_v2_label_masked_controls,D2_021,M-1458,scoring_negative_real,forger_recommended_routed_real_negative_label_masked_context,visual_ltr_catalog_reverse,5,407,+407-004-001-617-142+,tmp/effective_unicity_directionality_blind_packet_v2/source_crops/M_1458_cisi_pakistan_n234_label_masked_context_source.png,data/brahmi/source_token_crops_v2/M_1458_D2_021_5_c122b2666d0d8d92.png,1233,1436,177,1763,0.100397,0.063516,a9b36df79fb754f911b61623461ca6aebb8f1e69db13b05f1ff68c0c3f8f1044,projection_exact_count_unverified_token_identity
tok_72b8529d918176b6,directionality_no_overlay_packet_v2_label_masked_controls,D2_023,H-158,scoring_negative_real,forger_recommended_routed_real_negative_label_masked_context,visual_ltr_catalog_order,1,154,+154-806-472-001-740-405-590+,tmp/effective_unicity_directionality_blind_packet_v2/source_crops/H_158_cisi_india_n237_label_masked_context_source.png,data/brahmi/source_token_crops_v2/H_158_D2_023_1_7e20abe7b176dca3.png,0,212,215,2237,0.096111,0.029959,4e6c315440eb928b3829928054f2c9ebdba58e6ad4398a14a189ec327aa21eb3,projection_exact_count_unverified_token_identity
tok_e8799a6cb5794e64,directionality_no_overlay_packet_v2_label_masked_controls,D2_023,H-158,scoring_negative_real,forger_recommended_routed_real_negative_label_masked_context,visual_ltr_catalog_reverse,1,590,+154-806-472-001-740-405-590+,tmp/effective_unicity_directionality_blind_packet_v2/source_crops/H_158_cisi_india_n237_label_masked_context_source.png,data/brahmi/source_token_crops_v2/H_158_D2_023_1_7e20abe7b176dca3.png,0,212,215,2237,0.096111,0.029959,4e6c315440eb928b3829928054f2c9ebdba58e6ad4398a14a189ec327aa21eb3,projection_exact_count_unverified_token_identity
tok_3097dcd05e1de8a0,directionality_no_overlay_packet_v2_label_masked_controls,D2_023,H-158,scoring_negative_real,forger_recommended_routed_real_negative_label_masked_context,visual_ltr_catalog_order,2,806,+154-806-472-001-740-405-590+,tmp/effective_unicity_directionality_blind_packet_v2/source_crops/H_158_cisi_india_n237_label_masked_context_source.png,data/brahmi/source_token_crops_v2/H_158_D2_023_2_52decf235f95d65e.png,212,314,96,2629,0.036516,0.001348,06827372aef8c0b58f498f39e5b1cea5dfdb8750e092b24be2af189810cdd16d,projection_exact_count_unverified_token_identity
tok_b91c301d1967c92e,directionality_no_overlay_packet_v2_label_masked_controls,D2_023,H-158,scoring_negative_real,forger_recommended_routed_real_negative_label_masked_context,visual_ltr_catalog_reverse,2,405,+154-806-472-001-740-405-590+,tmp/effective_unicity_directionality_blind_packet_v2/source_crops/H_158_cisi_india_n237_label_masked_context_source.png,data/brahmi/source_token_crops_v2/H_158_D2_023_2_52decf235f95d65e.png,212,314,96,2629,0.036516,0.001348,06827372aef8c0b58f498f39e5b1cea5dfdb8750e092b24be2af189810cdd16d,projection_exact_count_unverified_token_identity
tok_e7be28a88c2e9ab3,directionality_no_overlay_packet_v2_label_masked_controls,D2_023,H-158,scoring_negative_real,forger_recommended_routed_real_negative_label_masked_context,visual_ltr_catalog_order,3,472,+154-806-472-001-740-405-590+,tmp/effective_unicity_directionality_blind_packet_v2/source_crops/H_158_cisi_india_n237_label_masked_context_source.png,data/brahmi/source_token_crops_v2/H_158_D2_023_3_457af6892d14f2df.png,314,584,180,2482,0.072522,0.019249,7e283aff8acd0311d3cd5dba8c90c3c5f8f4702072ca973ae476735168012c13,projection_exact_count_unverified_token_identity
tok_1ef8fd9ffb47bb22,directionality_no_overlay_packet_v2_label_masked_controls,D2_023,H-158,scoring_negative_real,forger_recommended_routed_real_negative_label_masked_context,visual_ltr_catalog_reverse,3,740,+154-806-472-001-740-405-590+,tmp/effective_unicity_directionality_blind_packet_v2/source_crops/H_158_cisi_india_n237_label_masked_context_source.png,data/brahmi/source_token_crops_v2/H_158_D2_023_3_457af6892d14f2df.png,314,584,180,2482,0.072522,0.019249,7e283aff8acd0311d3cd5dba8c90c3c5f8f4702072ca973ae476735168012c13,projection_exact_count_unverified_token_identity
tok_6b6262cd47a53ef3,directionality_no_overlay_packet_v2_label_masked_controls,D2_023,H-158,scoring_negative_real,forger_recommended_routed_real_negative_label_masked_context,visual_ltr_catalog_order,4,001,+154-806-472-001-740-405-590+,tmp/effective_unicity_directionality_blind_packet_v2/source_crops/H_158_cisi_india_n237_label_masked_context_source.png,data/brahmi/source_token_crops_v2/H_158_D2_023_4_1f48e930944a21fc.png,584,673,25,595,0.042017,0.021126,c11674ecdfe0634d89d55a94354c1c5935232fcf9b2f9fef3d62fc95a63829b2,projection_exact_count_unverified_token_identity
tok_5babd5c38d930be4,directionality_no_overlay_packet_v2_label_masked_controls,D2_023,H-158,scoring_negative_real,forger_recommended_routed_real_negative_label_masked_context,visual_ltr_catalog_reverse,4,001,+154-806-472-001-740-405-590+,tmp/effective_unicity_directionality_blind_packet_v2/source_crops/H_158_cisi_india_n237_label_masked_context_source.png,data/brahmi/source_token_crops_v2/H_158_D2_023_4_1f48e930944a21fc.png,584,673,25,595,0.042017,0.021126,c11674ecdfe0634d89d55a94354c1c5935232fcf9b2f9fef3d62fc95a63829b2,projection_exact_count_unverified_token_identity
tok_ed12107af8cb6734,directionality_no_overlay_packet_v2_label_masked_controls,D2_023,H-158,scoring_negative_real,forger_recommended_routed_real_negative_label_masked_context,visual_ltr_catalog_order,5,740,+154-806-472-001-740-405-590+,tmp/effective_unicity_directionality_blind_packet_v2/source_crops/H_158_cisi_india_n237_label_masked_context_source.png,data/brahmi/source_token_crops_v2/H_158_D2_023_5_a414c94188993843.png,673,948,251,1296,0.193673,0.061024,498fc8729b906200530cbcce2c532f94765190c6ba0db852c20459529731c8bc,projection_exact_count_unverified_token_identity
tok_611e705e3b0cf406,directionality_no_overlay_packet_v2_label_masked_controls,D2_023,H-158,scoring_negative_real,forger_recommended_routed_real_negative_label_masked_context,visual_ltr_catalog_reverse,5,472,+154-806-472-001-740-405-590+,tmp/effective_unicity_directionality_blind_packet_v2/source_crops/H_158_cisi_india_n237_label_masked_context_source.png,data/brahmi/source_token_crops_v2/H_158_D2_023_5_a414c94188993843.png,673,948,251,1296,0.193673,0.061024,498fc8729b906200530cbcce2c532f94765190c6ba0db852c20459529731c8bc,projection_exact_count_unverified_token_identity
tok_3c9e3558f2705319,directionality_no_overlay_packet_v2_label_masked_controls,D2_023,H-158,scoring_negative_real,forger_recommended_routed_real_negative_label_masked_context,visual_ltr_catalog_order,6,405,+154-806-472-001-740-405-590+,tmp/effective_unicity_directionality_blind_packet_v2/source_crops/H_158_cisi_india_n237_label_masked_context_source.png,data/brahmi/source_token_crops_v2/H_158_D2_023_6_0eee8852496c97bf.png,948,1042,55,268,0.205224,0.135396,7fa61b1db1083b4286612796f784e5fc05f1d7b978fc4caef5c14a2ff3d725c6,projection_exact_count_unverified_token_identity
tok_f9b8030445f10006,directionality_no_overlay_packet_v2_label_masked_controls,D2_023,H-158,scoring_negative_real,forger_recommended_routed_real_negative_label_masked_context,visual_ltr_catalog_reverse,6,806,+154-806-472-001-740-405-590+,tmp/effective_unicity_directionality_blind_packet_v2/source_crops/H_158_cisi_india_n237_label_masked_context_source.png,data/brahmi/source_token_crops_v2/H_158_D2_023_6_0eee8852496c97bf.png,948,1042,55,268,0.205224,0.135396,7fa61b1db1083b4286612796f784e5fc05f1d7b978fc4caef5c14a2ff3d725c6,projection_exact_count_unverified_token_identity
tok_d80c190a86d90339,directionality_no_overlay_packet_v2_label_masked_controls,D2_023,H-158,scoring_negative_real,forger_recommended_routed_real_negative_label_masked_context,visual_ltr_catalog_order,7,590,+154-806-472-001-740-405-590+,tmp/effective_unicity_directionality_blind_packet_v2/source_crops/H_158_cisi_india_n237_label_masked_context_source.png,data/brahmi/source_token_crops_v2/H_158_D2_023_7_4dfb3c227b7d50ef.png,1042,1376,291,2499,0.116447,0.033627,6dc7a48a92025335071b92d5018590fd1de0664438e9a0a62e59b5d9b578ae2d,projection_exact_count_unverified_token_identity
tok_c75c735aacb12923,directionality_no_overlay_packet_v2_label_masked_controls,D2_023,H-158,scoring_negative_real,forger_recommended_routed_real_negative_label_masked_context,visual_ltr_catalog_reverse,7,154,+154-806-472-001-740-405-590+,tmp/effective_unicity_directionality_blind_packet_v2/source_crops/H_158_cisi_india_n237_label_masked_context_source.png,data/brahmi/source_token_crops_v2/H_158_D2_023_7_4dfb3c227b7d50ef.png,1042,1376,291,2499,0.116447,0.033627,6dc7a48a92025335071b92d5018590fd1de0664438e9a0a62e59b5d9b578ae2d,projection_exact_count_unverified_token_identity
tok_30f55b122f592442,directionality_no_overlay_packet_v2_label_masked_controls,D2_025,M-1273,external_stress_control,m70_hard_negative_002_y_prev_not_032_suffix_control,visual_ltr_catalog_order,1,740,+740-055-002-861-603+,tmp/effective_unicity_directionality_blind_packet_v2/source_crops/M_1273_impression_a_existing_hard_negative_source.png,data/brahmi/source_token_crops_v2/M_1273_D2_025_1_23c33320df10825a.png,0,294,297,430,0.690698,0.366328,ffbea4add9c5059ddf45eb1d745aa5c1544745ef2ba7c40d6eb4ec6e09ea7091,projection_exact_count_unverified_token_identity
tok_1e5cdad02e34d901,directionality_no_overlay_packet_v2_label_masked_controls,D2_025,M-1273,external_stress_control,m70_hard_negative_002_y_prev_not_032_suffix_control,visual_ltr_catalog_reverse,1,603,+740-055-002-861-603+,tmp/effective_unicity_directionality_blind_packet_v2/source_crops/M_1273_impression_a_existing_hard_negative_source.png,data/brahmi/source_token_crops_v2/M_1273_D2_025_1_23c33320df10825a.png,0,294,297,430,0.690698,0.366328,ffbea4add9c5059ddf45eb1d745aa5c1544745ef2ba7c40d6eb4ec6e09ea7091,projection_exact_count_unverified_token_identity
tok_2385f298c3764475,directionality_no_overlay_packet_v2_label_masked_controls,D2_025,M-1273,external_stress_control,m70_hard_negative_002_y_prev_not_032_suffix_control,visual_ltr_catalog_order,2,055,+740-055-002-861-603+,tmp/effective_unicity_directionality_blind_packet_v2/source_crops/M_1273_impression_a_existing_hard_negative_source.png,data/brahmi/source_token_crops_v2/M_1273_D2_025_2_b624000938cca0d4.png,294,443,155,427,0.362998,0.068635,ef033b0a2b09bc995945b20f4b9002fdeb0ce3e27368a8ad00eaa3e5eaf80cdc,projection_exact_count_unverified_token_identity
tok_eb29edb16f3728c6,directionality_no_overlay_packet_v2_label_masked_controls,D2_025,M-1273,external_stress_control,m70_hard_negative_002_y_prev_not_032_suffix_control,visual_ltr_catalog_reverse,2,861,+740-055-002-861-603+,tmp/effective_unicity_directionality_blind_packet_v2/source_crops/M_1273_impression_a_existing_hard_negative_source.png,data/brahmi/source_token_crops_v2/M_1273_D2_025_2_b624000938cca0d4.png,294,443,155,427,0.362998,0.068635,ef033b0a2b09bc995945b20f4b9002fdeb0ce3e27368a8ad00eaa3e5eaf80cdc,projection_exact_count_unverified_token_identity
tok_c6feec22c1bd2400,directionality_no_overlay_packet_v2_label_masked_controls,D2_025,M-1273,external_stress_control,m70_hard_negative_002_y_prev_not_032_suffix_control,visual_ltr_catalog_order,3,002,+740-055-002-861-603+,tmp/effective_unicity_directionality_blind_packet_v2/source_crops/M_1273_impression_a_existing_hard_negative_source.png,data/brahmi/source_token_crops_v2/M_1273_D2_025_3_6d377873689179c6.png,443,1021,584,430,1.358140,0.136316,3afeaa3d2cdf069e4c2110ee5d003f71bfe29145d628724804dd1c8fe23cdc15,projection_exact_count_unverified_token_identity
tok_acb48453700c2fed,directionality_no_overlay_packet_v2_label_masked_controls,D2_025,M-1273,external_stress_control,m70_hard_negative_002_y_prev_not_032_suffix_control,visual_ltr_catalog_reverse,3,002,+740-055-002-861-603+,tmp/effective_unicity_directionality_blind_packet_v2/source_crops/M_1273_impression_a_existing_hard_negative_source.png,data/brahmi/source_token_crops_v2/M_1273_D2_025_3_6d377873689179c6.png,443,1021,584,430,1.358140,0.136316,3afeaa3d2cdf069e4c2110ee5d003f71bfe29145d628724804dd1c8fe23cdc15,projection_exact_count_unverified_token_identity
tok_3cb10aca78b746fd,directionality_no_overlay_packet_v2_label_masked_controls,D2_025,M-1273,external_stress_control,m70_hard_negative_002_y_prev_not_032_suffix_control,visual_ltr_catalog_order,4,861,+740-055-002-861-603+,tmp/effective_unicity_directionality_blind_packet_v2/source_crops/M_1273_impression_a_existing_hard_negative_source.png,data/brahmi/source_token_crops_v2/M_1273_D2_025_4_c0f411c05b24b762.png,1021,1112,97,391,0.248082,0.060277,218508f3a5e89e222fadad90478a86df374ccd1cde15293bb1c22aebb157de52,projection_exact_count_unverified_token_identity
tok_aafd311c54d78d9c,directionality_no_overlay_packet_v2_label_masked_controls,D2_025,M-1273,external_stress_control,m70_hard_negative_002_y_prev_not_032_suffix_control,visual_ltr_catalog_reverse,4,055,+740-055-002-861-603+,tmp/effective_unicity_directionality_blind_packet_v2/source_crops/M_1273_impression_a_existing_hard_negative_source.png,data/brahmi/source_token_crops_v2/M_1273_D2_025_4_c0f411c05b24b762.png,1021,1112,97,391,0.248082,0.060277,218508f3a5e89e222fadad90478a86df374ccd1cde15293bb1c22aebb157de52,projection_exact_count_unverified_token_identity
tok_e88036706c770a1d,directionality_no_overlay_packet_v2_label_masked_controls,D2_025,M-1273,external_stress_control,m70_hard_negative_002_y_prev_not_032_suffix_control,visual_ltr_catalog_order,5,603,+740-055-002-861-603+,tmp/effective_unicity_directionality_blind_packet_v2/source_crops/M_1273_impression_a_existing_hard_negative_source.png,data/brahmi/source_token_crops_v2/M_1273_D2_025_5_0a2257ec1805aad3.png,1112,1275,166,430,0.386047,0.194634,1a819603af4bba4b18050d4ad1a39b963a64d1acff19dfa99d2a01f35e81812d,projection_exact_count_unverified_token_identity
tok_bc4c731374c03f60,directionality_no_overlay_packet_v2_label_masked_controls,D2_025,M-1273,external_stress_control,m70_hard_negative_002_y_prev_not_032_suffix_control,visual_ltr_catalog_reverse,5,740,+740-055-002-861-603+,tmp/effective_unicity_directionality_blind_packet_v2/source_crops/M_1273_impression_a_existing_hard_negative_source.png,data/brahmi/source_token_crops_v2/M_1273_D2_025_5_0a2257ec1805aad3.png,1112,1275,166,430,0.386047,0.194634,1a819603af4bba4b18050d4ad1a39b963a64d1acff19dfa99d2a01f35e81812d,projection_exact_count_unverified_token_identity
tok_2bfefeec77b619fc,directionality_no_overlay_packet_v2b_unique_target_controls,D2_001,M-1320,primary_target_recut,tier1_route_candidate_v1_target_overcount_failure,visual_ltr_catalog_order,1,527,+527-555-231-240-798+,tmp/effective_unicity_directionality_blind_packet_v2b/source_crops/M_1320_A_diagnostic_v1_failed_source.png,data/brahmi/source_token_crops_v2/M_1320_D2_001_1_d1288273877cb6f0.png,36,118,83,308,0.269481,0.079941,9eb300366f5efe5518149314cec1f7f15cb62a4b5b311e31e48e9b14bdfb2920,projection_exact_count_unverified_token_identity
tok_ab06ec82800324cf,directionality_no_overlay_packet_v2b_unique_target_controls,D2_001,M-1320,primary_target_recut,tier1_route_candidate_v1_target_overcount_failure,visual_ltr_catalog_reverse,1,798,+527-555-231-240-798+,tmp/effective_unicity_directionality_blind_packet_v2b/source_crops/M_1320_A_diagnostic_v1_failed_source.png,data/brahmi/source_token_crops_v2/M_1320_D2_001_1_d1288273877cb6f0.png,36,118,83,308,0.269481,0.079941,9eb300366f5efe5518149314cec1f7f15cb62a4b5b311e31e48e9b14bdfb2920,projection_exact_count_unverified_token_identity
tok_bc7caff9ec3cf7c3,directionality_no_overlay_packet_v2b_unique_target_controls,D2_001,M-1320,primary_target_recut,tier1_route_candidate_v1_target_overcount_failure,visual_ltr_catalog_order,2,555,+527-555-231-240-798+,tmp/effective_unicity_directionality_blind_packet_v2b/source_crops/M_1320_A_diagnostic_v1_failed_source.png,data/brahmi/source_token_crops_v2/M_1320_D2_001_2_5bf06247c3611b4b.png,118,254,142,315,0.450794,0.146091,02cfd31b9af5a0bb21da7358ce252c03258cc2329999aa87fc457fcc97189261,projection_exact_count_unverified_token_identity
tok_6dc9aaf70f8ee2de,directionality_no_overlay_packet_v2b_unique_target_controls,D2_001,M-1320,primary_target_recut,tier1_route_candidate_v1_target_overcount_failure,visual_ltr_catalog_reverse,2,240,+527-555-231-240-798+,tmp/effective_unicity_directionality_blind_packet_v2b/source_crops/M_1320_A_diagnostic_v1_failed_source.png,data/brahmi/source_token_crops_v2/M_1320_D2_001_2_5bf06247c3611b4b.png,118,254,142,315,0.450794,0.146091,02cfd31b9af5a0bb21da7358ce252c03258cc2329999aa87fc457fcc97189261,projection_exact_count_unverified_token_identity
tok_9a19ce7b4cb8c5a2,directionality_no_overlay_packet_v2b_unique_target_controls,D2_001,M-1320,primary_target_recut,tier1_route_candidate_v1_target_overcount_failure,visual_ltr_catalog_order,3,231,+527-555-231-240-798+,tmp/effective_unicity_directionality_blind_packet_v2b/source_crops/M_1320_A_diagnostic_v1_failed_source.png,data/brahmi/source_token_crops_v2/M_1320_D2_001_3_1004676ba1a09d76.png,254,667,419,315,1.330159,0.275438,5a6718d5fb6d716bc9f76609ed270b5495377c3f2b8eef4d2800bbbaadec26a6,projection_exact_count_unverified_token_identity
tok_35302661ebbd41f8,directionality_no_overlay_packet_v2b_unique_target_controls,D2_001,M-1320,primary_target_recut,tier1_route_candidate_v1_target_overcount_failure,visual_ltr_catalog_reverse,3,231,+527-555-231-240-798+,tmp/effective_unicity_directionality_blind_packet_v2b/source_crops/M_1320_A_diagnostic_v1_failed_source.png,data/brahmi/source_token_crops_v2/M_1320_D2_001_3_1004676ba1a09d76.png,254,667,419,315,1.330159,0.275438,5a6718d5fb6d716bc9f76609ed270b5495377c3f2b8eef4d2800bbbaadec26a6,projection_exact_count_unverified_token_identity
tok_bfaea4a0193ab767,directionality_no_overlay_packet_v2b_unique_target_controls,D2_001,M-1320,primary_target_recut,tier1_route_candidate_v1_target_overcount_failure,visual_ltr_catalog_order,4,240,+527-555-231-240-798+,tmp/effective_unicity_directionality_blind_packet_v2b/source_crops/M_1320_A_diagnostic_v1_failed_source.png,data/brahmi/source_token_crops_v2/M_1320_D2_001_4_b2fb273273f849ea.png,667,978,317,315,1.006349,0.404694,d5714a6613cbb546199b4150cb7da8deb4faa7adacc66366dbaa5e48bfe74323,projection_exact_count_unverified_token_identity
tok_b40ce6887015cc03,directionality_no_overlay_packet_v2b_unique_target_controls,D2_001,M-1320,primary_target_recut,tier1_route_candidate_v1_target_overcount_failure,visual_ltr_catalog_reverse,4,555,+527-555-231-240-798+,tmp/effective_unicity_directionality_blind_packet_v2b/source_crops/M_1320_A_diagnostic_v1_failed_source.png,data/brahmi/source_token_crops_v2/M_1320_D2_001_4_b2fb273273f849ea.png,667,978,317,315,1.006349,0.404694,d5714a6613cbb546199b4150cb7da8deb4faa7adacc66366dbaa5e48bfe74323,projection_exact_count_unverified_token_identity
tok_4aa634f6782a66ec,directionality_no_overlay_packet_v2b_unique_target_controls,D2_001,M-1320,primary_target_recut,tier1_route_candidate_v1_target_overcount_failure,visual_ltr_catalog_order,5,798,+527-555-231-240-798+,tmp/effective_unicity_directionality_blind_packet_v2b/source_crops/M_1320_A_diagnostic_v1_failed_source.png,data/brahmi/source_token_crops_v2/M_1320_D2_001_5_d29e0bf668a4a52c.png,978,1182,205,315,0.650794,0.305957,a879a48d47603f35093be5613bf01bdea1bc02d79b34b87985a592e347f18db3,projection_exact_count_unverified_token_identity
tok_4861e961d43a0234,directionality_no_overlay_packet_v2b_unique_target_controls,D2_001,M-1320,primary_target_recut,tier1_route_candidate_v1_target_overcount_failure,visual_ltr_catalog_reverse,5,527,+527-555-231-240-798+,tmp/effective_unicity_directionality_blind_packet_v2b/source_crops/M_1320_A_diagnostic_v1_failed_source.png,data/brahmi/source_token_crops_v2/M_1320_D2_001_5_d29e0bf668a4a52c.png,978,1182,205,315,0.650794,0.305957,a879a48d47603f35093be5613bf01bdea1bc02d79b34b87985a592e347f18db3,projection_exact_count_unverified_token_identity
tok_9f1d07dc13aa86bb,directionality_no_overlay_packet_v2b_unique_target_controls,D2_002,H-665,scoring_negative_real,forger_recommended_routed_real_negative_label_masked_context,visual_ltr_catalog_order,1,407,+407-004-060-692+,tmp/effective_unicity_directionality_blind_packet_v2b/source_crops/H_665_cisi_pakistan_n343_label_masked_context_source.png,data/brahmi/source_token_crops_v2/H_665_D2_002_1_751071d7c8c91b97.png,0,135,138,204,0.676471,0.245303,0c10c6155f057d7f659b15ffba37ba80e98beb94fed4febe0d9fc9a499bf99c0,projection_exact_count_unverified_token_identity
tok_09eef723f9c36c8a,directionality_no_overlay_packet_v2b_unique_target_controls,D2_002,H-665,scoring_negative_real,forger_recommended_routed_real_negative_label_masked_context,visual_ltr_catalog_reverse,1,692,+407-004-060-692+,tmp/effective_unicity_directionality_blind_packet_v2b/source_crops/H_665_cisi_pakistan_n343_label_masked_context_source.png,data/brahmi/source_token_crops_v2/H_665_D2_002_1_751071d7c8c91b97.png,0,135,138,204,0.676471,0.245303,0c10c6155f057d7f659b15ffba37ba80e98beb94fed4febe0d9fc9a499bf99c0,projection_exact_count_unverified_token_identity
tok_bae3f27955f8d8c7,directionality_no_overlay_packet_v2b_unique_target_controls,D2_002,H-665,scoring_negative_real,forger_recommended_routed_real_negative_label_masked_context,visual_ltr_catalog_order,2,004,+407-004-060-692+,tmp/effective_unicity_directionality_blind_packet_v2b/source_crops/H_665_cisi_pakistan_n343_label_masked_context_source.png,data/brahmi/source_token_crops_v2/H_665_D2_002_2_6e7f5a07016bb82a.png,135,611,376,2031,0.185130,0.028188,cbc477c3e5dc592cbeff63f8b3fe4225e4257c3cfa3104d6af270b9df6ee6fe7,projection_exact_count_unverified_token_identity
tok_e589cf2d6a5036be,directionality_no_overlay_packet_v2b_unique_target_controls,D2_002,H-665,scoring_negative_real,forger_recommended_routed_real_negative_label_masked_context,visual_ltr_catalog_reverse,2,060,+407-004-060-692+,tmp/effective_unicity_directionality_blind_packet_v2b/source_crops/H_665_cisi_pakistan_n343_label_masked_context_source.png,data/brahmi/source_token_crops_v2/H_665_D2_002_2_6e7f5a07016bb82a.png,135,611,376,2031,0.185130,0.028188,cbc477c3e5dc592cbeff63f8b3fe4225e4257c3cfa3104d6af270b9df6ee6fe7,projection_exact_count_unverified_token_identity
tok_92c6b9f167ca107c,directionality_no_overlay_packet_v2b_unique_target_controls,D2_002,H-665,scoring_negative_real,forger_recommended_routed_real_negative_label_masked_context,visual_ltr_catalog_order,3,060,+407-004-060-692+,tmp/effective_unicity_directionality_blind_packet_v2b/source_crops/H_665_cisi_pakistan_n343_label_masked_context_source.png,data/brahmi/source_token_crops_v2/H_665_D2_002_3_1faceef744966a7b.png,611,954,170,1965,0.086514,0.015394,e2d0c523535ebe0a7c12306a6174bdab6ba979fe380823c3c0edf162f5ce3dd7,projection_exact_count_unverified_token_identity
tok_32d4489414d9389e,directionality_no_overlay_packet_v2b_unique_target_controls,D2_002,H-665,scoring_negative_real,forger_recommended_routed_real_negative_label_masked_context,visual_ltr_catalog_reverse,3,004,+407-004-060-692+,tmp/effective_unicity_directionality_blind_packet_v2b/source_crops/H_665_cisi_pakistan_n343_label_masked_context_source.png,data/brahmi/source_token_crops_v2/H_665_D2_002_3_1faceef744966a7b.png,611,954,170,1965,0.086514,0.015394,e2d0c523535ebe0a7c12306a6174bdab6ba979fe380823c3c0edf162f5ce3dd7,projection_exact_count_unverified_token_identity
tok_463f87405a0c0d8d,directionality_no_overlay_packet_v2b_unique_target_controls,D2_002,H-665,scoring_negative_real,forger_recommended_routed_real_negative_label_masked_context,visual_ltr_catalog_order,4,692,+407-004-060-692+,tmp/effective_unicity_directionality_blind_packet_v2b/source_crops/H_665_cisi_pakistan_n343_label_masked_context_source.png,data/brahmi/source_token_crops_v2/H_665_D2_002_4_2fa8b885bf24910e.png,954,1181,149,2066,0.072120,0.002810,dd44c4a4e69651de5e5dc73aae6ac4d73e4550eda37c85d70039ed59cab9b6c0,projection_exact_count_unverified_token_identity
tok_c0f1b24f776e919e,directionality_no_overlay_packet_v2b_unique_target_controls,D2_002,H-665,scoring_negative_real,forger_recommended_routed_real_negative_label_masked_context,visual_ltr_catalog_reverse,4,407,+407-004-060-692+,tmp/effective_unicity_directionality_blind_packet_v2b/source_crops/H_665_cisi_pakistan_n343_label_masked_context_source.png,data/brahmi/source_token_crops_v2/H_665_D2_002_4_2fa8b885bf24910e.png,954,1181,149,2066,0.072120,0.002810,dd44c4a4e69651de5e5dc73aae6ac4d73e4550eda37c85d70039ed59cab9b6c0,projection_exact_count_unverified_token_identity
tok_6b2af8d85bc20a7c,directionality_no_overlay_packet_v2b_unique_target_controls,D2_003,H-158,scoring_negative_real,forger_recommended_routed_real_negative_label_masked_context,visual_ltr_catalog_order,1,154,+154-806-472-001-740-405-590+,tmp/effective_unicity_directionality_blind_packet_v2b/source_crops/H_158_cisi_india_n237_label_masked_context_source.png,data/brahmi/source_token_crops_v2/H_158_D2_003_1_bd5430e84b323d95.png,0,212,215,2237,0.096111,0.029959,4e6c315440eb928b3829928054f2c9ebdba58e6ad4398a14a189ec327aa21eb3,projection_exact_count_unverified_token_identity
tok_d6c91f2a95dba221,directionality_no_overlay_packet_v2b_unique_target_controls,D2_003,H-158,scoring_negative_real,forger_recommended_routed_real_negative_label_masked_context,visual_ltr_catalog_reverse,1,590,+154-806-472-001-740-405-590+,tmp/effective_unicity_directionality_blind_packet_v2b/source_crops/H_158_cisi_india_n237_label_masked_context_source.png,data/brahmi/source_token_crops_v2/H_158_D2_003_1_bd5430e84b323d95.png,0,212,215,2237,0.096111,0.029959,4e6c315440eb928b3829928054f2c9ebdba58e6ad4398a14a189ec327aa21eb3,projection_exact_count_unverified_token_identity
tok_d172a2b1559eb0f6,directionality_no_overlay_packet_v2b_unique_target_controls,D2_003,H-158,scoring_negative_real,forger_recommended_routed_real_negative_label_masked_context,visual_ltr_catalog_order,2,806,+154-806-472-001-740-405-590+,tmp/effective_unicity_directionality_blind_packet_v2b/source_crops/H_158_cisi_india_n237_label_masked_context_source.png,data/brahmi/source_token_crops_v2/H_158_D2_003_2_9cedf814c57a15fb.png,212,314,96,2629,0.036516,0.001348,06827372aef8c0b58f498f39e5b1cea5dfdb8750e092b24be2af189810cdd16d,projection_exact_count_unverified_token_identity
tok_adf4026d1c80a2f6,directionality_no_overlay_packet_v2b_unique_target_controls,D2_003,H-158,scoring_negative_real,forger_recommended_routed_real_negative_label_masked_context,visual_ltr_catalog_reverse,2,405,+154-806-472-001-740-405-590+,tmp/effective_unicity_directionality_blind_packet_v2b/source_crops/H_158_cisi_india_n237_label_masked_context_source.png,data/brahmi/source_token_crops_v2/H_158_D2_003_2_9cedf814c57a15fb.png,212,314,96,2629,0.036516,0.001348,06827372aef8c0b58f498f39e5b1cea5dfdb8750e092b24be2af189810cdd16d,projection_exact_count_unverified_token_identity
tok_28e6e5562ff28f88,directionality_no_overlay_packet_v2b_unique_target_controls,D2_003,H-158,scoring_negative_real,forger_recommended_routed_real_negative_label_masked_context,visual_ltr_catalog_order,3,472,+154-806-472-001-740-405-590+,tmp/effective_unicity_directionality_blind_packet_v2b/source_crops/H_158_cisi_india_n237_label_masked_context_source.png,data/brahmi/source_token_crops_v2/H_158_D2_003_3_c60dd37ed050d299.png,314,584,180,2482,0.072522,0.019249,7e283aff8acd0311d3cd5dba8c90c3c5f8f4702072ca973ae476735168012c13,projection_exact_count_unverified_token_identity
tok_548cc527d7d958ae,directionality_no_overlay_packet_v2b_unique_target_controls,D2_003,H-158,scoring_negative_real,forger_recommended_routed_real_negative_label_masked_context,visual_ltr_catalog_reverse,3,740,+154-806-472-001-740-405-590+,tmp/effective_unicity_directionality_blind_packet_v2b/source_crops/H_158_cisi_india_n237_label_masked_context_source.png,data/brahmi/source_token_crops_v2/H_158_D2_003_3_c60dd37ed050d299.png,314,584,180,2482,0.072522,0.019249,7e283aff8acd0311d3cd5dba8c90c3c5f8f4702072ca973ae476735168012c13,projection_exact_count_unverified_token_identity
tok_c49549ef1c5862c8,directionality_no_overlay_packet_v2b_unique_target_controls,D2_003,H-158,scoring_negative_real,forger_recommended_routed_real_negative_label_masked_context,visual_ltr_catalog_order,4,001,+154-806-472-001-740-405-590+,tmp/effective_unicity_directionality_blind_packet_v2b/source_crops/H_158_cisi_india_n237_label_masked_context_source.png,data/brahmi/source_token_crops_v2/H_158_D2_003_4_ceb35d794fe5d061.png,584,673,25,595,0.042017,0.021126,c11674ecdfe0634d89d55a94354c1c5935232fcf9b2f9fef3d62fc95a63829b2,projection_exact_count_unverified_token_identity
tok_0592f07ef35d5dd9,directionality_no_overlay_packet_v2b_unique_target_controls,D2_003,H-158,scoring_negative_real,forger_recommended_routed_real_negative_label_masked_context,visual_ltr_catalog_reverse,4,001,+154-806-472-001-740-405-590+,tmp/effective_unicity_directionality_blind_packet_v2b/source_crops/H_158_cisi_india_n237_label_masked_context_source.png,data/brahmi/source_token_crops_v2/H_158_D2_003_4_ceb35d794fe5d061.png,584,673,25,595,0.042017,0.021126,c11674ecdfe0634d89d55a94354c1c5935232fcf9b2f9fef3d62fc95a63829b2,projection_exact_count_unverified_token_identity
tok_30f9a6d9ea02969d,directionality_no_overlay_packet_v2b_unique_target_controls,D2_003,H-158,scoring_negative_real,forger_recommended_routed_real_negative_label_masked_context,visual_ltr_catalog_order,5,740,+154-806-472-001-740-405-590+,tmp/effective_unicity_directionality_blind_packet_v2b/source_crops/H_158_cisi_india_n237_label_masked_context_source.png,data/brahmi/source_token_crops_v2/H_158_D2_003_5_82422eba4d29c6d9.png,673,948,251,1296,0.193673,0.061024,498fc8729b906200530cbcce2c532f94765190c6ba0db852c20459529731c8bc,projection_exact_count_unverified_token_identity
tok_b3b6ea9005477f74,directionality_no_overlay_packet_v2b_unique_target_controls,D2_003,H-158,scoring_negative_real,forger_recommended_routed_real_negative_label_masked_context,visual_ltr_catalog_reverse,5,472,+154-806-472-001-740-405-590+,tmp/effective_unicity_directionality_blind_packet_v2b/source_crops/H_158_cisi_india_n237_label_masked_context_source.png,data/brahmi/source_token_crops_v2/H_158_D2_003_5_82422eba4d29c6d9.png,673,948,251,1296,0.193673,0.061024,498fc8729b906200530cbcce2c532f94765190c6ba0db852c20459529731c8bc,projection_exact_count_unverified_token_identity
tok_9a7466d1872e457f,directionality_no_overlay_packet_v2b_unique_target_controls,D2_003,H-158,scoring_negative_real,forger_recommended_routed_real_negative_label_masked_context,visual_ltr_catalog_order,6,405,+154-806-472-001-740-405-590+,tmp/effective_unicity_directionality_blind_packet_v2b/source_crops/H_158_cisi_india_n237_label_masked_context_source.png,data/brahmi/source_token_crops_v2/H_158_D2_003_6_4b3e054dae49a0db.png,948,1042,55,268,0.205224,0.135396,7fa61b1db1083b4286612796f784e5fc05f1d7b978fc4caef5c14a2ff3d725c6,projection_exact_count_unverified_token_identity
tok_3532aa4d0408e7be,directionality_no_overlay_packet_v2b_unique_target_controls,D2_003,H-158,scoring_negative_real,forger_recommended_routed_real_negative_label_masked_context,visual_ltr_catalog_reverse,6,806,+154-806-472-001-740-405-590+,tmp/effective_unicity_directionality_blind_packet_v2b/source_crops/H_158_cisi_india_n237_label_masked_context_source.png,data/brahmi/source_token_crops_v2/H_158_D2_003_6_4b3e054dae49a0db.png,948,1042,55,268,0.205224,0.135396,7fa61b1db1083b4286612796f784e5fc05f1d7b978fc4caef5c14a2ff3d725c6,projection_exact_count_unverified_token_identity
tok_c98d56833ed87061,directionality_no_overlay_packet_v2b_unique_target_controls,D2_003,H-158,scoring_negative_real,forger_recommended_routed_real_negative_label_masked_context,visual_ltr_catalog_order,7,590,+154-806-472-001-740-405-590+,tmp/effective_unicity_directionality_blind_packet_v2b/source_crops/H_158_cisi_india_n237_label_masked_context_source.png,data/brahmi/source_token_crops_v2/H_158_D2_003_7_612f228a92c9eab6.png,1042,1376,291,2499,0.116447,0.033627,6dc7a48a92025335071b92d5018590fd1de0664438e9a0a62e59b5d9b578ae2d,projection_exact_count_unverified_token_identity
tok_19b6f57f2ac659ea,directionality_no_overlay_packet_v2b_unique_target_controls,D2_003,H-158,scoring_negative_real,forger_recommended_routed_real_negative_label_masked_context,visual_ltr_catalog_reverse,7,154,+154-806-472-001-740-405-590+,tmp/effective_unicity_directionality_blind_packet_v2b/source_crops/H_158_cisi_india_n237_label_masked_context_source.png,data/brahmi/source_token_crops_v2/H_158_D2_003_7_612f228a92c9eab6.png,1042,1376,291,2499,0.116447,0.033627,6dc7a48a92025335071b92d5018590fd1de0664438e9a0a62e59b5d9b578ae2d,projection_exact_count_unverified_token_identity
tok_7a86538184154232,directionality_no_overlay_packet_v2b_unique_target_controls,D2_004,M-1310,primary_target_recut,tier1_directionality_candidate_recut_after_v1_edge_fragments,visual_ltr_catalog_order,1,407,+407-004-001-740-407-590-235+,tmp/effective_unicity_directionality_blind_packet_v2b/source_crops/M_1310_A_recut_signband_source.png,data/brahmi/source_token_crops_v2/M_1310_D2_004_1_960c96843c340675.png,0,285,284,295,0.962712,0.270461,f6b0f180f8fb4e8dd303c50a1d802b41185a2da1c0a99ab81ff852105a29829d,projection_exact_count_unverified_token_identity
tok_cfc6a57926408f9c,directionality_no_overlay_packet_v2b_unique_target_controls,D2_004,M-1310,primary_target_recut,tier1_directionality_candidate_recut_after_v1_edge_fragments,visual_ltr_catalog_reverse,1,235,+407-004-001-740-407-590-235+,tmp/effective_unicity_directionality_blind_packet_v2b/source_crops/M_1310_A_recut_signband_source.png,data/brahmi/source_token_crops_v2/M_1310_D2_004_1_960c96843c340675.png,0,285,284,295,0.962712,0.270461,f6b0f180f8fb4e8dd303c50a1d802b41185a2da1c0a99ab81ff852105a29829d,projection_exact_count_unverified_token_identity
tok_b649d949d3880d8c,directionality_no_overlay_packet_v2b_unique_target_controls,D2_004,M-1310,primary_target_recut,tier1_directionality_candidate_recut_after_v1_edge_fragments,visual_ltr_catalog_order,2,004,+407-004-001-740-407-590-235+,tmp/effective_unicity_directionality_blind_packet_v2b/source_crops/M_1310_A_recut_signband_source.png,data/brahmi/source_token_crops_v2/M_1310_D2_004_2_411de55ea6549511.png,285,524,221,263,0.840304,0.078035,ecd1b3509cfed6a038bc13f965227ed5605d4e9efdb1dcec2e098ceb0395792c,projection_exact_count_unverified_token_identity
tok_9eb8d4c35deed422,directionality_no_overlay_packet_v2b_unique_target_controls,D2_004,M-1310,primary_target_recut,tier1_directionality_candidate_recut_after_v1_edge_fragments,visual_ltr_catalog_reverse,2,590,+407-004-001-740-407-590-235+,tmp/effective_unicity_directionality_blind_packet_v2b/source_crops/M_1310_A_recut_signband_source.png,data/brahmi/source_token_crops_v2/M_1310_D2_004_2_411de55ea6549511.png,285,524,221,263,0.840304,0.078035,ecd1b3509cfed6a038bc13f965227ed5605d4e9efdb1dcec2e098ceb0395792c,projection_exact_count_unverified_token_identity
tok_3a03f966c0f8a693,directionality_no_overlay_packet_v2b_unique_target_controls,D2_004,M-1310,primary_target_recut,tier1_directionality_candidate_recut_after_v1_edge_fragments,visual_ltr_catalog_order,3,001,+407-004-001-740-407-590-235+,tmp/effective_unicity_directionality_blind_packet_v2b/source_crops/M_1310_A_recut_signband_source.png,data/brahmi/source_token_crops_v2/M_1310_D2_004_3_b1c5462c3a9759c9.png,524,561,31,75,0.413333,0.019336,2c3a3a6ddd66277603ff1e08ee914eb0f0e16c38a7866fdfde829d33558ca3fa,projection_exact_count_unverified_token_identity
tok_f76c745c5f111f6a,directionality_no_overlay_packet_v2b_unique_target_controls,D2_004,M-1310,primary_target_recut,tier1_directionality_candidate_recut_after_v1_edge_fragments,visual_ltr_catalog_reverse,3,407,+407-004-001-740-407-590-235+,tmp/effective_unicity_directionality_blind_packet_v2b/source_crops/M_1310_A_recut_signband_source.png,data/brahmi/source_token_crops_v2/M_1310_D2_004_3_b1c5462c3a9759c9.png,524,561,31,75,0.413333,0.019336,2c3a3a6ddd66277603ff1e08ee914eb0f0e16c38a7866fdfde829d33558ca3fa,projection_exact_count_unverified_token_identity
tok_2504eea6b3c09d9e,directionality_no_overlay_packet_v2b_unique_target_controls,D2_004,M-1310,primary_target_recut,tier1_directionality_candidate_recut_after_v1_edge_fragments,visual_ltr_catalog_order,4,740,+407-004-001-740-407-590-235+,tmp/effective_unicity_directionality_blind_packet_v2b/source_crops/M_1310_A_recut_signband_source.png,data/brahmi/source_token_crops_v2/M_1310_D2_004_4_5d9bf1b662ea4fe3.png,561,684,107,244,0.438525,0.056759,00aa36a14a1098be7b5c97cc7723d496447ed1623acd6a1be3a3c295d64ddf2f,projection_exact_count_unverified_token_identity
tok_d37f41750e9e2cac,directionality_no_overlay_packet_v2b_unique_target_controls,D2_004,M-1310,primary_target_recut,tier1_directionality_candidate_recut_after_v1_edge_fragments,visual_ltr_catalog_reverse,4,740,+407-004-001-740-407-590-235+,tmp/effective_unicity_directionality_blind_packet_v2b/source_crops/M_1310_A_recut_signband_source.png,data/brahmi/source_token_crops_v2/M_1310_D2_004_4_5d9bf1b662ea4fe3.png,561,684,107,244,0.438525,0.056759,00aa36a14a1098be7b5c97cc7723d496447ed1623acd6a1be3a3c295d64ddf2f,projection_exact_count_unverified_token_identity
tok_29c6508565f88a8d,directionality_no_overlay_packet_v2b_unique_target_controls,D2_004,M-1310,primary_target_recut,tier1_directionality_candidate_recut_after_v1_edge_fragments,visual_ltr_catalog_order,5,407,+407-004-001-740-407-590-235+,tmp/effective_unicity_directionality_blind_packet_v2b/source_crops/M_1310_A_recut_signband_source.png,data/brahmi/source_token_crops_v2/M_1310_D2_004_5_bcc4a60dcfef5722.png,684,718,30,172,0.174419,0.003639,1dc27cdcce3ee8ae6bd8ab8093d20a648687961bc3cca38004cf72ede1991f75,projection_exact_count_unverified_token_identity
tok_f115809248b30c5c,directionality_no_overlay_packet_v2b_unique_target_controls,D2_004,M-1310,primary_target_recut,tier1_directionality_candidate_recut_after_v1_edge_fragments,visual_ltr_catalog_reverse,5,001,+407-004-001-740-407-590-235+,tmp/effective_unicity_directionality_blind_packet_v2b/source_crops/M_1310_A_recut_signband_source.png,data/brahmi/source_token_crops_v2/M_1310_D2_004_5_bcc4a60dcfef5722.png,684,718,30,172,0.174419,0.003639,1dc27cdcce3ee8ae6bd8ab8093d20a648687961bc3cca38004cf72ede1991f75,projection_exact_count_unverified_token_identity
tok_9c49cd5451218a49,directionality_no_overlay_packet_v2b_unique_target_controls,D2_004,M-1310,primary_target_recut,tier1_directionality_candidate_recut_after_v1_edge_fragments,visual_ltr_catalog_order,6,590,+407-004-001-740-407-590-235+,tmp/effective_unicity_directionality_blind_packet_v2b/source_crops/M_1310_A_recut_signband_source.png,data/brahmi/source_token_crops_v2/M_1310_D2_004_6_7aa7c590d1e3b2cf.png,718,748,28,246,0.113821,0.000947,cb81c7f9a5fc0e824ea2abc1df62eee9c7650dc4c4f7ac47c0ff542db4e483ea,projection_exact_count_unverified_token_identity
tok_c1dfb56e473dd4d4,directionality_no_overlay_packet_v2b_unique_target_controls,D2_004,M-1310,primary_target_recut,tier1_directionality_candidate_recut_after_v1_edge_fragments,visual_ltr_catalog_reverse,6,004,+407-004-001-740-407-590-235+,tmp/effective_unicity_directionality_blind_packet_v2b/source_crops/M_1310_A_recut_signband_source.png,data/brahmi/source_token_crops_v2/M_1310_D2_004_6_7aa7c590d1e3b2cf.png,718,748,28,246,0.113821,0.000947,cb81c7f9a5fc0e824ea2abc1df62eee9c7650dc4c4f7ac47c0ff542db4e483ea,projection_exact_count_unverified_token_identity
tok_c04ab9cbf8d1c194,directionality_no_overlay_packet_v2b_unique_target_controls,D2_004,M-1310,primary_target_recut,tier1_directionality_candidate_recut_after_v1_edge_fragments,visual_ltr_catalog_order,7,235,+407-004-001-740-407-590-235+,tmp/effective_unicity_directionality_blind_packet_v2b/source_crops/M_1310_A_recut_signband_source.png,data/brahmi/source_token_crops_v2/M_1310_D2_004_7_d152b376a7b5ee74.png,748,1055,307,295,1.040678,0.287094,c6357fa9089a0fa7396b77aed20e82e96e9593035088f7e3c63d50f5f2eb4fd8,projection_exact_count_unverified_token_identity
tok_549d453ba75f1043,directionality_no_overlay_packet_v2b_unique_target_controls,D2_004,M-1310,primary_target_recut,tier1_directionality_candidate_recut_after_v1_edge_fragments,visual_ltr_catalog_reverse,7,407,+407-004-001-740-407-590-235+,tmp/effective_unicity_directionality_blind_packet_v2b/source_crops/M_1310_A_recut_signband_source.png,data/brahmi/source_token_crops_v2/M_1310_D2_004_7_d152b376a7b5ee74.png,748,1055,307,295,1.040678,0.287094,c6357fa9089a0fa7396b77aed20e82e96e9593035088f7e3c63d50f5f2eb4fd8,projection_exact_count_unverified_token_identity
tok_663cdc07ae8c2b8f,directionality_no_overlay_packet_v2b_unique_target_controls,D2_013,M-1458,scoring_negative_real,forger_recommended_routed_real_negative_label_masked_context,visual_ltr_catalog_order,1,407,+407-004-001-617-142+,tmp/effective_unicity_directionality_blind_packet_v2b/source_crops/M_1458_cisi_pakistan_n234_label_masked_context_source.png,data/brahmi/source_token_crops_v2/M_1458_D2_013_1_8cfdcbee65c1be5b.png,0,144,97,2787,0.034804,0.012504,0c4d294d09071353c831432816a9247980f07fe993ecfc30da9b6454f6f2fc57,projection_exact_count_unverified_token_identity
tok_f9fd7ade34dcb253,directionality_no_overlay_packet_v2b_unique_target_controls,D2_013,M-1458,scoring_negative_real,forger_recommended_routed_real_negative_label_masked_context,visual_ltr_catalog_reverse,1,142,+407-004-001-617-142+,tmp/effective_unicity_directionality_blind_packet_v2b/source_crops/M_1458_cisi_pakistan_n234_label_masked_context_source.png,data/brahmi/source_token_crops_v2/M_1458_D2_013_1_8cfdcbee65c1be5b.png,0,144,97,2787,0.034804,0.012504,0c4d294d09071353c831432816a9247980f07fe993ecfc30da9b6454f6f2fc57,projection_exact_count_unverified_token_identity
tok_a5a83aee5bcc399b,directionality_no_overlay_packet_v2b_unique_target_controls,D2_013,M-1458,scoring_negative_real,forger_recommended_routed_real_negative_label_masked_context,visual_ltr_catalog_order,2,004,+407-004-001-617-142+,tmp/effective_unicity_directionality_blind_packet_v2b/source_crops/M_1458_cisi_pakistan_n234_label_masked_context_source.png,data/brahmi/source_token_crops_v2/M_1458_D2_013_2_2c225513dd5ad757.png,144,666,384,3431,0.111921,0.039012,c94855bf99f8a85273bb79bf6dbc99b704a7eb996e41395969499e19121f66b8,projection_exact_count_unverified_token_identity
tok_8253bebc34a72487,directionality_no_overlay_packet_v2b_unique_target_controls,D2_013,M-1458,scoring_negative_real,forger_recommended_routed_real_negative_label_masked_context,visual_ltr_catalog_reverse,2,617,+407-004-001-617-142+,tmp/effective_unicity_directionality_blind_packet_v2b/source_crops/M_1458_cisi_pakistan_n234_label_masked_context_source.png,data/brahmi/source_token_crops_v2/M_1458_D2_013_2_2c225513dd5ad757.png,144,666,384,3431,0.111921,0.039012,c94855bf99f8a85273bb79bf6dbc99b704a7eb996e41395969499e19121f66b8,projection_exact_count_unverified_token_identity
tok_99bcd4974c868165,directionality_no_overlay_packet_v2b_unique_target_controls,D2_013,M-1458,scoring_negative_real,forger_recommended_routed_real_negative_label_masked_context,visual_ltr_catalog_order,3,001,+407-004-001-617-142+,tmp/effective_unicity_directionality_blind_packet_v2b/source_crops/M_1458_cisi_pakistan_n234_label_masked_context_source.png,data/brahmi/source_token_crops_v2/M_1458_D2_013_3_cd05cc8516b9afb0.png,666,1100,285,3447,0.082681,0.033624,743363a6a31ad8696af70fa2bd0df37babb9a7d0cdb895ae48b473d1606227c7,projection_exact_count_unverified_token_identity
tok_e00b4b14af44f790,directionality_no_overlay_packet_v2b_unique_target_controls,D2_013,M-1458,scoring_negative_real,forger_recommended_routed_real_negative_label_masked_context,visual_ltr_catalog_reverse,3,001,+407-004-001-617-142+,tmp/effective_unicity_directionality_blind_packet_v2b/source_crops/M_1458_cisi_pakistan_n234_label_masked_context_source.png,data/brahmi/source_token_crops_v2/M_1458_D2_013_3_cd05cc8516b9afb0.png,666,1100,285,3447,0.082681,0.033624,743363a6a31ad8696af70fa2bd0df37babb9a7d0cdb895ae48b473d1606227c7,projection_exact_count_unverified_token_identity
tok_f4e18219f5a9fb11,directionality_no_overlay_packet_v2b_unique_target_controls,D2_013,M-1458,scoring_negative_real,forger_recommended_routed_real_negative_label_masked_context,visual_ltr_catalog_order,4,617,+407-004-001-617-142+,tmp/effective_unicity_directionality_blind_packet_v2b/source_crops/M_1458_cisi_pakistan_n234_label_masked_context_source.png,data/brahmi/source_token_crops_v2/M_1458_D2_013_4_b6caef258b0c77fe.png,1100,1233,65,1695,0.038348,0.013747,4e55e21643db803243e149a642b1927225dc00fb0a6dd6d82cecef76ff970d5d,projection_exact_count_unverified_token_identity
tok_8e86d306bcc0875a,directionality_no_overlay_packet_v2b_unique_target_controls,D2_013,M-1458,scoring_negative_real,forger_recommended_routed_real_negative_label_masked_context,visual_ltr_catalog_reverse,4,004,+407-004-001-617-142+,tmp/effective_unicity_directionality_blind_packet_v2b/source_crops/M_1458_cisi_pakistan_n234_label_masked_context_source.png,data/brahmi/source_token_crops_v2/M_1458_D2_013_4_b6caef258b0c77fe.png,1100,1233,65,1695,0.038348,0.013747,4e55e21643db803243e149a642b1927225dc00fb0a6dd6d82cecef76ff970d5d,projection_exact_count_unverified_token_identity
tok_4499663370b2f862,directionality_no_overlay_packet_v2b_unique_target_controls,D2_013,M-1458,scoring_negative_real,forger_recommended_routed_real_negative_label_masked_context,visual_ltr_catalog_order,5,142,+407-004-001-617-142+,tmp/effective_unicity_directionality_blind_packet_v2b/source_crops/M_1458_cisi_pakistan_n234_label_masked_context_source.png,data/brahmi/source_token_crops_v2/M_1458_D2_013_5_cb1ee46bfe0ccc4d.png,1233,1436,177,1763,0.100397,0.063516,a9b36df79fb754f911b61623461ca6aebb8f1e69db13b05f1ff68c0c3f8f1044,projection_exact_count_unverified_token_identity
tok_b96e2efb0f26fe8f,directionality_no_overlay_packet_v2b_unique_target_controls,D2_013,M-1458,scoring_negative_real,forger_recommended_routed_real_negative_label_masked_context,visual_ltr_catalog_reverse,5,407,+407-004-001-617-142+,tmp/effective_unicity_directionality_blind_packet_v2b/source_crops/M_1458_cisi_pakistan_n234_label_masked_context_source.png,data/brahmi/source_token_crops_v2/M_1458_D2_013_5_cb1ee46bfe0ccc4d.png,1233,1436,177,1763,0.100397,0.063516,a9b36df79fb754f911b61623461ca6aebb8f1e69db13b05f1ff68c0c3f8f1044,projection_exact_count_unverified_token_identity
tok_84473bf482725726,directionality_no_overlay_packet_v2b_unique_target_controls,D2_015,M-527,scoring_negative_real,forger_recommended_routed_real_negative_label_masked_context,visual_ltr_catalog_order,1,001,+001-740-923-033-706+,tmp/effective_unicity_directionality_blind_packet_v2b/source_crops/M_527_cisi_india_n167_label_masked_context_source.png,data/brahmi/source_token_crops_v2/M_527_D2_015_1_7557fdf7ee0de36c.png,0,126,75,1546,0.048512,0.010414,e23cf2145ea4ca3dc8a5500217cab4962c7f77120c77534b5843369478601c65,projection_exact_count_unverified_token_identity
tok_a824d3b76e6a0fed,directionality_no_overlay_packet_v2b_unique_target_controls,D2_015,M-527,scoring_negative_real,forger_recommended_routed_real_negative_label_masked_context,visual_ltr_catalog_reverse,1,706,+001-740-923-033-706+,tmp/effective_unicity_directionality_blind_packet_v2b/source_crops/M_527_cisi_india_n167_label_masked_context_source.png,data/brahmi/source_token_crops_v2/M_527_D2_015_1_7557fdf7ee0de36c.png,0,126,75,1546,0.048512,0.010414,e23cf2145ea4ca3dc8a5500217cab4962c7f77120c77534b5843369478601c65,projection_exact_count_unverified_token_identity
tok_6b518a65d6edc715,directionality_no_overlay_packet_v2b_unique_target_controls,D2_015,M-527,scoring_negative_real,forger_recommended_routed_real_negative_label_masked_context,visual_ltr_catalog_order,2,740,+001-740-923-033-706+,tmp/effective_unicity_directionality_blind_packet_v2b/source_crops/M_527_cisi_india_n167_label_masked_context_source.png,data/brahmi/source_token_crops_v2/M_527_D2_015_2_0842117ac2e1948d.png,126,581,385,1789,0.215204,0.055091,46ed0e773ecae2876351d1caa27b6afd19b706d34e795b5e7ef3ca4a56e41598,projection_exact_count_unverified_token_identity
tok_1d7734710d7eae4f,directionality_no_overlay_packet_v2b_unique_target_controls,D2_015,M-527,scoring_negative_real,forger_recommended_routed_real_negative_label_masked_context,visual_ltr_catalog_reverse,2,033,+001-740-923-033-706+,tmp/effective_unicity_directionality_blind_packet_v2b/source_crops/M_527_cisi_india_n167_label_masked_context_source.png,data/brahmi/source_token_crops_v2/M_527_D2_015_2_0842117ac2e1948d.png,126,581,385,1789,0.215204,0.055091,46ed0e773ecae2876351d1caa27b6afd19b706d34e795b5e7ef3ca4a56e41598,projection_exact_count_unverified_token_identity
tok_2868f90bde3743d9,directionality_no_overlay_packet_v2b_unique_target_controls,D2_015,M-527,scoring_negative_real,forger_recommended_routed_real_negative_label_masked_context,visual_ltr_catalog_order,3,923,+001-740-923-033-706+,tmp/effective_unicity_directionality_blind_packet_v2b/source_crops/M_527_cisi_india_n167_label_masked_context_source.png,data/brahmi/source_token_crops_v2/M_527_D2_015_3_d402f74ff7f27385.png,581,694,41,654,0.062691,0.051110,f99d13382cad74e1c969fa3f28d2a79fcc2df0490419f4fdafb6c388ff7ace9c,projection_exact_count_unverified_token_identity
tok_7c05953cbb40a7af,directionality_no_overlay_packet_v2b_unique_target_controls,D2_015,M-527,scoring_negative_real,forger_recommended_routed_real_negative_label_masked_context,visual_ltr_catalog_reverse,3,923,+001-740-923-033-706+,tmp/effective_unicity_directionality_blind_packet_v2b/source_crops/M_527_cisi_india_n167_label_masked_context_source.png,data/brahmi/source_token_crops_v2/M_527_D2_015_3_d402f74ff7f27385.png,581,694,41,654,0.062691,0.051110,f99d13382cad74e1c969fa3f28d2a79fcc2df0490419f4fdafb6c388ff7ace9c,projection_exact_count_unverified_token_identity
tok_d73cb817b7185382,directionality_no_overlay_packet_v2b_unique_target_controls,D2_015,M-527,scoring_negative_real,forger_recommended_routed_real_negative_label_masked_context,visual_ltr_catalog_order,4,033,+001-740-923-033-706+,tmp/effective_unicity_directionality_blind_packet_v2b/source_crops/M_527_cisi_india_n167_label_masked_context_source.png,data/brahmi/source_token_crops_v2/M_527_D2_015_4_d7cab81a381973c7.png,694,1112,340,1765,0.192635,0.035637,c76fbc6068f28237fa42f5f9e79ab75d9ac1e0035922b5f624d5ca242d5c7d9e,projection_exact_count_unverified_token_identity
tok_32023d4da3c5bdc2,directionality_no_overlay_packet_v2b_unique_target_controls,D2_015,M-527,scoring_negative_real,forger_recommended_routed_real_negative_label_masked_context,visual_ltr_catalog_reverse,4,740,+001-740-923-033-706+,tmp/effective_unicity_directionality_blind_packet_v2b/source_crops/M_527_cisi_india_n167_label_masked_context_source.png,data/brahmi/source_token_crops_v2/M_527_D2_015_4_d7cab81a381973c7.png,694,1112,340,1765,0.192635,0.035637,c76fbc6068f28237fa42f5f9e79ab75d9ac1e0035922b5f624d5ca242d5c7d9e,projection_exact_count_unverified_token_identity
tok_231e8e378de89766,directionality_no_overlay_packet_v2b_unique_target_controls,D2_015,M-527,scoring_negative_real,forger_recommended_routed_real_negative_label_masked_context,visual_ltr_catalog_order,5,706,+001-740-923-033-706+,tmp/effective_unicity_directionality_blind_packet_v2b/source_crops/M_527_cisi_india_n167_label_masked_context_source.png,data/brahmi/source_token_crops_v2/M_527_D2_015_5_4ea455d260edf072.png,1112,1336,215,1830,0.117486,0.030787,d186b5ca7d3cb5c28d6f84ebf6931db41869c4977be4d2136ea0753a47ce8632,projection_exact_count_unverified_token_identity
tok_0aa6c8e6f965dbb7,directionality_no_overlay_packet_v2b_unique_target_controls,D2_015,M-527,scoring_negative_real,forger_recommended_routed_real_negative_label_masked_context,visual_ltr_catalog_reverse,5,001,+001-740-923-033-706+,tmp/effective_unicity_directionality_blind_packet_v2b/source_crops/M_527_cisi_india_n167_label_masked_context_source.png,data/brahmi/source_token_crops_v2/M_527_D2_015_5_4ea455d260edf072.png,1112,1336,215,1830,0.117486,0.030787,d186b5ca7d3cb5c28d6f84ebf6931db41869c4977be4d2136ea0753a47ce8632,projection_exact_count_unverified_token_identity
tok_ac6813e52026b27b,directionality_no_overlay_packet_v2b_unique_target_controls,D2_016,M-1315,scoring_negative_real,forger_recommended_routed_real_negative_label_masked_context,visual_ltr_catalog_order,1,617,+617-142-240+,tmp/effective_unicity_directionality_blind_packet_v2b/source_crops/M_1315_cisi_pakistan_n202_label_masked_context_source.png,data/brahmi/source_token_crops_v2/M_1315_D2_016_1_66af4b43e35fe6a5.png,0,98,63,4566,0.013798,0.003634,c4093f9a017e1ab390e18b4c014e9aeff89e63ec0f5fb8b0980ef3ad8fae203a,projection_exact_count_unverified_token_identity
tok_9fe57a915d0861a7,directionality_no_overlay_packet_v2b_unique_target_controls,D2_016,M-1315,scoring_negative_real,forger_recommended_routed_real_negative_label_masked_context,visual_ltr_catalog_reverse,1,240,+617-142-240+,tmp/effective_unicity_directionality_blind_packet_v2b/source_crops/M_1315_cisi_pakistan_n202_label_masked_context_source.png,data/brahmi/source_token_crops_v2/M_1315_D2_016_1_66af4b43e35fe6a5.png,0,98,63,4566,0.013798,0.003634,c4093f9a017e1ab390e18b4c014e9aeff89e63ec0f5fb8b0980ef3ad8fae203a,projection_exact_count_unverified_token_identity
tok_a7fec5bddeba0c91,directionality_no_overlay_packet_v2b_unique_target_controls,D2_016,M-1315,scoring_negative_real,forger_recommended_routed_real_negative_label_masked_context,visual_ltr_catalog_order,2,142,+617-142-240+,tmp/effective_unicity_directionality_blind_packet_v2b/source_crops/M_1315_cisi_pakistan_n202_label_masked_context_source.png,data/brahmi/source_token_crops_v2/M_1315_D2_016_2_9a4e064c5b71ff12.png,98,1081,903,4222,0.213880,0.036024,33453f683917d26ae2e992bb8fc71127c213e0d542bd120b0a53cc11436c45fa,projection_exact_count_unverified_token_identity
tok_aa61437ba09a3f94,directionality_no_overlay_packet_v2b_unique_target_controls,D2_016,M-1315,scoring_negative_real,forger_recommended_routed_real_negative_label_masked_context,visual_ltr_catalog_reverse,2,142,+617-142-240+,tmp/effective_unicity_directionality_blind_packet_v2b/source_crops/M_1315_cisi_pakistan_n202_label_masked_context_source.png,data/brahmi/source_token_crops_v2/M_1315_D2_016_2_9a4e064c5b71ff12.png,98,1081,903,4222,0.213880,0.036024,33453f683917d26ae2e992bb8fc71127c213e0d542bd120b0a53cc11436c45fa,projection_exact_count_unverified_token_identity
tok_e4d08ad864507e02,directionality_no_overlay_packet_v2b_unique_target_controls,D2_016,M-1315,scoring_negative_real,forger_recommended_routed_real_negative_label_masked_context,visual_ltr_catalog_order,3,240,+617-142-240+,tmp/effective_unicity_directionality_blind_packet_v2b/source_crops/M_1315_cisi_pakistan_n202_label_masked_context_source.png,data/brahmi/source_token_crops_v2/M_1315_D2_016_3_1bd378bef866ddfe.png,1081,1284,164,2844,0.057665,0.014226,22bc43f86d063d5c0bb779eb2cfe53721da568a9d50b3d74731325051b0bf983,projection_exact_count_unverified_token_identity
tok_7d1217043115c01b,directionality_no_overlay_packet_v2b_unique_target_controls,D2_016,M-1315,scoring_negative_real,forger_recommended_routed_real_negative_label_masked_context,visual_ltr_catalog_reverse,3,617,+617-142-240+,tmp/effective_unicity_directionality_blind_packet_v2b/source_crops/M_1315_cisi_pakistan_n202_label_masked_context_source.png,data/brahmi/source_token_crops_v2/M_1315_D2_016_3_1bd378bef866ddfe.png,1081,1284,164,2844,0.057665,0.014226,22bc43f86d063d5c0bb779eb2cfe53721da568a9d50b3d74731325051b0bf983,projection_exact_count_unverified_token_identity
tok_d41f8eae1d570659,directionality_no_overlay_packet_v2b_unique_target_controls,D2_017,M-381,external_stress_control,existing_segmentation_instability_stress_control,visual_ltr_catalog_order,1,740,+740-055-220-032-798-002-820+,tmp/effective_unicity_directionality_blind_packet_v2b/source_crops/M_381_panel_existing_stress_negative_source.png,data/brahmi/source_token_crops_v2/M_381_D2_017_1_db03f5a0957d1cb8.png,113,244,132,631,0.209192,0.090571,b9be7e4e87d1e8a19b87a3817105dc240cae58dd0c3007f9157a41cc7907a902,projection_exact_count_unverified_token_identity
tok_a74409830406d452,directionality_no_overlay_packet_v2b_unique_target_controls,D2_017,M-381,external_stress_control,existing_segmentation_instability_stress_control,visual_ltr_catalog_reverse,1,820,+740-055-220-032-798-002-820+,tmp/effective_unicity_directionality_blind_packet_v2b/source_crops/M_381_panel_existing_stress_negative_source.png,data/brahmi/source_token_crops_v2/M_381_D2_017_1_db03f5a0957d1cb8.png,113,244,132,631,0.209192,0.090571,b9be7e4e87d1e8a19b87a3817105dc240cae58dd0c3007f9157a41cc7907a902,projection_exact_count_unverified_token_identity
tok_711ea1ef26d4690c,directionality_no_overlay_packet_v2b_unique_target_controls,D2_017,M-381,external_stress_control,existing_segmentation_instability_stress_control,visual_ltr_catalog_order,2,055,+740-055-220-032-798-002-820+,tmp/effective_unicity_directionality_blind_packet_v2b/source_crops/M_381_panel_existing_stress_negative_source.png,data/brahmi/source_token_crops_v2/M_381_D2_017_2_fac331e525b597de.png,244,483,245,634,0.386435,0.099140,f037d7e204aecd1bdea11888cead1022b041fce9d26d380f1f1c6d12ea612bdb,projection_exact_count_unverified_token_identity
tok_8193995ed44a5c6f,directionality_no_overlay_packet_v2b_unique_target_controls,D2_017,M-381,external_stress_control,existing_segmentation_instability_stress_control,visual_ltr_catalog_reverse,2,002,+740-055-220-032-798-002-820+,tmp/effective_unicity_directionality_blind_packet_v2b/source_crops/M_381_panel_existing_stress_negative_source.png,data/brahmi/source_token_crops_v2/M_381_D2_017_2_fac331e525b597de.png,244,483,245,634,0.386435,0.099140,f037d7e204aecd1bdea11888cead1022b041fce9d26d380f1f1c6d12ea612bdb,projection_exact_count_unverified_token_identity
tok_25c21fe693f14651,directionality_no_overlay_packet_v2b_unique_target_controls,D2_017,M-381,external_stress_control,existing_segmentation_instability_stress_control,visual_ltr_catalog_order,3,220,+740-055-220-032-798-002-820+,tmp/effective_unicity_directionality_blind_packet_v2b/source_crops/M_381_panel_existing_stress_negative_source.png,data/brahmi/source_token_crops_v2/M_381_D2_017_3_3821f4a1dac4b17d.png,483,562,85,631,0.134707,0.022630,e7f99bab6e271add035e3fd1d27fcadcbf2ea966c56c7cc101cb7127dae09e20,projection_exact_count_unverified_token_identity
tok_8bf765e1fa2fc212,directionality_no_overlay_packet_v2b_unique_target_controls,D2_017,M-381,external_stress_control,existing_segmentation_instability_stress_control,visual_ltr_catalog_reverse,3,798,+740-055-220-032-798-002-820+,tmp/effective_unicity_directionality_blind_packet_v2b/source_crops/M_381_panel_existing_stress_negative_source.png,data/brahmi/source_token_crops_v2/M_381_D2_017_3_3821f4a1dac4b17d.png,483,562,85,631,0.134707,0.022630,e7f99bab6e271add035e3fd1d27fcadcbf2ea966c56c7cc101cb7127dae09e20,projection_exact_count_unverified_token_identity
tok_3eadbed8fb680118,directionality_no_overlay_packet_v2b_unique_target_controls,D2_017,M-381,external_stress_control,existing_segmentation_instability_stress_control,visual_ltr_catalog_order,4,032,+740-055-220-032-798-002-820+,tmp/effective_unicity_directionality_blind_packet_v2b/source_crops/M_381_panel_existing_stress_negative_source.png,data/brahmi/source_token_crops_v2/M_381_D2_017_4_45c16d858e986f4d.png,562,616,60,631,0.095087,0.017180,cdb74da5d8d732c272414d070a11bf3873558051b8b8a7c9d792790be53cee19,projection_exact_count_unverified_token_identity
tok_5c6b81753773163a,directionality_no_overlay_packet_v2b_unique_target_controls,D2_017,M-381,external_stress_control,existing_segmentation_instability_stress_control,visual_ltr_catalog_reverse,4,032,+740-055-220-032-798-002-820+,tmp/effective_unicity_directionality_blind_packet_v2b/source_crops/M_381_panel_existing_stress_negative_source.png,data/brahmi/source_token_crops_v2/M_381_D2_017_4_45c16d858e986f4d.png,562,616,60,631,0.095087,0.017180,cdb74da5d8d732c272414d070a11bf3873558051b8b8a7c9d792790be53cee19,projection_exact_count_unverified_token_identity
tok_cb10e52d03fe3fdd,directionality_no_overlay_packet_v2b_unique_target_controls,D2_017,M-381,external_stress_control,existing_segmentation_instability_stress_control,visual_ltr_catalog_order,5,798,+740-055-220-032-798-002-820+,tmp/effective_unicity_directionality_blind_packet_v2b/source_crops/M_381_panel_existing_stress_negative_source.png,data/brahmi/source_token_crops_v2/M_381_D2_017_5_3923e53abdc9bd05.png,616,672,62,631,0.098257,0.022145,3e3115c84a4a8b7bc2ea141b28cbff4d40f79bc52081e167bb72f2ef47c8b532,projection_exact_count_unverified_token_identity
tok_dd337d53c089715d,directionality_no_overlay_packet_v2b_unique_target_controls,D2_017,M-381,external_stress_control,existing_segmentation_instability_stress_control,visual_ltr_catalog_reverse,5,220,+740-055-220-032-798-002-820+,tmp/effective_unicity_directionality_blind_packet_v2b/source_crops/M_381_panel_existing_stress_negative_source.png,data/brahmi/source_token_crops_v2/M_381_D2_017_5_3923e53abdc9bd05.png,616,672,62,631,0.098257,0.022145,3e3115c84a4a8b7bc2ea141b28cbff4d40f79bc52081e167bb72f2ef47c8b532,projection_exact_count_unverified_token_identity
tok_513a37c377859bcf,directionality_no_overlay_packet_v2b_unique_target_controls,D2_017,M-381,external_stress_control,existing_segmentation_instability_stress_control,visual_ltr_catalog_order,6,002,+740-055-220-032-798-002-820+,tmp/effective_unicity_directionality_blind_packet_v2b/source_crops/M_381_panel_existing_stress_negative_source.png,data/brahmi/source_token_crops_v2/M_381_D2_017_6_ee5ca432327f8c06.png,672,746,80,631,0.126783,0.025933,b95bcc3d75297cd5f7d89c86a2b8a1afae9616c2c0d467d7c28608c95fae6ee5,projection_exact_count_unverified_token_identity
tok_c5804b4c02b11e25,directionality_no_overlay_packet_v2b_unique_target_controls,D2_017,M-381,external_stress_control,existing_segmentation_instability_stress_control,visual_ltr_catalog_reverse,6,055,+740-055-220-032-798-002-820+,tmp/effective_unicity_directionality_blind_packet_v2b/source_crops/M_381_panel_existing_stress_negative_source.png,data/brahmi/source_token_crops_v2/M_381_D2_017_6_ee5ca432327f8c06.png,672,746,80,631,0.126783,0.025933,b95bcc3d75297cd5f7d89c86a2b8a1afae9616c2c0d467d7c28608c95fae6ee5,projection_exact_count_unverified_token_identity
tok_bd8fa86ef7052b2c,directionality_no_overlay_packet_v2b_unique_target_controls,D2_017,M-381,external_stress_control,existing_segmentation_instability_stress_control,visual_ltr_catalog_order,7,820,+740-055-220-032-798-002-820+,tmp/effective_unicity_directionality_blind_packet_v2b/source_crops/M_381_panel_existing_stress_negative_source.png,data/brahmi/source_token_crops_v2/M_381_D2_017_7_fd35f0881a222718.png,746,1576,831,637,1.304553,0.227492,c7f211e15bc03248d52e976c22c3787af1c7927185f3b6be5c144ce7f66ffd93,projection_exact_count_unverified_token_identity
tok_46f0513165d05efa,directionality_no_overlay_packet_v2b_unique_target_controls,D2_017,M-381,external_stress_control,existing_segmentation_instability_stress_control,visual_ltr_catalog_reverse,7,740,+740-055-220-032-798-002-820+,tmp/effective_unicity_directionality_blind_packet_v2b/source_crops/M_381_panel_existing_stress_negative_source.png,data/brahmi/source_token_crops_v2/M_381_D2_017_7_fd35f0881a222718.png,746,1576,831,637,1.304553,0.227492,c7f211e15bc03248d52e976c22c3787af1c7927185f3b6be5c144ce7f66ffd93,projection_exact_count_unverified_token_identity
tok_58bec32302af8bd0,directionality_no_overlay_packet_v2b_unique_target_controls,D2_019,H-654,primary_target_recut,tier1_directionality_candidate_recut_after_v1_overcount,visual_ltr_catalog_order,1,405,+405-061-740-806+,tmp/effective_unicity_directionality_blind_packet_v2b/source_crops/H_654_A_recut_signband_source.png,data/brahmi/source_token_crops_v2/H_654_D2_019_1_b4992867a1d6b4a2.png,0,466,469,370,1.267568,0.272810,3d7040b93f429ffc47810dd2aceac4a86c5a5557458dc52f12fd59dc4cde9409,projection_exact_count_unverified_token_identity
tok_07cb47b70328c9e3,directionality_no_overlay_packet_v2b_unique_target_controls,D2_019,H-654,primary_target_recut,tier1_directionality_candidate_recut_after_v1_overcount,visual_ltr_catalog_reverse,1,806,+405-061-740-806+,tmp/effective_unicity_directionality_blind_packet_v2b/source_crops/H_654_A_recut_signband_source.png,data/brahmi/source_token_crops_v2/H_654_D2_019_1_b4992867a1d6b4a2.png,0,466,469,370,1.267568,0.272810,3d7040b93f429ffc47810dd2aceac4a86c5a5557458dc52f12fd59dc4cde9409,projection_exact_count_unverified_token_identity
tok_e1699b5bca0c61be,directionality_no_overlay_packet_v2b_unique_target_controls,D2_019,H-654,primary_target_recut,tier1_directionality_candidate_recut_after_v1_overcount,visual_ltr_catalog_order,2,061,+405-061-740-806+,tmp/effective_unicity_directionality_blind_packet_v2b/source_crops/H_654_A_recut_signband_source.png,data/brahmi/source_token_crops_v2/H_654_D2_019_2_e186f0929bcf6b15.png,466,557,97,370,0.262162,0.062541,b0693ba591c012544424b15453a995a5a2a5907668f5fd2df021d26a97adbe2b,projection_exact_count_unverified_token_identity
tok_fb5945d5f76ea338,directionality_no_overlay_packet_v2b_unique_target_controls,D2_019,H-654,primary_target_recut,tier1_directionality_candidate_recut_after_v1_overcount,visual_ltr_catalog_reverse,2,740,+405-061-740-806+,tmp/effective_unicity_directionality_blind_packet_v2b/source_crops/H_654_A_recut_signband_source.png,data/brahmi/source_token_crops_v2/H_654_D2_019_2_e186f0929bcf6b15.png,466,557,97,370,0.262162,0.062541,b0693ba591c012544424b15453a995a5a2a5907668f5fd2df021d26a97adbe2b,projection_exact_count_unverified_token_identity
tok_83d14cf20f6804b2,directionality_no_overlay_packet_v2b_unique_target_controls,D2_019,H-654,primary_target_recut,tier1_directionality_candidate_recut_after_v1_overcount,visual_ltr_catalog_order,3,740,+405-061-740-806+,tmp/effective_unicity_directionality_blind_packet_v2b/source_crops/H_654_A_recut_signband_source.png,data/brahmi/source_token_crops_v2/H_654_D2_019_3_954cc519cb2ba729.png,557,723,172,368,0.467391,0.085297,73ec8235d52d6792db83e8e7ae577f152c8b1527e9e20948e01056887775b2d7,projection_exact_count_unverified_token_identity
tok_e5055774c0dcfc45,directionality_no_overlay_packet_v2b_unique_target_controls,D2_019,H-654,primary_target_recut,tier1_directionality_candidate_recut_after_v1_overcount,visual_ltr_catalog_reverse,3,061,+405-061-740-806+,tmp/effective_unicity_directionality_blind_packet_v2b/source_crops/H_654_A_recut_signband_source.png,data/brahmi/source_token_crops_v2/H_654_D2_019_3_954cc519cb2ba729.png,557,723,172,368,0.467391,0.085297,73ec8235d52d6792db83e8e7ae577f152c8b1527e9e20948e01056887775b2d7,projection_exact_count_unverified_token_identity
tok_93939ed8c85ec9ae,directionality_no_overlay_packet_v2b_unique_target_controls,D2_019,H-654,primary_target_recut,tier1_directionality_candidate_recut_after_v1_overcount,visual_ltr_catalog_order,4,806,+405-061-740-806+,tmp/effective_unicity_directionality_blind_packet_v2b/source_crops/H_654_A_recut_signband_source.png,data/brahmi/source_token_crops_v2/H_654_D2_019_4_c590153e0a1e22f4.png,723,820,100,212,0.471698,0.112230,f5c3b634a5943d069142e023ad496a0801240ecdfc0dedb27a039cd678e3b4dd,projection_exact_count_unverified_token_identity
tok_c07c545b8177f43c,directionality_no_overlay_packet_v2b_unique_target_controls,D2_019,H-654,primary_target_recut,tier1_directionality_candidate_recut_after_v1_overcount,visual_ltr_catalog_reverse,4,405,+405-061-740-806+,tmp/effective_unicity_directionality_blind_packet_v2b/source_crops/H_654_A_recut_signband_source.png,data/brahmi/source_token_crops_v2/H_654_D2_019_4_c590153e0a1e22f4.png,723,820,100,212,0.471698,0.112230,f5c3b634a5943d069142e023ad496a0801240ecdfc0dedb27a039cd678e3b4dd,projection_exact_count_unverified_token_identity
tok_63a07d1536d4f77d,directionality_no_overlay_packet_v2b_unique_target_controls,D2_020,M-1273,external_stress_control,m70_hard_negative_002_y_prev_not_032_suffix_control,visual_ltr_catalog_order,1,740,+740-055-002-861-603+,tmp/effective_unicity_directionality_blind_packet_v2b/source_crops/M_1273_impression_a_existing_hard_negative_source.png,data/brahmi/source_token_crops_v2/M_1273_D2_020_1_07398db9e2785a79.png,0,294,297,430,0.690698,0.366328,ffbea4add9c5059ddf45eb1d745aa5c1544745ef2ba7c40d6eb4ec6e09ea7091,projection_exact_count_unverified_token_identity
tok_7eac621925bdb075,directionality_no_overlay_packet_v2b_unique_target_controls,D2_020,M-1273,external_stress_control,m70_hard_negative_002_y_prev_not_032_suffix_control,visual_ltr_catalog_reverse,1,603,+740-055-002-861-603+,tmp/effective_unicity_directionality_blind_packet_v2b/source_crops/M_1273_impression_a_existing_hard_negative_source.png,data/brahmi/source_token_crops_v2/M_1273_D2_020_1_07398db9e2785a79.png,0,294,297,430,0.690698,0.366328,ffbea4add9c5059ddf45eb1d745aa5c1544745ef2ba7c40d6eb4ec6e09ea7091,projection_exact_count_unverified_token_identity
tok_1e0cdc14be4bf226,directionality_no_overlay_packet_v2b_unique_target_controls,D2_020,M-1273,external_stress_control,m70_hard_negative_002_y_prev_not_032_suffix_control,visual_ltr_catalog_order,2,055,+740-055-002-861-603+,tmp/effective_unicity_directionality_blind_packet_v2b/source_crops/M_1273_impression_a_existing_hard_negative_source.png,data/brahmi/source_token_crops_v2/M_1273_D2_020_2_e313f679db310d6a.png,294,443,155,427,0.362998,0.068635,ef033b0a2b09bc995945b20f4b9002fdeb0ce3e27368a8ad00eaa3e5eaf80cdc,projection_exact_count_unverified_token_identity
tok_a1133808ff7fc3f8,directionality_no_overlay_packet_v2b_unique_target_controls,D2_020,M-1273,external_stress_control,m70_hard_negative_002_y_prev_not_032_suffix_control,visual_ltr_catalog_reverse,2,861,+740-055-002-861-603+,tmp/effective_unicity_directionality_blind_packet_v2b/source_crops/M_1273_impression_a_existing_hard_negative_source.png,data/brahmi/source_token_crops_v2/M_1273_D2_020_2_e313f679db310d6a.png,294,443,155,427,0.362998,0.068635,ef033b0a2b09bc995945b20f4b9002fdeb0ce3e27368a8ad00eaa3e5eaf80cdc,projection_exact_count_unverified_token_identity
tok_2c94b9691f24910c,directionality_no_overlay_packet_v2b_unique_target_controls,D2_020,M-1273,external_stress_control,m70_hard_negative_002_y_prev_not_032_suffix_control,visual_ltr_catalog_order,3,002,+740-055-002-861-603+,tmp/effective_unicity_directionality_blind_packet_v2b/source_crops/M_1273_impression_a_existing_hard_negative_source.png,data/brahmi/source_token_crops_v2/M_1273_D2_020_3_5df351af08fd6309.png,443,1021,584,430,1.358140,0.136316,3afeaa3d2cdf069e4c2110ee5d003f71bfe29145d628724804dd1c8fe23cdc15,projection_exact_count_unverified_token_identity
tok_90095451f3f743cf,directionality_no_overlay_packet_v2b_unique_target_controls,D2_020,M-1273,external_stress_control,m70_hard_negative_002_y_prev_not_032_suffix_control,visual_ltr_catalog_reverse,3,002,+740-055-002-861-603+,tmp/effective_unicity_directionality_blind_packet_v2b/source_crops/M_1273_impression_a_existing_hard_negative_source.png,data/brahmi/source_token_crops_v2/M_1273_D2_020_3_5df351af08fd6309.png,443,1021,584,430,1.358140,0.136316,3afeaa3d2cdf069e4c2110ee5d003f71bfe29145d628724804dd1c8fe23cdc15,projection_exact_count_unverified_token_identity
tok_7f98a8ab026a38c3,directionality_no_overlay_packet_v2b_unique_target_controls,D2_020,M-1273,external_stress_control,m70_hard_negative_002_y_prev_not_032_suffix_control,visual_ltr_catalog_order,4,861,+740-055-002-861-603+,tmp/effective_unicity_directionality_blind_packet_v2b/source_crops/M_1273_impression_a_existing_hard_negative_source.png,data/brahmi/source_token_crops_v2/M_1273_D2_020_4_489f2f8c7cf07fb4.png,1021,1112,97,391,0.248082,0.060277,218508f3a5e89e222fadad90478a86df374ccd1cde15293bb1c22aebb157de52,projection_exact_count_unverified_token_identity
tok_b09e30e0df287f67,directionality_no_overlay_packet_v2b_unique_target_controls,D2_020,M-1273,external_stress_control,m70_hard_negative_002_y_prev_not_032_suffix_control,visual_ltr_catalog_reverse,4,055,+740-055-002-861-603+,tmp/effective_unicity_directionality_blind_packet_v2b/source_crops/M_1273_impression_a_existing_hard_negative_source.png,data/brahmi/source_token_crops_v2/M_1273_D2_020_4_489f2f8c7cf07fb4.png,1021,1112,97,391,0.248082,0.060277,218508f3a5e89e222fadad90478a86df374ccd1cde15293bb1c22aebb157de52,projection_exact_count_unverified_token_identity
tok_1ff2fa6a3d31a0a2,directionality_no_overlay_packet_v2b_unique_target_controls,D2_020,M-1273,external_stress_control,m70_hard_negative_002_y_prev_not_032_suffix_control,visual_ltr_catalog_order,5,603,+740-055-002-861-603+,tmp/effective_unicity_directionality_blind_packet_v2b/source_crops/M_1273_impression_a_existing_hard_negative_source.png,data/brahmi/source_token_crops_v2/M_1273_D2_020_5_e78a2c893faef177.png,1112,1275,166,430,0.386047,0.194634,1a819603af4bba4b18050d4ad1a39b963a64d1acff19dfa99d2a01f35e81812d,projection_exact_count_unverified_token_identity
tok_dc2b4766f2c8852c,directionality_no_overlay_packet_v2b_unique_target_controls,D2_020,M-1273,external_stress_control,m70_hard_negative_002_y_prev_not_032_suffix_control,visual_ltr_catalog_reverse,5,740,+740-055-002-861-603+,tmp/effective_unicity_directionality_blind_packet_v2b/source_crops/M_1273_impression_a_existing_hard_negative_source.png,data/brahmi/source_token_crops_v2/M_1273_D2_020_5_e78a2c893faef177.png,1112,1275,166,430,0.386047,0.194634,1a819603af4bba4b18050d4ad1a39b963a64d1acff19dfa99d2a01f35e81812d,projection_exact_count_unverified_token_identity
tok_b5ca88e29b612668,directionality_no_overlay_packet_v2b_unique_target_controls,D2_022,M-386,scoring_negative_real,forger_recommended_routed_real_negative_label_masked_context,visual_ltr_catalog_order,1,405,+405-004-001-139+,tmp/effective_unicity_directionality_blind_packet_v2b/source_crops/M_386_cisi_india_n130_label_masked_context_source.png,data/brahmi/source_token_crops_v2/M_386_D2_022_1_3bef4d984137c434.png,0,225,228,2081,0.109563,0.023652,037e9ab3a096028afb5a6631fd8bc1aa8e8ec9a39678b4853bf80a53ccde7cd4,projection_exact_count_unverified_token_identity
tok_d5d0fb5407a222a7,directionality_no_overlay_packet_v2b_unique_target_controls,D2_022,M-386,scoring_negative_real,forger_recommended_routed_real_negative_label_masked_context,visual_ltr_catalog_reverse,1,139,+405-004-001-139+,tmp/effective_unicity_directionality_blind_packet_v2b/source_crops/M_386_cisi_india_n130_label_masked_context_source.png,data/brahmi/source_token_crops_v2/M_386_D2_022_1_3bef4d984137c434.png,0,225,228,2081,0.109563,0.023652,037e9ab3a096028afb5a6631fd8bc1aa8e8ec9a39678b4853bf80a53ccde7cd4,projection_exact_count_unverified_token_identity
tok_b8c662258757f13a,directionality_no_overlay_packet_v2b_unique_target_controls,D2_022,M-386,scoring_negative_real,forger_recommended_routed_real_negative_label_masked_context,visual_ltr_catalog_order,2,004,+405-004-001-139+,tmp/effective_unicity_directionality_blind_packet_v2b/source_crops/M_386_cisi_india_n130_label_masked_context_source.png,data/brahmi/source_token_crops_v2/M_386_D2_022_2_a7ad21213c8a3b10.png,225,601,382,2081,0.183566,0.028855,beab22fccc98a1fb269c617a381b6dad1ca319d56942497e2205ad20188783dc,projection_exact_count_unverified_token_identity
tok_d2c2ae4ef1c257ff,directionality_no_overlay_packet_v2b_unique_target_controls,D2_022,M-386,scoring_negative_real,forger_recommended_routed_real_negative_label_masked_context,visual_ltr_catalog_reverse,2,001,+405-004-001-139+,tmp/effective_unicity_directionality_blind_packet_v2b/source_crops/M_386_cisi_india_n130_label_masked_context_source.png,data/brahmi/source_token_crops_v2/M_386_D2_022_2_a7ad21213c8a3b10.png,225,601,382,2081,0.183566,0.028855,beab22fccc98a1fb269c617a381b6dad1ca319d56942497e2205ad20188783dc,projection_exact_count_unverified_token_identity
tok_3c1cc1399ce66b5f,directionality_no_overlay_packet_v2b_unique_target_controls,D2_022,M-386,scoring_negative_real,forger_recommended_routed_real_negative_label_masked_context,visual_ltr_catalog_order,3,001,+405-004-001-139+,tmp/effective_unicity_directionality_blind_packet_v2b/source_crops/M_386_cisi_india_n130_label_masked_context_source.png,data/brahmi/source_token_crops_v2/M_386_D2_022_3_9a00f5f7f988da51.png,601,1016,345,2081,0.165786,0.023799,0f908ed9b29e922675b9483fd26715c472eb278fb0bb769991411f126b187369,projection_exact_count_unverified_token_identity
tok_a6301f20261b324d,directionality_no_overlay_packet_v2b_unique_target_controls,D2_022,M-386,scoring_negative_real,forger_recommended_routed_real_negative_label_masked_context,visual_ltr_catalog_reverse,3,004,+405-004-001-139+,tmp/effective_unicity_directionality_blind_packet_v2b/source_crops/M_386_cisi_india_n130_label_masked_context_source.png,data/brahmi/source_token_crops_v2/M_386_D2_022_3_9a00f5f7f988da51.png,601,1016,345,2081,0.165786,0.023799,0f908ed9b29e922675b9483fd26715c472eb278fb0bb769991411f126b187369,projection_exact_count_unverified_token_identity
tok_6b0e37fb2b0021f4,directionality_no_overlay_packet_v2b_unique_target_controls,D2_022,M-386,scoring_negative_real,forger_recommended_routed_real_negative_label_masked_context,visual_ltr_catalog_order,4,139,+405-004-001-139+,tmp/effective_unicity_directionality_blind_packet_v2b/source_crops/M_386_cisi_india_n130_label_masked_context_source.png,data/brahmi/source_token_crops_v2/M_386_D2_022_4_509a59de85331434.png,1016,1381,322,534,0.602996,0.128624,8f688b63f6388f190dc7b322581ef1c4c40642264be20216fa07b2e17f0c325d,projection_exact_count_unverified_token_identity
tok_780698a4cc6d2639,directionality_no_overlay_packet_v2b_unique_target_controls,D2_022,M-386,scoring_negative_real,forger_recommended_routed_real_negative_label_masked_context,visual_ltr_catalog_reverse,4,405,+405-004-001-139+,tmp/effective_unicity_directionality_blind_packet_v2b/source_crops/M_386_cisi_india_n130_label_masked_context_source.png,data/brahmi/source_token_crops_v2/M_386_D2_022_4_509a59de85331434.png,1016,1381,322,534,0.602996,0.128624,8f688b63f6388f190dc7b322581ef1c4c40642264be20216fa07b2e17f0c325d,projection_exact_count_unverified_token_identity
tok_26ffc52e7bbceaeb,directionality_no_overlay_packet_v2b_unique_target_controls,D2_023,M-811,primary_target_recut,tier1_route_candidate_v1_target_overcount_failure,visual_ltr_catalog_order,1,226,+226-032-803+,tmp/effective_unicity_directionality_blind_packet_v2b/source_crops/M_811_A_diagnostic_v1_failed_source.png,data/brahmi/source_token_crops_v2/M_811_D2_023_1_ca8cd5bf1c12d23a.png,0,343,346,400,0.865000,0.254235,df5725eec886928a40c57ae88d535d53d2466edee64cbc9afb00e38608ff28a4,projection_exact_count_unverified_token_identity
tok_63727c631ec40b93,directionality_no_overlay_packet_v2b_unique_target_controls,D2_023,M-811,primary_target_recut,tier1_route_candidate_v1_target_overcount_failure,visual_ltr_catalog_reverse,1,803,+226-032-803+,tmp/effective_unicity_directionality_blind_packet_v2b/source_crops/M_811_A_diagnostic_v1_failed_source.png,data/brahmi/source_token_crops_v2/M_811_D2_023_1_ca8cd5bf1c12d23a.png,0,343,346,400,0.865000,0.254235,df5725eec886928a40c57ae88d535d53d2466edee64cbc9afb00e38608ff28a4,projection_exact_count_unverified_token_identity
tok_ffc8ba250fb4f22e,directionality_no_overlay_packet_v2b_unique_target_controls,D2_023,M-811,primary_target_recut,tier1_route_candidate_v1_target_overcount_failure,visual_ltr_catalog_order,2,032,+226-032-803+,tmp/effective_unicity_directionality_blind_packet_v2b/source_crops/M_811_A_diagnostic_v1_failed_source.png,data/brahmi/source_token_crops_v2/M_811_D2_023_2_b7632a6f861185e7.png,343,455,118,351,0.336182,0.061743,3eff2a352a4623f9e17393b04917d68bec6d44951727da1ed4953bef4bf7e7eb,projection_exact_count_unverified_token_identity
tok_014f9ccc7f8fa3dc,directionality_no_overlay_packet_v2b_unique_target_controls,D2_023,M-811,primary_target_recut,tier1_route_candidate_v1_target_overcount_failure,visual_ltr_catalog_reverse,2,032,+226-032-803+,tmp/effective_unicity_directionality_blind_packet_v2b/source_crops/M_811_A_diagnostic_v1_failed_source.png,data/brahmi/source_token_crops_v2/M_811_D2_023_2_b7632a6f861185e7.png,343,455,118,351,0.336182,0.061743,3eff2a352a4623f9e17393b04917d68bec6d44951727da1ed4953bef4bf7e7eb,projection_exact_count_unverified_token_identity
tok_63932d489088e41f,directionality_no_overlay_packet_v2b_unique_target_controls,D2_023,M-811,primary_target_recut,tier1_route_candidate_v1_target_overcount_failure,visual_ltr_catalog_order,3,803,+226-032-803+,tmp/effective_unicity_directionality_blind_packet_v2b/source_crops/M_811_A_diagnostic_v1_failed_source.png,data/brahmi/source_token_crops_v2/M_811_D2_023_3_6b917187da036f7d.png,455,825,373,400,0.932500,0.183270,f12b3df8698ced3a2ba094432b3fd5bd58bf0ac00ddb7c74b92abe818c3530cc,projection_exact_count_unverified_token_identity
tok_1da2955f70ff1acf,directionality_no_overlay_packet_v2b_unique_target_controls,D2_023,M-811,primary_target_recut,tier1_route_candidate_v1_target_overcount_failure,visual_ltr_catalog_reverse,3,226,+226-032-803+,tmp/effective_unicity_directionality_blind_packet_v2b/source_crops/M_811_A_diagnostic_v1_failed_source.png,data/brahmi/source_token_crops_v2/M_811_D2_023_3_6b917187da036f7d.png,455,825,373,400,0.932500,0.183270,f12b3df8698ced3a2ba094432b3fd5bd58bf0ac00ddb7c74b92abe818c3530cc,projection_exact_count_unverified_token_identity
tok_943b7e8ab63f0b70,directionality_no_overlay_packet_v2c_ocr_coord_fix_controls,D2_003,M-1273,external_stress_control,m70_hard_negative_002_y_prev_not_032_suffix_control,visual_ltr_catalog_order,1,740,+740-055-002-861-603+,tmp/effective_unicity_directionality_blind_packet_v2c/source_crops/M_1273_impression_a_existing_hard_negative_source.png,data/brahmi/source_token_crops_v2/M_1273_D2_003_1_36d52c846486dc64.png,0,294,297,430,0.690698,0.366328,ffbea4add9c5059ddf45eb1d745aa5c1544745ef2ba7c40d6eb4ec6e09ea7091,projection_exact_count_unverified_token_identity
tok_ef0ffac6495cccad,directionality_no_overlay_packet_v2c_ocr_coord_fix_controls,D2_003,M-1273,external_stress_control,m70_hard_negative_002_y_prev_not_032_suffix_control,visual_ltr_catalog_reverse,1,603,+740-055-002-861-603+,tmp/effective_unicity_directionality_blind_packet_v2c/source_crops/M_1273_impression_a_existing_hard_negative_source.png,data/brahmi/source_token_crops_v2/M_1273_D2_003_1_36d52c846486dc64.png,0,294,297,430,0.690698,0.366328,ffbea4add9c5059ddf45eb1d745aa5c1544745ef2ba7c40d6eb4ec6e09ea7091,projection_exact_count_unverified_token_identity
tok_480a81e339009771,directionality_no_overlay_packet_v2c_ocr_coord_fix_controls,D2_003,M-1273,external_stress_control,m70_hard_negative_002_y_prev_not_032_suffix_control,visual_ltr_catalog_order,2,055,+740-055-002-861-603+,tmp/effective_unicity_directionality_blind_packet_v2c/source_crops/M_1273_impression_a_existing_hard_negative_source.png,data/brahmi/source_token_crops_v2/M_1273_D2_003_2_27c7b9a4aa5177d3.png,294,443,155,427,0.362998,0.068635,ef033b0a2b09bc995945b20f4b9002fdeb0ce3e27368a8ad00eaa3e5eaf80cdc,projection_exact_count_unverified_token_identity
tok_fbc053b2ebbbf1a9,directionality_no_overlay_packet_v2c_ocr_coord_fix_controls,D2_003,M-1273,external_stress_control,m70_hard_negative_002_y_prev_not_032_suffix_control,visual_ltr_catalog_reverse,2,861,+740-055-002-861-603+,tmp/effective_unicity_directionality_blind_packet_v2c/source_crops/M_1273_impression_a_existing_hard_negative_source.png,data/brahmi/source_token_crops_v2/M_1273_D2_003_2_27c7b9a4aa5177d3.png,294,443,155,427,0.362998,0.068635,ef033b0a2b09bc995945b20f4b9002fdeb0ce3e27368a8ad00eaa3e5eaf80cdc,projection_exact_count_unverified_token_identity
tok_19fba12c9215c525,directionality_no_overlay_packet_v2c_ocr_coord_fix_controls,D2_003,M-1273,external_stress_control,m70_hard_negative_002_y_prev_not_032_suffix_control,visual_ltr_catalog_order,3,002,+740-055-002-861-603+,tmp/effective_unicity_directionality_blind_packet_v2c/source_crops/M_1273_impression_a_existing_hard_negative_source.png,data/brahmi/source_token_crops_v2/M_1273_D2_003_3_512995d86b711873.png,443,1021,584,430,1.358140,0.136316,3afeaa3d2cdf069e4c2110ee5d003f71bfe29145d628724804dd1c8fe23cdc15,projection_exact_count_unverified_token_identity
tok_291b630a3fbe10db,directionality_no_overlay_packet_v2c_ocr_coord_fix_controls,D2_003,M-1273,external_stress_control,m70_hard_negative_002_y_prev_not_032_suffix_control,visual_ltr_catalog_reverse,3,002,+740-055-002-861-603+,tmp/effective_unicity_directionality_blind_packet_v2c/source_crops/M_1273_impression_a_existing_hard_negative_source.png,data/brahmi/source_token_crops_v2/M_1273_D2_003_3_512995d86b711873.png,443,1021,584,430,1.358140,0.136316,3afeaa3d2cdf069e4c2110ee5d003f71bfe29145d628724804dd1c8fe23cdc15,projection_exact_count_unverified_token_identity
tok_d19adce4ffe29014,directionality_no_overlay_packet_v2c_ocr_coord_fix_controls,D2_003,M-1273,external_stress_control,m70_hard_negative_002_y_prev_not_032_suffix_control,visual_ltr_catalog_order,4,861,+740-055-002-861-603+,tmp/effective_unicity_directionality_blind_packet_v2c/source_crops/M_1273_impression_a_existing_hard_negative_source.png,data/brahmi/source_token_crops_v2/M_1273_D2_003_4_cf4a772c4f7055d6.png,1021,1112,97,391,0.248082,0.060277,218508f3a5e89e222fadad90478a86df374ccd1cde15293bb1c22aebb157de52,projection_exact_count_unverified_token_identity
tok_0023e118ebc2467e,directionality_no_overlay_packet_v2c_ocr_coord_fix_controls,D2_003,M-1273,external_stress_control,m70_hard_negative_002_y_prev_not_032_suffix_control,visual_ltr_catalog_reverse,4,055,+740-055-002-861-603+,tmp/effective_unicity_directionality_blind_packet_v2c/source_crops/M_1273_impression_a_existing_hard_negative_source.png,data/brahmi/source_token_crops_v2/M_1273_D2_003_4_cf4a772c4f7055d6.png,1021,1112,97,391,0.248082,0.060277,218508f3a5e89e222fadad90478a86df374ccd1cde15293bb1c22aebb157de52,projection_exact_count_unverified_token_identity
tok_1dcd5bf4456c29a6,directionality_no_overlay_packet_v2c_ocr_coord_fix_controls,D2_003,M-1273,external_stress_control,m70_hard_negative_002_y_prev_not_032_suffix_control,visual_ltr_catalog_order,5,603,+740-055-002-861-603+,tmp/effective_unicity_directionality_blind_packet_v2c/source_crops/M_1273_impression_a_existing_hard_negative_source.png,data/brahmi/source_token_crops_v2/M_1273_D2_003_5_2827b3835e7201a3.png,1112,1275,166,430,0.386047,0.194634,1a819603af4bba4b18050d4ad1a39b963a64d1acff19dfa99d2a01f35e81812d,projection_exact_count_unverified_token_identity
tok_e6359d5c66d5e5f8,directionality_no_overlay_packet_v2c_ocr_coord_fix_controls,D2_003,M-1273,external_stress_control,m70_hard_negative_002_y_prev_not_032_suffix_control,visual_ltr_catalog_reverse,5,740,+740-055-002-861-603+,tmp/effective_unicity_directionality_blind_packet_v2c/source_crops/M_1273_impression_a_existing_hard_negative_source.png,data/brahmi/source_token_crops_v2/M_1273_D2_003_5_2827b3835e7201a3.png,1112,1275,166,430,0.386047,0.194634,1a819603af4bba4b18050d4ad1a39b963a64d1acff19dfa99d2a01f35e81812d,projection_exact_count_unverified_token_identity
tok_f9e363882655387e,directionality_no_overlay_packet_v2c_ocr_coord_fix_controls,D2_004,M-1320,primary_target_recut,tier1_route_candidate_v1_target_overcount_failure,visual_ltr_catalog_order,1,527,+527-555-231-240-798+,tmp/effective_unicity_directionality_blind_packet_v2c/source_crops/M_1320_A_diagnostic_v1_failed_source.png,data/brahmi/source_token_crops_v2/M_1320_D2_004_1_1fb93e286b7043cc.png,36,118,83,308,0.269481,0.079941,9eb300366f5efe5518149314cec1f7f15cb62a4b5b311e31e48e9b14bdfb2920,projection_exact_count_unverified_token_identity
tok_7101cd940b531a7f,directionality_no_overlay_packet_v2c_ocr_coord_fix_controls,D2_004,M-1320,primary_target_recut,tier1_route_candidate_v1_target_overcount_failure,visual_ltr_catalog_reverse,1,798,+527-555-231-240-798+,tmp/effective_unicity_directionality_blind_packet_v2c/source_crops/M_1320_A_diagnostic_v1_failed_source.png,data/brahmi/source_token_crops_v2/M_1320_D2_004_1_1fb93e286b7043cc.png,36,118,83,308,0.269481,0.079941,9eb300366f5efe5518149314cec1f7f15cb62a4b5b311e31e48e9b14bdfb2920,projection_exact_count_unverified_token_identity
tok_e12db96eaaf6f4ec,directionality_no_overlay_packet_v2c_ocr_coord_fix_controls,D2_004,M-1320,primary_target_recut,tier1_route_candidate_v1_target_overcount_failure,visual_ltr_catalog_order,2,555,+527-555-231-240-798+,tmp/effective_unicity_directionality_blind_packet_v2c/source_crops/M_1320_A_diagnostic_v1_failed_source.png,data/brahmi/source_token_crops_v2/M_1320_D2_004_2_0a21d656d5505c29.png,118,254,142,315,0.450794,0.146091,02cfd31b9af5a0bb21da7358ce252c03258cc2329999aa87fc457fcc97189261,projection_exact_count_unverified_token_identity
tok_d3d960d8ece03d14,directionality_no_overlay_packet_v2c_ocr_coord_fix_controls,D2_004,M-1320,primary_target_recut,tier1_route_candidate_v1_target_overcount_failure,visual_ltr_catalog_reverse,2,240,+527-555-231-240-798+,tmp/effective_unicity_directionality_blind_packet_v2c/source_crops/M_1320_A_diagnostic_v1_failed_source.png,data/brahmi/source_token_crops_v2/M_1320_D2_004_2_0a21d656d5505c29.png,118,254,142,315,0.450794,0.146091,02cfd31b9af5a0bb21da7358ce252c03258cc2329999aa87fc457fcc97189261,projection_exact_count_unverified_token_identity
tok_ed2b80a4d22de144,directionality_no_overlay_packet_v2c_ocr_coord_fix_controls,D2_004,M-1320,primary_target_recut,tier1_route_candidate_v1_target_overcount_failure,visual_ltr_catalog_order,3,231,+527-555-231-240-798+,tmp/effective_unicity_directionality_blind_packet_v2c/source_crops/M_1320_A_diagnostic_v1_failed_source.png,data/brahmi/source_token_crops_v2/M_1320_D2_004_3_22629b73c4fb27ff.png,254,667,419,315,1.330159,0.275438,5a6718d5fb6d716bc9f76609ed270b5495377c3f2b8eef4d2800bbbaadec26a6,projection_exact_count_unverified_token_identity
tok_501f9981dfdc5fe8,directionality_no_overlay_packet_v2c_ocr_coord_fix_controls,D2_004,M-1320,primary_target_recut,tier1_route_candidate_v1_target_overcount_failure,visual_ltr_catalog_reverse,3,231,+527-555-231-240-798+,tmp/effective_unicity_directionality_blind_packet_v2c/source_crops/M_1320_A_diagnostic_v1_failed_source.png,data/brahmi/source_token_crops_v2/M_1320_D2_004_3_22629b73c4fb27ff.png,254,667,419,315,1.330159,0.275438,5a6718d5fb6d716bc9f76609ed270b5495377c3f2b8eef4d2800bbbaadec26a6,projection_exact_count_unverified_token_identity
tok_868923432e51d6a5,directionality_no_overlay_packet_v2c_ocr_coord_fix_controls,D2_004,M-1320,primary_target_recut,tier1_route_candidate_v1_target_overcount_failure,visual_ltr_catalog_order,4,240,+527-555-231-240-798+,tmp/effective_unicity_directionality_blind_packet_v2c/source_crops/M_1320_A_diagnostic_v1_failed_source.png,data/brahmi/source_token_crops_v2/M_1320_D2_004_4_dd7b410536e4c69c.png,667,978,317,315,1.006349,0.404694,d5714a6613cbb546199b4150cb7da8deb4faa7adacc66366dbaa5e48bfe74323,projection_exact_count_unverified_token_identity
tok_35fdd182482be755,directionality_no_overlay_packet_v2c_ocr_coord_fix_controls,D2_004,M-1320,primary_target_recut,tier1_route_candidate_v1_target_overcount_failure,visual_ltr_catalog_reverse,4,555,+527-555-231-240-798+,tmp/effective_unicity_directionality_blind_packet_v2c/source_crops/M_1320_A_diagnostic_v1_failed_source.png,data/brahmi/source_token_crops_v2/M_1320_D2_004_4_dd7b410536e4c69c.png,667,978,317,315,1.006349,0.404694,d5714a6613cbb546199b4150cb7da8deb4faa7adacc66366dbaa5e48bfe74323,projection_exact_count_unverified_token_identity
tok_7774d8306de8c7b5,directionality_no_overlay_packet_v2c_ocr_coord_fix_controls,D2_004,M-1320,primary_target_recut,tier1_route_candidate_v1_target_overcount_failure,visual_ltr_catalog_order,5,798,+527-555-231-240-798+,tmp/effective_unicity_directionality_blind_packet_v2c/source_crops/M_1320_A_diagnostic_v1_failed_source.png,data/brahmi/source_token_crops_v2/M_1320_D2_004_5_ac168a14aed715b3.png,978,1182,205,315,0.650794,0.305957,a879a48d47603f35093be5613bf01bdea1bc02d79b34b87985a592e347f18db3,projection_exact_count_unverified_token_identity
tok_78f55419ff077be5,directionality_no_overlay_packet_v2c_ocr_coord_fix_controls,D2_004,M-1320,primary_target_recut,tier1_route_candidate_v1_target_overcount_failure,visual_ltr_catalog_reverse,5,527,+527-555-231-240-798+,tmp/effective_unicity_directionality_blind_packet_v2c/source_crops/M_1320_A_diagnostic_v1_failed_source.png,data/brahmi/source_token_crops_v2/M_1320_D2_004_5_ac168a14aed715b3.png,978,1182,205,315,0.650794,0.305957,a879a48d47603f35093be5613bf01bdea1bc02d79b34b87985a592e347f18db3,projection_exact_count_unverified_token_identity
tok_4aef1c1af3dcce58,directionality_no_overlay_packet_v2c_ocr_coord_fix_controls,D2_006,M-381,external_stress_control,existing_segmentation_instability_stress_control,visual_ltr_catalog_order,1,740,+740-055-220-032-798-002-820+,tmp/effective_unicity_directionality_blind_packet_v2c/source_crops/M_381_panel_existing_stress_negative_source.png,data/brahmi/source_token_crops_v2/M_381_D2_006_1_0f342616f734ea40.png,113,244,132,631,0.209192,0.090571,b9be7e4e87d1e8a19b87a3817105dc240cae58dd0c3007f9157a41cc7907a902,projection_exact_count_unverified_token_identity
tok_2ea77f2c93711d9b,directionality_no_overlay_packet_v2c_ocr_coord_fix_controls,D2_006,M-381,external_stress_control,existing_segmentation_instability_stress_control,visual_ltr_catalog_reverse,1,820,+740-055-220-032-798-002-820+,tmp/effective_unicity_directionality_blind_packet_v2c/source_crops/M_381_panel_existing_stress_negative_source.png,data/brahmi/source_token_crops_v2/M_381_D2_006_1_0f342616f734ea40.png,113,244,132,631,0.209192,0.090571,b9be7e4e87d1e8a19b87a3817105dc240cae58dd0c3007f9157a41cc7907a902,projection_exact_count_unverified_token_identity
tok_a976dc97b15c8860,directionality_no_overlay_packet_v2c_ocr_coord_fix_controls,D2_006,M-381,external_stress_control,existing_segmentation_instability_stress_control,visual_ltr_catalog_order,2,055,+740-055-220-032-798-002-820+,tmp/effective_unicity_directionality_blind_packet_v2c/source_crops/M_381_panel_existing_stress_negative_source.png,data/brahmi/source_token_crops_v2/M_381_D2_006_2_42364309d9c4d6fa.png,244,483,245,634,0.386435,0.099140,f037d7e204aecd1bdea11888cead1022b041fce9d26d380f1f1c6d12ea612bdb,projection_exact_count_unverified_token_identity
tok_94be92ae3d3da631,directionality_no_overlay_packet_v2c_ocr_coord_fix_controls,D2_006,M-381,external_stress_control,existing_segmentation_instability_stress_control,visual_ltr_catalog_reverse,2,002,+740-055-220-032-798-002-820+,tmp/effective_unicity_directionality_blind_packet_v2c/source_crops/M_381_panel_existing_stress_negative_source.png,data/brahmi/source_token_crops_v2/M_381_D2_006_2_42364309d9c4d6fa.png,244,483,245,634,0.386435,0.099140,f037d7e204aecd1bdea11888cead1022b041fce9d26d380f1f1c6d12ea612bdb,projection_exact_count_unverified_token_identity
tok_7166688aa3ffc969,directionality_no_overlay_packet_v2c_ocr_coord_fix_controls,D2_006,M-381,external_stress_control,existing_segmentation_instability_stress_control,visual_ltr_catalog_order,3,220,+740-055-220-032-798-002-820+,tmp/effective_unicity_directionality_blind_packet_v2c/source_crops/M_381_panel_existing_stress_negative_source.png,data/brahmi/source_token_crops_v2/M_381_D2_006_3_b3dc7327f7c4692e.png,483,562,85,631,0.134707,0.022630,e7f99bab6e271add035e3fd1d27fcadcbf2ea966c56c7cc101cb7127dae09e20,projection_exact_count_unverified_token_identity
tok_9f6ada09c2462feb,directionality_no_overlay_packet_v2c_ocr_coord_fix_controls,D2_006,M-381,external_stress_control,existing_segmentation_instability_stress_control,visual_ltr_catalog_reverse,3,798,+740-055-220-032-798-002-820+,tmp/effective_unicity_directionality_blind_packet_v2c/source_crops/M_381_panel_existing_stress_negative_source.png,data/brahmi/source_token_crops_v2/M_381_D2_006_3_b3dc7327f7c4692e.png,483,562,85,631,0.134707,0.022630,e7f99bab6e271add035e3fd1d27fcadcbf2ea966c56c7cc101cb7127dae09e20,projection_exact_count_unverified_token_identity
tok_496ed59b227c9271,directionality_no_overlay_packet_v2c_ocr_coord_fix_controls,D2_006,M-381,external_stress_control,existing_segmentation_instability_stress_control,visual_ltr_catalog_order,4,032,+740-055-220-032-798-002-820+,tmp/effective_unicity_directionality_blind_packet_v2c/source_crops/M_381_panel_existing_stress_negative_source.png,data/brahmi/source_token_crops_v2/M_381_D2_006_4_2ec180bf06520a7c.png,562,616,60,631,0.095087,0.017180,cdb74da5d8d732c272414d070a11bf3873558051b8b8a7c9d792790be53cee19,projection_exact_count_unverified_token_identity
tok_6703be288686eaf3,directionality_no_overlay_packet_v2c_ocr_coord_fix_controls,D2_006,M-381,external_stress_control,existing_segmentation_instability_stress_control,visual_ltr_catalog_reverse,4,032,+740-055-220-032-798-002-820+,tmp/effective_unicity_directionality_blind_packet_v2c/source_crops/M_381_panel_existing_stress_negative_source.png,data/brahmi/source_token_crops_v2/M_381_D2_006_4_2ec180bf06520a7c.png,562,616,60,631,0.095087,0.017180,cdb74da5d8d732c272414d070a11bf3873558051b8b8a7c9d792790be53cee19,projection_exact_count_unverified_token_identity
tok_60c8be0be88fb027,directionality_no_overlay_packet_v2c_ocr_coord_fix_controls,D2_006,M-381,external_stress_control,existing_segmentation_instability_stress_control,visual_ltr_catalog_order,5,798,+740-055-220-032-798-002-820+,tmp/effective_unicity_directionality_blind_packet_v2c/source_crops/M_381_panel_existing_stress_negative_source.png,data/brahmi/source_token_crops_v2/M_381_D2_006_5_69ae836f293e2927.png,616,672,62,631,0.098257,0.022145,3e3115c84a4a8b7bc2ea141b28cbff4d40f79bc52081e167bb72f2ef47c8b532,projection_exact_count_unverified_token_identity
tok_c56726f315efb4eb,directionality_no_overlay_packet_v2c_ocr_coord_fix_controls,D2_006,M-381,external_stress_control,existing_segmentation_instability_stress_control,visual_ltr_catalog_reverse,5,220,+740-055-220-032-798-002-820+,tmp/effective_unicity_directionality_blind_packet_v2c/source_crops/M_381_panel_existing_stress_negative_source.png,data/brahmi/source_token_crops_v2/M_381_D2_006_5_69ae836f293e2927.png,616,672,62,631,0.098257,0.022145,3e3115c84a4a8b7bc2ea141b28cbff4d40f79bc52081e167bb72f2ef47c8b532,projection_exact_count_unverified_token_identity
tok_7833b899f1ff6756,directionality_no_overlay_packet_v2c_ocr_coord_fix_controls,D2_006,M-381,external_stress_control,existing_segmentation_instability_stress_control,visual_ltr_catalog_order,6,002,+740-055-220-032-798-002-820+,tmp/effective_unicity_directionality_blind_packet_v2c/source_crops/M_381_panel_existing_stress_negative_source.png,data/brahmi/source_token_crops_v2/M_381_D2_006_6_6c479e50dcea7779.png,672,746,80,631,0.126783,0.025933,b95bcc3d75297cd5f7d89c86a2b8a1afae9616c2c0d467d7c28608c95fae6ee5,projection_exact_count_unverified_token_identity
tok_f82a80518cff0d79,directionality_no_overlay_packet_v2c_ocr_coord_fix_controls,D2_006,M-381,external_stress_control,existing_segmentation_instability_stress_control,visual_ltr_catalog_reverse,6,055,+740-055-220-032-798-002-820+,tmp/effective_unicity_directionality_blind_packet_v2c/source_crops/M_381_panel_existing_stress_negative_source.png,data/brahmi/source_token_crops_v2/M_381_D2_006_6_6c479e50dcea7779.png,672,746,80,631,0.126783,0.025933,b95bcc3d75297cd5f7d89c86a2b8a1afae9616c2c0d467d7c28608c95fae6ee5,projection_exact_count_unverified_token_identity
tok_a7e3f26a43331a06,directionality_no_overlay_packet_v2c_ocr_coord_fix_controls,D2_006,M-381,external_stress_control,existing_segmentation_instability_stress_control,visual_ltr_catalog_order,7,820,+740-055-220-032-798-002-820+,tmp/effective_unicity_directionality_blind_packet_v2c/source_crops/M_381_panel_existing_stress_negative_source.png,data/brahmi/source_token_crops_v2/M_381_D2_006_7_4300766d7adf6776.png,746,1576,831,637,1.304553,0.227492,c7f211e15bc03248d52e976c22c3787af1c7927185f3b6be5c144ce7f66ffd93,projection_exact_count_unverified_token_identity
tok_8f8210505b95f51c,directionality_no_overlay_packet_v2c_ocr_coord_fix_controls,D2_006,M-381,external_stress_control,existing_segmentation_instability_stress_control,visual_ltr_catalog_reverse,7,740,+740-055-220-032-798-002-820+,tmp/effective_unicity_directionality_blind_packet_v2c/source_crops/M_381_panel_existing_stress_negative_source.png,data/brahmi/source_token_crops_v2/M_381_D2_006_7_4300766d7adf6776.png,746,1576,831,637,1.304553,0.227492,c7f211e15bc03248d52e976c22c3787af1c7927185f3b6be5c144ce7f66ffd93,projection_exact_count_unverified_token_identity
tok_2734f2b7c127dcdd,directionality_no_overlay_packet_v2c_ocr_coord_fix_controls,D2_011,M-811,primary_target_recut,tier1_route_candidate_v1_target_overcount_failure,visual_ltr_catalog_order,1,226,+226-032-803+,tmp/effective_unicity_directionality_blind_packet_v2c/source_crops/M_811_A_diagnostic_v1_failed_source.png,data/brahmi/source_token_crops_v2/M_811_D2_011_1_8405ebda53f4cdd1.png,0,343,346,400,0.865000,0.254235,df5725eec886928a40c57ae88d535d53d2466edee64cbc9afb00e38608ff28a4,projection_exact_count_unverified_token_identity
tok_9ce2e4b24e789c05,directionality_no_overlay_packet_v2c_ocr_coord_fix_controls,D2_011,M-811,primary_target_recut,tier1_route_candidate_v1_target_overcount_failure,visual_ltr_catalog_reverse,1,803,+226-032-803+,tmp/effective_unicity_directionality_blind_packet_v2c/source_crops/M_811_A_diagnostic_v1_failed_source.png,data/brahmi/source_token_crops_v2/M_811_D2_011_1_8405ebda53f4cdd1.png,0,343,346,400,0.865000,0.254235,df5725eec886928a40c57ae88d535d53d2466edee64cbc9afb00e38608ff28a4,projection_exact_count_unverified_token_identity
tok_e09d13a3f22e5dab,directionality_no_overlay_packet_v2c_ocr_coord_fix_controls,D2_011,M-811,primary_target_recut,tier1_route_candidate_v1_target_overcount_failure,visual_ltr_catalog_order,2,032,+226-032-803+,tmp/effective_unicity_directionality_blind_packet_v2c/source_crops/M_811_A_diagnostic_v1_failed_source.png,data/brahmi/source_token_crops_v2/M_811_D2_011_2_5efee3bea62e20c7.png,343,455,118,351,0.336182,0.061743,3eff2a352a4623f9e17393b04917d68bec6d44951727da1ed4953bef4bf7e7eb,projection_exact_count_unverified_token_identity
tok_c3bf2cae7d9e4595,directionality_no_overlay_packet_v2c_ocr_coord_fix_controls,D2_011,M-811,primary_target_recut,tier1_route_candidate_v1_target_overcount_failure,visual_ltr_catalog_reverse,2,032,+226-032-803+,tmp/effective_unicity_directionality_blind_packet_v2c/source_crops/M_811_A_diagnostic_v1_failed_source.png,data/brahmi/source_token_crops_v2/M_811_D2_011_2_5efee3bea62e20c7.png,343,455,118,351,0.336182,0.061743,3eff2a352a4623f9e17393b04917d68bec6d44951727da1ed4953bef4bf7e7eb,projection_exact_count_unverified_token_identity
tok_726e6a549fc66f96,directionality_no_overlay_packet_v2c_ocr_coord_fix_controls,D2_011,M-811,primary_target_recut,tier1_route_candidate_v1_target_overcount_failure,visual_ltr_catalog_order,3,803,+226-032-803+,tmp/effective_unicity_directionality_blind_packet_v2c/source_crops/M_811_A_diagnostic_v1_failed_source.png,data/brahmi/source_token_crops_v2/M_811_D2_011_3_73ce01824d079cde.png,455,825,373,400,0.932500,0.183270,f12b3df8698ced3a2ba094432b3fd5bd58bf0ac00ddb7c74b92abe818c3530cc,projection_exact_count_unverified_token_identity
tok_8ba9cf868d091b07,directionality_no_overlay_packet_v2c_ocr_coord_fix_controls,D2_011,M-811,primary_target_recut,tier1_route_candidate_v1_target_overcount_failure,visual_ltr_catalog_reverse,3,226,+226-032-803+,tmp/effective_unicity_directionality_blind_packet_v2c/source_crops/M_811_A_diagnostic_v1_failed_source.png,data/brahmi/source_token_crops_v2/M_811_D2_011_3_73ce01824d079cde.png,455,825,373,400,0.932500,0.183270,f12b3df8698ced3a2ba094432b3fd5bd58bf0ac00ddb7c74b92abe818c3530cc,projection_exact_count_unverified_token_identity
tok_b62140c3f6bc4f87,directionality_no_overlay_packet_v2c_ocr_coord_fix_controls,D2_012,H-654,primary_target_recut,tier1_directionality_candidate_recut_after_v1_overcount,visual_ltr_catalog_order,1,405,+405-061-740-806+,tmp/effective_unicity_directionality_blind_packet_v2c/source_crops/H_654_A_recut_signband_source.png,data/brahmi/source_token_crops_v2/H_654_D2_012_1_ea48a5488f87c04b.png,0,466,469,370,1.267568,0.272810,3d7040b93f429ffc47810dd2aceac4a86c5a5557458dc52f12fd59dc4cde9409,projection_exact_count_unverified_token_identity
tok_481799e92713d129,directionality_no_overlay_packet_v2c_ocr_coord_fix_controls,D2_012,H-654,primary_target_recut,tier1_directionality_candidate_recut_after_v1_overcount,visual_ltr_catalog_reverse,1,806,+405-061-740-806+,tmp/effective_unicity_directionality_blind_packet_v2c/source_crops/H_654_A_recut_signband_source.png,data/brahmi/source_token_crops_v2/H_654_D2_012_1_ea48a5488f87c04b.png,0,466,469,370,1.267568,0.272810,3d7040b93f429ffc47810dd2aceac4a86c5a5557458dc52f12fd59dc4cde9409,projection_exact_count_unverified_token_identity
tok_06841619429d6d85,directionality_no_overlay_packet_v2c_ocr_coord_fix_controls,D2_012,H-654,primary_target_recut,tier1_directionality_candidate_recut_after_v1_overcount,visual_ltr_catalog_order,2,061,+405-061-740-806+,tmp/effective_unicity_directionality_blind_packet_v2c/source_crops/H_654_A_recut_signband_source.png,data/brahmi/source_token_crops_v2/H_654_D2_012_2_9ff771e44e0802eb.png,466,557,97,370,0.262162,0.062541,b0693ba591c012544424b15453a995a5a2a5907668f5fd2df021d26a97adbe2b,projection_exact_count_unverified_token_identity
tok_83924dedb3602ca3,directionality_no_overlay_packet_v2c_ocr_coord_fix_controls,D2_012,H-654,primary_target_recut,tier1_directionality_candidate_recut_after_v1_overcount,visual_ltr_catalog_reverse,2,740,+405-061-740-806+,tmp/effective_unicity_directionality_blind_packet_v2c/source_crops/H_654_A_recut_signband_source.png,data/brahmi/source_token_crops_v2/H_654_D2_012_2_9ff771e44e0802eb.png,466,557,97,370,0.262162,0.062541,b0693ba591c012544424b15453a995a5a2a5907668f5fd2df021d26a97adbe2b,projection_exact_count_unverified_token_identity
tok_bd6f820b427dd145,directionality_no_overlay_packet_v2c_ocr_coord_fix_controls,D2_012,H-654,primary_target_recut,tier1_directionality_candidate_recut_after_v1_overcount,visual_ltr_catalog_order,3,740,+405-061-740-806+,tmp/effective_unicity_directionality_blind_packet_v2c/source_crops/H_654_A_recut_signband_source.png,data/brahmi/source_token_crops_v2/H_654_D2_012_3_d9339660adfea51a.png,557,723,172,368,0.467391,0.085297,73ec8235d52d6792db83e8e7ae577f152c8b1527e9e20948e01056887775b2d7,projection_exact_count_unverified_token_identity
tok_c79d4823ee262a52,directionality_no_overlay_packet_v2c_ocr_coord_fix_controls,D2_012,H-654,primary_target_recut,tier1_directionality_candidate_recut_after_v1_overcount,visual_ltr_catalog_reverse,3,061,+405-061-740-806+,tmp/effective_unicity_directionality_blind_packet_v2c/source_crops/H_654_A_recut_signband_source.png,data/brahmi/source_token_crops_v2/H_654_D2_012_3_d9339660adfea51a.png,557,723,172,368,0.467391,0.085297,73ec8235d52d6792db83e8e7ae577f152c8b1527e9e20948e01056887775b2d7,projection_exact_count_unverified_token_identity
tok_e371f8a2986380f7,directionality_no_overlay_packet_v2c_ocr_coord_fix_controls,D2_012,H-654,primary_target_recut,tier1_directionality_candidate_recut_after_v1_overcount,visual_ltr_catalog_order,4,806,+405-061-740-806+,tmp/effective_unicity_directionality_blind_packet_v2c/source_crops/H_654_A_recut_signband_source.png,data/brahmi/source_token_crops_v2/H_654_D2_012_4_7794803ea75a6ea8.png,723,820,100,212,0.471698,0.112230,f5c3b634a5943d069142e023ad496a0801240ecdfc0dedb27a039cd678e3b4dd,projection_exact_count_unverified_token_identity
tok_dbdcc5e9f7902442,directionality_no_overlay_packet_v2c_ocr_coord_fix_controls,D2_012,H-654,primary_target_recut,tier1_directionality_candidate_recut_after_v1_overcount,visual_ltr_catalog_reverse,4,405,+405-061-740-806+,tmp/effective_unicity_directionality_blind_packet_v2c/source_crops/H_654_A_recut_signband_source.png,data/brahmi/source_token_crops_v2/H_654_D2_012_4_7794803ea75a6ea8.png,723,820,100,212,0.471698,0.112230,f5c3b634a5943d069142e023ad496a0801240ecdfc0dedb27a039cd678e3b4dd,projection_exact_count_unverified_token_identity
tok_997f36c3fa6ffd97,directionality_no_overlay_packet_v2c_ocr_coord_fix_controls,D2_020,M-1310,primary_target_recut,tier1_directionality_candidate_recut_after_v1_edge_fragments,visual_ltr_catalog_order,1,407,+407-004-001-740-407-590-235+,tmp/effective_unicity_directionality_blind_packet_v2c/source_crops/M_1310_A_recut_signband_source.png,data/brahmi/source_token_crops_v2/M_1310_D2_020_1_f7cddd4e9eabfa20.png,0,285,284,295,0.962712,0.270461,f6b0f180f8fb4e8dd303c50a1d802b41185a2da1c0a99ab81ff852105a29829d,projection_exact_count_unverified_token_identity
tok_aa325a205fe58fdd,directionality_no_overlay_packet_v2c_ocr_coord_fix_controls,D2_020,M-1310,primary_target_recut,tier1_directionality_candidate_recut_after_v1_edge_fragments,visual_ltr_catalog_reverse,1,235,+407-004-001-740-407-590-235+,tmp/effective_unicity_directionality_blind_packet_v2c/source_crops/M_1310_A_recut_signband_source.png,data/brahmi/source_token_crops_v2/M_1310_D2_020_1_f7cddd4e9eabfa20.png,0,285,284,295,0.962712,0.270461,f6b0f180f8fb4e8dd303c50a1d802b41185a2da1c0a99ab81ff852105a29829d,projection_exact_count_unverified_token_identity
tok_bd550339cc271261,directionality_no_overlay_packet_v2c_ocr_coord_fix_controls,D2_020,M-1310,primary_target_recut,tier1_directionality_candidate_recut_after_v1_edge_fragments,visual_ltr_catalog_order,2,004,+407-004-001-740-407-590-235+,tmp/effective_unicity_directionality_blind_packet_v2c/source_crops/M_1310_A_recut_signband_source.png,data/brahmi/source_token_crops_v2/M_1310_D2_020_2_068f90d53994b9c8.png,285,524,221,263,0.840304,0.078035,ecd1b3509cfed6a038bc13f965227ed5605d4e9efdb1dcec2e098ceb0395792c,projection_exact_count_unverified_token_identity
tok_438e3d1197f8392f,directionality_no_overlay_packet_v2c_ocr_coord_fix_controls,D2_020,M-1310,primary_target_recut,tier1_directionality_candidate_recut_after_v1_edge_fragments,visual_ltr_catalog_reverse,2,590,+407-004-001-740-407-590-235+,tmp/effective_unicity_directionality_blind_packet_v2c/source_crops/M_1310_A_recut_signband_source.png,data/brahmi/source_token_crops_v2/M_1310_D2_020_2_068f90d53994b9c8.png,285,524,221,263,0.840304,0.078035,ecd1b3509cfed6a038bc13f965227ed5605d4e9efdb1dcec2e098ceb0395792c,projection_exact_count_unverified_token_identity
tok_f18b98edb381d2d0,directionality_no_overlay_packet_v2c_ocr_coord_fix_controls,D2_020,M-1310,primary_target_recut,tier1_directionality_candidate_recut_after_v1_edge_fragments,visual_ltr_catalog_order,3,001,+407-004-001-740-407-590-235+,tmp/effective_unicity_directionality_blind_packet_v2c/source_crops/M_1310_A_recut_signband_source.png,data/brahmi/source_token_crops_v2/M_1310_D2_020_3_a500d1d83aaf3042.png,524,561,31,75,0.413333,0.019336,2c3a3a6ddd66277603ff1e08ee914eb0f0e16c38a7866fdfde829d33558ca3fa,projection_exact_count_unverified_token_identity
tok_f5e00945931b369e,directionality_no_overlay_packet_v2c_ocr_coord_fix_controls,D2_020,M-1310,primary_target_recut,tier1_directionality_candidate_recut_after_v1_edge_fragments,visual_ltr_catalog_reverse,3,407,+407-004-001-740-407-590-235+,tmp/effective_unicity_directionality_blind_packet_v2c/source_crops/M_1310_A_recut_signband_source.png,data/brahmi/source_token_crops_v2/M_1310_D2_020_3_a500d1d83aaf3042.png,524,561,31,75,0.413333,0.019336,2c3a3a6ddd66277603ff1e08ee914eb0f0e16c38a7866fdfde829d33558ca3fa,projection_exact_count_unverified_token_identity
tok_d119f41bcb728720,directionality_no_overlay_packet_v2c_ocr_coord_fix_controls,D2_020,M-1310,primary_target_recut,tier1_directionality_candidate_recut_after_v1_edge_fragments,visual_ltr_catalog_order,4,740,+407-004-001-740-407-590-235+,tmp/effective_unicity_directionality_blind_packet_v2c/source_crops/M_1310_A_recut_signband_source.png,data/brahmi/source_token_crops_v2/M_1310_D2_020_4_4da51ef36c66fc1b.png,561,684,107,244,0.438525,0.056759,00aa36a14a1098be7b5c97cc7723d496447ed1623acd6a1be3a3c295d64ddf2f,projection_exact_count_unverified_token_identity
tok_18fa48233d5e8d50,directionality_no_overlay_packet_v2c_ocr_coord_fix_controls,D2_020,M-1310,primary_target_recut,tier1_directionality_candidate_recut_after_v1_edge_fragments,visual_ltr_catalog_reverse,4,740,+407-004-001-740-407-590-235+,tmp/effective_unicity_directionality_blind_packet_v2c/source_crops/M_1310_A_recut_signband_source.png,data/brahmi/source_token_crops_v2/M_1310_D2_020_4_4da51ef36c66fc1b.png,561,684,107,244,0.438525,0.056759,00aa36a14a1098be7b5c97cc7723d496447ed1623acd6a1be3a3c295d64ddf2f,projection_exact_count_unverified_token_identity
tok_594400422a7912b6,directionality_no_overlay_packet_v2c_ocr_coord_fix_controls,D2_020,M-1310,primary_target_recut,tier1_directionality_candidate_recut_after_v1_edge_fragments,visual_ltr_catalog_order,5,407,+407-004-001-740-407-590-235+,tmp/effective_unicity_directionality_blind_packet_v2c/source_crops/M_1310_A_recut_signband_source.png,data/brahmi/source_token_crops_v2/M_1310_D2_020_5_4b7b6083cbceb24e.png,684,718,30,172,0.174419,0.003639,1dc27cdcce3ee8ae6bd8ab8093d20a648687961bc3cca38004cf72ede1991f75,projection_exact_count_unverified_token_identity
tok_9d3e8cf4c2889de1,directionality_no_overlay_packet_v2c_ocr_coord_fix_controls,D2_020,M-1310,primary_target_recut,tier1_directionality_candidate_recut_after_v1_edge_fragments,visual_ltr_catalog_reverse,5,001,+407-004-001-740-407-590-235+,tmp/effective_unicity_directionality_blind_packet_v2c/source_crops/M_1310_A_recut_signband_source.png,data/brahmi/source_token_crops_v2/M_1310_D2_020_5_4b7b6083cbceb24e.png,684,718,30,172,0.174419,0.003639,1dc27cdcce3ee8ae6bd8ab8093d20a648687961bc3cca38004cf72ede1991f75,projection_exact_count_unverified_token_identity
tok_987020170ea5766c,directionality_no_overlay_packet_v2c_ocr_coord_fix_controls,D2_020,M-1310,primary_target_recut,tier1_directionality_candidate_recut_after_v1_edge_fragments,visual_ltr_catalog_order,6,590,+407-004-001-740-407-590-235+,tmp/effective_unicity_directionality_blind_packet_v2c/source_crops/M_1310_A_recut_signband_source.png,data/brahmi/source_token_crops_v2/M_1310_D2_020_6_a9a47b564cd0ff6a.png,718,748,28,246,0.113821,0.000947,cb81c7f9a5fc0e824ea2abc1df62eee9c7650dc4c4f7ac47c0ff542db4e483ea,projection_exact_count_unverified_token_identity
tok_9bb50e906212c345,directionality_no_overlay_packet_v2c_ocr_coord_fix_controls,D2_020,M-1310,primary_target_recut,tier1_directionality_candidate_recut_after_v1_edge_fragments,visual_ltr_catalog_reverse,6,004,+407-004-001-740-407-590-235+,tmp/effective_unicity_directionality_blind_packet_v2c/source_crops/M_1310_A_recut_signband_source.png,data/brahmi/source_token_crops_v2/M_1310_D2_020_6_a9a47b564cd0ff6a.png,718,748,28,246,0.113821,0.000947,cb81c7f9a5fc0e824ea2abc1df62eee9c7650dc4c4f7ac47c0ff542db4e483ea,projection_exact_count_unverified_token_identity
tok_57fb825e098505e6,directionality_no_overlay_packet_v2c_ocr_coord_fix_controls,D2_020,M-1310,primary_target_recut,tier1_directionality_candidate_recut_after_v1_edge_fragments,visual_ltr_catalog_order,7,235,+407-004-001-740-407-590-235+,tmp/effective_unicity_directionality_blind_packet_v2c/source_crops/M_1310_A_recut_signband_source.png,data/brahmi/source_token_crops_v2/M_1310_D2_020_7_eb7aa3edf0f33c83.png,748,1055,307,295,1.040678,0.287094,c6357fa9089a0fa7396b77aed20e82e96e9593035088f7e3c63d50f5f2eb4fd8,projection_exact_count_unverified_token_identity
tok_fbb888837d864ebc,directionality_no_overlay_packet_v2c_ocr_coord_fix_controls,D2_020,M-1310,primary_target_recut,tier1_directionality_candidate_recut_after_v1_edge_fragments,visual_ltr_catalog_reverse,7,407,+407-004-001-740-407-590-235+,tmp/effective_unicity_directionality_blind_packet_v2c/source_crops/M_1310_A_recut_signband_source.png,data/brahmi/source_token_crops_v2/M_1310_D2_020_7_eb7aa3edf0f33c83.png,748,1055,307,295,1.040678,0.287094,c6357fa9089a0fa7396b77aed20e82e96e9593035088f7e3c63d50f5f2eb4fd8,projection_exact_count_unverified_token_identity
tok_e10ea96078f617b1,directionality_no_overlay_packet_v2c_ocr_coord_fix_controls,D2_021,M-386,scoring_negative_real,forger_recommended_routed_real_negative_label_masked_context,visual_ltr_catalog_order,1,405,+405-004-001-139+,tmp/effective_unicity_directionality_blind_packet_v2c/source_crops/M_386_cisi_india_n130_label_masked_context_source.png,data/brahmi/source_token_crops_v2/M_386_D2_021_1_47d2561b2dec4a8a.png,0,230,152,1196,0.127090,0.043679,db7d99180837a99a7c397506f364a76fc7fdd2ff7a414914db2d32a7bdde2532,projection_exact_count_unverified_token_identity
tok_be4f499bd2f18260,directionality_no_overlay_packet_v2c_ocr_coord_fix_controls,D2_021,M-386,scoring_negative_real,forger_recommended_routed_real_negative_label_masked_context,visual_ltr_catalog_reverse,1,139,+405-004-001-139+,tmp/effective_unicity_directionality_blind_packet_v2c/source_crops/M_386_cisi_india_n130_label_masked_context_source.png,data/brahmi/source_token_crops_v2/M_386_D2_021_1_47d2561b2dec4a8a.png,0,230,152,1196,0.127090,0.043679,db7d99180837a99a7c397506f364a76fc7fdd2ff7a414914db2d32a7bdde2532,projection_exact_count_unverified_token_identity
tok_9a4fe0fb3e245214,directionality_no_overlay_packet_v2c_ocr_coord_fix_controls,D2_021,M-386,scoring_negative_real,forger_recommended_routed_real_negative_label_masked_context,visual_ltr_catalog_order,2,004,+405-004-001-139+,tmp/effective_unicity_directionality_blind_packet_v2c/source_crops/M_386_cisi_india_n130_label_masked_context_source.png,data/brahmi/source_token_crops_v2/M_386_D2_021_2_a66f24a9aa43c45b.png,230,513,218,1197,0.182122,0.057316,44ef1f8f8f29ad237c424b7a77397137529b3125e0056cd3b6f28f78dcb75ab8,projection_exact_count_unverified_token_identity
tok_13bc7d008e8bbba3,directionality_no_overlay_packet_v2c_ocr_coord_fix_controls,D2_021,M-386,scoring_negative_real,forger_recommended_routed_real_negative_label_masked_context,visual_ltr_catalog_reverse,2,001,+405-004-001-139+,tmp/effective_unicity_directionality_blind_packet_v2c/source_crops/M_386_cisi_india_n130_label_masked_context_source.png,data/brahmi/source_token_crops_v2/M_386_D2_021_2_a66f24a9aa43c45b.png,230,513,218,1197,0.182122,0.057316,44ef1f8f8f29ad237c424b7a77397137529b3125e0056cd3b6f28f78dcb75ab8,projection_exact_count_unverified_token_identity
tok_404e91c1a3cf18d6,directionality_no_overlay_packet_v2c_ocr_coord_fix_controls,D2_021,M-386,scoring_negative_real,forger_recommended_routed_real_negative_label_masked_context,visual_ltr_catalog_order,3,001,+405-004-001-139+,tmp/effective_unicity_directionality_blind_packet_v2c/source_crops/M_386_cisi_india_n130_label_masked_context_source.png,data/brahmi/source_token_crops_v2/M_386_D2_021_3_8aef2d028cebfd1b.png,513,1014,427,1203,0.354946,0.122330,f421840f93447d9d6fd184c5b58e86e01958643d30362a959694d562c534bda8,projection_exact_count_unverified_token_identity
tok_a13410d35ac44956,directionality_no_overlay_packet_v2c_ocr_coord_fix_controls,D2_021,M-386,scoring_negative_real,forger_recommended_routed_real_negative_label_masked_context,visual_ltr_catalog_reverse,3,004,+405-004-001-139+,tmp/effective_unicity_directionality_blind_packet_v2c/source_crops/M_386_cisi_india_n130_label_masked_context_source.png,data/brahmi/source_token_crops_v2/M_386_D2_021_3_8aef2d028cebfd1b.png,513,1014,427,1203,0.354946,0.122330,f421840f93447d9d6fd184c5b58e86e01958643d30362a959694d562c534bda8,projection_exact_count_unverified_token_identity
tok_3f819cd5a1d1bb2e,directionality_no_overlay_packet_v2c_ocr_coord_fix_controls,D2_021,M-386,scoring_negative_real,forger_recommended_routed_real_negative_label_masked_context,visual_ltr_catalog_order,4,139,+405-004-001-139+,tmp/effective_unicity_directionality_blind_packet_v2c/source_crops/M_386_cisi_india_n130_label_masked_context_source.png,data/brahmi/source_token_crops_v2/M_386_D2_021_4_c6d3c7e4c736f10a.png,1014,1381,315,1208,0.260762,0.094235,d8c5647d4b36b37b087d62f3dd7e5091a4438beef65908834533c362b9cd0a93,projection_exact_count_unverified_token_identity
tok_4ee558592895263f,directionality_no_overlay_packet_v2c_ocr_coord_fix_controls,D2_021,M-386,scoring_negative_real,forger_recommended_routed_real_negative_label_masked_context,visual_ltr_catalog_reverse,4,405,+405-004-001-139+,tmp/effective_unicity_directionality_blind_packet_v2c/source_crops/M_386_cisi_india_n130_label_masked_context_source.png,data/brahmi/source_token_crops_v2/M_386_D2_021_4_c6d3c7e4c736f10a.png,1014,1381,315,1208,0.260762,0.094235,d8c5647d4b36b37b087d62f3dd7e5091a4438beef65908834533c362b9cd0a93,projection_exact_count_unverified_token_identity
tok_f9b54c3322090d85,directionality_no_overlay_packet_v2c_ocr_coord_fix_controls,D2_023,M-1315,scoring_negative_real,forger_recommended_routed_real_negative_label_masked_context,visual_ltr_catalog_order,1,617,+617-142-240+,tmp/effective_unicity_directionality_blind_packet_v2c/source_crops/M_1315_cisi_pakistan_n202_label_masked_context_source.png,data/brahmi/source_token_crops_v2/M_1315_D2_023_1_2b132b4c539fee46.png,0,201,164,1082,0.151571,0.011373,1c0ca7afe4807f81300bba9352d1bd59f3188a0bcafabb91209c3a2491f34ecf,projection_exact_count_unverified_token_identity
tok_caa6c8c0814fe64a,directionality_no_overlay_packet_v2c_ocr_coord_fix_controls,D2_023,M-1315,scoring_negative_real,forger_recommended_routed_real_negative_label_masked_context,visual_ltr_catalog_reverse,1,240,+617-142-240+,tmp/effective_unicity_directionality_blind_packet_v2c/source_crops/M_1315_cisi_pakistan_n202_label_masked_context_source.png,data/brahmi/source_token_crops_v2/M_1315_D2_023_1_2b132b4c539fee46.png,0,201,164,1082,0.151571,0.011373,1c0ca7afe4807f81300bba9352d1bd59f3188a0bcafabb91209c3a2491f34ecf,projection_exact_count_unverified_token_identity
tok_f384cc36fcff4c22,directionality_no_overlay_packet_v2c_ocr_coord_fix_controls,D2_023,M-1315,scoring_negative_real,forger_recommended_routed_real_negative_label_masked_context,visual_ltr_catalog_order,2,142,+617-142-240+,tmp/effective_unicity_directionality_blind_packet_v2c/source_crops/M_1315_cisi_pakistan_n202_label_masked_context_source.png,data/brahmi/source_token_crops_v2/M_1315_D2_023_2_7c58ebfc104d6478.png,201,981,604,797,0.757842,0.370162,8bff828d0d8b8e8d3ec79602f3bca793aa6445fcf77f50200186fdfb6d8bf7af,projection_exact_count_unverified_token_identity
tok_80e37d101f779cec,directionality_no_overlay_packet_v2c_ocr_coord_fix_controls,D2_023,M-1315,scoring_negative_real,forger_recommended_routed_real_negative_label_masked_context,visual_ltr_catalog_reverse,2,142,+617-142-240+,tmp/effective_unicity_directionality_blind_packet_v2c/source_crops/M_1315_cisi_pakistan_n202_label_masked_context_source.png,data/brahmi/source_token_crops_v2/M_1315_D2_023_2_7c58ebfc104d6478.png,201,981,604,797,0.757842,0.370162,8bff828d0d8b8e8d3ec79602f3bca793aa6445fcf77f50200186fdfb6d8bf7af,projection_exact_count_unverified_token_identity
tok_8556d2cd0b4ce26c,directionality_no_overlay_packet_v2c_ocr_coord_fix_controls,D2_023,M-1315,scoring_negative_real,forger_recommended_routed_real_negative_label_masked_context,visual_ltr_catalog_order,3,240,+617-142-240+,tmp/effective_unicity_directionality_blind_packet_v2c/source_crops/M_1315_cisi_pakistan_n202_label_masked_context_source.png,data/brahmi/source_token_crops_v2/M_1315_D2_023_3_fd6d69f4a81694e0.png,981,1284,149,686,0.217201,0.097394,a1d8d43a1cd17ed73ebd5347b591bbbc43823eaba2ad453ec7136de21521ac78,projection_exact_count_unverified_token_identity
tok_a742994921627fe8,directionality_no_overlay_packet_v2c_ocr_coord_fix_controls,D2_023,M-1315,scoring_negative_real,forger_recommended_routed_real_negative_label_masked_context,visual_ltr_catalog_reverse,3,617,+617-142-240+,tmp/effective_unicity_directionality_blind_packet_v2c/source_crops/M_1315_cisi_pakistan_n202_label_masked_context_source.png,data/brahmi/source_token_crops_v2/M_1315_D2_023_3_fd6d69f4a81694e0.png,981,1284,149,686,0.217201,0.097394,a1d8d43a1cd17ed73ebd5347b591bbbc43823eaba2ad453ec7136de21521ac78,projection_exact_count_unverified_token_identity
legacy_884e213150c0a5d9,legacy_token_probe,M-37,M-37,legacy_token_isolated_actual,prior_actual_source_probe,legacy_token_isolated,1,220,220,tmp/parpola_sign60_local220_strict_probe/neutral_packet/S009.png,tmp/parpola_sign60_local220_strict_probe/neutral_packet/S009.png,,,255,230,1.108696,0.276460,7f0031d154395a025097ab76ec0d5de6b4b3fb45ca74497501e435ae1e389f0c,legacy_token_isolated_actual_probe
legacy_41a0fb6c2ed22769,legacy_token_probe,H-938,H-938,legacy_token_isolated_actual,prior_actual_source_probe,legacy_token_isolated,1,220,220,tmp/parpola_sign60_local220_strict_probe/neutral_packet/S010.png,tmp/parpola_sign60_local220_strict_probe/neutral_packet/S010.png,,,180,210,0.857143,0.178587,39e271f28e2a7fbe9c6b3064bd071d40850588e1c88e9fe6bc6ffd78f17e48ef,legacy_token_isolated_actual_probe
legacy_4cc220453fb2ef5a,legacy_token_probe,H-940,H-940,legacy_token_isolated_actual,prior_actual_source_probe,legacy_token_isolated,1,220,220,tmp/parpola_sign60_local220_strict_probe/neutral_packet/S011.png,tmp/parpola_sign60_local220_strict_probe/neutral_packet/S011.png,,,205,245,0.836735,0.168099,cf165abb5c8580439eec3bf4f18c5da0a1b5da554c00bae949dfc14cc600d75c,legacy_token_isolated_actual_probe
legacy_b44c31bc2a0da21f,legacy_token_probe,H-942,H-942,legacy_token_isolated_actual,prior_actual_source_probe,legacy_token_isolated,1,220,220,tmp/parpola_sign60_local220_strict_probe/neutral_packet/S012.png,tmp/parpola_sign60_local220_strict_probe/neutral_packet/S012.png,,,185,155,1.193548,0.170816,f81dc0a6379019e297ff860520abc1ef8191bd56a4a03662fcfee1041013a9d3,legacy_token_isolated_actual_probe
legacy_d852ba32ed8aa088,legacy_token_probe,H-2148,H-2148,legacy_token_isolated_actual,prior_actual_source_probe,legacy_token_isolated,1,110,110,tmp/h2148_h2100_h2152_110_route/derived/h2148_fig14_item1_left_single_panel_no_label_crop.png,tmp/h2148_h2100_h2152_110_route/derived/h2148_fig14_item1_left_single_panel_no_label_crop.png,,,187,90,2.077778,0.119416,9492438a6578d36a236f8d36e7dbb09f2f106d1b4e5b2c38a18bb155b3f63b7d,legacy_token_isolated_actual_probe
