url,status,byte_length,sha256,kind
https://www.indoskript.phil.uni-wuerzburg.de/letters/table/211,200,32060,63196213627d884b5d62b8364cd48a5772dc1e1c11e5c6a4a2fbd4ff46900969,html
https://www.indoskript.phil.uni-wuerzburg.de/letters/table/370,200,41313,dea719374529e9199c812c3b415b75bf7dd93a31ca411b98338b335a2abe5c6d,html
https://www.indoskript.phil.uni-wuerzburg.de/letters/table/388,200,33964,71461d08510829fde8e90fc4998a7fe9f90ec224e0f2425597d22b5ea5e6c02a,html
https://www.indoskript.phil.uni-wuerzburg.de/letters/table/621,200,34900,f373d3d037c7e70ebc43f44a2d9fe4ecfa9cdcfaf6618620f370fc63df37a2a4,html
https://www.indoskript.phil.uni-wuerzburg.de/letters/table/622,200,35844,4b2f0b90c7acc5e7e7e610e98706fb275cf1d9a34829028282a26d9c651e32bb,html
https://www.indoskript.phil.uni-wuerzburg.de/letters/table/630,200,34611,0d9dfc1b66e339eb9ffedd879f0f2f36f12fd06229c4aa5e599c1e058ab4f4f6,html
https://www.indoskript.phil.uni-wuerzburg.de/letters/table/798,200,32322,06c011a6aa0ea45f2e7fc1bff2b03836dddd7bcc47b435ef1ea71fb6cec5385d,html
https://www.indoskript.phil.uni-wuerzburg.de/letters/table/156,200,31480,12aadeb875a9fc084c26262a1a66878cbd8dc5a9d06eef6e64e335ec33459c7f,html
https://www.indoskript.phil.uni-wuerzburg.de/letters/table/450,200,30277,6160fc7ca914215e4d5766f49313c6536e32978e40526e498fb8eb5b4c22b9a0,html
https://www.indoskript.phil.uni-wuerzburg.de/letters/table/187,200,33974,3570b7fd1e23b68ea5a0360c2ccdbdc163c18a4d1fc186ace94c25bb4da3721d,html
https://www.indoskript.phil.uni-wuerzburg.de/letters/table/292,200,37416,3af336c71e43721db15b1a08fd5ffde47ee6a4725480ea05c3ecc0a6703596d5,html
https://www.indoskript.phil.uni-wuerzburg.de/letters/table/411,200,57891,eba32e484132c0207ecdea14ce8d97823176d2c95e978576b92e84a4be2922c1,html
https://www.indoskript.phil.uni-wuerzburg.de/letters/table/423,200,37053,97cd32e1d41be1ef90255552049834c0a7eb4afb37b657946d2a021656ec71dc,html
https://www.indoskript.phil.uni-wuerzburg.de/letters/table/623,200,37324,860f89503d0d801c17bc635de1fa5204007f64073f0575e06676bff7f3afd63d,html
https://www.indoskript.phil.uni-wuerzburg.de/letters/table/780,200,37491,e234fb5cc005731be4e5fddb9079cdd308261e83371afbe1b3fd42a3255225ea,html
https://www.indoskript.phil.uni-wuerzburg.de/letters/table/237,200,33926,6698c5a3afdcbf9b8cd0434825fc43b495c0590f89139ab57dabb102ffc3229a,html
https://www.indoskript.phil.uni-wuerzburg.de/letters/table/264,200,34856,79911ab1e9ff92c8aed1afc6d7326e4c863153b4c173fcfa989efa931d53c1d7,html
https://www.indoskript.phil.uni-wuerzburg.de/letters/table/391,200,32467,8b555e3d1f75e5fcd814587405d8d385e73abfa849eefaf7a8a5c520d85a0b77,html
https://www.indoskript.phil.uni-wuerzburg.de/letters/table/562,200,31356,0781d5d1c8db6203631319dd353fcfcdb9c1d826d25a0fbad19fa33e53707658,html
https://www.indoskript.phil.uni-wuerzburg.de/letters/table/603,200,37184,333ddb4cef1ef9fc68afc64d549137487deaf83c5f3dbcc6ee0c8307021d7289,html
https://www.indoskript.phil.uni-wuerzburg.de/letters/table/613,200,35771,899604bb62ed5684339e1313fd8bc95840a63aebe195335f52705bbaeca78d38,html
https://www.indoskript.phil.uni-wuerzburg.de/letters/table/742,200,34282,be8758296542396addfa90c177b0a60810a57458a6a6fc0cc7ec69fcffc0150c,html
https://www.indoskript.phil.uni-wuerzburg.de/letters/table/90,200,35553,835f610f1c23c5f03b11674bdc7108c3e4f617c9c6e3c1603852caf137577304,html
https://www.indoskript.phil.uni-wuerzburg.de/letters/table/15,200,30886,82ec97799aeb28df5ed8d3d4f4ba19f4cf4dea39b205ecd2c979557d729f07fe,html
https://www.indoskript.phil.uni-wuerzburg.de/letters/table/153,200,47611,17ad9b431dad1ce137aa26f33d2e0a4dd809b06d2755ee2b87d89be090662c96,html
https://www.indoskript.phil.uni-wuerzburg.de/letters/table/403,200,35307,571c716b7ff057a17a5748d4f2f79677d3fc44629aa0244ac9026f4d837195d6,html
https://www.indoskript.phil.uni-wuerzburg.de/letters/table/418,200,38665,4aac826e75f7062cad96a110050b4f6ef13632e22deea13bcce1ba0dd0efd2c1,html
https://www.indoskript.phil.uni-wuerzburg.de/letters/table/5,200,44068,dcba5020ccd06135bf1958757d40db96d8d69227e9524e5af8b534ddcb6f0c9d,html
https://www.indoskript.phil.uni-wuerzburg.de/letters/table/616,200,38213,b23f1e4c6d9478021717fdda8dc1974a69acf28a7ae0aa2ce7badb2f3a697f50,html
https://www.indoskript.phil.uni-wuerzburg.de/letters/table/632,200,31747,7cc0638c898ed33bb5f0d31355904a46f6c057c0e8fdc9d392e7c531d4139223,html
https://www.indoskript.phil.uni-wuerzburg.de/letters/table/677,200,34822,8784fb0f11ed9c21f47dccd20a64e493a0cb65c9d14c0871159260c6ae6ad677,html
https://www.indoskript.phil.uni-wuerzburg.de/letters/table/741,200,36015,e5e73edb96fb8486a011cb7b447d01a53b7c2a36cc4791ad3a04cce3da1015c3,html
https://www.indoskript.phil.uni-wuerzburg.de/letters/table/85,200,45270,a82982ee67a40ba8826e7cfecc32cffb29f5d999023bac88265141221ac38d67,html
https://www.indoskript.phil.uni-wuerzburg.de/letters/table/469,200,32369,53b8a57b41e29120a68580c9f6e14d2d5772178ea46bb9d6ab0ebcd520c0403e,html
https://www.indoskript.phil.uni-wuerzburg.de/letters/table/365,200,37813,ee3eaf20923be0a102a6c4acc4d202c5cd4976bf9cf8a6b0fc3cc5da122b4ff1,html
https://www.indoskript.phil.uni-wuerzburg.de/letters/table/192,200,32347,63f5a4c460b9ba0015b31ed5d018d63edfd5f7cf41c1dd431cbf9a7e6d7e0d3d,html
https://www.indoskript.phil.uni-wuerzburg.de/img/letters/105229.png,cached,15036,a920c54ab4912437681cb37f20303fcf27f037278f257180b3da81c60aed105a,image
https://www.indoskript.phil.uni-wuerzburg.de/img/letters/137729.png,cached,15036,4b65c2da07637c0f3b504cdabf50afe6be09e4aaf1f61e3af7b85336dcac399f,image
https://www.indoskript.phil.uni-wuerzburg.de/img/letters/67887.png,cached,15036,3664bffaefa29da94b651b0c2df737a44ae9b7f584c810d810c6f735a54adeb5,image
https://www.indoskript.phil.uni-wuerzburg.de/img/letters/163092.png,cached,15036,18ab200239a7e7948a0097b7efe60e393ef4ec2ae87da2c59ef6ff3dbc7d6377,image
https://www.indoskript.phil.uni-wuerzburg.de/img/letters/143448.png,cached,15036,d2df402572c5ffb6adde07158eca27045831edb69b78ef2aa8563a2a9dd70d52,image
https://www.indoskript.phil.uni-wuerzburg.de/img/letters/100163.png,cached,15036,4a1f294104b1a4b97a1b7521d8d3f02c62d74bee2c35328dd79af6a78bc4865f,image
https://www.indoskript.phil.uni-wuerzburg.de/img/letters/77674.png,cached,15036,0bfbdc62cc00363c408d5ce9bfdb6ee25a0545b2b9368f115021eca3fed5c2d1,image
https://www.indoskript.phil.uni-wuerzburg.de/img/letters/155694.png,cached,15036,859a7461aeee8db7ddb0a56236fc5b199e909e09024f8e7c09886428607b3762,image
https://www.indoskript.phil.uni-wuerzburg.de/img/letters/98308.png,cached,15036,fa0a85bca6da4945177fa0d1ad214975ae17fd38b5aa16ce61dd03a68daedb41,image
https://www.indoskript.phil.uni-wuerzburg.de/img/letters/128789.png,cached,15036,49c183d194193cf8539c24d6485916ae6b5507e630bf89c40997bac9b73f39c1,image
https://www.indoskript.phil.uni-wuerzburg.de/img/letters/26218.png,cached,15036,82feb7bd0423db152ded58929a0e42c319ed0b18d604271453cd21a51127d99f,image
https://www.indoskript.phil.uni-wuerzburg.de/img/letters/17347.png,cached,15036,0a74b35bb829079fbacd5bf0ff11475b5b8632f493c44448fa7a419c693c2da3,image
https://www.indoskript.phil.uni-wuerzburg.de/img/letters/8271.png,cached,15036,19935d557869d3d9b8f8a78dfb35474cdf4ea6e14e351e4416ff1671f12adfee,image
https://www.indoskript.phil.uni-wuerzburg.de/img/letters/57394.png,cached,15036,cc09ed02bfd9267b020824ed785beba4b59abf42c8d12cf808e40de91639c8bd,image
https://www.indoskript.phil.uni-wuerzburg.de/img/letters/91109.png,cached,15036,69249898546891a8fb1d936ccf9f29925dfcaff91fe2f51b2dc8751e01f99687,image
https://www.indoskript.phil.uni-wuerzburg.de/img/letters/108359.png,cached,15036,86232bcbb54c0bd785583ad1a2851cfd898b8597c23c7aa6504db2863474082d,image
https://www.indoskript.phil.uni-wuerzburg.de/img/letters/23621.png,cached,15036,737da23250567abb5f2247a95069ce65bedd867d3dcbd11673fe45740d309fc3,image
https://www.indoskript.phil.uni-wuerzburg.de/img/letters/309.png,cached,15036,2c74b9a2c864a21142d83d352095f1867e2bc71a604a165a71470b787272b51b,image
https://www.indoskript.phil.uni-wuerzburg.de/img/letters/52100.png,cached,15036,d7e3e130134201057742a8b95da4c8ea0187d49c7bd593ff9ec110607cca2432,image
https://www.indoskript.phil.uni-wuerzburg.de/img/letters/113248.png,cached,15036,2c7fd0c4d760b2c218ff2b00ae55f9c09b006edba07a1d2d7e187be069e0691b,image
https://www.indoskript.phil.uni-wuerzburg.de/img/letters/170739.png,cached,15036,48f187c72dae8d87c8a7b51fb2877df19ec6f35ba85d5528c6ba629fa9d3a824,image
https://www.indoskript.phil.uni-wuerzburg.de/img/letters/48677.png,cached,15036,66d45c0eeb01412ab65100647e6d29e1ea7eb2f4a742733164cb398942906f5a,image
https://www.indoskript.phil.uni-wuerzburg.de/img/letters/25518.png,cached,15036,51cea1a3db6d65dfd587e3d9e085f61c5fc8caf8b54cc70d21d914a48ee33c31,image
https://www.indoskript.phil.uni-wuerzburg.de/img/letters/155490.png,cached,15036,6b2463c73b74447bfb34953dea74e46f25df9918a2588e04985c57a94dc2c5ec,image
https://www.indoskript.phil.uni-wuerzburg.de/img/letters/15575.png,cached,15036,5b0d028024133b1d5202ea1b6be636e705591929e5dda2672c067d8aaffb743e,image
https://www.indoskript.phil.uni-wuerzburg.de/img/letters/98077.png,cached,15036,f0311aabeb501f7d32af46323f38da8673944368b655dc6a7607a6f95bf461ac,image
https://www.indoskript.phil.uni-wuerzburg.de/img/letters/61723.png,cached,15036,f33977337003eb117ca39c4a7630e527bda471e52fe04af1ce5283aec968e7f5,image
https://www.indoskript.phil.uni-wuerzburg.de/img/letters/34342.png,cached,15036,c4de99a899025fed13319607db134a881b1fdd9be9e1e28f45e9d049643ae4c0,image
https://www.indoskript.phil.uni-wuerzburg.de/img/letters/94929.png,cached,15036,330de26c4d9b2945e9a3c25a3b7f1a750e3aaf8842ee3530584f2ff203a90246,image
https://www.indoskript.phil.uni-wuerzburg.de/img/letters/42917.png,cached,15036,d093129f9d88ee3fdde4eb6401a0369ac12356e555da4c8f97fcefad1dfa06ba,image
https://www.indoskript.phil.uni-wuerzburg.de/img/letters/163423.png,cached,15036,1bf0f2fc0a2833a6f9987e23cb87ccc12657e4f042d92ef6406a15513b2b104e,image
https://www.indoskript.phil.uni-wuerzburg.de/img/letters/144403.png,cached,15036,4c3de53be7fd4d33f5925919254ca0df18799e5de8f63f3935756f537593f85b,image
https://www.indoskript.phil.uni-wuerzburg.de/img/letters/17030.png,cached,15036,fd031c2658a0f683a0f084f2f72574af4b9916f543480886e33ffa31f1bb88b6,image
https://www.indoskript.phil.uni-wuerzburg.de/img/letters/18628.png,cached,15036,e4cbb35fbdd6f9ebb6e81ba6650c3c354a25998e9893e34245ef94090ab470e3,image
https://www.indoskript.phil.uni-wuerzburg.de/img/letters/80497.png,cached,15036,c05a01780e35e63c4d3cf65af1eaa56faa57037b65fbc049a7dab4dc29e3c74d,image
https://www.indoskript.phil.uni-wuerzburg.de/img/letters/175302.png,cached,14026,5b9bacce04bad973153574c462c1ba5fff9faf10a5dcf0404cd6e100dfc7d349,image
https://www.indoskript.phil.uni-wuerzburg.de/img/letters/106358.png,cached,15036,7841ed313c38c2a7f3a4904df379ecdb17dee4e30efdb31a6a76ffa7987cde53,image
https://www.indoskript.phil.uni-wuerzburg.de/img/letters/156035.png,cached,15036,3540fde16f572592417eaf2655c5505e5b8d5ef9bfcb64a99366b92c3a08a240,image
https://www.indoskript.phil.uni-wuerzburg.de/img/letters/178769.png,cached,15036,5c6299802d621a480ef03acb7bc16a7522754cd9df14cfcd683323a4c4027e80,image
https://www.indoskript.phil.uni-wuerzburg.de/img/letters/54803.png,cached,15036,166122c1cc4f457de91b88ae6b48b56da91614fcd23df7571f57d5321fb5e2bc,image
https://www.indoskript.phil.uni-wuerzburg.de/img/letters/156004.png,cached,15036,03969add67be3bc9fe65cf63e0b96756ea24660a3cd16a8e7a165253e4d1c5a8,image
https://www.indoskript.phil.uni-wuerzburg.de/img/letters/127295.png,cached,15036,2a21626724f08bad176885c20af3f927183540edac8ad3a26e8fc77e7c1e5539,image
https://www.indoskript.phil.uni-wuerzburg.de/img/letters/100672.png,cached,15036,d88aae318bcd7d31bee9888ca4fe034e8cd309966a08abe139ba044b3189f3fe,image
https://www.indoskript.phil.uni-wuerzburg.de/img/letters/60529.png,cached,15036,bf30943e1d8a985f01bc33731d7abebba75eb3d34510d53131b8cddfc96b9f6e,image
https://www.indoskript.phil.uni-wuerzburg.de/img/letters/106599.png,cached,15036,c4c85639c31b23d8bb437661398c866ff401bd54bb8316447c3ee302a5729262,image
https://www.indoskript.phil.uni-wuerzburg.de/img/letters/55185.png,cached,15036,5816928591693b9ba5a935d38986953d24400a24f0bbcbbede2d0693d3e6dd43,image
https://www.indoskript.phil.uni-wuerzburg.de/img/letters/21442.png,cached,15036,46eaf00accd27707d4c790c227c33569750438d5cbe47f950da9c6f23c1562de,image
https://www.indoskript.phil.uni-wuerzburg.de/img/letters/18992.png,cached,15036,29ca4a59c65505c034fe00275db5c9e17d0a4b40e5bf2ba55eb9f9c984026152,image
https://www.indoskript.phil.uni-wuerzburg.de/img/letters/152578.png,cached,15036,331acc35953556453977a3589655cc94c37261b47a5941fd008e81712a8dbd8a,image
https://www.indoskript.phil.uni-wuerzburg.de/img/letters/652.png,cached,15036,263b79911429641d8b82f1cab14c73bb24ed9bba58874ab31110fa169f2e55d4,image
https://www.indoskript.phil.uni-wuerzburg.de/img/letters/137975.png,cached,15036,252228600afa8a3284725346e2e2edc9db68aa15eb5d10672277a9d9a445492b,image
https://www.indoskript.phil.uni-wuerzburg.de/img/letters/14706.png,cached,15036,9484e0ba89d43eb6251a00118007daf5a0690c46c333bdcfc6ffe20f2eca092d,image
https://www.indoskript.phil.uni-wuerzburg.de/img/letters/44079.png,cached,15036,87ce93b43c0f2290bde2968099da33adad865880fcf90d23a9681c2886592959,image
https://www.indoskript.phil.uni-wuerzburg.de/img/letters/20658.png,cached,15036,6c7c806a5abb82415fe8427d9643c49bda5a000ed3d0bc67ac5ef9bde613f1ef,image
https://www.indoskript.phil.uni-wuerzburg.de/img/letters/158766.png,cached,15036,aaf66d61243479a7de44a0ac895e07bec883f2555d4cc79c07916168c4f2baa8,image
https://www.indoskript.phil.uni-wuerzburg.de/img/letters/27902.png,cached,15036,38a1686e3043e68942181be22388fffa05883dee36c70334dd5b3a572564077d,image
https://www.indoskript.phil.uni-wuerzburg.de/img/letters/86774.png,cached,15036,4bc4bfe7fdbd8411f65d50a41ddd275e244c29cf20886366ee202b2717a45566,image
https://www.indoskript.phil.uni-wuerzburg.de/img/letters/77478.png,cached,15036,76ded6ab41e1ac1e39e0e561743c2b2f5810bd52b5bd9e39ead13cf4ed9ea62d,image
https://www.indoskript.phil.uni-wuerzburg.de/img/letters/158000.png,cached,15036,9948de75e9bc7e1930b1fcd26be6ac7441679e816740dc223c9a790b8d3b65d9,image
https://www.indoskript.phil.uni-wuerzburg.de/img/letters/36943.png,cached,15036,677e0763bcd5d68ace4ad6092f2e0689eb93737a60c8ed6a3220065a3620f95b,image
https://www.indoskript.phil.uni-wuerzburg.de/img/letters/84301.png,cached,15036,9aa0cf3a0f720120289e2b2643220d9aa6896a55ae31ff2448b1c292750bc8c4,image
https://www.indoskript.phil.uni-wuerzburg.de/img/letters/61130.png,cached,15036,8fa7a540cc3963208f29db6d74855f0d5c305bf81eec52f9d7fadcefd64f855e,image
https://www.indoskript.phil.uni-wuerzburg.de/img/letters/103033.png,cached,15036,1ee87ee0a154748a937de787999554c70008e4647576e0a877c2e65c02b8766c,image
https://www.indoskript.phil.uni-wuerzburg.de/img/letters/114021.png,cached,15036,b92b4608748d15c26d98102ad2e293d8354ce742b7d9771b6cb9f629e72bdc12,image
https://www.indoskript.phil.uni-wuerzburg.de/img/letters/129449.png,cached,15036,030e69d98e22035f6a1b3bcce8d1ae95d1596a9eda3c57f5c2897325d5439751,image
https://www.indoskript.phil.uni-wuerzburg.de/img/letters/96443.png,cached,15036,791e8d4111cdad9c40b4831827c8aa594b33ddff0735caa8b866965e95911475,image
https://www.indoskript.phil.uni-wuerzburg.de/img/letters/10536.png,cached,15036,41f4b481e0e71ebaec60e57e1dd12e722543ea1efcb33a0f183239872ea8dd9e,image
https://www.indoskript.phil.uni-wuerzburg.de/img/letters/66433.png,cached,15036,1ab2cee801ad79a481f76da01414438662b5651e0995d291e7c657c24f01f95d,image
https://www.indoskript.phil.uni-wuerzburg.de/img/letters/128400.png,cached,15036,d7c13651182133da4a74d4bead1b3cfa1cec2a51e39f14e3386f541d45aadb65,image
https://www.indoskript.phil.uni-wuerzburg.de/img/letters/114837.png,cached,15036,d7e10e6e85c111cf9ce925b488a0ca7808c34f1c8f66e9b8ccda2868565bef21,image
https://www.indoskript.phil.uni-wuerzburg.de/img/letters/148489.png,cached,15036,12f93925a0b0f81443d496b51fb5a13a388df7d545b55829d3afa547d7861178,image
https://www.indoskript.phil.uni-wuerzburg.de/img/letters/131294.png,cached,15036,82b1bbb2f61942ac4644e9adf7ed4d2a23f03f2e9a5fc3eeaa10e1f67304390e,image
https://www.indoskript.phil.uni-wuerzburg.de/img/letters/106230.png,cached,15036,bf1d37905a953ce551f1f076b9b72dcced42c1dc0e474794395585918ed08170,image
https://www.indoskript.phil.uni-wuerzburg.de/img/letters/64402.png,cached,15036,d1cff3f4bfac37761cb767cccfc71074f59ab0172418339cea1ff93bcd1014f5,image
https://www.indoskript.phil.uni-wuerzburg.de/img/letters/152393.png,cached,15036,38c657adc559d10d1f74396da65ae621735a261d94c7c59f0af922f880ae0891,image
https://www.indoskript.phil.uni-wuerzburg.de/img/letters/172222.png,cached,15036,6043ef1b72ac545f898129524e142a95a56c6297361ed65c4668973b8c67060b,image
https://www.indoskript.phil.uni-wuerzburg.de/img/letters/133251.png,cached,15036,39b4b021256f3078de5c90affcb996710e0bb137525431118d2d5d35d32a0620,image
https://www.indoskript.phil.uni-wuerzburg.de/img/letters/1326.png,cached,15036,6edee66036aeb826b3f0ee4d5bb98b7c93c34258d9763c8746436b871eb80804,image
https://www.indoskript.phil.uni-wuerzburg.de/img/letters/69010.png,cached,15036,ac73c302dac74c50ed3a729898e2180a8b87db30b22f1c23dcd8d7946dc1d11e,image
https://www.indoskript.phil.uni-wuerzburg.de/img/letters/124357.png,cached,15036,6d17f5c250da8876cde0302450ac72d8393a2edb7fb211a66eefefc5ea3b621d,image
https://www.indoskript.phil.uni-wuerzburg.de/img/letters/87472.png,cached,15036,18d3338723f3b4a134e3e0d66bb17fcde6c71606b73eb451973f0cdda7c746e5,image
https://www.indoskript.phil.uni-wuerzburg.de/img/letters/78500.png,cached,15036,e9fd5e028fd48e8f8dd15452114e13ed2f5e6d04abd63c112907bc6b8f3b2799,image
https://www.indoskript.phil.uni-wuerzburg.de/img/letters/54584.png,cached,15036,2304e6df44316cfd51724273e05749419977e6845c27cb783d20b436c11424ef,image
https://www.indoskript.phil.uni-wuerzburg.de/img/letters/119216.png,cached,15036,b16f3a54b51d9438e6582d2c8db0b260733d1432a7f98afe3c5f6ef40ef4d37e,image
https://www.indoskript.phil.uni-wuerzburg.de/img/letters/133712.png,cached,15036,3d0d0decb88d38d59acb72184555d2f8c984420dbdc5e68b043f89efa300337d,image
https://www.indoskript.phil.uni-wuerzburg.de/img/letters/129417.png,cached,15036,c9f009ee26f9ac0901ee220046cea46b851bbc81b4d7c3b3d5ea82fb4d9ecfcd,image
https://www.indoskript.phil.uni-wuerzburg.de/img/letters/20114.png,cached,15036,ed05017246ae4b9cb95c01acf3a3f084cec04e4552ea2ded5e3faa13fd72daca,image
https://www.indoskript.phil.uni-wuerzburg.de/img/letters/175948.png,cached,15036,7f279e8c8e05d861be95f809d58bf6c84cd938eb57c603b03d59e20b804febdd,image
https://www.indoskript.phil.uni-wuerzburg.de/img/letters/49576.png,cached,15036,a3d24cc12c4cf10cf5a8a79df310b9ed8551a00396a089f369648551325b8a05,image
https://www.indoskript.phil.uni-wuerzburg.de/img/letters/2631.png,cached,15036,0bb4af385b80b16d334d580d2dadb1564fc20bab051f2061682c7b5cf823901f,image
https://www.indoskript.phil.uni-wuerzburg.de/img/letters/130133.png,cached,15036,acd95d3ab9b72b44773f779782b0805bc1a9f0327c4571d761570e42a3b04350,image
https://www.indoskript.phil.uni-wuerzburg.de/img/letters/128971.png,cached,15036,fc55a5bd44dc66745286fb86df8f3e86b94c3f93dedcb5351a720bf270a9b748,image
https://www.indoskript.phil.uni-wuerzburg.de/img/letters/78697.png,cached,15036,5f89d4d2a4a57e270b484bbf7a31b89c3d4ebae953d7f2ba7983bb75e2f29d6c,image
https://www.indoskript.phil.uni-wuerzburg.de/img/letters/150296.png,cached,15036,b7bfb45189655ce4c3960191da19c70eb4877ce0585bf6a35d12776f4d01a7b1,image
https://www.indoskript.phil.uni-wuerzburg.de/img/letters/131620.png,cached,15036,92b0de42598f910857859984bc76a53c1a7c46f1caa79b5813c75cc9bf59eaee,image
https://www.indoskript.phil.uni-wuerzburg.de/img/letters/21805.png,cached,15036,3bc6de1fd816a7f7bd3be68c27a4b22a18234c5c1dbc54dd06713d7fc8110b7a,image
https://www.indoskript.phil.uni-wuerzburg.de/img/letters/87075.png,cached,15036,cbe5e27e0f0ba5f1bc8ac5442844385188072f564c03276b790ac51ec76923d0,image
https://www.indoskript.phil.uni-wuerzburg.de/img/letters/15914.png,cached,15036,262f09110388e0bf5d037ccddb89b9e7a5f121d1746fb73c3cd4330d513bd81b,image
https://www.indoskript.phil.uni-wuerzburg.de/img/letters/55221.png,cached,15036,76ee1a5114b803271bf0657ed3d5666e17c10cfd370d5559a2d74dda54bdc439,image
https://www.indoskript.phil.uni-wuerzburg.de/img/letters/95955.png,cached,15036,6473c042273924f5af020deb1b112dc262784253a697107f0e9296b98cee9520,image
https://www.indoskript.phil.uni-wuerzburg.de/img/letters/34150.png,cached,15036,3cbec0bf573b71545a5608c7376f614c6a60a9bbcf1a9fc9bd023e04ae4c8ffa,image
https://www.indoskript.phil.uni-wuerzburg.de/img/letters/77131.png,cached,15036,1d813e0d182b2203d40cbec2674467b20ac34dbd011494e84614140c0d6e628f,image
https://www.indoskript.phil.uni-wuerzburg.de/img/letters/88163.png,cached,15036,af3f3bda8cbdc22a8b3ec7d176cfb0187262b59329b076f007fb35ef633fb5f6,image
https://www.indoskript.phil.uni-wuerzburg.de/img/letters/130019.png,cached,15036,9460b10c5f3d66659f8065c651b000aa0c61885f1fbbb7117adaa770cb06db13,image
https://www.indoskript.phil.uni-wuerzburg.de/img/letters/153797.png,cached,15036,a1ea69b5f7b6f8bbd2e00958383f5740c68364ef0eb92e0c62c34d79cdb3d3db,image
https://www.indoskript.phil.uni-wuerzburg.de/img/letters/67173.png,cached,15036,019b35bbb446ee7d5f6c8d95083d4d896a20492fc5dd0296951bb6de6789db97,image
https://www.indoskript.phil.uni-wuerzburg.de/img/letters/159833.png,cached,15036,c8832291678f36d0c0ae5e60d0394104f4e8881aa70e51611ae915e5b49cdf93,image
https://www.indoskript.phil.uni-wuerzburg.de/img/letters/154706.png,cached,15036,8e481a2e1ece6e351d0770fdff9bca15929222007ff0681085f120e9c1b35bab,image
https://www.indoskript.phil.uni-wuerzburg.de/img/letters/101760.png,cached,15036,14838f06c73b53208d674aa4621a069c84dc62a9c13e92bf127648d7cb9cd1e9,image
https://www.indoskript.phil.uni-wuerzburg.de/img/letters/141437.png,cached,15036,f140a8502f5ffbb08bb4dd43cf08c0a2d6d206d5ab8d8ddeb9d1e2990ef9b904,image
https://www.indoskript.phil.uni-wuerzburg.de/img/letters/173586.png,cached,15036,7f416caa2835f0de321a0693d67e64eaca8ca68fc07740d71d5995d99a52753f,image
https://www.indoskript.phil.uni-wuerzburg.de/img/letters/141173.png,cached,15036,5aa88b6f5ad188414d946cc84daf429f328ca3ea8192bfe50165e0f12c34c5d3,image
https://www.indoskript.phil.uni-wuerzburg.de/img/letters/76398.png,cached,15036,7791091c5b16aaaaeec267ad8f38606de8bf3901233843ddbead4f35bf92f9f5,image
https://www.indoskript.phil.uni-wuerzburg.de/img/letters/145357.png,cached,15036,f75ed839496eea10ef311f3aeb91c9071e3210e5b0ab31970412d0418195285f,image
https://www.indoskript.phil.uni-wuerzburg.de/img/letters/159832.png,cached,15036,d1f20ae674d09fecd2407f5991c806295654085943bef41d319bfdb896439461,image
https://www.indoskript.phil.uni-wuerzburg.de/img/letters/21560.png,cached,15036,84ab956706fbf93d3c595674a3eb44601d11124cde6bd2f77bbdefe5331be3ff,image
https://www.indoskript.phil.uni-wuerzburg.de/img/letters/87691.png,cached,15036,9a8b2d6476b7624d0ff73a06616b942a06af1e01abc343bd09d6df16f0dda1f4,image
https://www.indoskript.phil.uni-wuerzburg.de/img/letters/166741.png,cached,15036,024ca2acae6bf46545e965ab2a5a8b15e52490351e4ee3614f7aeb1f4600d264,image
https://www.indoskript.phil.uni-wuerzburg.de/img/letters/84423.png,cached,15036,768fcc4e5cf0596f4f5f6a741b75e096ecb58dc7f7656b9dfa4e3761c69702e6,image
https://www.indoskript.phil.uni-wuerzburg.de/img/letters/154357.png,cached,15036,c8303ca21a775041aeafeab6f36dc0726dedc67c9b360ee2a258b6f8b87df351,image
https://www.indoskript.phil.uni-wuerzburg.de/img/letters/36478.png,cached,15036,eb49b564680a5eda35d6d980bc55ec5f9f400f81e5c8b92ea1f8b2dfbf173b15,image
https://www.indoskript.phil.uni-wuerzburg.de/img/letters/72173.png,cached,15036,2d84552b06eeb67178dc591d60d97aace995635c9bae04c45f5cef1c994f5e6f,image
https://www.indoskript.phil.uni-wuerzburg.de/img/letters/143163.png,cached,15036,55e186679772c12d24fd98fac3f797fcff1731c20229ce294471b51c54e470a0,image
https://www.indoskript.phil.uni-wuerzburg.de/img/letters/17711.png,cached,15036,5abaf2949bc8b895481ff03242a8fb7a7cc92303279e1230799294fb05c2fd63,image
https://www.indoskript.phil.uni-wuerzburg.de/img/letters/9324.png,cached,15036,c8224cdb8d0df5075d28afe5b046f819e1acbdcf3904997242fafbe151ee053b,image
https://www.indoskript.phil.uni-wuerzburg.de/img/letters/47102.png,cached,15036,72089cc694107b8ee511c2612e76831726b838342e0ac52ef23d4390ee34e0cd,image
https://www.indoskript.phil.uni-wuerzburg.de/img/letters/104158.png,cached,15036,a4cc9632d88c45f723bc8610f27fe36fef2fe6a1e916ee8dadb6a88a1643f283,image
https://www.indoskript.phil.uni-wuerzburg.de/img/letters/28835.png,cached,15036,81853cdfea8d6713afd8d11f4cf70c859e8c4c6353949999fc436fa57fe4c6d9,image
https://www.indoskript.phil.uni-wuerzburg.de/img/letters/9713.png,cached,15036,46c3f6e677b3be5b78a983e816e91d0895c3a7e3819ed921d8a21aa4fc5b612e,image
https://www.indoskript.phil.uni-wuerzburg.de/img/letters/103892.png,cached,15036,b7235abf41a858747877e26e1481c0c114372671779db56b5a01e5f1c041b476,image
https://www.indoskript.phil.uni-wuerzburg.de/img/letters/56459.png,cached,15036,1a85bc3e8655cf90371562ddd351b174f1a1db46340c63ea9834348f7b650d1a,image
https://www.indoskript.phil.uni-wuerzburg.de/img/letters/181249.png,cached,15036,b03f15008888e2c00618e11b316b0b52804968d42992a3f4aa3f5d87d02e8b93,image
https://www.indoskript.phil.uni-wuerzburg.de/img/letters/53910.png,cached,15036,a1d35ef1329a21bd91318b19fcf5291f91db37845e951cdd843a2491d88981f5,image
https://www.indoskript.phil.uni-wuerzburg.de/img/letters/157056.png,cached,15036,1fdc1ae48da4fa5a04d5cae84a6b1ccc0af0dc341d46b4d955c4edaa7acb7b45,image
https://www.indoskript.phil.uni-wuerzburg.de/img/letters/161054.png,cached,15036,9d68e1d7bdf3464450cd8f83e9ffadba7c7d6251f83fa6baa7241e50d9053003,image
https://www.indoskript.phil.uni-wuerzburg.de/img/letters/109608.png,cached,15036,2b52b8909f98f5d7f0f0970ebeb1bdee28ceb14ddc5722aace30514d3248d877,image
https://www.indoskript.phil.uni-wuerzburg.de/img/letters/180533.png,cached,15036,edf957b10ebb1e7b55b6e3fe0c91d6f44b05141d3ec1d3ade9f23b80a15887dd,image
https://www.indoskript.phil.uni-wuerzburg.de/img/letters/82151.png,cached,15036,d23556d574d30f968f97e0289972cada11566a59699e82f737845671f5479daa,image
https://www.indoskript.phil.uni-wuerzburg.de/img/letters/95461.png,cached,15036,69fed0c8c1dc8a7459ab1490813889d4bdbb746fc403b2ba23de17c1f7a212a3,image
https://www.indoskript.phil.uni-wuerzburg.de/img/letters/145913.png,cached,15036,d4eb26738dbc71a9ad472dd3add98834174f3cf6e467692bc9869e23f538bff9,image
https://www.indoskript.phil.uni-wuerzburg.de/img/letters/145113.png,cached,15036,daa3fbf8798d019f1accbefcec561bec8473a47d3d563719d93a348a7683ed96,image
https://www.indoskript.phil.uni-wuerzburg.de/img/letters/13469.png,cached,15036,411614e05996a56afd610dc4c6e442501f5afa8aeadf9e19d8ac7eb760da7de0,image
https://www.indoskript.phil.uni-wuerzburg.de/img/letters/74870.png,cached,15036,6633b4a6b6558285909c1028c78e444defadcb45539ac32810173332aa966685,image
https://www.indoskript.phil.uni-wuerzburg.de/img/letters/117569.png,cached,15036,d624830eec5b7023278d2a1300f4c50df1b65b194bbe5f8a2476563cd8b5145f,image
https://www.indoskript.phil.uni-wuerzburg.de/img/letters/142015.png,cached,15036,a9924e5f57447aa97dbc6e75b930180d600579cf8357e70b7a73402e2a7bf050,image
https://www.indoskript.phil.uni-wuerzburg.de/img/letters/155807.png,cached,15036,afd265c6c53513deedc017e879caae75390793599f991fa8f12d8a72d23f5244,image
https://www.indoskript.phil.uni-wuerzburg.de/img/letters/17001.png,cached,15036,346b38fd373bf13ffaefad7e400074411830b6e11823c6bfb529e6eac8d252bb,image
https://www.indoskript.phil.uni-wuerzburg.de/img/letters/123639.png,cached,15036,a7fc48efe61d3616633a102e322950e4b48b68080520f0390e959f22a3ef2f2b,image
https://www.indoskript.phil.uni-wuerzburg.de/img/letters/84531.png,cached,15036,234f2f147fa5a1ae17174e1d7b323da26c4ecccb55613d90e5fa90b8801181fb,image
https://www.indoskript.phil.uni-wuerzburg.de/img/letters/31334.png,cached,15036,726d2c69ac9e6f06790d91dca2b967e203bfd6b868b6a59afc13b2d579ecc879,image
https://www.indoskript.phil.uni-wuerzburg.de/img/letters/154608.png,cached,15036,86a2b5c8efc7f1b8749a25b4a0df75aa66f30e930a973cecc41f9a52f046ebe1,image
https://www.indoskript.phil.uni-wuerzburg.de/img/letters/109507.png,cached,15036,513c0ea7b92efd30711f2086808961882fe67e04d6f44c2f144c15c452adf1e4,image
https://www.indoskript.phil.uni-wuerzburg.de/img/letters/138495.png,cached,15036,ec931c3e8d43033f95abf500a1f72d6885e6628f3c54459b5eab9ab6ea6f8688,image
https://www.indoskript.phil.uni-wuerzburg.de/img/letters/27939.png,cached,15036,a7e34c451737eab9e39ac726034d04664c0ff4ab5077bcd5594cfaa64bba8366,image
https://www.indoskript.phil.uni-wuerzburg.de/img/letters/172720.png,cached,18920,5f7d0e05f8fccc1ebeed718e10963c09e6873ca7a5ad175d0b7fc373c170889a,image
https://www.indoskript.phil.uni-wuerzburg.de/img/letters/87728.png,cached,15036,e1679003d03f753697d5658c8dd969a0b34e13c9c516948a4e3955dff08f6c04,image
https://www.indoskript.phil.uni-wuerzburg.de/img/letters/51221.png,cached,15036,f698a78e7f21d61ec8d88a2d87d361a185873f5f461eca53173a69572f7d080e,image
https://www.indoskript.phil.uni-wuerzburg.de/img/letters/123545.png,cached,23260,9e1beb27f14608903e564e4392c4ed8c6ab3357545b0e8cfa2ce88ad9b29ac02,image
https://www.indoskript.phil.uni-wuerzburg.de/img/letters/154118.png,cached,23260,ec5a0ad95e8b1eae07954779647e5a48c42b745fb061d2bdea15ed50606e0938,image
https://www.indoskript.phil.uni-wuerzburg.de/img/letters/48271.png,cached,15036,d1efec2e4b22d2611f63b7acbe50cfc5a48f6edc436194001a335f207c011504,image
https://www.indoskript.phil.uni-wuerzburg.de/img/letters/42254.png,cached,15036,cb157b57d7d2b40c58f4385e41a5df75dda7efb8ef1876c6a55e98156f4ab3c4,image
https://www.indoskript.phil.uni-wuerzburg.de/img/letters/9930.png,cached,18920,ef75b302b047ff921f7fa5693eb86dd52be855b8d585a732c2060539bf608dc4,image
https://www.indoskript.phil.uni-wuerzburg.de/img/letters/9192.png,cached,15036,bf25109d637139c2ed30f2c8033ac9ad9604e8a3bc8111b78482b525a095cdb3,image
https://www.indoskript.phil.uni-wuerzburg.de/img/letters/32058.png,cached,15036,41fb8a88df7666d3f36a11117dc30d5d647619b04f5b44db1e2605f98f5c6420,image
https://www.indoskript.phil.uni-wuerzburg.de/img/letters/172862.png,cached,15036,9395a28020a0ad604a735e6256f420724a89fc39430146f3e1cf0adc56f19d75,image
https://www.indoskript.phil.uni-wuerzburg.de/img/letters/71223.png,cached,15036,baddaa899226289341fb2a20298a5c813f053d06d2c60f5935115a076142b0d4,image
https://www.indoskript.phil.uni-wuerzburg.de/img/letters/56294.png,cached,15036,5d6c44c73edc6e3ffb0b7eedde19acd656acebb36997267dd3824b245c4bf0cf,image
https://www.indoskript.phil.uni-wuerzburg.de/img/letters/152447.png,cached,15036,d8e853e5b3284c8ba14866d8e20a199934ccbaa36e033ee62aeec8ac602d3936,image
https://www.indoskript.phil.uni-wuerzburg.de/img/letters/101132.png,cached,15036,d748df451a8a782861b3707c6d981c0b579ceb62e847bf7988f2c942056294ac,image
https://www.indoskript.phil.uni-wuerzburg.de/img/letters/92746.png,cached,15036,19d02bf4ce99759fa480d1a7c3b2f21f28b366ecbcd86eaee9001ef437675d4e,image
https://www.indoskript.phil.uni-wuerzburg.de/img/letters/128303.png,cached,15036,6dde640d09d84b569b4bcda5a8c2e37913128b3d5bc4dd3a8f1d9ae3b967cd54,image
https://www.indoskript.phil.uni-wuerzburg.de/img/letters/54180.png,cached,15036,14ae91d48b1c6ca2db627082ea87e8fcc9f3085a09fde610facbf22596bf107d,image
https://www.indoskript.phil.uni-wuerzburg.de/img/letters/34861.png,cached,15036,54a029bf856dd66f3bd51ca8a6a28a6c6973c9e7f6a24e89d7652e731defbccf,image
https://www.indoskript.phil.uni-wuerzburg.de/img/letters/157543.png,cached,15036,9b2e914fd6e3a565b3f2bf25999b66b1762c40d0e81ecd91c17fe2bc8994274a,image
https://www.indoskript.phil.uni-wuerzburg.de/img/letters/142557.png,cached,15036,972afe18eb48874b0e382fd900bca0ca99c32f2069d8742293c2ff23923cf3ea,image
https://www.indoskript.phil.uni-wuerzburg.de/img/letters/27564.png,cached,15036,feb9eddda08245bb75426121cf9e29adf34c24b76623764a2ad77fcf88d54e07,image
https://www.indoskript.phil.uni-wuerzburg.de/img/letters/16880.png,cached,15036,19281db479b5e16ad96ebf25d6b0d1b19cc2755b2535a91a4bb0fb91066ae5be,image
https://www.indoskript.phil.uni-wuerzburg.de/img/letters/44293.png,cached,15036,531ba823856fef91243ffa9206904fb5eac77661b0517f4a20ed0e19c31b0246,image
https://www.indoskript.phil.uni-wuerzburg.de/img/letters/61408.png,cached,15036,a02f7c4efbb11e4574f7fc427f1db6b6bffa585f28befc27773a94ae6ef446fa,image
https://www.indoskript.phil.uni-wuerzburg.de/img/letters/176655.png,cached,15036,2d97c2418935c06986787d1d996e8e3831f0c03d93c398e5ffb38d0545ff1e7f,image
https://www.indoskript.phil.uni-wuerzburg.de/img/letters/59450.png,cached,15036,7c96c63ff46d53c7b978b27c3f0b64381775f3533141787a618d312fec3bcb0f,image
https://www.indoskript.phil.uni-wuerzburg.de/img/letters/55630.png,cached,15036,49c29d68b723bdd6bfd453d9d9ed570a15fb29fe268441830d5755febabf3781,image
https://www.indoskript.phil.uni-wuerzburg.de/img/letters/163157.png,cached,15036,8cc0b9032effb1b488bc07b070c7e826459579b6ca667a41b204a7befd1b9cc3,image
https://www.indoskript.phil.uni-wuerzburg.de/img/letters/144796.png,cached,15036,1bf6ff4c51d480baea6c46429e24f2703dbbab47f3d7db161d4559a0eb5ca185,image
https://www.indoskript.phil.uni-wuerzburg.de/img/letters/106002.png,cached,15036,c72cae53d08712b3704e32c0bb8810f789e62b00a7d522dacaa59a2aca0647d7,image
https://www.indoskript.phil.uni-wuerzburg.de/img/letters/101209.png,cached,15036,058431c3f9803106ca0bf55b5935fb0c836b3b2cf4690c239b217f3ae730ad8c,image
https://www.indoskript.phil.uni-wuerzburg.de/img/letters/119818.png,cached,15036,2da0f1b99203ed9e0668d225d656117badf9ed3853cceb83d0e10f716395bc14,image
https://www.indoskript.phil.uni-wuerzburg.de/img/letters/180687.png,cached,15036,f3a985587ca5dff9c4942d286132896f17ae180dd3804547b54e635400e794d4,image
https://www.indoskript.phil.uni-wuerzburg.de/img/letters/62799.png,cached,15036,014137df2bd780471c3d2e01354ed5748141a8011b2d00196b0010151e790c64,image
https://www.indoskript.phil.uni-wuerzburg.de/img/letters/100667.png,cached,15036,d6c6a09674374652a80ffeb7eacc7d2ca87a709dd2ed2bdda97e9ff51ba44c9f,image
https://www.indoskript.phil.uni-wuerzburg.de/img/letters/104501.png,cached,15036,0dde9489254490f48032610a7132414b708415fc8c656b15651c4448adbdf302,image
https://www.indoskript.phil.uni-wuerzburg.de/img/letters/73300.png,cached,15036,4005ea323fbe5ddf69c4c76bd1cb14182496f2cb572b94f81af6c02b9ba0d8af,image
https://www.indoskript.phil.uni-wuerzburg.de/img/letters/109437.png,cached,15036,fa0c9ea972642ccf42bd6edd95d85172c801dbfc3431c9f50f7f9d32f0486e56,image
https://www.indoskript.phil.uni-wuerzburg.de/img/letters/58978.png,cached,15036,3a02739b533bb657bd911a4dbdd291b6b3c84e6df49bb04c9657211df6e6f134,image
https://www.indoskript.phil.uni-wuerzburg.de/img/letters/115151.png,cached,15036,8b7d7dc1eaa3dab58254ba5eebc6e4c55de8cfa82e0deb750f30d96956146bc6,image
https://www.indoskript.phil.uni-wuerzburg.de/img/letters/34258.png,cached,15036,da371d4a430f055645ae988d2df58115a34ca14aefa72739fc3213e1d75571ae,image
https://www.indoskript.phil.uni-wuerzburg.de/img/letters/145207.png,cached,15036,c18f437a1122287eb4e7d3598b97bae155c9cce7ec6932b98b4558ce8f2e3f43,image
https://www.indoskript.phil.uni-wuerzburg.de/img/letters/90451.png,cached,15036,6263d9cd7b356c6a69c9cce8c73fe50a152ac08f77d6069c5934f0ae21542802,image
https://www.indoskript.phil.uni-wuerzburg.de/img/letters/104995.png,cached,15036,ae5084faf0c3db453942a87a6d87afe2c1b384b733810ea584022c3d16a033c4,image
https://www.indoskript.phil.uni-wuerzburg.de/img/letters/10441.png,cached,15036,b69a2a622ef4b75a4e6b195bb9df10b1bbcddca237d01bfed555ef1c3446cef7,image
https://www.indoskript.phil.uni-wuerzburg.de/img/letters/14079.png,cached,15036,bd7a12c48f476dc0cf47f42b1c8822aebb8d9a04292738276b32b15b533c2fb7,image
https://www.indoskript.phil.uni-wuerzburg.de/img/letters/47747.png,cached,15036,2e0b15a359279eca349d7261ebee92dd17ae7fef25bf7cc3a9f1f26458cfdff8,image
https://www.indoskript.phil.uni-wuerzburg.de/img/letters/157672.png,cached,15036,001e044887d2c13e0c6a82957749691a59b45a4d029f0ac39530fa3084648fba,image
https://www.indoskript.phil.uni-wuerzburg.de/img/letters/146986.png,cached,15036,a964b2070b92a8b40bb09e86c0ee8d0dba08632733124c32ad2c86221364e82a,image
https://www.indoskript.phil.uni-wuerzburg.de/img/letters/16736.png,cached,15036,a47d7259b8ab9bb78245cb1153f70607b15381f0ad445248674c40ae5e44dd38,image
https://www.indoskript.phil.uni-wuerzburg.de/img/letters/150681.png,cached,15036,d125e7e972171c95a4da82daa04ab06e7fb10d1335abeba0986ec87f04e9c55c,image
https://www.indoskript.phil.uni-wuerzburg.de/img/letters/88850.png,cached,15036,b3eec3db5217605fabe1b121f828eab8a48d988bb8176c8c35c0445c8667634d,image
https://www.indoskript.phil.uni-wuerzburg.de/img/letters/171016.png,cached,15036,dce14cf40bb0f4dd8515260fb3fc5459214beff0a41c1d7a7f53f8111098d27b,image
https://www.indoskript.phil.uni-wuerzburg.de/img/letters/178625.png,cached,15036,1dcdb61369676adc3b99b21cfadbb6be80aa6a48c4096dc577a0a4b87509a5bb,image
https://www.indoskript.phil.uni-wuerzburg.de/img/letters/94084.png,cached,15036,e77046b5b6b0d6fed1518fc311deaac18ce7dc34d4e67b01afe8c0910869a24b,image
https://www.indoskript.phil.uni-wuerzburg.de/img/letters/149007.png,cached,15036,b82e7afa4678d4b110e02d3b7b26357dff8c9000b8723dd380bd260d5439c5ce,image
https://www.indoskript.phil.uni-wuerzburg.de/img/letters/133585.png,cached,15036,523f51a447939ceb2b6dbab1fb79776d53c0abd24e563333cb2d6ace9f2f0982,image
https://www.indoskript.phil.uni-wuerzburg.de/img/letters/1802.png,cached,15036,44e5d4180f9c155d862306884df8aa846fa48f2d9d6abbe56749484aa09aaa2c,image
https://www.indoskript.phil.uni-wuerzburg.de/img/letters/71491.png,cached,15036,22fd4ade9448f5573b533e2f06c3c4e93c21462e30541553ff0370168c27218b,image
https://www.indoskript.phil.uni-wuerzburg.de/img/letters/7960.png,cached,15036,e5a65ac2d8a0ee73cb4f09fa4a2465315cf3db7acb8adbe157eb3b99ba737c95,image
https://www.indoskript.phil.uni-wuerzburg.de/img/letters/133498.png,cached,15036,76c0e47727e0028c19cecbf03159703c292b0726158141d55a89db4172766c68,image
https://www.indoskript.phil.uni-wuerzburg.de/img/letters/8373.png,cached,15036,cd4ee6994f991587f2a826f0ca3388c731c537549f96f29f0d1cc25af45790f3,image
https://www.indoskript.phil.uni-wuerzburg.de/img/letters/126694.png,cached,15036,20dd0438918ef12a20abbfe957381553767f3935951af5918fa85f4198d4f844,image
https://www.indoskript.phil.uni-wuerzburg.de/img/letters/54302.png,cached,15036,2f44c681dbc8c1282e6e1f3200d7463aa643781af3c7cc479df1bf3df87ddb75,image
https://www.indoskript.phil.uni-wuerzburg.de/img/letters/147405.png,cached,15036,876addf00e2090a7e8538150a7485ccb3e61d315c944748a68561ef3d1b848bf,image
https://www.indoskript.phil.uni-wuerzburg.de/img/letters/160373.png,cached,15036,3c20b9cedd00c7ab3d621ff01247029a2c77cfdde3c561f4b2009fa6fcfd9ebe,image
https://www.indoskript.phil.uni-wuerzburg.de/img/letters/74333.png,cached,15036,84cbee0b32ecea3d19777a14c990f95979161ac6524e4057874c96691bbee4cd,image
https://www.indoskript.phil.uni-wuerzburg.de/img/letters/1637.png,cached,15036,3e66c769aa358a0a15a388d83bc7e7e140f3f57ad8960c9755f214d75b9d6cce,image
https://www.indoskript.phil.uni-wuerzburg.de/img/letters/112782.png,cached,15036,5f81851c96acebf77c3c41b2d54458670b9d3f0569b8ada766bb17697766b13d,image
https://www.indoskript.phil.uni-wuerzburg.de/img/letters/154518.png,cached,15036,4479a6f1a23378c87eb7fd09b4d1e87f7a703702683a5a829c0d2f26c2cb13e4,image
https://www.indoskript.phil.uni-wuerzburg.de/img/letters/159784.png,cached,15036,a134ccb030f06f391dc3e8828da0aa503479538a561911e320b4a951c2f8468a,image
https://www.indoskript.phil.uni-wuerzburg.de/img/letters/15215.png,cached,15036,85c4198659e626a09f3d43bca149f3d01ed60dadf8d11e2faa49af08a165fcfe,image
https://www.indoskript.phil.uni-wuerzburg.de/img/letters/117354.png,cached,15036,f77acdf6d25b6a222bff0794b7611f6ee85303bb4f6dd1bf8de8f26b38038e12,image
https://www.indoskript.phil.uni-wuerzburg.de/img/letters/64095.png,cached,15036,4dbc2ee752271594b1b17cde0f94a9cf98312be0778aaa15c7e23a37300460b1,image
https://www.indoskript.phil.uni-wuerzburg.de/img/letters/130437.png,cached,15036,94bb3f92fc2ae62921f50b7b9202d8251f7fd7a16c7ef0e2a57487454c8c42c7,image
https://www.indoskript.phil.uni-wuerzburg.de/img/letters/168719.png,cached,15036,885e75d06f98726aa295bee4eac0ffc18f32ec91264ae7fa8e70e80733fa4bd9,image
https://www.indoskript.phil.uni-wuerzburg.de/img/letters/77211.png,cached,15036,16cdf689704cda120610c1f54a7ca757f463055ddbe91b0a9e0b9aadf72a9c89,image
https://www.indoskript.phil.uni-wuerzburg.de/img/letters/165598.png,cached,15036,954dbf5f7641968fc3cdb22c48e522d0496bc6d1141b3d189317b3bd16d9b79b,image
https://www.indoskript.phil.uni-wuerzburg.de/img/letters/117180.png,cached,15036,fe684dc0d51f4fe6e21596e60dae011e69f4912e8d624e90bf1ff6fa6091a0ff,image
https://www.indoskript.phil.uni-wuerzburg.de/img/letters/139964.png,cached,15036,e19345208f8b3382387fc10fa38555ff3a9a2faf1e2c620e2b377661682f5627,image
https://www.indoskript.phil.uni-wuerzburg.de/img/letters/175978.png,cached,15036,eaa19e77c7d32212e775d8ecf8b77cbc3e21c1ac6397298bfd6212b690e79196,image
https://www.indoskript.phil.uni-wuerzburg.de/img/letters/126401.png,cached,15036,801a1e630d26ae8fc1bec9e00cf6e68885424fc76838df46150dfcc770726c12,image
https://www.indoskript.phil.uni-wuerzburg.de/img/letters/153981.png,cached,15036,73e4178e5a6e33368ce2d4e59bf1845c0b608c057d7ec302c67b6747fcbdab96,image
https://www.indoskript.phil.uni-wuerzburg.de/img/letters/21206.png,cached,15036,09c7cd5751c73505ddbd80a0bc3fa0411fc7ce931b6c67af312d75726f35931f,image
https://www.indoskript.phil.uni-wuerzburg.de/img/letters/97516.png,cached,15036,d936b07cf7e78b92411c5971d96997427cfd2de6e055f3e038e3a4684e1b6a9b,image
https://www.indoskript.phil.uni-wuerzburg.de/img/letters/136138.png,cached,15036,0294d6b017c3c712925d0c035bb6ee2ddd44fddc9514a03d13a8ea1cf1ff58d1,image
https://www.indoskript.phil.uni-wuerzburg.de/img/letters/156800.png,cached,15036,3652ab0ae0267e4eab901078fe22a06f4883901ed0c7051b944731837e586017,image
https://www.indoskript.phil.uni-wuerzburg.de/img/letters/9099.png,cached,15036,bee83c12e72a6286c02548f5511215efcdfe1088086c36801bd1091f90d0b381,image
https://www.indoskript.phil.uni-wuerzburg.de/img/letters/121499.png,cached,15036,24e7f0a05530f33c87296f81d3ffd8da1bbf9c2327e1750ebdbdb29c3dd7bfcd,image
https://www.indoskript.phil.uni-wuerzburg.de/img/letters/75757.png,cached,15036,22588bb736bd46e22c908b30dc8362b4650cb313f05dac333c16f3a1db8ea7d8,image
https://www.indoskript.phil.uni-wuerzburg.de/img/letters/154992.png,cached,15036,736601a890e79255f46a1d756d9e24c7799fa8d31aff33530f39e5f197f3d4a8,image
https://www.indoskript.phil.uni-wuerzburg.de/img/letters/56492.png,cached,15036,a370f6cbe3a363206e5a64bc8ee9f3eae0063725e7dfc0904d53d9f630500a53,image
https://www.indoskript.phil.uni-wuerzburg.de/img/letters/175320.png,cached,15036,c6a47294ee194b17aca90c2bc8f9a8e5115585a17987c2d76c8983aeb5a3778c,image
https://www.indoskript.phil.uni-wuerzburg.de/img/letters/151282.png,cached,15036,56a79b3f42b59674179fb198b1ec6c4b6fc6b55182a14b6fbff9097fb49b963f,image
https://www.indoskript.phil.uni-wuerzburg.de/img/letters/127667.png,cached,15036,123f08bbbe000af1b88411972ffa9c96be09306db51760a1ece13033724a7c7b,image
https://www.indoskript.phil.uni-wuerzburg.de/img/letters/158004.png,cached,15036,93010edb73f634658ed4685fbfa7eccc025243641e2fe7812383402014713566,image
https://www.indoskript.phil.uni-wuerzburg.de/img/letters/124174.png,cached,15036,f137de41c24962bec84da1c347c91a6cee044adbebd9647a8a7313dbee74db1b,image
https://www.indoskript.phil.uni-wuerzburg.de/img/letters/90977.png,cached,15036,704660d8e3f3f5b1e0db398593e5819d710e1f1354058f8ead1c5398e51c0f29,image
https://www.indoskript.phil.uni-wuerzburg.de/img/letters/142095.png,cached,15036,4e4382615b09cab81c6a12aa7cf0e0d09ed67fb726886d603e45c73282de86b5,image
https://www.indoskript.phil.uni-wuerzburg.de/img/letters/13568.png,cached,15036,258960d12d81e1d8efe2bcef8a2e305258ce567736a4507d57d4252cc737777a,image
https://www.indoskript.phil.uni-wuerzburg.de/img/letters/157531.png,cached,15036,bbb827c4e9c3b75a7550ab0652db352a4231e62f454248fac917a52c8f7c15ee,image
https://www.indoskript.phil.uni-wuerzburg.de/img/letters/39790.png,cached,15036,1c6fef77822d8285531f8ecd03db45078dd883669904cc4a1879dca73f789453,image
https://www.indoskript.phil.uni-wuerzburg.de/img/letters/101741.png,cached,15036,12d446c1e102ae2db9306dc400bc01f0eb6267af2824871bdf20b0a32d893267,image
https://www.indoskript.phil.uni-wuerzburg.de/img/letters/64056.png,cached,15036,a7e0e1bab3b7bce40df1e7aa9af95e4d640ff74d5af3bcccc10cd752443cd5e9,image
https://www.indoskript.phil.uni-wuerzburg.de/img/letters/59640.png,cached,15036,9b34e689ecc3a7c1ef9c1dd60c092a96ca639e118e7269a7c0faeca4a27e024d,image
https://www.indoskript.phil.uni-wuerzburg.de/img/letters/79871.png,cached,15036,a985a8265b1ebff8d96d7d49b5f5fd92029da6b613a3f0d56c6228f0387b50e1,image
https://www.indoskript.phil.uni-wuerzburg.de/img/letters/170317.png,cached,15036,87dd69c2c368a7048dbd7821e9841db07f845a9ba587d488266de6cbcb8fdedb,image
https://www.indoskript.phil.uni-wuerzburg.de/img/letters/126923.png,cached,15036,0fdc94d44beab72c90fbbb44040b8f302aecefb2e8cc4a957dbfa0b2795c1d8b,image
https://www.indoskript.phil.uni-wuerzburg.de/img/letters/157576.png,cached,15036,c1a87a201d3601dd01cd0bd6062f8fbc98c3af4a0dc705bfc9b5368558c8dee0,image
https://www.indoskript.phil.uni-wuerzburg.de/img/letters/5966.png,cached,15036,8a98f99904672fe063ecc91351ff188da8bde6ad8c0b4cac0404d6c8ee6a2a6f,image
https://www.indoskript.phil.uni-wuerzburg.de/img/letters/54817.png,cached,15036,135a47e00b02f02968d2b3157fede24d65f2743a1a0cc299ee38e3ac2a191670,image
https://www.indoskript.phil.uni-wuerzburg.de/img/letters/102250.png,cached,15036,9d31ff6b5e3ec02f8bc4354443b226746c6e40a4a98bb0680bb4f4b503f5d45d,image
https://www.indoskript.phil.uni-wuerzburg.de/img/letters/39926.png,cached,15036,4b4923bd5fb4be107ba2e2a8039ddf47f37a28406710c721f809c4ddaacfc9f7,image
https://www.indoskript.phil.uni-wuerzburg.de/img/letters/67257.png,cached,15036,20967bbe5770549cc6864fdd491435bddd9d6aefeb2b3133f840225509412c5b,image
https://www.indoskript.phil.uni-wuerzburg.de/img/letters/90404.png,cached,15036,07389c084e9b6f606b91c214bcc683d72d9cccfcc642825ff22c55c6ac3f163f,image
https://www.indoskript.phil.uni-wuerzburg.de/img/letters/70586.png,cached,15036,20c3636f65b625c1ad113d1b7f621a8f433c1dc8d912acb37ba97cde29828212,image
https://www.indoskript.phil.uni-wuerzburg.de/img/letters/40301.png,cached,15036,f377670f5e8880866941664ad0ae2223cd888ce9072a230a96b60f5256d0a091,image
https://www.indoskript.phil.uni-wuerzburg.de/img/letters/39112.png,cached,15036,abe41a1162f97fe4cab6eca35517cf701e112b6184a2ae32132b845254e79c44,image
https://www.indoskript.phil.uni-wuerzburg.de/img/letters/97080.png,cached,15036,540580f84b16527b166440448b1bf40c679a809249ff805d1720107500580bf5,image
https://www.indoskript.phil.uni-wuerzburg.de/img/letters/7282.png,cached,15036,4477b0ddd0b1914b7c50f2fc291aab5c20ccbabe7d86f3a2ce4a793b240e1145,image
https://www.indoskript.phil.uni-wuerzburg.de/img/letters/120903.png,cached,15036,4214d5b85ba3421ae48db2c5275fc9547223e3e52863e2e5008695daf99522fb,image
https://www.indoskript.phil.uni-wuerzburg.de/img/letters/27165.png,cached,15036,d6580be6fa8c1214f6f91c78b55314f3bcfbf3bb662367c7a83f7a36db11ea52,image
https://www.indoskript.phil.uni-wuerzburg.de/img/letters/3551.png,cached,15036,db20875960e16fd72173319876dba957b1442d421a07088b9653031ae8a2dcbe,image
https://www.indoskript.phil.uni-wuerzburg.de/img/letters/22414.png,cached,15036,5ea10bd167af197efcf8e4958caa053f4ea74268a1b6797d7f8b87f330e8d014,image
https://www.indoskript.phil.uni-wuerzburg.de/img/letters/47419.png,cached,15036,ad6b3a258dac03897baa581d5172fdf22d9bff2224070376236f56dedb1de21a,image
https://www.indoskript.phil.uni-wuerzburg.de/img/letters/116887.png,cached,15036,c689d8e7246cadf21e278473a7833e65a7389a81127ba27600d38007ad8698a6,image
https://www.indoskript.phil.uni-wuerzburg.de/img/letters/49257.png,cached,15036,89fcbe37c4b07745d03914c7aede66b26bd60db2be49cbcd2ad575f159bda5a0,image
https://www.indoskript.phil.uni-wuerzburg.de/img/letters/32049.png,cached,15036,0b403ba2dfcad0e7ee1997e2fc3ee918dd7abd0ab34c32b22b55d5c048e0af5d,image
https://www.indoskript.phil.uni-wuerzburg.de/img/letters/131948.png,cached,15036,e173c2add6f5dab5bb4828008ce4e89d12e2d04e35745b2d1e3ca724caebbd4b,image
https://www.indoskript.phil.uni-wuerzburg.de/img/letters/19492.png,cached,15036,88ee0952a8501027cb3b7a92bc9d36a22aa0f7a6900f07e0205c78582469356e,image
https://www.indoskript.phil.uni-wuerzburg.de/img/letters/73870.png,cached,15036,91d8e09bce306c93c85e25c4d14328c640b5fdd3227512f4030f9ba5c815c3d4,image
https://www.indoskript.phil.uni-wuerzburg.de/img/letters/78399.png,cached,15036,886c01cc4c84064c02b87a01d3fe79d3b22ea6aff2ada51d885394b02552c96c,image
https://www.indoskript.phil.uni-wuerzburg.de/img/letters/50218.png,cached,15036,6ed27a3db86751ec6d6376528615b4b53f291678cd7793368b00e3de8342fb09,image
https://www.indoskript.phil.uni-wuerzburg.de/img/letters/150958.png,cached,15036,702572407d369cc6e2cf695ddc180ca0e870aa810d1ed4b00d93cffbd6bb25f6,image
https://www.indoskript.phil.uni-wuerzburg.de/img/letters/128820.png,cached,15036,c74757028ab3ed6c374f85d9247f0529b1c73e3f4199034c316379cd9cbea24f,image
https://www.indoskript.phil.uni-wuerzburg.de/img/letters/121553.png,cached,15036,235943669791a4a2f202b779cd86d7b32b1fa9960cffe6eaa6636b6e29781ca5,image
https://www.indoskript.phil.uni-wuerzburg.de/img/letters/34801.png,cached,15036,f8172057baf7e29839e59411a09a8b06e47b40cff272f3d274d561d77b267574,image
https://www.indoskript.phil.uni-wuerzburg.de/img/letters/110818.png,cached,15036,b17b2c3277385fb498cb8b1c52a8062c1fcb7465b65619e2776ff7258a3d8f60,image
https://www.indoskript.phil.uni-wuerzburg.de/img/letters/98651.png,cached,15036,bafe3fe7c4349f1f67f8936caab0525cdf8cdc78fa7ca8b532141b76258ccb93,image
https://www.indoskript.phil.uni-wuerzburg.de/img/letters/159916.png,cached,15036,e3edee9567804438b74e39a1fe442fb3ff90c5bb8b18727df171ae8c9510982b,image
https://www.indoskript.phil.uni-wuerzburg.de/img/letters/107309.png,cached,15036,6e62ded1d1f02958e82ba0f4de417afd4af3d5c40ea931695cd9a2b59d32f2a7,image
https://www.indoskript.phil.uni-wuerzburg.de/img/letters/37425.png,cached,15036,889eedce9fb3e697079d9e7a40d450f441733dafc613aea74866e995abab818c,image
https://www.indoskript.phil.uni-wuerzburg.de/img/letters/71042.png,cached,15036,8ea3356e838049bddd7c510ef62ba3fb2615ebf855d3ca60e40841254af84147,image
https://www.indoskript.phil.uni-wuerzburg.de/img/letters/22430.png,cached,15036,1e166bf4c142bdff9a7cbbedfc915ef706bccbf47b86788e814ca295e96d3f00,image
https://www.indoskript.phil.uni-wuerzburg.de/img/letters/151016.png,cached,15036,7abd66bfc8a45b61366d63f1e0a2fc1e6be2f7b68ce6dbf542181b76f0eeddbc,image
https://www.indoskript.phil.uni-wuerzburg.de/img/letters/103450.png,cached,15036,e84fdd9eb8534fd2e76bbe328df5a6257af6a42bf02471ef82c0f13a532048da,image
https://www.indoskript.phil.uni-wuerzburg.de/img/letters/72701.png,cached,15036,54018c219d9951280e744cb2c6719031fa983f8a224b318d956613bddfa0221c,image
https://www.indoskript.phil.uni-wuerzburg.de/img/letters/137368.png,cached,15036,575ff28f33cfcdae147a49988bb528c8091dc174bca235f7a13d8f76a1a77dff,image
https://www.indoskript.phil.uni-wuerzburg.de/img/letters/167462.png,cached,15036,1aa457a6faefaf775fd5a4acd7caa35e92032d1d056e1f77bac845205468bff7,image
https://www.indoskript.phil.uni-wuerzburg.de/img/letters/103243.png,cached,15036,af8d852b135bb0fd97e6084aab3179f951ecd71f1b26d6c2ebeec4b02d6881a3,image
https://www.indoskript.phil.uni-wuerzburg.de/img/letters/127351.png,cached,15036,30f93bcee9993230126c6e6bad56477220f434cec244c79cf0f06f84538637a6,image
https://www.indoskript.phil.uni-wuerzburg.de/img/letters/121287.png,cached,15036,eeb676a84673a3738dd4d0439d6cb8a026044cf12dce05a3a40b8a83279624a1,image
https://www.indoskript.phil.uni-wuerzburg.de/img/letters/63349.png,cached,15036,bf2eced0827b568c9bff6386756f5b1948e6c0f20419af2f021574b036c7dc7d,image
https://www.indoskript.phil.uni-wuerzburg.de/img/letters/70678.png,cached,15036,16d5d0363b3601612b855828e1b2811f465917d40a8d35cf8455ff5c8e233171,image
https://www.indoskript.phil.uni-wuerzburg.de/img/letters/170865.png,cached,15036,f8998b2a510314164888773a7bca1d5b8557ff7a0d71f117584fed0ad193f482,image
https://www.indoskript.phil.uni-wuerzburg.de/img/letters/27349.png,cached,15036,2b50669f08812a8f8839b69c08796ba99eb459c4faf62e9f1eac5d165388456d,image
https://www.indoskript.phil.uni-wuerzburg.de/img/letters/84326.png,cached,15036,7b158d1682e1b980bd3c89a671372470cd8147259841a28b6e220f526f618ff6,image
https://www.indoskript.phil.uni-wuerzburg.de/img/letters/12735.png,cached,15036,0f0eb07a7b86698500cf6716d81db7636da9443aa44572e5e6a860e05a4bffad,image
https://www.indoskript.phil.uni-wuerzburg.de/img/letters/58427.png,cached,15036,8f591b785a6cd6627618643e6793c2743b84288decd1a8f3047b0ab4f6c47b82,image
https://www.indoskript.phil.uni-wuerzburg.de/img/letters/163954.png,cached,15036,ad046ecba1dfd2366fe9e724d6eded675ef664aff1f1182e7b9b913b9d1225c4,image
https://www.indoskript.phil.uni-wuerzburg.de/img/letters/14039.png,cached,15036,416cc24ac9215fd7081e6afea1c2b815a5987dac9e9ffd5360eaa56194e73b81,image
https://www.indoskript.phil.uni-wuerzburg.de/img/letters/71483.png,cached,15036,4e2f942838a974a4e735a5c406c43ed2219e7bd333cb563ae1502054f2c39d3d,image
https://www.indoskript.phil.uni-wuerzburg.de/img/letters/41186.png,cached,15036,10b8abfb0c5e812db33a05dc50f331b2520d893385af7055f4f49469a91e637f,image
https://www.indoskript.phil.uni-wuerzburg.de/img/letters/151873.png,cached,15036,a575348c894f29cfbc315b9c6102135afb6caed78a2ec354fef282258437121f,image
https://www.indoskript.phil.uni-wuerzburg.de/img/letters/133364.png,cached,15036,10c52bc56c6a470cb70c4289e1a337f88eb3f94f511e44638cf900fac312db9b,image
https://www.indoskript.phil.uni-wuerzburg.de/img/letters/63642.png,cached,15036,c394c2a6b0ce1e25d1e48aabe33ea65210606d8d0c9dd137ad70f25e0ba0d08b,image
https://www.indoskript.phil.uni-wuerzburg.de/img/letters/104936.png,cached,15036,1dd7e0cd77d41c197d3b85dd7dc98195c4a579dab323120309f29933398d51a2,image
https://www.indoskript.phil.uni-wuerzburg.de/img/letters/48974.png,cached,15036,b92629d763e77ea2fbd9d587af893f5341d80f7c21a2fc7d27de6b4e52f6fc3e,image
https://www.indoskript.phil.uni-wuerzburg.de/img/letters/66339.png,cached,15036,7e4ccd63e76b57836ea2720b54e91aa176310eb6742f73394c7755aa2862c1b0,image
https://www.indoskript.phil.uni-wuerzburg.de/img/letters/40190.png,cached,15036,a0750a8578d6c8150a830f0e2450999af64d57c3f3273af73a542218a91bdbf9,image
https://www.indoskript.phil.uni-wuerzburg.de/img/letters/45592.png,cached,15036,faa496e5265e69d4e219c1ff6541ca8494f67c5976ccc8b6ebd1d0ebb4e66634,image
https://www.indoskript.phil.uni-wuerzburg.de/img/letters/98942.png,cached,15036,6dd54dfc06b547495d2afd0d8967bf1df95d12036ecd16c493c9c01cb617d548,image
https://www.indoskript.phil.uni-wuerzburg.de/img/letters/135335.png,cached,15036,43884ba7a9af120b645232dce97a2eb0cdb92f4d9a5f0da167787a16d452eda9,image
https://www.indoskript.phil.uni-wuerzburg.de/img/letters/129456.png,cached,15036,dfb00913b1df6d3d0e4b866bba8057ede958ac98b43a5e07c249d92085d4f896,image
https://www.indoskript.phil.uni-wuerzburg.de/img/letters/32853.png,cached,15036,756254917c3b481318694af09f650843b028f821d92950484adda6392c327217,image
https://www.indoskript.phil.uni-wuerzburg.de/img/letters/88140.png,cached,15036,2a238d82ccb3d1c93ec13bfcea9eec283d1cacfd2b79164193f4132ac2a69f3f,image
https://www.indoskript.phil.uni-wuerzburg.de/img/letters/144184.png,cached,15036,b6ec92a3aa94b795ce457873e7e6ef39c1d85c6775cd40bc6e17afb71c3e7730,image
https://www.indoskript.phil.uni-wuerzburg.de/img/letters/171661.png,cached,15036,9fcfbd7bace8fbddaf8495f85b78ee7f7f0e2b9c730a2e441312f3d869bf1577,image
https://www.indoskript.phil.uni-wuerzburg.de/img/letters/18133.png,cached,15036,563764d49016c16e5d7d2d272ff8101687acd746744936700913897d13b479cd,image
https://www.indoskript.phil.uni-wuerzburg.de/img/letters/136568.png,cached,15036,bcc74437ef1ddbd445ba579271b76a024240bbc2155a1da4a41ecb27f52343f5,image
https://www.indoskript.phil.uni-wuerzburg.de/img/letters/173867.png,cached,15036,15cb675a56bab6edcc67139176ba42e3ee723dab78d943f1ebaeb77f2cba4a1c,image
https://www.indoskript.phil.uni-wuerzburg.de/img/letters/54948.png,cached,15036,e370560b75dcfb3b29efb0c6f8c5aee228aa7b35cb012a288d510d44b9449e3e,image
https://www.indoskript.phil.uni-wuerzburg.de/img/letters/81214.png,cached,15036,836d920880b216e178fa9f7cac4c13acde7a9c47cb663a9192ca709f56d34885,image
https://www.indoskript.phil.uni-wuerzburg.de/img/letters/181248.png,cached,15036,033a5e4aa414b85e0f368c0f65abf01ff7f4befb4001f4feaa03c87960993aa7,image
https://www.indoskript.phil.uni-wuerzburg.de/img/letters/12350.png,cached,15036,dc1e21c4eb512336dd251289bc948e22a62eded358801698d39d2050b94d7938,image
https://www.indoskript.phil.uni-wuerzburg.de/img/letters/46785.png,cached,15036,d2b76db489277b3b418958a2804aa69c83172a77e84058058d21f149a65fb62c,image
https://www.indoskript.phil.uni-wuerzburg.de/img/letters/130663.png,cached,15036,0134e5ff1328251485b6c78ff5f39bfbb5262443eb8e71327da857b8ac7e50a8,image
https://www.indoskript.phil.uni-wuerzburg.de/img/letters/94621.png,cached,15036,d681740ea0c3c712981b2ab91840f8f0cfca6a973ec82eca1f81aa5214be72e8,image
https://www.indoskript.phil.uni-wuerzburg.de/img/letters/131382.png,cached,15036,e21545832c98fc0335a1801ade71be2898f891e9e7f226fea4ecdfadef6e4852,image
https://www.indoskript.phil.uni-wuerzburg.de/img/letters/168819.png,cached,15036,0866cc827cf9da2b1a67aaddb5eb8c7fc9858e6358226c0ffaad20b1fc1ec85f,image
https://www.indoskript.phil.uni-wuerzburg.de/img/letters/181522.png,cached,15036,5524b72221cb265cbb30cba657f5ef51800f38c7837d18fb20d0e1cb32957be7,image
https://www.indoskript.phil.uni-wuerzburg.de/img/letters/45388.png,cached,15036,459d842cbbc6b65728578e8bb187ab48b63460ef8796b30fa53e164adc0b1d73,image
https://www.indoskript.phil.uni-wuerzburg.de/img/letters/113982.png,cached,15036,425c3858f471dd94b8d9b390c7e14250f3025d208b6b65610b3d5875c0796e5f,image
https://www.indoskript.phil.uni-wuerzburg.de/img/letters/131866.png,cached,15036,a95d892988cdf04dba183ffbad947a3c09dcf77c07cfa401f55b66a7736948fe,image
https://www.indoskript.phil.uni-wuerzburg.de/img/letters/74822.png,cached,15036,4e1022cfebba1aa3eaac9217db9960a51a2dfddafa26277e1fd239d39bf3bd9f,image
https://www.indoskript.phil.uni-wuerzburg.de/img/letters/64759.png,cached,15036,6b4ad72d697c0f50acedb80834bf9079b3b630ac1d0a5d589fc732d21a6316d2,image
https://www.indoskript.phil.uni-wuerzburg.de/img/letters/56489.png,cached,15036,c276dbfe4677b04199ccf8e78e37cf3142becfb8ef5aae640b90c7b1e3d851a2,image
https://www.indoskript.phil.uni-wuerzburg.de/img/letters/174241.png,cached,15036,6353c7164947d6edc6e1658303fff3571fe1168a74f9f339b0dcf5e16131bd1c,image
https://www.indoskript.phil.uni-wuerzburg.de/img/letters/31807.png,cached,15036,f8e01f81c6a505937abc727371da1a96f776fb3605f9d42af62b59cf88d225d7,image
https://www.indoskript.phil.uni-wuerzburg.de/img/letters/94316.png,cached,15036,2c97844c8868893051d325dfb8f685031c2b04f8c29e4f94d97c07fdfc761508,image
https://www.indoskript.phil.uni-wuerzburg.de/img/letters/38324.png,cached,15036,7780b0227a5beb8ade93fb4d55e8890b90851f134d886fc4e73da4c65423cace,image
https://www.indoskript.phil.uni-wuerzburg.de/img/letters/51239.png,cached,15036,3a8b5293d1234f17669112f4cb769ccfe4646869e839b3664bb2af8505c45b14,image
https://www.indoskript.phil.uni-wuerzburg.de/img/letters/58846.png,cached,15036,b8e1b98171fdf89fc20c145dfb179141532d6f27f50922be3c11fb53baf577c8,image
https://www.indoskript.phil.uni-wuerzburg.de/img/letters/18037.png,cached,15036,eee5a0fdfbcd96ac8bbc5edba68c0ff8d5813fddcc3bdef0b0e53319edde781f,image
https://www.indoskript.phil.uni-wuerzburg.de/img/letters/35365.png,cached,15036,734c94662994631573917f2a186c76418943acf68d74d33a2e3e9214c1f0577f,image
https://www.indoskript.phil.uni-wuerzburg.de/img/letters/14086.png,cached,15036,3358a4f353917e8f1d3be306131d7a889ecf77128ff59e09ec62df0162a48854,image
https://www.indoskript.phil.uni-wuerzburg.de/img/letters/21590.png,cached,15036,3807e65e39190bc390bdc408422474fd0b03ac996e29441e14c9673c7a59670b,image
https://www.indoskript.phil.uni-wuerzburg.de/img/letters/56303.png,cached,15036,11b70c47d1e5ce06208452aa3b90b9643fd93c5503c145bed9e10e139c089961,image
https://www.indoskript.phil.uni-wuerzburg.de/img/letters/40907.png,cached,15036,9340cb55ae6bab2fb581b1ef739f84a31845120f65951e01e720ce93c2afdec1,image
https://www.indoskript.phil.uni-wuerzburg.de/img/letters/98645.png,cached,15036,b4f37f6c1d04288133809f3de12a1092521f5f6d30bb2f05fa257570881ce179,image
https://www.indoskript.phil.uni-wuerzburg.de/img/letters/74934.png,cached,15036,3f4fecc22db8415d467162e1a5c95f1b753a8f60dba880a1a932668f6be00e4f,image
https://www.indoskript.phil.uni-wuerzburg.de/img/letters/31395.png,cached,15036,cb8faaa81b10a7d86d1f7a455c42d5fb4b71887c69b3ccb5540c6de4cade13a6,image
https://www.indoskript.phil.uni-wuerzburg.de/img/letters/9013.png,cached,15036,836059d8e2540eea66524021a03cd6bd15e2b8f0ac4f2d04c46d0f15e4fc1e74,image
https://www.indoskript.phil.uni-wuerzburg.de/img/letters/26137.png,cached,15036,23eeb4b375d00acc91946d19b749fa2380614914ccc06213935606e630c7f9a2,image
https://www.indoskript.phil.uni-wuerzburg.de/img/letters/169916.png,cached,15036,fc5e24a5d741673bd9801edff2e90fe35451f81c2b019a75896ba43a515dbd54,image
https://www.indoskript.phil.uni-wuerzburg.de/img/letters/33533.png,cached,15036,bc606c2a4dd03cfd733abe6774ad5a6523153cb210fe81265c628eb11e38b1bc,image
https://www.indoskript.phil.uni-wuerzburg.de/img/letters/123080.png,cached,15036,589672e83d1279e5939ad7c702be453f33b912ef1e2b200b35e87d2c8333b91d,image
https://www.indoskript.phil.uni-wuerzburg.de/img/letters/119066.png,cached,15036,c76c1a4214b39bbfd81d746af0836f32f82057993fba4f9cd276ed3cfd2f27fc,image
https://www.indoskript.phil.uni-wuerzburg.de/img/letters/71045.png,cached,15036,f9f728c52af72e466ab2e5a9d562ff9c1ceff3c762d4930bade0598fb644e855,image
https://www.indoskript.phil.uni-wuerzburg.de/img/letters/177395.png,cached,15036,77881cd3d7dbcff6fa6e1a9a614834010f6294fc9827f1b017316754410f8fa7,image
https://www.indoskript.phil.uni-wuerzburg.de/img/letters/176625.png,cached,15036,9ea04a50c0ebd46afcfa7dd59b9f775dcc673fcca2f1956322da283c2dff992a,image
https://www.indoskript.phil.uni-wuerzburg.de/img/letters/42811.png,cached,15036,923e031d71e208477669880b05b0fc57d8982eaf6259d68d7967f4b519e30a74,image
https://www.indoskript.phil.uni-wuerzburg.de/img/letters/126731.png,cached,15036,9110359f2ca845213d1e3559f236f8050a1a817e36578a05a95984581c4a8769,image
https://www.indoskript.phil.uni-wuerzburg.de/img/letters/17255.png,cached,15036,0b9c909b093cb9b8a010968f8f24742daa038fadd076d9b47d18f7390f2ccf2e,image
https://www.indoskript.phil.uni-wuerzburg.de/img/letters/98993.png,cached,15036,96e0a7ed64b7159358506a4ca876ae08c9a9f0a81f81352c2e9909e9c7d2a0c0,image
https://www.indoskript.phil.uni-wuerzburg.de/img/letters/33016.png,cached,15036,6b5f584b6c18d6afc17d81d179fe329b698430dec93619d89173f2bb04c8496a,image
https://www.indoskript.phil.uni-wuerzburg.de/img/letters/9717.png,cached,15036,dfec9baa6420f6447453b5e9b7bdb7fffae3e7469f4b01b9c71b209db1817107,image
https://www.indoskript.phil.uni-wuerzburg.de/img/letters/160721.png,cached,15036,87981bbc0cf5363cf483af6466651f1330fe81fb58d55c4eab7d4fbf7a6fdc85,image
https://www.indoskript.phil.uni-wuerzburg.de/img/letters/3114.png,cached,15036,fdce1f85a4feb1121fcea17dec831e164c4ff26a97d7b19d4c5697979a032181,image
https://www.indoskript.phil.uni-wuerzburg.de/img/letters/32830.png,cached,15036,83d41cea3d2c54359730ddaf4f1c29de4e697073bc8869f6db9ab6bacc3bbd04,image
https://www.indoskript.phil.uni-wuerzburg.de/img/letters/175219.png,cached,15036,abac923d434553d205d6753cc175e8130b41b7aea4cf5680b376236f3468cb9d,image
https://www.indoskript.phil.uni-wuerzburg.de/img/letters/175644.png,cached,15036,08f277b4914be0f5d8750fda6d6be8b0183340e6bf22e2e5c01697f322d5b94b,image
https://www.indoskript.phil.uni-wuerzburg.de/img/letters/53533.png,cached,15036,9a769d862d285e74139ee89fe7f68de610d960fc27edacc019827f869a5d2c05,image
https://www.indoskript.phil.uni-wuerzburg.de/img/letters/107454.png,cached,15036,e6d41d98264b9c5ae49bf58c70c3f034826f749a31f06ff282dedd5f0a1627be,image
https://www.indoskript.phil.uni-wuerzburg.de/img/letters/17705.png,cached,15036,5156bd4b1c8d7f9363c29482f8c330044a75c86049cf609e6f497cdebc095b83,image
https://www.indoskript.phil.uni-wuerzburg.de/img/letters/94612.png,cached,15036,5e6c251627a6890137e813628652dc09b36b1710bd3f2e43ee4009fdb8ef136c,image
https://www.indoskript.phil.uni-wuerzburg.de/img/letters/79212.png,cached,15036,2cb7d3172cd366454a28e70a6656425b016f7fa1f2830af94198be84f2b32167,image
https://www.indoskript.phil.uni-wuerzburg.de/img/letters/169231.png,cached,15036,0f8b141470df760bb7bbd179233a7da1289f252ded39953e4f7602ab116acbfd,image
https://www.indoskript.phil.uni-wuerzburg.de/img/letters/27922.png,cached,15036,dc9daa617e8db35064fbc3334bb33b23eef5747289d4a1de2ecf549fa3411a1e,image
https://www.indoskript.phil.uni-wuerzburg.de/img/letters/146921.png,cached,15036,fdc987eb8c188974ec9f4b55328b777a4b0bcc07d9676f7958588f03b9405c61,image
https://www.indoskript.phil.uni-wuerzburg.de/img/letters/95834.png,cached,15036,8034d1a166d88f59833a9684037df0257ce02f72f261a646d43cadf39cae1a59,image
https://www.indoskript.phil.uni-wuerzburg.de/img/letters/67003.png,cached,15036,10bbcae48fc8f5e33182ce9153dc5ee3841614d78d73fd32a8327ba02b8eee74,image
https://www.indoskript.phil.uni-wuerzburg.de/img/letters/72473.png,cached,15036,a39cb4b3e04b9c0b831abe1ea7ec6af4a48d33481d215b7a395d965f4d3f7635,image
https://www.indoskript.phil.uni-wuerzburg.de/img/letters/45065.png,cached,15036,116c68059de04212482a441daa88b933753bd9714291d2a7f5a7633120b4f783,image
https://www.indoskript.phil.uni-wuerzburg.de/img/letters/126769.png,cached,15036,1bd05c74cb53998112dfb9b91abf9e5b9094c5755e5eb3f39e493508e0dd644d,image
https://www.indoskript.phil.uni-wuerzburg.de/img/letters/5475.png,cached,15036,79a165029db9cf1176c1f397b653980d66a7735463c69529af644dae2ee9d527,image
https://www.indoskript.phil.uni-wuerzburg.de/img/letters/16985.png,cached,15036,bc3920cc3b9341e9203af08781a87ca7086819e072f5fcde123efb61ac2ebea8,image
https://www.indoskript.phil.uni-wuerzburg.de/img/letters/48479.png,cached,15036,c45621145c4c4fb19b90386e61a34b657948a46500bff4d120ce58c78643bfcc,image
https://www.indoskript.phil.uni-wuerzburg.de/img/letters/36767.png,cached,15036,87a6b099593e48acd2eca0a7877fef4a099f8c1f46d12c9f73d1416b9a33b75d,image
https://www.indoskript.phil.uni-wuerzburg.de/img/letters/61833.png,cached,15036,f3b3270ad046633649132627088c62fc1fb00e368805944bcba765e26d369678,image
https://www.indoskript.phil.uni-wuerzburg.de/img/letters/170338.png,cached,15036,0205a7c106f6468713dfb930879c93ce8b773ff650018647d695b53144963d46,image
https://www.indoskript.phil.uni-wuerzburg.de/img/letters/119797.png,cached,15036,44a9a48ec32b96772e14ffd4f5f6a3f595c6ac6fbdcee4914558041bf8fe2466,image
https://www.indoskript.phil.uni-wuerzburg.de/img/letters/31284.png,cached,15036,786c4f1596c666a042a05cbfd965137ea99750440d7cdb4630a7ace1001e3c5f,image
https://www.indoskript.phil.uni-wuerzburg.de/img/letters/119806.png,cached,15036,bf4e782932c96e3f8def5c128c510319cfc9424bfa14e3fb0b1f1770cbcc7d47,image
https://www.indoskript.phil.uni-wuerzburg.de/img/letters/2076.png,cached,15036,e98cf8d1c16e7b7b715c83381518daea5fb15b783ac9a9d8d71aa2d314f9f7d8,image
https://www.indoskript.phil.uni-wuerzburg.de/img/letters/167259.png,cached,15036,e432604abbda9a831e8cc97c0b9e2658c770a436add705e60de8d8cbaa5a4ab4,image
https://www.indoskript.phil.uni-wuerzburg.de/img/letters/142415.png,cached,15036,e7f14f160b09e16a084c281c33ebe24b9dec3f76f5a57023c4208d918b51d260,image
https://www.indoskript.phil.uni-wuerzburg.de/img/letters/95545.png,cached,15036,432874714436429f24a9e83484f74dac1ad7b2f699745f908ea0316eb6dd51bf,image
https://www.indoskript.phil.uni-wuerzburg.de/img/letters/112102.png,cached,15036,cbb45c2108b8a9fb6e32b1077e05d80b8efd5ea0c32de239438cb7fc9bc38260,image
https://www.indoskript.phil.uni-wuerzburg.de/img/letters/32249.png,cached,15036,37af165e2f2f5e773a71ca4f4c7ce715b4dbb4d7712124ce94a01b6adfde0a76,image
https://www.indoskript.phil.uni-wuerzburg.de/img/letters/12503.png,cached,15036,5d820d3bbff1f9ec02a6d762050fae65a7c53935663425242ceb71fee7f19c07,image
https://www.indoskript.phil.uni-wuerzburg.de/img/letters/12280.png,cached,15036,d21ab5cc3c421b127af12a7826506f58dfa50244b6f51e3faf9e4897ea08d1a6,image
https://www.indoskript.phil.uni-wuerzburg.de/img/letters/53745.png,cached,15036,41313d407d3091b8b36e7a482753299e404048dbe68b659100b802d494f13c26,image
https://www.indoskript.phil.uni-wuerzburg.de/img/letters/137501.png,cached,15036,55ca9b14c5b710090ed40b09d7e9590e72032cfe6be2dca4f826ee15d5b765d8,image
https://www.indoskript.phil.uni-wuerzburg.de/img/letters/52333.png,cached,15036,86d575d8bfec2484d125bf42d0a21d8c6b91101a2b627eeef2af062f34b0cb03,image
https://www.indoskript.phil.uni-wuerzburg.de/img/letters/16146.png,cached,15036,2a2fbfaddb1779b12c11b4859dc51deed53ea187c4a12ddb65cbe3e391ea7cc9,image
https://www.indoskript.phil.uni-wuerzburg.de/img/letters/70033.png,cached,15036,535b23bfdfcba554366081ed5edac0cc5256ce5a8a0b1f0522a831ffcd060ed3,image
https://www.indoskript.phil.uni-wuerzburg.de/img/letters/81757.png,cached,15036,a361ec4613ec3fda9abca1c491a80a442bdb20b80ce7cc3189c9e945fffd8830,image
https://www.indoskript.phil.uni-wuerzburg.de/img/letters/79440.png,cached,15036,3de28dc8fd02ffbb334578300e8949ecaa5e254ff17a17520388abcf44f82086,image
https://www.indoskript.phil.uni-wuerzburg.de/img/letters/129395.png,cached,15036,4cf06adb19b19de37d808b432eb97ae9ad9472bb57e4303fdc03a92d1cf24571,image
https://www.indoskript.phil.uni-wuerzburg.de/img/letters/5578.png,cached,15036,0dc07c44e9de22829084b2e5b2b44c6a1dfd15172dfbe02c4a784d97bcf0fd3b,image
https://www.indoskript.phil.uni-wuerzburg.de/img/letters/73808.png,cached,15036,76d87d58104f74abd5f153dd650ef353e5e8de8e5e1047c2fd0e4399aa7a7ff7,image
https://www.indoskript.phil.uni-wuerzburg.de/img/letters/38758.png,cached,15036,7b48ec26542d50e98ae2721160f2d10c35a20b5d4bfb6f7d84c06433c6de910c,image
https://www.indoskript.phil.uni-wuerzburg.de/img/letters/51323.png,cached,15036,4df2fdce1f143f58af7a3ade886323741a5b2774207b75b7a0738e5b3ae9dc09,image
https://www.indoskript.phil.uni-wuerzburg.de/img/letters/734.png,cached,15036,fbe3f4e8ab0d755f499da44c25ca7f5f118621022285b19a46cc3b9afbac0497,image
https://www.indoskript.phil.uni-wuerzburg.de/img/letters/7754.png,cached,15036,b84ac34647343b43512ac7a46d8fd02694e7619bb3a3a719d8e942bd4593caec,image
https://www.indoskript.phil.uni-wuerzburg.de/img/letters/137094.png,cached,15036,03c699ed8dc796c8b0d21e903c1efd2de135bee6ab77d645950904ba12bdc547,image
https://www.indoskript.phil.uni-wuerzburg.de/img/letters/102564.png,cached,15036,622d92214537b04735944594f21e243865b64df1eb3cc29321d03af68c9a2774,image
https://www.indoskript.phil.uni-wuerzburg.de/img/letters/128259.png,cached,15036,9062bc19798946d1898cb1e6736d16edd27a686e3af989788a532d6fb4653eda,image
https://www.indoskript.phil.uni-wuerzburg.de/img/letters/164100.png,cached,15036,a6e0615967b5eddc4f39f451f787a3a57f05c1f55e505acbe76f003272163fc2,image
https://www.indoskript.phil.uni-wuerzburg.de/img/letters/122790.png,cached,15036,7afbc6a96e197b162a02651b344671e240cec251003e868fd5ae73a18d55f4a5,image
https://www.indoskript.phil.uni-wuerzburg.de/img/letters/34781.png,cached,15036,5f045ff1d3955584150dd3c8b1483bd270c24f15c476250376b16942bff4feeb,image
https://www.indoskript.phil.uni-wuerzburg.de/img/letters/159494.png,cached,15036,72965f8f7e2d1d476602294fd10ee1ef0a3f64e8278679bea967eb9bb1d2f009,image
https://www.indoskript.phil.uni-wuerzburg.de/img/letters/143138.png,cached,15036,ad32dea74708ca97b54edddae4daa9e47bab348fd4264f6de7f28a596d9a69db,image
https://www.indoskript.phil.uni-wuerzburg.de/img/letters/149371.png,cached,15036,203dd4edebc2d7b2de563fb660dc7c6094a7ea011845e217bc55a39b2bb1a436,image
https://www.indoskript.phil.uni-wuerzburg.de/img/letters/170540.png,cached,15036,6c234d63d28d63ed29b9ca3d358feb6a9c42260244407681e0bac5f69c0894b6,image
https://www.indoskript.phil.uni-wuerzburg.de/img/letters/88087.png,cached,15036,98e25a73e594ad173870813fbca8c8846446020d412746fbfe31d344ebcea797,image
https://www.indoskript.phil.uni-wuerzburg.de/img/letters/157999.png,cached,15036,b93de8822115e26a2eaa6ab0e29c3c2cb0fed04c8a157218368977a26d24280f,image
https://www.indoskript.phil.uni-wuerzburg.de/img/letters/44495.png,cached,15036,dce7b155b41717c44162174dadc02c6cf2ceaa69392e62fddd0aa2f757db3600,image
https://www.indoskript.phil.uni-wuerzburg.de/img/letters/120050.png,cached,15036,0b1935eb55bf281733015be729acd83d42f7106665fa16ac809a03df1ffb9205,image
https://www.indoskript.phil.uni-wuerzburg.de/img/letters/173957.png,cached,15036,b06ffb29a98a20311ffb5e49ceaf2564dda555862100a5e8533d0523f3dccd04,image
https://www.indoskript.phil.uni-wuerzburg.de/img/letters/178578.png,cached,15036,0b3488dbe2fa6a97d01e63658e14e93b22dcc436a8b203ffefc65cafc84316e5,image
https://www.indoskript.phil.uni-wuerzburg.de/img/letters/111524.png,cached,15036,3fc86832d0e8deb9cf7a25f45e78f8447d5d81a0993fb85f945374d0a706b68f,image
https://www.indoskript.phil.uni-wuerzburg.de/img/letters/55114.png,cached,15036,d0d44a3c7ae2cd2eda912645e79ce64b1ef4c268a1d4ed7e028bc2c3b8fd81e8,image
https://www.indoskript.phil.uni-wuerzburg.de/img/letters/133897.png,cached,15036,1415bfcf69f98ed914b0834d728bd742c11188a269376d2d9b060190449bd8ca,image
https://www.indoskript.phil.uni-wuerzburg.de/img/letters/72871.png,cached,15036,a48132af1eec60690d6d97cceabc98996861ca63bc824c0daf7b0cf1942eb5a7,image
https://www.indoskript.phil.uni-wuerzburg.de/img/letters/136909.png,cached,15036,9cebfa264002cb33478356adb421a89de8103ec04402cfe7aedb8d80bae9b25f,image
https://www.indoskript.phil.uni-wuerzburg.de/img/letters/169733.png,cached,15036,0ad0388b02ac68b2fdfb3bc869bca7170c593332d71963851be2c372dfa93087,image
https://www.indoskript.phil.uni-wuerzburg.de/img/letters/131399.png,cached,15036,670f5d35f93957a2ae86a09a28afa881cfce2984f307b07f6617dbd8ec8ac38b,image
https://www.indoskript.phil.uni-wuerzburg.de/img/letters/104561.png,cached,15036,8c97af460523ce3e634cba2092f5d0bedc688dec94d61ff1cdeb4b26caa63a11,image
https://www.indoskript.phil.uni-wuerzburg.de/img/letters/30056.png,cached,15036,acf510601cb2d9c836baf31a5710b0a886d288e5b0cedc7690f80cb534cd22eb,image
https://www.indoskript.phil.uni-wuerzburg.de/img/letters/87572.png,cached,15036,da9e205c8a0faff29e7d707a8a89256a5eb32cbe4b7245076140188050b7aac2,image
https://www.indoskript.phil.uni-wuerzburg.de/img/letters/170768.png,cached,15036,f1be39215ca73b7a3c3b2e05d2c0e55aa3cd3709cf7ff0345e59e575c4333330,image
https://www.indoskript.phil.uni-wuerzburg.de/img/letters/128595.png,cached,15036,2254494bac4c77268a4f91500bb127e5167aebfb22083188dc6543fc86a83723,image
https://www.indoskript.phil.uni-wuerzburg.de/img/letters/88824.png,cached,15036,4bac1319fcac607b6a272800e4225ea2a267899e1c98b8877203c6bcf73c71a0,image
https://www.indoskript.phil.uni-wuerzburg.de/img/letters/136603.png,cached,15036,2d730dc0e883b85169e6e95aa31bacf2ce6f4a3006ffb018291f24d521410979,image
https://www.indoskript.phil.uni-wuerzburg.de/img/letters/32285.png,cached,15036,046c9008967cdcd0ff9104310e34ae6cd1751c04ab971055a829dafff2526253,image
https://www.indoskript.phil.uni-wuerzburg.de/img/letters/137.png,cached,15036,756dea2847fc346767d75874e19b17827454c904577bc0933431b2445104deed,image
https://www.indoskript.phil.uni-wuerzburg.de/img/letters/101662.png,cached,15036,d5bd6e7a07ee45ab4482a0c39fe1eb194bbaca503f772b026c97c3562d5d15f7,image
https://www.indoskript.phil.uni-wuerzburg.de/img/letters/89566.png,cached,15036,9420e835fad78625bf1a7e5fff4277f266399fd1ceffc09bddc0787b234eb00a,image
https://www.indoskript.phil.uni-wuerzburg.de/img/letters/33816.png,cached,15036,5ae2c45c107e1d9d5a95e99919059297e2a6eee92a9440bcb99ffed60f3da36f,image
https://www.indoskript.phil.uni-wuerzburg.de/img/letters/67502.png,cached,15036,2b6bf9e82a239bbb32810a004dfb2ceaacc3cae96883b4c8c7eb9c58fa5cb4c8,image
https://www.indoskript.phil.uni-wuerzburg.de/img/letters/143585.png,cached,15036,d4ec52a35df11a1e99b69151aaf1ef5235d4d56b56a342b672bbe3c83c77f8ff,image
https://www.indoskript.phil.uni-wuerzburg.de/img/letters/32835.png,cached,15036,d2fa8787c6f8645dad241e3b314107c1b382e76632dd24bed59c1da460b3c9f5,image
https://www.indoskript.phil.uni-wuerzburg.de/img/letters/140340.png,cached,15036,aa1f6b05a3b6ae804dfed58dd6bf60497e0adf48f2534f75f6ac05b649471af9,image
https://www.indoskript.phil.uni-wuerzburg.de/img/letters/102608.png,cached,15036,a4f0dfe0410d80001efb824e900d4ebe18628002fb99974b8f8565d491ad060c,image
https://www.indoskript.phil.uni-wuerzburg.de/img/letters/72419.png,cached,15036,28f3802cef30b7a93461b31b7f4194d39e222863e699bceab1f8194c25b8e44a,image
https://www.indoskript.phil.uni-wuerzburg.de/img/letters/166010.png,cached,15036,be79b99010e361efbcd03d37daa83049387ad3d5b8b8767e197147e7179f098b,image
https://www.indoskript.phil.uni-wuerzburg.de/img/letters/105973.png,cached,15036,cac7d28fb9df1341696683e8d3ada30055a5142d089b23be3815a098948f5e9b,image
https://www.indoskript.phil.uni-wuerzburg.de/img/letters/45467.png,cached,15036,3784c5279835838b5fbc9385eadeacd8cae903eb145b230f3385e6a72abab32f,image
https://www.indoskript.phil.uni-wuerzburg.de/img/letters/26554.png,cached,15036,3a39ba293079be33565b3800785ed875ff48b73757f0dd0cd19c4aa26cc1f40f,image
https://www.indoskript.phil.uni-wuerzburg.de/img/letters/160350.png,cached,15036,25ba9ef404daaeaf9e81751d87d1806e93b227ca4bdf175ac2a3740e15144833,image
https://www.indoskript.phil.uni-wuerzburg.de/img/letters/12441.png,cached,15036,e80d7eb5a4f45eb15895d93a3b156c6049aad9bca9c998e1fd7b836cf4c7dd64,image
https://www.indoskript.phil.uni-wuerzburg.de/img/letters/78969.png,cached,15036,961807b31685adc0c2a6e1d84593081d92586ce2be65bee233759cc006dce9e1,image
https://www.indoskript.phil.uni-wuerzburg.de/img/letters/18502.png,cached,15036,31492299123b18140c7aa10dc04b6307534f17357eabee0d8408075c8f44400a,image
https://www.indoskript.phil.uni-wuerzburg.de/img/letters/106151.png,cached,15036,422eacc0190a5a968c218a768d3b6c6cb2b5550667ec114272a1a8b97f83a411,image
https://www.indoskript.phil.uni-wuerzburg.de/img/letters/125741.png,cached,15036,0ffd4b4b64cdf69890a87f5b4bb7dce228dd356df065efd19d9508e166145f9e,image
https://www.indoskript.phil.uni-wuerzburg.de/img/letters/109056.png,cached,15036,1811b70a3fbbcf159725d427e7b926181fbf2ec47f85c5e4907d4ef0edbf707f,image
https://www.indoskript.phil.uni-wuerzburg.de/img/letters/65952.png,cached,15036,98dcc28158a916ee7281a644090d37bffd2c79b9edb5010f99e367152b5c164a,image
https://www.indoskript.phil.uni-wuerzburg.de/img/letters/37451.png,cached,15036,46167b58874b1449cbed031c250bcd83843e932d8b4e03fe0ee84306e0cd8784,image
https://www.indoskript.phil.uni-wuerzburg.de/img/letters/113845.png,cached,15036,df227d410c863b7410bb9a551d72a7aaa98260ef1f48dc77517cbb3f39d54b8e,image
https://www.indoskript.phil.uni-wuerzburg.de/img/letters/171580.png,cached,15036,4795276d80c505f7bbdd5eecb354157467ece563e0feb96a7f5a9acee7cb59ae,image
https://www.indoskript.phil.uni-wuerzburg.de/img/letters/167578.png,cached,15036,438a60b7013447afea32d96e71761781f770d7d960cee119ce0f16b855fbc460,image
https://www.indoskript.phil.uni-wuerzburg.de/img/letters/86071.png,cached,15036,59c39d55a7f963ac9de08852b85d7c96d768ede0a79a48ea0490ab69f7cd964e,image
https://www.indoskript.phil.uni-wuerzburg.de/img/letters/54429.png,cached,15036,2cb3a8dd2a2e122e6c1180413d439ba6e75f06cd82e9f5cf1a379d1d8ad28197,image
https://www.indoskript.phil.uni-wuerzburg.de/img/letters/69216.png,cached,15036,3322be93228a116b3379aa77848f1df8679a7c8c2a8c079b247880f89ff57286,image
https://www.indoskript.phil.uni-wuerzburg.de/img/letters/136534.png,cached,15036,c34b8eac9e8ab0f5e803a1509d042736fea877758afcb2c5b389d3e4021bb92a,image
https://www.indoskript.phil.uni-wuerzburg.de/img/letters/75210.png,cached,15036,b5cfe4c1062901d828416459389fa8cf9508fbbe8b98f13e55f8c5a95c896f80,image
https://www.indoskript.phil.uni-wuerzburg.de/img/letters/162850.png,cached,15036,aaca316dd119e597d20aa53d82408b185e3feeeb161fb10e5183203e484e515c,image
https://www.indoskript.phil.uni-wuerzburg.de/img/letters/71510.png,cached,15036,245c5911bb5acfdf66718cb34b7d24c54461796f6f9cb4d9ac29356c12fe8717,image
https://www.indoskript.phil.uni-wuerzburg.de/img/letters/17569.png,cached,15036,9bb6a110b380916a34228f9e228b1cc01466d4e1e91c70f8bd98920f299edc52,image
https://www.indoskript.phil.uni-wuerzburg.de/img/letters/75149.png,cached,15036,3981c62e88ce6e1e1b6676c6deaac95db48c19c899468a65148593944279dbb9,image
https://www.indoskript.phil.uni-wuerzburg.de/img/letters/124110.png,cached,15036,469abfd30a27bbe6af49aa7ab4ec036adf144e8588f2353dc51cf0e5aa87bb18,image
https://www.indoskript.phil.uni-wuerzburg.de/img/letters/31484.png,cached,15036,c47d2be7476aa1cd54aa7c21c403a77850036f8663dab95439980e2b8789b135,image
https://www.indoskript.phil.uni-wuerzburg.de/img/letters/17357.png,cached,15036,080b9c96469a450f69b378d497b1f7db78ddaf64922e018c84cc44b9ae1bc884,image
https://www.indoskript.phil.uni-wuerzburg.de/img/letters/24851.png,cached,15036,d06d7c559fca54e3249b6ec1efbbac081865a434487a1aa2c3a0160fac196bc1,image
https://www.indoskript.phil.uni-wuerzburg.de/img/letters/172187.png,cached,15036,029a59fc94978cecf7e75431d40b6642b62f6249c0b8cea9aa4dec5b08572017,image
https://www.indoskript.phil.uni-wuerzburg.de/img/letters/79015.png,cached,15036,7b1b3a3c4cb383abab2080cda9a16c11afafd866173ae2bce2b7394e27024b4c,image
https://www.indoskript.phil.uni-wuerzburg.de/img/letters/6808.png,cached,15036,11ac4cdb7ef158bb4b03a17679f9e58aeb630ba3353033102134806c1c9c3d4e,image
https://www.indoskript.phil.uni-wuerzburg.de/img/letters/121184.png,cached,15036,83376dc76714a8ee01a07f21ae93d446bfd5c3fabfcbd46da767674676d48275,image
https://www.indoskript.phil.uni-wuerzburg.de/img/letters/80351.png,cached,15036,fbc201a91899755038edd1e9c5345f830975ab87ee5dd577865b683629db809b,image
https://www.indoskript.phil.uni-wuerzburg.de/img/letters/179095.png,cached,15036,e30ce7a556ba9eeb57f528ad6c6d959a852f209f5480b7f0bab9ce095e5cd99b,image
https://www.indoskript.phil.uni-wuerzburg.de/img/letters/120758.png,cached,15036,60d17bb79eba5beb728f98d224156fd469e1a737fb47381ba5eb3802b5227c01,image
https://www.indoskript.phil.uni-wuerzburg.de/img/letters/122642.png,cached,15036,b87d793b419f20a3fd7185162101f62d3461f7b014c1001042a01e84e188440e,image
https://www.indoskript.phil.uni-wuerzburg.de/img/letters/105559.png,cached,15036,7b99cbba21e9798b7ed1c26a17304e9d9d9f0c76deedf066eed5cfcf8d2ca63d,image
https://www.indoskript.phil.uni-wuerzburg.de/img/letters/48994.png,cached,15036,d0df8f3534ee7af5c64e0d387d1fa33292f5fc43f0138f6e3a333d3f1101f592,image
https://www.indoskript.phil.uni-wuerzburg.de/img/letters/107273.png,cached,15036,12b7428f11dacfe593b97050f275530db9265a432dfee756f29230a80316073c,image
https://www.indoskript.phil.uni-wuerzburg.de/img/letters/166026.png,cached,15036,fe503762fb4cc971b6bb45c2a5ff9411064c98cc3bc33bea85ee9936a9055231,image
https://www.indoskript.phil.uni-wuerzburg.de/img/letters/14212.png,cached,15036,c3e9a6db034db1becd24bd5336dc3f9a5fb68283d827aa45d66c608092d338fe,image
https://www.indoskript.phil.uni-wuerzburg.de/img/letters/155731.png,cached,15036,73982d9082436189520861cddcadda6f052d29096c5ee63ad2b4dd3598b51e2c,image
https://www.indoskript.phil.uni-wuerzburg.de/img/letters/146826.png,cached,15036,57ef3f5a4e78dfd2ddb114fed984d3635a710e4d6c56737e9b7ec6e17ef0202b,image
https://www.indoskript.phil.uni-wuerzburg.de/img/letters/24441.png,cached,15036,366ddad5ed9f573568f9025b7cd3134bf497df4ac49a7c5e404608cec01393b2,image
https://www.indoskript.phil.uni-wuerzburg.de/img/letters/103254.png,cached,15036,31051f73fa77bb7c18854d2893f5da9e38073a81e693ad84c6bf4ec72bee1b84,image
https://www.indoskript.phil.uni-wuerzburg.de/img/letters/34143.png,cached,15036,7e9659e48a42b0fe56bd83588955a24aca994a6c02edf5131430db02c5aef4e0,image
https://www.indoskript.phil.uni-wuerzburg.de/img/letters/148334.png,cached,15036,c7d9d2906cbfb34db4df64a59c346e5ac850814c25110cdf46e560a602da04cd,image
https://www.indoskript.phil.uni-wuerzburg.de/img/letters/146323.png,cached,15036,d8f2140bd6e5afbec88aae1bd1fec0caadd63ed8f6387e21ef6ef2508d3ce6a7,image
https://www.indoskript.phil.uni-wuerzburg.de/img/letters/171094.png,cached,15036,cfa067c76c0366138ff770be565d5a2b8cf3958dbf1692a1bed6843770f70d2c,image
https://www.indoskript.phil.uni-wuerzburg.de/img/letters/75024.png,cached,15036,a3717ee30c1b0dd39ff5abcb9e0a3b58c4dce246141f3c59342c71cb2fd3c421,image
https://www.indoskript.phil.uni-wuerzburg.de/img/letters/116013.png,cached,15036,1270fe2dec0b7c22ebc2c0aa7f1b6ad7104093ebdc3ced79658b335cd777be3e,image
https://www.indoskript.phil.uni-wuerzburg.de/img/letters/97101.png,cached,15036,77437693ae9f7db0ce950f643614b1436a844ec2527251a39d19b615ba8c9f4e,image
https://www.indoskript.phil.uni-wuerzburg.de/img/letters/165888.png,cached,15036,83f92658c6d5925389d2d02498747d7ffb6fdd4edda7d35c549d3df242a76a7f,image
https://www.indoskript.phil.uni-wuerzburg.de/img/letters/19185.png,cached,15036,d3fa04cff68e1221cb62d9c40a6d7a1cd909e4bf396bb8d43c765e1697f2d49f,image
https://www.indoskript.phil.uni-wuerzburg.de/img/letters/88092.png,cached,15036,b634efc6a9b25274488168c8bcec0436efd10416c390d27f88a272df1411e337,image
https://www.indoskript.phil.uni-wuerzburg.de/img/letters/27578.png,cached,15036,3ff0626dd468ea17478f4c1ba631f5b235d8218c61a2b8c63693d1ca86aa2458,image
https://www.indoskript.phil.uni-wuerzburg.de/img/letters/168913.png,cached,15036,5ef4ca62ff500785f9c6ae2c979fb2c7d0af0345d2f86d79ccd198a4eb6fde38,image
https://www.indoskript.phil.uni-wuerzburg.de/img/letters/46619.png,cached,15036,ebaa9a2f85c339657b4b36fd4e271d4c61da207770794d832176d8d311503dbc,image
https://www.indoskript.phil.uni-wuerzburg.de/img/letters/158952.png,cached,15036,68895964ad850a75b5c3036594420f6847011fd4ebe2932019577706fd01f7d8,image
https://www.indoskript.phil.uni-wuerzburg.de/img/letters/113891.png,cached,15036,4a1779cecce40ecfd673eb36f8cf2fad763999c4456970ad8d7a33ed91826d7f,image
https://www.indoskript.phil.uni-wuerzburg.de/img/letters/170785.png,cached,15036,46340d7ed8053687ea0803e1be37a3618cdcd7e22ea5bb449920ff596715a2db,image
https://www.indoskript.phil.uni-wuerzburg.de/img/letters/176516.png,cached,15036,7b442d05844a2fb87495db41546eee93f4d01ddf72204f54112d3c399b83083e,image
https://www.indoskript.phil.uni-wuerzburg.de/img/letters/81756.png,cached,15036,ba705b1957091c5353711e429a1a54d49db9dbb1cf4bb091777dd0d552784e76,image
https://www.indoskript.phil.uni-wuerzburg.de/img/letters/40412.png,cached,15036,fab9eb25f362f68fc912100adc7d4237417e9c8577f03690d21546cd562ce77a,image
https://www.indoskript.phil.uni-wuerzburg.de/img/letters/89078.png,cached,15036,d9a7bcd26d4d26da67591041c4733fc22450e2afa1969eb257a98ab35ab263ef,image
https://www.indoskript.phil.uni-wuerzburg.de/img/letters/139454.png,cached,15036,bb392649ca5e3dc1da0b8c29f31eee7667ecbc14a98f8bddee6e9a2bb4611d06,image
https://www.indoskript.phil.uni-wuerzburg.de/img/letters/13992.png,cached,15036,8d3e5908d6c3f1bfbf05b811cfd88caf3d0447ab95baa0625699e96270815d72,image
https://www.indoskript.phil.uni-wuerzburg.de/img/letters/19277.png,cached,15036,6bec4d176d3795cd009d48f8c1220de3769d3ffeded1ffb18c604709b8e47d1c,image
https://www.indoskript.phil.uni-wuerzburg.de/img/letters/152074.png,cached,15036,1e79648bc50a2cc8e4ff0e5ad5e59d622b56b82ad343a31d76a8397dfdb20b4f,image
https://www.indoskript.phil.uni-wuerzburg.de/img/letters/44162.png,cached,15036,b8ce69468adab38509b4e52a6b8da43c0dd85d2efce65f83172f3a333088983e,image
https://www.indoskript.phil.uni-wuerzburg.de/img/letters/128951.png,cached,15036,b2dfb40630faccfcf7207bdb98367ee39ed5a80f3e7052d30d156f19b3fed8cc,image
https://www.indoskript.phil.uni-wuerzburg.de/img/letters/37885.png,cached,15036,b26f2a755f264687e41ed3e2ccc311a247e307f98dbd0338acf59b78e3dbe34d,image
https://www.indoskript.phil.uni-wuerzburg.de/img/letters/6801.png,cached,15036,72916752b295baff35246e81211dde7e1cfa979a47057a2357338d0eacd61c09,image
https://www.indoskript.phil.uni-wuerzburg.de/img/letters/113771.png,cached,15036,5efb29579b31388dd3fd1d0017120a2a4952bbfe9b609b31145d1b81961f2c74,image
https://www.indoskript.phil.uni-wuerzburg.de/img/letters/40607.png,cached,15036,0985b5d0f146a0e015260ffceb4e0953adca9b703b1aed8f0824da85f81896c6,image
https://www.indoskript.phil.uni-wuerzburg.de/img/letters/95731.png,cached,15036,479f1bac44e4ec217f782f46eeca2c61d7ffeab1445ca5b5231fd0bda9563364,image
https://www.indoskript.phil.uni-wuerzburg.de/img/letters/101129.png,cached,15036,fa69ca08b632bdf5dea5af0389a6512af6ee69cfccb31ef27be8b22a84c33bce,image
https://www.indoskript.phil.uni-wuerzburg.de/img/letters/24996.png,cached,15036,445749d5173427754d2cb487c00bcea159145430283f8470585c2f26e085cf67,image
https://www.indoskript.phil.uni-wuerzburg.de/img/letters/60608.png,cached,15036,4adde953194e21e0f199225027ec9483b7376ae2b534bd629cc8ac749f593da3,image
https://www.indoskript.phil.uni-wuerzburg.de/img/letters/36720.png,cached,15036,4858cb330ef5dac230af2521aa6de31ae82f9ad5f21c7f06604a6371eb67a57f,image
https://www.indoskript.phil.uni-wuerzburg.de/img/letters/162189.png,cached,15036,6c6d89b9ddc90551bcaf1fd997409c53d4b2c43e562b71c13ae00a189205c2c7,image
https://www.indoskript.phil.uni-wuerzburg.de/img/letters/64372.png,cached,15036,7e1a70b4b413088f67c53d9af2d66bc23d40b9c08488d72141a261092645234e,image
https://www.indoskript.phil.uni-wuerzburg.de/img/letters/175529.png,cached,15036,ddb870a65b89271f14c84a7dd7a47dc92d29e81e5dad1068a16d6ef2920bd206,image
https://www.indoskript.phil.uni-wuerzburg.de/img/letters/69932.png,cached,15036,a6560ebddae8adcda64d36a442ea02b1dac71239b9f4b2d5195ca56b0a8f80d4,image
https://www.indoskript.phil.uni-wuerzburg.de/img/letters/107845.png,cached,15036,73aeaa4e6c114182c3d4f05b8e4f2fb04c27403a105c573491b18fee18b661ae,image
https://www.indoskript.phil.uni-wuerzburg.de/img/letters/26280.png,cached,15036,ecb9e5c8790ec4a62abe21eb7b4c48ee5520a335e6fb9a322442fedbefe24a8d,image
https://www.indoskript.phil.uni-wuerzburg.de/img/letters/108696.png,cached,15036,90da3b987d0a38f5ec786af663e9890578d315e2f0ec8e1512d753b77a69bb01,image
https://www.indoskript.phil.uni-wuerzburg.de/img/letters/73235.png,cached,15036,cd5473b5671078b2211e1eee2e40c327f871fd008081df62df03af5eb99d56be,image
https://www.indoskript.phil.uni-wuerzburg.de/img/letters/152047.png,cached,15036,990dea2304e2bdb1c4090e214c959a74eb11c5fb7af656073126643062be3f02,image
https://www.indoskript.phil.uni-wuerzburg.de/img/letters/129083.png,cached,15036,f169a7e67a6a82073c5116b42652adff784f020716bfe9d1703f82d41101572c,image
https://www.indoskript.phil.uni-wuerzburg.de/img/letters/89035.png,cached,15036,096816b6109b6d6d233ba109e3a11acf3392c4beda8183ac7d73aca185faa594,image
https://www.indoskript.phil.uni-wuerzburg.de/img/letters/117149.png,cached,15036,16fb97efbc297c7f6dfc050e142710ba24d1bdedaad2c4509c53867d2074977a,image
https://www.indoskript.phil.uni-wuerzburg.de/img/letters/131134.png,cached,15036,cccfe6ad6bcd2eff67dc10eb0c276ada57c19b87a200116ea2369168cb09d1ce,image
https://www.indoskript.phil.uni-wuerzburg.de/img/letters/151225.png,cached,15036,3220bc4b466e8153589408ac85e58f915250c18a03e940acfd7679437f5d59d5,image
https://www.indoskript.phil.uni-wuerzburg.de/img/letters/14489.png,cached,15036,00b3abf802a0605cccdc37c99d7d44aebd8c97184d2b0b624e8477b7564c748c,image
https://www.indoskript.phil.uni-wuerzburg.de/img/letters/26774.png,cached,15036,8d193664ebe69491f89bd896b0cc032d2745592247fe85614d29ca2ce8693e29,image
https://www.indoskript.phil.uni-wuerzburg.de/img/letters/70884.png,cached,15036,00d4012b476021f0968f34ffcea1f581402971f9820a004133f62ed86d1234ad,image
https://www.indoskript.phil.uni-wuerzburg.de/img/letters/176893.png,cached,15036,8dcc629f2998ea05601acd2060085c974aeaaf20be4f11eef00859e1d24f9580,image
https://www.indoskript.phil.uni-wuerzburg.de/img/letters/137568.png,cached,15036,8fed261c91676c3c02281b450294fd880d6c56b29d70f0d5f3c21d3815cc6c06,image
https://www.indoskript.phil.uni-wuerzburg.de/img/letters/91833.png,cached,15036,2874d6b89d9851013852d12b6061494fb1cded7694acf0fb526ce51c89a57f04,image
https://www.indoskript.phil.uni-wuerzburg.de/img/letters/111476.png,cached,15036,133670e8fc17eca658f8f59afe3d6889f205673c9f713a8938c51ca8267936c8,image
https://www.indoskript.phil.uni-wuerzburg.de/img/letters/173148.png,cached,15036,c7c11a8b46fd66e9e0816aa153b55af9cfb209c29ad9dd9d4fbce9e3d2c2ed4a,image
https://www.indoskript.phil.uni-wuerzburg.de/img/letters/21646.png,cached,15036,cf1de5a4d29a0fd6e594fc14623a6d88600eae0ffabd9f97bd2fefb63cad9bc4,image
https://www.indoskript.phil.uni-wuerzburg.de/img/letters/90473.png,cached,15036,af3a569ce89a08d66d26a9effed60bb92f4fbfc70f4de97804d606af69a4c1a9,image
https://www.indoskript.phil.uni-wuerzburg.de/img/letters/149162.png,cached,15036,019829755c3959ed7f6a6518e7633832a3e0545ee52303a7c3349b2f2204fde1,image
https://www.indoskript.phil.uni-wuerzburg.de/img/letters/141626.png,cached,15036,5dc064369c86c04860aee49bd3ae4a8ab20b4b92e2773e47e2cae9fe9212f17f,image
https://www.indoskript.phil.uni-wuerzburg.de/img/letters/48154.png,cached,15036,7f6b058398ee327a1cf6661421ced33754c36e237af016efc37c8afb1ecb9d08,image
https://www.indoskript.phil.uni-wuerzburg.de/img/letters/175008.png,cached,15036,ff58989844d882076983585ddb36c36aed934deb1129dd39bc1fcc66244aed8f,image
https://www.indoskript.phil.uni-wuerzburg.de/img/letters/150549.png,cached,15036,4f69f70bd2ad8b77d8f9987fa69a34f8b2c562597c836fd227ac7a9798eee6eb,image
https://www.indoskript.phil.uni-wuerzburg.de/img/letters/13971.png,cached,15036,30507ac6e94d9882d473ae1d5b2f5f7f8d426fdec1abb559240f595036bb8fea,image
https://www.indoskript.phil.uni-wuerzburg.de/img/letters/15353.png,cached,15036,76a308a9f4a0bffdc7ab0f1834c9be17c8faa2298b353d28d3100eec00cabdeb,image
https://www.indoskript.phil.uni-wuerzburg.de/img/letters/63728.png,cached,15036,dd12cf87b2c3263fe03b03857e34f06568661c927393b96869e6652dba6ec2e5,image
https://www.indoskript.phil.uni-wuerzburg.de/img/letters/95426.png,cached,15036,f47a1780152e3ba0b7bb2d7c62306f8aa7410be33a4a5fe7d63baa50918283ef,image
https://www.indoskript.phil.uni-wuerzburg.de/img/letters/56871.png,cached,15036,42327ec4eff02504b5851680220b81e4994d1f92f1037f87c8f8121ebcee22e6,image
https://www.indoskript.phil.uni-wuerzburg.de/img/letters/116769.png,cached,15036,b25fe1ec82b51b5b50777913eba51a32f02fcd3b277fc4f615110ab476f6d929,image
https://www.indoskript.phil.uni-wuerzburg.de/img/letters/76606.png,cached,15036,9335634ceb75af04fb4d063a5d34e41ceeb93f6b352b8598dab7670e2c529f16,image
https://www.indoskript.phil.uni-wuerzburg.de/img/letters/70249.png,cached,15036,e61343c61602c0ce0ca148b19b57ab1c0f642380cc6fc9737d98c158f33e941e,image
https://www.indoskript.phil.uni-wuerzburg.de/img/letters/2016.png,cached,15036,7b3917e67535c785dddc67ed0c617c85b9f1c20b2deeef66236ae284f7d2b77d,image
https://www.indoskript.phil.uni-wuerzburg.de/img/letters/82346.png,cached,15036,bac94c6ca978d5d078520b648ad6898d27087d8e4bc5cd35d0fa686672bc3459,image
https://www.indoskript.phil.uni-wuerzburg.de/img/letters/163666.png,cached,15036,f42bb13d9ef92f8c2ad9f4ef5a40f249f904a1f98858e3f319f8f4e60d05969a,image
https://www.indoskript.phil.uni-wuerzburg.de/img/letters/38956.png,cached,15036,f90f3aa6836caea3c11febcb51aacf8a81ed0b7077d3b482e1715f20e4bfb0fd,image
https://www.indoskript.phil.uni-wuerzburg.de/img/letters/29805.png,cached,15036,c82fc4853a7e609513d40a1ba73db41b2d218c55381a681f39e0ab25cae18ec0,image
https://www.indoskript.phil.uni-wuerzburg.de/img/letters/181844.png,cached,15036,7883f5a7f9c5ce8a7b3aedcdd0d98157d73de659094695feff23c4518222e15a,image
https://www.indoskript.phil.uni-wuerzburg.de/img/letters/140785.png,cached,15036,bafc1b669d4d3aea1e3369e6c83576cce94e98255d55e8a4cb52dd17a2e3b8a0,image
https://www.indoskript.phil.uni-wuerzburg.de/img/letters/64335.png,cached,15036,47dc599efd759ea2c498e55114c2982ec68b99094ae956f14d969d2d0919af17,image
https://www.indoskript.phil.uni-wuerzburg.de/img/letters/103730.png,cached,15036,9d811b094d54ab6fb9b6266d56c7bc7621e71d5f0904b3e853494c100d48863c,image
https://www.indoskript.phil.uni-wuerzburg.de/img/letters/38052.png,cached,15036,c9fae9232e0abe261632b2413f39e23eb7a63385018609d7c8c93dbe6f2a4c2b,image
https://www.indoskript.phil.uni-wuerzburg.de/img/letters/35438.png,cached,15036,afa1aeb0d87157d9b86f7c305b09fe5ea6aae154570f22d6494112c8a7d15550,image
https://www.indoskript.phil.uni-wuerzburg.de/img/letters/32738.png,cached,15036,5d6a232682456475761a801d232a7dcd75f5ce9ba57e80f3265a8020a64c8dab,image
https://www.indoskript.phil.uni-wuerzburg.de/img/letters/56020.png,cached,15036,7b11de121f291124ae98e4f72935a4a469039bc496caf33459d6efe130132e4e,image
https://www.indoskript.phil.uni-wuerzburg.de/img/letters/157942.png,cached,15036,9991b5d43d25c62032f27617dab1df31fd3f86dfc6de54dcc2a3b28435a4f626,image
https://www.indoskript.phil.uni-wuerzburg.de/img/letters/26920.png,cached,15036,5f134d0250a473d15538e18771020a1af9329068456472ca8747749881fc4934,image
https://www.indoskript.phil.uni-wuerzburg.de/img/letters/174010.png,cached,15036,d7a2c38be4f73bc533097e27413d8d9cb6b2d1c417758de3da9e4fe26520173e,image
https://www.indoskript.phil.uni-wuerzburg.de/img/letters/60409.png,cached,15036,0e554066864ec5ed6b5d173dc33c83337fc44c3e8a4e5c716b9cce5c59d4b2d1,image
https://www.indoskript.phil.uni-wuerzburg.de/img/letters/77125.png,cached,15036,9523f138321f368df5d18f99c0123a5876271c8a295d5286a8b5a92fd90e7028,image
https://www.indoskript.phil.uni-wuerzburg.de/img/letters/6160.png,cached,15036,3e5bb52f803b6472b9cd1b8f1af75313b061e7723267761f7ab327a9f48fd3a6,image
https://www.indoskript.phil.uni-wuerzburg.de/img/letters/67228.png,cached,15036,f2597696b1741ebd21bb662a64d7eb33793637f1aa5b5b6a969fd8da5b692d22,image
https://www.indoskript.phil.uni-wuerzburg.de/img/letters/64618.png,cached,15036,3c37596eea7aa4ee363fe003e9b33f07efcbe9cbc9eb4cda6e6606ad642dfc5c,image
https://www.indoskript.phil.uni-wuerzburg.de/img/letters/126076.png,cached,15036,ae97c8f823756250e17bf22d5576ec34ce15c20be1ba0a568012c7dd1c110c7a,image
https://www.indoskript.phil.uni-wuerzburg.de/img/letters/40751.png,cached,15036,ba6241ed86e376984ae04b620f0649bd2491d1a8250cf8953db728381fe4ade0,image
https://www.indoskript.phil.uni-wuerzburg.de/img/letters/45560.png,cached,15036,41fbd4107485e0bd7d4f2c086983ff45cac90d8c849149a695358320740c76dc,image
https://www.indoskript.phil.uni-wuerzburg.de/img/letters/76380.png,cached,15036,6e5cd88020b52f76dd72c65997ef66ac661b5e90a0a21031982d406ac57b58ba,image
https://www.indoskript.phil.uni-wuerzburg.de/img/letters/145129.png,cached,15036,748a08743940408f2d9830229c1f272f7e09032430193b5e5763a7f13c8df929,image
https://www.indoskript.phil.uni-wuerzburg.de/img/letters/36367.png,cached,15036,5701e73346a70b9550f893d01caf95061fda5349e029f72282d475381b3079b7,image
https://www.indoskript.phil.uni-wuerzburg.de/img/letters/6185.png,cached,15036,046867518add66f48563e11b3a806e48c80210d5398e9734531481cb0d4de08e,image
https://www.indoskript.phil.uni-wuerzburg.de/img/letters/1444.png,cached,15036,8fff4e3964be42c765d2a387797e43fc5c2ca71854ef7db6f0a77f5f637feb77,image
https://www.indoskript.phil.uni-wuerzburg.de/img/letters/8512.png,cached,15036,354a1776f5ea58ce9122e7a0f5e8fc8d113411b96b5f9dcbf3baaae168963b30,image
https://www.indoskript.phil.uni-wuerzburg.de/img/letters/112121.png,cached,15036,c97404a56b10332ee15067a9c9b577600e7e3cdc36f7b9faa3a1abc357c5046b,image
https://www.indoskript.phil.uni-wuerzburg.de/img/letters/34506.png,cached,15036,2648bf79ae2d220f84e575813306a8b3f28b771f3892c0916a91da40f5e4bf61,image
https://www.indoskript.phil.uni-wuerzburg.de/img/letters/119031.png,cached,15036,8caf4bdeb02bf10416ffc3afb7f006574d5384e6e5dbd3d0b888c95b05f0c8be,image
https://www.indoskript.phil.uni-wuerzburg.de/img/letters/123547.png,cached,15036,e593efda7d131a4d1603245206d8e0090a9485003351827a0a8d6f5a83d6fff0,image
https://www.indoskript.phil.uni-wuerzburg.de/img/letters/123702.png,cached,15036,67a8943f553bbd6392bb9b915105bcb2a157e199ec51af859ef627397907bf7e,image
https://www.indoskript.phil.uni-wuerzburg.de/img/letters/6740.png,cached,15036,f499f6111b4f148a736c9c0f3326eb067f71c58c6711c0bf23c6aa36023b13e1,image
https://www.indoskript.phil.uni-wuerzburg.de/img/letters/106915.png,cached,15036,3b392a929322ec8f3dc9f4409e9e8813702cb2ece5e1cca43e91fdcd4fe54e42,image
https://www.indoskript.phil.uni-wuerzburg.de/img/letters/8573.png,cached,15036,30dac860f7564c44c4d04b1c8964781932f116e39bcacff557dca0aee1c6f87a,image
https://www.indoskript.phil.uni-wuerzburg.de/img/letters/89201.png,cached,15036,a771e718800d3cdf05ff2345173b3832581b0ff9c6ab10e7a14102569ff552a9,image
https://www.indoskript.phil.uni-wuerzburg.de/img/letters/139379.png,cached,15036,4f04f57fd24322f8a1b99a8e058e8d0906d21432ae4fddcd51988d7540eecbb6,image
https://www.indoskript.phil.uni-wuerzburg.de/img/letters/175655.png,cached,15036,a3eb4644e1ac30cd0c78b01e55a707bb1f42aa0fce3285a731c1f3fb45581964,image
https://www.indoskript.phil.uni-wuerzburg.de/img/letters/44075.png,cached,15036,0297cb8bb0867a57ca893f7c218d25c2fb9fc1aa35efe82c4720a78917f5b34b,image
https://www.indoskript.phil.uni-wuerzburg.de/img/letters/152919.png,cached,15036,3a811ddabe664800714b9d40653df008f8fb4d470f43deadfb1b88c8ec6fbd08,image
https://www.indoskript.phil.uni-wuerzburg.de/img/letters/150126.png,cached,15036,e1143510d5ba38bc34ad600d002fa9c6506c8e3dad7d8eec039c4617999f5a99,image
https://www.indoskript.phil.uni-wuerzburg.de/img/letters/116005.png,cached,15036,69b59a74fd3d738b78a342ce207b0989291f0f5938446bc961309e257fa8cbbd,image
https://www.indoskript.phil.uni-wuerzburg.de/img/letters/76081.png,cached,15036,76d20e470150d5a54a24b6bee43b6844221a7391a5f4bd6719381441b4e1800a,image
https://www.indoskript.phil.uni-wuerzburg.de/img/letters/18219.png,cached,15036,e78d9120b3e8eefccff1defd6f063039ad678fe2b8f82263cff31e38d5139f15,image
https://www.indoskript.phil.uni-wuerzburg.de/img/letters/120108.png,cached,15036,d53088675949688ea23f55019ecb565cf6bdda7b65e238c4da4e55c3b06c7034,image
https://www.indoskript.phil.uni-wuerzburg.de/img/letters/111164.png,cached,15036,c153a42a73c166021189db7f66aedf97738b8c90260057cde3b182c7d0d6cafc,image
https://www.indoskript.phil.uni-wuerzburg.de/img/letters/147773.png,cached,15036,49144bcfce667d0ece5308fd10cfe267e769c37c3fbe13d45e5b34131b815a3e,image
https://www.indoskript.phil.uni-wuerzburg.de/img/letters/113271.png,cached,15036,68b9813212b517d59146552b801c2f4244aa4c1f9475d2e304ba5ca57e28c9c2,image
https://www.indoskript.phil.uni-wuerzburg.de/img/letters/89543.png,cached,15036,288d9dd7fe5e3168d8ed1e219754fcafc66595b8c3a61f0d231d9bb516862d53,image
https://www.indoskript.phil.uni-wuerzburg.de/img/letters/152956.png,cached,15036,e62af4e9c623a75a18c5887532bea15f50c0ab85c7f665fb71f024feb817344a,image
https://www.indoskript.phil.uni-wuerzburg.de/img/letters/146594.png,cached,15036,014a35190bde0730009aad045a3d34f18d73710365ed95cfe4dcbfc426547517,image
https://www.indoskript.phil.uni-wuerzburg.de/img/letters/157963.png,cached,15036,ceaf6fa4a051c8ae3b6a1506f0f31512180ec60da34b1ded2d24a2919652090d,image
https://www.indoskript.phil.uni-wuerzburg.de/img/letters/55606.png,cached,15036,e680ed8baefa478bc97651a495f690491fb33b0ddba5abd9c4b690cc1dee260b,image
https://www.indoskript.phil.uni-wuerzburg.de/img/letters/161055.png,cached,15036,9f1bbc6bf415a6445882f474cea56261ad419c0ce0b6cca26fe91073e5da9fe0,image
https://www.indoskript.phil.uni-wuerzburg.de/img/letters/115036.png,cached,15036,554587087be8cb6fcb91c2a1c6797ade46f8f1d66d0ef67e6fb4e00f1f7a5cd8,image
https://www.indoskript.phil.uni-wuerzburg.de/img/letters/109992.png,cached,15036,805a03d8175f914b9452caf1b8e8cf4f514a40453d792fe64b5a943a3afabb44,image
https://www.indoskript.phil.uni-wuerzburg.de/img/letters/8550.png,cached,15036,81f64630ecdaf2964f4e75aaa533b68dc8f23b1e5f127afd0c8c270e86364089,image
https://www.indoskript.phil.uni-wuerzburg.de/img/letters/144630.png,cached,15036,1d482ef65d22530e281430d3a02a2af4ff05391ab7bc9c866dbd6fb763df7d4d,image
https://www.indoskript.phil.uni-wuerzburg.de/img/letters/32600.png,cached,15036,64059c715273e49ccade99c866c6d5396564c6220dfde13da186f66eda988423,image
https://www.indoskript.phil.uni-wuerzburg.de/img/letters/170422.png,cached,15036,7df130f80c0659a59c87fecedb7948780ebd4bf9f4c930076cafdcc8f30d2bbc,image
https://www.indoskript.phil.uni-wuerzburg.de/img/letters/5341.png,cached,15036,50838771ded8ac78ef657d929d2cb25eb29428fc7caee714ba961f9dd7b19a4e,image
https://www.indoskript.phil.uni-wuerzburg.de/img/letters/86147.png,cached,15036,b9a511702f7558d37c86836e42c22db97d867597df4a8df7e157593b7ad6cd61,image
https://www.indoskript.phil.uni-wuerzburg.de/img/letters/66342.png,cached,15036,bfc260cb279084c80e9b92756b89cd594db390722f4eb195c26d6e264630ff68,image
https://www.indoskript.phil.uni-wuerzburg.de/img/letters/166562.png,cached,15036,03face2846866ead3a8adf8804f67e62305f4765c79cf43e706a835e227c0ea8,image
https://www.indoskript.phil.uni-wuerzburg.de/img/letters/162369.png,cached,15036,533f84c00aaf2558cc6340df6639a8e4a92ce47733b8d9d22a87bc378deacd8b,image
https://www.indoskript.phil.uni-wuerzburg.de/img/letters/70881.png,cached,15036,d48c9964b08810ded5e89970b2bfab743683adc3e54356deb1bce415a4e9ef88,image
https://www.indoskript.phil.uni-wuerzburg.de/img/letters/10797.png,cached,15036,a8554abf35adfa5753772b1403aed71f1d6d52343f7b9a160a9af820f2915deb,image
https://www.indoskript.phil.uni-wuerzburg.de/img/letters/99212.png,cached,15036,b7e6823a43ca460bf405f922addc0eadb93d4178e6397f83f6c02a914724a2fd,image
https://www.indoskript.phil.uni-wuerzburg.de/img/letters/127063.png,cached,15036,ba185e1bbc18915fe30c03a914b2f67d49a084a33e3962f2203b6dc99278a6b1,image
https://www.indoskript.phil.uni-wuerzburg.de/img/letters/110398.png,cached,15036,337f906627ab0ab16cbadb7f38b3c421341cc9498bbfe50ac3304416683e190e,image
https://www.indoskript.phil.uni-wuerzburg.de/img/letters/72878.png,cached,15036,a6c3106ce17dfaff9c5051d12345466f148894301b3879013140c7955b016b5d,image
https://www.indoskript.phil.uni-wuerzburg.de/img/letters/28032.png,cached,15036,63ec99225b354153c125071e97ce28253bf2ed2e96c950141ebe4a1e57fa0369,image
https://www.indoskript.phil.uni-wuerzburg.de/img/letters/113591.png,cached,15036,a83c74bd6f93aaf7ed461fb2bb0ead19c4b910e319a436f2b03d47b4cd0d8d17,image
https://www.indoskript.phil.uni-wuerzburg.de/img/letters/12664.png,cached,15036,8a0fbb1483bd9a1cc118ca59522f0954feb41c183a1810f505ecc8d533bb788b,image
https://www.indoskript.phil.uni-wuerzburg.de/img/letters/78028.png,cached,15036,1b39fd50bd0678caf3d4dc243a0ee16fd873363900be1bc29d1c8f72d9518cb5,image
https://www.indoskript.phil.uni-wuerzburg.de/img/letters/109025.png,cached,15036,9ad87a806043cee4a7a386ae394ca35a0f7d48d0a627d58fd773236f40a3b107,image
https://www.indoskript.phil.uni-wuerzburg.de/img/letters/147640.png,cached,15036,a0ad57219e03c7afb4fd03d851035f575c9172da3daa9b2ba529f4d5fb2c9719,image
https://www.indoskript.phil.uni-wuerzburg.de/img/letters/43366.png,cached,15036,d79734f9dfcab47105f3b290b3a293c9eccf179892df7ff248bb9f648e9dffb0,image
https://www.indoskript.phil.uni-wuerzburg.de/img/letters/172004.png,cached,15036,2efd3760b1518e21c7358e32d5cda7d6d50308a7877383d313d71f7896fef533,image
https://www.indoskript.phil.uni-wuerzburg.de/img/letters/92316.png,cached,15036,dc16a9fc48446ce80767da077e91b54cdca77e067aefae121c108232e8e8df60,image
https://www.indoskript.phil.uni-wuerzburg.de/img/letters/39088.png,cached,15036,bca22168c4a7e5239a61d4fd62dcb95d3c0c7fb4cc7c553bdfa3a9eeb7b2b6f2,image
https://www.indoskript.phil.uni-wuerzburg.de/img/letters/180122.png,cached,15036,b04524a2c5b0b0fea2dc289389ade99f14a38a23c4e7276e4d9714ae599bc7f7,image
https://www.indoskript.phil.uni-wuerzburg.de/img/letters/36961.png,cached,15036,883536a87ad240c1c5d36eb31c0481adf4aeccb28a468f4d63cc9626b03e3d24,image
https://www.indoskript.phil.uni-wuerzburg.de/img/letters/156335.png,cached,15036,a97701ec8fdad60c27aede12cffe0ad3956fc35b6f3ec494ccc06613ca255292,image
https://www.indoskript.phil.uni-wuerzburg.de/img/letters/6501.png,cached,15036,ef5a5b765124d443430d8ba1a842074bcb144382c1e2919a47f8377a633f04cd,image
https://www.indoskript.phil.uni-wuerzburg.de/img/letters/36644.png,cached,15036,29b82cbbd745cc1ba5625ddc60c12d91953a4424f367f276c650641308ce32af,image
https://www.indoskript.phil.uni-wuerzburg.de/img/letters/44116.png,cached,15036,0578cda79e150ee171d4f116febcb54332f9b76150d0a0744cc9d444b0d8bce0,image
https://www.indoskript.phil.uni-wuerzburg.de/img/letters/3403.png,cached,15036,e08ccf599648cb4d88b27fc716248b58cd0f654c92b0c3297ec5d6a94ca3745b,image
https://www.indoskript.phil.uni-wuerzburg.de/img/letters/19870.png,cached,15036,4181a10bfe073ec2b90c75db47e21bc9da4541b3241eb078052703768cb2f3f9,image
https://www.indoskript.phil.uni-wuerzburg.de/img/letters/147901.png,cached,15036,4801e4960b4ca66c94ca825222a05493d5c2b3a42c5a5b25c2de574022f19134,image
https://www.indoskript.phil.uni-wuerzburg.de/img/letters/95404.png,cached,15036,58f83360f39e9ca2cdf8e868e0a657763f49bd0e4efaa45d66ce380ea4318478,image
https://www.indoskript.phil.uni-wuerzburg.de/img/letters/28141.png,cached,15036,3c7011f5a6d4326c2b79b23c23f7e4b8cbfa575923bd19ed804c2b5624e51215,image
https://www.indoskript.phil.uni-wuerzburg.de/img/letters/101862.png,cached,15036,e864cb3671b3172db422eade936ec7bbe9e811e58afce1235fd248b285f5ad4c,image
https://www.indoskript.phil.uni-wuerzburg.de/img/letters/13609.png,cached,15036,4646207ea06375db737b283d0a85da0df770d01022e503002d993b5b505bfad7,image
https://www.indoskript.phil.uni-wuerzburg.de/img/letters/41263.png,cached,15036,9f571283cd82063275c3ab5661e057e64c7cbd8408dc6609252eb242a076f168,image
https://www.indoskript.phil.uni-wuerzburg.de/img/letters/31441.png,cached,15036,bac57224acc2162e1f0ed525aff5494ceb74150c3305e263554702a2c4d0c657,image
https://www.indoskript.phil.uni-wuerzburg.de/img/letters/177332.png,cached,15036,bf76925e27e7693bef12d46d49c055f1a03b64a85820db8cb5b3817d15b22494,image
https://www.indoskript.phil.uni-wuerzburg.de/img/letters/65442.png,cached,15036,18345035921520aa736fd2aa884c3bd19c1ac3f1516efa644f4d4a8eedf8f61c,image
https://www.indoskript.phil.uni-wuerzburg.de/img/letters/86454.png,cached,15036,90c9c6beb8af9b1d2cb4416d74658b14bd332168647d0d1b0a79220b7a421338,image
https://www.indoskript.phil.uni-wuerzburg.de/img/letters/95435.png,cached,15036,3cfb93fec24ef63b8d23ee73b1e7eba33c7473190b09a76440169f31422ddbe2,image
https://www.indoskript.phil.uni-wuerzburg.de/img/letters/152352.png,cached,15036,f0bc68e5429af84d0863b08acd318375980732ebdd68ff81f40c83a89923a397,image
https://www.indoskript.phil.uni-wuerzburg.de/img/letters/177791.png,cached,15036,5e6b49848a395755325a50210c824e59ae86e9c8ddb37ff4ba223947e4fe0b00,image
https://www.indoskript.phil.uni-wuerzburg.de/img/letters/163522.png,cached,15036,c946d3e0106893b993490ef842850ea4e27450e5d9356df579d04d795ce58fc8,image
https://www.indoskript.phil.uni-wuerzburg.de/img/letters/16010.png,cached,15036,3cf83e5237782150c387e32e1d2e108131ab2d4caebc45b1d5c62075cd913c00,image
https://www.indoskript.phil.uni-wuerzburg.de/img/letters/45282.png,cached,15036,ec93b5364657895feef03aa9fd03540b1512b3823450964e85d4c85d558abcb3,image
https://www.indoskript.phil.uni-wuerzburg.de/img/letters/3617.png,cached,15036,72ba4c21be8396bb47882b851fc8d75f1ac92392f7bffbfbb909e126ad1b5b2e,image
https://www.indoskript.phil.uni-wuerzburg.de/img/letters/9294.png,cached,15036,7848d9d1a129180dcb34649d031bc4c6969925274558b360d5ae8b81ec0fc361,image
https://www.indoskript.phil.uni-wuerzburg.de/img/letters/163426.png,cached,15036,1fb28cafd76dc8a0cff587092ff7735487660ac9be0c01676b13046cdfbbb717,image
https://www.indoskript.phil.uni-wuerzburg.de/img/letters/4060.png,cached,15036,fc8597563ea790c8d7290dc4bb862a14c40d0d8cca616345d48da76573033be8,image
https://www.indoskript.phil.uni-wuerzburg.de/img/letters/56661.png,cached,15036,2a8559759a9b6dfe59f12b553f59219eaec2930fae98b0a8fb4ea61ec08d4f77,image
https://www.indoskript.phil.uni-wuerzburg.de/img/letters/59792.png,cached,15036,59630c42646662040d71064a9ca44f896dc1545f6af1b666c02981c38420dec4,image
https://www.indoskript.phil.uni-wuerzburg.de/img/letters/147928.png,cached,15036,190b23246726f5c4a1d43447d74fe43f3b4ffdc2123b7d2f57c3f54d3d9eb3e6,image
https://www.indoskript.phil.uni-wuerzburg.de/img/letters/154076.png,cached,15036,e8f2d6ef152378ab28cc4b2a96fd85b62bff7b5cf703f5e02254ea35502c3968,image
https://www.indoskript.phil.uni-wuerzburg.de/img/letters/180986.png,cached,15036,4f228eadfb7f79743dc65126dc8904de712e4e5fb4d3976bf91175216e579e88,image
https://www.indoskript.phil.uni-wuerzburg.de/img/letters/135481.png,cached,15036,b672971cf64674ac399714f06928b429d12b1c43b0b14bd7e751c6ab20656353,image
https://www.indoskript.phil.uni-wuerzburg.de/img/letters/168684.png,cached,15036,c550267adb1899995a8a58dc92e89e3e8ff3e286bebca097ce75c3539c89adfe,image
https://www.indoskript.phil.uni-wuerzburg.de/img/letters/152530.png,cached,15036,19a75a60383d317d8cc02356eb2b9b2c8b8298cd29d0341587f707acdd4f0efc,image
https://www.indoskript.phil.uni-wuerzburg.de/img/letters/178642.png,cached,15036,65a34daf93cb711d11773aa533da06b0d45c55511af5a32af6328fdc8fdc2d5c,image
https://www.indoskript.phil.uni-wuerzburg.de/img/letters/137272.png,cached,15036,53c962bfb1cd7c911aa45425b94ca3d7989a3417c10c203b776e56b5e4cb9a7b,image
https://www.indoskript.phil.uni-wuerzburg.de/img/letters/28314.png,cached,15036,93690be9d29a54d7c631b7f0b213d89f51077848bc0df46b545cdb1a4b7e884c,image
https://www.indoskript.phil.uni-wuerzburg.de/img/letters/125873.png,cached,15036,065b51a2e2d37e6d8655ada165576756d06bae0ac5cd31ed4eef189865fed0ef,image
https://www.indoskript.phil.uni-wuerzburg.de/img/letters/157702.png,cached,15036,e7c754769fef64e44694685be45cfb897cecaaef869afdf43ac5e373d8a103c5,image
https://www.indoskript.phil.uni-wuerzburg.de/img/letters/67323.png,cached,15036,46969e2d8f396b60b760dd5c8198c5bc4c5ffbbfa1930606b11c5c4dd2739096,image
https://www.indoskript.phil.uni-wuerzburg.de/img/letters/57285.png,cached,15036,37cf813c7cd845b87d71c42ef8c87f10f9374d38e26165b3e7d5020fdb5a7037,image
https://www.indoskript.phil.uni-wuerzburg.de/img/letters/37023.png,cached,15036,19f3007477e22ed4cd88e7fdde0fa48da60512cb00f8830871eaab3cf4176f3e,image
https://www.indoskript.phil.uni-wuerzburg.de/img/letters/85421.png,cached,15036,e42fa2bf20e4b59f9f4e56df9cebb6efb87cd15707495e397cbe04c5034e12c3,image
https://www.indoskript.phil.uni-wuerzburg.de/img/letters/33833.png,cached,15036,80b4a56a5ea0df8811568ae08882eb716eb7ea97a1206bcc7ce2a1e1551ad08c,image
https://www.indoskript.phil.uni-wuerzburg.de/img/letters/169780.png,cached,15036,433adebe2dec5a69cd0b94e65bbb2dce9f6ee8baad861f4fef1237de30278a58,image
https://www.indoskript.phil.uni-wuerzburg.de/img/letters/169791.png,cached,15036,9fc627dd84d7a26791ec77256c35ad76ae5a97e4908a03ca8a48de2a7b6b324f,image
https://www.indoskript.phil.uni-wuerzburg.de/img/letters/109237.png,cached,15036,97c458816be02d86e2ada42212e582be41f852d58652b94ed3242fdaf88dd3f9,image
https://www.indoskript.phil.uni-wuerzburg.de/img/letters/39702.png,cached,15036,8b9ac8c113d1ea69b6fe532de0f7496f7877c74687f0cc458e5f555ab79cd80f,image
https://www.indoskript.phil.uni-wuerzburg.de/img/letters/121666.png,cached,15036,3edfea4c26d19c67570344e3b221806990999cee10edf762aa286a4a4a993f81,image
https://www.indoskript.phil.uni-wuerzburg.de/img/letters/164806.png,cached,15036,c034e96846662188631446f4394e7b5d963a708bd733634408778a4536f5bf8b,image
https://www.indoskript.phil.uni-wuerzburg.de/img/letters/32977.png,cached,15036,65170a02abc181cdb9793ba9ba2124fed55f3cb1a627dced49e83304b8b6ee6f,image
https://www.indoskript.phil.uni-wuerzburg.de/img/letters/65094.png,cached,15036,81381035d6133d5ab21c3b94d728578dc61144965cdc0ff3134bddf301174369,image
https://www.indoskript.phil.uni-wuerzburg.de/img/letters/61608.png,cached,15036,f1f97d6fdf278acb396595aac3c8c871460d87f88cf7f7cfb0886ab0215304b8,image
https://www.indoskript.phil.uni-wuerzburg.de/img/letters/116170.png,cached,15036,a8101422bccaa7e15d6641d0f6b3c10c9918bc8be3f72fb8812d67eea7b7fb32,image
https://www.indoskript.phil.uni-wuerzburg.de/img/letters/105715.png,cached,15036,5d3d450850f83c3e2f4818733b0c21ad3efa8824c8870ad2f836e8e74c568eb3,image
https://www.indoskript.phil.uni-wuerzburg.de/img/letters/130721.png,cached,15036,9229ada7b31a400d0695bd3cb7f9750790241ed9e3e10cf6872e18549c02d3a2,image
https://www.indoskript.phil.uni-wuerzburg.de/img/letters/136058.png,cached,15036,cc539281420ffb734302f02d3a497ec9ca006976c2a9e9a39343f02e832306fe,image
https://www.indoskript.phil.uni-wuerzburg.de/img/letters/116219.png,cached,15036,b363da070fa57f33b8d067e4c4340c2d47390ec51d9b5f5baef4f8c15f3b203f,image
https://www.indoskript.phil.uni-wuerzburg.de/img/letters/148959.png,cached,15036,a672d378172cd6e441b5b7239ad0bd4de420073190ff3b551d7b1ee4292c5688,image
https://www.indoskript.phil.uni-wuerzburg.de/img/letters/98782.png,cached,15036,93a31ca34246f1759ec9a9d0a1f7c7294fb42d54228dd65d3fe56bd080975fa9,image
https://www.indoskript.phil.uni-wuerzburg.de/img/letters/131936.png,cached,15036,69d1538c8a14b20f6df35c4d76ce9c1d96ac55c4f4c189afa43db006c2545da0,image
https://www.indoskript.phil.uni-wuerzburg.de/img/letters/39087.png,cached,15036,b89386373d2df040a9adb4cfaa0c8222554ee8f0af583bfbbb1cc1c15aca3ee5,image
https://www.indoskript.phil.uni-wuerzburg.de/img/letters/114462.png,cached,15036,41aff19fa430a285108400be051913eb731ed480da5a5f366053c32bd30ebb53,image
https://www.indoskript.phil.uni-wuerzburg.de/img/letters/76260.png,cached,15036,f69446c7f9ece4af519fa5c9ee74a771e628f3ef7aa4d54af431422e5a8ffbe9,image
https://www.indoskript.phil.uni-wuerzburg.de/img/letters/31297.png,cached,15036,162c0005d84bdee3cbbff6ba58c7e3d54fae2d0adac470540b539cd3ab25648d,image
https://www.indoskript.phil.uni-wuerzburg.de/img/letters/26617.png,cached,15036,191bef4fa4c56f64c036071166ddd19d0aa466657679b8e1ccf22004bb3b39f3,image
https://www.indoskript.phil.uni-wuerzburg.de/img/letters/126837.png,cached,15036,f3dacdb96a7e15b339025cf840a9c24eb7957e41a0ba8e37e8f4c879efd09576,image
https://www.indoskript.phil.uni-wuerzburg.de/img/letters/126684.png,cached,15036,8a8fcd6092ccc5583a92758af17485b33486eb1a445afac9ab2c60e6a3b01f36,image
https://www.indoskript.phil.uni-wuerzburg.de/img/letters/106991.png,cached,15036,f911e7557d58e277f93ea06f31bff46ea1844861f1b00ed21ead4ff790df630c,image
https://www.indoskript.phil.uni-wuerzburg.de/img/letters/29905.png,cached,15036,d1473c29aeeb9c78ced47e327cfa474745817a77870cb8bd44033abad2409b35,image
https://www.indoskript.phil.uni-wuerzburg.de/img/letters/20508.png,cached,15036,504f8bcc9383a1844b0fb5d676595cded0213c4a90c62c03b65ad6f59acca4a9,image
https://www.indoskript.phil.uni-wuerzburg.de/img/letters/95389.png,cached,15036,33411931889144a99e3b4cf665c877fa43ae7089ea3ac8ddf3db900ba702e3e0,image
https://www.indoskript.phil.uni-wuerzburg.de/img/letters/38150.png,cached,15036,815cbf90670261f4c0637ab1068ef4a60310900c480fa6bcdeaa9913c66d79cd,image
https://www.indoskript.phil.uni-wuerzburg.de/img/letters/157367.png,cached,15036,836b1b554be88a0cbff7b33e4243ef353f84ce56496133dc15539d817b19c542,image
https://www.indoskript.phil.uni-wuerzburg.de/img/letters/27454.png,cached,15036,c42f07643daba71f64931b097c43a88cf52f3eaf41010c59b03ad6e83720b0ad,image
https://www.indoskript.phil.uni-wuerzburg.de/img/letters/110629.png,cached,15036,72317935e646a214eea8fda5b397787bac5699fcd13790715b205ae609158631,image
https://www.indoskript.phil.uni-wuerzburg.de/img/letters/149702.png,cached,15036,1b1e9166d9dcab4dff459ac1903ed24b94a2c2a74b19c10416b080008d6b6d80,image
https://www.indoskript.phil.uni-wuerzburg.de/img/letters/43449.png,cached,15036,a8fafe9ae98e3d634fee9850667265d11589bc13c8371e817a12a8c6947958ef,image
https://www.indoskript.phil.uni-wuerzburg.de/img/letters/148270.png,cached,15036,8a33a9454152c69a94f1d3c16d62f00a33482de144056a5b55d1df73cad96ffd,image
https://www.indoskript.phil.uni-wuerzburg.de/img/letters/66984.png,cached,15036,e708aa079bd1fbe936b9df9edc7bfa0681e7543ab864a448c4a88c695cce7184,image
https://www.indoskript.phil.uni-wuerzburg.de/img/letters/89968.png,cached,15036,16317eb91d736128604ed8d2fe850e21f7da3f6e8843a642906eb06847a73130,image
https://www.indoskript.phil.uni-wuerzburg.de/img/letters/8256.png,cached,15036,a83f181a94d967aa473311da694882707fa719392a8bdc0fbd03e82a62225b93,image
https://www.indoskript.phil.uni-wuerzburg.de/img/letters/46032.png,cached,15036,4af94177c4f94074237620e71671b21f48c14d73bf5d6e7f8132eab96ddb80f8,image
https://www.indoskript.phil.uni-wuerzburg.de/img/letters/27360.png,cached,15036,85151d13648279dedceee55d412bef5123c6cf5a192e3b04540c5847a7c3fde5,image
https://www.indoskript.phil.uni-wuerzburg.de/img/letters/145260.png,cached,15036,e49be995358fe614cbdf140fa75227ec738ceb31b8b6a71cd3ea798485b0bc6e,image
https://www.indoskript.phil.uni-wuerzburg.de/img/letters/54146.png,cached,15036,b9c0b5f3dfc67069428b8daf2976adcfae4fa0d54fc76ba14feda1407bcd7ecb,image
https://www.indoskript.phil.uni-wuerzburg.de/img/letters/57739.png,cached,15036,1e439a738b1de849855eb375ab720646a71570abacdeb8a6d6ab22427c40333c,image
https://www.indoskript.phil.uni-wuerzburg.de/img/letters/9618.png,cached,15036,0037e25cd97e7f5647e697daeef1118535f11cf27351f1567135f88bdd2d8f32,image
https://www.indoskript.phil.uni-wuerzburg.de/img/letters/80706.png,cached,15036,9b384dab67a52e803a6c90eca73ac9a13e96341d4ca68e006fa326e1838be4d8,image
https://www.indoskript.phil.uni-wuerzburg.de/img/letters/89056.png,cached,15036,a61f24ed11edc082b7f7dba028dec0dccfa80b65f226e149c079c6acd27f8774,image
https://www.indoskript.phil.uni-wuerzburg.de/img/letters/42794.png,cached,15036,2dce28cf5abbd3bce59b9308efcfdc862c7b861597d12abae57dd961e380a67c,image
https://www.indoskript.phil.uni-wuerzburg.de/img/letters/28357.png,cached,15036,1a6549a51620da44aad33e4f7ac8a9080882478250498615d7cd5d41565495f9,image
https://www.indoskript.phil.uni-wuerzburg.de/img/letters/91529.png,cached,15036,ee8e5b460415603c45d3b6a14b17e3282485ff7ce83c5ed5a8baad77e341f240,image
https://www.indoskript.phil.uni-wuerzburg.de/img/letters/157155.png,cached,15036,764804bcf21ff88602265ac83925d48e8c21125221d221a0fcbc807d97de83e4,image
https://www.indoskript.phil.uni-wuerzburg.de/img/letters/78058.png,cached,15036,4c1167c207f7a981bb08d08ae0eb569d02fc205400d1201d4cfdacb372995769,image
https://www.indoskript.phil.uni-wuerzburg.de/img/letters/649.png,cached,15036,871247ea40d9c9ee9a80e795545abe361adeb5c5d9dbe254e0475646570eec8a,image
https://www.indoskript.phil.uni-wuerzburg.de/img/letters/62015.png,cached,15036,294da9c63f639b34d7ff2586ee5fda88f24bc05e5ceadba90b90babdd6c10f0b,image
https://www.indoskript.phil.uni-wuerzburg.de/img/letters/114409.png,cached,15036,c44765aaa0d234f3c42d6e4225c28752db52f4b1773cbf178746eef642fcd081,image
https://www.indoskript.phil.uni-wuerzburg.de/img/letters/137024.png,cached,15036,c109b308475f072b1791b7234070e55bf773494045f7c5f3d4a01a221ed681e0,image
https://www.indoskript.phil.uni-wuerzburg.de/img/letters/164000.png,cached,15036,bc4c7d1eef48921a70affc5c8a54eb296043d58832ea988e6e34d17fbe2da010,image
https://www.indoskript.phil.uni-wuerzburg.de/img/letters/150959.png,cached,15036,95e850bf6ded2cb5cb89033c8dc78f189ead2c2eaac411ffa73355947cb8b351,image
https://www.indoskript.phil.uni-wuerzburg.de/img/letters/58129.png,cached,15036,964477deb8c6f8b919114b37cb7be9bb3e2ecd95edbd22f4e5cd30bb25e956ba,image
https://www.indoskript.phil.uni-wuerzburg.de/img/letters/134111.png,cached,15036,fd489f64c683ad29e4cb3e8df2821e862ca1d036e6cf91be46edc4229dd948ef,image
https://www.indoskript.phil.uni-wuerzburg.de/img/letters/44716.png,cached,15036,3cc44542b2df527bc090a437b83d36185b97309f6501cb99cd989b181b1bee18,image
https://www.indoskript.phil.uni-wuerzburg.de/img/letters/123299.png,cached,15036,45e094e76e4d6cf5b1043f1d69184da298bfdb5e8d73c80230e4be41c3e38ca3,image
https://www.indoskript.phil.uni-wuerzburg.de/img/letters/65381.png,cached,15036,5a1b31c4d445085d88ae6787bb912031d5e728a6945217bf969ce0d637b200fe,image
https://www.indoskript.phil.uni-wuerzburg.de/img/letters/109864.png,cached,15036,0a885f20510fbe212af3226ceb1d7537c4c19a4ff10622fcfe97bc04a0463fb5,image
https://www.indoskript.phil.uni-wuerzburg.de/img/letters/51270.png,cached,15036,604d9fb32ec863ffdc2d9c403b1f9b3753ac7264248dac00324423a100b2fc69,image
https://www.indoskript.phil.uni-wuerzburg.de/img/letters/151738.png,cached,15036,ed10ccbc052df26b4d26df2b30ced3c5cadb4a96190c8cf2bafc11ecce029a82,image
https://www.indoskript.phil.uni-wuerzburg.de/img/letters/98912.png,cached,15036,259da4cbc7222e89d5e3afb85bd840ef23976338265dadfdc65a118926854857,image
https://www.indoskript.phil.uni-wuerzburg.de/img/letters/51035.png,cached,15036,369eb15eeb056c69eb48ea248e166ba20edbe9ece3a742bc9ef7796ea5088636,image
https://www.indoskript.phil.uni-wuerzburg.de/img/letters/28907.png,cached,15036,a769f6017f7c7b486b3ce79a510ad95a69a0a9fcb5b4ae3b5a9982883a2dea88,image
https://www.indoskript.phil.uni-wuerzburg.de/img/letters/139424.png,cached,15036,b761460645dc690e1d0b3fcbc639ecac2ebcb4952982555e4387b9d8ea42234f,image
https://www.indoskript.phil.uni-wuerzburg.de/img/letters/146028.png,cached,15036,ddf0ef4f702c4bdd24d6a93d7ee414c5f8359b87827fd48e0838e4472dba1dd8,image
https://www.indoskript.phil.uni-wuerzburg.de/img/letters/132168.png,cached,15036,b6488405c7061223fc0f54783e197c81b502c97f6adf7f0ddde757d178ebec1b,image
https://www.indoskript.phil.uni-wuerzburg.de/img/letters/124967.png,cached,15036,ea949bf120c7505febde4811dabb1a72821e829e0d3375a5b884355f3cd259cb,image
https://www.indoskript.phil.uni-wuerzburg.de/img/letters/171553.png,cached,15036,f412cd9715f1ef9efbf6e92aa01500817c537ac2e4bd3d93112108564f6a9e29,image
https://www.indoskript.phil.uni-wuerzburg.de/img/letters/102159.png,cached,15036,26c63cd82699bc7bb86f75a45fc82300b2bea2be1f60cbbc34fd1994aabec6d9,image
https://www.indoskript.phil.uni-wuerzburg.de/img/letters/123785.png,cached,15036,7be1a82c69ef956eb4ee6ebe7795bbbacc18fd40a3ab549f58378689cd89e81a,image
https://www.indoskript.phil.uni-wuerzburg.de/img/letters/46130.png,cached,15036,d00c0eaa5c5936eddab9b8df6fa81337fce4486e83866b24cf24ef7fa56260ca,image
https://www.indoskript.phil.uni-wuerzburg.de/img/letters/138072.png,cached,15036,1b6c9750e6e89563eaee8af10efd81c0abcef4529681d08274f0b8542b69f145,image
https://www.indoskript.phil.uni-wuerzburg.de/img/letters/114904.png,cached,15036,7480b09484902b2b7fe54a749edd5ca3564e644b6c00f8ffd67d81cfc73bd508,image
https://www.indoskript.phil.uni-wuerzburg.de/img/letters/4067.png,cached,15036,1e8ec81dfea6456db64ee16c5f899778cfdd68620171110c77310055194a774e,image
https://www.indoskript.phil.uni-wuerzburg.de/img/letters/92094.png,cached,15036,007e208926258cee12e4c8590ab1fc6f76827da200873239d6ec1ede111b77ac,image
https://www.indoskript.phil.uni-wuerzburg.de/img/letters/67236.png,cached,15036,117d0a83f086f3e1784a544e9297e15e5254a15b7b1623c04d116f2d3e516da5,image
https://www.indoskript.phil.uni-wuerzburg.de/img/letters/123330.png,cached,15036,134815b4bf49c37755de112781749ac248660bde819b8c6766b681e338dd9035,image
https://www.indoskript.phil.uni-wuerzburg.de/img/letters/168625.png,cached,15036,d9dc3be146d0b6db12673704c4a0dd4bfd8039f25fa48acc25ac767ac570ac5a,image
https://www.indoskript.phil.uni-wuerzburg.de/img/letters/87359.png,cached,15036,01f1d4f352d278b142d74a292d59fb4f9557e080ea00aa03fe1ae74adac99373,image
https://www.indoskript.phil.uni-wuerzburg.de/img/letters/163639.png,cached,15036,39b29f95305907a42324c424ab14f2b0d1ae12ac7b240b5b0bffff7a4e7e46fe,image
https://www.indoskript.phil.uni-wuerzburg.de/img/letters/62626.png,cached,15036,11663fd24c958e2eb8fdee8087c4ded1ce493178a70c64f76c81c55fddb6fba1,image
https://www.indoskript.phil.uni-wuerzburg.de/img/letters/62093.png,cached,15036,19f205b0f4880dafdee73511af9a0cdadd909ad4199eef6b3fbbfe00d2f0a48c,image
https://www.indoskript.phil.uni-wuerzburg.de/img/letters/35612.png,cached,15036,83341f62676412e78d10648ca20ac5a792d5f7ed89241e1faac3dcaa2173fbd7,image
https://www.indoskript.phil.uni-wuerzburg.de/img/letters/147572.png,cached,15036,0fa727c699ab94dd321911f596ea09bbd3d754c27f4f5a8274424966211f4c25,image
https://www.indoskript.phil.uni-wuerzburg.de/img/letters/139486.png,cached,15036,2820499611ed44ccc6b55b2e85bb34a052ef1541646b00c969201dfba22be53a,image
https://www.indoskript.phil.uni-wuerzburg.de/img/letters/72548.png,cached,15036,99d03c4c74765eec42d3fb0e24c8e45c7d218c19c4520322128387724f03ae00,image
https://www.indoskript.phil.uni-wuerzburg.de/img/letters/10896.png,cached,15036,f6aaee74a131f2da1c3fd1301c04f61699748de86a7614162e59fa3230c0f201,image
https://www.indoskript.phil.uni-wuerzburg.de/img/letters/141325.png,cached,15036,74ef31702e6162067f0a9e7ff08f8114c14042be8acafc5a6217a3c8f131e0b5,image
https://www.indoskript.phil.uni-wuerzburg.de/img/letters/170265.png,cached,15036,9fca04cd16be9e7893a9f6eed8fed1b2e893555b5e1a2a206965d937af3c042a,image
https://www.indoskript.phil.uni-wuerzburg.de/img/letters/17233.png,cached,15036,8a7e8f70da59c1aeec685f848ed441f0a2f04f7726bba2b6617a06fd5f5da435,image
https://www.indoskript.phil.uni-wuerzburg.de/img/letters/9248.png,cached,15036,a1c4f1acb579c0d4b6d61563380e72bbbc2a1c5119a393091d72fe36c3f126ec,image
https://www.indoskript.phil.uni-wuerzburg.de/img/letters/55065.png,cached,15036,efa7a49412fc125d2ea0d7967c6493ced9519e3d1b5449d9d1074d33535d8f8f,image
https://www.indoskript.phil.uni-wuerzburg.de/img/letters/120058.png,cached,15036,7b91c2ed38548aa29b57434eee43107e1432da6e8f8d9c153b68a0c7be4c6dec,image
https://www.indoskript.phil.uni-wuerzburg.de/img/letters/125484.png,cached,15036,f080491a9aa89394c5516388bc2ab0f18e8069dd71ae00431cb247fbc081e3c5,image
https://www.indoskript.phil.uni-wuerzburg.de/img/letters/159417.png,cached,15036,4e7e581680f2918e9c1079893a6cc343e6d6e2c760d9cf8fc5264a888403608d,image
https://www.indoskript.phil.uni-wuerzburg.de/img/letters/74633.png,cached,15036,e83b7012725f805c18b247bdc0804617b8c1275070144409d6844cf672b64a78,image
https://www.indoskript.phil.uni-wuerzburg.de/img/letters/96030.png,cached,15036,73438825970d060872445f4ba55057f6e9caaef1f8ac96243ba230ca21c87356,image
https://www.indoskript.phil.uni-wuerzburg.de/img/letters/10743.png,cached,15036,16244ee41dbe6204c21953da450bf98de89e3f75090a3b35f8344cfbd78f9871,image
https://www.indoskript.phil.uni-wuerzburg.de/img/letters/39725.png,cached,15036,55223307e12c310bb5377ca861cfbc132dbe48ae297e74fe5cce7c0d184b6205,image
https://www.indoskript.phil.uni-wuerzburg.de/img/letters/26833.png,cached,15036,20e83059240a00509315c536e93d7a13ef34d0302299e9843abadf1571df1fb7,image
https://www.indoskript.phil.uni-wuerzburg.de/img/letters/8265.png,cached,15036,1902caf9a9cac520f3f9b9742b5354703061ca66eef95c529c76c91b964f8c58,image
https://www.indoskript.phil.uni-wuerzburg.de/img/letters/120307.png,cached,15036,b0c0cdd6453ea03214fb2849b75dc77bd9dd6f92a61d5f160f5b2355d8372af2,image
https://www.indoskript.phil.uni-wuerzburg.de/img/letters/178837.png,cached,15036,5e0f1c01bede124595eaf6d7039252772b8de5a78ad186652e35ad9195d98f9b,image
https://www.indoskript.phil.uni-wuerzburg.de/img/letters/1246.png,cached,15036,0624fbed43128b61f0214fd549297cdee7ff0902c1f250511e9fdda8b67e390e,image
https://www.indoskript.phil.uni-wuerzburg.de/img/letters/56096.png,cached,15036,961a35cf037678a7b9b232696be90cfa661ea49b8279e55b31f40e00f0465467,image
https://www.indoskript.phil.uni-wuerzburg.de/img/letters/20716.png,cached,15036,c835287c4e635b9a86caa66ac720727e847c48809c8eb7c063415a8f72730b27,image
https://www.indoskript.phil.uni-wuerzburg.de/img/letters/147465.png,cached,15036,d39f8f9a5356fa5640db74815e1e8d8d36ee40eea9be0a1e6b0d45d4165237eb,image
https://www.indoskript.phil.uni-wuerzburg.de/img/letters/56343.png,cached,15036,d6b769b4d8dc5dcf60b9588333698fa211385c773a1496041b382f9d82398b86,image
https://www.indoskript.phil.uni-wuerzburg.de/img/letters/167872.png,cached,15036,c75a4411b52a59b092b120b87f6229f2d3ac3dfee794e96771177508aba10658,image
https://www.indoskript.phil.uni-wuerzburg.de/img/letters/154748.png,cached,15036,b3d683b38e7feed6a495b3d616544a55861caaac90887d4e27c29761bbf97e09,image
https://www.indoskript.phil.uni-wuerzburg.de/img/letters/94916.png,cached,15036,85255db279b5b5ccf1deac587bd7fab9875ba62572c21324e583cd919ef93c23,image
https://www.indoskript.phil.uni-wuerzburg.de/img/letters/119441.png,cached,15036,8c5bc833063f94fe34cb3cbf20b31d35b466f3eef33ab96984fe8466b2738841,image
https://www.indoskript.phil.uni-wuerzburg.de/img/letters/70634.png,cached,15036,65a42f97aa776660102edcb20958bda7357f5d585868ce61dfdbcddf694ee021,image
https://www.indoskript.phil.uni-wuerzburg.de/img/letters/129771.png,cached,15036,7d8f67ba963a3cd8641814e739288b25d7c84246bfa3bb648c7530d0982286c0,image
https://www.indoskript.phil.uni-wuerzburg.de/img/letters/161279.png,cached,15036,94c72e382d192b607f71b13290a11bcbbe04bc78a9011472f4cd2cc412237fcf,image
https://www.indoskript.phil.uni-wuerzburg.de/img/letters/2192.png,cached,15036,c11c1a879f6b9c3d5e667df89ae3cce9d25ea59f51e093a71b71806a0d174190,image
https://www.indoskript.phil.uni-wuerzburg.de/img/letters/128163.png,cached,15036,485d981fb6b65a39d55b38e0db689a6d645af5ea8223119a20526e2e7650705a,image
https://www.indoskript.phil.uni-wuerzburg.de/img/letters/154642.png,cached,15036,c9f4bd7ef509d8ab54ca36395199553949a7db8f71316298566d20e0b92db51b,image
https://www.indoskript.phil.uni-wuerzburg.de/img/letters/111430.png,cached,15036,34077c86bbd5ba7bf99fe0742738654bdd1eeb2ad813c7ce5af9b0cb4f8c07a3,image
https://www.indoskript.phil.uni-wuerzburg.de/img/letters/63391.png,cached,15036,e7f972643599d89671be22f73dd06fe48f1ef214d99cc4f580eeb2fc5061c82a,image
https://www.indoskript.phil.uni-wuerzburg.de/img/letters/149214.png,cached,15036,4b5c7b0bb06cf48b4fc72ee9c65184abcde469894e6d35d8a6abc6f43d5959b2,image
https://www.indoskript.phil.uni-wuerzburg.de/img/letters/99700.png,cached,15036,66c1d5859e935a70eccf03b27495bd9f8eff93b673c92e32d1c13c8638ae19c0,image
https://www.indoskript.phil.uni-wuerzburg.de/img/letters/109644.png,cached,15036,7ae127906a02c42dec0f6a6fbe690fc05cddecd41d6aac47407e6dcc73368166,image
https://www.indoskript.phil.uni-wuerzburg.de/img/letters/32453.png,cached,15036,f7e4869e1c0782abf6240943318593c0be569cf3285495009ef2b0c95919766a,image
https://www.indoskript.phil.uni-wuerzburg.de/img/letters/123818.png,cached,15036,f4ecac23de483144bd7f3613c11039060f08dc65cb40389a84479d9944bebe49,image
https://www.indoskript.phil.uni-wuerzburg.de/img/letters/75324.png,cached,15036,3a9c525525999929afb4e8e9ef2484ed0c70bceee54bd8a66a793b493a9e072a,image
https://www.indoskript.phil.uni-wuerzburg.de/img/letters/180153.png,cached,15036,0df40d05a4e374673755e37bb4484c75e3f05b2d279cde3c152964309bec8d9b,image
https://www.indoskript.phil.uni-wuerzburg.de/img/letters/153907.png,cached,15036,7b82c02ee51d08f6f96be19b60bc44bf00c7d9b8509620ab17267e6c41b28314,image
https://www.indoskript.phil.uni-wuerzburg.de/img/letters/48346.png,cached,15036,b0e14eaffffaebe95a2b1ab8307cb24e70301376928033f8ce4124d0c3b8bdf9,image
https://www.indoskript.phil.uni-wuerzburg.de/img/letters/42149.png,cached,15036,9705d9b69df3ddf122d0b997ed6ac972a396e2b939802efe20e96a2212e3c95b,image
https://www.indoskript.phil.uni-wuerzburg.de/img/letters/152113.png,cached,15036,d34f1ddb333ac370d8a6aa27f20e32b36cedbfad9c3f72e64bfbeb6e099e33a9,image
https://www.indoskript.phil.uni-wuerzburg.de/img/letters/145621.png,cached,15036,b6f8cf916f8884c43d4624535ae4ad9b0164746872954468f7cc96bd8eedd0bb,image
https://www.indoskript.phil.uni-wuerzburg.de/img/letters/107593.png,cached,15036,a31cbe90f31f7bc7b1b2aafe4d245507b325a82a9828f33a68b3bdc3af61ec29,image
https://www.indoskript.phil.uni-wuerzburg.de/img/letters/76919.png,cached,15036,4ef5fe899807885bc79a67233fc1a2ee53a565cd2cc538b966db23e17a5f1539,image
https://www.indoskript.phil.uni-wuerzburg.de/img/letters/68831.png,cached,15036,46380de86b9a5582665d45d3e607fe5fa46e1c03c97d4a1fb266b85c58d121d5,image
https://www.indoskript.phil.uni-wuerzburg.de/img/letters/149411.png,cached,15036,0005484b0153fff30d5a0dd3848d83dbee7716beac26bb8d1c2032a62e31b9e4,image
https://www.indoskript.phil.uni-wuerzburg.de/img/letters/75523.png,cached,15036,f3241250f3eae20d379ca131f95943c8f7ea38bf4eaff84fcf0196c257f4d0e6,image
https://www.indoskript.phil.uni-wuerzburg.de/img/letters/7356.png,cached,15036,8918b45f7363a203df831dbd7ef77c00b74d0ad7bffb5e0478923f91c18ad5ca,image
https://www.indoskript.phil.uni-wuerzburg.de/img/letters/25273.png,cached,15036,014af6188199dbacd50617bec0f69fda288ae1ca261da81a770dce4040eaef28,image
https://www.indoskript.phil.uni-wuerzburg.de/img/letters/92825.png,cached,15036,b2006c0792eff9e040d4c4eebcbbd0ef781196b797309561d3ee9458d14a20c7,image
https://www.indoskript.phil.uni-wuerzburg.de/img/letters/54208.png,cached,15036,7649e37bd277427b6374a28f5592d860e9d891bf3ca93d9457be37110ca3a134,image
https://www.indoskript.phil.uni-wuerzburg.de/img/letters/50824.png,cached,15036,e60579a93da0d847e51a994872078cacc678317b802fb3e362d40ea08e4d251c,image
https://www.indoskript.phil.uni-wuerzburg.de/img/letters/58168.png,cached,15036,a3eab8155a017e07dac485649554cea5b173d25ba3f53750990732f1c091fdcd,image
https://www.indoskript.phil.uni-wuerzburg.de/img/letters/53983.png,cached,15036,8a4811615a192969de3c24dfb6904781e891fa43569bd2195398c1f6c655728a,image
https://www.indoskript.phil.uni-wuerzburg.de/img/letters/143134.png,cached,15036,78dfc5a0295793c1e321c1700037bc27fa5d079cd2cbe431bc91fef7ebdb05e2,image
https://www.indoskript.phil.uni-wuerzburg.de/img/letters/10554.png,cached,15036,fe7f99d7204f94f7e64990dafe42185501c8315bc02846727c4a7be17bc7e090,image
https://www.indoskript.phil.uni-wuerzburg.de/img/letters/106938.png,cached,15036,23a75d6c942f41c61220dd047d048089f137fe55d82e1189f1f063f297446481,image
https://www.indoskript.phil.uni-wuerzburg.de/img/letters/48652.png,cached,15036,ba67393021d528840997b2319be961773143ba23a587c21c20fa464473ada243,image
https://www.indoskript.phil.uni-wuerzburg.de/img/letters/116558.png,cached,15036,cea4c216ee51463783894d326b204a5ce817295f3d8fa738e08a1e3935344c17,image
https://www.indoskript.phil.uni-wuerzburg.de/img/letters/13729.png,cached,15036,43bdb9796758085e41b5ac8406df85efded5554eeaa73ca531b2e2164d54511c,image
https://www.indoskript.phil.uni-wuerzburg.de/img/letters/99714.png,cached,15036,645b2e438678b5dbbb88ebcc7a52f7ddce8ff42cd4c104223c4273faa034e40b,image
https://www.indoskript.phil.uni-wuerzburg.de/img/letters/138963.png,cached,15036,6dc44e3064ec3366c7caf9a871e634c031f953964dbe5d72354b1f1aa3d5ba53,image
https://www.indoskript.phil.uni-wuerzburg.de/img/letters/60510.png,cached,15036,7abcfb7b9577b6b30df0d68f802b52b94c03e8f202bd981e517e06b2ddd8ed1a,image
https://www.indoskript.phil.uni-wuerzburg.de/img/letters/107291.png,cached,15036,94ceac06ad4edba5da1c8798901eb89625d8cd1c542986b07c9c93ce94649113,image
https://www.indoskript.phil.uni-wuerzburg.de/img/letters/77676.png,cached,15036,967956c73dd4aa7b408527e0ac31c738b7fcda83f78658958622e9a1c889be22,image
https://www.indoskript.phil.uni-wuerzburg.de/img/letters/145138.png,cached,15036,7c9c745c18af01b3f7ce031774a1bcd4aca6bf8618c3fe075cd8ccd7c9f5bbee,image
https://www.indoskript.phil.uni-wuerzburg.de/img/letters/106703.png,cached,15036,f140294acc780e70b2976ffe5bd299406afa8db0db0bed465f0d0f86efb8782b,image
https://www.indoskript.phil.uni-wuerzburg.de/img/letters/171293.png,cached,15036,ef3d225558246dd29816762d37010c5f4b43b8e650963aaf1f7b2543784fe0a4,image
https://www.indoskript.phil.uni-wuerzburg.de/img/letters/172307.png,cached,15036,1740c11b94b954724f9d92c31a8b7c4166382394fb560832c1b6886264eb0cf7,image
https://www.indoskript.phil.uni-wuerzburg.de/img/letters/144404.png,cached,15036,ebcf608b6287e554b73396fd21a4e092a25e81ea81026b791429785780400b7f,image
https://www.indoskript.phil.uni-wuerzburg.de/img/letters/14714.png,cached,15036,c0275b5d0eb8789971e335c1d3f77f738ac29916dd4f22a949020c404ba253ff,image
https://www.indoskript.phil.uni-wuerzburg.de/img/letters/30016.png,cached,15036,57fbc2cfae7544c4a45d03be9acbdb2fa288594e9cba20f0f6afd010aec59585,image
https://www.indoskript.phil.uni-wuerzburg.de/img/letters/29616.png,cached,15036,5966160fc3a6350585597f347eb48d2abfd2afd6b2bc1c20e459c58b5c4c7ec9,image
https://www.indoskript.phil.uni-wuerzburg.de/img/letters/117873.png,cached,15036,44378236374d416b71add320bf7c4fb7be2c081f95a00f491b9b56ce549a4168,image
https://www.indoskript.phil.uni-wuerzburg.de/img/letters/41791.png,cached,15036,d290d94ced61a5ea1b94661cfa2c1d8ce32b3be4bfa10c1d07935b6e2bfa8825,image
https://www.indoskript.phil.uni-wuerzburg.de/img/letters/21695.png,cached,15036,083acf7ad2d4c73e2eda2bd7467fe16404154c712d4d1c2a9749f3b6dd0ffcf5,image
https://www.indoskript.phil.uni-wuerzburg.de/img/letters/169721.png,cached,15036,941ab90fc66e3af13eafcc3297194b421ec087499acd4be4f28062c6c8269832,image
https://www.indoskript.phil.uni-wuerzburg.de/img/letters/170246.png,cached,15036,e78c4555a61cc26cde688437249a89c579328c6859c37d92616ca24281769f47,image
https://www.indoskript.phil.uni-wuerzburg.de/img/letters/155974.png,cached,15036,5bc953284a801ce5b89cf537ccb0c63450e24a4e68b669650a7b8d07c8aba09f,image
https://www.indoskript.phil.uni-wuerzburg.de/img/letters/35299.png,cached,15036,0a9adad2b5793dd279e896fc82c562abc6be348b0b3740c5db9d2a2467ce8a33,image
https://www.indoskript.phil.uni-wuerzburg.de/img/letters/120935.png,cached,15036,4dea285fe4ba14d32c50892b03c88d19f7cf0587aa0125cc463c85404227895a,image
https://www.indoskript.phil.uni-wuerzburg.de/img/letters/142462.png,cached,15036,3f3df5d3e74cdbd147809ebad9f1f7f84f30164365459da331456a5db6451d26,image
https://www.indoskript.phil.uni-wuerzburg.de/img/letters/181290.png,cached,15036,bd85ea95ea173918ea11277bf840064e1f13f483f7927aa24d67d9994203ebd0,image
https://www.indoskript.phil.uni-wuerzburg.de/img/letters/110995.png,cached,15036,624e8c1702208fa6bd2776014e7d841bb4bd74530799e9f3d512948056fc84bc,image
https://www.indoskript.phil.uni-wuerzburg.de/img/letters/22726.png,cached,15036,c04ac3fe801264ad4adc599c4b9a4195f9c301b826f3254d947f2e0433d0e29d,image
https://www.indoskript.phil.uni-wuerzburg.de/img/letters/52487.png,cached,15036,c75a36cde12939a944ffa19144daf3473328f39ffecfaa14a3c04f1e75043899,image
https://www.indoskript.phil.uni-wuerzburg.de/img/letters/86784.png,cached,15036,bd1944c93e48a8ca3a87350844994c9f9c048d840e2197be6c43bb5bd09614e6,image
https://www.indoskript.phil.uni-wuerzburg.de/img/letters/103955.png,cached,15036,69c02d4593846dbc7861eddf4808ede9e43855fe5217bf15642bc398cc7e0b6b,image
https://www.indoskript.phil.uni-wuerzburg.de/img/letters/46769.png,cached,15036,a9d8b7a20ea79afe45a5e25628fee28df00dadcaa6864ecaeb235ab279363017,image
https://www.indoskript.phil.uni-wuerzburg.de/img/letters/53518.png,cached,15036,ea690c2ff7ba5561e1d32915ae5906ed80d2a8dce638dcce55c299af344e0139,image
https://www.indoskript.phil.uni-wuerzburg.de/img/letters/71263.png,cached,15036,21b6618168844b8ec504b5cefc5a4fa3965c5922c9e6f39632bce978a9f375d6,image
https://www.indoskript.phil.uni-wuerzburg.de/img/letters/143565.png,cached,15036,3b1f1b2fcfbf32368dcc1b6832d47cdc62f0a68d943e6a2843cd98da94ca815c,image
https://www.indoskript.phil.uni-wuerzburg.de/img/letters/25453.png,cached,15036,4d6ffff9a6d9e6ed6a9bc196acb868d71ce4500339bf9be4dabe1ecfacec2f37,image
https://www.indoskript.phil.uni-wuerzburg.de/img/letters/82604.png,cached,15036,9be5d95119bfa815eac5fc967f1538460c0d99af09d9b1018a51717adfb04d8a,image
https://www.indoskript.phil.uni-wuerzburg.de/img/letters/73214.png,cached,15036,33b11193946e04db190e4eef8c1b31fcc0d7d6209ce884c8365edf432156c1b6,image
https://www.indoskript.phil.uni-wuerzburg.de/img/letters/119333.png,cached,15036,fdfbbf386d9a056bb7fc163270fd5561aa412806431ee2f90c00b62604a899f4,image
https://www.indoskript.phil.uni-wuerzburg.de/img/letters/115079.png,cached,15036,3a0784c910d4777b59f0fbe21ee2932095bd3118d51b4b73050030f9e88a1dee,image
https://www.indoskript.phil.uni-wuerzburg.de/img/letters/13951.png,cached,15036,994620c1390ae35ad77b020d56c1db6016c909f705e214fb12d591c2bded9f47,image
https://www.indoskript.phil.uni-wuerzburg.de/img/letters/51793.png,cached,15036,764062f3c6cb9ba4c1d627029037c79f8afdce41159c3e9e97134d1c6d3561f7,image
https://www.indoskript.phil.uni-wuerzburg.de/img/letters/133004.png,cached,15036,cb468ddfcf977e16876288cac82d1203c7d07968847ab55d21cf82b1db834fe8,image
https://www.indoskript.phil.uni-wuerzburg.de/img/letters/4743.png,cached,15036,e8ac4b9cc2cdb39c8193383b06173bd9d0f05211c6e571c41c3d9bcecdf01e88,image
https://www.indoskript.phil.uni-wuerzburg.de/img/letters/57292.png,cached,15036,17b8c0e495dea839e2158ba2ec03abe35a07552c6796c429910cd3f0a0f91346,image
https://www.indoskript.phil.uni-wuerzburg.de/img/letters/120913.png,cached,15036,31c030739633990ee1e2c0287a0334875323b7b29edc395daa14101061ac9ec3,image
https://www.indoskript.phil.uni-wuerzburg.de/img/letters/108835.png,cached,15036,d562b6f99c6c3e71c314a08fa6de4ba9fb343de28d951797ba2e26d44c13db6d,image
https://www.indoskript.phil.uni-wuerzburg.de/img/letters/98424.png,cached,15036,31acb3f86291dfce7372aab59d75656c57290f5d450930c27fb00fbfbd78eea9,image
https://www.indoskript.phil.uni-wuerzburg.de/img/letters/41519.png,cached,15036,709d840c2d9e4952a9a55362efda3be2cc2f4151074ad8bf35af239cd53d3976,image
https://www.indoskript.phil.uni-wuerzburg.de/img/letters/129824.png,cached,15036,0f14088e4684a2f6a43bfc7d5e2f59cccbaddb9a6e6731e00b65d0d6151841c2,image
https://www.indoskript.phil.uni-wuerzburg.de/img/letters/168230.png,cached,15036,51046d021f276012db29cab6f6ff8f6f77980158b43bfa81b325edcdd699da6b,image
https://www.indoskript.phil.uni-wuerzburg.de/img/letters/114127.png,cached,15036,0776f18b127bb678ad7d77abf4e1a0bf7d8de05197e1d998168ef7633f311d65,image
https://www.indoskript.phil.uni-wuerzburg.de/img/letters/176044.png,cached,15036,c07982cdfd1ac3b741c34420f910c0b9da410d98e7df16062b0a32c0e31da8d7,image
https://www.indoskript.phil.uni-wuerzburg.de/img/letters/169189.png,cached,15036,38e371b0323325d893e3fb1813ff249bc8089abfdaad2f25ca36be74a60b11af,image
https://www.indoskript.phil.uni-wuerzburg.de/img/letters/105501.png,cached,15036,4af079b3a6bd02d88b1851df2f53e587c8bedebe3ff14dc0e290eff4633568a2,image
https://www.indoskript.phil.uni-wuerzburg.de/img/letters/55472.png,cached,15036,280490f3ee5df05a5f3864443790dd7bbdec1dd40d804fc863230611ad825bcd,image
https://www.indoskript.phil.uni-wuerzburg.de/img/letters/125424.png,cached,15036,5c1b4d04358609040584c3dc9664229ab5d4840fdfd7e4e6a2cb57f18e829586,image
https://www.indoskript.phil.uni-wuerzburg.de/img/letters/28158.png,cached,15036,c0b96919322b837956afd909e010b7757232686a7fc8811dcdb3a2738803b466,image
https://www.indoskript.phil.uni-wuerzburg.de/img/letters/65615.png,cached,15036,5d598441479e0cec2ec8f61e211a9bd1b9dde2a12432e9c3ff7a0becdf48179a,image
https://www.indoskript.phil.uni-wuerzburg.de/img/letters/147758.png,cached,15036,4f14d9538e6bd36b353c1bb585b417758864635cbd7c7eb881426d7695f6048f,image
https://www.indoskript.phil.uni-wuerzburg.de/img/letters/32097.png,cached,15036,b9a5f23662165a2a454ba04d2a57fcbc5d3955a364aecf4a066f64d9b8640e38,image
https://www.indoskript.phil.uni-wuerzburg.de/img/letters/76064.png,cached,15036,f2e7352e7a6ccda6b7239a1bb766a209c542cd96a46d19b15bcbb327d2ce8f71,image
https://www.indoskript.phil.uni-wuerzburg.de/img/letters/28659.png,cached,15036,772389946faf2f97683975ae59e83419d87a88b5be8e07b5382ecce7c44e8868,image
https://www.indoskript.phil.uni-wuerzburg.de/img/letters/95505.png,cached,15036,9f5301774e9f605a713c89db334d2e10e380830aa03d89f52d62a8e959046068,image
https://www.indoskript.phil.uni-wuerzburg.de/img/letters/161696.png,cached,15036,3b40d7ab6cc8d882928fe94a7c47aa109bac17053b17a2e766e753cb2784a2e4,image
https://www.indoskript.phil.uni-wuerzburg.de/img/letters/1132.png,cached,15036,b5a51fd480cdf0641c3597b049065a660a08d5ccc7ee415e398dc060357d3d68,image
https://www.indoskript.phil.uni-wuerzburg.de/img/letters/178858.png,cached,15036,39c58f10122a0413e62e8adef4ad75dffd087ef704b4c495fc764b6be6aea19d,image
https://www.indoskript.phil.uni-wuerzburg.de/img/letters/160321.png,cached,15036,12b8c20becb017126c386edb6cbf861be1e466de5ecbb92ee481821ce6536aad,image
https://www.indoskript.phil.uni-wuerzburg.de/img/letters/106876.png,cached,15036,68251315c45cbfb86db25911f70a7f09c9bb0dfd5a27cb6ef4fbfa28df97e24f,image
https://www.indoskript.phil.uni-wuerzburg.de/img/letters/80467.png,cached,15036,71ae79c9b65d12c4e5934139210681ce60cda63d81e03026b993aeeb26a0bcf3,image
https://www.indoskript.phil.uni-wuerzburg.de/img/letters/146435.png,cached,15036,f16f066b18f6f1fff466c742f211a2c2175512b47eda578ca76fc2084c46bd88,image
https://www.indoskript.phil.uni-wuerzburg.de/img/letters/66908.png,cached,15036,48ba6c82a2c185385bf492f345d21cf64f7d33a3c28659e06a88010e8bd167b7,image
https://www.indoskript.phil.uni-wuerzburg.de/img/letters/77968.png,cached,15036,aed3dc6da8b8609be83b0423b51dbdb3c5308c1a4fdcad2368ece5750010b090,image
https://www.indoskript.phil.uni-wuerzburg.de/img/letters/75436.png,cached,15036,c7cc1ecdccf3c72b62f88b737c07f8de02963d49896c11982d885d4d251f9ac9,image
https://www.indoskript.phil.uni-wuerzburg.de/img/letters/11415.png,cached,15036,e0799b34b728e8d632185265d342e07a61b5a81b6fd83bfb3ac99aa676db34bc,image
https://www.indoskript.phil.uni-wuerzburg.de/img/letters/108345.png,cached,15036,e18d5869fc4bc281e80e926e52bd9ef6570fa0a16ec809bb2fb5c757bc7119bb,image
https://www.indoskript.phil.uni-wuerzburg.de/img/letters/58249.png,cached,15036,cedfc9bc5883cf1ae6664638201f7a3288460e4aecf43639f16c40261dfc512b,image
https://www.indoskript.phil.uni-wuerzburg.de/img/letters/21747.png,cached,15036,d1d1ed1fc8db908b2147ed0a82a9b701542a90b352a73f8be4446601669e4129,image
https://www.indoskript.phil.uni-wuerzburg.de/img/letters/131140.png,cached,15036,7f491d8ba094b3a852e68e708b167d3418233bd89ebd166cf89b3013ed49bb5d,image
https://www.indoskript.phil.uni-wuerzburg.de/img/letters/39716.png,cached,15036,0e3c7c33723c10f60b82e939de1288dfaab2f70231698d06df69d92a480797b8,image
https://www.indoskript.phil.uni-wuerzburg.de/img/letters/55010.png,cached,15036,0f903584dd33f65937efe4e5ab9fcc5f614b3dbcd7c001e0fc202c466e3b8cd1,image
https://www.indoskript.phil.uni-wuerzburg.de/img/letters/78999.png,cached,15036,d6342b3f7d7b59662f3c20abada651d182e9c66be6b01b16f772380857d78d32,image
https://www.indoskript.phil.uni-wuerzburg.de/img/letters/102220.png,cached,15036,eb26921f497d6b19c2190f1900f3aad6e38637de3bfbec06921d53b5997c84f9,image
https://www.indoskript.phil.uni-wuerzburg.de/img/letters/60961.png,cached,15036,fb9d75c3990af3574c6f1f37991085d2679817708702b6443f82600b83e1a8c6,image
https://www.indoskript.phil.uni-wuerzburg.de/img/letters/108483.png,cached,15036,d6527a4427212af07307c71cead58d66784e99cc5c4492d3da9a98bc050fddf7,image
https://www.indoskript.phil.uni-wuerzburg.de/img/letters/173130.png,cached,15036,4dbe073e9855ba4a365fe68f19192aedee5d62259acf328096c5e4a6d0d23156,image
https://www.indoskript.phil.uni-wuerzburg.de/img/letters/54881.png,cached,15036,c346cd47046910edc562c979ef5cdb02e75ed7a3879c228d8f7d38cc8637378a,image
https://www.indoskript.phil.uni-wuerzburg.de/img/letters/152489.png,cached,15036,cf02a4c7c94a0cfa6264aa3bd204390f9e922fd7d7420df1e1560a4ddf7576dd,image
https://www.indoskript.phil.uni-wuerzburg.de/img/letters/159898.png,cached,15036,c50459dd4e228f2946618207fdd276d80d0c6f3b1c6d02ad36ed536e392a1dfb,image
https://www.indoskript.phil.uni-wuerzburg.de/img/letters/34526.png,cached,15036,9080772048156b9a97074634dfb282972f5d72d74f76a4ca38bc2041a8c28ede,image
https://www.indoskript.phil.uni-wuerzburg.de/img/letters/86582.png,cached,15036,4e4ba988648fbc980b594ca6d52b283cd15fc6807cdac7e61fbe39e0a31ab74a,image
https://www.indoskript.phil.uni-wuerzburg.de/img/letters/149140.png,cached,15036,d98e0d58129ddc19d6bfb09ff00f6e61eb19ea8517fe74a1fd99fdc1dd378f8c,image
https://www.indoskript.phil.uni-wuerzburg.de/img/letters/152566.png,cached,15036,d45fc29b838b43d138f830773f883c7b5943b76628a54a150c68d606fbe4d2a6,image
https://www.indoskript.phil.uni-wuerzburg.de/img/letters/50305.png,cached,15036,5b540e38d005f73f62f08122d45c8b251291964af4a8fcbfd256f7dbea2e6a9c,image
https://www.indoskript.phil.uni-wuerzburg.de/img/letters/126951.png,cached,15036,ac0c6a874469eb29760406c6c24bb58967ac0f214ffa7d08aa88449b00a56b59,image
https://www.indoskript.phil.uni-wuerzburg.de/img/letters/57278.png,cached,15036,3d90c681d3cec640d09612d56871b6c9e70ccf3f39374a50127ad4a94bc8d3e2,image
https://www.indoskript.phil.uni-wuerzburg.de/img/letters/170523.png,cached,15036,29f3d64f5d02969d821dc03f8490bba67c6739969ef95b3a580680b228d60d41,image
https://www.indoskript.phil.uni-wuerzburg.de/img/letters/136159.png,cached,15036,9ee1dbf7193c709264f454b0b06b523d85a68d5a8b7135ec55c257f40a24fb5d,image
https://www.indoskript.phil.uni-wuerzburg.de/img/letters/84753.png,cached,15036,36a716d4ed6177fb30b019a8345314117a1f9512dc2558d587d7dbdcae2dec3a,image
https://www.indoskript.phil.uni-wuerzburg.de/img/letters/63203.png,cached,15036,1546387fe8221de9ac0cb18cfe5dc81f4b25f6f769de739193469930841a7917,image
https://www.indoskript.phil.uni-wuerzburg.de/img/letters/112140.png,cached,15036,d5f34901ef29bf96a99efacfffc4d3250145ad6d9b0722c060b143ca9a0a5a42,image
https://www.indoskript.phil.uni-wuerzburg.de/img/letters/96574.png,cached,15036,03d62a7775ac4101b36fb086712e144f10c339ecc1b9a869c39a38402e6b2112,image
https://www.indoskript.phil.uni-wuerzburg.de/img/letters/118662.png,cached,15036,0da6d34c65b11b5d23b8694656440655f9a7fedcfe2e6c18aa9b0c79d057d436,image
https://www.indoskript.phil.uni-wuerzburg.de/img/letters/71665.png,cached,15036,e3a425002964ba0d80c3934ecd4ac1042801df73fc06b56506cb86514859b34b,image
https://www.indoskript.phil.uni-wuerzburg.de/img/letters/18630.png,cached,15036,b921a33ed93207738e033eb59df633897935f82dfb575ddfd284504756dd7b90,image
https://www.indoskript.phil.uni-wuerzburg.de/img/letters/52007.png,cached,15036,5a971c13102e1141e2ecd1a8ab9cef043a8ac03989ce7895d40716f6c3aadb0e,image
https://www.indoskript.phil.uni-wuerzburg.de/img/letters/44973.png,cached,15036,971d0848263297098b4736d7cd678885d4b72f2a0963ba78907f27ca0e86bd0a,image
https://www.indoskript.phil.uni-wuerzburg.de/img/letters/54275.png,cached,15036,638a4202b580d1f5fedc7b22c3cf25930310b55f0d5046a08d17f32a9979cfa6,image
https://www.indoskript.phil.uni-wuerzburg.de/img/letters/24936.png,cached,15036,c600f6ab6485140d03a40ec35bd9d9bfa0446a1090ede42c6727c7194babebc1,image
https://www.indoskript.phil.uni-wuerzburg.de/img/letters/134963.png,cached,15036,66f9b2c2d829728e44fe2f90ccecfc0ea359cf8db06cbb493e9872ebd37b9f39,image
https://www.indoskript.phil.uni-wuerzburg.de/img/letters/144179.png,cached,15036,0b74e4181105be26f7dfbaf9ed9f147afe04961039cf3e22cadc552ed70bf3e1,image
https://www.indoskript.phil.uni-wuerzburg.de/img/letters/894.png,cached,15036,a6b50dc1704755bdf0a07bb742711e548f2679b05297743cfc80b18f45346f85,image
https://www.indoskript.phil.uni-wuerzburg.de/img/letters/103266.png,cached,15036,5859e607a2de793e14e919f352e2d094fff16b65d6936b8f6c68a4dce8e3b1a9,image
https://www.indoskript.phil.uni-wuerzburg.de/img/letters/92488.png,cached,15036,5f906e823c13cbfbd83931a359753adfe06f725236b85712e9bc2d6e2e9f6b99,image
https://www.indoskript.phil.uni-wuerzburg.de/img/letters/43289.png,cached,15036,a7e995aadccbab86c08ac8b68f339a1f88b43218bc3d834bcab90c2375ece8e7,image
https://www.indoskript.phil.uni-wuerzburg.de/img/letters/162669.png,cached,15036,ca8f2bca1b8f0fe58f4c916273ae9f850b1425244a0bba47ec4e20816e27991d,image
https://www.indoskript.phil.uni-wuerzburg.de/img/letters/124889.png,cached,15036,2aeb9eaad03353488ad3a6a521caafca6eec08157e1ac4c948a4d6a38668351e,image
https://www.indoskript.phil.uni-wuerzburg.de/img/letters/158811.png,cached,15036,20b958c8d950bd6e08eecc6b5e539e15b78c098c24a5f0769a8b310338ef4305,image
https://www.indoskript.phil.uni-wuerzburg.de/img/letters/42113.png,cached,15036,0c5fee98bffd95676bb3fd2795137d2e7e4a32b996a3db339d3e231d6a856f65,image
https://www.indoskript.phil.uni-wuerzburg.de/img/letters/101934.png,cached,15036,5215e954dcd43b6aabba3c626737b838f79d93659d8c8119557358fa1fce9fac,image
https://www.indoskript.phil.uni-wuerzburg.de/img/letters/36278.png,cached,15036,39adffdb7a0ee56c401443f46c313a7dd3ba93d5989fa49b27841d33aa40d814,image
https://www.indoskript.phil.uni-wuerzburg.de/img/letters/167932.png,cached,15036,58a9b0f7023c4a7b8cbc76f60f2b533c30864228d0b50c24248c994aa7085d4a,image
https://www.indoskript.phil.uni-wuerzburg.de/img/letters/99185.png,cached,15036,f8d915ed74e9abcfab9092a455a8950ef77d3644e71b433629ec8240d818f1ee,image
https://www.indoskript.phil.uni-wuerzburg.de/img/letters/41132.png,cached,15036,c5bfcd8d72df9a819cf0f199fb9fcfb324cb201cad9dcfbe4d96e70965afb719,image
https://www.indoskript.phil.uni-wuerzburg.de/img/letters/71081.png,cached,15036,cf489bdf1c0695efd622c1f25f6d4a9f1746ecb98c5c1e066f9b7d75c1e0e26a,image
https://www.indoskript.phil.uni-wuerzburg.de/img/letters/67635.png,cached,15036,ea86b514c18b6a6218761688df8e8d033d9a2230906c4df881824fc4a328f7e6,image
https://www.indoskript.phil.uni-wuerzburg.de/img/letters/27027.png,cached,15036,57c929d2ecccba6e6cfafc5c1a1a6e2bed27487f55d8352988d5cb886cdee976,image
https://www.indoskript.phil.uni-wuerzburg.de/img/letters/50897.png,cached,15036,b86e7fbb46e502f0dbd7b4bdd2f61155ed21c37194f61ec911543f7f9397a3fa,image
https://www.indoskript.phil.uni-wuerzburg.de/img/letters/105527.png,cached,15036,2f4d3511932c8076bfc1559a120e59a9b209b10451566e490743d17bf979167a,image
https://www.indoskript.phil.uni-wuerzburg.de/img/letters/74565.png,cached,15036,3a4dcc2961d2d61e4e8c2b81c5d0bdc00e76c27a6fbf1b54c2fcccd87afb8bf6,image
https://www.indoskript.phil.uni-wuerzburg.de/img/letters/57288.png,cached,15036,42d9471833328e3124f1f4e2d73a4fc99ab8cfc6f800ae33a849a99c8d907d67,image
https://www.indoskript.phil.uni-wuerzburg.de/img/letters/86253.png,cached,15036,fa23641ecb32b343e6a3a3be6ac4b80a97fde231e0620d4ab0f5ff279f1d4758,image
https://www.indoskript.phil.uni-wuerzburg.de/img/letters/22945.png,cached,15036,66d7bb9f5a54b29848f179883f731af697c960b0e0c7bfecd614422d076039c3,image
https://www.indoskript.phil.uni-wuerzburg.de/img/letters/109160.png,cached,15036,f225fd83356a28127bd41d08a424ecc34a1392814b4e5f85edc7e053dba29b7a,image
https://www.indoskript.phil.uni-wuerzburg.de/img/letters/46748.png,cached,15036,00ca4c5b57eaf38849b6565870be6eb7244bd5cb56f9e83a834fa1210d700fa8,image
https://www.indoskript.phil.uni-wuerzburg.de/img/letters/66404.png,cached,15036,bb99745fb5d8e1c84c6cc28e7b8bd15dc1bf2cbe552d05995ccc309049ba613f,image
https://www.indoskript.phil.uni-wuerzburg.de/img/letters/20902.png,cached,15036,2cb4f6b62d1bc7f5ac5f67eb9f35d231351984652daf0f1afc64b218623caa96,image
https://www.indoskript.phil.uni-wuerzburg.de/img/letters/145680.png,cached,15036,d7f1b7574c513c428115fe89149146d24aa4f7245cc3c8043709f71d5688669a,image
https://www.indoskript.phil.uni-wuerzburg.de/img/letters/71540.png,cached,15036,1b27999338c1fac4e3c0db9752fa5ecb4c90bdf25340ab376d3a4a2107482881,image
https://www.indoskript.phil.uni-wuerzburg.de/img/letters/170095.png,cached,15036,eb770260b39446c8da4a43168fc30edc288e70c19551d29e2480d706d2b0b1ea,image
https://www.indoskript.phil.uni-wuerzburg.de/img/letters/80066.png,cached,15036,039d66dd34b70e40873b2691067bc6e90bd14894fcea8921dd1d3a8fe709bbf8,image
https://www.indoskript.phil.uni-wuerzburg.de/img/letters/179375.png,cached,15036,9d768f32a761ac8c551d4641272554c038048e6fa594f7e37571d86844f7da28,image
https://www.indoskript.phil.uni-wuerzburg.de/img/letters/80715.png,cached,15036,3326c51f2b4b3cb418b441b831b3b6741d4bed85f846c1ec7827b12e1ef2e67b,image
https://www.indoskript.phil.uni-wuerzburg.de/img/letters/90748.png,cached,15036,c9291d0bf76f729652507f5a358debf40da053d21d7f420848c5503564eae4f5,image
https://www.indoskript.phil.uni-wuerzburg.de/img/letters/100874.png,cached,15036,3402ed8167a12300c8fb14dc2839eaee2e9903a1d4a407afc81d5a02a5947388,image
https://www.indoskript.phil.uni-wuerzburg.de/img/letters/57480.png,cached,15036,1261c95cd3f418527f79edf8099658194d9fdd134a4d04bee5edae04e49bbee3,image
https://www.indoskript.phil.uni-wuerzburg.de/img/letters/43035.png,cached,15036,f8d4a8a94bf0f58074ac69f727275c04d479c06fecfc3e2824904ef63c13b476,image
https://www.indoskript.phil.uni-wuerzburg.de/img/letters/42262.png,cached,15036,d75e2afc60ad6e9862b44981a870772c1d507d6817c62d4af5c54d9888f60ce6,image
https://www.indoskript.phil.uni-wuerzburg.de/img/letters/6465.png,cached,15036,8dc882418cad58d05e290703bd8e6c9516a81681cee9c7fa053ef46603897e86,image
https://www.indoskript.phil.uni-wuerzburg.de/img/letters/81779.png,cached,15036,9c915fb4d41dccc3185bac4615466147cc5f8dbce7afb5da62854d355cba1705,image
https://www.indoskript.phil.uni-wuerzburg.de/img/letters/75068.png,cached,15036,0f3798dacddff02146cc7411d4143a73ff9276e4c0e3f30fa3ea4269f98de567,image
https://www.indoskript.phil.uni-wuerzburg.de/img/letters/63542.png,cached,15036,de6ee4420fad0b90a506d8d74e3a94921d771a63a88bb94f484d843a822a70f8,image
https://www.indoskript.phil.uni-wuerzburg.de/img/letters/120899.png,cached,15036,6094618a591167289c91b7c0f47d3822a4a34bafc7f55f780396e9ebd200b30f,image
https://www.indoskript.phil.uni-wuerzburg.de/img/letters/11039.png,cached,15036,24ecfc780c177e92558a6cdcf3b5e63e823ba0687bfd59f5b08c27cbc092879e,image
https://www.indoskript.phil.uni-wuerzburg.de/img/letters/78420.png,cached,15036,b7fa2510540ad2a06feeca76d6259d7c6853797124cf18f9094ef91600305413,image
https://www.indoskript.phil.uni-wuerzburg.de/img/letters/51526.png,cached,15036,ddb4d863c816344f37a0f93dae7b35c54b499971e4422c12c40729877b7f9d61,image
https://www.indoskript.phil.uni-wuerzburg.de/img/letters/172254.png,cached,15036,df0422ac6ff252c363ef231986df81463b3af8dfb512e1755182849c0d43c644,image
https://www.indoskript.phil.uni-wuerzburg.de/img/letters/111417.png,cached,15036,88ad6458a594ba5e77ce6a46c3e8ca68e59e9d1d14747be19a68fba4c63ab298,image
https://www.indoskript.phil.uni-wuerzburg.de/img/letters/2935.png,cached,15036,5c9d07e565aa02b54513f5272d56f7bedec11d1e53ebbb47eba7bdca640bc09a,image
https://www.indoskript.phil.uni-wuerzburg.de/img/letters/40714.png,cached,15036,d8c75cb50c04286d78ef2dfd46e56fefcfa8f635d3b6ac21c6429614d1411915,image
https://www.indoskript.phil.uni-wuerzburg.de/img/letters/160865.png,cached,15036,1af51e1dddc2e119926be9c29352c0fdf1c0be08ef443861b9f2fd0265e6bfd2,image
https://www.indoskript.phil.uni-wuerzburg.de/img/letters/56183.png,cached,15036,ea5fd94ccb350ea81b8ba02001b123a100414372bf36837fb54abe5e69cb4e25,image
https://www.indoskript.phil.uni-wuerzburg.de/img/letters/160508.png,cached,15036,ce77af2ddcfa5ed9788b0e30bc5ed98e53a16238c79b1878b367b07b8a359a3f,image
https://www.indoskript.phil.uni-wuerzburg.de/img/letters/117452.png,cached,15036,279fddc4ca6e65f461fe09561c0a7d2b504ed1504971c6a35f3c933f3d417aa0,image
https://www.indoskript.phil.uni-wuerzburg.de/img/letters/39649.png,cached,15036,8ee0749bb2c535743be9c2ab17785929d68d3fb163b25b7b49791691607356e2,image
https://www.indoskript.phil.uni-wuerzburg.de/img/letters/122409.png,cached,15036,1c0c40663096ec53579457f350d5bac9981365700acd599244818a792f69f5c6,image
https://www.indoskript.phil.uni-wuerzburg.de/img/letters/171379.png,cached,15036,f984f40972b5259605e45109eaac1b7406886ef68cf58ce2193bb7e13850de00,image
https://www.indoskript.phil.uni-wuerzburg.de/img/letters/25991.png,cached,15036,83904937fbb8bb64a8a4a8b7093ee832152596d7ddb7948b4dd3184dd9c6998d,image
https://www.indoskript.phil.uni-wuerzburg.de/img/letters/26070.png,cached,15036,b83f49e891ce982567598a4079674136cc5b64621af897d75cbfa48d499a1243,image
https://www.indoskript.phil.uni-wuerzburg.de/img/letters/21881.png,cached,15036,f2784a893b8693e40005e5193a8b32df87300d59de1b7705de09c14132ebb198,image
https://www.indoskript.phil.uni-wuerzburg.de/img/letters/133676.png,cached,15036,d932a9ebe0b4534ae0315940aac21bd33dd205693d3a2251133109cac4c8d18f,image
https://www.indoskript.phil.uni-wuerzburg.de/img/letters/128364.png,200,15036,e201d69a52ae3a817475f56d202b0078c98423c7bdf6d9e15bcf5363bb4af6c5,image
https://www.indoskript.phil.uni-wuerzburg.de/img/letters/67816.png,200,15036,aebe834e1ede2518e4913979f51aab20a9338f4dacdc112950adf1bbd19e0c3c,image
https://www.indoskript.phil.uni-wuerzburg.de/img/letters/20477.png,200,15036,ad5309205f3887b62026d1e1368bb6c1dd7e926bc86f2a13bc0c89042e034c8f,image
https://www.indoskript.phil.uni-wuerzburg.de/img/letters/86594.png,200,15036,c85860ff066502a0a58a2fb9886185824bdd1e871a11d1d1512691e0435c6ae6,image
https://www.indoskript.phil.uni-wuerzburg.de/img/letters/17099.png,200,15036,d05a204cad6a68eab249524cf365f218f1e6548bf3d1f4a47e6cbb0eb0383e1d,image
https://www.indoskript.phil.uni-wuerzburg.de/img/letters/56125.png,200,15036,2393601567f948f876459f65861c837d45c4374a9d809991e99893588eee35b7,image
https://www.indoskript.phil.uni-wuerzburg.de/img/letters/77510.png,200,15036,20f29afbb16204203071268965d5d11a84f56971c32bd05aef7a123d3a495326,image
https://www.indoskript.phil.uni-wuerzburg.de/img/letters/137238.png,200,15036,216b65d17419a66ee01f4aa1830377af9e0a42e6f644f12b50be57794c23943a,image
https://www.indoskript.phil.uni-wuerzburg.de/img/letters/9963.png,200,15036,e86720635dc67e433687d8c4f857122e50d2b454a6a4c403dd860acb133b1b5a,image
https://www.indoskript.phil.uni-wuerzburg.de/img/letters/76424.png,200,15036,db476feba1da9e8af297991cc2226cf8c6b5e22d199074a0f63be01ecd78ccf3,image
https://www.indoskript.phil.uni-wuerzburg.de/img/letters/120616.png,200,15036,fe2090d9758c204d337a552603f41f984a13e7741807bbfdf46a5e306a9824e9,image
https://www.indoskript.phil.uni-wuerzburg.de/img/letters/53431.png,200,15036,2d836429b6c01f0753c4f03f1c90911ebb24b6e37d927cb619a3d6ce208fb22e,image
https://www.indoskript.phil.uni-wuerzburg.de/img/letters/108534.png,200,15036,554322a27e67272f93cf937a5c5848d01982ba9b074987e4a7c1686f7398dd87,image
https://www.indoskript.phil.uni-wuerzburg.de/img/letters/126375.png,200,15036,669a5652e26b31fcd8e7d2ef68e8b2d67bef8e8ecfa71dddb39edd2d9d1625d6,image
https://www.indoskript.phil.uni-wuerzburg.de/img/letters/129817.png,200,15036,58d9724358a8db445c59eab9277d8317eeef1c142aaf654ec5ffcbd9aac7a461,image
https://www.indoskript.phil.uni-wuerzburg.de/img/letters/126267.png,200,15036,58a72e93239d8e43d6066a6c893e10b7ad5439d01b58e17584b8b6e8155eac2c,image
https://www.indoskript.phil.uni-wuerzburg.de/img/letters/60199.png,200,15036,4758bdc3d4deaf1d78296307202664d5a7b2b2690874087a28e092bf895f448b,image
https://www.indoskript.phil.uni-wuerzburg.de/img/letters/43590.png,200,15036,245de0f192dd123c26830fe281de0deeeb681668456637f86dd378108810a2fc,image
https://www.indoskript.phil.uni-wuerzburg.de/img/letters/139700.png,200,15036,2962ea94c519fb3bb14ec8eadef4572b7520a014c318fab08162547301398fa9,image
https://www.indoskript.phil.uni-wuerzburg.de/img/letters/15169.png,200,15036,3c593a20f446b877ec209260330f25bdd65c4db053cf588d643b947d6a9285a4,image
https://www.indoskript.phil.uni-wuerzburg.de/img/letters/134253.png,200,15036,ef59254121188a031a3eca946233d51d5514f34b7942168936d3efc569a0c934,image
https://www.indoskript.phil.uni-wuerzburg.de/img/letters/80366.png,200,15036,2e3d9051d358dae0f206d9d70e67b6af48f27bd2429178ec26e272b3533c784d,image
https://www.indoskript.phil.uni-wuerzburg.de/img/letters/39748.png,200,15036,2ef2e304304e63b38197f81987b81bd098a7c5bfbab24e3171898d46f7a80ca6,image
https://www.indoskript.phil.uni-wuerzburg.de/img/letters/74667.png,200,15036,a16875b79b32e021fe1675e1ffa017414687343ff3973cc99c7fefbdf09714c1,image
https://www.indoskript.phil.uni-wuerzburg.de/img/letters/145922.png,200,15036,634ba3e1c505311cef25cfe6f69edfc929c019b9f3770150c4cab02edab56114,image
https://www.indoskript.phil.uni-wuerzburg.de/img/letters/50459.png,200,15036,cf058b510b1c62b7b8e951ac48bde1333032294442360949042b9bea7a86ae5b,image
https://www.indoskript.phil.uni-wuerzburg.de/img/letters/144540.png,200,15036,937bc0453f7a1c448a6401be96b865b164c249bea992d8b103b61bc2d8171abc,image
https://www.indoskript.phil.uni-wuerzburg.de/img/letters/173881.png,200,15036,9a30755da68cc48735b7cbdb3033eb79df8065c8610e7b1b6794997afe17ba82,image
https://www.indoskript.phil.uni-wuerzburg.de/img/letters/757.png,200,15036,83795b70c2dcfc13097dd147b659f07422a26ba0c3db35ea4843eba3a5b38275,image
https://www.indoskript.phil.uni-wuerzburg.de/img/letters/115973.png,200,15036,e55195e8f1fafe6be9b15bde670f7fe6abfaf0b2aac4363a474b2cb96b5de785,image
https://www.indoskript.phil.uni-wuerzburg.de/img/letters/49341.png,200,15036,77d624885a19b072d7f6d6189bc44320985b97fef58938f905b5787e4826a40b,image
https://www.indoskript.phil.uni-wuerzburg.de/img/letters/130260.png,200,15036,7b34eac5594e82181e35fd8a08ca066bb86abd937906abdacf396156b4df214b,image
https://www.indoskript.phil.uni-wuerzburg.de/img/letters/22411.png,200,15036,2bd6eb16af2b0bc8c86ae357ff6c9682c99e3012ee19304cafa8ea2b00a22145,image
https://www.indoskript.phil.uni-wuerzburg.de/img/letters/156311.png,200,15036,9e8c2a57de578b1fb7a7bb8898ba8d58b98759dee5c37cda83822779e777411d,image
https://www.indoskript.phil.uni-wuerzburg.de/img/letters/119127.png,200,15036,bb9b534a0f787ce0ad75b3a0c051836343a09b6bf5b6427f90fa342ca46415b6,image
https://www.indoskript.phil.uni-wuerzburg.de/img/letters/74783.png,200,15036,52a593409a9117870030fdb3af7244612ed8a3aa0cb9ef5a788fd7b1d8bce5c4,image
https://www.indoskript.phil.uni-wuerzburg.de/img/letters/137596.png,200,15036,a8a2c49ef752ad620cd3cf0ffc7b43e4ba602429ab36e2f6503c6f3bf423d210,image
https://www.indoskript.phil.uni-wuerzburg.de/img/letters/74526.png,200,15036,7929477c8aaf0f10e28ac05f4d0f8b6fc8e367ebadc1908e54191837d298da1f,image
https://www.indoskript.phil.uni-wuerzburg.de/img/letters/103940.png,200,15036,cc0f6dd2a5310450faff0199ac54c3004ca61d94be4ae4253db2a0ddb90e5d9b,image
https://www.indoskript.phil.uni-wuerzburg.de/img/letters/108198.png,200,15036,3b6373d4599c3d2116a0b8b01f5af08bc16a234a2421168ead3cae914d7ad322,image
https://www.indoskript.phil.uni-wuerzburg.de/img/letters/122009.png,200,15036,d4e442e3c4d5c164acc25f9c41682be435266c88a770166436fe1902686adcc6,image
https://www.indoskript.phil.uni-wuerzburg.de/img/letters/117260.png,200,15036,6ab917bfd2f7edd49619cbba3335de1a3868fb07ce168451441f9f5415d59f8e,image
https://www.indoskript.phil.uni-wuerzburg.de/img/letters/53019.png,200,15036,47b6b75cc528aeb2f8300b7145e6054553da407c6bcef95ff76ac0ad91c9a71b,image
https://www.indoskript.phil.uni-wuerzburg.de/img/letters/37150.png,200,15036,c7cca3af01f39d6c102630cf424cb3cad0ae065155ca4ab04b80be343cb5e75c,image
https://www.indoskript.phil.uni-wuerzburg.de/img/letters/124745.png,200,15036,8136e4cea205d093b971f10a04d32a417c4cf67e4ab6644c5cbb65c8a4a37818,image
https://www.indoskript.phil.uni-wuerzburg.de/img/letters/111812.png,200,15036,73c28e7ecf3aa9dee059a8148604f128d003504cdd1446b31133edefb23041b1,image
https://www.indoskript.phil.uni-wuerzburg.de/img/letters/31269.png,200,15036,b7591d13d0e8288a0a3e690e65a961f96f1590d6772229b5613a03edd93b9edc,image
https://www.indoskript.phil.uni-wuerzburg.de/img/letters/81017.png,200,15036,e5811b5d300d4f6eaf2e9e78e7e2bcac3429b37aa810b9010b2b1c445af233b8,image
https://www.indoskript.phil.uni-wuerzburg.de/img/letters/166757.png,200,15036,e35c588bf274634b69502246eca23fd8a1cf607ee3c916406168a2628c1ab18d,image
https://www.indoskript.phil.uni-wuerzburg.de/img/letters/181183.png,200,15036,e38cf89c423c9f4842d9769a0cc9185c3d2f3cf1cf9ec4782817f307995cb681,image
https://www.indoskript.phil.uni-wuerzburg.de/img/letters/57639.png,200,15036,19e35496d394f367387f253619aaaca28da6adbe59746d438c3b117bc52aa5b0,image
https://www.indoskript.phil.uni-wuerzburg.de/img/letters/170045.png,200,15036,e8f2bab023348582358f627a2c5838f388d6021ecf5be1d9c618d9a1bb7a0469,image
https://www.indoskript.phil.uni-wuerzburg.de/img/letters/97818.png,200,15036,55d7709dd9556cfa10fe931fb82fd877d6d03d864e2124114a592e52f5a0c677,image
https://www.indoskript.phil.uni-wuerzburg.de/img/letters/146880.png,200,15036,6e8e597ec7329607f8dd6b7df97834e6335a6ff49b1a7f3347459af6675088a2,image
https://www.indoskript.phil.uni-wuerzburg.de/img/letters/53031.png,200,15036,a2f8ae86fdb8fa898cfa01719783917b96708d9dd087a9bc1c5b756eec7eadaf,image
https://www.indoskript.phil.uni-wuerzburg.de/img/letters/145350.png,200,15036,705c115d507f542cff83518571809b154697125fc9840672343feafced5ed6ce,image
https://www.indoskript.phil.uni-wuerzburg.de/img/letters/170656.png,200,15036,d35835b128544dc225fa0f83a6aa6c641c9e050a265f7d0839fe1d560bcebf35,image
https://www.indoskript.phil.uni-wuerzburg.de/img/letters/28079.png,200,15036,6fc836cad3ac789d77d756eca7ad24510b46358edf8c7ba7fb7841892ecfb325,image
https://www.indoskript.phil.uni-wuerzburg.de/img/letters/145194.png,200,15036,86980b5e4b5e071cca49effe9e50a54f82d875b1060ac11d3e0803761cc8cbff,image
https://www.indoskript.phil.uni-wuerzburg.de/img/letters/181895.png,200,15036,dbc608e7ecae2635017c4a090d39382558394774c9a8ede92e7dfa96f74218ec,image
https://www.indoskript.phil.uni-wuerzburg.de/img/letters/34166.png,200,15036,e628e652023bea1f6895fad2e3ea9b983cc4bce3e95df5fdf6fa0e0a7e0d746c,image
https://www.indoskript.phil.uni-wuerzburg.de/img/letters/75104.png,200,15036,095872afa4a45217c05348640aa60bb3677677556cd85715b66e447b8776d267,image
https://www.indoskript.phil.uni-wuerzburg.de/img/letters/155186.png,200,15036,88743a2881c73616022e62baa7e47deb375c14ef7ed8f0508605b9cd32fcf737,image
https://www.indoskript.phil.uni-wuerzburg.de/img/letters/61768.png,200,15036,3e6191104f89880859c9649d6a2457bb9521f2dcb4baad16dad91df7856765db,image
https://www.indoskript.phil.uni-wuerzburg.de/img/letters/43498.png,200,15036,fbb59d26954cd379b71bb17defaa2e5216cae586af38dcfa92fcadd85ae75a8e,image
https://www.indoskript.phil.uni-wuerzburg.de/img/letters/124032.png,200,15036,9fe70bfb333115d7f801a2df5ea79ba8a1ff2eb6df85a5843d19c0a4be3a447e,image
https://www.indoskript.phil.uni-wuerzburg.de/img/letters/96910.png,200,15036,c2dfce55ae06f8ad7b6e3dea888967e93c5ec7cdef9141c9d2514066c062d108,image
https://www.indoskript.phil.uni-wuerzburg.de/img/letters/56134.png,200,15036,89adcf3afd5f270398ae4333ff6b966327aeefb58827a15b90813e10b412dffa,image
https://www.indoskript.phil.uni-wuerzburg.de/img/letters/61722.png,200,15036,6809d44b0a9e473af5d7e1d10e9b3fe9fbe007a28f2f8bd1a22841e51daa807b,image
https://www.indoskript.phil.uni-wuerzburg.de/img/letters/74753.png,200,15036,09352e3ce5078999f471ee4f1939892b9c840187782ed03b8c1f6a78e57dbab7,image
https://www.indoskript.phil.uni-wuerzburg.de/img/letters/94162.png,200,15036,c8143fa115a60d77888f33e9c3caf030e5b7367263524eb8078eca71a3a88a55,image
https://www.indoskript.phil.uni-wuerzburg.de/img/letters/82618.png,200,15036,d35a3226d9c3f0674468529529653bc34ac357d391475a56dacf46af8fe31264,image
https://www.indoskript.phil.uni-wuerzburg.de/img/letters/82395.png,200,15036,96a6de8399a8ef80e4be53f7b3488531c6b89ff65af7d54d94fb9077c7cc24a5,image
https://www.indoskript.phil.uni-wuerzburg.de/img/letters/94821.png,200,15036,d54e2da436b2e4c2da83001dabf1edb1bc0064ba12f59dc3474253bba23c89d5,image
https://www.indoskript.phil.uni-wuerzburg.de/img/letters/44626.png,200,15036,d215f480b37de09dc4193882e7ca31bf532077184a6ce65bc5fe48d8b852819b,image
https://www.indoskript.phil.uni-wuerzburg.de/img/letters/175664.png,200,15036,1b8eded05bd100d4b1d41d090fcd50c45b09afacfc11cf7ba8ce2749e7793957,image
https://www.indoskript.phil.uni-wuerzburg.de/img/letters/43538.png,200,15036,4e257522e66f8d929c102ac25a3b971bfdf4ddfb7a2892ba482ff0e7f1ce39dd,image
https://www.indoskript.phil.uni-wuerzburg.de/img/letters/35614.png,200,15036,35839342d22b88a5dff9cf365db7019f6524a2836836e05eb03e110f5b4e2959,image
https://www.indoskript.phil.uni-wuerzburg.de/img/letters/56753.png,200,15036,707ec36802c7ab79eef596b348f4a6759f02c072b113c6df93fc1a5b4c50d9fe,image
https://www.indoskript.phil.uni-wuerzburg.de/img/letters/133963.png,200,15036,86cc9929c0539c4aa651965a36bcd93e9ae532aba4a77a05b2c4f3ed6e73f36b,image
https://www.indoskript.phil.uni-wuerzburg.de/img/letters/37088.png,200,15036,a051969d2cddcbed92a69a71dc9008e542511fc64d27d9227883a652b3e30562,image
https://www.indoskript.phil.uni-wuerzburg.de/img/letters/99425.png,200,15036,b691513ea416563046ef5816093a8344d2d6e428ff359eb88ea96a0ac68467ec,image
https://www.indoskript.phil.uni-wuerzburg.de/img/letters/55270.png,200,15036,a1b1d97df110b1564e5d5d7bf368c01e0b4beac9fa9ea5a32489a507782d9a71,image
https://www.indoskript.phil.uni-wuerzburg.de/img/letters/61667.png,200,15036,8e46a8c7d3a872376bfd32ebb87c21f68c2d03895cd0d5bb185651ecb2339104,image
https://www.indoskript.phil.uni-wuerzburg.de/img/letters/71281.png,200,15036,e359b9e10f35823bc4ce00fe1af384e59de6fac2df425324f18463516aacef0a,image
https://www.indoskript.phil.uni-wuerzburg.de/img/letters/135004.png,200,15036,f76e4ade3355753bbae52f7efaef1ef5c917ef880b34273f66faf6043dfd1017,image
https://www.indoskript.phil.uni-wuerzburg.de/img/letters/98900.png,200,15036,b0514ae16111158e8d5f576031bb0bd3d5f0a2739f255e50ac2664bb9f6a0ce3,image
https://www.indoskript.phil.uni-wuerzburg.de/img/letters/22137.png,200,15036,bacfa68a5836b51e9afa586b48d1ec6722b935d36fd511ab3edee9ba08192752,image
https://www.indoskript.phil.uni-wuerzburg.de/img/letters/34142.png,200,15036,ba4ff9f6d9f512cfbd71c8dc64ed10580023e315bcfd15cbbc261863815af9d7,image
https://www.indoskript.phil.uni-wuerzburg.de/img/letters/86017.png,200,15036,c06edfc913b9c4de501e4ade63197c7a036bf1450113c211b38ec94fda619162,image
https://www.indoskript.phil.uni-wuerzburg.de/img/letters/45496.png,200,15036,6dea747fb55e48dba9eb7b229b92513fe175558e1bc321d617d726931a1b9eef,image
https://www.indoskript.phil.uni-wuerzburg.de/img/letters/122549.png,200,15036,4abb3c1d16f8c5ae3d708e0daeb0b6c001a28d8b399bb9cf6c5165a01574d94a,image
https://www.indoskript.phil.uni-wuerzburg.de/img/letters/34838.png,200,15036,80080c9f60a7d9e22f489b4384e3230c21f945ddf75818da5782e6fb1fb67684,image
https://www.indoskript.phil.uni-wuerzburg.de/img/letters/157032.png,200,15036,b205c1d84f655dfefdf52542ad1630ba2db9c97b91c9b9e28c56b9ee874d5904,image
https://www.indoskript.phil.uni-wuerzburg.de/img/letters/173751.png,200,15036,251067d93c844653e1c9d026ef61f90912eded061c0c968131e0a5dee8e171f3,image
https://www.indoskript.phil.uni-wuerzburg.de/img/letters/169893.png,200,15036,55c80541e58ab3f7a09f321e4a40100d99eca761fbb7efb0f20d3e02ad2e29ef,image
https://www.indoskript.phil.uni-wuerzburg.de/img/letters/1511.png,200,15036,2f82161a3ffc04631355e8c1ce07b9ab6f8b43c9cf564564b62e0d672b65c342,image
https://www.indoskript.phil.uni-wuerzburg.de/img/letters/31621.png,200,15036,635486a3e5bab23995c8267aaaafd5457c8d3b9d57cb1f09f692e6052ce57b0f,image
https://www.indoskript.phil.uni-wuerzburg.de/img/letters/137588.png,200,15036,ecb2655f3eeadfb9feeaaf46672ec1919a0696cea00807acdf0bb87cc6b4c2b3,image
https://www.indoskript.phil.uni-wuerzburg.de/img/letters/2944.png,200,15036,3abb098731dfa419e0d9397ce7a05fa845c64d1b79a297c16b64b766eee8ab07,image
https://www.indoskript.phil.uni-wuerzburg.de/img/letters/76552.png,200,15036,e0828842acc6f3c65d426dcc0b2367651a166cf71f6a772d29a282ebd59441e3,image
https://www.indoskript.phil.uni-wuerzburg.de/img/letters/182351.png,200,15036,c7286576f98adcb9c3ea1fcd87ec316b177a833986bf452801c74316efbad912,image
https://www.indoskript.phil.uni-wuerzburg.de/img/letters/176065.png,200,15036,6119627ec4ac47c15e495308ba656d27b92a961b2dae25b913f64f04397b85e5,image
https://www.indoskript.phil.uni-wuerzburg.de/img/letters/50329.png,200,15036,34fc4ba50054a2d6a3682f18d970b00432cace6a23100e2df3caa44ef5dd1707,image
https://www.indoskript.phil.uni-wuerzburg.de/img/letters/120328.png,200,15036,283513303dd5f515bfba30b26bddde3384d80d0f10dd377811a2d89524940295,image
https://www.indoskript.phil.uni-wuerzburg.de/img/letters/20844.png,200,15036,7d4fdb3efd6ae02a743b7dfc74e9be5a802f9d214448f9db34cc41153428de9f,image
https://www.indoskript.phil.uni-wuerzburg.de/img/letters/132739.png,200,15036,99806fa504666a126d65bf19cef8a102fb329c9d3a99eea9dbaf8c262b4b452b,image
https://www.indoskript.phil.uni-wuerzburg.de/img/letters/167055.png,200,15036,e850e02b43306b7d53cc1c772775878db27c802bcbedc0139750966f324fb682,image
https://www.indoskript.phil.uni-wuerzburg.de/img/letters/59179.png,200,15036,2ff322c7cd6dda7a6beb73bef95701164f276fb5744e222557cba1d3e2f9f18e,image
https://www.indoskript.phil.uni-wuerzburg.de/img/letters/15336.png,200,15036,43df62c31e1ba8f897832807b485d75b916fafe5e61f656bdcf0b06420412cc9,image
https://www.indoskript.phil.uni-wuerzburg.de/img/letters/159310.png,200,15036,e50d6211cdd2954ac2868d67ace6f127d743381c04f0a3991127a282c3fbfcfd,image
https://www.indoskript.phil.uni-wuerzburg.de/img/letters/94879.png,200,15036,6679bafd796d24e676b95eb938b03b3b30b0441ce915e0ae61807dda1b1f3150,image
https://www.indoskript.phil.uni-wuerzburg.de/img/letters/3219.png,200,15036,f7ddc3d47430a6b827efb943e544d6752bfd31425edf1c9f6a5176f2d5c3d008,image
https://www.indoskript.phil.uni-wuerzburg.de/img/letters/177614.png,200,15036,aeed6c00db026780221bb5144aa797f422843601aef32234be9b4719a1a0727e,image
https://www.indoskript.phil.uni-wuerzburg.de/img/letters/48091.png,200,15036,807ffe918fa9fdabfecd88ab0ef6e017a9c021de960c8a87e1054e555dc530f2,image
https://www.indoskript.phil.uni-wuerzburg.de/img/letters/30667.png,200,15036,ef242f9f290edebd3d19de6bec596d92bf0d702a14cf37bbed90eee62b4b7733,image
https://www.indoskript.phil.uni-wuerzburg.de/img/letters/3581.png,200,15036,e5b7227c6ee1091826eed4fbe5318b6a953812b558ca7311ccf5dadbdcd0cb1d,image
https://www.indoskript.phil.uni-wuerzburg.de/img/letters/106385.png,200,15036,9f4df9383d43d40c8b3d84c120a361a717c7eaf1517a164dea046733adda2ca4,image
https://www.indoskript.phil.uni-wuerzburg.de/img/letters/157824.png,200,15036,7c6d0aa09571764757e34b19fe2e6bb1be31640d932427b855d50ecec272e2f8,image
https://www.indoskript.phil.uni-wuerzburg.de/img/letters/129915.png,200,15036,1857fd578592353df767fbd06af2e8a848e4dc42ecbe508bebdc5c24b5fe1289,image
https://www.indoskript.phil.uni-wuerzburg.de/img/letters/111733.png,200,15036,4ada9f876d021ab211b1dbd05beabc13ad8a73e0b8c3a1cf7f37420f35b1d87e,image
https://www.indoskript.phil.uni-wuerzburg.de/img/letters/146671.png,200,15036,5e2c96ca473da79ee94d4c49ffb9d8aba1699f5497785bea9fc2020a177e9c2a,image
https://www.indoskript.phil.uni-wuerzburg.de/img/letters/86748.png,200,15036,17d0c979fa8507d472a7ecd7236379cfd38c1aab6223a4f614000789a94a7603,image
https://www.indoskript.phil.uni-wuerzburg.de/img/letters/103819.png,200,15036,f9433edfddfc8ef7801f5cce03451acc058a243f69386f8d68cb1ae6a7095041,image
https://www.indoskript.phil.uni-wuerzburg.de/img/letters/148771.png,200,15036,61ac944dd51b78c72572256ef1fe5b70ac41a33d8bf113f484de0eb4e341c055,image
https://www.indoskript.phil.uni-wuerzburg.de/img/letters/29104.png,200,15036,efacb0837758db9126c37a25bc9a08ee9bb2e036093f33122f77588458618ab3,image
https://www.indoskript.phil.uni-wuerzburg.de/img/letters/153916.png,200,15036,39969dbfc170d4e2fea5feac1e74f78a3a3f71ca7151e2f58c914963ab6bf504,image
https://www.indoskript.phil.uni-wuerzburg.de/img/letters/115095.png,200,15036,80476e80ea500f8eea83534752fc8acc61a785ed9e27a77dc079b293280a61e9,image
https://www.indoskript.phil.uni-wuerzburg.de/img/letters/159781.png,200,15036,414ce7441e5ada954d82d60567b3cf5c980b4956a246cee5314d39320e4f3de8,image
https://www.indoskript.phil.uni-wuerzburg.de/img/letters/86462.png,200,15036,33fe1e80ff035b00df2ad052bbdfc5128003cf6fb9a78d15550bea8109df4812,image
https://www.indoskript.phil.uni-wuerzburg.de/img/letters/162267.png,200,15036,40b5b76d8738fa7571ff2b9ab3df9be181cdc0262636c42100de000d916b8e13,image
https://www.indoskript.phil.uni-wuerzburg.de/img/letters/95516.png,200,15036,1d7c5f4a7a3a7ee1821f5c901c2a4af035748c3f3e317ba70e8be9c7118373d6,image
https://www.indoskript.phil.uni-wuerzburg.de/img/letters/9483.png,200,15036,5adaa82d6245c9bc3260315ad2183307c302d22fa7d90c95f45b22c366669e5d,image
https://www.indoskript.phil.uni-wuerzburg.de/img/letters/89284.png,200,15036,ea693bbe8443f096d30a024701a9a4d55c6dde0e60708eb22fad1a525c4db396,image
https://www.indoskript.phil.uni-wuerzburg.de/img/letters/162599.png,200,15036,32921aaf201d497ae76684351caa5f9ee3222e92fcc9f17f83e54d5a5551579d,image
https://www.indoskript.phil.uni-wuerzburg.de/img/letters/130747.png,200,15036,8b830d8f1f03f108282e76d9dd4587fad45c17cc8dfe751a14bbf0bceb372cd7,image
https://www.indoskript.phil.uni-wuerzburg.de/img/letters/7062.png,200,15036,9e59c0c44b89cde1cf44458808558fd708661097805f587c34a872028d2daf73,image
https://www.indoskript.phil.uni-wuerzburg.de/img/letters/127041.png,200,15036,45f2938f0778916c2c68102e3573a51f63be0501b36fc6395a55184cb282f5bf,image
https://www.indoskript.phil.uni-wuerzburg.de/img/letters/119678.png,200,15036,d3b5593e01816f80f323c1a2dd78c114cdea41b04430ddad485340ffc6a64af6,image
https://www.indoskript.phil.uni-wuerzburg.de/img/letters/158197.png,200,15036,af2752464a08dc1445dc856cc16f67dbaaf6754eadc964744b7212a7ef37b0d0,image
https://www.indoskript.phil.uni-wuerzburg.de/img/letters/42341.png,200,15036,aefdae0ad14d443dd0210cd59f87e38fb891369679edfbbd905cc786190cedcc,image
https://www.indoskript.phil.uni-wuerzburg.de/img/letters/11338.png,200,15036,79953d44ba52745bd16ed479de2d70b3b753f96798198ccb3626a79a5b68a305,image
https://www.indoskript.phil.uni-wuerzburg.de/img/letters/45611.png,200,15036,a95ae150b5ff4a56faf47f0ee01ee3d8e545b74445e64b506f67f026884829f9,image
https://www.indoskript.phil.uni-wuerzburg.de/img/letters/41413.png,200,15036,342840ec354185e9ac3cf82033ef253f3371e0a8d95e888017a85b677db518d5,image
https://www.indoskript.phil.uni-wuerzburg.de/img/letters/81929.png,200,15036,485b13dac791ba55b939f89ea74cbc7fb0d4c107b43a262bbc651ea310ac21be,image
https://www.indoskript.phil.uni-wuerzburg.de/img/letters/24789.png,200,15036,f8a5b85f14d07ec436047d745d67a35fc44172b65f4f627ba8611c2f40e86efa,image
https://www.indoskript.phil.uni-wuerzburg.de/img/letters/98452.png,200,15036,d5cf5d6a19b71fa6db66aad756faf852f00fb25329f60cc6703bb3036c32988c,image
https://www.indoskript.phil.uni-wuerzburg.de/img/letters/28818.png,200,15036,9b4e35bb64c0e5a6cc4401ce1c2ee196a042b49abddc5336db0f59cec4b71b0c,image
https://www.indoskript.phil.uni-wuerzburg.de/img/letters/105181.png,200,15036,577072f798ecd69525ee22a514a3448d6f868d3e4b3a44c7a00e4cc4f7d40957,image
https://www.indoskript.phil.uni-wuerzburg.de/img/letters/150621.png,200,15036,3026914481b5d2b8516bf449d4edc2d42e5600aa3450a29b1a785c3b88ac3fb0,image
https://www.indoskript.phil.uni-wuerzburg.de/img/letters/37942.png,200,15036,39a787571e118e99d5bdf44116c282060df19ca59544fcdf83813d10b822e376,image
https://www.indoskript.phil.uni-wuerzburg.de/img/letters/59220.png,200,15036,99f2604edca5c48bc9610b6780179c7b36f3b8caa841a96ca6678a879b1b7e07,image
https://www.indoskript.phil.uni-wuerzburg.de/img/letters/143689.png,200,15036,416ab227029e6289b1de3b34649bc9acc2ba350d3b70dc369d798bcb9a5cda7a,image
https://www.indoskript.phil.uni-wuerzburg.de/img/letters/119491.png,200,15036,95aab64caa120ed5b6e67e98840e337e98d7fc49870e39a0f6930c9fdf56d486,image
https://www.indoskript.phil.uni-wuerzburg.de/img/letters/136301.png,200,15036,d0beb2c90438b67ab1c1f7670241c2412bd3c4ee7a3951c31e397003d73bc0bf,image
https://www.indoskript.phil.uni-wuerzburg.de/img/letters/72095.png,200,15036,60e3439cfd4d29d1841a86f67e474d56fa14344ae40c67488edeffbea266cb2c,image
https://www.indoskript.phil.uni-wuerzburg.de/img/letters/141225.png,200,15036,0a4332d948368fba5497229e2d494198e1433f48d5b213194cdbbaf5c2421f24,image
https://www.indoskript.phil.uni-wuerzburg.de/img/letters/99026.png,200,15036,4cc5648416c505d1ee266b804aea65ea29b85b742786ad4cf9eadf2beed8ba4c,image
https://www.indoskript.phil.uni-wuerzburg.de/img/letters/159966.png,200,15036,63e910db5e3c1c5fc4441538cb3d65873f098efe5e6296c9494ea5963385ad04,image
https://www.indoskript.phil.uni-wuerzburg.de/img/letters/19924.png,200,15036,568b3e5172e1cfeea2a7fa68161dc611d705f1855bbff2ae431eff8c0dea433f,image
https://www.indoskript.phil.uni-wuerzburg.de/img/letters/150335.png,200,15036,2062e31f0c93af4aba7f345133b9c1cc8bf93f0947768203264a53a063455868,image
https://www.indoskript.phil.uni-wuerzburg.de/img/letters/46688.png,200,15036,fffdb59795b867f3e5366fad899c35b7a93113f5f8d333a1c82b44547955611e,image
https://www.indoskript.phil.uni-wuerzburg.de/img/letters/26874.png,200,15036,a844f185a04e4031e289efb7d20cd429d2ef332bbf1df8659351de6861bfe6b5,image
https://www.indoskript.phil.uni-wuerzburg.de/img/letters/181244.png,200,15036,d088d11737b66584641cc249787ff73d24c030a55a3cbb109868f7125c150abb,image
https://www.indoskript.phil.uni-wuerzburg.de/img/letters/139115.png,200,15036,fcba48f317377acdf31c66689a9a0d9af8609eb23f9115277f23d05eb8610863,image
https://www.indoskript.phil.uni-wuerzburg.de/img/letters/136800.png,200,15036,f4376d9d71f686e7e69e3e3af0e93ea352575bfee17899258b4b7a2b7e02b279,image
https://www.indoskript.phil.uni-wuerzburg.de/img/letters/28330.png,200,15036,d057896cb1cb1d6545b125dc2f5efe3552554f398b887ca885b632ce33c8505d,image
https://www.indoskript.phil.uni-wuerzburg.de/img/letters/122123.png,200,15036,8e5be172729330a76333109dce1814c82c1ac1c26c8f64ace464d6b4fbf8dceb,image
https://www.indoskript.phil.uni-wuerzburg.de/img/letters/129455.png,200,15036,4b3c5ba111cef2b22eaee0a810286b0feaa40782fc27809284d50addd5585128,image
https://www.indoskript.phil.uni-wuerzburg.de/img/letters/84306.png,200,15036,309d130c04a81073b3d1f63b4e3da0845a9d994a54e3c027c2b946ebc98e8e7e,image
https://www.indoskript.phil.uni-wuerzburg.de/img/letters/156508.png,200,15036,71fff55019b7cf4921a3109f7e757a4c9abf01fea665c56be7a328bdd42ee5e4,image
https://www.indoskript.phil.uni-wuerzburg.de/img/letters/156169.png,200,15036,6b9feb83c0bb2afd7355c4d93f4a0214e822d7a777aaa3e68299ffa879fe318b,image
https://www.indoskript.phil.uni-wuerzburg.de/img/letters/19418.png,200,15036,039eed16d36463ab739c4120d9083b7059631083c90a83853754f41db76e78d6,image
https://www.indoskript.phil.uni-wuerzburg.de/img/letters/51637.png,200,15036,22b0682e6f95ba59991dc2686fe65433ecdfb84230415ff0875e8d62806a8e6a,image
https://www.indoskript.phil.uni-wuerzburg.de/img/letters/155130.png,200,15036,ac6411babd2b9c315e786e65dbe3fdead4c74bd9a10b9aee56956f3554807c33,image
https://www.indoskript.phil.uni-wuerzburg.de/img/letters/63004.png,200,15036,e74fd46740f00142126379e24055d2c0a96063d54b11b41fe5d2b61ed4e1134d,image
https://www.indoskript.phil.uni-wuerzburg.de/img/letters/173902.png,200,15036,3d8e3f0a79f508e2a9c61acd65957625dda48ec78163a8a784c4abc8599a40db,image
https://www.indoskript.phil.uni-wuerzburg.de/img/letters/70095.png,200,15036,7554ded7193fffa63ed74e155b5819b87775f4e5862405fd288746a6b9d36bfe,image
https://www.indoskript.phil.uni-wuerzburg.de/img/letters/136614.png,200,15036,536e5e2062f0bb9766b316267284f97f0ef678677cfff5aef38c427e95296eda,image
https://www.indoskript.phil.uni-wuerzburg.de/img/letters/7950.png,200,15036,ad46630045a1eadc4fc79eaa71668708200afe6ee82b6abc2ae097577d7c1f9b,image
https://www.indoskript.phil.uni-wuerzburg.de/img/letters/27385.png,200,15036,3b0050ba8d89e3b5d83d6cad05c8f9759793ed00e48d63c874ddd5685047dbd5,image
https://www.indoskript.phil.uni-wuerzburg.de/img/letters/114660.png,200,15036,d7150b0342f4403d00d36793df1eb1e4f18a36b92702ba8a5ac9f1d3e97adea3,image
https://www.indoskript.phil.uni-wuerzburg.de/img/letters/39305.png,200,15036,cfc0a504ff64156d7043c0b014ab1a21144bde89d917522100defadff976d5e2,image
https://www.indoskript.phil.uni-wuerzburg.de/img/letters/5274.png,200,15036,1b6faffc6534b61cd59f7a1a347c95124a1963f8c0fc3ecaaccdad194ea4c7a2,image
https://www.indoskript.phil.uni-wuerzburg.de/img/letters/67461.png,200,15036,4d959632fecd1caf775fa1dd337b2e01a6f565b63a1e2e8531d6d8ec696b13cf,image
https://www.indoskript.phil.uni-wuerzburg.de/img/letters/113690.png,200,15036,42dbb5cf8830312cef2e6563ee578b3cd33917e20c4307721595962c4a2e86ca,image
https://www.indoskript.phil.uni-wuerzburg.de/img/letters/4811.png,200,15036,2fb734e82631729e5dfb5fc028e94cc3d6dfd49a1f75788418c8a3bc92e1a154,image
https://www.indoskript.phil.uni-wuerzburg.de/img/letters/23233.png,200,15036,576cc1b72dbc7833f54dc8d45384b4abc4f40d5fb4034e670722232fdc6848aa,image
https://www.indoskript.phil.uni-wuerzburg.de/img/letters/67343.png,200,15036,0dd8cb32e06bc0368cd129434ac5b5900bbd32425edbae071bb55cc55e95e8cd,image
https://www.indoskript.phil.uni-wuerzburg.de/img/letters/88027.png,200,15036,2ce2e32073585b8a9b6eb0f235fd4a8f0412f2d24c11eaf17a6e4ddc058f7568,image
https://www.indoskript.phil.uni-wuerzburg.de/img/letters/67244.png,200,15036,fac56580054c1a4598808ed09f80ba8e35dae8ec1827ee4477b41fa0fe6aed50,image
https://www.indoskript.phil.uni-wuerzburg.de/img/letters/138193.png,200,15036,bc454f2ad960d1dc2654b4f71dd39d73b23484932c401f377dc0d109a805c33d,image
https://www.indoskript.phil.uni-wuerzburg.de/img/letters/41346.png,200,15036,a6dfa00478bf3890873bbc26acfa04edff1c390cb06299d5b4cbe29d889341ca,image
https://www.indoskript.phil.uni-wuerzburg.de/img/letters/174149.png,200,15036,ee66c629be302f319f73d40af9792890fc5ea7d53dc93ae0d93aa1cc6306c32c,image
https://www.indoskript.phil.uni-wuerzburg.de/img/letters/160142.png,200,15036,df26fdeef04af1149e61cbb0f83f5bdd2bb284ebe4c122d45b42160540a375bb,image
https://www.indoskript.phil.uni-wuerzburg.de/img/letters/20106.png,200,15036,d70f667cc85a6290c4b26acb6a0238d08dd629a40ad2d9f99f8d4f276ffe28b5,image
https://www.indoskript.phil.uni-wuerzburg.de/img/letters/154473.png,200,15036,fb222347ea522729a94b092857858daa874223a3fb5fdb3bf8b74524f5d06106,image
https://www.indoskript.phil.uni-wuerzburg.de/img/letters/174422.png,200,15036,5275faa90916e7bc27f04866c56e9b0a3bf08be3250d39b2b545fc0df64c89c3,image
https://www.indoskript.phil.uni-wuerzburg.de/img/letters/21977.png,200,15036,9b6bc83789a0af91554d14dfab1f697075ff4aa2222d34eb70d061e31ad49aa0,image
https://www.indoskript.phil.uni-wuerzburg.de/img/letters/122845.png,200,15036,970ed5d20340aca3e0be49b08a54b7ffb8039853d342233a4344bd0b2ab8dae5,image
https://www.indoskript.phil.uni-wuerzburg.de/img/letters/144522.png,200,15036,bcd3bb171703fb5beb5d21aa48b0aa071c19ec35fb33d3fdfbc18f0b5bb4244f,image
https://www.indoskript.phil.uni-wuerzburg.de/img/letters/154726.png,200,15036,f08f6d968768b814e9c38661e09036a0728bbd2fb4120012d6458936f3057925,image
https://www.indoskript.phil.uni-wuerzburg.de/img/letters/123967.png,200,15036,48e49ed54d4c4fc731ba4032fd19a0cf86a16b4679d5885ff55a40cc834b3938,image
https://www.indoskript.phil.uni-wuerzburg.de/img/letters/121250.png,200,15036,8fc68b77e20394cda8d6e985248720977e9800f95902c1f1bb3d342b8978c82e,image
https://www.indoskript.phil.uni-wuerzburg.de/img/letters/102117.png,200,15036,af96205760ec95ed3637c3ca153cb429d55e49b73cef6e7ebd3cee3830965cd2,image
https://www.indoskript.phil.uni-wuerzburg.de/img/letters/16175.png,200,15036,c0417ad1d72ef21ae381617ddb04f2fb468485f0657f0ab67131558a37c4a558,image
https://www.indoskript.phil.uni-wuerzburg.de/img/letters/139008.png,200,15036,b2759e384ae61ba28ee61e785d4ba4c763cec082ad57b5a77bca5c8d8c905b21,image
https://www.indoskript.phil.uni-wuerzburg.de/img/letters/61076.png,200,15036,56b077499b5d0967d271d2c32b0d8872ad71e855b87b17cbb0ebdcd4a8384a31,image
https://www.indoskript.phil.uni-wuerzburg.de/img/letters/171260.png,200,15036,9b4dc71eb9ea53d71a6fbff79279dd3a53a0a9a5cdb0227074392597be7c0a44,image
https://www.indoskript.phil.uni-wuerzburg.de/img/letters/29894.png,200,15036,6f07f5322d2bdd161ae8c2fa46e039cfbac524924c3bc17662de7838024b45ae,image
https://www.indoskript.phil.uni-wuerzburg.de/img/letters/164081.png,200,15036,9b78eb29e5df7f9a385f9c61f8b361d7f98dd630c9fbb5f81d75c802545afcdf,image
https://www.indoskript.phil.uni-wuerzburg.de/img/letters/29855.png,200,15036,bead4c69f10412aa4178957566e3a543e32d178cbf67ebef86194350d868a7bb,image
https://www.indoskript.phil.uni-wuerzburg.de/img/letters/2369.png,200,15036,b69e3b69384311f527280ed2021934978e5c3fe2d08266ed23c2c5ee128083ae,image
https://www.indoskript.phil.uni-wuerzburg.de/img/letters/74611.png,200,15036,90a0accccf29bc3f7982a68779d556b4a0c29c0ebdf00e1bd48fb7293c82124c,image
https://www.indoskript.phil.uni-wuerzburg.de/img/letters/45852.png,200,15036,58c6cef72f26b28cf586fa9e825a7bde7b0e0ed8d2160accf9f760ec25980d14,image
https://www.indoskript.phil.uni-wuerzburg.de/img/letters/173820.png,200,15036,dd3c301d4d4123b119d0c8b1bcee9f8be29eafa9234feaa8e22d785bf5bdf76d,image
https://www.indoskript.phil.uni-wuerzburg.de/img/letters/62447.png,200,15036,4422285998d955d071241a7ea4ebc95f692d9bafe217c61b480444a844bc876d,image
https://www.indoskript.phil.uni-wuerzburg.de/img/letters/51453.png,200,15036,41bf3aba04eca7e0b577d8da00857efbed3e80ca25b5d4b973461d38282991a8,image
https://www.indoskript.phil.uni-wuerzburg.de/img/letters/74251.png,200,15036,f69673a844b32959a1963017be9a22770bed4ec0bdf9475c5bc66128b4be4610,image
https://www.indoskript.phil.uni-wuerzburg.de/img/letters/88652.png,200,15036,58a3dbc639eb012f06fe1ab85c99f307a11b3e086fb2a33d52c1ebd757b6fc61,image
https://www.indoskript.phil.uni-wuerzburg.de/img/letters/116631.png,200,15036,e8a7673a0d23c9380a0e917cdc8f1b5f06ce0526d2228e9cd3933ed8bab02905,image
https://www.indoskript.phil.uni-wuerzburg.de/img/letters/63390.png,200,15036,10fea33086173c84fe02b679aac2145470ff897bf90b3c48629c74438c908ec5,image
https://www.indoskript.phil.uni-wuerzburg.de/img/letters/175098.png,200,15036,901a1e16ca8b72c287968f9cc36544c94319dd2a22fa7101824deab363219bee,image
https://www.indoskript.phil.uni-wuerzburg.de/img/letters/30271.png,200,15036,437ca6b7c4988f407e3973e5e1e100630f3cae5ef6589d0b5c04e591c410a4c5,image
https://www.indoskript.phil.uni-wuerzburg.de/img/letters/112560.png,200,15036,4a08af36e0f92ecf34ab48ffcf24cf8bba09f4b2994720b3284c0041b7fe8a83,image
https://www.indoskript.phil.uni-wuerzburg.de/img/letters/72398.png,200,15036,992728388d7d9f9326366623c2def8682be1d20f1c81267e5165e4c3954e8086,image
https://www.indoskript.phil.uni-wuerzburg.de/img/letters/113844.png,200,15036,2ba1f5d1b351fe8f1571029e5fcc47f16c1ec9c7a2be56892fac909aa2c15914,image
https://www.indoskript.phil.uni-wuerzburg.de/img/letters/117633.png,200,15036,6f06b2e5a208526d4e2afa100e9a0f3903669edb4939e468e29559401bb4fce9,image
https://www.indoskript.phil.uni-wuerzburg.de/img/letters/134566.png,200,15036,850b5df7e2aea46da3127b8afa4bac157d4c56dd93e91fbfcbc2bc839dbf4f1a,image
https://www.indoskript.phil.uni-wuerzburg.de/img/letters/144464.png,200,15036,8af4b2d96630f78ae86a008ccb6b3e8cb2f33e8007acce8a19fdb7907d8344e5,image
https://www.indoskript.phil.uni-wuerzburg.de/img/letters/66970.png,200,15036,d1fc6b632ade8104b199ad0b288293640f12f7b983aa064b748bc5ff6f7c0043,image
https://www.indoskript.phil.uni-wuerzburg.de/img/letters/124262.png,200,15036,34bda8815e8b4351de67bfa21c299782b06cefc6d8705a503d6e7bca6774c5ac,image
https://www.indoskript.phil.uni-wuerzburg.de/img/letters/96250.png,200,15036,2c63898ab6a3a3f9b2a8c7d7c2bb3a919cec9c414553a0e324669d9dd44c9da8,image
https://www.indoskript.phil.uni-wuerzburg.de/img/letters/111305.png,200,15036,a986a6cb06302a82a8594f717a0abe125a9a4a87f0f776e39c36c2cff892e704,image
https://www.indoskript.phil.uni-wuerzburg.de/img/letters/18443.png,200,15036,5223f2d1985138e34b5da8987756a1aaff84a507cd613075e80e343827abd606,image
https://www.indoskript.phil.uni-wuerzburg.de/img/letters/45313.png,200,15036,ab5d370bd603afa126b6bbf832826ab24e1a1b90c287f5c793bc6ca303e5ef5c,image
https://www.indoskript.phil.uni-wuerzburg.de/img/letters/24056.png,200,15036,b6026619658fa3f16aa06717be983b7a8f710a8b5d5e3d186b5e94b2e379620a,image
https://www.indoskript.phil.uni-wuerzburg.de/img/letters/164244.png,200,15036,d5146ea1031bbb03a4d36bd123ac40a741ed6610427174a4487d304a1306281d,image
https://www.indoskript.phil.uni-wuerzburg.de/img/letters/156041.png,200,15036,eead30bf15e05a2d04230a1a12b5f70cf7c0af68fee98031cd369c0d0ffe0cd0,image
https://www.indoskript.phil.uni-wuerzburg.de/img/letters/151999.png,200,15036,6c8a650c416046b8a294704d966be820e75eb635d16d14f2ca0e188b4916d5c1,image
https://www.indoskript.phil.uni-wuerzburg.de/img/letters/57521.png,200,15036,ca500c751d9f7d7616ee783396c045d3c65499e57f112cd6b129ebe9e93557e5,image
https://www.indoskript.phil.uni-wuerzburg.de/img/letters/40905.png,200,15036,406454c3e5660b824b8ac0b2e0845aab5ebe605bca640fccad01a5866a676908,image
https://www.indoskript.phil.uni-wuerzburg.de/img/letters/136120.png,200,15036,c8d604e91f0fb8fc0ff7f5ebac1503f183c622416e394310b24860800fc349b8,image
https://www.indoskript.phil.uni-wuerzburg.de/img/letters/50833.png,200,15036,1d6bd452d639f5670519dafa9baaa973b30612a457a68afb7faefcd46a7aa198,image
https://www.indoskript.phil.uni-wuerzburg.de/img/letters/14110.png,200,15036,aa5bc2d21aa3c8a6f858fb8f7a3418006c44f547e98ebe0b814c1219a4102e32,image
https://www.indoskript.phil.uni-wuerzburg.de/img/letters/55562.png,200,15036,04dab028309d8ea36f6854936cc2d97941578d8208d633b248e11a2714dc23bd,image
https://www.indoskript.phil.uni-wuerzburg.de/img/letters/81836.png,200,15036,01c8a083fa41b53a94ca3a4da2297222ff06be438f2bf5552fb2d2e00d171993,image
https://www.indoskript.phil.uni-wuerzburg.de/img/letters/167602.png,200,15036,9649b727e3895bc91dbaee086dc73676b10a90bc39149b0c81323e71d4ab46e0,image
https://www.indoskript.phil.uni-wuerzburg.de/img/letters/174093.png,200,15036,dbf16b9bf1e9e7fa939dad766ea511179df14568be5523215d52cda5152f5669,image
https://www.indoskript.phil.uni-wuerzburg.de/img/letters/71790.png,200,15036,e9e525a26e83216e133fae28dd2cf1cdc1b503285cd20b8869133cdc6fe97102,image
https://www.indoskript.phil.uni-wuerzburg.de/img/letters/53916.png,200,15036,1a0911a57425c926e181f02007731838f30834b19a966c624ac30ecc10e08695,image
https://www.indoskript.phil.uni-wuerzburg.de/img/letters/163397.png,200,15036,55913cc2e48777a0af31e45c755a7dfb67ca64bd2125b0703fda89e478d2cc0b,image
https://www.indoskript.phil.uni-wuerzburg.de/img/letters/2305.png,200,15036,3c5e2de574ee35c245d29af2a9b12b68dde913ccd776410a73d1e3df0792816d,image
https://www.indoskript.phil.uni-wuerzburg.de/img/letters/15431.png,200,15036,05a8618dec768b40aa4f4c819b00443ef01cb2c8a3d7d790eadf052004e63ec1,image
https://www.indoskript.phil.uni-wuerzburg.de/img/letters/68062.png,200,15036,dbe957f9b62551949a1d5e4bc4a046eceb3331ffe107db65169a2902d86a39f1,image
https://www.indoskript.phil.uni-wuerzburg.de/img/letters/173219.png,200,15036,96d26b889ad42da699135ca1ded20775caa00007fb142b3f1b23d2445ff405a6,image
https://www.indoskript.phil.uni-wuerzburg.de/img/letters/177313.png,200,15036,0616a6491c2e1143e21501889ea3ff181092f1585342d09b19fdecb49425347c,image
https://www.indoskript.phil.uni-wuerzburg.de/img/letters/112347.png,200,15036,0621f605efab56a2e051447721fda815a3b33201c7e4da296951f78e63334d67,image
https://www.indoskript.phil.uni-wuerzburg.de/img/letters/156398.png,200,15036,6d9b2f84fb86771fc6dafeeb1f88e07ee08518ce835379dce13b09959e31d9a8,image
https://www.indoskript.phil.uni-wuerzburg.de/img/letters/49441.png,200,15036,1ab21fbcd3b9615108abf7189d46e236591bdae228477909450a9063b58b53be,image
https://www.indoskript.phil.uni-wuerzburg.de/img/letters/109578.png,200,15036,37691a35d95cf6f0210620037fcb6248dc2a8239a2a6f9d61d22ab969647c6f1,image
https://www.indoskript.phil.uni-wuerzburg.de/img/letters/123163.png,200,15036,40de10415b83b309d0ca20182ed289f407c97650d127cd79da12c9e08499fa73,image
https://www.indoskript.phil.uni-wuerzburg.de/img/letters/38268.png,200,15036,26b33f42289a0b8ebad32ebfad24efb427534e869f9cde1987a4b3961b45b871,image
https://www.indoskript.phil.uni-wuerzburg.de/img/letters/73400.png,200,15036,e64ac0208397c9a804e7b37aa617e335a6af0accfd36ce8c85752bbe66e5bf06,image
https://www.indoskript.phil.uni-wuerzburg.de/img/letters/46026.png,200,15036,02eedd01dee1005144ab24daeb44ce1ec120c5d5076b704ea74b1d57380828d4,image
https://www.indoskript.phil.uni-wuerzburg.de/img/letters/101494.png,200,15036,f6f9649ef6bcee3a009dc569e9f3798ef99e7fa29f0f8cd5782a7a5fa5ec954b,image
https://www.indoskript.phil.uni-wuerzburg.de/img/letters/19736.png,200,15036,a34bde8547604378d5934e91d5285fc8f22ed5e915f2b2ae15617ef9e93f081a,image
https://www.indoskript.phil.uni-wuerzburg.de/img/letters/121611.png,200,15036,ad4e88abd60d931a60a40a656c7a007fa96af25bfd8e0bc4393c98119ffe71c6,image
https://www.indoskript.phil.uni-wuerzburg.de/img/letters/177010.png,200,15036,f6ace422a90cd97aabe58910073d2bb4dbcb09308a6665c681606141c8ba9216,image
https://www.indoskript.phil.uni-wuerzburg.de/img/letters/51234.png,200,15036,64cb782c1560c51536e325733fcfa962ce04755be81deed566926c8238c9f68b,image
https://www.indoskript.phil.uni-wuerzburg.de/img/letters/106338.png,200,15036,67148f5ab8abe8e28f3349e7502477ac346444e9669860c4bceaa5fa6f1a26c6,image
https://www.indoskript.phil.uni-wuerzburg.de/img/letters/93692.png,200,15036,d3bb01dc1e5c2546ce6a4d33f281575bb5998fafbfa8cecbeb75d3a2873036a6,image
https://www.indoskript.phil.uni-wuerzburg.de/img/letters/141151.png,200,15036,5f28cc00deef50f74b18235b3c00bd2b66d82d1b7843eafb3c5f7757ef374fe1,image
https://www.indoskript.phil.uni-wuerzburg.de/img/letters/131987.png,200,15036,54ea393e1c60f3b47dcc1514525eb7af727ac904d6cbb94fc4db4f60a95296c1,image
https://www.indoskript.phil.uni-wuerzburg.de/img/letters/83503.png,200,15036,5542ea2bf8b80b80c057eacf0d03b4899be7be3bb1898a120882f674b9dfb4ee,image
https://www.indoskript.phil.uni-wuerzburg.de/img/letters/92116.png,200,15036,190a5f5c457b6018629dc8b06eec0bb0f710c8a074a6748cfab5b87ac317d312,image
https://www.indoskript.phil.uni-wuerzburg.de/img/letters/50879.png,200,15036,93a49653410656c599e6b7b6355d5afa5e320ddae10e6f4699cda955f79c11c8,image
https://www.indoskript.phil.uni-wuerzburg.de/img/letters/157718.png,200,15036,39ec87281e8fcc8f6f449abb6c506735c3a30018e819d7caa9d2b2502e4a17d7,image
https://www.indoskript.phil.uni-wuerzburg.de/img/letters/14252.png,200,15036,10d1fd51d171f8694405f1d042e0d38c6874bb665427378aa78ebf3da31eee52,image
https://www.indoskript.phil.uni-wuerzburg.de/img/letters/75109.png,200,15036,bf2137a06913513400eb5d24d57fa57c4944b2862218de6f7915c6fb3fead883,image
https://www.indoskript.phil.uni-wuerzburg.de/img/letters/89191.png,200,15036,ef538c143fb736d7382ef463c4d75cee402e6a6c5abdcae0370d719f0b73032f,image
https://www.indoskript.phil.uni-wuerzburg.de/img/letters/178617.png,200,15036,caaa3582f18659d0a1bc3911601fa9a46c5322779c31f886409a9405a44060ac,image
https://www.indoskript.phil.uni-wuerzburg.de/img/letters/163031.png,200,15036,0f25a17c2176eea95387251a3ef4d688953cf7ee47513ace3ebdcbc0a594e87c,image
https://www.indoskript.phil.uni-wuerzburg.de/img/letters/115115.png,200,14834,d81d2297751df2e1fa497f4f3774523f6ec0a62b1b2e89f47962cf59ab4583c3,image
https://www.indoskript.phil.uni-wuerzburg.de/img/letters/131639.png,200,15036,f0c3484d16d7f42b94deaac28928a8ecc23729df76a80693e101d4d377efdcec,image
https://www.indoskript.phil.uni-wuerzburg.de/img/letters/55469.png,200,14834,9024d2e9afeef4f97f118ba4956a924168217b6fc7c8e2a25e8cb64870336b01,image
https://www.indoskript.phil.uni-wuerzburg.de/img/letters/172313.png,200,14834,831bc4563c572ee4834ec9b58b9c229adac2d310d5e4510826d04c4d445de632,image
https://www.indoskript.phil.uni-wuerzburg.de/img/letters/161628.png,200,15036,5e1d62ddf88bbf6f481cabf3ec9c9ab80c4064be61354f6098c8f58d8758f4e6,image
https://www.indoskript.phil.uni-wuerzburg.de/img/letters/95040.png,200,14834,10844af53af82a6a4e7f88f38a3170bf9e7f7c8c634a2699ebf4124d722c2469,image
https://www.indoskript.phil.uni-wuerzburg.de/img/letters/116532.png,200,14834,3d71bdf63cde8999da9b02e1d928413ab233d2fcc39b920e07d8f346da148037,image
https://www.indoskript.phil.uni-wuerzburg.de/img/letters/137133.png,200,14834,ff8b6ea52fe3a89fec640db3c99f32f222e528fbf3df8252b41a9d715b91a5a6,image
https://www.indoskript.phil.uni-wuerzburg.de/img/letters/36505.png,200,14834,33e4b56a458eb2871803ab3ed22ce95c6e7bd78406cdf6af4becd537bf9ca85d,image
https://www.indoskript.phil.uni-wuerzburg.de/img/letters/31165.png,200,14834,5c565677a6ea300bbde039a7688e360ffeba1622550f78d7b5b39662121d7d9c,image
https://www.indoskript.phil.uni-wuerzburg.de/img/letters/34467.png,200,14834,e44f96e0607645a0236524919a51a243b94558f4f4407dda096b1b4fced68cd5,image
https://www.indoskript.phil.uni-wuerzburg.de/img/letters/102026.png,200,15036,f37abc7c0358d1efe19bdb680cdbb6d6bd4f63ec04f38f4562001ac2e32b6ddd,image
https://www.indoskript.phil.uni-wuerzburg.de/img/letters/15812.png,200,14834,b6174d6cc0df51843e244cdcb84525490bea74383be84674d8cc5038e88826e8,image
https://www.indoskript.phil.uni-wuerzburg.de/img/letters/29106.png,200,15036,1f77c4df7da3cb7a5a2ee3adac4f2e831154142c4e51a99581cf928c2606e74d,image
https://www.indoskript.phil.uni-wuerzburg.de/img/letters/159585.png,200,15036,1003b488007d6fdfb1549d46d656cb98d1988d9b43e7e87f4bd26a7cea86cd7a,image
https://www.indoskript.phil.uni-wuerzburg.de/img/letters/77081.png,200,15036,44807c9a6881f18a052a010a1abb1233000d26b3a80f88a9f07ddc08738c83c0,image
