id,cisi,site,region,type,material,shape,symbol,cult,condition,complete,dir,class,text,text_dedup_key,strict_complete_closed,idx_002,prev1_before_002,prev2_before_002,y_after_002,next1_after_y,next2_after_y,post_y_len,y_terminal,continuation_class,context_scope
13.1,Ad-8,Allahdino,Lower Indus,MISC,Clay,square,Elep,SAN,Fair,N,R/L,??,+740-440-503-002-861-000+,740 440 503 002 861 000,false,3,503,440,861,000,<END>,1,false,one_token_continuation,other_after_002
18.1,-,Bakkar Buthi,Lower Indus,POT:T:g,Clay,-,None,None,Poor,Y,R/L,IM,+405-844-032-840-002-861+,405 844 032 840 002 861,true,4,840,032,861,<END>,<END>,0,true,terminal,other_after_002
19.1,Blk-1,Bala-kot,Lower Indus,SEAL:S,-,square,Bull1,-,Poor,Y,R/L,LC,+226-003-002-297-350-125-413+,226 003 002 297 350 125 413,true,2,003,226,297,350,125,3,false,multi_token_continuation,other_after_002
20.1,Blk-2,Bala-kot,Lower Indus,SEAL:S,-,square,Bull1,R,Poor,Y,R/L,LC,+390-717-061-002-368-634+,390 717 061 002 368 634,true,3,061,717,368,634,<END>,1,false,one_token_continuation,other_after_002
27.1,B-1,Banawali,Eastern Headwaters,SEAL:S,Steatite,square,Bull1:O,HAF,Fair,Y,R/L,LP,+090-740-220-002-368-550-821+,090 740 220 002 368 550 821,true,3,220,740,368,550,821,2,false,multi_token_continuation,other_after_002
30.1,B-5,Banawali,Eastern Headwaters,SEAL:S,-,square,Bull3,None,Fair,Y,R/L,SS,+002-817+,002 817,true,0,<START>,<START>,817,<END>,<END>,0,true,terminal,other_after_002
31.1,B-7,Banawali,Eastern Headwaters,SEAL:S,Steatite,square,Buff,None,Fair,Y,R/L,SS,+002-817+,002 817,true,0,<START>,<START>,817,<END>,<END>,0,true,terminal,other_after_002
36.1,B-15,Banawali,Eastern Headwaters,SEAL:S,Steatite,square,Rhin,None,Good,Y,R/L,SS,+002-817+,002 817,true,0,<START>,<START>,817,<END>,<END>,0,true,terminal,other_after_002
37.1,B-17,Banawali,Eastern Headwaters,SEAL:S,Steatite,square,Htgr,HBF,Fair,Y,R/L,SC,+236-002-308-072+,236 002 308 072,true,1,236,<START>,308,072,<END>,1,false,one_token_continuation,other_after_002
38.1,B-18,Banawali,Eastern Headwaters,SEAL:S,-,square,-,-,Poor,N,R/L,??,]000-002-861+,000 002 861,false,1,000,<START>,861,<END>,<END>,0,true,terminal,other_after_002
52.1,-,Bhirrana,Eastern Headwaters,SEAL:S,-,square,Bull1,RAN,Good,Y,R/L,SP,+236-002-820+,236 002 820,true,1,236,<START>,820,<END>,<END>,0,true,terminal,other_after_002
61.1,C-66,Chanhu-daro,Lower Indus,SEAL:S,Steatite,square,Bull1:W,RAN,Fair,Y,R/L,IM,+390-003-002-817+,390 003 002 817,true,2,003,390,817,<END>,<END>,0,true,terminal,other_after_002
62.1,C-65,Chanhu-daro,Lower Indus,SEAL:S,Steatite,square,Bull1:W,SAF,Good,N,R/L,??,+000-100-240-220-032-002-861+,000 100 240 220 032 002 861,false,5,032,220,861,<END>,<END>,0,true,terminal,after_032
69.1,C-60,Chanhu-daro,Lower Indus,SEAL:S,Steatite,square,Bull1:W,SAN,Good,Y,R/L,SP,+740-176-032-002-861+,740 176 032 002 861,true,3,032,176,861,<END>,<END>,0,true,terminal,after_032
71.1,C-53,Chanhu-daro,Lower Indus,SEAL:S,Steatite,square,Bull1,-,Fair,Y,R/L,2L,+032-031/740-222-235-002-861+,032 031 740 222 235 002 861,false,5,235,222,861,<END>,<END>,0,true,terminal,other_after_002
74.1,C-58,Chanhu-daro,Lower Indus,SEAL:S,Steatite,square,Bull1,-,Poor,Y,R/L,2L,+032-031/740-222-235-002-861+,032 031 740 222 235 002 861,false,5,235,222,861,<END>,<END>,0,true,terminal,other_after_002
76.1,C-74,Chanhu-daro,Lower Indus,SEAL:S,Steatite,square,Gaur,Trough,Fair,Y,R/L,IM,+125-002-861+,125 002 861,true,1,125,<START>,861,<END>,<END>,0,true,terminal,other_after_002
78.1,C-71,Chanhu-daro,Lower Indus,SEAL:S,Steatite,square,Bull1,-,Poor,N,-,??,+000-000-000/000-861-002-906-003+,000 000 000 000 861 002 906 003,false,5,861,000,906,003,<END>,1,false,one_token_continuation,other_after_002
81.1,C-78,Chanhu-daro,Lower Indus,SEAL:S,Steatite,square,None,None,Fair,Y,R/L,2L,+740-636-240/002-817+,740 636 240 002 817,false,3,240,636,817,<END>,<END>,0,true,terminal,other_after_002
82.1,C-57,Chanhu-daro,Lower Indus,SEAL:S,Steatite,square,Bull1:W,SAF,Fair,N,R/L,??,+740-032-840-002-296-530-000+,740 032 840 002 296 530 000,false,3,840,032,296,530,000,2,false,multi_token_continuation,other_after_002
84.1,C-85,Chanhu-daro,Lower Indus,SEAL:R,Steatite,rectangular,-,-,Poor,N,R/L,??,+000-000-002-820+,000 000 002 820,false,2,000,000,820,<END>,<END>,0,true,terminal,other_after_002
87.1,C-67,Chanhu-daro,Lower Indus,SEAL:S,Steatite,square,Bull1:S,SAN,Poor,Y,R/L,SP,+520-233-803-002-817+,520 233 803 002 817,true,3,803,233,817,<END>,<END>,0,true,terminal,other_after_002
89.1,C-1,Chanhu-daro,Lower Indus,SEAL:S,Steatite,square,Bull1,None,Fair,Y,R/L,LC,+031-840-140-740-101-002-365-287-034+,031 840 140 740 101 002 365 287 034,true,5,101,740,365,287,034,2,false,multi_token_continuation,other_after_002
91.1,C-3,Chanhu-daro,Lower Indus,SEAL:S,Steatite,square,Bull1:W,SAN,Good,Y,R/L,IT,+740-016-002-920-317+,740 016 002 920 317,true,2,016,740,920,317,<END>,1,false,one_token_continuation,other_after_002
92.1,C-4,Chanhu-daro,Lower Indus,SEAL:S,Steatite,square,Bull1:L,RAN,Fair,Y,R/L,SP,+520-235-803-002-817+,520 235 803 002 817,true,3,803,235,817,<END>,<END>,0,true,terminal,other_after_002
93.1,C-5,Chanhu-daro,Lower Indus,SEAL:S,Steatite,square,Bull1:I,RBF,Fine,Y,R/L,SP,+740-140-717-002-298-741+,740 140 717 002 298 741,true,3,717,140,298,741,<END>,1,false,one_token_continuation,other_after_002
94.1,C-6,Chanhu-daro,Lower Indus,SEAL:S,Steatite,square,Bull1:J,RAN,Poor,Y,R/L,2L,+817-521-521/090-740-221-002-031-500+,817 521 521 090 740 221 002 031 500,false,6,221,740,031,500,<END>,1,false,one_token_continuation,other_after_002
95.1,C-7,Chanhu-daro,Lower Indus,SEAL:S,Steatite,square,Bull,-,Poor,N,R/L,??,+520-033-705-240-798-002-000[,520 033 705 240 798 002 000,false,5,798,240,000,<END>,<END>,0,true,terminal,other_after_002
98.1,C-10,Chanhu-daro,Lower Indus,SEAL:S,Steatite,square,Bull1:W,SAN,Poor,Y,R/L,SP,+740-231-220-032-002-817+,740 231 220 032 002 817,true,4,032,220,817,<END>,<END>,0,true,terminal,after_032
106.1,C-18,Chanhu-daro,Lower Indus,SEAL:S,Steatite,square,Bull1,-,Poor,N,R/L,??,]000-031-002-817+,000 031 002 817,false,2,031,000,817,<END>,<END>,0,true,terminal,other_after_002
125.1,Dlp-3,Desalpur,Gujarat/Kutch,TAG,-,rectangular,None,None,Fair,Y,-,SC,+394-032-002-892-740+,394 032 002 892 740,true,2,032,394,892,740,<END>,1,false,one_token_continuation,after_032
130.1,-,Dholavira,Gujarat/Kutch,SEAL:S,Steatite,square,Bull1:W,S??,Fair,Y,R/L,2L,+244-165/740-879-220-416-803-002-861+,244 165 740 879 220 416 803 002 861,false,7,803,416,861,<END>,<END>,0,true,terminal,other_after_002
132.1,-,Dholavira,Gujarat/Kutch,SEAL:S,Steatite,square,Tigr,None,Fair,Y,R/L,IT,+740-416-002-861+,740 416 002 861,true,2,416,740,861,<END>,<END>,0,true,terminal,other_after_002
136.1,-,Dholavira,Gujarat/Kutch,SEAL:R,Steatite,rectangular,None,None,Good,Y,R/L,IM,+390-016-002-861+,390 016 002 861,true,2,016,390,861,<END>,<END>,0,true,terminal,other_after_002
143.1,-,Dholavira,Gujarat/Kutch,TAB:B,Clay,rectangular,Gavi,None,Fair,N,R/L,??,+000-400-350-031-002-817+,000 400 350 031 002 817,false,4,031,350,817,<END>,<END>,0,true,terminal,other_after_002
145.1,Dlv-1,Dholavira,Gujarat/Kutch,SEAL:S,-,square,Bull1:J,HBN,Poor,Y,R/L,SP,+151-382-031-002-861+,151 382 031 002 861,true,3,031,382,861,<END>,<END>,0,true,terminal,other_after_002
146.1,Dlv-2,Dholavira,Gujarat/Kutch,SEAL:R,-,cuboid-convex,None,None,Poor,N,R/L,??,]000-002-817+,000 002 817,false,1,000,<START>,817,<END>,<END>,0,true,terminal,other_after_002
216.1,-,Baror,Inter-Riverine,SEAL:S,Steatite,square,Bull1:I,SAF,Poor,N,R/L,??,+000-000-002-257-550+,000 000 002 257 550,false,2,000,000,257,550,<END>,1,false,one_token_continuation,other_after_002
223.1,H-1042,Harappa,Inter-Riverine,SEAL:S,Steatite,square,Bull1,RAN,Poor,N,R/L,??,+740-923-000-220-002-817+,740 923 000 220 002 817,false,4,220,000,817,<END>,<END>,0,true,terminal,other_after_002
246.1,H-1045,Harappa,Inter-Riverine,SEAL:S,Steatite,square,Bull1:U,RAN,Poor,Y,R/L,IT,+740-900-005-002-820+,740 900 005 002 820,true,3,005,900,820,<END>,<END>,0,true,terminal,other_after_002
256.1,H-1038,Harappa,Inter-Riverine,SEAL:S,Steatite,square,Bull1:I,-,Poor,N,R/L,??,+740-519-002-297-000[,740 519 002 297 000,false,2,519,740,297,000,<END>,1,false,one_token_continuation,other_after_002
259.1,H-1051,Harappa,Inter-Riverine,SEAL:S,Steatite,square,Bull1:I,SAN,Poor,Y,R/L,LP,+400-740-575-017-920-320-798-002-861+,400 740 575 017 920 320 798 002 861,true,7,798,320,861,<END>,<END>,0,true,terminal,other_after_002
280.1,-,Harappa,Inter-Riverine,TAB:B,Clay,rectangular,Bull2,SAN,Fair,Y,R/L,SP,+740-904-240-002-817+,740 904 240 002 817,true,3,240,904,817,<END>,<END>,0,true,terminal,other_after_002
284.1,H-1030,Harappa,Inter-Riverine,SEAL:S,-,square,Bull1:W,RAF,Good,Y,R/L,IT,+090-740-103-002-861+,090 740 103 002 861,true,3,103,740,861,<END>,<END>,0,true,terminal,other_after_002
293.1,H-1033,Harappa,Inter-Riverine,SEAL:S,Steatite,square,Bull1:W,-,Poor,Y,R/L,LC,+220-500-520-002-862-032+,220 500 520 002 862 032,true,3,520,500,862,032,<END>,1,false,one_token_continuation,other_after_002
296.1,H-1058,Harappa,Inter-Riverine,SEAL,Steatite,-,-,-,Poor,N,R/L,??,]740-019-002-000[,740 019 002 000,false,2,019,740,000,<END>,<END>,0,true,terminal,other_after_002
303.1,H-1043,Harappa,Inter-Riverine,SEAL:S,Steatite,square,Bull1:W,HBF,Poor,Y,R/L,SP,+151-760-220-003-002-861+,151 760 220 003 002 861,true,4,003,220,861,<END>,<END>,0,true,terminal,other_after_002
323.1,H-1421,Harappa,Inter-Riverine,POT:T:g,Clay,-,None,None,Poor,?,R/L,UC,]002-861[,002 861,false,0,<START>,<START>,861,<END>,<END>,0,true,terminal,other_after_002
370.1,H-2016,Harappa,Inter-Riverine,TAB:B,Clay,rectangular,None,None,Fair,Y,R/L,LP,+317-740-335-740-176-002-920-491+,317 740 335 740 176 002 920 491,true,5,176,740,920,491,<END>,1,false,one_token_continuation,other_after_002
388.2,H-1874,Harappa,Inter-Riverine,TAB:B,Faience,rectangular,None,None,Poor,N,R/L,??,+002-220-455-000+,002 220 455 000,false,0,<START>,<START>,220,455,000,2,false,multi_token_continuation,other_after_002
401.1,H-2003,Harappa,Inter-Riverine,TAB:B,Clay,rectangular,Mult,None,Poor,Y,R/L,IM,+390-004-002-817+,390 004 002 817,true,2,004,390,817,<END>,<END>,0,true,terminal,other_after_002
402.2,H-2015,Harappa,Inter-Riverine,TAB:B,Clay,rectangular-round,None,None,Poor,Y,L/R,LP,+520-033-705-235-832-002-817+,520 033 705 235 832 002 817,true,5,832,235,817,<END>,<END>,0,true,terminal,other_after_002
409.2,H-1942,Harappa,Inter-Riverine,TAB:B,Faience,prism,Bult,None,Good,Y,R/L,IM,+405-035-002-861+,405 035 002 861,true,2,035,405,861,<END>,<END>,0,true,terminal,other_after_002
411.2,H-1865,Harappa,Inter-Riverine,TAB:B,Faience,rectangular,None,None,Fair,N,R/L,??,+740-702-061-002-000+,740 702 061 002 000,false,3,061,702,000,<END>,<END>,0,true,terminal,other_after_002
412.2,H-2014,Harappa,Inter-Riverine,TAB:B,Clay,-,None,None,Poor,N,L/R,??,]000-832-002-817+,000 832 002 817,false,2,832,000,817,<END>,<END>,0,true,terminal,other_after_002
448.1,H-1967,Harappa,Inter-Riverine,TAB:B,Clay,rectangular,Mult,None,Poor,Y,R/L,SC,+382-760-382-002-820+,382 760 382 002 820,true,3,382,760,820,<END>,<END>,0,true,terminal,other_after_002
466.1,H-1882,Harappa,Inter-Riverine,TAB:B,Faience,rectangular,None,None,Fair,Y,R/L,SS,+002-820+,002 820,true,0,<START>,<START>,820,<END>,<END>,0,true,terminal,other_after_002
476.2,H-2094,Harappa,Inter-Riverine,TAB:I,Steatite,rectangular,None,None,Fair,Y,R/L,SS,+002-861-416+,002 861 416,true,0,<START>,<START>,861,416,<END>,1,false,one_token_continuation,other_after_002
488.2,H-2097,Harappa,Inter-Riverine,TAB:I,Steatite,rectangular,None,None,Good,Y,R/L,SS,+002-861-416+,002 861 416,true,0,<START>,<START>,861,416,<END>,1,false,one_token_continuation,other_after_002
507.1,H-1681,Harappa,Inter-Riverine,SEAL:S,Steatite,square,Bull1,-,Poor,N,R/L,??,]000-032-002-820+,000 032 002 820,false,2,032,000,820,<END>,<END>,0,true,terminal,after_032
513.1,H-1671,Harappa,Inter-Riverine,SEAL:S,-,square,Bull1:S,RAN,Good,Y,R/L,IT,+740-061-002-455-420-032+,740 061 002 455 420 032,true,2,061,740,455,420,032,2,false,continues_with_later_032,other_after_002
518.2,H-2095,Harappa,Inter-Riverine,TAB:I,-,rectangular,None,None,Fair,Y,R/L,SS,+002-861-416+,002 861 416,true,0,<START>,<START>,861,416,<END>,1,false,one_token_continuation,other_after_002
536.1,H-1723,Harappa,Inter-Riverine,TAG:L,-,-,-,-,Poor,N,R/L,??,]000-880-002-000[,000 880 002 000,false,2,880,000,000,<END>,<END>,0,true,terminal,other_after_002
537.1,H-1692,Harappa,Inter-Riverine,SEAL:S,Steatite,square,None,None,Poor,Y,R/L,IT,+740-390-590-002-861+,740 390 590 002 861,true,3,590,390,861,<END>,<END>,0,true,terminal,other_after_002
543.1,-,Harappa,Inter-Riverine,POT:T:g,Clay,-,None,None,Poor,N,R/L,??,+000-480-003-064-002-003-861+,000 480 003 064 002 003 861,false,4,064,003,003,861,<END>,1,false,one_token_continuation,other_after_002
594.2,H-2022,Harappa,Inter-Riverine,TAB:B,Clay,prism,Phyt,Mult,Fair,Y,R/L,IT,+740-752-175-002-861+,740 752 175 002 861,true,3,175,752,861,<END>,<END>,0,true,terminal,other_after_002
599.2,H-1864,Harappa,Inter-Riverine,TAB:B,Faience,rectangular,None,None,Fair,Y,R/L,IT,+740-142-062-002-817+,740 142 062 002 817,true,3,062,142,817,<END>,<END>,0,true,terminal,other_after_002
604.1,H-2338,Harappa,Inter-Riverine,POT:T:g,Clay,-,None,None,Poor,N,R/L,??,]740-061-002-575-000[,740 061 002 575 000,false,2,061,740,575,000,<END>,1,false,one_token_continuation,other_after_002
617.1,-,Harappa,Inter-Riverine,POT:T:g,Clay,-,None,None,Poor,N,-,??,]740-000-000-002-575-000[,740 000 000 002 575 000,false,3,000,000,575,000,<END>,1,false,one_token_continuation,other_after_002
621.1,-,Harappa,Inter-Riverine,TAB:I,Steatite,rectangular,None,None,Good,Y,R/L,SS,+002-861-416+,002 861 416,true,0,<START>,<START>,861,416,<END>,1,false,one_token_continuation,other_after_002
623.1,H-1706,Harappa,Inter-Riverine,SEAL:R,Steatite,cuboid-convex,None,None,Good,Y,R/L,IM,+405-003-002-293-360+,405 003 002 293 360,true,2,003,405,293,360,<END>,1,false,one_token_continuation,other_after_002
626.1,H-1662,Harappa,Inter-Riverine,SEAL:S,Steatite,square,Bull1:W,H,Poor,Y,R/L,2L,+033-033/740-142-061-140-002-546+,033 033 740 142 061 140 002 546,false,6,140,061,546,<END>,<END>,0,true,terminal,other_after_002
634.1,H-1680,Harappa,Inter-Riverine,SEAL:S,Steatite,square,Bull1:W,SAN,Poor,Y,R/L,IM,+390-003-002-820+,390 003 002 820,true,2,003,390,820,<END>,<END>,0,true,terminal,other_after_002
665.2,H-2096,Harappa,Inter-Riverine,TAB:I,-,rectangular,None,None,Good,Y,R/L,SS,+002-861-416+,002 861 416,true,0,<START>,<START>,861,416,<END>,1,false,one_token_continuation,other_after_002
682.2,H-1146,Harappa,Inter-Riverine,TAB:B,-,circular,None,None,Fair,Y,R/L,IT,+526-554-002-820+,526 554 002 820,true,2,554,526,820,<END>,<END>,0,true,terminal,other_after_002
729.2,H-2010,Harappa,Inter-Riverine,TAB:B,Faience,oval,Bull1,None,Fair,Y,R/L,SP,+740-482-240-002-861+,740 482 240 002 861,true,3,240,482,861,<END>,<END>,0,true,terminal,other_after_002
731.1,H-1670,Harappa,Inter-Riverine,SEAL:S,Steatite,square,Bull1:J,HAF,Good,Y,R/L,LP,+740-760-033-033-240-002-824+,740 760 033 033 240 002 824,true,5,240,033,824,<END>,<END>,0,true,terminal,other_after_002
744.2,H-1993,Harappa,Inter-Riverine,TAB:B,Clay,rectangular,None,None,Poor,N,R/L,??,+740-000-220-004-002-390-095+,740 000 220 004 002 390 095,false,4,004,220,390,095,<END>,1,false,one_token_continuation,other_after_002
771.2,H-1930,Harappa,Inter-Riverine,TAB:B,Faience,prism,Gavi,None,Fair,Y,R/L,SP,+408-817-920-002-861+,408 817 920 002 861,true,3,920,817,861,<END>,<END>,0,true,terminal,other_after_002
789.1,H-1785,Harappa,Inter-Riverine,TAB:B,Faience,rectangular-rounded,Phyt,None,Poor,Y,R/L,IM,+407-004-002-861+,407 004 002 861,true,2,004,407,861,<END>,<END>,0,true,terminal,other_after_002
805.1,H-1788,Harappa,Inter-Riverine,TAB:B,Faience,rectangular,None,SAN,Poor,Y,R/L,SP,+154-806-470-002-861+,154 806 470 002 861,true,3,470,806,861,<END>,<END>,0,true,terminal,other_after_002
937.2,H-2011,Harappa,Inter-Riverine,TAB:B,Clay,elliptical,Bull1,None,Poor,Y,R/L,SP,+740-482-240-002-861+,740 482 240 002 861,true,3,240,482,861,<END>,<END>,0,true,terminal,other_after_002
943.1,H-1667,Harappa,Inter-Riverine,SEAL:S,Steatite,square,Bull1:W,SAN,Poor,Y,R/L,IT,+740-540-002-817+,740 540 002 817,true,2,540,740,817,<END>,<END>,0,true,terminal,other_after_002
951.1,-,Dholavira,Gujarat/Kutch,SEAL:S,Steatite,square,Bull1:U,SAN,Good,Y,R/L,IM,+390-004-002-817+,390 004 002 817,true,2,004,390,817,<END>,<END>,0,true,terminal,other_after_002
960.1,-,Harappa,Inter-Riverine,POT:T:g,Clay,-,None,None,Poor,Y,-,NU,+002-002+,002 002,true,0,<START>,<START>,002,<END>,<END>,0,true,terminal,other_after_002
989.1,-,Harappa,Inter-Riverine,POT:T:g,Clay,-,None,None,Poor,N,-,??,+002-000+,002 000,false,0,<START>,<START>,000,<END>,<END>,0,true,terminal,other_after_002
1004.1,H-1966,Harappa,Inter-Riverine,TAB:B,Clay,rectangular,Gaur,Trough,Good,Y,R/L,SP,+520-233-049-002-861+,520 233 049 002 861,true,3,049,233,861,<END>,<END>,0,true,terminal,other_after_002
1007.1,H-1726,Harappa,Inter-Riverine,POT:T:s,Clay,rectangular,None,None,Poor,Y,R/L,SP,+740-100-692-491-002-817+,740 100 692 491 002 817,true,4,491,692,817,<END>,<END>,0,true,terminal,other_after_002
1020.1,H-1657,Harappa,Inter-Riverine,SEAL:S,Steatite,square,Bull1:W,SAN,Good,Y,R/L,LP,+740-405-590-032-900-003-806-235-220-032-002-690-921+,740 405 590 032 900 003 806 235 220 032 002 690 921,true,10,032,220,690,921,<END>,1,false,one_token_continuation,after_032
1024.2,H-1851,Harappa,Inter-Riverine,TAB:B,Faience,rectangular,None,None,Good,Y,R/L,SP,+740-803-892-031-002-861+,740 803 892 031 002 861,true,4,031,892,861,<END>,<END>,0,true,terminal,other_after_002
1030.1,H-1739,Harappa,Inter-Riverine,POT:T:s,Clay,rectangular,None,None,Poor,?,R/L,UC,]034-002-817[,034 002 817,false,1,034,<START>,817,<END>,<END>,0,true,terminal,other_after_002
1047.1,-,Harappa,Inter-Riverine,POT:T:g,Clay,-,None,None,Poor,Y,-,NU,+002-003+,002 003,true,0,<START>,<START>,003,<END>,<END>,0,true,terminal,other_after_002
1060.1,H-1050,Harappa,Inter-Riverine,SEAL:S,Steatite,square,Bull1:W,SAN,Poor,Y,R/L,SP,+804-235-002-817+,804 235 002 817,true,2,235,804,817,<END>,<END>,0,true,terminal,other_after_002
1064.1,H-3,Harappa,Inter-Riverine,SEAL:S,Steatite,square,Bull1:W,SAN,Good,Y,R/L,IT,+740-585-017-002-611-615-703+,740 585 017 002 611 615 703,true,3,017,585,611,615,703,2,false,multi_token_continuation,other_after_002
1069.1,H-8,Harappa,Inter-Riverine,SEAL:S,Steatite,square,Bull1:W,SAN,Fair,Y,R/L,LP,+354-001-740-405-590-033-706-002-690-921+,354 001 740 405 590 033 706 002 690 921,true,7,706,033,690,921,<END>,1,false,one_token_continuation,other_after_002
1073.1,H-12,Harappa,Inter-Riverine,SEAL:S,Steatite,square,Bull1:W,SAF,Good,Y,R/L,LP,+740-690-435-255-803-220-240-235-002-817+,740 690 435 255 803 220 240 235 002 817,true,8,235,240,817,<END>,<END>,0,true,terminal,other_after_002
1074.1,H-13,Harappa,Inter-Riverine,SEAL:S,Steatite,square,Bull1:W,SAF,Good,Y,R/L,IT,+740-760-615-503-002-817+,740 760 615 503 002 817,true,4,503,615,817,<END>,<END>,0,true,terminal,other_after_002
1076.1,H-15,Harappa,Inter-Riverine,SEAL:S,Steatite,square,Bull1:W,SAN,Poor,N,R/L,??,]000-000-002-817+,000 000 002 817,false,2,000,000,817,<END>,<END>,0,true,terminal,other_after_002
1078.1,H-18,Harappa,Inter-Riverine,SEAL:S,Steatite,square,Bull1:W,-,Poor,N,R/L,??,]000-220-032-002-820+,000 220 032 002 820,false,3,032,220,820,<END>,<END>,0,true,terminal,after_032
1081.1,H-21,Harappa,Inter-Riverine,SEAL:S,Steatite,square,Bull1:W,S,Poor,Y,R/L,LP,+405-061-527-555-233-235-806-002-817+,405 061 527 555 233 235 806 002 817,true,7,806,235,817,<END>,<END>,0,true,terminal,other_after_002
1082.1,H-22,Harappa,Inter-Riverine,SEAL:S,Steatite,square,Bull1:W,SAN,Fine,Y,R/L,LP,+740-920-320-233-806-002-405-321+,740 920 320 233 806 002 405 321,true,5,806,233,405,321,<END>,1,false,one_token_continuation,other_after_002
1091.1,H-31,Harappa,Inter-Riverine,SEAL:S,Steatite,square,Bull1:W,SAN,Poor,N,R/L,??,+740-100-415-240-002-365-374-000+,740 100 415 240 002 365 374 000,false,4,240,415,365,374,000,2,false,multi_token_continuation,other_after_002
1100.1,H-41,Harappa,Inter-Riverine,SEAL:S,Steatite,square,Bull1:J,R,Poor,N,R/L,??,]000-002-690+,000 002 690,false,1,000,<START>,690,<END>,<END>,0,true,terminal,other_after_002
1101.1,H-42,Harappa,Inter-Riverine,SEAL:S,Steatite,square,Bull1:J,RAN,Poor,Y,R/L,SP,+740-380-235-002-817+,740 380 235 002 817,true,3,235,380,817,<END>,<END>,0,true,terminal,other_after_002
1103.1,H-44,Harappa,Inter-Riverine,SEAL:S,Steatite,square,Bull1:W,SAN,Good,Y,R/L,LP,+520-033-706-235-798-803-002-031-892+,520 033 706 235 798 803 002 031 892,true,6,803,798,031,892,<END>,1,false,one_token_continuation,other_after_002
1104.1,H-45,Harappa,Inter-Riverine,SEAL:S,Steatite,square,Bull1:W,-,Poor,Y,R/L,IT,+090-740-101-002-820+,090 740 101 002 820,true,3,101,740,820,<END>,<END>,0,true,terminal,other_after_002
1110.1,H-51,Harappa,Inter-Riverine,SEAL:S,Steatite,square,Bull1:W,HAF,Fair,Y,R/L,SP,+740-643-240-002-861+,740 643 240 002 861,true,3,240,643,861,<END>,<END>,0,true,terminal,other_after_002
1114.1,H-55,Harappa,Inter-Riverine,SEAL:S,Steatite,square,Bull1:X,SAF,Fair,Y,R/L,IM,+390-004-002-861-125+,390 004 002 861 125,true,2,004,390,861,125,<END>,1,false,one_token_continuation,other_after_002
1119.1,H-60,Harappa,Inter-Riverine,SEAL:S,-,square,Bull1:II,H,Poor,Y,R/L,2L,+621-740-900-003/002-820+,621 740 900 003 002 820,false,4,003,900,820,<END>,<END>,0,true,terminal,other_after_002
1127.1,H-68,Harappa,Inter-Riverine,SEAL:S,Steatite,square,Bull1:I,RAN,Fair,Y,R/L,LP,+090-740-220-003-002-390-072+,090 740 220 003 002 390 072,true,4,003,220,390,072,<END>,1,false,one_token_continuation,other_after_002
1132.1,H-74,Harappa,Inter-Riverine,SEAL:S,Steatite,square,Bull1:J,RAN,Fair,Y,R/L,SC,+002-610-125-032+,002 610 125 032,true,0,<START>,<START>,610,125,032,2,false,continues_with_later_032,other_after_002
1135.1,H-78,Harappa,Inter-Riverine,SEAL:S,Steatite,square,Gaur,Trough,Poor,N,R/L,??,]000-806-002-575-000+,000 806 002 575 000,false,2,806,000,575,000,<END>,1,false,one_token_continuation,other_after_002
1139.1,H-82,Harappa,Inter-Riverine,SEAL:S,Steatite,square,Gaur,Trough,Poor,Y,R/L,IM,+390-017-002-220-455-741+,390 017 002 220 455 741,true,2,017,390,220,455,741,2,false,multi_token_continuation,other_after_002
1141.1,H-85,Harappa,Inter-Riverine,SEAL:S,Steatite,square,Zebu,-,Poor,Y,R/L,SP,+520-219-002-817+,520 219 002 817,true,2,219,520,817,<END>,<END>,0,true,terminal,other_after_002
1148.1,H-92,Harappa,Inter-Riverine,SEAL:S,Steatite,square,Elep,None,Fair,Y,R/L,LP,+156-176-518-220-416-002-615+,156 176 518 220 416 002 615,true,5,416,220,615,<END>,<END>,0,true,terminal,other_after_002
1155.1,H-100,Harappa,Inter-Riverine,SEAL:S,Clay,square,None,None,Poor,N,R/L,??,+520-031-000-002-000+,520 031 000 002 000,false,3,000,031,000,<END>,<END>,0,true,terminal,other_after_002
1170.1,H-129,Harappa,Inter-Riverine,SEAL:R,Steatite,cuboid-convex,None,None,Good,Y,R/L,LP,+409-061-740-235-220-031-002-861-244-165+,409 061 740 235 220 031 002 861 244 165,true,6,031,220,861,244,165,2,false,multi_token_continuation,other_after_002
1171.1,H-130,Harappa,Inter-Riverine,SEAL:R,-,rectangular,None,None,Fair,Y,R/L,LP,+409-032-845-033-705-231-806-002-595-812-125-717+,409 032 845 033 705 231 806 002 595 812 125 717,true,7,806,231,595,812,125,3,false,multi_token_continuation,other_after_002
1172.1,H-131,Harappa,Inter-Riverine,SEAL:R,Steatite,cuboid-convex,None,None,Poor,N,R/L,??,+740-032-840-233-240-033-706-055-002-595-575-794-000+,740 032 840 233 240 033 706 055 002 595 575 794 000,false,8,055,706,595,575,794,3,false,multi_token_continuation,other_after_002
1175.1,H-134,Harappa,Inter-Riverine,SEAL:R,Steatite,cuboid-convex,None,None,Good,Y,R/L,LP,+740-405-590-220-003-002-861+,740 405 590 220 003 002 861,true,5,003,220,861,<END>,<END>,0,true,terminal,other_after_002
1176.1,H-135,Harappa,Inter-Riverine,SEAL:R,Steatite,cuboid-convex,None,None,Fine,Y,R/L,LP,+740-773-231-806-002-861+,740 773 231 806 002 861,true,4,806,231,861,<END>,<END>,0,true,terminal,other_after_002
1178.1,H-137,Harappa,Inter-Riverine,SEAL:R,-,rectangular,None,None,Good,Y,R/L,LP,+740-443-388-033-705-233-002-817+,740 443 388 033 705 233 002 817,true,6,233,705,817,<END>,<END>,0,true,terminal,other_after_002
1181.1,H-140,Harappa,Inter-Riverine,SEAL:R,Steatite,cuboid-convex,None,None,Fine,Y,R/L,IT,+740-384-032-002-817+,740 384 032 002 817,true,3,032,384,817,<END>,<END>,0,true,terminal,after_032
1182.1,H-141,Harappa,Inter-Riverine,SEAL:R,Steatite,cuboid-convex,None,None,Good,Y,R/L,LC,+405-032-900-003-070-002-233-235+,405 032 900 003 070 002 233 235,true,5,070,003,233,235,<END>,1,false,one_token_continuation,other_after_002
1190.1,H-149,Harappa,Inter-Riverine,SEAL:R,Steatite,cuboid-convex,None,None,Poor,Y,R/L,LP,+405-061-033-706-794-630-220-002-820+,405 061 033 706 794 630 220 002 820,true,7,220,630,820,<END>,<END>,0,true,terminal,other_after_002
1204.1,H-164,Harappa,Inter-Riverine,SEAL:R,Steatite,rectangular,None,None,Poor,Y,R/L,SP,+161-097-002-817+,161 097 002 817,true,2,097,161,817,<END>,<END>,0,true,terminal,other_after_002
1211.1,H-177,Harappa,Inter-Riverine,TAB:B,Faience,rectangular,Scene,None,Fair,Y,R/L,SP,+700-033-151-706-031-002-817+,700 033 151 706 031 002 817,true,5,031,706,817,<END>,<END>,0,true,terminal,other_after_002
1258.1,H-231,Harappa,Inter-Riverine,TAB:B,Faience,elliptical,None,None,Fair,Y,R/L,SP,+520-220-240-002-820+,520 220 240 002 820,true,3,240,220,820,<END>,<END>,0,true,terminal,other_after_002
1269.1,H-244,Harappa,Inter-Riverine,TAB:B,Faience,circular,None,SAN,Fair,Y,R/L,IM,+104-002-820+,104 002 820,true,1,104,<START>,820,<END>,<END>,0,true,terminal,other_after_002
1277.1,H-252,Harappa,Inter-Riverine,TAB:B,-,cylindrical,Bull1:I,None,Poor,Y,R/L,SP,+520-240-002-405-501+,520 240 002 405 501,true,2,240,520,405,501,<END>,1,false,one_token_continuation,other_after_002
1278.1,H-253,Harappa,Inter-Riverine,TAB:B,-,cylindrical,Bull1:I,None,Poor,Y,R/L,SP,+520-240-002-405-501+,520 240 002 405 501,true,2,240,520,405,501,<END>,1,false,one_token_continuation,other_after_002
1279.1,H-254,Harappa,Inter-Riverine,TAB:B,-,cylindrical,Bull1:I,None,Poor,Y,R/L,SP,+520-240-002-405-501+,520 240 002 405 501,true,2,240,520,405,501,<END>,1,false,one_token_continuation,other_after_002
1280.1,H-255,Harappa,Inter-Riverine,TAB:B,-,cylindrical,Bull1:I,None,Poor,Y,R/L,SP,+520-240-002-405-501+,520 240 002 405 501,true,2,240,520,405,501,<END>,1,false,one_token_continuation,other_after_002
1281.1,H-256,Harappa,Inter-Riverine,TAB:B,-,cylindrical,Bull1:I,None,Poor,Y,R/L,SP,+520-240-002-405-501+,520 240 002 405 501,true,2,240,520,405,501,<END>,1,false,one_token_continuation,other_after_002
1282.1,H-257,Harappa,Inter-Riverine,TAB:B,-,cylindrical,Bull1:I,None,Poor,Y,R/L,SP,+520-240-002-405-501+,520 240 002 405 501,true,2,240,520,405,501,<END>,1,false,one_token_continuation,other_after_002
1283.1,H-258,Harappa,Inter-Riverine,TAB:B,-,cylindrical,Bull1:I,None,Poor,Y,R/L,SP,+520-240-002-405-501+,520 240 002 405 501,true,2,240,520,405,501,<END>,1,false,one_token_continuation,other_after_002
1284.1,H-259,Harappa,Inter-Riverine,TAB:B,-,cylindrical,Bull1:I,None,Poor,Y,R/L,SP,+520-240-002-405-501+,520 240 002 405 501,true,2,240,520,405,501,<END>,1,false,one_token_continuation,other_after_002
1285.1,H-260,Harappa,Inter-Riverine,TAB:B,-,cylindrical,Bull1,None,Poor,Y,R/L,SP,+520-240-002-405-501+,520 240 002 405 501,true,2,240,520,405,501,<END>,1,false,one_token_continuation,other_after_002
1286.1,H-261,Harappa,Inter-Riverine,TAB:B,Clay,cylindrical,Bull1:I,None,Poor,Y,R/L,SP,+520-240-002-405-501+,520 240 002 405 501,true,2,240,520,405,501,<END>,1,false,one_token_continuation,other_after_002
1287.1,H-262,Harappa,Inter-Riverine,TAB:B,-,cylindrical,Bull1:I,None,Poor,Y,R/L,SP,+520-240-002-405-501+,520 240 002 405 501,true,2,240,520,405,501,<END>,1,false,one_token_continuation,other_after_002
1288.1,H-263,Harappa,Inter-Riverine,TAB:B,-,cylindrical,Bull1:I,None,Poor,Y,R/L,SP,+520-240-002-405-501+,520 240 002 405 501,true,2,240,520,405,501,<END>,1,false,one_token_continuation,other_after_002
1289.1,H-264,Harappa,Inter-Riverine,TAB:B,-,cylindrical,Bull1:I,None,Poor,Y,R/L,SP,+520-240-002-405-501+,520 240 002 405 501,true,2,240,520,405,501,<END>,1,false,one_token_continuation,other_after_002
1290.1,H-265,Harappa,Inter-Riverine,TAB:B,-,cylindrical,Bull1,None,Poor,Y,R/L,SP,+520-240-002-405-501+,520 240 002 405 501,true,2,240,520,405,501,<END>,1,false,one_token_continuation,other_after_002
1293.1,H-268,Harappa,Inter-Riverine,SEAL:S,Steatite,square,Bull1:W,SAN,Poor,Y,R/L,LP,+740-585-017-033-706-803-002-220-455-920+,740 585 017 033 706 803 002 220 455 920,true,6,803,706,220,455,920,2,false,multi_token_continuation,other_after_002
1296.1,H-272,Harappa,Inter-Riverine,SEAL:S,Steatite,square,Bull1,-,Poor,Y,R/L,LP,+740-585-017-240-002-305-032-904+,740 585 017 240 002 305 032 904,true,4,240,017,305,032,904,2,false,continues_with_later_032,other_after_002
1297.1,H-273,Harappa,Inter-Riverine,SEAL:S,Steatite,square,Bull1,-,Poor,N,R/L,??,]000-240-002-820+,000 240 002 820,false,2,240,000,820,<END>,<END>,0,true,terminal,other_after_002
1298.1,H-276,Harappa,Inter-Riverine,TAB:B,-,cylindrical,Bull1:I,None,Poor,Y,R/L,SP,+520-240-002-405-501+,520 240 002 405 501,true,2,240,520,405,501,<END>,1,false,one_token_continuation,other_after_002
1299.1,H-277,Harappa,Inter-Riverine,TAB:B,-,cylindrical,Bull1,None,Poor,Y,R/L,SP,+520-240-002-405-501+,520 240 002 405 501,true,2,240,520,405,501,<END>,1,false,one_token_continuation,other_after_002
1314.1,H-292,Harappa,Inter-Riverine,TAB:I,Steatite,rectangular,None,SAN,Poor,Y,R/L,SS,+002-817+,002 817,true,0,<START>,<START>,817,<END>,<END>,0,true,terminal,other_after_002
1315.1,H-293,Harappa,Inter-Riverine,TAB:I,Steatite,rectangular,None,SAN,Fair,Y,R/L,SS,+002-817+,002 817,true,0,<START>,<START>,817,<END>,<END>,0,true,terminal,other_after_002
1394.1,H-375,Harappa,Inter-Riverine,POT:T:g,-,-,None,None,Good,N,R/L,??,]000-220-002-000[,000 220 002 000,false,2,220,000,000,<END>,<END>,0,true,terminal,other_after_002
1398.1,H-383,Harappa,Inter-Riverine,SEAL:S,Steatite,square,Bull1:Q,SAN,Poor,N,R/L,??,+740-585-017-033-705-002-000+,740 585 017 033 705 002 000,false,5,705,033,000,<END>,<END>,0,true,terminal,other_after_002
1399.1,H-385,Harappa,Inter-Riverine,SEAL:S,Steatite,square,Bull1:W,SAF,Poor,N,R/L,??,+000-220-002-595-632-354-850+,000 220 002 595 632 354 850,false,2,220,000,595,632,354,3,false,multi_token_continuation,other_after_002
1401.1,H-388,Harappa,Inter-Riverine,SEAL:S,-,square,Bull1:W,SAF,Good,Y,R/L,LP,+520-033-706-231-806-002-817+,520 033 706 231 806 002 817,true,5,806,231,817,<END>,<END>,0,true,terminal,other_after_002
1402.1,H-389,Harappa,Inter-Riverine,SEAL:S,-,square,Bull1:W,SAN,Good,Y,R/L,LP,+740-405-590-235-002-031-480-625+,740 405 590 235 002 031 480 625,true,4,235,590,031,480,625,2,false,multi_token_continuation,other_after_002
1410.1,H-405,Harappa,Inter-Riverine,SEAL:S,-,square,Bull1:W,SAN,Poor,Y,R/L,SP,+236-806-002-863+,236 806 002 863,true,2,806,236,863,<END>,<END>,0,true,terminal,other_after_002
1412.1,H-407,Harappa,Inter-Riverine,SEAL:S,Steatite,square,Bull1:W,SAF,Fair,Y,R/L,IM,+390-003-002-817+,390 003 002 817,true,2,003,390,817,<END>,<END>,0,true,terminal,other_after_002
1413.1,H-408,Harappa,Inter-Riverine,SEAL:S,Steatite,square,Bull1:W,SAN,Fair,Y,R/L,SP,+740-176-240-002-702-503+,740 176 240 002 702 503,true,3,240,176,702,503,<END>,1,false,one_token_continuation,other_after_002
1414.1,H-410,Harappa,Inter-Riverine,SEAL:S,Steatite,square,Bull1:L,SAN,Good,Y,R/L,SC,+368-840-830-002-861+,368 840 830 002 861,true,3,830,840,861,<END>,<END>,0,true,terminal,other_after_002
1420.1,H-417,Harappa,Inter-Riverine,SEAL:S,Steatite,square,Bull1:W,-,Poor,N,R/L,??,+740-255-706-002-000[,740 255 706 002 000,false,3,706,255,000,<END>,<END>,0,true,terminal,other_after_002
1426.1,H-426,Harappa,Inter-Riverine,SEAL:S,Steatite,square,Bull1,-,Poor,N,R/L,??,]000-240-235-002-460-511+,000 240 235 002 460 511,false,3,235,240,460,511,<END>,1,false,one_token_continuation,other_after_002
1434.1,H-444,Harappa,Inter-Riverine,SEAL:S,-,square,Bull1:W,SAF,Good,Y,R/L,SP,+241-220-032-002-861+,241 220 032 002 861,true,3,032,220,861,<END>,<END>,0,true,terminal,after_032
1435.1,H-445,Harappa,Inter-Riverine,SEAL:S,-,square,Bull1:W,SAF,Poor,N,R/L,??,]235-803-002-000+,235 803 002 000,false,2,803,235,000,<END>,<END>,0,true,terminal,other_after_002
1436.1,H-446,Harappa,Inter-Riverine,SEAL:S,Steatite,square,Bull1:J,SAN,Fair,Y,R/L,SP,+740-585-798-002-861-216+,740 585 798 002 861 216,true,3,798,585,861,216,<END>,1,false,one_token_continuation,other_after_002
1445.1,H-455,Harappa,Inter-Riverine,SEAL:S,Steatite,square,Bull1:J,SAN,Poor,Y,R/L,IT,+520-033-705-002-172-032+,520 033 705 002 172 032,true,3,705,033,172,032,<END>,1,false,one_token_continuation,other_after_002
1446.1,H-456,Harappa,Inter-Riverine,SEAL:S,Steatite,square,Bull1:I,SAN,Fair,Y,R/L,IT,+520-033-706-002-817-808+,520 033 706 002 817 808,true,3,706,033,817,808,<END>,1,false,one_token_continuation,other_after_002
1447.1,H-457,Harappa,Inter-Riverine,SEAL:S,-,square,Bull1:J,SAF,Fair,Y,R/L,IT,+740-798-003-002-416+,740 798 003 002 416,true,3,003,798,416,<END>,<END>,0,true,terminal,other_after_002
1449.1,H-459,Harappa,Inter-Riverine,SEAL:S,Steatite,square,Bull1:T,SAN,Poor,Y,R/L,SP,+527-555-231-002-817+,527 555 231 002 817,true,3,231,555,817,<END>,<END>,0,true,terminal,other_after_002
1450.1,H-461,Harappa,Inter-Riverine,SEAL:S,Steatite,square,Bull1:S,SAF,Good,N,R/L,??,+090-740-384-002-452-000+,090 740 384 002 452 000,false,3,384,740,452,000,<END>,1,false,one_token_continuation,other_after_002
1452.1,H-464,Harappa,Inter-Riverine,SEAL:S,Steatite,square,Bull1:U,SAF,Poor,N,R/L,??,+000-176-002-798-590-032+,000 176 002 798 590 032,false,2,176,000,798,590,032,2,false,continues_with_later_032,other_after_002
1456.1,H-468,Harappa,Inter-Riverine,SEAL:S,Steatite,square,Bull1:J,HAF,Good,Y,R/L,LP,+740-900-003-002-940-705+,740 900 003 002 940 705,true,3,003,900,940,705,<END>,1,false,one_token_continuation,other_after_002
1463.1,H-476,Harappa,Inter-Riverine,SEAL:S,Steatite,square,Bull1:W,SAN,Poor,N,R/L,??,+740-100-717-002-000[,740 100 717 002 000,false,3,717,100,000,<END>,<END>,0,true,terminal,other_after_002
1466.1,H-478,Harappa,Inter-Riverine,SEAL:S,Steatite,square,Bull1:W,SAN,Fair,Y,R/L,SP,+740-770-235-002-817+,740 770 235 002 817,true,3,235,770,817,<END>,<END>,0,true,terminal,other_after_002
1468.1,H-480,Harappa,Inter-Riverine,SEAL:S,Steatite,square,Bull1,SAN,Poor,?,R/L,UC,]002-416+,002 416,false,0,<START>,<START>,416,<END>,<END>,0,true,terminal,other_after_002
1472.1,H-484,Harappa,Inter-Riverine,SEAL:S,Steatite,square,Bull1,-,Poor,?,R/L,UC,]233-002-817+,233 002 817,false,1,233,<START>,817,<END>,<END>,0,true,terminal,other_after_002
1474.1,H-486,Harappa,Inter-Riverine,SEAL:S,Steatite,square,Bull1,-,Poor,N,R/L,??,]002-000-861-031+,002 000 861 031,false,0,<START>,<START>,000,861,031,2,false,multi_token_continuation,other_after_002
1479.1,H-501,Harappa,Inter-Riverine,SEAL:S,Steatite,square,Bull1,SAN,Poor,Y,R/L,SP,+520-233-803-002-817+,520 233 803 002 817,true,3,803,233,817,<END>,<END>,0,true,terminal,other_after_002
1484.1,H-506,Harappa,Inter-Riverine,SEAL:S,Steatite,square,Bull1:I,SAN,Good,Y,R/L,LC,+294-350-595-820-002-820+,294 350 595 820 002 820,true,4,820,595,820,<END>,<END>,0,true,terminal,other_after_002
1485.1,H-507,Harappa,Inter-Riverine,SEAL:S,Steatite,square,Bull1,SAN,Poor,N,R/L,??,]000-032-002-820+,000 032 002 820,false,2,032,000,820,<END>,<END>,0,true,terminal,after_032
1491.1,H-514,Harappa,Inter-Riverine,SEAL:S,Steatite,square,Bull1:W,RAN,Fair,Y,R/L,SP,+151-220-016-002-820+,151 220 016 002 820,true,3,016,220,820,<END>,<END>,0,true,terminal,other_after_002
1515.1,H-561,Harappa,Inter-Riverine,SEAL:S,-,square,-,-,Poor,N,R/L,??,+226-002-000[,226 002 000,false,1,226,<START>,000,<END>,<END>,0,true,terminal,other_after_002
1517.1,H-563,Harappa,Inter-Riverine,SEAL,-,-,-,-,Poor,?,R/L,UC,+740-335-002-630[,740 335 002 630,false,2,335,740,630,<END>,<END>,0,true,terminal,other_after_002
1526.1,H-574,Harappa,Inter-Riverine,SEAL,Steatite,square,-,-,Poor,N,R/L,??,]000-803-002-820+,000 803 002 820,false,2,803,000,820,<END>,<END>,0,true,terminal,other_after_002
1537.1,H-593,Harappa,Inter-Riverine,SEAL:S,Steatite,square,-,-,Poor,N,R/L,??,+740-760-235-240-002-220-000[,740 760 235 240 002 220 000,false,4,240,235,220,000,<END>,1,false,one_token_continuation,other_after_002
1540.1,H-597,Harappa,Inter-Riverine,SEAL:S,Steatite,square,Bull1:J,SAN,Fair,Y,R/L,LP,+740-390-590-070-032-002-861+,740 390 590 070 032 002 861,true,5,032,070,861,<END>,<END>,0,true,terminal,after_032
1540.2,H-597,Harappa,Inter-Riverine,SEAL:S,Steatite,square,Bull1:J,SAN,Fair,Y,R/L,LP,+740-390-590-070-032-002-861+,740 390 590 070 032 002 861,true,5,032,070,861,<END>,<END>,0,true,terminal,after_032
1541.2,H-598,Harappa,Inter-Riverine,SEAL:S,-,square,Bull1:W,SAN,Good,Y,R/L,LP,+740-639-240-002-435-255-777+,740 639 240 002 435 255 777,true,3,240,639,435,255,777,2,false,multi_token_continuation,other_after_002
1543.1,H-600,Harappa,Inter-Riverine,SEAL:S,Steatite,square,Bull1:I,SAF,Poor,Y,R/L,SC,+002-368-260+,002 368 260,true,0,<START>,<START>,368,260,<END>,1,false,one_token_continuation,other_after_002
1549.1,H-609,Harappa,Inter-Riverine,SEAL:S,Steatite,square,Bull1:W,SAN,Poor,N,R/L,??,]798-233-231-002-817-000+,798 233 231 002 817 000,false,3,231,233,817,000,<END>,1,false,one_token_continuation,other_after_002
1551.1,H-611,Harappa,Inter-Riverine,SEAL:S,Steatite,square,None,None,Poor,Y,R/L,IT,+527-550-002-125-590+,527 550 002 125 590,true,2,550,527,125,590,<END>,1,false,one_token_continuation,other_after_002
1552.1,H-612,Harappa,Inter-Riverine,SEAL:S,Steatite,square,Bull1:L,SAN,Poor,Y,R/L,SP,+740-615-495-002-825+,740 615 495 002 825,true,3,495,615,825,<END>,<END>,0,true,terminal,other_after_002
1554.1,H-639,Harappa,Inter-Riverine,SEAL:R,-,cuboid-convex,None,None,Poor,N,R/L,??,+407-000-000-705-832-904-845-235-002-717-747+,407 000 000 705 832 904 845 235 002 717 747,false,8,235,845,717,747,<END>,1,false,one_token_continuation,other_after_002
1555.1,H-640,Harappa,Inter-Riverine,SEAL:R,-,cuboid-convex,None,None,Poor,?,R/L,UC,]220-032-002-817+,220 032 002 817,false,2,032,220,817,<END>,<END>,0,true,terminal,after_032
1564.1,H-649,Harappa,Inter-Riverine,SEAL:R,Steatite,cuboid-convex,None,None,Poor,Y,R/L,LP,+520-033-705-233-240-806-002-820+,520 033 705 233 240 806 002 820,true,6,806,240,820,<END>,<END>,0,true,terminal,other_after_002
1566.1,H-651,Harappa,Inter-Riverine,SEAL:R,Steatite,cuboid-convex,None,None,Poor,?,R/L,UC,]031-002-861+,031 002 861,false,1,031,<START>,861,<END>,<END>,0,true,terminal,other_after_002
1568.1,H-653,Harappa,Inter-Riverine,SEAL:R,Steatite,cuboid-convex,None,None,Poor,N,R/L,??,+000-000-000-000-002-820+,000 000 000 000 002 820,false,4,000,000,820,<END>,<END>,0,true,terminal,other_after_002
1573.1,H-658,Harappa,Inter-Riverine,SEAL:R,Steatite,cuboid-convex,None,None,Poor,?,R/L,UC,]900-002-817+,900 002 817,false,1,900,<START>,817,<END>,<END>,0,true,terminal,other_after_002
1594.1,H-688,Harappa,Inter-Riverine,SEAL,-,-,None,None,Poor,Y,R/L,SP,+520-233-002-861-831-165+,520 233 002 861 831 165,true,2,233,520,861,831,165,2,false,multi_token_continuation,other_after_002
1602.1,H-697,Harappa,Inter-Riverine,TAB:B,Clay,rectangular,Bull2,SAN,Fair,Y,R/L,SP,+740-904-240-002-817+,740 904 240 002 817,true,3,240,904,817,<END>,<END>,0,true,terminal,other_after_002
1606.1,H-701,Harappa,Inter-Riverine,TAB:B,-,rectangular,Goat,Plant,Poor,?,R/L,UC,]240-002-418+,240 002 418,false,1,240,<START>,418,<END>,<END>,0,true,terminal,other_after_002
1607.1,H-702,Harappa,Inter-Riverine,TAB:B,Faience,rectangular,Mult,None,Poor,Y,L/R,SC,+137-002-820+,137 002 820,true,1,137,<START>,820,<END>,<END>,0,true,terminal,other_after_002
1611.1,H-706,Harappa,Inter-Riverine,TAB:B,Faience,rectangular,Gavi,None,Poor,Y,R/L,VX,+700-033-137-002-820+,700 033 137 002 820,true,3,137,033,820,<END>,<END>,0,true,terminal,other_after_002
1622.1,H-719,Harappa,Inter-Riverine,TAB:B,Faience,rectangular,Phyt,None,Fair,Y,R/L,IM,+405-004-002-861+,405 004 002 861,true,2,004,405,861,<END>,<END>,0,true,terminal,other_after_002
1665.1,H-773,Harappa,Inter-Riverine,TAB:B,Faience,plano-convex,None,None,Fair,Y,R/L,IT,+740-798-803-002-390-530-741+,740 798 803 002 390 530 741,true,3,803,798,390,530,741,2,false,multi_token_continuation,other_after_002
1695.1,H-806,Harappa,Inter-Riverine,TAB:B,Clay,twisted rectangular-rounded,None,None,Fair,Y,R/L,SP,+740-482-240-002-861+,740 482 240 002 861,true,3,240,482,861,<END>,<END>,0,true,terminal,other_after_002
1696.1,H-807,Harappa,Inter-Riverine,TAB:B,-,twisted rectangular-rounded,None,None,Poor,Y,R/L,SP,+740-482-240-002-861+,740 482 240 002 861,true,3,240,482,861,<END>,<END>,0,true,terminal,other_after_002
1697.1,H-808,Harappa,Inter-Riverine,TAB:B,-,twisted rectangular-rounded,None,None,Poor,Y,R/L,SP,+740-482-240-002-861+,740 482 240 002 861,true,3,240,482,861,<END>,<END>,0,true,terminal,other_after_002
1700.1,H-811,Harappa,Inter-Riverine,TAB:B,Faience,twisted rectangular,None,None,Fair,Y,R/L,LP,+317-740-335-740-176-002-920-491+,317 740 335 740 176 002 920 491,true,5,176,740,920,491,<END>,1,false,one_token_continuation,other_after_002
1717.1,H-829,Harappa,Inter-Riverine,TAB:B,-,semi-circular,None,None,Fair,Y,L/R,IT,+139-002-820+,139 002 820,true,1,139,<START>,820,<END>,<END>,0,true,terminal,other_after_002
1719.1,H-833,Harappa,Inter-Riverine,TAB:B,Faience,circular,None,None,Good,Y,R/L,IT,+526-554-002-820+,526 554 002 820,true,2,554,526,820,<END>,<END>,0,true,terminal,other_after_002
1724.1,H-838,Harappa,Inter-Riverine,TAB:B,Faience,circular,None,None,Fair,Y,R/L,SP,+740-615-495-002-817+,740 615 495 002 817,true,3,495,615,817,<END>,<END>,0,true,terminal,other_after_002
1742.1,H-859,Harappa,Inter-Riverine,TAB:B,-,cylindrical,Bull1:I,None,Good,Y,R/L,SP,+520-240-002-405-501+,520 240 002 405 501,true,2,240,520,405,501,<END>,1,false,one_token_continuation,other_after_002
1743.1,H-860,Harappa,Inter-Riverine,TAB:B,-,cylindrical,Bull1:I,None,Good,Y,R/L,SP,+520-240-002-405-501+,520 240 002 405 501,true,2,240,520,405,501,<END>,1,false,one_token_continuation,other_after_002
1744.1,H-861,Harappa,Inter-Riverine,TAB:B,-,cylindrical,Bull1:I,None,Good,Y,R/L,SP,+520-240-002-405-501+,520 240 002 405 501,true,2,240,520,405,501,<END>,1,false,one_token_continuation,other_after_002
1745.1,H-862,Harappa,Inter-Riverine,TAB:B,-,cylindrical,Bull1:I,None,Good,Y,R/L,SP,+520-240-002-405-501+,520 240 002 405 501,true,2,240,520,405,501,<END>,1,false,one_token_continuation,other_after_002
1746.1,H-863,Harappa,Inter-Riverine,TAB:B,-,cylindrical,Bull1:I,None,Good,Y,R/L,SP,+520-240-002-405-501+,520 240 002 405 501,true,2,240,520,405,501,<END>,1,false,one_token_continuation,other_after_002
1747.1,H-864,Harappa,Inter-Riverine,TAB:B,-,cylindrical,Bull1:I,None,Good,Y,R/L,SP,+520-240-002-405-501+,520 240 002 405 501,true,2,240,520,405,501,<END>,1,false,one_token_continuation,other_after_002
1748.1,H-865,Harappa,Inter-Riverine,TAB:B,-,cylindrical,Bull1:I,None,Good,Y,R/L,SP,+520-240-002-405-501+,520 240 002 405 501,true,2,240,520,405,501,<END>,1,false,one_token_continuation,other_after_002
1749.1,H-866,Harappa,Inter-Riverine,TAB:B,-,cylindrical,Bull1:U,None,Good,Y,R/L,SP,+520-240-002-405-501+,520 240 002 405 501,true,2,240,520,405,501,<END>,1,false,one_token_continuation,other_after_002
1750.1,H-867,Harappa,Inter-Riverine,TAB:B,-,cylindrical,Bull1:U,None,Good,Y,R/L,SP,+520-240-002-405-501+,520 240 002 405 501,true,2,240,520,405,501,<END>,1,false,one_token_continuation,other_after_002
1751.1,H-868,Harappa,Inter-Riverine,TAB:B,-,cylindrical,Bull1:I,None,Good,Y,R/L,SP,+520-240-002-405-501+,520 240 002 405 501,true,2,240,520,405,501,<END>,1,false,one_token_continuation,other_after_002
1752.1,H-869,Harappa,Inter-Riverine,TAB:B,-,cylindrical,Bull1:I,None,Good,Y,R/L,SP,+520-240-002-405-501+,520 240 002 405 501,true,2,240,520,405,501,<END>,1,false,one_token_continuation,other_after_002
1753.1,H-870,Harappa,Inter-Riverine,TAB:B,-,cylindrical,Bull1:I,None,Good,Y,R/L,SP,+520-240-002-405-501+,520 240 002 405 501,true,2,240,520,405,501,<END>,1,false,one_token_continuation,other_after_002
1769.1,H-887,Harappa,Inter-Riverine,TAB:I,-,rectangular,None,SAN,Good,Y,R/L,SS,+002-817+,002 817,true,0,<START>,<START>,817,<END>,<END>,0,true,terminal,other_after_002
1791.1,H-909,Harappa,Inter-Riverine,TAB:I,-,rectangular,None,None,Poor,N,R/L,??,+002-820-000[,002 820 000,false,0,<START>,<START>,820,000,<END>,1,false,one_token_continuation,other_after_002
1792.1,H-910,Harappa,Inter-Riverine,TAB:I,Steatite,rectangular,None,None,Poor,Y,R/L,SS,+002-861-416+,002 861 416,true,0,<START>,<START>,861,416,<END>,1,false,one_token_continuation,other_after_002
1875.1,Jk-2,Jhukar,Lower Indus,SEAL:S,-,square,Bull1:J,SAN,Fair,Y,R/L,SP,+740-803-233-002-817+,740 803 233 002 817,true,3,233,803,817,<END>,<END>,0,true,terminal,other_after_002
1878.1,K-2,Kalibangan,Inter-Riverine,SEAL:S,Steatite,square,Bull1:W,RBF,Fair,N,R/L,??,+740-585-017-002-000+,740 585 017 002 000,false,3,017,585,000,<END>,<END>,0,true,terminal,other_after_002
1879.1,K-4,Kalibangan,Inter-Riverine,SEAL:S,Steatite,square,Bull1:W,SAF,Fine,Y,R/L,LP,+036-269-140-002-741-060-920+,036 269 140 002 741 060 920,true,3,140,269,741,060,920,2,false,multi_token_continuation,other_after_002
1885.1,K-10,Kalibangan,Inter-Riverine,SEAL:S,Steatite,square,Bull1:I,RAN,Fine,Y,R/L,LP,+740-690-435-255-002-368-861-590-032-368+,740 690 435 255 002 368 861 590 032 368,true,4,255,435,368,861,590,4,false,continues_with_later_032,other_after_002
1887.1,K-12,Kalibangan,Inter-Riverine,SEAL:S,Steatite,square,Bull1:I,RAN,Poor,N,R/L,??,+000-003-002-820+,000 003 002 820,false,2,003,000,820,<END>,<END>,0,true,terminal,other_after_002
1893.1,K-18,Kalibangan,Inter-Riverine,SEAL:S,Steatite,square,Bull1:X,RAF,Fair,Y,-,SC,+307-002-762-463-140+,307 002 762 463 140,true,1,307,<START>,762,463,140,2,false,multi_token_continuation,other_after_002
1897.1,K-23,Kalibangan,Inter-Riverine,SEAL:S,Steatite,square,Bull1:I,RAN,Good,Y,R/L,IT,+740-441-002-820-033+,740 441 002 820 033,true,2,441,740,820,033,<END>,1,false,one_token_continuation,other_after_002
1898.1,K-24,Kalibangan,Inter-Riverine,SEAL:S,Steatite,square,Bull1,R,Poor,Y,R/L,IT,+740-760-093-002-252-575+,740 760 093 002 252 575,true,3,093,760,252,575,<END>,1,false,one_token_continuation,other_after_002
1899.1,K-25,Kalibangan,Inter-Riverine,SEAL:S,Steatite,square,Bull1,-,Poor,Y,R/L,LC,+520-231-002-220-065-132-082+,520 231 002 220 065 132 082,true,2,231,520,220,065,132,3,false,multi_token_continuation,other_after_002
1901.1,K-27,Kalibangan,Inter-Riverine,SEAL:S,Steatite,square,Bull2,None,Fine,Y,R/L,SS,+002-817+,002 817,true,0,<START>,<START>,817,<END>,<END>,0,true,terminal,other_after_002
1902.1,K-28,Kalibangan,Inter-Riverine,SEAL:S,Steatite,square,Gaur,None,Good,Y,R/L,LC,+440-411-740-335-002-285-491+,440 411 740 335 002 285 491,true,4,335,740,285,491,<END>,1,false,one_token_continuation,other_after_002
1906.1,K-33,Kalibangan,Inter-Riverine,SEAL:S,Steatite,square,Buff,Trough,Fine,Y,R/L,IT,+226-002-861+,226 002 861,true,1,226,<START>,861,<END>,<END>,0,true,terminal,other_after_002
1908.1,K-40,Kalibangan,Inter-Riverine,SEAL:S,Steatite,square,Elep,None,Fine,Y,R/L,LC,+760-031-002-861-791-440-717+,760 031 002 861 791 440 717,true,2,031,760,861,791,440,3,false,multi_token_continuation,other_after_002
1910.1,K-44,Kalibangan,Inter-Riverine,SEAL:S,Steatite,square,-,-,Poor,N,R/L,??,+740-337-176-002-000-000[,740 337 176 002 000 000,false,3,176,337,000,000,<END>,1,false,one_token_continuation,other_after_002
1917.1,K-54,Kalibangan,Inter-Riverine,SEAL:S,Terracotta,square,None,None,Fair,N,L/R,??,+000-002-870+,000 002 870,false,1,000,<START>,870,<END>,<END>,0,true,terminal,other_after_002
1927.1,K-69,Kalibangan,Inter-Riverine,TAG,Terracotta,rectangular,Bull1,-,Good,Y,R/L,LC,+892-890-417-002-056-091+,892 890 417 002 056 091,true,3,417,890,056,091,<END>,1,false,one_token_continuation,other_after_002
1928.1,K-70,Kalibangan,Inter-Riverine,TAG,Terracotta,rectangular,Bull1,-,Fair,Y,R/L,LC,+892-890-417-002-056-091+,892 890 417 002 056 091,true,3,417,890,056,091,<END>,1,false,one_token_continuation,other_after_002
1929.1,K-71,Kalibangan,Inter-Riverine,TAG,Terracotta,-,None,None,Good,Y,R/L,LC,+892-890-417-002-056-091+,892 890 417 002 056 091,true,3,417,890,056,091,<END>,1,false,one_token_continuation,other_after_002
1930.1,K-72,Kalibangan,Inter-Riverine,TAG,Terracotta,rectangular,Bull1,-,Good,Y,R/L,LC,+892-890-417-002-056-091+,892 890 417 002 056 091,true,3,417,890,056,091,<END>,1,false,one_token_continuation,other_after_002
1931.1,K-73,Kalibangan,Inter-Riverine,TAG,Terracotta,rectangular,Bull1,-,Poor,Y,R/L,LC,+892-890-417-002-056-091+,892 890 417 002 056 091,true,3,417,890,056,091,<END>,1,false,one_token_continuation,other_after_002
1932.1,K-74,Kalibangan,Inter-Riverine,TAG,Terracotta,rectangular,Bull1,-,Fair,Y,R/L,LC,+892-890-417-002-056-091+,892 890 417 002 056 091,true,3,417,890,056,091,<END>,1,false,one_token_continuation,other_after_002
1933.1,K-75,Kalibangan,Inter-Riverine,TAG,Terracotta,rectangular,Bull1,-,Good,Y,R/L,LC,+892-890-417-002-056-091+,892 890 417 002 056 091,true,3,417,890,056,091,<END>,1,false,one_token_continuation,other_after_002
1935.1,K-78,Kalibangan,Inter-Riverine,TAB:B,Terracotta,rectangular-round,Gavi,None,Good,Y,R/L,IT,+740-817-390-002-820+,740 817 390 002 820,true,3,390,817,820,<END>,<END>,0,true,terminal,other_after_002
1938.1,K-82,Kalibangan,Inter-Riverine,TAG:L,-,-,Bull1,-,Fair,Y,R/L,IM,+390-003-002-861+,390 003 002 861,true,2,003,390,861,<END>,<END>,0,true,terminal,other_after_002
1940.1,K-85,Kalibangan,Inter-Riverine,TAG:L,-,-,Elep,None,Fair,Y,R/L,IT,+520-033-002-861+,520 033 002 861,true,2,033,520,861,<END>,<END>,0,true,terminal,other_after_002
1942.2,K-87,Kalibangan,Inter-Riverine,TAG:L,-,-,Mult,-,Poor,N,R/L,??,+740-000-000-002-861[,740 000 000 002 861,false,3,000,000,861,<END>,<END>,0,true,terminal,other_after_002
1943.1,K-88,Kalibangan,Inter-Riverine,TAG:L,-,-,Bull1,?,Poor,N,R/L,??,+740-000-460-002-861+,740 000 460 002 861,false,3,460,000,861,<END>,<END>,0,true,terminal,other_after_002
1944.1,K-89,Kalibangan,Inter-Riverine,TAG:L,-,-,Bull1,SAN,Fair,Y,R/L,IT,+090-740-362-002-360-832+,090 740 362 002 360 832,true,3,362,740,360,832,<END>,1,false,one_token_continuation,other_after_002
1944.2,K-89,Kalibangan,Inter-Riverine,TAG:L,-,-,Bull1,SAN,Fair,N,R/L,??,+000-033-705-000-002-000+,000 033 705 000 002 000,false,4,000,705,000,<END>,<END>,0,true,terminal,other_after_002
1944.3,K-89,Kalibangan,Inter-Riverine,TAG:L,-,-,Bull1,SAN,Fair,N,R/L,??,+001-350-002-595-390-000+,001 350 002 595 390 000,false,2,350,001,595,390,000,2,false,multi_token_continuation,other_after_002
1979.1,Kd-15,Kot-Diji,Lower Indus,POT:T:g,Clay,-,None,None,Poor,?,-,UC,]002-700+,002 700,false,0,<START>,<START>,700,<END>,<END>,0,true,terminal,other_after_002
1981.1,Lh-1,Lohumjo-daro,Lower Indus,SEAL:S,-,square,Bull1:S,SAN,Fair,Y,R/L,LP,+740-760-615-104-717-235-002-392-590-125+,740 760 615 104 717 235 002 392 590 125,true,6,235,717,392,590,125,2,false,multi_token_continuation,other_after_002
1984.1,L-1,Lothal,Gujarat/Kutch,SEAL:S,Steatite,square,Bull1:W,SAF,Fine,Y,R/L,SP,+527-550-233-002-812-095+,527 550 233 002 812 095,true,3,233,550,812,095,<END>,1,false,one_token_continuation,other_after_002
1986.1,L-4,Lothal,Gujarat/Kutch,SEAL:S,Steatite,square,Bull1,SAN,Poor,Y,R/L,LP,+090-740-100-233-002-575-031+,090 740 100 233 002 575 031,true,4,233,100,575,031,<END>,1,false,one_token_continuation,other_after_002
1987.1,L-5,Lothal,Gujarat/Kutch,SEAL:S,Steatite,square,Bull1:J,RAF,Poor,N,R/L,??,+740-760-552/000-002-455-692-416+,740 760 552 000 002 455 692 416,false,4,000,552,455,692,416,2,false,multi_token_continuation,other_after_002
1989.1,L-10,Lothal,Gujarat/Kutch,SEAL:S,Steatite,square,Bull1:L,SAN,Fair,N,R/L,??,+520-033-705-233-240-460-491-002-000+,520 033 705 233 240 460 491 002 000,false,7,491,460,000,<END>,<END>,0,true,terminal,other_after_002
1990.1,L-11,Lothal,Gujarat/Kutch,SEAL:S,Steatite,square,Bull1:L,SAN,Good,Y,R/L,LC,+590-705-435-255-778-002-817+,590 705 435 255 778 002 817,true,5,778,255,817,<END>,<END>,0,true,terminal,other_after_002
1991.1,L-12,Lothal,Gujarat/Kutch,SEAL:S,Steatite,square,Bull1:L,SAN,Poor,N,R/L,??,+000-798-000-354-002-130-035[,000 798 000 354 002 130 035,false,4,354,000,130,035,<END>,1,false,one_token_continuation,other_after_002
1993.1,L-15,Lothal,Gujarat/Kutch,SEAL:S,Clay,square,None,None,Poor,N,-,??,+000-000-000-000/032-832-032-002-415+,000 000 000 000 032 832 032 002 415,false,7,032,832,415,<END>,<END>,0,true,terminal,after_032
1996.1,L-18,Lothal,Gujarat/Kutch,SEAL:S,Steatite,square,Bull1:S,SAN,Good,Y,R/L,IM,+415-031-002-820+,415 031 002 820,true,2,031,415,820,<END>,<END>,0,true,terminal,other_after_002
2002.1,L-25,Lothal,Gujarat/Kutch,SEAL:S,Steatite,square,Bull1,-,Poor,N,R/L,??,+740-016-002-000[,740 016 002 000,false,2,016,740,000,<END>,<END>,0,true,terminal,other_after_002
2012.1,L-39,Lothal,Gujarat/Kutch,SEAL:S,Steatite,square,Bull1,SAN,Fair,Y,R/L,SC,+520-315-002-861-626+,520 315 002 861 626,true,2,315,520,861,626,<END>,1,false,one_token_continuation,other_after_002
2013.1,L-41,Lothal,Gujarat/Kutch,SEAL:S,Clay,square,Bull,-,Poor,Y,R/L,SP,+090-740-233-002-817+,090 740 233 002 817,true,3,233,740,817,<END>,<END>,0,true,terminal,other_after_002
2017.1,L-46,Lothal,Gujarat/Kutch,SEAL:S,Steatite,square,Gaur,Trough,Poor,Y,R/L,LC,+527-388-233-740-176-002-861-392+,527 388 233 740 176 002 861 392,true,5,176,740,861,392,<END>,1,false,one_token_continuation,other_after_002
2018.1,L-47,Lothal,Gujarat/Kutch,SEAL:S,Steatite,square,Bull1,-,Poor,Y,R/L,SC,+409-190-002-798-055+,409 190 002 798 055,true,2,190,409,798,055,<END>,1,false,one_token_continuation,other_after_002
2024.1,L-57,Lothal,Gujarat/Kutch,SEAL:S,-,square,-,-,Fair,Y,L/R,SC,+832-002-861+,832 002 861,true,1,832,<START>,861,<END>,<END>,0,true,terminal,other_after_002
2028.1,L-62,Lothal,Gujarat/Kutch,SEAL,Steatite,-,None,None,Poor,?,R/L,UC,]003-002-861[,003 002 861,false,1,003,<START>,861,<END>,<END>,0,true,terminal,other_after_002
2031.1,L-65,Lothal,Gujarat/Kutch,SEAL:S,Steatite,square,Bull1:W,SAF,Poor,?,R/L,UC,]240-002-861+,240 002 861,false,1,240,<START>,861,<END>,<END>,0,true,terminal,other_after_002
2036.1,L-82,Lothal,Gujarat/Kutch,SEAL:R,Steatite,cuboid-convex,None,None,Poor,Y,R/L,SC,+806-231-002-221+,806 231 002 221,true,2,231,806,221,<END>,<END>,0,true,terminal,other_after_002
2037.1,L-83,Lothal,Gujarat/Kutch,SEAL:L,Agate,oval,None,None,Poor,Y,R/L,SP,+740-806-240-002-820+,740 806 240 002 820,true,3,240,806,820,<END>,<END>,0,true,terminal,other_after_002
2038.1,L-84,Lothal,Gujarat/Kutch,SEAL:R,-,cuboid-convex,-,-,Fair,Y,R/L,SC,+048-002-817+,048 002 817,true,1,048,<START>,817,<END>,<END>,0,true,terminal,other_after_002
2043.1,L-89,Lothal,Gujarat/Kutch,SEAL:R,Steatite,cuboid-convex,None,None,Good,Y,R/L,SP,+527-555-235-002-861+,527 555 235 002 861,true,3,235,555,861,<END>,<END>,0,true,terminal,other_after_002
2045.1,L-91,Lothal,Gujarat/Kutch,SEAL:R,-,cuboid-convex,-,-,Poor,Y,-,IM,+416-002-824+,416 002 824,true,1,416,<START>,824,<END>,<END>,0,true,terminal,other_after_002
2046.1,L-92,Lothal,Gujarat/Kutch,SEAL:R,Steatite,cuboid-convex,None,None,Poor,Y,R/L,IT,+520-070-255-832-002-817+,520 070 255 832 002 817,true,4,832,255,817,<END>,<END>,0,true,terminal,other_after_002
2049.1,L-95,Lothal,Gujarat/Kutch,SEAL:R,Clay,rectangular,None,None,Poor,N,L/R,??,+740-000-175-002-880+,740 000 175 002 880,false,3,175,000,880,<END>,<END>,0,true,terminal,other_after_002
2061.1,L-112,Lothal,Gujarat/Kutch,SEAL:R,Clay,rectangular,None,None,Poor,Y,R/L,IT,+740-760-605-002-540-590+,740 760 605 002 540 590,true,3,605,760,540,590,<END>,1,false,one_token_continuation,other_after_002
2073.1,L-130,Lothal,Gujarat/Kutch,TAG,Clay,-,Bull1,-,Fair,Y,R/L,IT,+236-002-861+,236 002 861,true,1,236,<START>,861,<END>,<END>,0,true,terminal,other_after_002
2074.1,L-131,Lothal,Gujarat/Kutch,TAG,Clay,-,-,-,Poor,Y,R/L,IT,+236-002-861+,236 002 861,true,1,236,<START>,861,<END>,<END>,0,true,terminal,other_after_002
2076.1,L-133,Lothal,Gujarat/Kutch,TAG,Clay,-,Bull1,-,Poor,?,R/L,UC,]002-861+,002 861,false,0,<START>,<START>,861,<END>,<END>,0,true,terminal,other_after_002
2077.1,L-134,Lothal,Gujarat/Kutch,TAG,Clay,-,-,-,Poor,Y,R/L,IT,+520-233-220-240-002-617+,520 233 220 240 002 617,true,4,240,220,617,<END>,<END>,0,true,terminal,other_after_002
2078.1,L-136,Lothal,Gujarat/Kutch,TAG,Clay,-,Bull1,SAN,Poor,?,R/L,UC,]002-617+,002 617,false,0,<START>,<START>,617,<END>,<END>,0,true,terminal,other_after_002
2079.1,L-137,Lothal,Gujarat/Kutch,TAG,Clay,-,Bull1,-,Poor,N,R/L,??,]000-000-002-820+,000 000 002 820,false,2,000,000,820,<END>,<END>,0,true,terminal,other_after_002
2080.1,L-138,Lothal,Gujarat/Kutch,TAG:L,Clay,-,-,-,Poor,N,-,??,+520-070-002-000[,520 070 002 000,false,2,070,520,000,<END>,<END>,0,true,terminal,other_after_002
2081.1,L-139,Lothal,Gujarat/Kutch,TAG,Clay,-,-,-,Poor,?,R/L,UC,]390-590-032-002-880[,390 590 032 002 880,false,3,032,590,880,<END>,<END>,0,true,terminal,after_032
2087.1,L-145,Lothal,Gujarat/Kutch,TAG,-,-,Bull1,-,Poor,Y,R/L,IM,+390-415-002-550+,390 415 002 550,true,2,415,390,550,<END>,<END>,0,true,terminal,other_after_002
2093.1,L-161,Lothal,Gujarat/Kutch,TAG:B,Clay,square,Elep,None,Fair,Y,R/L,IT,+740-048-002-817+,740 048 002 817,true,2,048,740,817,<END>,<END>,0,true,terminal,other_after_002
2094.1,L-162,Lothal,Gujarat/Kutch,TAG:B,Clay,-,Elep,None,Fair,Y,R/L,IT,+740-048-002-817+,740 048 002 817,true,2,048,740,817,<END>,<END>,0,true,terminal,other_after_002
2095.1,L-163,Lothal,Gujarat/Kutch,TAG:B,Clay,-,Elep,None,Poor,Y,R/L,IT,+740-048-002-817+,740 048 002 817,true,2,048,740,817,<END>,<END>,0,true,terminal,other_after_002
2096.1,L-164,Lothal,Gujarat/Kutch,TAG:B,Clay,square,Elep,None,Poor,Y,R/L,IT,+740-048-002-817+,740 048 002 817,true,2,048,740,817,<END>,<END>,0,true,terminal,other_after_002
2097.1,L-165,Lothal,Gujarat/Kutch,TAG:B,Clay,square,Elep,None,Poor,Y,R/L,IT,+740-048-002-817+,740 048 002 817,true,2,048,740,817,<END>,<END>,0,true,terminal,other_after_002
2098.1,L-166,Lothal,Gujarat/Kutch,TAG:B,-,square,Elep,None,Poor,Y,R/L,IT,+740-048-002-817+,740 048 002 817,true,2,048,740,817,<END>,<END>,0,true,terminal,other_after_002
2099.1,L-167,Lothal,Gujarat/Kutch,TAG:B,Clay,-,Elep,None,Poor,Y,R/L,IT,+740-048-002-817+,740 048 002 817,true,2,048,740,817,<END>,<END>,0,true,terminal,other_after_002
2100.1,L-168,Lothal,Gujarat/Kutch,TAG:B,Clay,square,Elep,None,Poor,Y,R/L,IT,+740-048-002-817+,740 048 002 817,true,2,048,740,817,<END>,<END>,0,true,terminal,other_after_002
2101.1,L-169,Lothal,Gujarat/Kutch,TAG:B,Clay,square,Elep,None,Poor,Y,R/L,IT,+740-048-002-817+,740 048 002 817,true,2,048,740,817,<END>,<END>,0,true,terminal,other_after_002
2102.1,L-170,Lothal,Gujarat/Kutch,TAG:B,Clay,-,Elep,None,Poor,Y,R/L,IT,+740-048-002-817+,740 048 002 817,true,2,048,740,817,<END>,<END>,0,true,terminal,other_after_002
2112.2,L-190,Lothal,Gujarat/Kutch,TAG,Clay,-,-,-,Poor,N,R/L,??,+000-000-000-002-920-317[,000 000 000 002 920 317,false,3,000,000,920,317,<END>,1,false,one_token_continuation,other_after_002
2113.2,L-191,Lothal,Gujarat/Kutch,TAG,Clay,-,-,-,Poor,?,R/L,UC,]235-002-861+,235 002 861,false,1,235,<START>,861,<END>,<END>,0,true,terminal,other_after_002
2116.1,L-196,Lothal,Gujarat/Kutch,TAG,Clay,-,-,-,Poor,N,R/L,??,]390-590-032-002-000[,390 590 032 002 000,false,3,032,590,000,<END>,<END>,0,true,terminal,after_032
2116.2,L-196,Lothal,Gujarat/Kutch,TAG,Clay,-,-,-,Poor,?,R/L,UC,]002-861+,002 861,false,0,<START>,<START>,861,<END>,<END>,0,true,terminal,other_after_002
2118.2,L-198,Lothal,Gujarat/Kutch,TAG,Clay,-,-,-,Poor,N,R/L,??,+740-390-590-032-002-000[,740 390 590 032 002 000,false,4,032,590,000,<END>,<END>,0,true,terminal,after_032
2119.1,L-199,Lothal,Gujarat/Kutch,TAG,-,-,-,-,Poor,N,-,??,]000-220-240-002-000[,000 220 240 002 000,false,3,240,220,000,<END>,<END>,0,true,terminal,other_after_002
2122.2,L-202,Lothal,Gujarat/Kutch,TAG,Clay,-,-,-,Poor,?,R/L,UC,]236-002-861+,236 002 861,false,1,236,<START>,861,<END>,<END>,0,true,terminal,other_after_002
2124.2,L-205,Lothal,Gujarat/Kutch,TAG,Clay,-,None,None,Poor,N,R/L,??,+740-798-803-002-000[,740 798 803 002 000,false,3,803,798,000,<END>,<END>,0,true,terminal,other_after_002
2126.1,L-207,Lothal,Gujarat/Kutch,TAG,Clay,square,Bull1,-,Poor,Y,R/L,IT,+740-482-002-820+,740 482 002 820,true,2,482,740,820,<END>,<END>,0,true,terminal,other_after_002
2127.1,L-208,Lothal,Gujarat/Kutch,TAG,Clay,-,-,-,Poor,N,R/L,??,]000-002-000[,000 002 000,false,1,000,<START>,000,<END>,<END>,0,true,terminal,other_after_002
2127.2,L-208,Lothal,Gujarat/Kutch,TAG,Clay,-,-,-,Poor,?,R/L,UC,]234-220-002-820[,234 220 002 820,false,2,220,234,820,<END>,<END>,0,true,terminal,other_after_002
2129.2,L-211,Lothal,Gujarat/Kutch,TAG,Clay,-,Bull,-,Poor,N,R/L,??,+740-388-233-220-002-000[,740 388 233 220 002 000,false,4,220,233,000,<END>,<END>,0,true,terminal,other_after_002
2131.1,L-213,Lothal,Gujarat/Kutch,TAG,Clay,-,-,-,Poor,?,-,UC,]220-002-368-840-900+,220 002 368 840 900,false,1,220,<START>,368,840,900,2,false,multi_token_continuation,other_after_002
2142.1,L-226,Lothal,Gujarat/Kutch,POT:T:g,-,-,-,-,Poor,N,R/L,??,]000-495-002-861+,000 495 002 861,false,2,495,000,861,<END>,<END>,0,true,terminal,other_after_002
2165.2,M-2060,Mohenjo-daro,Lower Indus,POT:T:g,Clay,-,None,None,Good,Y,L/R,IT,+740-176-002-861+,740 176 002 861,true,2,176,740,861,<END>,<END>,0,true,terminal,other_after_002
2178.1,M-1696,Mohenjo-daro,Lower Indus,SEAL:S,Steatite,square,Bull1:II,SAN,Fair,Y,R/L,LP,+520-033-705-220-415-002-861+,520 033 705 220 415 002 861,true,5,415,220,861,<END>,<END>,0,true,terminal,other_after_002
2179.1,M-1880,Mohenjo-daro,Lower Indus,SEAL:S,Steatite,square,Gaur,Trough,Poor,Y,R/L,IT,+151-176-002-861+,151 176 002 861,true,2,176,151,861,<END>,<END>,0,true,terminal,other_after_002
2188.1,M-1850,Mohenjo-daro,Lower Indus,SEAL:S,Steatite,square,Bull1:S,None,Poor,Y,R/L,IM,+506-002-817+,506 002 817,true,1,506,<START>,817,<END>,<END>,0,true,terminal,other_after_002
2193.1,M-1766,Mohenjo-daro,Lower Indus,SEAL:S,Steatite,square,Bull1:W,SAF,Poor,Y,R/L,LP,+740-032-845-240-002-269-892-810-033+,740 032 845 240 002 269 892 810 033,true,4,240,845,269,892,810,3,false,multi_token_continuation,other_after_002
2198.1,M-1895,Mohenjo-daro,Lower Indus,SEAL:S,Steatite,square,Zebu,-,Poor,N,R/L,??,+740-923-000-002-285+,740 923 000 002 285,false,3,000,923,285,<END>,<END>,0,true,terminal,other_after_002
2202.1,M-2005,Mohenjo-daro,Lower Indus,POT:T:g,Clay,-,None,None,Poor,N,R/L,??,+808-033-002-000-031+,808 033 002 000 031,false,2,033,808,000,031,<END>,1,false,one_token_continuation,other_after_002
2204.1,M-1976,Mohenjo-daro,Lower Indus,SEAL:R,Steatite,rectangular,None,None,Fair,Y,R/L,IT,+617-142-002-817+,617 142 002 817,true,2,142,617,817,<END>,<END>,0,true,terminal,other_after_002
2208.1,M-2090,Mohenjo-daro,Lower Indus,ROD,Ivory,-,Bult,None,Poor,?,L/R,UC,+002-861-096[,002 861 096,false,0,<START>,<START>,861,096,<END>,1,false,one_token_continuation,other_after_002
2213.1,M-235,Mohenjo-daro,Lower Indus,SEAL:S,Steatite,square,Gaur,Trough,Fair,Y,R/L,2L,+368-001-550/740-543-350-002-820+,368 001 550 740 543 350 002 820,false,6,350,543,820,<END>,<END>,0,true,terminal,other_after_002
2220.1,M-1675,Mohenjo-daro,Lower Indus,SEAL:S,Steatite,square,Bull1:W,RBF,Good,Y,R/L,IT,+621-390-844-002-820+,621 390 844 002 820,true,3,844,390,820,<END>,<END>,0,true,terminal,other_after_002
2224.1,M-1676,Mohenjo-daro,Lower Indus,SEAL:S,Steatite,square,Bull1:S,-,Poor,Y,R/L,LP,+740-760-070-255-832-240-002-595-504-803+,740 760 070 255 832 240 002 595 504 803,true,6,240,832,595,504,803,2,false,multi_token_continuation,other_after_002
2226.1,M-1692,Mohenjo-daro,Lower Indus,SEAL:S,Steatite,square,Bull1:L,SAN,Good,Y,R/L,LC,+390-600-617-002-190-125-632-032+,390 600 617 002 190 125 632 032,true,3,617,600,190,125,632,3,false,continues_with_later_032,other_after_002
2228.1,M-1697,Mohenjo-daro,Lower Indus,SEAL:S,Steatite,square,Bull1:W,SAF,Good,Y,R/L,IM,+390-003-002-861+,390 003 002 861,true,2,003,390,861,<END>,<END>,0,true,terminal,other_after_002
2229.1,M-1737,Mohenjo-daro,Lower Indus,SEAL:S,Steatite,square,Bull1:W,SAN,Good,Y,R/L,LP,+740-760-072-921-032-002-820+,740 760 072 921 032 002 820,true,5,032,921,820,<END>,<END>,0,true,terminal,after_032
2231.1,M-1688,Mohenjo-daro,Lower Indus,SEAL:S,Steatite,square,Bull1:S,SAN,Good,Y,R/L,LC,+125-435-255-002-286-220-031-012-031-455-033-590+,125 435 255 002 286 220 031 012 031 455 033 590,true,3,255,435,286,220,031,7,false,multi_token_continuation,other_after_002
2232.1,M-1916,Mohenjo-daro,Lower Indus,SEAL:S,Steatite,square,Tigr,Trough,Fair,Y,R/L,IT,+740-604-142-002-518+,740 604 142 002 518,true,3,142,604,518,<END>,<END>,0,true,terminal,other_after_002
2236.1,M-1677,Mohenjo-daro,Lower Indus,SEAL:S,Steatite,square,Bull1:W,-,Fair,Y,R/L,LC,+520-382-032-002-820-001-440-012+,520 382 032 002 820 001 440 012,true,3,032,382,820,001,440,3,false,multi_token_continuation,after_032
2239.1,M-1778,Mohenjo-daro,Lower Indus,SEAL:S,Steatite,square,Bull1:I,SAN,Poor,N,R/L,??,]000-235-002-861+,000 235 002 861,false,2,235,000,861,<END>,<END>,0,true,terminal,other_after_002
2240.1,M-1674,Mohenjo-daro,Lower Indus,SEAL:S,Steatite,square,Bull1:J,RAF,Good,Y,R/L,LP,+090-740-222-231-002-861-683+,090 740 222 231 002 861 683,true,4,231,222,861,683,<END>,1,false,one_token_continuation,other_after_002
2243.1,M-940,Mohenjo-daro,Lower Indus,SEAL:S,Steatite,square,Bull1:J,SAN,Good,Y,R/L,IT,+527-555-002-817+,527 555 002 817,true,2,555,527,817,<END>,<END>,0,true,terminal,other_after_002
2251.1,M-1704,Mohenjo-daro,Lower Indus,SEAL:S,Steatite,square,Bull1:W,SAN,Good,Y,R/L,IT,+740-760-605-002-861+,740 760 605 002 861,true,3,605,760,861,<END>,<END>,0,true,terminal,other_after_002
2255.1,M-1765,Mohenjo-daro,Lower Indus,SEAL:S,Steatite,square,Bull1:W,SAF,Good,Y,R/L,LC,+215-031-480-140-632-705-002-093-033+,215 031 480 140 632 705 002 093 033,true,6,705,632,093,033,<END>,1,false,one_token_continuation,other_after_002
2256.1,M-1753,Mohenjo-daro,Lower Indus,SEAL:S,Steatite,square,Bull1:L,SAN,Good,Y,R/L,SP,+740-760-519-240-002-861+,740 760 519 240 002 861,true,4,240,519,861,<END>,<END>,0,true,terminal,other_after_002
2257.1,M-656,Mohenjo-daro,Lower Indus,SEAL:S,Steatite,square,Bull1,SA?,Poor,N,R/L,??,]000-920-705-803-002-861+,000 920 705 803 002 861,false,4,803,705,861,<END>,<END>,0,true,terminal,other_after_002
2258.1,-,Mohenjo-daro,Lower Indus,SEAL:L,Steatite,rectangular-rounded,None,None,Poor,N,R/L,??,+000-000-000-002-000+,000 000 000 002 000,false,3,000,000,000,<END>,<END>,0,true,terminal,other_after_002
2261.1,M-1721,Mohenjo-daro,Lower Indus,SEAL:S,Steatite,square,Bull1:W,SAN,Good,Y,R/L,IT,+740-042-002-820+,740 042 002 820,true,2,042,740,820,<END>,<END>,0,true,terminal,other_after_002
2263.1,M-963,Mohenjo-daro,Lower Indus,SEAL:S,Steatite,square,Bull1:S,SAN,Poor,Y,R/L,IT,+740-176-002-817+,740 176 002 817,true,2,176,740,817,<END>,<END>,0,true,terminal,other_after_002
2268.1,M-1709,Mohenjo-daro,Lower Indus,SEAL:S,Steatite,square,Bull1:S,RAF,Poor,Y,R/L,SP,+621-520-220-002-817+,621 520 220 002 817,true,3,220,520,817,<END>,<END>,0,true,terminal,other_after_002
2270.1,M-1668,Mohenjo-daro,Lower Indus,SEAL:S,Steatite,square,Bull1:S,SAN,Poor,Y,R/L,LP,+740-773-233-803-002-320-705-125+,740 773 233 803 002 320 705 125,true,4,803,233,320,705,125,2,false,multi_token_continuation,other_after_002
2274.1,M-1860,Mohenjo-daro,Lower Indus,SEAL:S,Steatite,square,Bull1,S,Poor,?,R/L,UC,]231-002-861+,231 002 861,false,1,231,<START>,861,<END>,<END>,0,true,terminal,other_after_002
2276.1,M-1726,Mohenjo-daro,Lower Indus,SEAL:S,Steatite,square,Bull1:W,SAN,Good,Y,R/L,SP,+740-615-495-240-002-861+,740 615 495 240 002 861,true,4,240,495,861,<END>,<END>,0,true,terminal,other_after_002
2277.1,M-1990,Mohenjo-daro,Lower Indus,SEAL,Steatite,rectangular,None,None,Poor,Y,L/R,LP,+740-760-440-240-220-002-861+,740 760 440 240 220 002 861,true,5,220,240,861,<END>,<END>,0,true,terminal,other_after_002
2278.1,M-1974,Mohenjo-daro,Lower Indus,SEAL:R,Steatite,rectangular,None,None,Good,Y,R/L,LC,+064-031-400-521-002-820+,064 031 400 521 002 820,true,4,521,400,820,<END>,<END>,0,true,terminal,other_after_002
2283.1,M-1746,Mohenjo-daro,Lower Indus,SEAL:S,Steatite,square,Bull1:S,SAN,Good,Y,R/L,LP,+090-740-100-415-240-002-817+,090 740 100 415 240 002 817,true,5,240,415,817,<END>,<END>,0,true,terminal,other_after_002
2290.1,M-1791,Mohenjo-daro,Lower Indus,SEAL:S,Steatite,square,Bull1:J,RAF,Good,Y,R/L,IT,+740-760-268-002-840-032+,740 760 268 002 840 032,true,3,268,760,840,032,<END>,1,false,one_token_continuation,other_after_002
2292.1,M-1706,Mohenjo-daro,Lower Indus,SEAL:S,Steatite,square,Bull1:I,SAN,Fair,Y,R/L,LP,+740-803-220-032-220-002-820+,740 803 220 032 220 002 820,true,5,220,032,820,<END>,<END>,0,true,terminal,other_after_002
2296.1,M-1711,Mohenjo-daro,Lower Indus,SEAL:S,Steatite,square,Bull1:W,RAF,Fair,Y,R/L,IT,+740-760-049-002-817+,740 760 049 002 817,true,3,049,760,817,<END>,<END>,0,true,terminal,other_after_002
2297.1,M-1772,Mohenjo-daro,Lower Indus,SEAL:S,Steatite,square,Bull1:I,SAF,Good,Y,R/L,IT,+740-400-142-061-002-798-435-255-705+,740 400 142 061 002 798 435 255 705,true,4,061,142,798,435,255,3,false,multi_token_continuation,other_after_002
2299.1,M-1708,Mohenjo-daro,Lower Indus,SEAL:S,Steatite,square,Bull1:I,RAN,Fair,Y,R/L,IT,+740-585-017-002-817+,740 585 017 002 817,true,3,017,585,817,<END>,<END>,0,true,terminal,other_after_002
2301.1,-,Mohenjo-daro,Lower Indus,ROD,Ivory,-,None,None,Fair,N,L/R,??,+000-000-122-003-002-000+,000 000 122 003 002 000,false,4,003,122,000,<END>,<END>,0,true,terminal,other_after_002
2310.1,M-1810,Mohenjo-daro,Lower Indus,SEAL:S,Steatite,square,Bull1:J,SAN,Good,Y,R/L,MS,+740-100-140-003-002-156-920+,740 100 140 003 002 156 920,true,4,003,140,156,920,<END>,1,false,one_token_continuation,other_after_002
2311.1,M-1832,Mohenjo-daro,Lower Indus,SEAL:S,Faience,square,Bull1,?,Poor,N,R/L,??,+527-554-031-002-000+,527 554 031 002 000,false,3,031,554,000,<END>,<END>,0,true,terminal,other_after_002
2313.1,M-1763,Mohenjo-daro,Lower Indus,SEAL:S,Faience,square,Bull1:W,SAN,Fair,Y,R/L,LP,+416-001-565-740-220-032-002-861+,416 001 565 740 220 032 002 861,true,6,032,220,861,<END>,<END>,0,true,terminal,after_032
2315.1,M-1783,Mohenjo-daro,Lower Indus,SEAL:S,Steatite,square,Bull1,?,Fair,N,R/L,??,+520-442/425-003-002-000-215+,520 442 425 003 002 000 215,false,4,003,425,000,215,<END>,1,false,one_token_continuation,other_after_002
2318.1,M-2089,Mohenjo-daro,Lower Indus,ROD,Ivory,-,None,None,Poor,Y,L/R,SC,+002-861-096+,002 861 096,true,0,<START>,<START>,861,096,<END>,1,false,one_token_continuation,other_after_002
2323.1,M-1755,Mohenjo-daro,Lower Indus,SEAL:S,Steatite,square,Bull1:L,SAN,Fair,Y,R/L,IT,+740-176-002-861+,740 176 002 861,true,2,176,740,861,<END>,<END>,0,true,terminal,other_after_002
2326.1,M-1967,Mohenjo-daro,Lower Indus,SEAL:R,Steatite,rectangular,None,None,Good,?,R/L,UC,+520-033-705-002-585[,520 033 705 002 585,false,3,705,033,585,<END>,<END>,0,true,terminal,other_after_002
2338.1,M-1955,Mohenjo-daro,Lower Indus,SEAL:R,Steatite,rectangular,None,None,Fair,Y,R/L,SP,+390-920-322-803-002-820+,390 920 322 803 002 820,true,4,803,322,820,<END>,<END>,0,true,terminal,other_after_002
2341.1,M-1914,Mohenjo-daro,Lower Indus,SEAL:S,Steatite,square,Elep,None,Poor,N,R/L,??,]000-832-002-817+,000 832 002 817,false,2,832,000,817,<END>,<END>,0,true,terminal,other_after_002
2342.1,M-1661,Mohenjo-daro,Lower Indus,SEAL:S,Steatite,square,Bull1:W,SAN,Good,Y,R/L,LP,+520-070-219-002-861-032-520-919-140+,520 070 219 002 861 032 520 919 140,true,3,219,070,861,032,520,4,false,continues_with_later_032,other_after_002
2350.1,M-1899,Mohenjo-daro,Lower Indus,SEAL:S,Steatite,square,Zebu,None,Good,Y,R/L,IC,+924-132-002-861+,924 132 002 861,true,2,132,924,861,<END>,<END>,0,true,terminal,other_after_002
2357.3,M-1928,Mohenjo-daro,Lower Indus,SEAL:S,Steatite,square,Buff,Trough,Fair,N,L/R,??,+000-233-220-002-861+,000 233 220 002 861,false,3,220,233,861,<END>,<END>,0,true,terminal,other_after_002
2359.1,M-1693,Mohenjo-daro,Lower Indus,SEAL:S,Steatite,square,Bull1,SAN,Good,Y,R/L,LP,+527-555-033-706-235-002-817+,527 555 033 706 235 002 817,true,5,235,706,817,<END>,<END>,0,true,terminal,other_after_002
2366.1,M-1789,Mohenjo-daro,Lower Indus,SEAL:S,Faience,square,Bull1:I,RAF,Good,Y,R/L,IT,+740-455-002-368-260+,740 455 002 368 260,true,2,455,740,368,260,<END>,1,false,one_token_continuation,other_after_002
2374.1,M-1733,Mohenjo-daro,Lower Indus,SEAL:S,Steatite,square,Bull1:S,SAN,Fair,N,-,??,]000-002-735+,000 002 735,false,1,000,<START>,735,<END>,<END>,0,true,terminal,other_after_002
2375.1,M-1759,Mohenjo-daro,Lower Indus,SEAL:S,Steatite,square,Bull1:S,SAN,Good,Y,R/L,IT,+740-032-840-002-768+,740 032 840 002 768,true,3,840,032,768,<END>,<END>,0,true,terminal,other_after_002
2376.1,M-1842,Mohenjo-daro,Lower Indus,SEAL:S,Steatite,square,Bull1,RBF,Poor,N,R/L,??,+520-000-235-002-861+,520 000 235 002 861,false,3,235,000,861,<END>,<END>,0,true,terminal,other_after_002
2379.1,M-1960,Mohenjo-daro,Lower Indus,SEAL:R,Steatite,rectangular,None,None,Fair,N,R/L,??,+740-000-000-002-820+,740 000 000 002 820,false,3,000,000,820,<END>,<END>,0,true,terminal,other_after_002
2381.1,M-1686,Mohenjo-daro,Lower Indus,SEAL:S,Steatite,square,Bull1:W,SAN,Good,Y,R/L,SP,+740-904-220-032-002-142+,740 904 220 032 002 142,true,4,032,220,142,<END>,<END>,0,true,terminal,after_032
2386.1,M-1729,Mohenjo-daro,Lower Indus,SEAL:S,Faience,square,Bull1:W,SAN,Good,Y,R/L,IM,+390-003-002-820+,390 003 002 820,true,2,003,390,820,<END>,<END>,0,true,terminal,other_after_002
2388.1,-,Mohenjo-daro,Lower Indus,SEAL:S,Steatite,square,Bull1:S,RAN,Fair,Y,R/L,SP,+740-637-240-002-861+,740 637 240 002 861,true,3,240,637,861,<END>,<END>,0,true,terminal,other_after_002
2389.1,M-1681,Mohenjo-daro,Lower Indus,SEAL:S,Steatite,square,Bull1:W,SAN,Good,Y,R/L,MS,+520-072-233-740-798-002-861-832+,520 072 233 740 798 002 861 832,true,5,798,740,861,832,<END>,1,false,one_token_continuation,other_after_002
2393.1,M-1745,Mohenjo-daro,Lower Indus,SEAL:S,Steatite,square,Bull1:L,SAN,Fair,Y,R/L,LC,+368-821-055-031-002-031-892+,368 821 055 031 002 031 892,true,4,031,055,031,892,<END>,1,false,one_token_continuation,other_after_002
2397.1,M-1927,Mohenjo-daro,Lower Indus,SEAL:S,Steatite,square,Mult,None,Fair,Y,R/L,IM,+390-005-002-817+,390 005 002 817,true,2,005,390,817,<END>,<END>,0,true,terminal,other_after_002
2397.2,M-1927,Mohenjo-daro,Lower Indus,SEAL:S,Steatite,square,Mult,None,Fair,N,R/L,??,]000-005-002-817+,000 005 002 817,false,2,005,000,817,<END>,<END>,0,true,terminal,other_after_002
2398.1,M-1883,Mohenjo-daro,Lower Indus,SEAL:S,Steatite,square,Gaur,Trough,Good,Y,R/L,LP,+090-740-035-171-061-031-002-069+,090 740 035 171 061 031 002 069,true,6,031,061,069,<END>,<END>,0,true,terminal,other_after_002
2399.1,M-1787,Mohenjo-daro,Lower Indus,SEAL:S,Steatite,square,Bull1:I,RAN,Fair,N,R/L,??,+740-061-002-703-000+,740 061 002 703 000,false,2,061,740,703,000,<END>,1,false,one_token_continuation,other_after_002
2402.1,M-1901,Mohenjo-daro,Lower Indus,SEAL:S,Steatite,square,Zebu,None,Good,Y,R/L,2L,+151-061/156-002-252-692+,151 061 156 002 252 692,false,3,156,061,252,692,<END>,1,false,one_token_continuation,other_after_002
2409.1,M-1911,Mohenjo-daro,Lower Indus,SEAL:S,Steatite,square,Rhin,None,Good,Y,R/L,IT,+621-390-531-002-820+,621 390 531 002 820,true,3,531,390,820,<END>,<END>,0,true,terminal,other_after_002
2417.1,M-1728,Mohenjo-daro,Lower Indus,SEAL:S,Steatite,square,Bull1:W,SAN,Good,Y,R/L,LP,+161-055-240-220-032-002-820+,161 055 240 220 032 002 820,true,5,032,220,820,<END>,<END>,0,true,terminal,after_032
2418.1,M-1844,Mohenjo-daro,Lower Indus,SEAL:S,Steatite,square,Bull1:U,SAN,Poor,Y,R/L,IM,+390-004-002-817+,390 004 002 817,true,2,004,390,817,<END>,<END>,0,true,terminal,other_after_002
2421.1,M-2129,Mohenjo-daro,Lower Indus,IMPL,Gold,-,None,None,Good,Y,T/B,SC,+898-017-645-002-817+,898 017 645 002 817,true,3,645,017,817,<END>,<END>,0,true,terminal,other_after_002
2422.1,M-1954,Mohenjo-daro,Lower Indus,SEAL:R,Steatite,rectangular,None,None,Fair,Y,R/L,LP,+740-407-590-031-752-033-705-220-415-798-002-861+,740 407 590 031 752 033 705 220 415 798 002 861,true,10,798,415,861,<END>,<END>,0,true,terminal,other_after_002
2435.1,M-1830,Mohenjo-daro,Lower Indus,SEAL:S,Steatite,square,Bull1:X,SAN,Poor,Y,R/L,IT,+740-388-002-820+,740 388 002 820,true,2,388,740,820,<END>,<END>,0,true,terminal,other_after_002
2438.1,M-1913,Mohenjo-daro,Lower Indus,SEAL:S,Steatite,square,Elep,None,Poor,?,R/L,UC,]416-002-817+,416 002 817,false,1,416,<START>,817,<END>,<END>,0,true,terminal,other_after_002
2450.1,M-1750,Mohenjo-daro,Lower Indus,SEAL:S,Steatite,square,Bull1:W,SAN,Fair,Y,R/L,IM,+390-004-002-861+,390 004 002 861,true,2,004,390,861,<END>,<END>,0,true,terminal,other_after_002
2453.1,M-984,Mohenjo-daro,Lower Indus,SEAL:S,Steatite,square,Bull1,-,Poor,Y,R/L,IM,+390-004-002-817+,390 004 002 817,true,2,004,390,817,<END>,<END>,0,true,terminal,other_after_002
2457.1,M-1752,Mohenjo-daro,Lower Indus,SEAL:S,Steatite,square,Bull1:S,SAN,Fair,Y,R/L,IT,+740-760-019-002-817+,740 760 019 002 817,true,3,019,760,817,<END>,<END>,0,true,terminal,other_after_002
2464.1,M-595,Mohenjo-daro,Lower Indus,SEAL:S,Steatite,square,Bull1:W,SAN,Fair,Y,R/L,IT,+740-100-415-176-002-820+,740 100 415 176 002 820,true,4,176,415,820,<END>,<END>,0,true,terminal,other_after_002
2473.1,M-1665,Mohenjo-daro,Lower Indus,SEAL:S,Steatite,square,Bull1:W,SAN,Fair,Y,R/L,LP,+520-033-705-233-240-002-610-125-032+,520 033 705 233 240 002 610 125 032,true,5,240,233,610,125,032,2,false,continues_with_later_032,other_after_002
2482.1,M-1907,Mohenjo-daro,Lower Indus,SEAL:S,Steatite,square,Rhin,Trough,Poor,Y,R/L,IM,+390-005-002-455-511+,390 005 002 455 511,true,2,005,390,455,511,<END>,1,false,one_token_continuation,other_after_002
2489.1,-,Dholavira,Gujarat/Kutch,SEAL:S,Steatite,square,Bull1:V,SAN,Good,Y,R/L,SP,+740-390-590-002-817+,740 390 590 002 817,true,3,590,390,817,<END>,<END>,0,true,terminal,other_after_002
2490.1,M-1667,Mohenjo-daro,Lower Indus,SEAL:S,Steatite,square,Bull1:W,SAN,Poor,Y,R/L,LP,+740-690-435-255-220-032-002-717-820+,740 690 435 255 220 032 002 717 820,true,6,032,220,717,820,<END>,1,false,one_token_continuation,after_032
2504.1,H-167,Harappa,Inter-Riverine,TAG,Ceramic,-,None,None,Poor,N,R/L,??,+000-000-000-000-002-000+,000 000 000 000 002 000,false,4,000,000,000,<END>,<END>,0,true,terminal,other_after_002
2506.1,M-1716,Mohenjo-daro,Lower Indus,SEAL:S,Steatite,square,Bull1:W,RAF,Good,Y,R/L,SP,+520-220-240-803-002-820+,520 220 240 803 002 820,true,4,803,240,820,<END>,<END>,0,true,terminal,other_after_002
2509.1,M-1833,Mohenjo-daro,Lower Indus,SEAL:S,Steatite,square,Bull1:S,RAN,Fair,Y,R/L,IM,+390-015-002-861+,390 015 002 861,true,2,015,390,861,<END>,<END>,0,true,terminal,other_after_002
2510.1,M-1884,Mohenjo-daro,Lower Indus,SEAL:S,Steatite,square,Gaur,Trough,Poor,N,R/L,??,+520-220-016-002-416-000+,520 220 016 002 416 000,false,3,016,220,416,000,<END>,1,false,one_token_continuation,other_after_002
2515.1,M-1851,Mohenjo-daro,Lower Indus,SEAL:S,Steatite,square,Bull1,RAN,Poor,N,R/L,??,+832-390-032/000-032-740-002-820+,832 390 032 000 032 740 002 820,false,6,740,032,820,<END>,<END>,0,true,terminal,other_after_002
2526.1,M-1662,Mohenjo-daro,Lower Indus,SEAL:S,Steatite,square,Bull1:W,SAF,Poor,N,R/L,??,+520-033-706-233-002-817-192-000+,520 033 706 233 002 817 192 000,false,4,233,706,817,192,000,2,false,multi_token_continuation,other_after_002
2528.1,M-1961,Mohenjo-daro,Lower Indus,SEAL,Steatite,-,-,-,Poor,Y,R/L,IM,+406-072-002-817+,406 072 002 817,true,2,072,406,817,<END>,<END>,0,true,terminal,other_after_002
2533.1,M-4,Mohenjo-daro,Lower Indus,SEAL:S,Steatite,square,Bull1:W,SAF,Good,Y,R/L,LC,+298-465-033-705-231-002-564-617-033+,298 465 033 705 231 002 564 617 033,true,5,231,705,564,617,033,2,false,multi_token_continuation,other_after_002
2536.1,M-7,Mohenjo-daro,Lower Indus,SEAL:S,Steatite,square,Bull1:W,SAN,Good,Y,R/L,LP,+407-845-140-740-101-923-240-002-861+,407 845 140 740 101 923 240 002 861,true,7,240,923,861,<END>,<END>,0,true,terminal,other_after_002
2539.1,M-10,Mohenjo-daro,Lower Indus,SEAL:S,Steatite,square,Bull1:W,-,Fair,Y,R/L,LP,+405-061-070-032-033-706-235-806-002-267-455+,405 061 070 032 033 706 235 806 002 267 455,true,8,806,235,267,455,<END>,1,false,one_token_continuation,other_after_002
2540.1,M-12,Mohenjo-daro,Lower Indus,SEAL:S,Steatite,square,Bull1:W,SAN,Fine,Y,R/L,LP,+740-390-590-233-002-368-202-892-371+,740 390 590 233 002 368 202 892 371,true,4,233,590,368,202,892,3,false,multi_token_continuation,other_after_002
2542.1,M-14,Mohenjo-daro,Lower Indus,SEAL:S,Steatite,square,Bull1:W,SAN,Fine,Y,R/L,IT,+740-776-503-002-817+,740 776 503 002 817,true,3,503,776,817,<END>,<END>,0,true,terminal,other_after_002
2543.1,M-15,Mohenjo-daro,Lower Indus,SEAL:S,Steatite,square,Bull1:W,SAN,Good,Y,R/L,IT,+090-740-176-002-861+,090 740 176 002 861,true,3,176,740,861,<END>,<END>,0,true,terminal,other_after_002
2545.1,M-17,Mohenjo-daro,Lower Indus,SEAL:S,Steatite,square,Bull1:W,SAF,Good,Y,R/L,IM,+390-016-002-814-560+,390 016 002 814 560,true,2,016,390,814,560,<END>,1,false,one_token_continuation,other_after_002
2547.1,M-19,Mohenjo-daro,Lower Indus,SEAL:S,Steatite,square,Bull1:W,SAF,Poor,N,R/L,??,]000-000-002-861+,000 000 002 861,false,2,000,000,861,<END>,<END>,0,true,terminal,other_after_002
2548.1,M-20,Mohenjo-daro,Lower Indus,SEAL:S,Steatite,square,Bull1:W,SAF,Good,Y,R/L,LC,+390-005-002-861-036-460-513+,390 005 002 861 036 460 513,true,2,005,390,861,036,460,3,false,multi_token_continuation,other_after_002
2549.1,M-21,Mohenjo-daro,Lower Indus,SEAL:S,Steatite,square,Bull1:W,SAN,Good,Y,R/L,LP,+350-001-740-362-692-032-002-861+,350 001 740 362 692 032 002 861,true,6,032,692,861,<END>,<END>,0,true,terminal,after_032
2552.1,M-24,Mohenjo-daro,Lower Indus,SEAL:S,Steatite,square,Bull1:W,HAF,Good,Y,R/L,LP,+090-740-240-235-002-906-140+,090 740 240 235 002 906 140,true,4,235,240,906,140,<END>,1,false,one_token_continuation,other_after_002
2556.1,M-28,Mohenjo-daro,Lower Indus,SEAL:S,Steatite,square,Bull1:W,SAN,Good,Y,R/L,LP,+892-374-740-760-840-416-002-861+,892 374 740 760 840 416 002 861,true,6,416,840,861,<END>,<END>,0,true,terminal,other_after_002
2557.1,M-29,Mohenjo-daro,Lower Indus,SEAL:S,Steatite,square,Bull1:W,SAN,Good,Y,R/L,LP,+740-055-240-235-806-002-220-455-503+,740 055 240 235 806 002 220 455 503,true,5,806,235,220,455,503,2,false,multi_token_continuation,other_after_002
2560.1,M-32,Mohenjo-daro,Lower Indus,SEAL:S,Steatite,square,Bull1:J,SAN,Good,Y,R/L,IM,+390-003-002-817+,390 003 002 817,true,2,003,390,817,<END>,<END>,0,true,terminal,other_after_002
2561.1,M-33,Mohenjo-daro,Lower Indus,SEAL:S,Steatite,square,Bull1:W,SAN,Fair,Y,R/L,LP,+740-032-923-382-233-002-112+,740 032 923 382 233 002 112,true,5,233,382,112,<END>,<END>,0,true,terminal,other_after_002
2562.1,M-34,Mohenjo-daro,Lower Indus,SEAL:S,Steatite,square,Bull1:W,SAN,Good,Y,R/L,IT,+740-336-176-002-405-372-374+,740 336 176 002 405 372 374,true,3,176,336,405,372,374,2,false,multi_token_continuation,other_after_002
2563.1,M-35,Mohenjo-daro,Lower Indus,SEAL:S,Steatite,square,Bull1:W,SAN,Good,Y,R/L,LP,+740-390-590-233-231-002-107+,740 390 590 233 231 002 107,true,5,231,233,107,<END>,<END>,0,true,terminal,other_after_002
2564.1,M-36,Mohenjo-daro,Lower Indus,SEAL:S,Steatite,square,Bull1:S,SAN,Good,Y,R/L,LP,+740-794-630-220-032-002-368-906-329+,740 794 630 220 032 002 368 906 329,true,5,032,220,368,906,329,2,false,multi_token_continuation,after_032
2566.1,M-38,Mohenjo-daro,Lower Indus,SEAL:S,Steatite,square,Bull1:J,SAN,Good,Y,R/L,LP,+740-690-435-255-220-032-240-235-002-390-125-632-032+,740 690 435 255 220 032 240 235 002 390 125 632 032,true,8,235,240,390,125,632,3,false,continues_with_later_032,other_after_002
2568.1,M-40,Mohenjo-daro,Lower Indus,SEAL:S,Steatite,square,Bull1:J,SAN,Fair,Y,R/L,SC,+391-002-527-475-005+,391 002 527 475 005,true,1,391,<START>,527,475,005,2,false,multi_token_continuation,other_after_002
2569.1,M-41,Mohenjo-daro,Lower Indus,SEAL:S,Steatite,square,Bull1:W,SAN,Good,Y,R/L,LP,+740-636-240-233-235-002-405-125-820+,740 636 240 233 235 002 405 125 820,true,5,235,233,405,125,820,2,false,multi_token_continuation,other_after_002
2570.1,M-42,Mohenjo-daro,Lower Indus,SEAL:S,Steatite,square,Bull1:S,SAN,Fair,Y,R/L,SP,+527-550-240-002-817+,527 550 240 002 817,true,3,240,550,817,<END>,<END>,0,true,terminal,other_after_002
2571.1,M-43,Mohenjo-daro,Lower Indus,SEAL:S,Steatite,square,Bull1:W,SAN,Good,Y,R/L,SP,+740-798-231-002-055-373+,740 798 231 002 055 373,true,3,231,798,055,373,<END>,1,false,one_token_continuation,other_after_002
2572.1,M-44,Mohenjo-daro,Lower Indus,SEAL:S,Steatite,square,Bull1:W,SAF,Fair,Y,R/L,LP,+740-760-033-705-803-002-920-317+,740 760 033 705 803 002 920 317,true,5,803,705,920,317,<END>,1,false,one_token_continuation,other_after_002
2574.1,M-46,Mohenjo-daro,Lower Indus,SEAL:S,Steatite,square,Bull1:W,SAN,Good,Y,R/L,LP,+740-798-240-235-002-220-065-215+,740 798 240 235 002 220 065 215,true,4,235,240,220,065,215,2,false,multi_token_continuation,other_after_002
2575.1,M-47,Mohenjo-daro,Lower Indus,SEAL:S,Steatite,square,Bull1:J,SA,Poor,Y,R/L,SP,+740-760-235-002-861+,740 760 235 002 861,true,3,235,760,861,<END>,<END>,0,true,terminal,other_after_002
2577.1,M-49,Mohenjo-daro,Lower Indus,SEAL:S,Steatite,square,Bull1:W,SAN,Poor,Y,R/L,LP,+527-550-240-220-032-002-300-350-032-190+,527 550 240 220 032 002 300 350 032 190,true,5,032,220,300,350,032,3,false,continues_with_later_032,after_032
2578.1,M-50,Mohenjo-daro,Lower Indus,SEAL:S,Steatite,square,Bull1:W,SAN,Good,Y,R/L,LP,+740-585-017-033-705-240-798-002-820+,740 585 017 033 705 240 798 002 820,true,7,798,240,820,<END>,<END>,0,true,terminal,other_after_002
2580.1,M-52,Mohenjo-daro,Lower Indus,SEAL:S,Steatite,square,Bull1:W,SAF,Good,Y,R/L,LP,+740-904-032-220-415-235-803-002-504-717+,740 904 032 220 415 235 803 002 504 717,true,7,803,235,504,717,<END>,1,false,one_token_continuation,other_after_002
2581.1,M-53,Mohenjo-daro,Lower Indus,SEAL:S,Steatite,square,Bull1:W,SAN,Good,Y,R/L,LP,+090-740-220-016-002-297-190-920-140+,090 740 220 016 002 297 190 920 140,true,4,016,220,297,190,920,3,false,multi_token_continuation,other_after_002
2582.1,M-54,Mohenjo-daro,Lower Indus,SEAL:S,Steatite,square,Bull1:W,SAF,Good,Y,R/L,LP,+236-240-033-705-798-002-820+,236 240 033 705 798 002 820,true,5,798,705,820,<END>,<END>,0,true,terminal,other_after_002
2585.1,M-57,Mohenjo-daro,Lower Indus,SEAL:S,Steatite,square,Bull1:W,SAN,Good,Y,R/L,SP,+226-032-231-798-002-693+,226 032 231 798 002 693,true,4,798,231,693,<END>,<END>,0,true,terminal,other_after_002
2586.1,M-58,Mohenjo-daro,Lower Indus,SEAL:S,Steatite,square,Bull1:W,SAN,Good,Y,R/L,IT,+740-460-503-002-817+,740 460 503 002 817,true,3,503,460,817,<END>,<END>,0,true,terminal,other_after_002
2594.1,M-66,Mohenjo-daro,Lower Indus,SEAL:S,Steatite,square,Bull1:J,RBF,Good,Y,BUS,LP,+740-390-590-235-002-374-309-350+,740 390 590 235 002 374 309 350,true,4,235,590,374,309,350,2,false,multi_token_continuation,other_after_002
2598.1,M-70,Mohenjo-daro,Lower Indus,SEAL:S,Steatite,square,Bull1:T,SAF,Poor,Y,R/L,IM,+226-032-002-390-692+,226 032 002 390 692,true,2,032,226,390,692,<END>,1,false,one_token_continuation,after_032
2599.1,M-71,Mohenjo-daro,Lower Indus,SEAL:S,Steatite,square,Bull1:J,SAN,Good,Y,R/L,LC,+151-279-142-002-390-095+,151 279 142 002 390 095,true,3,142,279,390,095,<END>,1,false,one_token_continuation,other_after_002
2600.1,M-72,Mohenjo-daro,Lower Indus,SEAL:S,Steatite,square,Bull1:V,None,Poor,Y,R/L,LP,+740-255-705-140-003-002-861+,740 255 705 140 003 002 861,true,5,003,140,861,<END>,<END>,0,true,terminal,other_after_002
2603.1,M-75,Mohenjo-daro,Lower Indus,SEAL:S,Steatite,square,Bull1:W,SAN,Good,Y,R/L,SP,+520-220-004-002-817+,520 220 004 002 817,true,3,004,220,817,<END>,<END>,0,true,terminal,other_after_002
2604.1,M-77,Mohenjo-daro,Lower Indus,SEAL:S,Steatite,square,Bull1:W,SAN,Good,Y,R/L,SC,+832-390-803-002-861+,832 390 803 002 861,true,3,803,390,861,<END>,<END>,0,true,terminal,other_after_002
2606.1,M-79,Mohenjo-daro,Lower Indus,SEAL:S,Steatite,square,Bull1:J,SAN,Fair,Y,R/L,PA,+688/740-100-240-233-002-861+,688 740 100 240 233 002 861,false,5,233,240,861,<END>,<END>,0,true,terminal,other_after_002
2608.1,M-81,Mohenjo-daro,Lower Indus,SEAL:S,Steatite,square,Bull1:S,SAN,Good,Y,R/L,SP,+527-555-240-002-617-070+,527 555 240 002 617 070,true,3,240,555,617,070,<END>,1,false,one_token_continuation,other_after_002
2609.1,M-82,Mohenjo-daro,Lower Indus,SEAL:S,Steatite,square,Bull1:I,SAN,Good,Y,R/L,SP,+740-222-002-207-550-390+,740 222 002 207 550 390,true,2,222,740,207,550,390,2,false,multi_token_continuation,other_after_002
2613.1,M-86,Mohenjo-daro,Lower Indus,SEAL:S,Steatite,square,Bull1:S,SAN,Good,Y,R/L,LP,+520-033-705-231-002-820-700+,520 033 705 231 002 820 700,true,4,231,705,820,700,<END>,1,false,one_token_continuation,other_after_002
2617.1,M-90,Mohenjo-daro,Lower Indus,SEAL:S,Steatite,square,Bull1:J,SAN,Good,Y,R/L,IT,+740-840-013-031-002-817+,740 840 013 031 002 817,true,4,031,013,817,<END>,<END>,0,true,terminal,other_after_002
2618.1,M-91,Mohenjo-daro,Lower Indus,SEAL:S,Steatite,square,Bull1:S,SAN,Good,Y,R/L,LP,+740-100-798-220-032-002-861-255-416+,740 100 798 220 032 002 861 255 416,true,5,032,220,861,255,416,2,false,multi_token_continuation,after_032
2619.1,M-92,Mohenjo-daro,Lower Indus,SEAL:S,Steatite,square,Bull1:S,SAN,Good,Y,R/L,IT,+740-798-460-350-002-814-084+,740 798 460 350 002 814 084,true,4,350,460,814,084,<END>,1,false,one_token_continuation,other_after_002
2622.1,M-95,Mohenjo-daro,Lower Indus,SEAL:S,Steatite,square,Bull1:S,SAN,Good,Y,R/L,IM,+390-003-002-111-165+,390 003 002 111 165,true,2,003,390,111,165,<END>,1,false,one_token_continuation,other_after_002
2626.1,M-99,Mohenjo-daro,Lower Indus,SEAL:S,Steatite,square,Bull1:S,SAN,Good,Y,R/L,IT,+740-215-002-368-119+,740 215 002 368 119,true,2,215,740,368,119,<END>,1,false,one_token_continuation,other_after_002
2627.1,M-100,Mohenjo-daro,Lower Indus,SEAL:S,Steatite,square,Bull1:S,SAN,Good,Y,R/L,IT,+090-740-255-705-002-861+,090 740 255 705 002 861,true,4,705,255,861,<END>,<END>,0,true,terminal,other_after_002
2628.1,M-101,Mohenjo-daro,Lower Indus,SEAL:S,Steatite,square,Bull1:J,SAN,Good,Y,R/L,IT,+390-503-740-168-002-817+,390 503 740 168 002 817,true,4,168,740,817,<END>,<END>,0,true,terminal,other_after_002
2630.1,M-103,Mohenjo-daro,Lower Indus,SEAL:S,Steatite,square,Bull1:W,SAN,Good,Y,R/L,IM,+390-004-002-820+,390 004 002 820,true,2,004,390,820,<END>,<END>,0,true,terminal,other_after_002
2633.1,M-106,Mohenjo-daro,Lower Indus,SEAL:S,Steatite,square,Bull1:J,SAN,Poor,N,R/L,??,+740-760-000-002-000-350+,740 760 000 002 000 350,false,3,000,760,000,350,<END>,1,false,one_token_continuation,other_after_002
2634.1,M-107,Mohenjo-daro,Lower Indus,SEAL:S,Steatite,square,Bull1:S,SAN,Good,Y,R/L,LP,+740-565-233-002-940-260+,740 565 233 002 940 260,true,3,233,565,940,260,<END>,1,false,one_token_continuation,other_after_002
2636.1,M-109,Mohenjo-daro,Lower Indus,SEAL:S,Steatite,square,Bull1:S,SAN,Good,Y,R/L,LP,+740-879-220-415-002-287-140+,740 879 220 415 002 287 140,true,4,415,220,287,140,<END>,1,false,one_token_continuation,other_after_002
2637.1,M-110,Mohenjo-daro,Lower Indus,SEAL:S,Steatite,square,Bull1:J,SAN,Poor,N,R/L,??,+000-000-002-817+,000 000 002 817,false,2,000,000,817,<END>,<END>,0,true,terminal,other_after_002
2641.1,M-114,Mohenjo-daro,Lower Indus,SEAL:S,Steatite,square,Bull1:S,SAN,Good,Y,R/L,IT,+740-760-440-002-297-416+,740 760 440 002 297 416,true,3,440,760,297,416,<END>,1,false,one_token_continuation,other_after_002
2642.1,M-115,Mohenjo-daro,Lower Indus,SEAL:S,Steatite,square,Bull1,SAN,Poor,Y,R/L,LP,+390-844-140-176-803-002-301-190+,390 844 140 176 803 002 301 190,true,5,803,176,301,190,<END>,1,false,one_token_continuation,other_after_002
2643.1,M-116,Mohenjo-daro,Lower Indus,SEAL:S,Steatite,square,Bull1:I,SAN,Good,Y,R/L,LP,+740-100-176-840-013-002-817+,740 100 176 840 013 002 817,true,5,013,840,817,<END>,<END>,0,true,terminal,other_after_002
2644.1,M-117,Mohenjo-daro,Lower Indus,SEAL:S,Steatite,square,Bull1:S,SAN,Fair,Y,R/L,LP,+520-033-705-220-803-055-002-820+,520 033 705 220 803 055 002 820,true,6,055,803,820,<END>,<END>,0,true,terminal,other_after_002
2645.1,M-118,Mohenjo-daro,Lower Indus,SEAL:S,Steatite,square,Bull1:W,SAN,Fair,Y,R/L,LP,+740-772-033-705-233-803-002-861+,740 772 033 705 233 803 002 861,true,6,803,233,861,<END>,<END>,0,true,terminal,other_after_002
2646.1,M-119,Mohenjo-daro,Lower Indus,SEAL:S,Steatite,square,Bull1:S,SAN,Good,Y,R/L,LC,+151-337-484-002-390-125-632-032-900-563+,151 337 484 002 390 125 632 032 900 563,true,3,484,337,390,125,632,5,false,continues_with_later_032,other_after_002
2657.1,M-130,Mohenjo-daro,Lower Indus,SEAL:S,Steatite,square,Bull1:J,SAN,Good,Y,R/L,SP,+740-094-220-032-002-144+,740 094 220 032 002 144,true,4,032,220,144,<END>,<END>,0,true,terminal,after_032
2667.1,M-140,Mohenjo-daro,Lower Indus,SEAL:S,Faience,square,Bull1:S,RAF,Good,Y,R/L,IT,+740-336-002-220-065-440-455+,740 336 002 220 065 440 455,true,2,336,740,220,065,440,3,false,multi_token_continuation,other_after_002
2668.1,M-141,Mohenjo-daro,Lower Indus,SEAL:S,Steatite,square,Bull1:J,RAN,Fair,N,R/L,??,+817-255-636/000-000-000-240-002-031-000+,817 255 636 000 000 000 240 002 031 000,false,7,240,000,031,000,<END>,1,false,one_token_continuation,other_after_002
2669.1,M-142,Mohenjo-daro,Lower Indus,SEAL:S,Steatite,square,Bull1:J,RAF,Good,Y,R/L,SP,+136-140-002-861+,136 140 002 861,true,2,140,136,861,<END>,<END>,0,true,terminal,other_after_002
2670.1,M-143,Mohenjo-daro,Lower Indus,SEAL:S,Steatite,square,Bull1:J,RAF,Good,Y,R/L,IT,+740-205-032-002-252-840+,740 205 032 002 252 840,true,3,032,205,252,840,<END>,1,false,one_token_continuation,after_032
2671.1,M-144,Mohenjo-daro,Lower Indus,SEAL:S,Steatite,square,Bull1:J,RBN,Good,Y,R/L,SP,+740-100-415-240-002-817+,740 100 415 240 002 817,true,4,240,415,817,<END>,<END>,0,true,terminal,other_after_002
2674.1,M-147,Mohenjo-daro,Lower Indus,SEAL:S,Steatite,square,Bull1:J,RAF,Good,Y,R/L,LC,+226-803-002-220-455-520+,226 803 002 220 455 520,true,2,803,226,220,455,520,2,false,multi_token_continuation,other_after_002
2679.1,M-152,Mohenjo-daro,Lower Indus,SEAL:S,Steatite,square,Bull1:J,RAF,Good,Y,R/L,IT,+740-772-002-861+,740 772 002 861,true,2,772,740,861,<END>,<END>,0,true,terminal,other_after_002
2681.1,M-154,Mohenjo-daro,Lower Indus,SEAL:S,Steatite,square,Bull1:J,RBF,Good,Y,R/L,2L,+520-220-621-415-002-257-898+,520 220 621 415 002 257 898,true,4,415,621,257,898,<END>,1,false,one_token_continuation,other_after_002
2686.1,M-160,Mohenjo-daro,Lower Indus,SEAL:S,Steatite,square,Bull1:W,SAN,Good,Y,R/L,LC,+151-243-031-002-820-741+,151 243 031 002 820 741,true,3,031,243,820,741,<END>,1,false,one_token_continuation,other_after_002
2690.1,M-164,Mohenjo-daro,Lower Indus,SEAL:S,Steatite,square,Bull1:X,SAN,Fair,Y,R/L,IT,+740-142-061-002-817+,740 142 061 002 817,true,3,061,142,817,<END>,<END>,0,true,terminal,other_after_002
2691.1,M-166,Mohenjo-daro,Lower Indus,SEAL:S,Steatite,square,Bull1:I,SAN,Poor,Y,R/L,SP,+390-844-240-806-002-861+,390 844 240 806 002 861,true,4,806,240,861,<END>,<END>,0,true,terminal,other_after_002
2699.1,M-174,Mohenjo-daro,Lower Indus,SEAL:S,Steatite,square,Bull1:T,SAN,Poor,Y,R/L,SP,+740-923-220-032-002-820+,740 923 220 032 002 820,true,4,032,220,820,<END>,<END>,0,true,terminal,after_032
2700.1,M-175,Mohenjo-daro,Lower Indus,SEAL:S,Steatite,square,Bull1,-,Poor,?,R/L,UC,]002-861+,002 861,false,0,<START>,<START>,861,<END>,<END>,0,true,terminal,other_after_002
2702.1,M-177,Mohenjo-daro,Lower Indus,SEAL:S,Steatite,square,Bull1:S,SAN,Good,Y,R/L,IM,+390-003-002-803+,390 003 002 803,true,2,003,390,803,<END>,<END>,0,true,terminal,other_after_002
2707.1,M-181,Mohenjo-daro,Lower Indus,SEAL:S,Steatite,square,Bull1:J,SAN,Good,Y,R/L,IT,+520-175-002-295-502+,520 175 002 295 502,true,2,175,520,295,502,<END>,1,false,one_token_continuation,other_after_002
2723.1,M-198,Mohenjo-daro,Lower Indus,SEAL:S,Steatite,square,Bull1:W,SAN,Good,Y,R/L,IT,+740-760-840-552-002-817+,740 760 840 552 002 817,true,4,552,840,817,<END>,<END>,0,true,terminal,other_after_002
2724.1,M-199,Mohenjo-daro,Lower Indus,SEAL:S,Steatite,square,Bull1:S,SAN,Fair,Y,R/L,LP,+090-740-100-415-240-002-861+,090 740 100 415 240 002 861,true,5,240,415,861,<END>,<END>,0,true,terminal,other_after_002
2725.1,M-200,Mohenjo-daro,Lower Indus,SEAL:S,Steatite,square,Bull1:J,SAN,Good,Y,R/L,SP,+740-222-002-820+,740 222 002 820,true,2,222,740,820,<END>,<END>,0,true,terminal,other_after_002
2729.1,M-204,Mohenjo-daro,Lower Indus,SEAL:S,Steatite,square,Bull1:S,SAN,Fair,Y,R/L,IT,+740-061-002-817+,740 061 002 817,true,2,061,740,817,<END>,<END>,0,true,terminal,other_after_002
2735.1,M-211,Mohenjo-daro,Lower Indus,SEAL:S,Steatite,square,Bull1:S,RAF,Fair,Y,R/L,LP,+090-740-100-220-002-031-165+,090 740 100 220 002 031 165,true,4,220,100,031,165,<END>,1,false,one_token_continuation,other_after_002
2737.1,M-213,Mohenjo-daro,Lower Indus,SEAL:S,Steatite,square,Bull1:J,RAF,Fair,Y,R/L,IT,+740-384-002-390-346+,740 384 002 390 346,true,2,384,740,390,346,<END>,1,false,one_token_continuation,other_after_002
2745.1,M-221,Mohenjo-daro,Lower Indus,SEAL:S,-,square,Bull1:I,SAN,Poor,Y,R/L,LP,+740-760-335-220-032-002-820+,740 760 335 220 032 002 820,true,5,032,220,820,<END>,<END>,0,true,terminal,after_032
2749.1,M-225,Mohenjo-daro,Lower Indus,SEAL:S,Steatite,square,Bull1:S,SAN,Good,Y,R/L,IT,+241-002-880+,241 002 880,true,1,241,<START>,880,<END>,<END>,0,true,terminal,other_after_002
2756.1,M-232,Mohenjo-daro,Lower Indus,SEAL:S,Steatite,square,Bull2,SAF,Good,Y,R/L,IM,+236-002-390-707+,236 002 390 707,true,1,236,<START>,390,707,<END>,1,false,one_token_continuation,other_after_002
2762.1,M-239,Mohenjo-daro,Lower Indus,SEAL:S,Steatite,square,Gaur,Trough,Good,Y,R/L,SP,+740-760-921-235-002-112+,740 760 921 235 002 112,true,4,235,921,112,<END>,<END>,0,true,terminal,other_after_002
2763.1,M-240,Mohenjo-daro,Lower Indus,SEAL:S,Steatite,square,Gaur,Trough,Good,Y,R/L,LP,+520-240-220-032-002-861-603+,520 240 220 032 002 861 603,true,4,032,220,861,603,<END>,1,false,one_token_continuation,after_032
2765.1,M-242,Mohenjo-daro,Lower Indus,SEAL:S,Steatite,square,Gaur,Trough,Good,Y,R/L,IT,+740-721-002-301-350+,740 721 002 301 350,true,2,721,740,301,350,<END>,1,false,one_token_continuation,other_after_002
2768.1,M-245,Mohenjo-daro,Lower Indus,SEAL:S,Steatite,square,Gaur,Trough,Good,Y,R/L,LP,+740-760-070-921-460-503-002-817+,740 760 070 921 460 503 002 817,true,6,503,460,817,<END>,<END>,0,true,terminal,other_after_002
2769.1,M-246,Mohenjo-daro,Lower Indus,SEAL:S,Steatite,square,Gaur,Trough,Fair,Y,R/L,SP,+740-503-235-233-002-817+,740 503 235 233 002 817,true,4,233,235,817,<END>,<END>,0,true,terminal,other_after_002
2771.1,M-248,Mohenjo-daro,Lower Indus,SEAL:S,Steatite,square,Gaur,Trough,Good,Y,R/L,MS,+740-100-415-002-705-590+,740 100 415 002 705 590,true,3,415,100,705,590,<END>,1,false,one_token_continuation,other_after_002
2774.1,M-251,Mohenjo-daro,Lower Indus,SEAL:S,Steatite,square,Gaur,Trough,Fair,Y,R/L,IM,+390-003-002-125-350+,390 003 002 125 350,true,2,003,390,125,350,<END>,1,false,one_token_continuation,other_after_002
2776.1,M-253,Mohenjo-daro,Lower Indus,SEAL:S,Steatite,square,Gaur,Trough,Good,Y,R/L,IT,+527-550-803-002-368-518+,527 550 803 002 368 518,true,3,803,550,368,518,<END>,1,false,one_token_continuation,other_after_002
2781.1,M-258,Mohenjo-daro,Lower Indus,SEAL:S,Steatite,square,Zebu,None,Fine,Y,R/L,2L,+384-575/892-706-717-002-861+,384 575 892 706 717 002 861,false,5,717,706,861,<END>,<END>,0,true,terminal,other_after_002
2782.1,M-259,Mohenjo-daro,Lower Indus,SEAL:S,Steatite,square,Zebu,None,Good,Y,R/L,SP,+520-231-002-817+,520 231 002 817,true,2,231,520,817,<END>,<END>,0,true,terminal,other_after_002
2783.1,M-260,Mohenjo-daro,Lower Indus,SEAL:S,Faience,square,Zebu,None,Good,Y,R/L,SP,+090-740-220-014-002-820+,090 740 220 014 002 820,true,4,014,220,820,<END>,<END>,0,true,terminal,other_after_002
2790.1,M-267,Mohenjo-daro,Lower Indus,SEAL:S,Steatite,square,Buff,Trough,Fair,Y,R/L,IT,+740-630-155-002-679+,740 630 155 002 679,true,3,155,630,679,<END>,<END>,0,true,terminal,other_after_002
2793.1,M-272,Mohenjo-daro,Lower Indus,SEAL:S,Faience,square,Goat:6,None,Fine,Y,R/L,SS,+002-818+,002 818,true,0,<START>,<START>,818,<END>,<END>,0,true,terminal,other_after_002
2799.1,M-278,Mohenjo-daro,Lower Indus,SEAL:S,Steatite,square,Elep,None,Good,Y,R/L,IT,+621-390-004-002-817+,621 390 004 002 817,true,3,004,390,817,<END>,<END>,0,true,terminal,other_after_002
2800.1,M-279,Mohenjo-daro,Lower Indus,SEAL:S,Steatite,square,Elep,None,Poor,N,R/L,??,+520-220-415-002-700-000+,520 220 415 002 700 000,false,3,415,220,700,000,<END>,1,false,one_token_continuation,other_after_002
2801.1,M-280,Mohenjo-daro,Lower Indus,SEAL:S,Steatite,square,Elep,None,Fair,Y,R/L,LP,+740-482-240-002-944-920-140+,740 482 240 002 944 920 140,true,3,240,482,944,920,140,2,false,multi_token_continuation,other_after_002
2806.1,M-285,Mohenjo-daro,Lower Indus,SEAL:S,Steatite,square,Elep,None,Fine,Y,R/L,SP,+504-350-240-002-861+,504 350 240 002 861,true,3,240,350,861,<END>,<END>,0,true,terminal,other_after_002
2809.1,M-289,Mohenjo-daro,Lower Indus,SEAL:S,Steatite,square,Tigr,Trough,Fine,Y,R/L,SP,+740-176-240-002-817+,740 176 240 002 817,true,3,240,176,817,<END>,<END>,0,true,terminal,other_after_002
2815.1,M-295,Mohenjo-daro,Lower Indus,SEAL:S,Steatite,square,Comp,None,Poor,?,R/L,UC,+621/090-740/002-861+,621 090 740 002 861,false,3,740,090,861,<END>,<END>,0,true,terminal,other_after_002
2824.1,M-305,Mohenjo-daro,Lower Indus,SEAL:S,Steatite,square,Anth,None,Poor,N,-,??,]000-220-241-002-000[,000 220 241 002 000,false,3,241,220,000,<END>,<END>,0,true,terminal,other_after_002
2827.1,M-308,Mohenjo-daro,Lower Indus,SEAL:S,Steatite,square,T-M-T,None,Good,Y,R/L,SP,+520-220-002-727-317+,520 220 002 727 317,true,2,220,520,727,317,<END>,1,false,one_token_continuation,other_after_002
2828.1,M-309,Mohenjo-daro,Lower Indus,SEAL:S,Steatite,square,T-A-T,None,Good,Y,R/L,IT,+224-740-061-002-824+,224 740 061 002 824,true,3,061,740,824,<END>,<END>,0,true,terminal,other_after_002
2830.1,M-311,Mohenjo-daro,Lower Indus,SEAL:S,Steatite,square,Comp,None,Good,Y,R/L,SC,+401-002-368-165+,401 002 368 165,true,1,401,<START>,368,165,<END>,1,false,one_token_continuation,other_after_002
2832.1,M-314,Mohenjo-daro,Lower Indus,SEAL:S,Steatite,square,None,None,Good,Y,R/L,3L,+953-817-390-125-308-809-033/740-760-706-466/520-231-240-235-002-820+,953 817 390 125 308 809 033 740 760 706 466 520 231 240 235 002 820,false,15,235,240,820,<END>,<END>,0,true,terminal,other_after_002
2833.1,M-315,Mohenjo-daro,Lower Indus,SEAL:S,Steatite,square,None,None,Good,Y,R/L,LC,+390-034-002-374-228-741+,390 034 002 374 228 741,true,2,034,390,374,228,741,2,false,multi_token_continuation,other_after_002
2834.1,M-316,Mohenjo-daro,Lower Indus,SEAL:S,Steatite,square,None,None,Poor,Y,L/R,SC,+367-390-710-002-861+,367 390 710 002 861,true,3,710,390,861,<END>,<END>,0,true,terminal,other_after_002
2836.2,M-318,Mohenjo-daro,Lower Indus,SEAL:S,Steatite,square,Zebu,None,Good,Y,R/L,IM,+390-003-002-031-575+,390 003 002 031 575,true,2,003,390,031,575,<END>,1,false,one_token_continuation,other_after_002
2843.1,M-325,Mohenjo-daro,Lower Indus,SEAL:S,Steatite,square,Bull1:L,SAN,Good,Y,R/L,IM,+241-803-002-850-493+,241 803 002 850 493,true,2,803,241,850,493,<END>,1,false,one_token_continuation,other_after_002
2843.2,M-325,Mohenjo-daro,Lower Indus,SEAL:S,Steatite,square,Bull1:L,SAN,Good,Y,R/L,IM,+241-803-002-850-491+,241 803 002 850 491,true,2,803,241,850,491,<END>,1,false,one_token_continuation,other_after_002
2845.1,M-327,Mohenjo-daro,Lower Indus,SEAL:S,Steatite,square,Bull1:J,RAN,Good,Y,R/L,IT,+740-519-002-861+,740 519 002 861,true,2,519,740,861,<END>,<END>,0,true,terminal,other_after_002
2847.1,M-329,Mohenjo-daro,Lower Indus,SEAL:S,Steatite,square,None,None,Fair,Y,R/L,SS,+002-861-698+,002 861 698,true,0,<START>,<START>,861,698,<END>,1,false,one_token_continuation,other_after_002
2848.1,M-330,Mohenjo-daro,Lower Indus,SEAL:S,Steatite,square,None,None,Fair,Y,R/L,SS,+002-861-698+,002 861 698,true,0,<START>,<START>,861,698,<END>,1,false,one_token_continuation,other_after_002
2850.1,M-354,Mohenjo-daro,Lower Indus,SEAL:R,Steatite,cuboid-convex,None,None,Fine,Y,R/L,LP,+740-729-407-845-236-002-906-125+,740 729 407 845 236 002 906 125,true,5,236,845,906,125,<END>,1,false,one_token_continuation,other_after_002
2851.1,M-355,Mohenjo-daro,Lower Indus,SEAL:R,Steatite,cuboid-convex,None,None,Good,Y,R/L,LP,+740-877-032-033-705-231-235-002-861-360-520-919-140+,740 877 032 033 705 231 235 002 861 360 520 919 140,true,7,235,231,861,360,520,4,false,multi_token_continuation,other_after_002
2854.1,M-358,Mohenjo-daro,Lower Indus,SEAL:R,Steatite,cuboid-convex,None,None,Good,Y,R/L,LP,+003-001-520-240-806-002-502-031+,003 001 520 240 806 002 502 031,true,5,806,240,502,031,<END>,1,false,one_token_continuation,other_after_002
2855.1,M-359,Mohenjo-daro,Lower Indus,SEAL:R,Steatite,cuboid-convex,None,None,Fair,Y,R/L,LP,+740-405-590-220-235-803-002-388-385-705-632+,740 405 590 220 235 803 002 388 385 705 632,true,6,803,235,388,385,705,3,false,multi_token_continuation,other_after_002
2858.1,M-362,Mohenjo-daro,Lower Indus,SEAL:R,Steatite,cuboid-convex,None,None,Fine,Y,R/L,IT,+740-007-503-002-817+,740 007 503 002 817,true,3,503,007,817,<END>,<END>,0,true,terminal,other_after_002
2860.1,M-364,Mohenjo-daro,Lower Indus,SEAL:R,Steatite,cuboid-convex,None,None,Good,Y,R/L,IT,+740-354-002-817+,740 354 002 817,true,2,354,740,817,<END>,<END>,0,true,terminal,other_after_002
2863.1,M-367,Mohenjo-daro,Lower Indus,SEAL:R,Steatite,cuboid-convex,None,None,Poor,N,R/L,??,+001-226-032-002-454+,001 226 032 002 454,false,3,032,226,454,<END>,<END>,0,true,terminal,after_032
2871.1,M-375,Mohenjo-daro,Lower Indus,SEAL:R,Steatite,cuboid-convex,None,None,Good,Y,R/L,LP,+740-100-233-220-032-002-820+,740 100 233 220 032 002 820,true,5,032,220,820,<END>,<END>,0,true,terminal,after_032
2872.1,M-376,Mohenjo-daro,Lower Indus,SEAL:R,Steatite,cuboid-convex,None,None,Fair,Y,R/L,IT,+740-100-176-002-861-533-717+,740 100 176 002 861 533 717,true,3,176,100,861,533,717,2,false,multi_token_continuation,other_after_002
2877.1,M-381,Mohenjo-daro,Lower Indus,SEAL:R,Steatite,cuboid-convex,None,None,Good,Y,R/L,LP,+740-055-220-032-798-002-820+,740 055 220 032 798 002 820,true,5,798,032,820,<END>,<END>,0,true,terminal,other_after_002
2880.1,M-384,Mohenjo-daro,Lower Indus,SEAL:R,Steatite,cuboid-convex,None,None,Good,Y,R/L,SP,+740-900-003-803-002-820+,740 900 003 803 002 820,true,4,803,003,820,<END>,<END>,0,true,terminal,other_after_002
2881.1,M-385,Mohenjo-daro,Lower Indus,SEAL:R,Steatite,cuboid-convex,None,None,Good,Y,R/L,IM,+407-004-002-820+,407 004 002 820,true,2,004,407,820,<END>,<END>,0,true,terminal,other_after_002
2887.1,M-391,Mohenjo-daro,Lower Indus,SEAL:R,-,cuboid-convex,None,None,Good,Y,R/L,LP,+405-845-686-740-793-003-233-805-002-861-533-717+,405 845 686 740 793 003 233 805 002 861 533 717,true,8,805,233,861,533,717,2,false,multi_token_continuation,other_after_002
2889.1,M-393,Mohenjo-daro,Lower Indus,SEAL:R,Steatite,cuboid-convex,None,None,Good,Y,R/L,LP,+679-740-575-017-240-806-002-540+,679 740 575 017 240 806 002 540,true,6,806,240,540,<END>,<END>,0,true,terminal,other_after_002
2904.1,M-408,Mohenjo-daro,Lower Indus,SEAL:R,Steatite,cuboid,None,None,Good,Y,R/L,IM,+407-061-002-817+,407 061 002 817,true,2,061,407,817,<END>,<END>,0,true,terminal,other_after_002
2909.1,M-413,Mohenjo-daro,Lower Indus,SEAL:R,Steatite,prism,None,None,Good,?,R/L,UC,]415-798-002-354-004+,415 798 002 354 004,false,2,798,415,354,004,<END>,1,false,one_token_continuation,other_after_002
2929.1,M-437,Mohenjo-daro,Lower Indus,TAG:P,Clay,square,Zebu,None,Fair,Y,R/L,IT,+740-390-590-002-820+,740 390 590 002 820,true,3,590,390,820,<END>,<END>,0,true,terminal,other_after_002
2936.1,M-451,Mohenjo-daro,Lower Indus,TAB:B,-,rectangular,Mult,-,Poor,N,R/L,??,+000-002-520-000-000-000-906-388+,000 002 520 000 000 000 906 388,false,1,000,<START>,520,000,000,5,false,multi_token_continuation,other_after_002
2938.1,M-453,Mohenjo-daro,Lower Indus,TAB:B,Faience,rectangular,Scene,None,Fair,Y,R/L,SP,+740-032-840-220-002-861+,740 032 840 220 002 861,true,4,220,840,861,<END>,<END>,0,true,terminal,other_after_002
2939.1,M-454,Mohenjo-daro,Lower Indus,TAB:B,-,rectangular,Scene,-,Poor,N,R/L,??,+740-032-840-240-002-000+,740 032 840 240 002 000,false,4,240,840,000,<END>,<END>,0,true,terminal,other_after_002
2956.1,M-471,Mohenjo-daro,Lower Indus,TAB:B,-,rectangular,None,None,Fair,Y,R/L,SP,+740-100-415-191-002-817+,740 100 415 191 002 817,true,4,191,415,817,<END>,<END>,0,true,terminal,other_after_002
2972.1,M-490,Mohenjo-daro,Lower Indus,TAB:B,Clay,prism,Scene,Mult,Poor,Y,R/L,LC,+850-140-803-002-840-016+,850 140 803 002 840 016,true,3,803,140,840,016,<END>,1,false,one_token_continuation,other_after_002
2973.1,M-491,Mohenjo-daro,Lower Indus,TAB:B,Clay,prism,Scene,Mult,Poor,Y,R/L,LC,+850-140-803-002-840-016+,850 140 803 002 840 016,true,3,803,140,840,016,<END>,1,false,one_token_continuation,other_after_002
2985.2,M-509,Mohenjo-daro,Lower Indus,TAB:C,Copper,square,None,None,Poor,Y,R/L,IT,+405-240-740-176-002-326+,405 240 740 176 002 326,true,4,176,740,326,<END>,<END>,0,true,terminal,other_after_002
2986.2,M-510,Mohenjo-daro,Lower Indus,TAB:C,Copper,square,None,None,Poor,Y,R/L,IT,+405-240-740-176-002-326+,405 240 740 176 002 326,true,4,176,740,326,<END>,<END>,0,true,terminal,other_after_002
3047.1,M-577,Mohenjo-daro,Lower Indus,TAB:C,Copper,rectangular,Othr,None,Poor,Y,R/L,2L,+617-142-597-032-905/407-004-002-365-460-495+,617 142 597 032 905 407 004 002 365 460 495,false,7,004,407,365,460,495,2,false,multi_token_continuation,other_after_002
3074.1,M-623,Mohenjo-daro,Lower Indus,SEAL:S,-,square,Bull1:W,S,Poor,Y,R/L,LP,+740-760-175-176-220-415-798-002-299-530-820+,740 760 175 176 220 415 798 002 299 530 820,true,7,798,415,299,530,820,2,false,multi_token_continuation,other_after_002
3079.1,M-628,Mohenjo-daro,Lower Indus,SEAL:S,Steatite,square,Bull1:W,SAN,Fair,Y,R/L,LP,+740-560-233-002-291-690-564+,740 560 233 002 291 690 564,true,3,233,560,291,690,564,2,false,multi_token_continuation,other_after_002
3080.1,M-629,Mohenjo-daro,Lower Indus,SEAL:S,-,square,Bull1:W,SAN,Fine,Y,R/L,LP,+679-740-176-240-798-002-861+,679 740 176 240 798 002 861,true,5,798,240,861,<END>,<END>,0,true,terminal,other_after_002
3085.1,M-636,Mohenjo-daro,Lower Indus,SEAL:S,Steatite,square,Bull1:W,SAN,Poor,N,R/L,??,+527-555-235-220-032-002-000-216+,527 555 235 220 032 002 000 216,false,5,032,220,000,216,<END>,1,false,one_token_continuation,after_032
3088.1,M-639,Mohenjo-daro,Lower Indus,SEAL:S,-,square,Bull1,-,Poor,Y,R/L,IM,+226-415-002-190-751+,226 415 002 190 751,true,2,415,226,190,751,<END>,1,false,one_token_continuation,other_after_002
3089.1,M-644,Mohenjo-daro,Lower Indus,SEAL:S,Steatite,square,Bull1:W,SAN,Fair,Y,R/L,LP,+740-585-017-740-240-002-817-090-370+,740 585 017 740 240 002 817 090 370,true,5,240,740,817,090,370,2,false,multi_token_continuation,other_after_002
3090.1,M-646,Mohenjo-daro,Lower Indus,SEAL:S,Paste,square,Bull1,RAN,Poor,N,R/L,??,+740-760-440-000-002-817+,740 760 440 000 002 817,false,4,000,440,817,<END>,<END>,0,true,terminal,other_after_002
3094.1,M-650,Mohenjo-daro,Lower Indus,SEAL:S,Steatite,square,Bull1:W,SAN,Fair,Y,R/L,SP,+520-220-415-519-002-817+,520 220 415 519 002 817,true,4,519,415,817,<END>,<END>,0,true,terminal,other_after_002
3095.1,M-651,Mohenjo-daro,Lower Indus,SEAL:S,Steatite,square,Bull1:W,SAF,Fair,Y,R/L,SP,+740-717-220-240-002-820+,740 717 220 240 002 820,true,4,240,220,820,<END>,<END>,0,true,terminal,other_after_002
3096.1,M-653,Mohenjo-daro,Lower Indus,SEAL:S,Steatite,square,Bull1:W,SAF,Poor,Y,R/L,SP,+679-740-235-002-861+,679 740 235 002 861,true,3,235,740,861,<END>,<END>,0,true,terminal,other_after_002
3097.1,M-655,Mohenjo-daro,Lower Indus,SEAL:S,Steatite,square,Bull1,S,Fair,Y,R/L,LP,+740-717-233-002-220-880-689+,740 717 233 002 220 880 689,true,3,233,717,220,880,689,2,false,multi_token_continuation,other_after_002
3099.1,M-658,Mohenjo-daro,Lower Indus,SEAL:S,Steatite,square,Bull1:W,SAN,Poor,N,R/L,??,]000-003-070-002-002-817+,000 003 070 002 002 817,false,3,070,003,002,817,<END>,1,false,one_token_continuation,other_after_002
3099.1,M-658,Mohenjo-daro,Lower Indus,SEAL:S,Steatite,square,Bull1:W,SAN,Poor,N,R/L,??,]000-003-070-002-002-817+,000 003 070 002 002 817,false,4,002,070,817,<END>,<END>,0,true,terminal,other_after_002
3104.1,M-665,Mohenjo-daro,Lower Indus,SEAL:S,Steatite,square,Bull1,R,Poor,Y,R/L,2L,+871-740-643/740-798-463-350-002-374-575+,871 740 643 740 798 463 350 002 374 575,false,7,350,463,374,575,<END>,1,false,one_token_continuation,other_after_002
3115.1,M-677,Mohenjo-daro,Lower Indus,SEAL:S,-,square,Bull1:L,SAN,Fair,Y,R/L,LP,+740-923-070-032-033-706-231-242-002-861-901+,740 923 070 032 033 706 231 242 002 861 901,true,8,242,231,861,901,<END>,1,false,one_token_continuation,other_after_002
3116.1,M-678,Mohenjo-daro,Lower Indus,SEAL:S,Steatite,square,Bull1:W,SAN,Good,Y,R/L,LP,+740-752-006-503-236-806-002-031-502+,740 752 006 503 236 806 002 031 502,true,6,806,236,031,502,<END>,1,false,one_token_continuation,other_after_002
3119.1,M-683,Mohenjo-daro,Lower Indus,SEAL:S,Steatite,square,Bull1,-,Poor,Y,R/L,LP,+740-798-231-002-298-460-032+,740 798 231 002 298 460 032,true,3,231,798,298,460,032,2,false,continues_with_later_032,other_after_002
3123.1,M-692,Mohenjo-daro,Lower Indus,SEAL:S,Steatite,square,Bull1,-,Poor,N,R/L,??,+000-004-002-817-000[,000 004 002 817 000,false,2,004,000,817,000,<END>,1,false,one_token_continuation,other_after_002
3126.1,M-699,Mohenjo-daro,Lower Indus,SEAL:S,Steatite,square,Bull1:W,SAN,Good,Y,R/L,MS,+740-100-415-002-130-035-171+,740 100 415 002 130 035 171,true,3,415,100,130,035,171,2,false,multi_token_continuation,other_after_002
3128.1,M-701,Mohenjo-daro,Lower Indus,SEAL:S,Steatite,square,Bull1:W,SAN,Poor,N,R/L,??,]000-002-824+,000 002 824,false,1,000,<START>,824,<END>,<END>,0,true,terminal,other_after_002
3130.1,M-703,Mohenjo-daro,Lower Indus,SEAL:S,Steatite,square,Bull1:W,SAF,Fair,N,R/L,??,+000-000-233-235-002-817+,000 000 233 235 002 817,false,4,235,233,817,<END>,<END>,0,true,terminal,other_after_002
3133.1,M-706,Mohenjo-daro,Lower Indus,SEAL:S,Steatite,square,Bull1:W,SAN,Poor,Y,R/L,SP,+740-773-240-002-861-031+,740 773 240 002 861 031,true,3,240,773,861,031,<END>,1,false,one_token_continuation,other_after_002
3134.1,M-708,Mohenjo-daro,Lower Indus,SEAL:S,Steatite,square,Bull1:W,S,Fair,Y,R/L,IT,+740-061-002-390-140+,740 061 002 390 140,true,2,061,740,390,140,<END>,1,false,one_token_continuation,other_after_002
3137.1,M-712,Mohenjo-daro,Lower Indus,SEAL:S,Steatite,square,Bull1:W,SAF,Poor,Y,R/L,IM,+390-003-002-861+,390 003 002 861,true,2,003,390,861,<END>,<END>,0,true,terminal,other_after_002
3138.1,M-713,Mohenjo-daro,Lower Indus,SEAL:S,Steatite,square,Bull1,S,Fair,Y,R/L,IM,+226-803-717-002-764+,226 803 717 002 764,true,3,717,803,764,<END>,<END>,0,true,terminal,other_after_002
3139.1,M-714,Mohenjo-daro,Lower Indus,SEAL:S,Steatite,square,Bull1:W,-,Fair,Y,R/L,LP,+740-585-017-033-705-233-798-803-002-861-603+,740 585 017 033 705 233 798 803 002 861 603,true,8,803,798,861,603,<END>,1,false,one_token_continuation,other_after_002
3142.1,M-717,Mohenjo-daro,Lower Indus,SEAL:S,Steatite,square,Bull1:J,RAF,Good,Y,R/L,IT,+740-142-061-002-861+,740 142 061 002 861,true,3,061,142,861,<END>,<END>,0,true,terminal,other_after_002
3144.1,M-720,Mohenjo-daro,Lower Indus,SEAL:S,Steatite,square,Bull1,-,Poor,N,R/L,??,+000-740-923-220-032-002-817+,000 740 923 220 032 002 817,false,5,032,220,817,<END>,<END>,0,true,terminal,after_032
3145.1,M-721,Mohenjo-daro,Lower Indus,SEAL:S,Steatite,square,Bull1,-,Poor,N,R/L,??,]000-233-002-111-700+,000 233 002 111 700,false,2,233,000,111,700,<END>,1,false,one_token_continuation,other_after_002
3146.1,M-722,Mohenjo-daro,Lower Indus,SEAL:S,Steatite,square,Bull1,-,Poor,Y,R/L,LP,+740-585-240-220-032-002-817+,740 585 240 220 032 002 817,true,5,032,220,817,<END>,<END>,0,true,terminal,after_032
3147.1,M-723,Mohenjo-daro,Lower Indus,SEAL:S,Steatite,square,Bull1,-,Fair,Y,R/L,LP,+740-460-510-235-220-032-002-861+,740 460 510 235 220 032 002 861,true,6,032,220,861,<END>,<END>,0,true,terminal,after_032
3148.1,M-724,Mohenjo-daro,Lower Indus,SEAL:S,-,square,Bull1:J,SAN,Good,Y,R/L,IM,+390-721-790-002-861+,390 721 790 002 861,true,3,790,721,861,<END>,<END>,0,true,terminal,other_after_002
3150.1,M-726,Mohenjo-daro,Lower Indus,SEAL:S,-,square,Bull1:T,SAN,Fair,Y,R/L,LP,+031-850-140-236-220-032-803-002-820+,031 850 140 236 220 032 803 002 820,true,7,803,032,820,<END>,<END>,0,true,terminal,other_after_002
3151.1,M-727,Mohenjo-daro,Lower Indus,SEAL:S,Steatite,square,Bull1:W,SAN,Good,Y,R/L,IT,+740-100-415-002-820+,740 100 415 002 820,true,3,415,100,820,<END>,<END>,0,true,terminal,other_after_002
3152.1,M-728,Mohenjo-daro,Lower Indus,SEAL:S,Steatite,square,Bull1:V,HBN,Good,Y,R/L,IT,+740-575-017-002-820+,740 575 017 002 820,true,3,017,575,820,<END>,<END>,0,true,terminal,other_after_002
3156.1,M-732,Mohenjo-daro,Lower Indus,SEAL:S,Steatite,square,Bull1:V,RAF,Good,Y,R/L,MT,+520-400-350-002-817+,520 400 350 002 817,true,3,350,400,817,<END>,<END>,0,true,terminal,other_after_002
3159.1,M-735,Mohenjo-daro,Lower Indus,SEAL:S,Steatite,square,Bull1:U,HAF,Poor,Y,R/L,LP,+740-760-235-002-390-125-195+,740 760 235 002 390 125 195,true,3,235,760,390,125,195,2,false,multi_token_continuation,other_after_002
3163.1,M-739,Mohenjo-daro,Lower Indus,SEAL:S,-,square,Bull1:J,RAF,Fair,Y,R/L,IT,+090-740-100-415-002-031-350-550-692+,090 740 100 415 002 031 350 550 692,true,4,415,100,031,350,550,3,false,multi_token_continuation,other_after_002
3179.1,M-756,Mohenjo-daro,Lower Indus,SEAL:S,Steatite,square,Bull1:W,-,Poor,Y,R/L,IT,+740-100-176-002-812-031+,740 100 176 002 812 031,true,3,176,100,812,031,<END>,1,false,one_token_continuation,other_after_002
3184.1,M-761,Mohenjo-daro,Lower Indus,SEAL:S,Steatite,square,Bull1,-,Poor,?,R/L,UC,]002-741-455-125+,002 741 455 125,false,0,<START>,<START>,741,455,125,2,false,multi_token_continuation,other_after_002
3190.1,M-776,Mohenjo-daro,Lower Indus,SEAL:S,Steatite,square,Bull1:J,SAN,Fair,Y,R/L,LP,+740-032-840-585-017-002-817+,740 032 840 585 017 002 817,true,5,017,585,817,<END>,<END>,0,true,terminal,other_after_002
3194.1,M-780,Mohenjo-daro,Lower Indus,SEAL:S,Steatite,square,Bull1:W,SBN,Poor,Y,R/L,IT,+740-773-156-002-820+,740 773 156 002 820,true,3,156,773,820,<END>,<END>,0,true,terminal,other_after_002
3195.1,M-781,Mohenjo-daro,Lower Indus,SEAL:S,Steatite,square,Bull1:S,SAN,Fair,Y,R/L,IT,+520-033-706-002-861+,520 033 706 002 861,true,3,706,033,861,<END>,<END>,0,true,terminal,other_after_002
3197.1,M-783,Mohenjo-daro,Lower Indus,SEAL:S,Steatite,square,Bull1:S,SAN,Good,Y,R/L,IT,+151-061-002-861+,151 061 002 861,true,2,061,151,861,<END>,<END>,0,true,terminal,other_after_002
3199.1,M-785,Mohenjo-daro,Lower Indus,SEAL:S,Steatite,square,Bull1:S,SAN,Poor,Y,R/L,IT,+740-255-705-002-861+,740 255 705 002 861,true,3,705,255,861,<END>,<END>,0,true,terminal,other_after_002
3201.1,M-787,Mohenjo-daro,Lower Indus,SEAL:S,Steatite,square,Bull1:S,SAN,Poor,N,R/L,??,+151-000-002-000+,151 000 002 000,false,2,000,151,000,<END>,<END>,0,true,terminal,other_after_002
3202.1,M-788,Mohenjo-daro,Lower Indus,SEAL:S,-,square,Bull1:J,SAN,Fair,Y,R/L,SP,+740-482-235-002-824+,740 482 235 002 824,true,3,235,482,824,<END>,<END>,0,true,terminal,other_after_002
3206.1,M-792,Mohenjo-daro,Lower Indus,SEAL:S,Steatite,square,Bull1:S,SAN,Fair,Y,R/L,IT,+679-740-575-017-002-817+,679 740 575 017 002 817,true,4,017,575,817,<END>,<END>,0,true,terminal,other_after_002
3207.1,M-793,Mohenjo-daro,Lower Indus,SEAL:S,-,square,Bull1:W,SAN,Poor,Y,R/L,LP,+740-388-235-240-798-002-861+,740 388 235 240 798 002 861,true,5,798,240,861,<END>,<END>,0,true,terminal,other_after_002
3208.1,M-794,Mohenjo-daro,Lower Indus,SEAL:S,Steatite,square,Bull1:S,SAN,Good,Y,R/L,SP,+804-231-002-861+,804 231 002 861,true,2,231,804,861,<END>,<END>,0,true,terminal,other_after_002
3209.1,M-795,Mohenjo-daro,Lower Indus,SEAL:S,Steatite,square,Bull1:W,SAN,Poor,Y,R/L,IT,+156-260-002-817+,156 260 002 817,true,2,260,156,817,<END>,<END>,0,true,terminal,other_after_002
3217.1,M-803,Mohenjo-daro,Lower Indus,SEAL:S,Steatite,square,Bull1,SAN,Poor,Y,R/L,IM,+390-005-002-817+,390 005 002 817,true,2,005,390,817,<END>,<END>,0,true,terminal,other_after_002
3222.1,M-809,Mohenjo-daro,Lower Indus,SEAL:S,Steatite,square,Bull1,SAN,Good,Y,R/L,IT,+520-460-495-002-595-906+,520 460 495 002 595 906,true,3,495,460,595,906,<END>,1,false,one_token_continuation,other_after_002
3226.1,M-813,Mohenjo-daro,Lower Indus,SEAL:S,-,square,Bull1:S,SAN,Good,Y,R/L,IT,+161-390-590-002-861+,161 390 590 002 861,true,3,590,390,861,<END>,<END>,0,true,terminal,other_after_002
3228.1,M-815,Mohenjo-daro,Lower Indus,SEAL:S,Faience,square,Bull1:W,SAN,Good,Y,R/L,SP,+520-070-233-798-002-861+,520 070 233 798 002 861,true,4,798,233,861,<END>,<END>,0,true,terminal,other_after_002
3229.1,M-816,Mohenjo-daro,Lower Indus,SEAL:S,Steatite,square,Bull1:S,SAN,Good,Y,R/L,IT,+740-690-435-255-002-817+,740 690 435 255 002 817,true,4,255,435,817,<END>,<END>,0,true,terminal,other_after_002
3232.1,M-819,Mohenjo-daro,Lower Indus,SEAL:S,Steatite,square,Bull1:J,SAN,Good,Y,R/L,SP,+520-233-240-803-002-817+,520 233 240 803 002 817,true,4,803,240,817,<END>,<END>,0,true,terminal,other_after_002
3236.1,M-823,Mohenjo-daro,Lower Indus,SEAL:S,Steatite,square,Bull1:S,SAN,Fair,Y,R/L,IT,+740-061-002-817+,740 061 002 817,true,2,061,740,817,<END>,<END>,0,true,terminal,other_after_002
3238.1,M-825,Mohenjo-daro,Lower Indus,SEAL:S,Steatite,square,Bull1:J,SAN,Poor,?,R/L,UC,]002-817+,002 817,false,0,<START>,<START>,817,<END>,<END>,0,true,terminal,other_after_002
3239.1,M-827,Mohenjo-daro,Lower Indus,SEAL:S,Steatite,square,Bull1:S,SAN,Fair,N,R/L,??,+226-240-002-000[,226 240 002 000,false,2,240,226,000,<END>,<END>,0,true,terminal,other_after_002
3245.1,M-833,Mohenjo-daro,Lower Indus,SEAL:S,Steatite,square,Bull1:W,SAF,Good,Y,R/L,SP,+527-550-740-240-002-808+,527 550 740 240 002 808,true,4,240,740,808,<END>,<END>,0,true,terminal,other_after_002
3246.1,M-834,Mohenjo-daro,Lower Indus,SEAL:S,Faience,square,Bull1:J,SAN,Good,Y,R/L,IT,+151-390-590-900-002-861+,151 390 590 900 002 861,true,4,900,590,861,<END>,<END>,0,true,terminal,other_after_002
3247.1,M-835,Mohenjo-daro,Lower Indus,SEAL:S,Steatite,square,Bull1,SAN,Poor,N,R/L,??,+090-740-035-171-000-002-817+,090 740 035 171 000 002 817,false,5,000,171,817,<END>,<END>,0,true,terminal,other_after_002
3251.1,M-839,Mohenjo-daro,Lower Indus,SEAL:S,Steatite,square,Bull1:L,SAN,Good,Y,R/L,IT,+740-100-415-002-817+,740 100 415 002 817,true,3,415,100,817,<END>,<END>,0,true,terminal,other_after_002
3257.1,M-845,Mohenjo-daro,Lower Indus,SEAL:S,Steatite,square,Bull1:W,S,Poor,N,R/L,??,+000-061-002-460-632+,000 061 002 460 632,false,2,061,000,460,632,<END>,1,false,one_token_continuation,other_after_002
3261.1,M-849,Mohenjo-daro,Lower Indus,SEAL:S,Steatite,square,Bull1:J,RAN,Good,Y,R/L,IT,+151-350-002-550-615+,151 350 002 550 615,true,2,350,151,550,615,<END>,1,false,one_token_continuation,other_after_002
3262.1,M-850,Mohenjo-daro,Lower Indus,SEAL:S,Steatite,square,Bull1:L,RAN,Fair,Y,R/L,IT,+740-100-415-002-861+,740 100 415 002 861,true,3,415,100,861,<END>,<END>,0,true,terminal,other_after_002
3263.1,M-851,Mohenjo-daro,Lower Indus,SEAL:S,Steatite,square,Bull1:W,RAN,Fair,Y,R/L,IT,+621-740-390-590-002-817+,621 740 390 590 002 817,true,4,590,390,817,<END>,<END>,0,true,terminal,other_after_002
3265.1,M-853,Mohenjo-daro,Lower Indus,SEAL:S,Steatite,square,Bull1:S,RAN,Fair,Y,R/L,IT,+090-740-792-002-817+,090 740 792 002 817,true,3,792,740,817,<END>,<END>,0,true,terminal,other_after_002
3267.1,M-855,Mohenjo-daro,Lower Indus,SEAL:S,Steatite,square,Bull1,-,Fair,Y,R/L,LC,+861-260-832-390-590-002-817-690-544+,861 260 832 390 590 002 817 690 544,true,5,590,390,817,690,544,2,false,multi_token_continuation,other_after_002
3277.1,M-866,Mohenjo-daro,Lower Indus,SEAL:S,Steatite,square,Bull1:I,SAN,Poor,N,R/L,??,+740-482-233-002-000+,740 482 233 002 000,false,3,233,482,000,<END>,<END>,0,true,terminal,other_after_002
3278.1,M-868,Mohenjo-daro,Lower Indus,SEAL:S,-,square,Bull1:W,SAN,Fair,Y,R/L,LP,+520-033-705-231-220-002-817+,520 033 705 231 220 002 817,true,5,220,231,817,<END>,<END>,0,true,terminal,other_after_002
3279.1,M-869,Mohenjo-daro,Lower Indus,SEAL:S,-,square,Bull1:S,SAN,Poor,Y,R/L,IT,+740-100-415-002-861+,740 100 415 002 861,true,3,415,100,861,<END>,<END>,0,true,terminal,other_after_002
3281.1,M-872,Mohenjo-daro,Lower Indus,SEAL:S,-,square,Bull1:I,SAF,Poor,Y,R/L,IM,+390-016-002-824+,390 016 002 824,true,2,016,390,824,<END>,<END>,0,true,terminal,other_after_002
3295.1,M-889,Mohenjo-daro,Lower Indus,SEAL:S,Steatite,square,Bull1:I,RBF,Poor,Y,R/L,IT,+740-384-032-803-002-820+,740 384 032 803 002 820,true,4,803,032,820,<END>,<END>,0,true,terminal,other_after_002
3300.1,M-895,Mohenjo-daro,Lower Indus,SEAL:S,Steatite,square,Bull1,-,Poor,Y,R/L,IT,+740-048-002-817+,740 048 002 817,true,2,048,740,817,<END>,<END>,0,true,terminal,other_after_002
3302.1,M-897,Mohenjo-daro,Lower Indus,SEAL:S,Steatite,square,Bull1,-,Poor,Y,R/L,SP,+527-550-235-002-817+,527 550 235 002 817,true,3,235,550,817,<END>,<END>,0,true,terminal,other_after_002
3305.1,M-900,Mohenjo-daro,Lower Indus,SEAL:S,Steatite,square,Bull1,-,Poor,Y,R/L,LP,+740-390-590-233-220-415-798-838-002-820+,740 390 590 233 220 415 798 838 002 820,true,8,838,798,820,<END>,<END>,0,true,terminal,other_after_002
3306.1,M-901,Mohenjo-daro,Lower Indus,SEAL:S,Steatite,square,Bull1,-,Poor,Y,R/L,SP,+090-125-002-861+,090 125 002 861,true,2,125,090,861,<END>,<END>,0,true,terminal,other_after_002
3307.1,M-902,Mohenjo-daro,Lower Indus,SEAL:S,-,square,-,-,Poor,N,R/L,??,+740-798-002-000-090+,740 798 002 000 090,false,2,798,740,000,090,<END>,1,false,one_token_continuation,other_after_002
3308.1,M-903,Mohenjo-daro,Lower Indus,SEAL:S,Steatite,square,Bull1,-,Poor,Y,R/L,IT,+740-772-002-817+,740 772 002 817,true,2,772,740,817,<END>,<END>,0,true,terminal,other_after_002
3315.1,M-918,Mohenjo-daro,Lower Indus,SEAL:S,-,square,Bull1,SAN,Poor,Y,R/L,IM,+390-869-002-861+,390 869 002 861,true,2,869,390,861,<END>,<END>,0,true,terminal,other_after_002
3320.1,M-924,Mohenjo-daro,Lower Indus,SEAL:S,Steatite,square,Bull1:J,SAN,Fair,N,R/L,??,+000-772-002-817+,000 772 002 817,false,2,772,000,817,<END>,<END>,0,true,terminal,other_after_002
3329.1,M-934,Mohenjo-daro,Lower Indus,SEAL:S,Steatite,square,Bull1:W,SAF,Good,Y,R/L,SP,+526-555-235-002-861+,526 555 235 002 861,true,3,235,555,861,<END>,<END>,0,true,terminal,other_after_002
3332.1,M-937,Mohenjo-daro,Lower Indus,SEAL:S,Steatite,square,Bull1:J,S,Fair,Y,R/L,IT,+740-460-503-031-002-900-615+,740 460 503 031 002 900 615,true,4,031,503,900,615,<END>,1,false,one_token_continuation,other_after_002
3335.1,-,Unknown,Other,SEAL:S,-,square,Bull1:J,RAF,Good,Y,R/L,MS,+740-205-032-002-390-590-032+,740 205 032 002 390 590 032,true,3,032,205,390,590,032,2,false,continues_with_later_032,after_032
3336.1,M-941,Mohenjo-daro,Lower Indus,SEAL:S,Steatite,square,Bull1:S,SAN,Good,N,R/L,??,+000-642-240-031-002-861+,000 642 240 031 002 861,false,4,031,240,861,<END>,<END>,0,true,terminal,other_after_002
3343.1,M-948,Mohenjo-daro,Lower Indus,SEAL:S,Steatite,square,Bull1,S,Fair,Y,R/L,MS,+426-003-002-388-031+,426 003 002 388 031,true,2,003,426,388,031,<END>,1,false,one_token_continuation,other_after_002
3352.1,M-957,Mohenjo-daro,Lower Indus,SEAL:S,Steatite,square,Bull1,-,Poor,Y,R/L,IT,+740-760-705-002-577+,740 760 705 002 577,true,3,705,760,577,<END>,<END>,0,true,terminal,other_after_002
3353.1,M-958,Mohenjo-daro,Lower Indus,SEAL:S,Steatite,square,Bull1:J,RAF,Good,Y,R/L,IT,+740-772-240-002-900-003-590+,740 772 240 002 900 003 590,true,3,240,772,900,003,590,2,false,multi_token_continuation,other_after_002
3372.1,M-979,Mohenjo-daro,Lower Indus,SEAL:S,Faience,square,Bull1:J,RAN,Good,Y,R/L,2L,+740-773-240/002-900-003-590+,740 773 240 002 900 003 590,false,3,240,773,900,003,590,2,false,multi_token_continuation,other_after_002
3394.1,M-1002,Mohenjo-daro,Lower Indus,SEAL:S,-,square,Bull1,-,Poor,Y,R/L,IT,+740-373-031-002-315-850+,740 373 031 002 315 850,true,3,031,373,315,850,<END>,1,false,one_token_continuation,other_after_002
3409.1,M-1027,Mohenjo-daro,Lower Indus,SEAL:S,-,square,-,-,Poor,N,R/L,??,+740-176-220-415-002-435-000[,740 176 220 415 002 435 000,false,4,415,220,435,000,<END>,1,false,one_token_continuation,other_after_002
3421.1,M-1044,Mohenjo-daro,Lower Indus,SEAL:S,Steatite,square,Bull,-,Poor,Y,R/L,SP,+520-220-032-002-861+,520 220 032 002 861,true,3,032,220,861,<END>,<END>,0,true,terminal,after_032
3422.1,M-1045,Mohenjo-daro,Lower Indus,SEAL:S,Steatite,square,-,-,Poor,N,R/L,??,+740-100-415-070-032-002-820-000+,740 100 415 070 032 002 820 000,false,5,032,070,820,000,<END>,1,false,one_token_continuation,after_032
3430.1,M-1055,Mohenjo-daro,Lower Indus,SEAL,Steatite,-,-,-,Poor,N,R/L,??,+000-850-140-388-002-000[,000 850 140 388 002 000,false,4,388,140,000,<END>,<END>,0,true,terminal,other_after_002
3437.1,M-1063,Mohenjo-daro,Lower Indus,SEAL:S,Steatite,square,-,-,Poor,Y,R/L,IM,+407-004-002-861+,407 004 002 861,true,2,004,407,861,<END>,<END>,0,true,terminal,other_after_002
3448.1,M-1074,Mohenjo-daro,Lower Indus,SEAL,-,-,-,-,Poor,N,R/L,??,]002-000[,002 000,false,0,<START>,<START>,000,<END>,<END>,0,true,terminal,other_after_002
3456.1,M-1082,Mohenjo-daro,Lower Indus,SEAL:S,Steatite,square,-,-,Poor,N,R/L,??,]000-235-002-065-834+,000 235 002 065 834,false,2,235,000,065,834,<END>,1,false,one_token_continuation,other_after_002
3459.1,M-1085,Mohenjo-daro,Lower Indus,SEAL:S,Steatite,square,Gaur,Trough,Good,Y,R/L,LP,+740-100-415-798-460-350-002-817+,740 100 415 798 460 350 002 817,true,6,350,460,817,<END>,<END>,0,true,terminal,other_after_002
3462.1,M-1088,Mohenjo-daro,Lower Indus,SEAL:S,Steatite,square,Gaur,Trough,Good,Y,R/L,IT,+740-540-002-820+,740 540 002 820,true,2,540,740,820,<END>,<END>,0,true,terminal,other_after_002
3463.1,M-1089,Mohenjo-daro,Lower Indus,SEAL:S,Steatite,square,Gaur,Trough,Fair,Y,R/L,IT,+151-390-590-002-374-840+,151 390 590 002 374 840,true,3,590,390,374,840,<END>,1,false,one_token_continuation,other_after_002
3478.1,M-1107,Mohenjo-daro,Lower Indus,SEAL:S,Steatite,square,Zebu,None,Good,N,R/L,??,+565-740-240-103-002-000+,565 740 240 103 002 000,false,4,103,240,000,<END>,<END>,0,true,terminal,other_after_002
3480.1,M-1109,Mohenjo-daro,Lower Indus,SEAL:S,Steatite,square,Zebu,-,Poor,Y,R/L,SP,+520-231-002-820+,520 231 002 820,true,2,231,520,820,<END>,<END>,0,true,terminal,other_after_002
3481.1,M-1110,Mohenjo-daro,Lower Indus,SEAL:S,Steatite,square,Zebu,None,Poor,Y,R/L,IT,+740-615-104-002-817+,740 615 104 002 817,true,3,104,615,817,<END>,<END>,0,true,terminal,other_after_002
3483.1,M-1112,Mohenjo-daro,Lower Indus,SEAL:S,Steatite,square,Zebu,None,Fair,Y,R/L,2L,+740-585-220/002-130-035-171+,740 585 220 002 130 035 171,false,3,220,585,130,035,171,2,false,multi_token_continuation,other_after_002
3485.1,M-1114,Mohenjo-daro,Lower Indus,SEAL:S,Steatite,square,Zebu,None,Poor,Y,R/L,IT,+740-140-002-741-060-920+,740 140 002 741 060 920,true,2,140,740,741,060,920,2,false,multi_token_continuation,other_after_002
3486.1,M-1115,Mohenjo-daro,Lower Indus,SEAL:S,Steatite,square,Zebu,-,Poor,Y,R/L,SP,+740-335-233-002-861+,740 335 233 002 861,true,3,233,335,861,<END>,<END>,0,true,terminal,other_after_002
3490.1,M-1119,Mohenjo-daro,Lower Indus,SEAL:S,Steatite,square,Zebu,None,Good,Y,R/L,IT,+740-803-002-820-741+,740 803 002 820 741,true,2,803,740,820,741,<END>,1,false,one_token_continuation,other_after_002
3495.1,M-1126,Mohenjo-daro,Lower Indus,SEAL:S,Steatite,square,Buff,Trough,Poor,N,R/L,??,+820/000-000-031-002-817+,820 000 000 031 002 817,false,4,031,000,817,<END>,<END>,0,true,terminal,other_after_002
3502.1,M-1135,Mohenjo-daro,Lower Indus,SEAL:S,Steatite,square,Rhin,SAN,Good,Y,R/L,IT,+740-061-002-400-703+,740 061 002 400 703,true,2,061,740,400,703,<END>,1,false,one_token_continuation,other_after_002
3503.1,M-1136,Mohenjo-daro,Lower Indus,SEAL:S,-,square,Rhin,Trough,Poor,?,R/L,UC,]740-717-240-002-820+,740 717 240 002 820,false,3,240,717,820,<END>,<END>,0,true,terminal,other_after_002
3504.1,M-1137,Mohenjo-daro,Lower Indus,SEAL:S,Steatite,square,None,None,Poor,Y,R/L,IT,+740-904-002-820+,740 904 002 820,true,2,904,740,820,<END>,<END>,0,true,terminal,other_after_002
3505.1,M-1138,Mohenjo-daro,Lower Indus,SEAL:S,Steatite,square,Rhin,Trough,Fair,Y,R/L,IT,+740-585-017-002-820+,740 585 017 002 820,true,3,017,585,820,<END>,<END>,0,true,terminal,other_after_002
3506.1,M-1139,Mohenjo-daro,Lower Indus,SEAL:S,Steatite,square,Rhin,-,Poor,Y,R/L,IT,+740-416-621-002-820+,740 416 621 002 820,true,3,621,416,820,<END>,<END>,0,true,terminal,other_after_002
3509.1,M-1148,Mohenjo-daro,Lower Indus,SEAL:S,Steatite,square,Elep,None,Good,Y,R/L,SP,+520-220-002-861+,520 220 002 861,true,2,220,520,861,<END>,<END>,0,true,terminal,other_after_002
3511.1,M-1150,Mohenjo-daro,Lower Indus,SEAL:S,Steatite,square,Elep,None,Poor,Y,R/L,SP,+621-520-231-240-002-456+,621 520 231 240 002 456,true,4,240,231,456,<END>,<END>,0,true,terminal,other_after_002
3513.1,M-1152,Mohenjo-daro,Lower Indus,SEAL:S,Steatite,square,Elep,Trough,Good,Y,R/L,SP,+740-032-840-235-002-861+,740 032 840 235 002 861,true,4,235,840,861,<END>,<END>,0,true,terminal,other_after_002
3516.1,M-1155,Mohenjo-daro,Lower Indus,SEAL:S,Steatite,square,Elep,None,Good,Y,R/L,MS,+740-760-335-002-033-705+,740 760 335 002 033 705,true,3,335,760,033,705,<END>,1,false,one_token_continuation,other_after_002
3519.1,M-1159,Mohenjo-daro,Lower Indus,SEAL:S,Steatite,square,Elep,None,Good,Y,R/L,SP,+232-220-032-002-168-032+,232 220 032 002 168 032,true,3,032,220,168,032,<END>,1,false,one_token_continuation,after_032
3520.1,M-1160,Mohenjo-daro,Lower Indus,SEAL:S,Steatite,square,Elep,None,Fair,N,R/L,??,+000-136-031-002-861+,000 136 031 002 861,false,3,031,136,861,<END>,<END>,0,true,terminal,other_after_002
3521.1,M-1161,Mohenjo-daro,Lower Indus,SEAL:S,Steatite,square,Elep,None,Good,Y,R/L,SP,+520-233-031-002-861+,520 233 031 002 861,true,3,031,233,861,<END>,<END>,0,true,terminal,other_after_002
3526.1,M-1166,Mohenjo-daro,Lower Indus,SEAL:S,Steatite,square,Tigr,Trough,Good,Y,R/L,SP,+740-923-240-002-817+,740 923 240 002 817,true,3,240,923,817,<END>,<END>,0,true,terminal,other_after_002
3529.1,M-1169,Mohenjo-daro,Lower Indus,SEAL:S,Steatite,square,Comp,None,Good,Y,R/L,2L,+520-033-705-220-032/231-072-002-270-633-032+,520 033 705 220 032 231 072 002 270 633 032,false,7,072,231,270,633,032,2,false,continues_with_later_032,other_after_002
3533.1,M-1177,Mohenjo-daro,Lower Indus,SEAL:S,Steatite,square,CompBull,None,Good,Y,R/L,IT,+740-760-002-817+,740 760 002 817,true,2,760,740,817,<END>,<END>,0,true,terminal,other_after_002
3534.1,M-1178,Mohenjo-daro,Lower Indus,SEAL:S,Faience,square,None,None,Poor,N,-,??,+002-820-906-000[,002 820 906 000,false,0,<START>,<START>,820,906,000,2,false,multi_token_continuation,other_after_002
3539.1,M-1188,Mohenjo-daro,Lower Indus,SEAL:S,Steatite,square,None,None,Poor,N,R/L,??,]000/000-125-632-032/240-002-244-632+,000 000 125 632 032 240 002 244 632,false,6,240,032,244,632,<END>,1,false,one_token_continuation,other_after_002
3540.1,M-1189,Mohenjo-daro,Lower Indus,SEAL:S,Steatite,square,-,-,Poor,N,R/L,??,]861-892-692/000-220-002-824[,861 892 692 000 220 002 824,false,5,220,000,824,<END>,<END>,0,true,terminal,other_after_002
3556.2,M-1206,Mohenjo-daro,Lower Indus,SEAL:S,Steatite,square,Gaur,None,Good,Y,R/L,IT,+740-690-435-255-002-861+,740 690 435 255 002 861,true,4,255,435,861,<END>,<END>,0,true,terminal,other_after_002
3561.1,M-1226,Mohenjo-daro,Lower Indus,SEAL:S,Steatite,square,Gaur,Trough,Fair,Y,R/L,LP,+520-033-705-235-233-002-817+,520 033 705 235 233 002 817,true,5,233,235,817,<END>,<END>,0,true,terminal,other_after_002
3570.1,M-1263,Mohenjo-daro,Lower Indus,SEAL:R,Steatite,rectangular,None,None,Poor,N,R/L,??,+000-740-000-520-480-002-570+,000 740 000 520 480 002 570,false,5,480,520,570,<END>,<END>,0,true,terminal,other_after_002
3574.1,M-1267,Mohenjo-daro,Lower Indus,SEAL:R,Steatite,rectangular,None,None,Poor,Y,R/L,IT,+416-001-740-720-175-002-861+,416 001 740 720 175 002 861,true,5,175,720,861,<END>,<END>,0,true,terminal,other_after_002
3575.1,M-1268,Mohenjo-daro,Lower Indus,SEAL:R,Steatite,rectangular,None,None,Good,Y,R/L,IT,+740-455-176-002-817+,740 455 176 002 817,true,3,176,455,817,<END>,<END>,0,true,terminal,other_after_002
3580.1,M-1273,Mohenjo-daro,Lower Indus,SEAL:R,Steatite,rectangular,None,None,Good,Y,R/L,IT,+740-055-002-861-603+,740 055 002 861 603,true,2,055,740,861,603,<END>,1,false,one_token_continuation,other_after_002
3589.1,M-1284,Mohenjo-daro,Lower Indus,SEAL:R,Steatite,rectangular,None,None,Poor,Y,R/L,LP,+416-001-520-240-806-002-502-031+,416 001 520 240 806 002 502 031,true,5,806,240,502,031,<END>,1,false,one_token_continuation,other_after_002
3602.1,M-1297,Mohenjo-daro,Lower Indus,SEAL:R,Steatite,cuboid-convex,None,None,Poor,?,R/L,UC,]806-002-824+,806 002 824,false,1,806,<START>,824,<END>,<END>,0,true,terminal,other_after_002
3604.1,M-1299,Mohenjo-daro,Lower Indus,SEAL:R,Steatite,rectangular,None,None,Good,Y,R/L,LP,+527-550-033-705-233-002-817+,527 550 033 705 233 002 817,true,5,233,705,817,<END>,<END>,0,true,terminal,other_after_002
3611.1,M-1306,Mohenjo-daro,Lower Indus,SEAL:R,Steatite,rectangular,None,None,Fair,Y,R/L,SP,+740-405-590-806-002-820+,740 405 590 806 002 820,true,4,806,590,820,<END>,<END>,0,true,terminal,other_after_002
3616.1,M-1311,Mohenjo-daro,Lower Indus,SEAL:R,Steatite,rectangular,None,None,Good,Y,R/L,IT,+520-400-354-002-817+,520 400 354 002 817,true,3,354,400,817,<END>,<END>,0,true,terminal,other_after_002
3623.1,M-1318,Mohenjo-daro,Lower Indus,SEAL:R,Steatite,rectangular,None,None,Fair,Y,R/L,IT,+740-460-503-002-880+,740 460 503 002 880,true,3,503,460,880,<END>,<END>,0,true,terminal,other_after_002
3624.1,M-1319,Mohenjo-daro,Lower Indus,SEAL:R,-,cuboid-convex,None,None,Poor,?,R/L,UC,]798-806-002-904-346+,798 806 002 904 346,false,2,806,798,904,346,<END>,1,false,one_token_continuation,other_after_002
3646.1,M-1341,Mohenjo-daro,Lower Indus,SEAL:R,Steatite,rectangular,None,None,Good,Y,R/L,SC,+016-002-595-342-632+,016 002 595 342 632,true,1,016,<START>,595,342,632,2,false,multi_token_continuation,other_after_002
3648.1,M-1343,Mohenjo-daro,Lower Indus,SEAL,Steatite,-,None,None,Poor,Y,R/L,SP,+740-390-590-235-002-861+,740 390 590 235 002 861,true,4,235,590,861,<END>,<END>,0,true,terminal,other_after_002
3650.1,M-1346,Mohenjo-daro,Lower Indus,SEAL:R,-,rectangular,None,None,Poor,Y,R/L,LP,+740-861-032-233-803-002-820+,740 861 032 233 803 002 820,true,5,803,233,820,<END>,<END>,0,true,terminal,other_after_002
3654.1,M-1354,Mohenjo-daro,Lower Indus,SEAL:R,Steatite,cuboid,None,None,Poor,N,R/L,??,]000-002-820+,000 002 820,false,1,000,<START>,820,<END>,<END>,0,true,terminal,other_after_002
3657.1,M-1358,Mohenjo-daro,Lower Indus,SEAL:R,-,cuboid,None,None,Poor,Y,R/L,SC,+032-002-900-285+,032 002 900 285,true,1,032,<START>,900,285,<END>,1,false,one_token_continuation,after_032
3668.1,M-1369,Mohenjo-daro,Lower Indus,SEAL:C,Steatite,circular,None,None,Poor,N,R/L,??,]000-055-592-140-832-002-060-820[,000 055 592 140 832 002 060 820,false,5,832,140,060,820,<END>,1,false,one_token_continuation,other_after_002
3670.1,M-1371,Mohenjo-daro,Lower Indus,POT:T:s,Clay,-,None,None,Poor,Y,R/L,IT,+527-550-002-370+,527 550 002 370,true,2,550,527,370,<END>,<END>,0,true,terminal,other_after_002
3677.1,M-1381,Mohenjo-daro,Lower Indus,POT:T:s,Clay,-,None,None,Fair,Y,R/L,IT,+527-550-002-370+,527 550 002 370,true,2,550,527,370,<END>,<END>,0,true,terminal,other_after_002
3681.1,M-1385,Mohenjo-daro,Lower Indus,TAG:P,Clay,circular,Bull1,-,Poor,Y,R/L,SP,+740-760-032-002-817+,740 760 032 002 817,true,3,032,760,817,<END>,<END>,0,true,terminal,after_032
3681.2,M-1385,Mohenjo-daro,Lower Indus,TAG:P,Clay,circular,Bull1,-,Poor,?,R/L,UC,+740-760-032-002-817[,740 760 032 002 817,false,3,032,760,817,<END>,<END>,0,true,terminal,after_032
3681.3,M-1385,Mohenjo-daro,Lower Indus,TAG:P,Clay,circular,Bull1,-,Poor,Y,R/L,SP,+740-760-032-002-817+,740 760 032 002 817,true,3,032,760,817,<END>,<END>,0,true,terminal,after_032
3682.1,M-1386,Mohenjo-daro,Lower Indus,TAB:B,Clay,-,-,-,Poor,N,R/L,??,]000-000-335-235-002-031-480[,000 000 335 235 002 031 480,false,4,235,335,031,480,<END>,1,false,one_token_continuation,other_after_002
3685.1,M-1391,Mohenjo-daro,Lower Indus,TAG:O,Clay,square,Bull1,SAN,Poor,N,R/L,??,+000-000-000-798-002-817-032-320+,000 000 000 798 002 817 032 320,false,4,798,000,817,032,320,2,false,continues_with_later_032,other_after_002
3707.1,M-1420,Mohenjo-daro,Lower Indus,TAB:B,Faience,-,None,None,Poor,?,R/L,UC,]838-002-817+,838 002 817,false,1,838,<START>,817,<END>,<END>,0,true,terminal,other_after_002
3711.1,M-1426,Mohenjo-daro,Lower Indus,TAB:B,Clay,prism,None,None,Fair,Y,R/L,LP,+740-760-036-220-415-798-002-861+,740 760 036 220 415 798 002 861,true,6,798,415,861,<END>,<END>,0,true,terminal,other_after_002
3712.1,M-1427,Mohenjo-daro,Lower Indus,TAG:O,Clay,-,Bull1,None,Fair,Y,R/L,LC,+484-140-002-220-627-615-906-388+,484 140 002 220 627 615 906 388,true,2,140,484,220,627,615,4,false,multi_token_continuation,other_after_002
3782.1,M-1532,Mohenjo-daro,Lower Indus,TAB:C,Copper,rectangular,Othr,None,Poor ,Y,R/L,IM,+407-004-002-365-460-495+,407 004 002 365 460 495,true,2,004,407,365,460,495,2,false,multi_token_continuation,other_after_002
3825.1,M-1631,Mohenjo-daro,Lower Indus,BNGL,Stoneware,-,None,None,Poor,Y,-,SC,+002-790-290-741+,002 790 290 741,true,0,<START>,<START>,790,290,741,2,false,multi_token_continuation,other_after_002
3844.2,M-1658,Mohenjo-daro,Lower Indus,MISC,-,-,None,None,Poor,N,R/L,??,+000-016-002-861+,000 016 002 861,false,2,016,000,861,<END>,<END>,0,true,terminal,other_after_002
3853.1,Ns-5,Nausharo,Lower Indus,SEAL:S,Steatite,square,Bull1:J,HBF,Fair,Y,R/L,SP,+090-740-220-016-002-820+,090 740 220 016 002 820,true,4,016,220,820,<END>,<END>,0,true,terminal,other_after_002
3855.1,Ns-7,Nausharo,Lower Indus,SEAL:S,Steatite,square,Bull1:J,SAN,Fair,Y,R/L,IM,+390-003-002-820+,390 003 002 820,true,2,003,390,820,<END>,<END>,0,true,terminal,other_after_002
3857.1,Ns-9,Nausharo,Lower Indus,SEAL:S,Steatite,square,Comp,None,Poor,Y,BUS,2L,+740-142-067/002-374-310-350-495-834+,740 142 067 002 374 310 350 495 834,false,3,067,142,374,310,350,4,false,multi_token_continuation,other_after_002
3875.1,Sktd-1,Surkotada,Gujarat/Kutch,SEAL:S,-,square,Bull1,RAN,Poor,Y,R/L,IM,+390-004-002-390-125-820+,390 004 002 390 125 820,true,2,004,390,390,125,820,2,false,multi_token_continuation,other_after_002
3882.1,-,Susa,Iranian Plateau,SEAL:CY,-,cylindrical,Gaur,Trough,Poor,Y,R/L,LC,+416-150-002-055-031-319-001-924+,416 150 002 055 031 319 001 924,true,2,150,416,055,031,319,4,false,multi_token_continuation,other_after_002
3884.1,-,Tell Umma,Mesopotamia,TAG:L,Clay,-,Bull1,SAN,Fair,Y,R/L,IM,+390-004-002-705-127+,390 004 002 705 127,true,2,004,390,705,127,<END>,1,false,one_token_continuation,other_after_002
3886.1,TY-106,Tepe Yahya,Iranian Plateau,POT:T:s,Clay,-,None,None,Poor,N,-,??,+002-095-000[,002 095 000,false,0,<START>,<START>,095,000,<END>,1,false,one_token_continuation,other_after_002
3892.1,?-3,Unknown,Other,SEAL:S,-,square,None,None,Poor,Y,R/L,SC,+002-368-590-900+,002 368 590 900,true,0,<START>,<START>,368,590,900,2,false,multi_token_continuation,other_after_002
3894.1,?-5,Unknown,Other,TAB:B,-,rectangular,None,None,Poor,Y,R/L,SP,+555-233-002-820+,555 233 002 820,true,2,233,555,820,<END>,<END>,0,true,terminal,other_after_002
3895.1,?-6,Unknown,Other,TAB:B,-,rectangular,None,None,Poor,Y,R/L,SP,+740-702-061-002-817+,740 702 061 002 817,true,3,061,702,817,<END>,<END>,0,true,terminal,other_after_002
3896.1,-,Unknown,Other,SEAL:S,-,square,Bull1:W,SAF,Good,Y,R/L,SP,+740-222-235-002-820+,740 222 235 002 820,true,3,235,222,820,<END>,<END>,0,true,terminal,other_after_002
3898.1,-,Ur,Mesopotamia,SEAL:C,-,circular,Gaur,None,Fair,Y,R/L,LC,+002-004-328-001-803-415+,002 004 328 001 803 415,true,0,<START>,<START>,004,328,001,4,false,multi_token_continuation,other_after_002
3908.1,M-1670,Mohenjo-daro,Lower Indus,SEAL:S,-,square,Bull1:II,SAN,Good,Y,R/L,LP,+740-760-001-233-002-861+,740 760 001 233 002 861,true,4,233,001,861,<END>,<END>,0,true,terminal,other_after_002
3909.1,M-1698,Mohenjo-daro,Lower Indus,SEAL:S,-,square,Bull1:W,SAF,Good,Y,R/L,LP,+740-482-033-705-002-861-803+,740 482 033 705 002 861 803,true,4,705,033,861,803,<END>,1,false,one_token_continuation,other_after_002
3922.1,H-1037,Harappa,Inter-Riverine,SEAL:S,Steatite,square,Bull1:U,SAN,Fair,N,R/L,??,+740-904-032-002-000+,740 904 032 002 000,false,3,032,904,000,<END>,<END>,0,true,terminal,after_032
3925.1,H-1048,Harappa,Inter-Riverine,SEAL:S,-,square,Bull1:W,SAF,Poor,Y,R/L,LP,+740-032-840-235-002-817+,740 032 840 235 002 817,true,4,235,840,817,<END>,<END>,0,true,terminal,other_after_002
3926.1,H-1049,Harappa,Inter-Riverine,SEAL:S,-,square,Bull1:W,SAN,Fair,Y,R/L,IM,+405-004-002-933+,405 004 002 933,true,2,004,405,933,<END>,<END>,0,true,terminal,other_after_002
3930.1,H-1076,Harappa,Inter-Riverine,SEAL:R,-,rectangular,None,None,Good,Y,R/L,SP,+740-611-706-002-820+,740 611 706 002 820,true,3,706,611,820,<END>,<END>,0,true,terminal,other_after_002
3931.1,H-1079,Harappa,Inter-Riverine,SEAL:R,-,rectangular-notched,None,None,Fair,N,R/L,??,+740-390-590-002-000[,740 390 590 002 000,false,3,590,390,000,<END>,<END>,0,true,terminal,other_after_002
3948.1,H-2571,Harappa,Inter-Riverine,MISC,Stone,-,-,-,Fair,N,R/L,??,+002-000+,002 000,false,0,<START>,<START>,000,<END>,<END>,0,true,terminal,other_after_002
3959.1,H-1100,Harappa,Inter-Riverine,TAB:B,-,rectangular,Bull2,SAN,Fair,Y,R/L,SP,+740-904-240-002-817+,740 904 240 002 817,true,3,240,904,817,<END>,<END>,0,true,terminal,other_after_002
3970.1,H-1130,Harappa,Inter-Riverine,TAB:B,-,rectangular-round,None,None,Poor,Y,R/L,SP,+740-482-240-002-861+,740 482 240 002 861,true,3,240,482,861,<END>,<END>,0,true,terminal,other_after_002
3971.1,H-1131,Harappa,Inter-Riverine,TAB:B,-,twisted rectangular,None,None,Poor,Y,R/L,SP,+740-482-240-002-861+,740 482 240 002 861,true,3,240,482,861,<END>,<END>,0,true,terminal,other_after_002
3986.1,M-1754,Mohenjo-daro,Lower Indus,SEAL:S,-,square,Bull1,SAN,Poor,N,R/L,??,+000-000-002-820+,000 000 002 820,false,2,000,000,820,<END>,<END>,0,true,terminal,other_after_002
3989.1,M-1788,Mohenjo-daro,Lower Indus,SEAL:S,-,square,Bull1:I,RAN,Fair,N,R/L,??,+000-220-032-002-817+,000 220 032 002 817,false,3,032,220,817,<END>,<END>,0,true,terminal,after_032
3990.1,M-1806,Mohenjo-daro,Lower Indus,SEAL:S,-,square,Bull1:S,SAN,Fair,Y,R/L,IM,+390-003-002-820+,390 003 002 820,true,2,003,390,820,<END>,<END>,0,true,terminal,other_after_002
3991.1,M-1823,Mohenjo-daro,Lower Indus,SEAL:S,-,square,Bull1:S,RAN,Good,Y,R/L,IM,+390-004-002-031-376+,390 004 002 031 376,true,2,004,390,031,376,<END>,1,false,one_token_continuation,other_after_002
3992.1,M-1825,Mohenjo-daro,Lower Indus,SEAL:S,-,square,Bull1,S,Fair,Y,R/L,SC,+157-031-002-390-705+,157 031 002 390 705,true,2,031,157,390,705,<END>,1,false,one_token_continuation,other_after_002
4001.1,M-1894,Mohenjo-daro,Lower Indus,SEAL:S,-,square,Zebu,None,Fair,Y,R/L,LP,+740-440-233-002-413-368-031+,740 440 233 002 413 368 031,true,3,233,440,413,368,031,2,false,multi_token_continuation,other_after_002
4002.1,M-1909,Mohenjo-daro,Lower Indus,SEAL:S,-,square,Rhin,None,Fair,Y,R/L,SC,+368-005-002-590-455+,368 005 002 590 455,true,2,005,368,590,455,<END>,1,false,one_token_continuation,other_after_002
4006.1,M-1959,Mohenjo-daro,Lower Indus,SEAL:R,-,rectangular,None,None,Poor,N,R/L,??,+740-100-000-002-820+,740 100 000 002 820,false,3,000,100,820,<END>,<END>,0,true,terminal,other_after_002
4010.1,M-1973,Mohenjo-daro,Lower Indus,SEAL:R,-,rectangular,None,None,Fair,Y,R/L,LP,+740-575-017-233-550-002-861+,740 575 017 233 550 002 861,true,5,550,233,861,<END>,<END>,0,true,terminal,other_after_002
4015.1,M-2012,Mohenjo-daro,Lower Indus,TAB:B,-,circular,Bull1,SAN,Fair,Y,R/L,IT,+740-900-005-002-570+,740 900 005 002 570,true,3,005,900,570,<END>,<END>,0,true,terminal,other_after_002
4018.1,M-1995,Mohenjo-daro,Lower Indus,SEAL,metal,-,None,None,Poor,N,R/L,??,]000-220-832-002-000-000[,000 220 832 002 000 000,false,3,832,220,000,000,<END>,1,false,one_token_continuation,other_after_002
4030.1,M-2055,Mohenjo-daro,Lower Indus,TAB:C,Copper,rectangular,None,None,Good,Y,R/L,SC,+002-407-125-590-831+,002 407 125 590 831,true,0,<START>,<START>,407,125,590,3,false,multi_token_continuation,other_after_002
4034.1,M-2087,Mohenjo-daro,Lower Indus,ROD,Ivory,-,None,None,Poor,N,R/L,??,+820-000-032-740-904-002-861+,820 000 032 740 904 002 861,false,5,904,740,861,<END>,<END>,0,true,terminal,other_after_002
4045.1,M-2112,Mohenjo-daro,Lower Indus,ROD,Ivory,-,None,None,Poor,N,R/L,??,+000-000-095-550-003-002-000+,000 000 095 550 003 002 000,false,5,003,550,000,<END>,<END>,0,true,terminal,other_after_002
4047.1,M-2128,Mohenjo-daro,Lower Indus,IMPL,Gold,-,None,None,Poor,Y,R/L,SC,+041-705-002-905+,041 705 002 905,true,2,705,041,905,<END>,<END>,0,true,terminal,other_after_002
4122.1,H-1449,Harappa,Inter-Riverine,POT:T:g,Clay,-,-,None,Poor,?,R/L,UC,]002-861+,002 861,false,0,<START>,<START>,861,<END>,<END>,0,true,terminal,other_after_002
4148.1,-,Rakhigarhi,Eastern Headwaters,SEAL:S,-,-,Bull1,-,Fair,N,R/L,??,+740-690-435-255-002-267-000-033+,740 690 435 255 002 267 000 033,false,4,255,435,267,000,033,2,false,multi_token_continuation,other_after_002
4154.1,-,Rakhigarhi,Eastern Headwaters,SEAL:S,Steatite,-,Bull1,-,Fair,?,R/L,UC,]240-803-002-861+,240 803 002 861,false,2,803,240,861,<END>,<END>,0,true,terminal,other_after_002
4155.1,-,Gonur Depe,Central Asia,SEAL:S,Steatite,square,Elep,None,Good,Y,R/L,LP,+740-390-590-125-220-235-002-285+,740 390 590 125 220 235 002 285,true,6,235,220,285,<END>,<END>,0,true,terminal,other_after_002
4156.1,-,Dholavira,Gujarat/Kutch,TAG,Clay,-,Bull1,?AN,Poor,N,R/L,??,+520-000-002-820+,520 000 002 820,false,2,000,520,820,<END>,<END>,0,true,terminal,other_after_002
4156.2,-,Dholavira,Gujarat/Kutch,TAG,Clay,-,Bull1,?AN,Poor,N,R/L,??,+000-000-002-820+,000 000 002 820,false,2,000,000,820,<END>,<END>,0,true,terminal,other_after_002
4164.1,-,Dholavira,Gujarat/Kutch,SEAL:R,Steatite,rectangular,None,None,Fair,Y,L/R,SC,+423-003-001-423-002-031-104+,423 003 001 423 002 031 104,true,4,423,001,031,104,<END>,1,false,one_token_continuation,other_after_002
4168.1,-,Dholavira,Gujarat/Kutch,SEAL:R,-,rectangular,None,None,Fair,N,R/L,??,+840-527-002-000+,840 527 002 000,false,2,527,840,000,<END>,<END>,0,true,terminal,other_after_002
4173.1,-,Salut,Persian Gulf,SEAL:S,-,square,Gaur,Trough,Fair,Y,R/L,IT,+392-004-002-278-595+,392 004 002 278 595,true,2,004,392,278,595,<END>,1,false,one_token_continuation,other_after_002
4182.1,-,Dholavira,Gujarat/Kutch,SEAL:S,-,-,Bull1,-,Fair,Y,R/L,LP,+740-390-590-231-002-705-530-904+,740 390 590 231 002 705 530 904,true,4,231,590,705,530,904,2,false,multi_token_continuation,other_after_002
4195.1,-,Dholavira,Gujarat/Kutch,SEAL:S,Steatite,square,Bull1:V,HAN,Good,Y,R/L,SP,+820-390-590-002-861+,820 390 590 002 861,true,3,590,390,861,<END>,<END>,0,true,terminal,other_after_002
4196.1,-,Dholavira,Gujarat/Kutch,SEAL:S,Steatite,square,Bull1:J,SAN,Poor,Y,R/L,SC,+391-002-365-550+,391 002 365 550,true,1,391,<START>,365,550,<END>,1,false,one_token_continuation,other_after_002
4197.1,-,Dholavira,Gujarat/Kutch,SEAL:R,-,rectangular,None,None,Good,N,R/L,??,+001-000-000-832-904-002-817+,001 000 000 832 904 002 817,false,5,904,832,817,<END>,<END>,0,true,terminal,other_after_002
4200.1,-,Dholavira,Gujarat/Kutch,TAB:I,-,rectangular,None,None,Fair,?,R/L,UC,+575-031-002-226-231[,575 031 002 226 231,false,2,031,575,226,231,<END>,1,false,one_token_continuation,other_after_002
4203.1,-,Dholavira,Gujarat/Kutch,SEAL:S,-,square,Bull1:I,RAF,Fair,Y,R/L,2L,+463-513/390-017-002-463-575+,463 513 390 017 002 463 575,false,4,017,390,463,575,<END>,1,false,one_token_continuation,other_after_002
4209.1,-,Dholavira,Gujarat/Kutch,SEAL:S,Steatite,square,Gaur,Trough,Fair,Y,R/L,SC,+740-384-002-629-279+,740 384 002 629 279,true,2,384,740,629,279,<END>,1,false,one_token_continuation,other_after_002
4211.1,-,Dholavira,Gujarat/Kutch,SEAL,-,-,-,-,Poor,Y,R/L,SP,+740-100-235-002-817+,740 100 235 002 817,true,3,235,100,817,<END>,<END>,0,true,terminal,other_after_002
4234.1,-,Dholavira,Gujarat/Kutch,SEAL:S,-,-,Bull1,-,Poor,N,R/L,??,]000-000-002-820+,000 000 002 820,false,2,000,000,820,<END>,<END>,0,true,terminal,other_after_002
4237.1,-,Dholavira,Gujarat/Kutch,SEAL:S,-,square,Bull1:I,RB,Fair,Y,R/L,SC,+151-032-388-002-390-705+,151 032 388 002 390 705,true,3,388,032,390,705,<END>,1,false,one_token_continuation,other_after_002
4244.1,-,Dholavira,Gujarat/Kutch,MISC,Steatite,-,-,-,Poor,Y,R/L,IM,+033-705-233-235-002-457+,033 705 233 235 002 457,true,4,235,233,457,<END>,<END>,0,true,terminal,other_after_002
4252.1,-,Dholavira,Gujarat/Kutch,SEAL:S,-,square,Bull1:V,-,Fair,N,R/L,??,+740-760-175-002-000[,740 760 175 002 000,false,3,175,760,000,<END>,<END>,0,true,terminal,other_after_002
4260.1,-,Dholavira,Gujarat/Kutch,SEAL:R,-,rectangular,None,None,Fair,Y,R/L,IM,+390-016-002-861+,390 016 002 861,true,2,016,390,861,<END>,<END>,0,true,terminal,other_after_002
4270.1,-,Dholavira,Gujarat/Kutch,SEAL:R,-,rectangular,None,None,Poor,?,R/L,UC,]806-002-808+,806 002 808,false,1,806,<START>,808,<END>,<END>,0,true,terminal,other_after_002
4272.1,-,Dholavira,Gujarat/Kutch,SEAL:R,Steatite,cuboid-convex,None,None,Good,Y,R/L,SP,+405-016-002-861+,405 016 002 861,true,2,016,405,861,<END>,<END>,0,true,terminal,other_after_002
4277.1,-,Dholavira,Gujarat/Kutch,SEAL:R,-,rectangular,None,None,Poor,Y,R/L,SC,+740-067-900-002-003+,740 067 900 002 003,true,3,900,067,003,<END>,<END>,0,true,terminal,other_after_002
4298.1,-,Dholavira,Gujarat/Kutch,TAG,-,-,-,-,Poor,N,R/L,??,]220-000-002-000[,220 000 002 000,false,2,000,220,000,<END>,<END>,0,true,terminal,other_after_002
4302.1,-,Dholavira,Gujarat/Kutch,TAB:B,Terracotta,cuboid-convex,Scene,None,Good,Y,R/L,SP,+740-519-002-900-630+,740 519 002 900 630,true,2,519,740,900,630,<END>,1,false,one_token_continuation,other_after_002
4303.1,-,Dholavira,Gujarat/Kutch,TAG,-,square,Bull1,-,Poor,?,R/L,UC,]706-002-850+,706 002 850,false,1,706,<START>,850,<END>,<END>,0,true,terminal,other_after_002
4310.1,-,Dholavira,Gujarat/Kutch,TAG,terracotta,-,-,-,Fair,?,R/L,UC,]002-817[,002 817,false,0,<START>,<START>,817,<END>,<END>,0,true,terminal,other_after_002
4314.1,-,Dholavira,Gujarat/Kutch,TAG,-,-,Bull1,RAN,Poor,N,R/L,??,+520-000-002-820+,520 000 002 820,false,2,000,520,820,<END>,<END>,0,true,terminal,other_after_002
4314.2,-,Dholavira,Gujarat/Kutch,TAG,-,-,Bull1,RAN,Poor,N,R/L,??,+520-000-002-000+,520 000 002 000,false,2,000,520,000,<END>,<END>,0,true,terminal,other_after_002
4344.1,-,Dholavira,Gujarat/Kutch,TAG,Clay,-,-,-,Fair,N,R/L,??,]240-002-031-000[,240 002 031 000,false,1,240,<START>,031,000,<END>,1,false,one_token_continuation,other_after_002
4345.1,-,Dholavira,Gujarat/Kutch,TAG,Clay,square,Bull1,-,Fair,N,R/L,??,+000-705-002-861+,000 705 002 861,false,2,705,000,861,<END>,<END>,0,true,terminal,other_after_002
4346.1,-,Dholavira,Gujarat/Kutch,TAG,Clay,-,Bull1,-,Poor,N,R/L,??,]000-032-840-002-000+,000 032 840 002 000,false,3,840,032,000,<END>,<END>,0,true,terminal,other_after_002
4348.1,-,Dholavira,Gujarat/Kutch,TAG,Clay,-,-,-,Poor,N,R/L,??,]740-142-000-002-861-390[,740 142 000 002 861 390,false,3,000,142,861,390,<END>,1,false,one_token_continuation,other_after_002
4580.1,H-1155,Harappa,Inter-Riverine,TAB:B,-,cylindrical,Bull1:I,None,Fair,Y,R/L,SP,+520-240-002-405-501+,520 240 002 405 501,true,2,240,520,405,501,<END>,1,false,one_token_continuation,other_after_002
4894.1,Ns-56,Nausharo,Lower Indus,SEAL:S,Steatite,square,Bull1:I,None,Poor,Y,R/L,SC,+111-002-001-250+,111 002 001 250,true,1,111,<START>,001,250,<END>,1,false,one_token_continuation,other_after_002
5226.1,-,Unknown,Other,SEAL:C,-,circular,Bird,Othr,poor,N,-,??,+002/000-090-725-000+,002 000 090 725 000,false,0,<START>,<START>,000,090,725,3,false,multi_token_continuation,other_after_002
5235.1,-,Lakhanjo-daro,Lower Indus,SEAL:S,Steatite,square,Bull1:S,SAN,Fair,Y,R/L,LP,+740-032-029-002-281+,740 032 029 002 281,true,3,029,032,281,<END>,<END>,0,true,terminal,other_after_002
5260.1,L-6,Lothal,Gujarat/Kutch,SEAL:S,Ivory,square,Bull1,SAN,Poor,N,R/L,??,+000-000-000-002-000+,000 000 000 002 000,false,3,000,000,000,<END>,<END>,0,true,terminal,other_after_002
5262.1,H-470,Harappa,Inter-Riverine,SEAL:S,-,-,Bull1:W,RAN,Poor,N,-,??,]002-000[,002 000,false,0,<START>,<START>,000,<END>,<END>,0,true,terminal,other_after_002
5273.1,K-145,Kalibangan,Inter-Riverine,SEAL:S,-,square,Bull1:J,SAF,Good,Y,R/L,LP,+740-585-231-220-032-002-820+,740 585 231 220 032 002 820,true,5,032,220,820,<END>,<END>,0,true,terminal,after_032
5274.1,K-146,Kalibangan,Inter-Riverine,SEAL:S,-,-,Bull1:J,-,Fair,N,R/L,??,]460-350-002-296-000[,460 350 002 296 000,false,2,350,460,296,000,<END>,1,false,one_token_continuation,other_after_002
5281.1,K-156,Kalibangan,Inter-Riverine,TAG,Terracotta,rectangular,Bull1,-,Fair,Y,R/L,LC,+892-890-417-002-056-091+,892 890 417 002 056 091,true,3,417,890,056,091,<END>,1,false,one_token_continuation,other_after_002
5282.1,K-155,Kalibangan,Inter-Riverine,TAG,Terracotta,-,Bull1,-,Poor,N,R/L,??,]002-817-000+,002 817 000,false,0,<START>,<START>,817,000,<END>,1,false,one_token_continuation,other_after_002
5283.1,K-157,Kalibangan,Inter-Riverine,TAB:B,Terracotta,rectangular-round,Gavi,None,Poor,N,R/L,??,+740-000-000-002-820+,740 000 000 002 820,false,3,000,000,820,<END>,<END>,0,true,terminal,other_after_002
5331.1,K-416,Kalibangan,Inter-Riverine,POT:T:g,Clay,-,-,-,Poor,N,-,??,]000-002-861[,000 002 861,false,1,000,<START>,861,<END>,<END>,0,true,terminal,other_after_002
5334.1,K-419,Kalibangan,Inter-Riverine,POT:T:g,Clay,-,-,-,Fair,N,R/L,??,]740-912-002-000[,740 912 002 000,false,2,912,740,000,<END>,<END>,0,true,terminal,other_after_002
5343.1,K-429,Kalibangan,Inter-Riverine,POT:T:g,Clay,-,-,-,Fair,?,L/R,UC,]002-031-820[,002 031 820,false,0,<START>,<START>,031,820,<END>,1,false,one_token_continuation,other_after_002
5344.1,K-431,Kalibangan,Inter-Riverine,POT:T:g,Clay,-,-,-,Poor,N,R/L,??,]000-000-406-002-820+,000 000 406 002 820,false,3,406,000,820,<END>,<END>,0,true,terminal,other_after_002
5356.1,Ns-54,Nausharo,Lower Indus,SEAL:S,Steatite,square,Bull1:J,RAF,Fair,Y,R/L,SP,+740-222-002-817+,740 222 002 817,true,2,222,740,817,<END>,<END>,0,true,terminal,other_after_002
5357.1,Ns-55,Nausharo,Lower Indus,SEAL:S,Steatite,square,Bull1:J,RBN,Good,Y,R/L,IT,+526-554-002-880+,526 554 002 880,true,2,554,526,880,<END>,<END>,0,true,terminal,other_after_002
5358.1,Ns-57,Nausharo,Lower Indus,SEAL:S,Steatite,square,Bull1:I,HBF,Fair,Y,R/L,IC,+861-111-606-002-820+,861 111 606 002 820,true,3,606,111,820,<END>,<END>,0,true,terminal,other_after_002
5361.1,Ns-60,Nausharo,Lower Indus,SEAL:R,Steatite,rectangular,None,None,Fine,Y,R/L,LP,+407-063-740-176-236-798-002-297-350-125-413+,407 063 740 176 236 798 002 297 350 125 413,true,6,798,236,297,350,125,3,false,multi_token_continuation,other_after_002
5367.1,Ns-66,Nausharo,Lower Indus,POT:T:g,Clay,-,None,None,Fair,N,R/L,??,+033-999-400-090-740-100-000-002-892-000-002+,033 999 400 090 740 100 000 002 892 000 002,false,7,000,100,892,000,002,2,false,continues_with_later_002,other_after_002
5368.1,Ns-67,Nausharo,Lower Indus,POT:T:g,Clay,-,-,-,Poor,N,-,??,+000-151-390-000-002-000-000[,000 151 390 000 002 000 000,false,4,000,390,000,000,<END>,1,false,one_token_continuation,other_after_002
5420.1,-,Kanmer,Gujarat/Kutch,TAG,Clay,circular,None,None,Fair,N,R/L,??,]000-049-002-820+,000 049 002 820,false,2,049,000,820,<END>,<END>,0,true,terminal,other_after_002
5464.1,-,Unknown,Other,SEAL:S,-,square,Elep,None,Fair,N,R/L,??,+000-840-140-002-817+,000 840 140 002 817,false,3,140,840,817,<END>,<END>,0,true,terminal,other_after_002
5468.1,-,Rakhigarhi,Eastern Headwaters,SEAL:CY,-,cylindrical,Gavi,None,Poor,N,R/L,??,+361-002-000-317-688+,361 002 000 317 688,false,1,361,<START>,000,317,688,2,false,multi_token_continuation,other_after_002
5541.1,-,Shikarpur,Gujarat/Kutch,POT:T:p,Clay,-,-,-,Fair,N,R/L,??,+002-861-000[,002 861 000,false,0,<START>,<START>,861,000,<END>,1,false,one_token_continuation,other_after_002
5550.1,-,Shikarpur,Gujarat/Kutch,POT:T:p,Ceramic,-,-,-,Poor,?,R/L,UC,]002-920+,002 920,false,0,<START>,<START>,920,<END>,<END>,0,true,terminal,other_after_002
5572.1,-,Unknown,Other,SEAL:S,-,sqaure,Bull:i:J,RBF,Poor,Y,R/L,SC,+136-002-298-741+,136 002 298 741,true,1,136,<START>,298,741,<END>,1,false,one_token_continuation,other_after_002
5575.1,-,Unknown,Other,SEAL:S,-,square,Bull:i:J,HBF,Fair,Y,R/L,IT,+136-002-861+,136 002 861,true,1,136,<START>,861,<END>,<END>,0,true,terminal,other_after_002
5576.1,-,Unknown,Other,SEAL:S,-,square,Tigr,Trough,Good,Y,R/L,IC,+368-415-104-002-824+,368 415 104 002 824,true,3,104,415,824,<END>,<END>,0,true,terminal,other_after_002
5579.1,-,Dholavira,Gujarat/Kutch,SEAL:R,Steatite,cuboid-convex,None,None,Good,?,R/L,UC,]231-226-002-031-575+,231 226 002 031 575,false,2,226,231,031,575,<END>,1,false,one_token_continuation,other_after_002
