"prev","next","frame","text","row_count","cisi_count","site_count","sites","types","materials","ids","cisis","exact_triplet_count","exact_frame_triplet_count","companion_classes","companion_texts"
"<START>","000","<START>-220-000","+220-000-000-000+","1","1","1","Harappa","TAB:B","Faience","925.2","H-1838","0","0","longer_other","+000-415-176-000+"
"<START>","000","<START>-220-000","+220-000-700-033+","1","1","1","Harappa","TAB:B","Faience","824.2","H-1775","0","0","longer_other","+740-100-415-176-792-102+"
"<START>","000","<START>-220-000","+220-000-700+","1","1","1","Harappa","TAB:B","Faience","595.1","H-1892","0","0","two_sign_other","+400-698+"
"<START>","000","<START>-220-000","+220-000-740-550-705+","1","1","1","Chandigarh","POT:T:g","Clay","53.1","Ch-1","0","0","no_companion_side",""
"<START>","000","<START>-220-000","+220-000-740/741-255+","1","1","1","Chanhu-daro","MISC","Steatite","115.1","C-33","0","0","no_companion_side",""
"<START>","000","<START>-220-000","+220-000+","1","1","1","Allahdino","POT:T:g","Clay","4.1","-","0","0","one_sign_or_contains_110","+740-235+ || +405-844-032-840-002-861+ || +000+ || +520-001+ || +000-000-000+ || +390-003-003+ || +006+ || +236-002-820+ || +740-760-000-742-013/742-552+ || +151-892-032+ || +156-019+ || +093-808+ || +244-165/740-879-220-416-803-002-861+ || +520-460-495+ || +740-416-002-861+ || +520-460+ || +154-388-717-705+ || +590-407-790-032+ || +390-016-002-861+ || +617-142+ || +520-033-706-233+ || +740-100-407-590+ || +520-033[ || +090-740-000[ || +740-000+ || +000-400-350-031-002-817+ || +798-821-031-645-850-820-388-611-820+ || +317-817-000-090+ || ]090-001-350-716+ || +240-220+ || +740-760-445+ || +220-032+ || ]615-715+ || +390-371+ || +390-371+ || ]390-390[ || ]740+ || +400-740-900[ || +236-140-893-861+ || +617-117+ || +031-463-000+ || ]000-055-033-033+ || +000-000-033+ || +415-000-160+ || +692+ || +740-000-892+ || +700-033+ || +000-000-000-000+ || +400-740-100-176-000+ || +000-000-002-257-550+ || +804-740-219+ || +700-033+ || +740-031-904-001-032+ || +700-031-000-032+ || +868-705-590+ || +400-156-435-255+ || +776-495+ || ]740-000+ || +060-550+ || +156-384-031-400+ || +700-033+ || +400-740-176+ || +400-740-176+ || +000-700+ || +154-435-255+ || +700-034+ || +000+ || +700-000+ || +390+ || +740-904-240-002-817+ || +700-032+ || +740-840[ || ]000-033+ || +740-000-828+ || +740-407-590-690-436-255-920-318-220-415-803+ || +400-740-000-000+ || +000-000-000+ || +740-048-741-851+ || +700-033-711-335-575-413+ || +700-033+ || +000-220+ || +740-785-004+ || +740-904-240+ || +033-700+ || +090-740-103-741-066+ || +000-740+ || +032+ || +032+ || ]155-033+ || +700+ || +032+ || +032+ || +034+ || +550+ || ]705+ || +033+ || +740-066-090-400[ || +001+ || +001+ || +002+ || +002+ || +032+ || +004+ || +003+ || +032+ || +033+ || +032+ || +002+ || +002+ || +031+ || +031+ || +004+ || +033+ || +031-999-032+ || +002+ || +032+ || +031+ || +033+ || +032+ || +004+ || +003-000[ || +032+ || +003/003+ || +698+ || +032+ || +032+ || +400-520-000[ || ]556+ || +700+ || +031+ || +400-740-000[ || +413+ || +000-700/700-000+ || +032+ || +031+ || +032+ || +032+ || +033+ || +032+ || +000-000-014+ || +002+ || +034-000+ || +063-700-176-000+ || +111-033+ || +000-480-003-064-002-003-861+ || +000+ || +220+ || +000+ || +158-000-470+ || +032-000+ || +034-705+ || +032+ || +390-000[ || +033+ || +520-235+ || +700+ || +032+ || ]645-032+ || ]740-000-000-002-575-000[ || +002-861-416+ || +700-034+ || +700-000+ || +033+ || +032+ || +034+ || +003+ || +032+ || +033-700+ || +740-175-415-033-001+ || +740-176+ || +000-700+ || +033+ || +413-031+ || +000-740+ || ]400[ || ]000-700-033+ || +000-400+ || +090+ || +000-000-000+ || +034+ || +400-740-017-503+ || +090-740-792+ || +700-034+ || +032+ || +390[ || +390-000+ || +033+ || +033-000-000-000[ || +840+ || +700+ || +001+ || +000-690+ || +740-032-000+ || ]000-630[ || +000+ || +390-004-002-817+ || +002-002+ || +033+ || +032+ || +000-740+ || +032/032+ || +032+ || +000-698+ || +002+ || +032+ || +031-697+ || +032+ || +004+ || +032+ || +032+ || +002+ || +002+ || +032+ || +032+ || +698+ || +000/034+ || +032+ || +003+ || +032+ || +003+ || +220+ || +032+ || +004+ || +032+ || +001+ || +002-000+ || +740-000+ || ]032+ || +002+ || +033+ || ]000-003+ || +645-999-645+ || +416+ || +416+ || +013+ || +440+ || +035/032-001-000/033+ || +002-003+ || +700+ || +400-740-817-491+ || +700-034+ || +033-034+ || ]820[ || +520-920-320-235-175-000-820+ || +740-590-017+ || +390+ || +000-643-240+ || +740-390-590-220-003-060-840-416+ || +000-740-000[ || +000-000-000[ || ]740-564+ || +831-413-840-091+ || ]000-033-000[ || +740-005+ || +706+ || +000-004-067-703-060-900+ || +064-630[ || +064-002+ || +920-130-511-000-002+ || +590-252+ || +585-831+ || +790+ || +836+ || +740-840-416-240-741-500-091+ || +158-032+ || +140-705[ || +740[ || ]000-033-706-806[ || +740-798-405-000[ || +000-000-000-002-000+ || +740-752-615-503+ || +000-000-122-003-002-000+ || +740-752-615-503+ || +294-844+ || +000-240-000+ || +590-906+ || +821-001-480-850-595-391+ || +740-637-240-002-861+ || +740-390-590-033-705-000+ || +000+ || +000-000-000[ || +740-752-615-503+ || +740-690-435-255-231+ || +749-479+ || +000-100-140-002+ || +407-063-845-240-798+ || +422-003+ || +001-740-923-033-705+ || +740-390-590-002-817+ || +530-000-000-000-808[ || +840+ || +840+ || +032+ || +032+ || +740-000-000[ || +740-032-840+ || +740-752-615-503+ || +740-615-503+ || +407-585-033-705-233-235-806+ || ]700-031+ || +621-740-514+ || +520-070-255-832-220-003-853+ || +740-205-032-002-390-590-032+ || ]000-220-000-740-000[ || +740-400-061-299-350-125-176+ || +151-000+ || +160-090-055-060-190+ || +740-029-220-000[ || +405-004+ || ]740-892-517+ || +000-590-220-033+ || +740-877-032-235+ || +740-585-017+ || +302-460-000[ || +700-604-407-090-365-000+ || +416-150-002-055-031-319-001-924+ || +390-004-002-705-127+ || +000-220-390-440-384+ || +000-603-091-190+ || +090-055-000-132-032+ || +740-740-001-550-467+ || +740-585-231-240-060-820+ || +740-100-415-927-060-920-031+ || +740-222-235-002-820+ || +093-340-924-220-528+ || +002-004-328-001-803-415+ || +000-000-004-090-350+ || +136-031+ || +413-933-031+ || +136-031+ || +136-031+ || +931-000+ || +740-000[ || +740-220+ || +740+ || +740-690-435-255-002-267-000-033+ || +520-033-033+ || +740-760-000-000[ || +455-861-000-000-033+ || +520-073+ || ]240-803-002-861+ || +740-390-590-125-220-235-002-285+ || +520-000-002-820+ || +000-000-002-820+ || +326-000[ || +000-000-000[ || +368-005-741-060-920+ || +740-000[ || +064-004-013-740-176+ || +740-760-001-233+ || +400-125-000+ || +423-003-001-423-002-031-104+ || +740-840-416+ || +776-440-003-421+ || +520-033-706+ || +840-527-002-000+ || +031-055-000[ || ]000-520-220-032+ || ]000-000-000-032-840-000+ || +090-160+ || +392-004-002-278-595+ || +921-000[ || +156-142-741-060-920+ || +148-632-031-741-000+ || +520-233-803-060-001-031-905-032-000+ || +740-000[ || ]000-032+ || +390-006-000[ || +817-130+ || +740-390-590-231-002-705-530-904+ || +740-798-233-742-175+ || +740-032-840-803+ || +000-000-000-740-000+ || +360-000[ || +231-850+ || ]000-861[ || +400-392-631-000+ || +005-408+ || ]740-760-382/000-740-220-000[ || +740-000-000-235+ || ]000-820[ || +154-806-472-013-220-455-806+ || +820-390-590-002-861+ || +391-002-365-550+ || +001-000-000-832-904-002-817+ || +390-550-452-060-690+ || +220-000[ || +575-031-002-226-231[ || +832-140-013-547+ || +416+ || +463-513/390-017-002-463-575+ || ]611-000[ || +740-740-000-742+ || +595-134-000[ || ]519+ || +740-176-001-741-703-900-003+ || +740-384-002-629-279+ || +520-033-705-235-803[ || +740-100-235-002-817+ || +001-111-000+ || +151-740-000[ || +000[ || ]267-125-000[ || +520-000-235+ || ]000-000-000-000+ || ]000-350-125-812-033+ || +032-820-000-900+ || +520-742-861+ || +740-760-234-741-740-590+ || ]000-615-000[ || +031-151+ || +740-235-220+ || +156-019+ || +400-740-920+ || +740-630-098-368-824+ || +740-000-000-000-590+ || +740-390-590-220-463-240-001-820-060+ || ]000+ || +000-798-701+ || +520-235+ || +423-003-031-005-130-090-000[ || ]000-000-002-820+ || ]820-066-415+ || +740-760-175-220-255+ || +151-032-388-002-390-705+ || ]000-000-032+ || +090-095-741-374-132+ || +151-142+ || ]000-740-798-000[ || +004-408+ || ]520-175[ || +033-705-233-235-002-457+ || +233-776+ || +740-798[ || +592+ || +806-091-001-368-255-000+ || +740-000-000[ || +705-000-000+ || +520-090-803-564-741-798-892+ || +255-014-000+ || +740-760-175-002-000[ || ]000-572-090+ || +561-092-625-900+ || +000-740-000[ || +236-231-000[ || ]000-091+ || +892-033+ || ]000-625-000+ || +390-016-002-861+ || ]000-625+ || +400-033[ || +520-095-000[ || ]000-590-820-033+ || ]000-001-740-798-235+ || +443[ || +000-000+ || ]000-032+ || +422-003+ || ]806-002-808+ || +365-820-000[ || +405-016-002-861+ || +000-000[ || +832-001-740-176+ || +090[ || ]705-090-705+ || +740-067-900-002-003+ || +390-003[ || +033+ || ]000-125-001-742+ || +032-820-000[ || ]031-000-590+ || ]233-630[ || +590-407-790-001-746+ || +000[ || +153-220-032+ || +740-798-706-061-060-550+ || ]000-892-000[ || +000-000-000-220-240[ || +400-740-690-436-255+ || +700-033+ || ]148-794-220[ || +604[ || +032+ || ]806[ || ]000-000+ || ]365-000[ || +740-000[ || ]220-000-002-000[ || +368-900-000-741-000+ || ]923+ || +136-033+ || +740-519-002-900-630+ || ]706-002-850+ || ]000-840-552+ || +000-032-515+ || +368[ || +365[ || +000-000-700-617-740[ || ]820+ || ]817[ || ]002-817[ || ]820+ || ]000-229-705-906+ || ]032-700+ || +520-000-002-820+ || +520-000-002-000+ || +411+ || +520-000-000-000[ || ]000-705-906-550+ || +090-740-055-000[ || +090-740-000[ || +090-740-000[ || +000-740-055-000[ || +740-585-000[ || +000[ || +740-032-840-220-000[ || +740-760-000[ || +354-794-892[ || +740[ || ]000-240[ || +094-033[ || ]000+ || ]700-090[ || ]000-000-700-000[ || +000-000-000-000[ || ]240-002-031-000[ || +000-705-002-861+ || ]000-032-840-002-000+ || ]000-803-740-000[ || ]740-142-000-002-861-390[ || ]000-100-001-832[ || +032+ || +032+ || +032+ || +032+ || ]000-741-000-000+ || ]803-000[ || ]630-000[ || ]000-032-000[ || +000-575[ || +426-000[ || ]000-317-000+ || +742+ || +742+ || +742+ || +000-000+ || +000-000+ || +820+ || ]000[ || +035+ || +110[ || +354-001-405-840-626-416-220-415-798-745[ || +034-000+ || +155-005+ || +090-740-100-415-240-820-033+ || +000-000-000+ || +520-070-495-240-060-297-368-632-032+ || +292-352-125-741-900-322+ || +520-463-510+ || +740-000-744-013-255+ || +000-090-001-133-384-160+ || +000-061-032-001-220-033-000+ || ]000-001-000-090-000[ || +002/000-090-725-000+ || +220-455-031-091+ || +033-001-032-091+ || +031-093-001-091-220-055+ || +740/740+ || ]405-090[ || +055-099-121-055-831-031-071+ || +740-061+ || +740-032-029-002-281+ || +740-405-590-060-146+ || +740-000-000[ || +740+ || +156+ || +382-382-382+ || +740-705-000-000+ || +740-706+ || +740-706+ || +740-706-365-000[ || +740-706-365-000[ || ]000-861+ || ]678+ || +033-033[ || ]000-390+ || +740-900-803+ || ]892-000+ || +500[ || +700+ || +000-600-000-000[ || +033-155+ || +400-137+ || ]000-000-220+ || +740-000-000+ || +032+ || +000-176+ || +843+ || ]000-374-000-820+ || ]000-000-416[ || +515-849[ || ]000-740[ || ]220[ || +034+ || ]000-049-002-820+ || +520-031+ || +151-400-142+ || +740-000-032-000-000+ || +520-001+ || +335-220-098-921-861+ || +220+ || +415-820+ || +237+ || +390-016-013-820+ || +520-235-220-032+ || +000-000-315-849[ || +697-031+ || +000-840-140-002-817+ || +390-840-741-031-370+ || +361-002-000-317-688+ || +002-861-000[ || +820-033+ || +455+ || ]411-956[ || ]741[ || ]861[ || ]000-530[ || ]820[ || ]002-920+ || +091+ || ]742[ || +392-861+ || ]000-590[ || +740-000[ || +000+ || +145-139-000-000+ || ]706-220+ || ]000-100-415-240-741-060-920+ || +400-520-000[ || ]000-220+ || +382-520+ || +000-032-705[ || ]000-220-000-368-220-031+ || +390+ || +390+ || +390+ || +031-820-104-013-817+ || +136-002-298-741+ || +520-033-033-741-572-368+ || +740-861-877-741-000+ || +136-002-861+ || +368-415-104-002-824+ || ]231-226-002-031-575+ || ]035-171+ || +000+ || ]740-081[ || ]705-000[ || +000-176-142+ || +740-154-017-060-130-035-171+ || +407-032-520-095-585-017-231+"
"<START>","014","<START>-220-014","+220-014+","1","1","1","Banawali","SEAL:S","-","28.1","B-3","0","0","no_companion_side",""
"<START>","016","<START>-220-016","+220-016+","2","2","1","Harappa","POT:T:s;SEAL:S","Clay;Steatite","173.1;318.1","H-1028;H-1086","0","0","no_companion_side",""
"<START>","017","<START>-220-017","+220-017+","1","1","1","Harappa","SEAL:S","Steatite","1070.1","H-9","0","0","no_companion_side",""
"<START>","032","<START>-220-032","+220-032+","2","2","2","Farmana;Harappa","POT:T:s;SEAL:S","Clay;Steatite","151.1;3950.1","-;H-1084","0","0","no_companion_side;one_sign_or_contains_110","+220-000+ || +740-235+ || +405-844-032-840-002-861+ || +000+ || +520-001+ || +000-000-000+ || +390-003-003+ || +006+ || +236-002-820+ || +740-760-000-742-013/742-552+ || +151-892-032+ || +156-019+ || +093-808+ || +244-165/740-879-220-416-803-002-861+ || +520-460-495+ || +740-416-002-861+ || +520-460+ || +154-388-717-705+ || +590-407-790-032+ || +390-016-002-861+ || +617-142+ || +520-033-706-233+ || +740-100-407-590+ || +520-033[ || +090-740-000[ || +740-000+ || +000-400-350-031-002-817+ || +798-821-031-645-850-820-388-611-820+ || +317-817-000-090+ || ]090-001-350-716+ || +240-220+ || +740-760-445+ || ]615-715+ || +390-371+ || +390-371+ || ]390-390[ || ]740+ || +400-740-900[ || +236-140-893-861+ || +617-117+ || +031-463-000+ || ]000-055-033-033+ || +000-000-033+ || +415-000-160+ || +692+ || +740-000-892+ || +700-033+ || +000-000-000-000+ || +400-740-100-176-000+ || +000-000-002-257-550+ || +804-740-219+ || +700-033+ || +740-031-904-001-032+ || +700-031-000-032+ || +868-705-590+ || +400-156-435-255+ || +776-495+ || ]740-000+ || +060-550+ || +156-384-031-400+ || +700-033+ || +400-740-176+ || +400-740-176+ || +000-700+ || +154-435-255+ || +700-034+ || +000+ || +700-000+ || +390+ || +740-904-240-002-817+ || +700-032+ || +740-840[ || ]000-033+ || +740-000-828+ || +740-407-590-690-436-255-920-318-220-415-803+ || +400-740-000-000+ || +000-000-000+ || +740-048-741-851+ || +700-033-711-335-575-413+ || +700-033+ || +000-220+ || +740-785-004+ || +740-904-240+ || +033-700+ || +090-740-103-741-066+ || +000-740+ || +032+ || +032+ || ]155-033+ || +700+ || +032+ || +032+ || +034+ || +550+ || ]705+ || +033+ || +740-066-090-400[ || +001+ || +001+ || +002+ || +002+ || +032+ || +004+ || +003+ || +032+ || +033+ || +032+ || +002+ || +002+ || +031+ || +031+ || +004+ || +033+ || +031-999-032+ || +002+ || +032+ || +031+ || +033+ || +032+ || +004+ || +003-000[ || +032+ || +003/003+ || +698+ || +032+ || +032+ || +400-520-000[ || ]556+ || +700+ || +031+ || +400-740-000[ || +413+ || +000-700/700-000+ || +032+ || +031+ || +032+ || +032+ || +033+ || +032+ || +000-000-014+ || +002+ || +034-000+ || +063-700-176-000+ || +111-033+ || +000-480-003-064-002-003-861+ || +000+ || +220+ || +000+ || +158-000-470+ || +032-000+ || +034-705+ || +032+ || +390-000[ || +033+ || +520-235+ || +700+ || +032+ || ]645-032+ || ]740-000-000-002-575-000[ || +002-861-416+ || +700-034+ || +700-000+ || +033+ || +032+ || +034+ || +003+ || +032+ || +033-700+ || +740-175-415-033-001+ || +740-176+ || +000-700+ || +033+ || +413-031+ || +000-740+ || ]400[ || ]000-700-033+ || +000-400+ || +090+ || +000-000-000+ || +034+ || +400-740-017-503+ || +090-740-792+ || +700-034+ || +032+ || +390[ || +390-000+ || +033+ || +033-000-000-000[ || +840+ || +700+ || +001+ || +000-690+ || +740-032-000+ || ]000-630[ || +000+ || +390-004-002-817+ || +002-002+ || +033+ || +032+ || +000-740+ || +032/032+ || +032+ || +000-698+ || +002+ || +032+ || +031-697+ || +032+ || +004+ || +032+ || +032+ || +002+ || +002+ || +032+ || +032+ || +698+ || +000/034+ || +032+ || +003+ || +032+ || +003+ || +220+ || +032+ || +004+ || +032+ || +001+ || +002-000+ || +740-000+ || ]032+ || +002+ || +033+ || ]000-003+ || +645-999-645+ || +416+ || +416+ || +013+ || +440+ || +035/032-001-000/033+ || +002-003+ || +700+ || +400-740-817-491+ || +700-034+ || +033-034+ || ]820[ || +520-920-320-235-175-000-820+ || +740-590-017+ || +390+ || +000-643-240+ || +740-390-590-220-003-060-840-416+ || +000-740-000[ || +000-000-000[ || ]740-564+ || +831-413-840-091+ || ]000-033-000[ || +740-005+ || +706+ || +000-004-067-703-060-900+ || +064-630[ || +064-002+ || +920-130-511-000-002+ || +590-252+ || +585-831+ || +790+ || +836+ || +740-840-416-240-741-500-091+ || +158-032+ || +140-705[ || +740[ || ]000-033-706-806[ || +740-798-405-000[ || +000-000-000-002-000+ || +740-752-615-503+ || +000-000-122-003-002-000+ || +740-752-615-503+ || +294-844+ || +000-240-000+ || +590-906+ || +821-001-480-850-595-391+ || +740-637-240-002-861+ || +740-390-590-033-705-000+ || +000+ || +000-000-000[ || +740-752-615-503+ || +740-690-435-255-231+ || +749-479+ || +000-100-140-002+ || +407-063-845-240-798+ || +422-003+ || +001-740-923-033-705+ || +740-390-590-002-817+ || +530-000-000-000-808[ || +840+ || +840+ || +032+ || +032+ || +740-000-000[ || +740-032-840+ || +740-752-615-503+ || +740-615-503+ || +407-585-033-705-233-235-806+ || ]700-031+ || +621-740-514+ || +520-070-255-832-220-003-853+ || +740-205-032-002-390-590-032+ || ]000-220-000-740-000[ || +740-400-061-299-350-125-176+ || +151-000+ || +160-090-055-060-190+ || +740-029-220-000[ || +405-004+ || ]740-892-517+ || +000-590-220-033+ || +740-877-032-235+ || +740-585-017+ || +302-460-000[ || +700-604-407-090-365-000+ || +416-150-002-055-031-319-001-924+ || +390-004-002-705-127+ || +000-220-390-440-384+ || +000-603-091-190+ || +090-055-000-132-032+ || +740-740-001-550-467+ || +740-585-231-240-060-820+ || +740-100-415-927-060-920-031+ || +740-222-235-002-820+ || +093-340-924-220-528+ || +002-004-328-001-803-415+ || +000-000-004-090-350+ || +136-031+ || +413-933-031+ || +136-031+ || +136-031+ || +931-000+ || +740-000[ || +740-220+ || +740+ || +740-690-435-255-002-267-000-033+ || +520-033-033+ || +740-760-000-000[ || +455-861-000-000-033+ || +520-073+ || ]240-803-002-861+ || +740-390-590-125-220-235-002-285+ || +520-000-002-820+ || +000-000-002-820+ || +326-000[ || +000-000-000[ || +368-005-741-060-920+ || +740-000[ || +064-004-013-740-176+ || +740-760-001-233+ || +400-125-000+ || +423-003-001-423-002-031-104+ || +740-840-416+ || +776-440-003-421+ || +520-033-706+ || +840-527-002-000+ || +031-055-000[ || ]000-520-220-032+ || ]000-000-000-032-840-000+ || +090-160+ || +392-004-002-278-595+ || +921-000[ || +156-142-741-060-920+ || +148-632-031-741-000+ || +520-233-803-060-001-031-905-032-000+ || +740-000[ || ]000-032+ || +390-006-000[ || +817-130+ || +740-390-590-231-002-705-530-904+ || +740-798-233-742-175+ || +740-032-840-803+ || +000-000-000-740-000+ || +360-000[ || +231-850+ || ]000-861[ || +400-392-631-000+ || +005-408+ || ]740-760-382/000-740-220-000[ || +740-000-000-235+ || ]000-820[ || +154-806-472-013-220-455-806+ || +820-390-590-002-861+ || +391-002-365-550+ || +001-000-000-832-904-002-817+ || +390-550-452-060-690+ || +220-000[ || +575-031-002-226-231[ || +832-140-013-547+ || +416+ || +463-513/390-017-002-463-575+ || ]611-000[ || +740-740-000-742+ || +595-134-000[ || ]519+ || +740-176-001-741-703-900-003+ || +740-384-002-629-279+ || +520-033-705-235-803[ || +740-100-235-002-817+ || +001-111-000+ || +151-740-000[ || +000[ || ]267-125-000[ || +520-000-235+ || ]000-000-000-000+ || ]000-350-125-812-033+ || +032-820-000-900+ || +520-742-861+ || +740-760-234-741-740-590+ || ]000-615-000[ || +031-151+ || +740-235-220+ || +156-019+ || +400-740-920+ || +740-630-098-368-824+ || +740-000-000-000-590+ || +740-390-590-220-463-240-001-820-060+ || ]000+ || +000-798-701+ || +520-235+ || +423-003-031-005-130-090-000[ || ]000-000-002-820+ || ]820-066-415+ || +740-760-175-220-255+ || +151-032-388-002-390-705+ || ]000-000-032+ || +090-095-741-374-132+ || +151-142+ || ]000-740-798-000[ || +004-408+ || ]520-175[ || +033-705-233-235-002-457+ || +233-776+ || +740-798[ || +592+ || +806-091-001-368-255-000+ || +740-000-000[ || +705-000-000+ || +520-090-803-564-741-798-892+ || +255-014-000+ || +740-760-175-002-000[ || ]000-572-090+ || +561-092-625-900+ || +000-740-000[ || +236-231-000[ || ]000-091+ || +892-033+ || ]000-625-000+ || +390-016-002-861+ || ]000-625+ || +400-033[ || +520-095-000[ || ]000-590-820-033+ || ]000-001-740-798-235+ || +443[ || +000-000+ || ]000-032+ || +422-003+ || ]806-002-808+ || +365-820-000[ || +405-016-002-861+ || +000-000[ || +832-001-740-176+ || +090[ || ]705-090-705+ || +740-067-900-002-003+ || +390-003[ || +033+ || ]000-125-001-742+ || +032-820-000[ || ]031-000-590+ || ]233-630[ || +590-407-790-001-746+ || +000[ || +153-220-032+ || +740-798-706-061-060-550+ || ]000-892-000[ || +000-000-000-220-240[ || +400-740-690-436-255+ || +700-033+ || ]148-794-220[ || +604[ || +032+ || ]806[ || ]000-000+ || ]365-000[ || +740-000[ || ]220-000-002-000[ || +368-900-000-741-000+ || ]923+ || +136-033+ || +740-519-002-900-630+ || ]706-002-850+ || ]000-840-552+ || +000-032-515+ || +368[ || +365[ || +000-000-700-617-740[ || ]820+ || ]817[ || ]002-817[ || ]820+ || ]000-229-705-906+ || ]032-700+ || +520-000-002-820+ || +520-000-002-000+ || +411+ || +520-000-000-000[ || ]000-705-906-550+ || +090-740-055-000[ || +090-740-000[ || +090-740-000[ || +000-740-055-000[ || +740-585-000[ || +000[ || +740-032-840-220-000[ || +740-760-000[ || +354-794-892[ || +740[ || ]000-240[ || +094-033[ || ]000+ || ]700-090[ || ]000-000-700-000[ || +000-000-000-000[ || ]240-002-031-000[ || +000-705-002-861+ || ]000-032-840-002-000+ || ]000-803-740-000[ || ]740-142-000-002-861-390[ || ]000-100-001-832[ || +032+ || +032+ || +032+ || +032+ || ]000-741-000-000+ || ]803-000[ || ]630-000[ || ]000-032-000[ || +000-575[ || +426-000[ || ]000-317-000+ || +742+ || +742+ || +742+ || +000-000+ || +000-000+ || +820+ || ]000[ || +035+ || +110[ || +354-001-405-840-626-416-220-415-798-745[ || +034-000+ || +155-005+ || +090-740-100-415-240-820-033+ || +000-000-000+ || +520-070-495-240-060-297-368-632-032+ || +292-352-125-741-900-322+ || +520-463-510+ || +740-000-744-013-255+ || +000-090-001-133-384-160+ || +000-061-032-001-220-033-000+ || ]000-001-000-090-000[ || +002/000-090-725-000+ || +220-455-031-091+ || +033-001-032-091+ || +031-093-001-091-220-055+ || +740/740+ || ]405-090[ || +055-099-121-055-831-031-071+ || +740-061+ || +740-032-029-002-281+ || +740-405-590-060-146+ || +740-000-000[ || +740+ || +156+ || +382-382-382+ || +740-705-000-000+ || +740-706+ || +740-706+ || +740-706-365-000[ || +740-706-365-000[ || ]000-861+ || ]678+ || +033-033[ || ]000-390+ || +740-900-803+ || ]892-000+ || +500[ || +700+ || +000-600-000-000[ || +033-155+ || +400-137+ || ]000-000-220+ || +740-000-000+ || +032+ || +000-176+ || +843+ || ]000-374-000-820+ || ]000-000-416[ || +515-849[ || ]000-740[ || ]220[ || +034+ || ]000-049-002-820+ || +520-031+ || +151-400-142+ || +740-000-032-000-000+ || +520-001+ || +335-220-098-921-861+ || +220+ || +415-820+ || +237+ || +390-016-013-820+ || +520-235-220-032+ || +000-000-315-849[ || +697-031+ || +000-840-140-002-817+ || +390-840-741-031-370+ || +361-002-000-317-688+ || +002-861-000[ || +820-033+ || +455+ || ]411-956[ || ]741[ || ]861[ || ]000-530[ || ]820[ || ]002-920+ || +091+ || ]742[ || +392-861+ || ]000-590[ || +740-000[ || +000+ || +145-139-000-000+ || ]706-220+ || ]000-100-415-240-741-060-920+ || +400-520-000[ || ]000-220+ || +382-520+ || +000-032-705[ || ]000-220-000-368-220-031+ || +390+ || +390+ || +390+ || +031-820-104-013-817+ || +136-002-298-741+ || +520-033-033-741-572-368+ || +740-861-877-741-000+ || +136-002-861+ || +368-415-104-002-824+ || ]231-226-002-031-575+ || ]035-171+ || +000+ || ]740-081[ || ]705-000[ || +000-176-142+ || +740-154-017-060-130-035-171+ || +407-032-520-095-585-017-231+"
"<START>","033","<START>-220-033","+220-033+","2","2","1","Harappa","POT:T:s","Clay","1017.1;1032.1","H-1736;H-1737","0","0","no_companion_side",""
"<START>","063","<START>-220-063","+220-063-051+","1","1","1","Harappa","SEAL:S","Steatite","1065.1","H-4","0","0","no_companion_side",""
"<START>","063","<START>-220-063","+220-063-706-000+","1","1","1","Chanhu-daro","MISC","Copper","119.1","C-38","0","0","no_companion_side",""
"<START>","065","<START>-220-065","+220-065-864+","1","1","1","Mohenjo-daro","SEAL:S","Steatite","2678.1","M-151","0","0","no_companion_side",""
"<START>","233","<START>-220-233","+220-233+","1","1","1","Harappa","TAB:I","Steatite","416.1","H-2035","0","0","no_companion_side",""
"<START>","455","<START>-220-455","+220-455-031-091+","1","1","1","Karzakan","SEAL:C","-","5227.1","-","0","0","one_sign_or_contains_110","+220-000+ || +740-235+ || +405-844-032-840-002-861+ || +000+ || +520-001+ || +000-000-000+ || +390-003-003+ || +006+ || +236-002-820+ || +740-760-000-742-013/742-552+ || +151-892-032+ || +156-019+ || +093-808+ || +244-165/740-879-220-416-803-002-861+ || +520-460-495+ || +740-416-002-861+ || +520-460+ || +154-388-717-705+ || +590-407-790-032+ || +390-016-002-861+ || +617-142+ || +520-033-706-233+ || +740-100-407-590+ || +520-033[ || +090-740-000[ || +740-000+ || +000-400-350-031-002-817+ || +798-821-031-645-850-820-388-611-820+ || +317-817-000-090+ || ]090-001-350-716+ || +240-220+ || +740-760-445+ || +220-032+ || ]615-715+ || +390-371+ || +390-371+ || ]390-390[ || ]740+ || +400-740-900[ || +236-140-893-861+ || +617-117+ || +031-463-000+ || ]000-055-033-033+ || +000-000-033+ || +415-000-160+ || +692+ || +740-000-892+ || +700-033+ || +000-000-000-000+ || +400-740-100-176-000+ || +000-000-002-257-550+ || +804-740-219+ || +700-033+ || +740-031-904-001-032+ || +700-031-000-032+ || +868-705-590+ || +400-156-435-255+ || +776-495+ || ]740-000+ || +060-550+ || +156-384-031-400+ || +700-033+ || +400-740-176+ || +400-740-176+ || +000-700+ || +154-435-255+ || +700-034+ || +000+ || +700-000+ || +390+ || +740-904-240-002-817+ || +700-032+ || +740-840[ || ]000-033+ || +740-000-828+ || +740-407-590-690-436-255-920-318-220-415-803+ || +400-740-000-000+ || +000-000-000+ || +740-048-741-851+ || +700-033-711-335-575-413+ || +700-033+ || +000-220+ || +740-785-004+ || +740-904-240+ || +033-700+ || +090-740-103-741-066+ || +000-740+ || +032+ || +032+ || ]155-033+ || +700+ || +032+ || +032+ || +034+ || +550+ || ]705+ || +033+ || +740-066-090-400[ || +001+ || +001+ || +002+ || +002+ || +032+ || +004+ || +003+ || +032+ || +033+ || +032+ || +002+ || +002+ || +031+ || +031+ || +004+ || +033+ || +031-999-032+ || +002+ || +032+ || +031+ || +033+ || +032+ || +004+ || +003-000[ || +032+ || +003/003+ || +698+ || +032+ || +032+ || +400-520-000[ || ]556+ || +700+ || +031+ || +400-740-000[ || +413+ || +000-700/700-000+ || +032+ || +031+ || +032+ || +032+ || +033+ || +032+ || +000-000-014+ || +002+ || +034-000+ || +063-700-176-000+ || +111-033+ || +000-480-003-064-002-003-861+ || +000+ || +220+ || +000+ || +158-000-470+ || +032-000+ || +034-705+ || +032+ || +390-000[ || +033+ || +520-235+ || +700+ || +032+ || ]645-032+ || ]740-000-000-002-575-000[ || +002-861-416+ || +700-034+ || +700-000+ || +033+ || +032+ || +034+ || +003+ || +032+ || +033-700+ || +740-175-415-033-001+ || +740-176+ || +000-700+ || +033+ || +413-031+ || +000-740+ || ]400[ || ]000-700-033+ || +000-400+ || +090+ || +000-000-000+ || +034+ || +400-740-017-503+ || +090-740-792+ || +700-034+ || +032+ || +390[ || +390-000+ || +033+ || +033-000-000-000[ || +840+ || +700+ || +001+ || +000-690+ || +740-032-000+ || ]000-630[ || +000+ || +390-004-002-817+ || +002-002+ || +033+ || +032+ || +000-740+ || +032/032+ || +032+ || +000-698+ || +002+ || +032+ || +031-697+ || +032+ || +004+ || +032+ || +032+ || +002+ || +002+ || +032+ || +032+ || +698+ || +000/034+ || +032+ || +003+ || +032+ || +003+ || +220+ || +032+ || +004+ || +032+ || +001+ || +002-000+ || +740-000+ || ]032+ || +002+ || +033+ || ]000-003+ || +645-999-645+ || +416+ || +416+ || +013+ || +440+ || +035/032-001-000/033+ || +002-003+ || +700+ || +400-740-817-491+ || +700-034+ || +033-034+ || ]820[ || +520-920-320-235-175-000-820+ || +740-590-017+ || +390+ || +000-643-240+ || +740-390-590-220-003-060-840-416+ || +000-740-000[ || +000-000-000[ || ]740-564+ || +831-413-840-091+ || ]000-033-000[ || +740-005+ || +706+ || +000-004-067-703-060-900+ || +064-630[ || +064-002+ || +920-130-511-000-002+ || +590-252+ || +585-831+ || +790+ || +836+ || +740-840-416-240-741-500-091+ || +158-032+ || +140-705[ || +740[ || ]000-033-706-806[ || +740-798-405-000[ || +000-000-000-002-000+ || +740-752-615-503+ || +000-000-122-003-002-000+ || +740-752-615-503+ || +294-844+ || +000-240-000+ || +590-906+ || +821-001-480-850-595-391+ || +740-637-240-002-861+ || +740-390-590-033-705-000+ || +000+ || +000-000-000[ || +740-752-615-503+ || +740-690-435-255-231+ || +749-479+ || +000-100-140-002+ || +407-063-845-240-798+ || +422-003+ || +001-740-923-033-705+ || +740-390-590-002-817+ || +530-000-000-000-808[ || +840+ || +840+ || +032+ || +032+ || +740-000-000[ || +740-032-840+ || +740-752-615-503+ || +740-615-503+ || +407-585-033-705-233-235-806+ || ]700-031+ || +621-740-514+ || +520-070-255-832-220-003-853+ || +740-205-032-002-390-590-032+ || ]000-220-000-740-000[ || +740-400-061-299-350-125-176+ || +151-000+ || +160-090-055-060-190+ || +740-029-220-000[ || +405-004+ || ]740-892-517+ || +000-590-220-033+ || +740-877-032-235+ || +740-585-017+ || +302-460-000[ || +700-604-407-090-365-000+ || +416-150-002-055-031-319-001-924+ || +390-004-002-705-127+ || +000-220-390-440-384+ || +000-603-091-190+ || +090-055-000-132-032+ || +740-740-001-550-467+ || +740-585-231-240-060-820+ || +740-100-415-927-060-920-031+ || +740-222-235-002-820+ || +093-340-924-220-528+ || +002-004-328-001-803-415+ || +000-000-004-090-350+ || +136-031+ || +413-933-031+ || +136-031+ || +136-031+ || +931-000+ || +740-000[ || +740-220+ || +740+ || +740-690-435-255-002-267-000-033+ || +520-033-033+ || +740-760-000-000[ || +455-861-000-000-033+ || +520-073+ || ]240-803-002-861+ || +740-390-590-125-220-235-002-285+ || +520-000-002-820+ || +000-000-002-820+ || +326-000[ || +000-000-000[ || +368-005-741-060-920+ || +740-000[ || +064-004-013-740-176+ || +740-760-001-233+ || +400-125-000+ || +423-003-001-423-002-031-104+ || +740-840-416+ || +776-440-003-421+ || +520-033-706+ || +840-527-002-000+ || +031-055-000[ || ]000-520-220-032+ || ]000-000-000-032-840-000+ || +090-160+ || +392-004-002-278-595+ || +921-000[ || +156-142-741-060-920+ || +148-632-031-741-000+ || +520-233-803-060-001-031-905-032-000+ || +740-000[ || ]000-032+ || +390-006-000[ || +817-130+ || +740-390-590-231-002-705-530-904+ || +740-798-233-742-175+ || +740-032-840-803+ || +000-000-000-740-000+ || +360-000[ || +231-850+ || ]000-861[ || +400-392-631-000+ || +005-408+ || ]740-760-382/000-740-220-000[ || +740-000-000-235+ || ]000-820[ || +154-806-472-013-220-455-806+ || +820-390-590-002-861+ || +391-002-365-550+ || +001-000-000-832-904-002-817+ || +390-550-452-060-690+ || +220-000[ || +575-031-002-226-231[ || +832-140-013-547+ || +416+ || +463-513/390-017-002-463-575+ || ]611-000[ || +740-740-000-742+ || +595-134-000[ || ]519+ || +740-176-001-741-703-900-003+ || +740-384-002-629-279+ || +520-033-705-235-803[ || +740-100-235-002-817+ || +001-111-000+ || +151-740-000[ || +000[ || ]267-125-000[ || +520-000-235+ || ]000-000-000-000+ || ]000-350-125-812-033+ || +032-820-000-900+ || +520-742-861+ || +740-760-234-741-740-590+ || ]000-615-000[ || +031-151+ || +740-235-220+ || +156-019+ || +400-740-920+ || +740-630-098-368-824+ || +740-000-000-000-590+ || +740-390-590-220-463-240-001-820-060+ || ]000+ || +000-798-701+ || +520-235+ || +423-003-031-005-130-090-000[ || ]000-000-002-820+ || ]820-066-415+ || +740-760-175-220-255+ || +151-032-388-002-390-705+ || ]000-000-032+ || +090-095-741-374-132+ || +151-142+ || ]000-740-798-000[ || +004-408+ || ]520-175[ || +033-705-233-235-002-457+ || +233-776+ || +740-798[ || +592+ || +806-091-001-368-255-000+ || +740-000-000[ || +705-000-000+ || +520-090-803-564-741-798-892+ || +255-014-000+ || +740-760-175-002-000[ || ]000-572-090+ || +561-092-625-900+ || +000-740-000[ || +236-231-000[ || ]000-091+ || +892-033+ || ]000-625-000+ || +390-016-002-861+ || ]000-625+ || +400-033[ || +520-095-000[ || ]000-590-820-033+ || ]000-001-740-798-235+ || +443[ || +000-000+ || ]000-032+ || +422-003+ || ]806-002-808+ || +365-820-000[ || +405-016-002-861+ || +000-000[ || +832-001-740-176+ || +090[ || ]705-090-705+ || +740-067-900-002-003+ || +390-003[ || +033+ || ]000-125-001-742+ || +032-820-000[ || ]031-000-590+ || ]233-630[ || +590-407-790-001-746+ || +000[ || +153-220-032+ || +740-798-706-061-060-550+ || ]000-892-000[ || +000-000-000-220-240[ || +400-740-690-436-255+ || +700-033+ || ]148-794-220[ || +604[ || +032+ || ]806[ || ]000-000+ || ]365-000[ || +740-000[ || ]220-000-002-000[ || +368-900-000-741-000+ || ]923+ || +136-033+ || +740-519-002-900-630+ || ]706-002-850+ || ]000-840-552+ || +000-032-515+ || +368[ || +365[ || +000-000-700-617-740[ || ]820+ || ]817[ || ]002-817[ || ]820+ || ]000-229-705-906+ || ]032-700+ || +520-000-002-820+ || +520-000-002-000+ || +411+ || +520-000-000-000[ || ]000-705-906-550+ || +090-740-055-000[ || +090-740-000[ || +090-740-000[ || +000-740-055-000[ || +740-585-000[ || +000[ || +740-032-840-220-000[ || +740-760-000[ || +354-794-892[ || +740[ || ]000-240[ || +094-033[ || ]000+ || ]700-090[ || ]000-000-700-000[ || +000-000-000-000[ || ]240-002-031-000[ || +000-705-002-861+ || ]000-032-840-002-000+ || ]000-803-740-000[ || ]740-142-000-002-861-390[ || ]000-100-001-832[ || +032+ || +032+ || +032+ || +032+ || ]000-741-000-000+ || ]803-000[ || ]630-000[ || ]000-032-000[ || +000-575[ || +426-000[ || ]000-317-000+ || +742+ || +742+ || +742+ || +000-000+ || +000-000+ || +820+ || ]000[ || +035+ || +110[ || +354-001-405-840-626-416-220-415-798-745[ || +034-000+ || +155-005+ || +090-740-100-415-240-820-033+ || +000-000-000+ || +520-070-495-240-060-297-368-632-032+ || +292-352-125-741-900-322+ || +520-463-510+ || +740-000-744-013-255+ || +000-090-001-133-384-160+ || +000-061-032-001-220-033-000+ || ]000-001-000-090-000[ || +002/000-090-725-000+ || +033-001-032-091+ || +031-093-001-091-220-055+ || +740/740+ || ]405-090[ || +055-099-121-055-831-031-071+ || +740-061+ || +740-032-029-002-281+ || +740-405-590-060-146+ || +740-000-000[ || +740+ || +156+ || +382-382-382+ || +740-705-000-000+ || +740-706+ || +740-706+ || +740-706-365-000[ || +740-706-365-000[ || ]000-861+ || ]678+ || +033-033[ || ]000-390+ || +740-900-803+ || ]892-000+ || +500[ || +700+ || +000-600-000-000[ || +033-155+ || +400-137+ || ]000-000-220+ || +740-000-000+ || +032+ || +000-176+ || +843+ || ]000-374-000-820+ || ]000-000-416[ || +515-849[ || ]000-740[ || ]220[ || +034+ || ]000-049-002-820+ || +520-031+ || +151-400-142+ || +740-000-032-000-000+ || +520-001+ || +335-220-098-921-861+ || +220+ || +415-820+ || +237+ || +390-016-013-820+ || +520-235-220-032+ || +000-000-315-849[ || +697-031+ || +000-840-140-002-817+ || +390-840-741-031-370+ || +361-002-000-317-688+ || +002-861-000[ || +820-033+ || +455+ || ]411-956[ || ]741[ || ]861[ || ]000-530[ || ]820[ || ]002-920+ || +091+ || ]742[ || +392-861+ || ]000-590[ || +740-000[ || +000+ || +145-139-000-000+ || ]706-220+ || ]000-100-415-240-741-060-920+ || +400-520-000[ || ]000-220+ || +382-520+ || +000-032-705[ || ]000-220-000-368-220-031+ || +390+ || +390+ || +390+ || +031-820-104-013-817+ || +136-002-298-741+ || +520-033-033-741-572-368+ || +740-861-877-741-000+ || +136-002-861+ || +368-415-104-002-824+ || ]231-226-002-031-575+ || ]035-171+ || +000+ || ]740-081[ || ]705-000[ || +000-176-142+ || +740-154-017-060-130-035-171+ || +407-032-520-095-585-017-231+"
"<START>","455","<START>-220-455","+220-455-125-031+","1","1","1","Mohenjo-daro","SEAL:S","Steatite","2195.1","M-1749","0","0","no_companion_side",""
"<START>","500","<START>-220-500","+220-500-520-002-862-032+","1","1","1","Harappa","SEAL:S","Steatite","293.1","H-1033","0","0","no_companion_side",""
"<START>","700","<START>-220-700","+220-700-004+","3","3","1","Harappa","TAB:I","-;Steatite","1324.1;1793.2;4056.2","H-1191;H-302;H-912","0","0","longer_other","+400-740-760-220-416+ || +400-760-740-220-416+"
"<START>","786","<START>-220-786","+220-786-255+","1","1","1","Mohenjo-daro","SEAL:R","Steatite","2910.1","M-414","0","0","no_companion_side",""
"000","000","000-220-000","+000-220-000+","1","1","1","Harappa","POT:T:g","-","166.1","H-1392","1","1","no_companion_side",""
"000","000","000-220-000","+400-202-000-220-000+","1","1","1","Harappa","TAB:B","Steatite","3964.1","H-1103","0","0","no_companion_side",""
"000","000","000-220-000","+442-000-220-000+","1","1","1","Harappa","TAB:B","-","1686.2","H-795","0","0","700_033_branch","+033-700+"
"000","002","000-220-002","+000-220-002-595-632-354-850+","1","1","1","Harappa","SEAL:S","Steatite","1399.1","H-385","0","0","no_companion_side",""
"000","002","000-220-002","+740-923-000-220-002-817+","1","1","1","Harappa","SEAL:S","Steatite","223.1","H-1042","0","0","no_companion_side",""
"000","003","000-220-003","+000-000-220-003+","1","1","1","Kalibangan","SEAL:S","Steatite","1883.1","K-8","0","0","no_companion_side",""
"000","004","000-220-004","+740-000-220-004-002-390-095+","1","1","1","Harappa","TAB:B","Clay","744.2","H-1993","0","0","700_033_branch","+700-033+"
"000","032","000-220-032","+000-000-220-032+","1","1","1","Mohenjo-daro","SEAL:S","Steatite","2501.1","M-1812","0","0","no_companion_side",""
"000","032","000-220-032","+000-220-032-002-817+","1","1","1","Mohenjo-daro","SEAL:S","-","3989.1","M-1788","0","0","no_companion_side",""
"000","390","000-220-390","+000-220-390-440-384+","1","1","1","Tello","SEAL:S","-","3885.1","-","0","0","one_sign_or_contains_110","+220-000+ || +740-235+ || +405-844-032-840-002-861+ || +000+ || +520-001+ || +000-000-000+ || +390-003-003+ || +006+ || +236-002-820+ || +740-760-000-742-013/742-552+ || +151-892-032+ || +156-019+ || +093-808+ || +244-165/740-879-220-416-803-002-861+ || +520-460-495+ || +740-416-002-861+ || +520-460+ || +154-388-717-705+ || +590-407-790-032+ || +390-016-002-861+ || +617-142+ || +520-033-706-233+ || +740-100-407-590+ || +520-033[ || +090-740-000[ || +740-000+ || +000-400-350-031-002-817+ || +798-821-031-645-850-820-388-611-820+ || +317-817-000-090+ || ]090-001-350-716+ || +240-220+ || +740-760-445+ || +220-032+ || ]615-715+ || +390-371+ || +390-371+ || ]390-390[ || ]740+ || +400-740-900[ || +236-140-893-861+ || +617-117+ || +031-463-000+ || ]000-055-033-033+ || +000-000-033+ || +415-000-160+ || +692+ || +740-000-892+ || +700-033+ || +000-000-000-000+ || +400-740-100-176-000+ || +000-000-002-257-550+ || +804-740-219+ || +700-033+ || +740-031-904-001-032+ || +700-031-000-032+ || +868-705-590+ || +400-156-435-255+ || +776-495+ || ]740-000+ || +060-550+ || +156-384-031-400+ || +700-033+ || +400-740-176+ || +400-740-176+ || +000-700+ || +154-435-255+ || +700-034+ || +000+ || +700-000+ || +390+ || +740-904-240-002-817+ || +700-032+ || +740-840[ || ]000-033+ || +740-000-828+ || +740-407-590-690-436-255-920-318-220-415-803+ || +400-740-000-000+ || +000-000-000+ || +740-048-741-851+ || +700-033-711-335-575-413+ || +700-033+ || +000-220+ || +740-785-004+ || +740-904-240+ || +033-700+ || +090-740-103-741-066+ || +000-740+ || +032+ || +032+ || ]155-033+ || +700+ || +032+ || +032+ || +034+ || +550+ || ]705+ || +033+ || +740-066-090-400[ || +001+ || +001+ || +002+ || +002+ || +032+ || +004+ || +003+ || +032+ || +033+ || +032+ || +002+ || +002+ || +031+ || +031+ || +004+ || +033+ || +031-999-032+ || +002+ || +032+ || +031+ || +033+ || +032+ || +004+ || +003-000[ || +032+ || +003/003+ || +698+ || +032+ || +032+ || +400-520-000[ || ]556+ || +700+ || +031+ || +400-740-000[ || +413+ || +000-700/700-000+ || +032+ || +031+ || +032+ || +032+ || +033+ || +032+ || +000-000-014+ || +002+ || +034-000+ || +063-700-176-000+ || +111-033+ || +000-480-003-064-002-003-861+ || +000+ || +220+ || +000+ || +158-000-470+ || +032-000+ || +034-705+ || +032+ || +390-000[ || +033+ || +520-235+ || +700+ || +032+ || ]645-032+ || ]740-000-000-002-575-000[ || +002-861-416+ || +700-034+ || +700-000+ || +033+ || +032+ || +034+ || +003+ || +032+ || +033-700+ || +740-175-415-033-001+ || +740-176+ || +000-700+ || +033+ || +413-031+ || +000-740+ || ]400[ || ]000-700-033+ || +000-400+ || +090+ || +000-000-000+ || +034+ || +400-740-017-503+ || +090-740-792+ || +700-034+ || +032+ || +390[ || +390-000+ || +033+ || +033-000-000-000[ || +840+ || +700+ || +001+ || +000-690+ || +740-032-000+ || ]000-630[ || +000+ || +390-004-002-817+ || +002-002+ || +033+ || +032+ || +000-740+ || +032/032+ || +032+ || +000-698+ || +002+ || +032+ || +031-697+ || +032+ || +004+ || +032+ || +032+ || +002+ || +002+ || +032+ || +032+ || +698+ || +000/034+ || +032+ || +003+ || +032+ || +003+ || +220+ || +032+ || +004+ || +032+ || +001+ || +002-000+ || +740-000+ || ]032+ || +002+ || +033+ || ]000-003+ || +645-999-645+ || +416+ || +416+ || +013+ || +440+ || +035/032-001-000/033+ || +002-003+ || +700+ || +400-740-817-491+ || +700-034+ || +033-034+ || ]820[ || +520-920-320-235-175-000-820+ || +740-590-017+ || +390+ || +000-643-240+ || +740-390-590-220-003-060-840-416+ || +000-740-000[ || +000-000-000[ || ]740-564+ || +831-413-840-091+ || ]000-033-000[ || +740-005+ || +706+ || +000-004-067-703-060-900+ || +064-630[ || +064-002+ || +920-130-511-000-002+ || +590-252+ || +585-831+ || +790+ || +836+ || +740-840-416-240-741-500-091+ || +158-032+ || +140-705[ || +740[ || ]000-033-706-806[ || +740-798-405-000[ || +000-000-000-002-000+ || +740-752-615-503+ || +000-000-122-003-002-000+ || +740-752-615-503+ || +294-844+ || +000-240-000+ || +590-906+ || +821-001-480-850-595-391+ || +740-637-240-002-861+ || +740-390-590-033-705-000+ || +000+ || +000-000-000[ || +740-752-615-503+ || +740-690-435-255-231+ || +749-479+ || +000-100-140-002+ || +407-063-845-240-798+ || +422-003+ || +001-740-923-033-705+ || +740-390-590-002-817+ || +530-000-000-000-808[ || +840+ || +840+ || +032+ || +032+ || +740-000-000[ || +740-032-840+ || +740-752-615-503+ || +740-615-503+ || +407-585-033-705-233-235-806+ || ]700-031+ || +621-740-514+ || +520-070-255-832-220-003-853+ || +740-205-032-002-390-590-032+ || ]000-220-000-740-000[ || +740-400-061-299-350-125-176+ || +151-000+ || +160-090-055-060-190+ || +740-029-220-000[ || +405-004+ || ]740-892-517+ || +000-590-220-033+ || +740-877-032-235+ || +740-585-017+ || +302-460-000[ || +700-604-407-090-365-000+ || +416-150-002-055-031-319-001-924+ || +390-004-002-705-127+ || +000-603-091-190+ || +090-055-000-132-032+ || +740-740-001-550-467+ || +740-585-231-240-060-820+ || +740-100-415-927-060-920-031+ || +740-222-235-002-820+ || +093-340-924-220-528+ || +002-004-328-001-803-415+ || +000-000-004-090-350+ || +136-031+ || +413-933-031+ || +136-031+ || +136-031+ || +931-000+ || +740-000[ || +740-220+ || +740+ || +740-690-435-255-002-267-000-033+ || +520-033-033+ || +740-760-000-000[ || +455-861-000-000-033+ || +520-073+ || ]240-803-002-861+ || +740-390-590-125-220-235-002-285+ || +520-000-002-820+ || +000-000-002-820+ || +326-000[ || +000-000-000[ || +368-005-741-060-920+ || +740-000[ || +064-004-013-740-176+ || +740-760-001-233+ || +400-125-000+ || +423-003-001-423-002-031-104+ || +740-840-416+ || +776-440-003-421+ || +520-033-706+ || +840-527-002-000+ || +031-055-000[ || ]000-520-220-032+ || ]000-000-000-032-840-000+ || +090-160+ || +392-004-002-278-595+ || +921-000[ || +156-142-741-060-920+ || +148-632-031-741-000+ || +520-233-803-060-001-031-905-032-000+ || +740-000[ || ]000-032+ || +390-006-000[ || +817-130+ || +740-390-590-231-002-705-530-904+ || +740-798-233-742-175+ || +740-032-840-803+ || +000-000-000-740-000+ || +360-000[ || +231-850+ || ]000-861[ || +400-392-631-000+ || +005-408+ || ]740-760-382/000-740-220-000[ || +740-000-000-235+ || ]000-820[ || +154-806-472-013-220-455-806+ || +820-390-590-002-861+ || +391-002-365-550+ || +001-000-000-832-904-002-817+ || +390-550-452-060-690+ || +220-000[ || +575-031-002-226-231[ || +832-140-013-547+ || +416+ || +463-513/390-017-002-463-575+ || ]611-000[ || +740-740-000-742+ || +595-134-000[ || ]519+ || +740-176-001-741-703-900-003+ || +740-384-002-629-279+ || +520-033-705-235-803[ || +740-100-235-002-817+ || +001-111-000+ || +151-740-000[ || +000[ || ]267-125-000[ || +520-000-235+ || ]000-000-000-000+ || ]000-350-125-812-033+ || +032-820-000-900+ || +520-742-861+ || +740-760-234-741-740-590+ || ]000-615-000[ || +031-151+ || +740-235-220+ || +156-019+ || +400-740-920+ || +740-630-098-368-824+ || +740-000-000-000-590+ || +740-390-590-220-463-240-001-820-060+ || ]000+ || +000-798-701+ || +520-235+ || +423-003-031-005-130-090-000[ || ]000-000-002-820+ || ]820-066-415+ || +740-760-175-220-255+ || +151-032-388-002-390-705+ || ]000-000-032+ || +090-095-741-374-132+ || +151-142+ || ]000-740-798-000[ || +004-408+ || ]520-175[ || +033-705-233-235-002-457+ || +233-776+ || +740-798[ || +592+ || +806-091-001-368-255-000+ || +740-000-000[ || +705-000-000+ || +520-090-803-564-741-798-892+ || +255-014-000+ || +740-760-175-002-000[ || ]000-572-090+ || +561-092-625-900+ || +000-740-000[ || +236-231-000[ || ]000-091+ || +892-033+ || ]000-625-000+ || +390-016-002-861+ || ]000-625+ || +400-033[ || +520-095-000[ || ]000-590-820-033+ || ]000-001-740-798-235+ || +443[ || +000-000+ || ]000-032+ || +422-003+ || ]806-002-808+ || +365-820-000[ || +405-016-002-861+ || +000-000[ || +832-001-740-176+ || +090[ || ]705-090-705+ || +740-067-900-002-003+ || +390-003[ || +033+ || ]000-125-001-742+ || +032-820-000[ || ]031-000-590+ || ]233-630[ || +590-407-790-001-746+ || +000[ || +153-220-032+ || +740-798-706-061-060-550+ || ]000-892-000[ || +000-000-000-220-240[ || +400-740-690-436-255+ || +700-033+ || ]148-794-220[ || +604[ || +032+ || ]806[ || ]000-000+ || ]365-000[ || +740-000[ || ]220-000-002-000[ || +368-900-000-741-000+ || ]923+ || +136-033+ || +740-519-002-900-630+ || ]706-002-850+ || ]000-840-552+ || +000-032-515+ || +368[ || +365[ || +000-000-700-617-740[ || ]820+ || ]817[ || ]002-817[ || ]820+ || ]000-229-705-906+ || ]032-700+ || +520-000-002-820+ || +520-000-002-000+ || +411+ || +520-000-000-000[ || ]000-705-906-550+ || +090-740-055-000[ || +090-740-000[ || +090-740-000[ || +000-740-055-000[ || +740-585-000[ || +000[ || +740-032-840-220-000[ || +740-760-000[ || +354-794-892[ || +740[ || ]000-240[ || +094-033[ || ]000+ || ]700-090[ || ]000-000-700-000[ || +000-000-000-000[ || ]240-002-031-000[ || +000-705-002-861+ || ]000-032-840-002-000+ || ]000-803-740-000[ || ]740-142-000-002-861-390[ || ]000-100-001-832[ || +032+ || +032+ || +032+ || +032+ || ]000-741-000-000+ || ]803-000[ || ]630-000[ || ]000-032-000[ || +000-575[ || +426-000[ || ]000-317-000+ || +742+ || +742+ || +742+ || +000-000+ || +000-000+ || +820+ || ]000[ || +035+ || +110[ || +354-001-405-840-626-416-220-415-798-745[ || +034-000+ || +155-005+ || +090-740-100-415-240-820-033+ || +000-000-000+ || +520-070-495-240-060-297-368-632-032+ || +292-352-125-741-900-322+ || +520-463-510+ || +740-000-744-013-255+ || +000-090-001-133-384-160+ || +000-061-032-001-220-033-000+ || ]000-001-000-090-000[ || +002/000-090-725-000+ || +220-455-031-091+ || +033-001-032-091+ || +031-093-001-091-220-055+ || +740/740+ || ]405-090[ || +055-099-121-055-831-031-071+ || +740-061+ || +740-032-029-002-281+ || +740-405-590-060-146+ || +740-000-000[ || +740+ || +156+ || +382-382-382+ || +740-705-000-000+ || +740-706+ || +740-706+ || +740-706-365-000[ || +740-706-365-000[ || ]000-861+ || ]678+ || +033-033[ || ]000-390+ || +740-900-803+ || ]892-000+ || +500[ || +700+ || +000-600-000-000[ || +033-155+ || +400-137+ || ]000-000-220+ || +740-000-000+ || +032+ || +000-176+ || +843+ || ]000-374-000-820+ || ]000-000-416[ || +515-849[ || ]000-740[ || ]220[ || +034+ || ]000-049-002-820+ || +520-031+ || +151-400-142+ || +740-000-032-000-000+ || +520-001+ || +335-220-098-921-861+ || +220+ || +415-820+ || +237+ || +390-016-013-820+ || +520-235-220-032+ || +000-000-315-849[ || +697-031+ || +000-840-140-002-817+ || +390-840-741-031-370+ || +361-002-000-317-688+ || +002-861-000[ || +820-033+ || +455+ || ]411-956[ || ]741[ || ]861[ || ]000-530[ || ]820[ || ]002-920+ || +091+ || ]742[ || +392-861+ || ]000-590[ || +740-000[ || +000+ || +145-139-000-000+ || ]706-220+ || ]000-100-415-240-741-060-920+ || +400-520-000[ || ]000-220+ || +382-520+ || +000-032-705[ || ]000-220-000-368-220-031+ || +390+ || +390+ || +390+ || +031-820-104-013-817+ || +136-002-298-741+ || +520-033-033-741-572-368+ || +740-861-877-741-000+ || +136-002-861+ || +368-415-104-002-824+ || ]231-226-002-031-575+ || ]035-171+ || +000+ || ]740-081[ || ]705-000[ || +000-176-142+ || +740-154-017-060-130-035-171+ || +407-032-520-095-585-017-231+"
"000","415","000-220-415","+000-220-415+","1","1","1","Harappa","TAB:I","Steatite","1849.1","H-972","1","1","no_companion_side",""
"000","415","000-220-415","+400-000-220-415+","2","2","1","Mohenjo-daro","ROD","Ivory","4042.1;4044.1","M-2109;M-2111","0","0","no_companion_side",""
"000","741","000-220-741","+000-031-003/000-220-741-703-632+","1","1","1","Kalibangan","SEAL:S","Steatite","1889.1","K-14","0","0","no_companion_side",""
"002","065","002-220-065","+520-231-002-220-065-132-082+","1","1","1","Kalibangan","SEAL:S","Steatite","1899.1","K-25","0","0","no_companion_side",""
"002","065","002-220-065","+740-336-002-220-065-440-455+","1","1","1","Mohenjo-daro","SEAL:S","Faience","2667.1","M-140","0","0","no_companion_side",""
"002","065","002-220-065","+740-798-240-235-002-220-065-215+","1","1","1","Mohenjo-daro","SEAL:S","Steatite","2574.1","M-46","0","0","no_companion_side",""
"002","455","002-220-455","+002-220-455-000+","1","1","1","Harappa","TAB:B","Faience","388.2","H-1874","0","0","700_034_branch","+700-034+"
"002","455","002-220-455","+226-803-002-220-455-520+","1","1","1","Mohenjo-daro","SEAL:S","Steatite","2674.1","M-147","0","0","no_companion_side",""
"002","455","002-220-455","+390-017-002-220-455-741+","1","1","1","Harappa","SEAL:S","Steatite","1139.1","H-82","0","0","no_companion_side",""
"002","455","002-220-455","+740-055-240-235-806-002-220-455-503+","1","1","1","Mohenjo-daro","SEAL:S","Steatite","2557.1","M-29","0","0","no_companion_side",""
"002","455","002-220-455","+740-585-017-033-706-803-002-220-455-920+","1","1","1","Harappa","SEAL:S","Steatite","1293.1","H-268","0","0","no_companion_side",""
"002","627","002-220-627","+484-140-002-220-627-615-906-388+","1","1","1","Mohenjo-daro","TAG:O","Clay","3712.1","M-1427","0","0","no_companion_side",""
"002","880","002-220-880","+740-717-233-002-220-880-689+","1","1","1","Mohenjo-daro","SEAL:S","Steatite","3097.1","M-655","0","0","no_companion_side",""
"176","032","176-220-032","+740-176-220-032+","2","2","1","Mohenjo-daro","TAB:C","Copper","2987.2;2988.2","M-511;M-512","0","0","700_other_branch","+165-900-700-003+"
"176","235","176-220-235","+740-176-220-235+","7","7","1","Harappa","TAB:B","-;Clay;Faience","729.1;937.1;1695.2;1696.2;1697.2;3970.2;3971.2","H-1130;H-1131;H-2010;H-2011;H-806;H-807;H-808","0","0","longer_other","+740-482-240-002-861+"
"176","415","176-220-415","+740-176-220-415-798+","1","1","1","Mohenjo-daro","SEAL:S","Steatite","3338.1","M-943","0","0","no_companion_side",""
"176","415","176-220-415","+740-760-175-176-220-415-798-002-299-530-820+","1","1","1","Mohenjo-daro","SEAL:S","-","3074.1","M-623","0","0","no_companion_side",""
"176","803","176-220-803","+140-165-740-176-220-803+","1","1","1","Mohenjo-daro","SEAL:S","Steatite","2772.1","M-249","0","0","no_companion_side",""
"233","002","233-220-002","+000-233-220-002-861+","1","1","1","Mohenjo-daro","SEAL:S","Steatite","2357.3","M-1928","0","0","longer_other","+156-003-031+ || +850-031+"
"233","032","233-220-032","+161-233-220-032-741-831+","1","1","1","Harappa","SEAL:S","Steatite","1416.1","H-412","0","0","no_companion_side",""
"233","032","233-220-032","+740-032-840-233-220-032-060-825-002+","1","1","1","Lothal","SEAL:R","Steatite","2041.1","L-87","0","0","no_companion_side",""
"233","032","233-220-032","+740-100-233-220-032-002-820+","1","1","1","Mohenjo-daro","SEAL:R","Steatite","2871.1","M-375","0","0","no_companion_side",""
"233","032","233-220-032","+740-717-233-220-032+","1","1","1","Harappa","SEAL:S","Clay","1544.1","H-601","0","0","no_companion_side",""
"233","240","233-220-240","+520-233-220-240-002-617+","1","1","1","Lothal","TAG","Clay","2077.1","L-134","0","0","no_companion_side",""
"233","415","233-220-415","+740-390-590-233-220-415-798-838-002-820+","1","1","1","Mohenjo-daro","SEAL:S","Steatite","3305.1","M-900","0","0","no_companion_side",""
"235","031","235-220-031","+409-061-740-235-220-031-002-861-244-165+","1","1","1","Harappa","SEAL:R","Steatite","1170.1","H-129","0","0","no_companion_side",""
"235","032","235-220-032","+520-235-220-032+","1","1","1","Tarkhanewala-dera","TAG","Clay","5456.1","-","0","0","one_sign_or_contains_110","+220-000+ || +740-235+ || +405-844-032-840-002-861+ || +000+ || +520-001+ || +000-000-000+ || +390-003-003+ || +006+ || +236-002-820+ || +740-760-000-742-013/742-552+ || +151-892-032+ || +156-019+ || +093-808+ || +244-165/740-879-220-416-803-002-861+ || +520-460-495+ || +740-416-002-861+ || +520-460+ || +154-388-717-705+ || +590-407-790-032+ || +390-016-002-861+ || +617-142+ || +520-033-706-233+ || +740-100-407-590+ || +520-033[ || +090-740-000[ || +740-000+ || +000-400-350-031-002-817+ || +798-821-031-645-850-820-388-611-820+ || +317-817-000-090+ || ]090-001-350-716+ || +240-220+ || +740-760-445+ || +220-032+ || ]615-715+ || +390-371+ || +390-371+ || ]390-390[ || ]740+ || +400-740-900[ || +236-140-893-861+ || +617-117+ || +031-463-000+ || ]000-055-033-033+ || +000-000-033+ || +415-000-160+ || +692+ || +740-000-892+ || +700-033+ || +000-000-000-000+ || +400-740-100-176-000+ || +000-000-002-257-550+ || +804-740-219+ || +700-033+ || +740-031-904-001-032+ || +700-031-000-032+ || +868-705-590+ || +400-156-435-255+ || +776-495+ || ]740-000+ || +060-550+ || +156-384-031-400+ || +700-033+ || +400-740-176+ || +400-740-176+ || +000-700+ || +154-435-255+ || +700-034+ || +000+ || +700-000+ || +390+ || +740-904-240-002-817+ || +700-032+ || +740-840[ || ]000-033+ || +740-000-828+ || +740-407-590-690-436-255-920-318-220-415-803+ || +400-740-000-000+ || +000-000-000+ || +740-048-741-851+ || +700-033-711-335-575-413+ || +700-033+ || +000-220+ || +740-785-004+ || +740-904-240+ || +033-700+ || +090-740-103-741-066+ || +000-740+ || +032+ || +032+ || ]155-033+ || +700+ || +032+ || +032+ || +034+ || +550+ || ]705+ || +033+ || +740-066-090-400[ || +001+ || +001+ || +002+ || +002+ || +032+ || +004+ || +003+ || +032+ || +033+ || +032+ || +002+ || +002+ || +031+ || +031+ || +004+ || +033+ || +031-999-032+ || +002+ || +032+ || +031+ || +033+ || +032+ || +004+ || +003-000[ || +032+ || +003/003+ || +698+ || +032+ || +032+ || +400-520-000[ || ]556+ || +700+ || +031+ || +400-740-000[ || +413+ || +000-700/700-000+ || +032+ || +031+ || +032+ || +032+ || +033+ || +032+ || +000-000-014+ || +002+ || +034-000+ || +063-700-176-000+ || +111-033+ || +000-480-003-064-002-003-861+ || +000+ || +220+ || +000+ || +158-000-470+ || +032-000+ || +034-705+ || +032+ || +390-000[ || +033+ || +520-235+ || +700+ || +032+ || ]645-032+ || ]740-000-000-002-575-000[ || +002-861-416+ || +700-034+ || +700-000+ || +033+ || +032+ || +034+ || +003+ || +032+ || +033-700+ || +740-175-415-033-001+ || +740-176+ || +000-700+ || +033+ || +413-031+ || +000-740+ || ]400[ || ]000-700-033+ || +000-400+ || +090+ || +000-000-000+ || +034+ || +400-740-017-503+ || +090-740-792+ || +700-034+ || +032+ || +390[ || +390-000+ || +033+ || +033-000-000-000[ || +840+ || +700+ || +001+ || +000-690+ || +740-032-000+ || ]000-630[ || +000+ || +390-004-002-817+ || +002-002+ || +033+ || +032+ || +000-740+ || +032/032+ || +032+ || +000-698+ || +002+ || +032+ || +031-697+ || +032+ || +004+ || +032+ || +032+ || +002+ || +002+ || +032+ || +032+ || +698+ || +000/034+ || +032+ || +003+ || +032+ || +003+ || +220+ || +032+ || +004+ || +032+ || +001+ || +002-000+ || +740-000+ || ]032+ || +002+ || +033+ || ]000-003+ || +645-999-645+ || +416+ || +416+ || +013+ || +440+ || +035/032-001-000/033+ || +002-003+ || +700+ || +400-740-817-491+ || +700-034+ || +033-034+ || ]820[ || +520-920-320-235-175-000-820+ || +740-590-017+ || +390+ || +000-643-240+ || +740-390-590-220-003-060-840-416+ || +000-740-000[ || +000-000-000[ || ]740-564+ || +831-413-840-091+ || ]000-033-000[ || +740-005+ || +706+ || +000-004-067-703-060-900+ || +064-630[ || +064-002+ || +920-130-511-000-002+ || +590-252+ || +585-831+ || +790+ || +836+ || +740-840-416-240-741-500-091+ || +158-032+ || +140-705[ || +740[ || ]000-033-706-806[ || +740-798-405-000[ || +000-000-000-002-000+ || +740-752-615-503+ || +000-000-122-003-002-000+ || +740-752-615-503+ || +294-844+ || +000-240-000+ || +590-906+ || +821-001-480-850-595-391+ || +740-637-240-002-861+ || +740-390-590-033-705-000+ || +000+ || +000-000-000[ || +740-752-615-503+ || +740-690-435-255-231+ || +749-479+ || +000-100-140-002+ || +407-063-845-240-798+ || +422-003+ || +001-740-923-033-705+ || +740-390-590-002-817+ || +530-000-000-000-808[ || +840+ || +840+ || +032+ || +032+ || +740-000-000[ || +740-032-840+ || +740-752-615-503+ || +740-615-503+ || +407-585-033-705-233-235-806+ || ]700-031+ || +621-740-514+ || +520-070-255-832-220-003-853+ || +740-205-032-002-390-590-032+ || ]000-220-000-740-000[ || +740-400-061-299-350-125-176+ || +151-000+ || +160-090-055-060-190+ || +740-029-220-000[ || +405-004+ || ]740-892-517+ || +000-590-220-033+ || +740-877-032-235+ || +740-585-017+ || +302-460-000[ || +700-604-407-090-365-000+ || +416-150-002-055-031-319-001-924+ || +390-004-002-705-127+ || +000-220-390-440-384+ || +000-603-091-190+ || +090-055-000-132-032+ || +740-740-001-550-467+ || +740-585-231-240-060-820+ || +740-100-415-927-060-920-031+ || +740-222-235-002-820+ || +093-340-924-220-528+ || +002-004-328-001-803-415+ || +000-000-004-090-350+ || +136-031+ || +413-933-031+ || +136-031+ || +136-031+ || +931-000+ || +740-000[ || +740-220+ || +740+ || +740-690-435-255-002-267-000-033+ || +520-033-033+ || +740-760-000-000[ || +455-861-000-000-033+ || +520-073+ || ]240-803-002-861+ || +740-390-590-125-220-235-002-285+ || +520-000-002-820+ || +000-000-002-820+ || +326-000[ || +000-000-000[ || +368-005-741-060-920+ || +740-000[ || +064-004-013-740-176+ || +740-760-001-233+ || +400-125-000+ || +423-003-001-423-002-031-104+ || +740-840-416+ || +776-440-003-421+ || +520-033-706+ || +840-527-002-000+ || +031-055-000[ || ]000-520-220-032+ || ]000-000-000-032-840-000+ || +090-160+ || +392-004-002-278-595+ || +921-000[ || +156-142-741-060-920+ || +148-632-031-741-000+ || +520-233-803-060-001-031-905-032-000+ || +740-000[ || ]000-032+ || +390-006-000[ || +817-130+ || +740-390-590-231-002-705-530-904+ || +740-798-233-742-175+ || +740-032-840-803+ || +000-000-000-740-000+ || +360-000[ || +231-850+ || ]000-861[ || +400-392-631-000+ || +005-408+ || ]740-760-382/000-740-220-000[ || +740-000-000-235+ || ]000-820[ || +154-806-472-013-220-455-806+ || +820-390-590-002-861+ || +391-002-365-550+ || +001-000-000-832-904-002-817+ || +390-550-452-060-690+ || +220-000[ || +575-031-002-226-231[ || +832-140-013-547+ || +416+ || +463-513/390-017-002-463-575+ || ]611-000[ || +740-740-000-742+ || +595-134-000[ || ]519+ || +740-176-001-741-703-900-003+ || +740-384-002-629-279+ || +520-033-705-235-803[ || +740-100-235-002-817+ || +001-111-000+ || +151-740-000[ || +000[ || ]267-125-000[ || +520-000-235+ || ]000-000-000-000+ || ]000-350-125-812-033+ || +032-820-000-900+ || +520-742-861+ || +740-760-234-741-740-590+ || ]000-615-000[ || +031-151+ || +740-235-220+ || +156-019+ || +400-740-920+ || +740-630-098-368-824+ || +740-000-000-000-590+ || +740-390-590-220-463-240-001-820-060+ || ]000+ || +000-798-701+ || +520-235+ || +423-003-031-005-130-090-000[ || ]000-000-002-820+ || ]820-066-415+ || +740-760-175-220-255+ || +151-032-388-002-390-705+ || ]000-000-032+ || +090-095-741-374-132+ || +151-142+ || ]000-740-798-000[ || +004-408+ || ]520-175[ || +033-705-233-235-002-457+ || +233-776+ || +740-798[ || +592+ || +806-091-001-368-255-000+ || +740-000-000[ || +705-000-000+ || +520-090-803-564-741-798-892+ || +255-014-000+ || +740-760-175-002-000[ || ]000-572-090+ || +561-092-625-900+ || +000-740-000[ || +236-231-000[ || ]000-091+ || +892-033+ || ]000-625-000+ || +390-016-002-861+ || ]000-625+ || +400-033[ || +520-095-000[ || ]000-590-820-033+ || ]000-001-740-798-235+ || +443[ || +000-000+ || ]000-032+ || +422-003+ || ]806-002-808+ || +365-820-000[ || +405-016-002-861+ || +000-000[ || +832-001-740-176+ || +090[ || ]705-090-705+ || +740-067-900-002-003+ || +390-003[ || +033+ || ]000-125-001-742+ || +032-820-000[ || ]031-000-590+ || ]233-630[ || +590-407-790-001-746+ || +000[ || +153-220-032+ || +740-798-706-061-060-550+ || ]000-892-000[ || +000-000-000-220-240[ || +400-740-690-436-255+ || +700-033+ || ]148-794-220[ || +604[ || +032+ || ]806[ || ]000-000+ || ]365-000[ || +740-000[ || ]220-000-002-000[ || +368-900-000-741-000+ || ]923+ || +136-033+ || +740-519-002-900-630+ || ]706-002-850+ || ]000-840-552+ || +000-032-515+ || +368[ || +365[ || +000-000-700-617-740[ || ]820+ || ]817[ || ]002-817[ || ]820+ || ]000-229-705-906+ || ]032-700+ || +520-000-002-820+ || +520-000-002-000+ || +411+ || +520-000-000-000[ || ]000-705-906-550+ || +090-740-055-000[ || +090-740-000[ || +090-740-000[ || +000-740-055-000[ || +740-585-000[ || +000[ || +740-032-840-220-000[ || +740-760-000[ || +354-794-892[ || +740[ || ]000-240[ || +094-033[ || ]000+ || ]700-090[ || ]000-000-700-000[ || +000-000-000-000[ || ]240-002-031-000[ || +000-705-002-861+ || ]000-032-840-002-000+ || ]000-803-740-000[ || ]740-142-000-002-861-390[ || ]000-100-001-832[ || +032+ || +032+ || +032+ || +032+ || ]000-741-000-000+ || ]803-000[ || ]630-000[ || ]000-032-000[ || +000-575[ || +426-000[ || ]000-317-000+ || +742+ || +742+ || +742+ || +000-000+ || +000-000+ || +820+ || ]000[ || +035+ || +110[ || +354-001-405-840-626-416-220-415-798-745[ || +034-000+ || +155-005+ || +090-740-100-415-240-820-033+ || +000-000-000+ || +520-070-495-240-060-297-368-632-032+ || +292-352-125-741-900-322+ || +520-463-510+ || +740-000-744-013-255+ || +000-090-001-133-384-160+ || +000-061-032-001-220-033-000+ || ]000-001-000-090-000[ || +002/000-090-725-000+ || +220-455-031-091+ || +033-001-032-091+ || +031-093-001-091-220-055+ || +740/740+ || ]405-090[ || +055-099-121-055-831-031-071+ || +740-061+ || +740-032-029-002-281+ || +740-405-590-060-146+ || +740-000-000[ || +740+ || +156+ || +382-382-382+ || +740-705-000-000+ || +740-706+ || +740-706+ || +740-706-365-000[ || +740-706-365-000[ || ]000-861+ || ]678+ || +033-033[ || ]000-390+ || +740-900-803+ || ]892-000+ || +500[ || +700+ || +000-600-000-000[ || +033-155+ || +400-137+ || ]000-000-220+ || +740-000-000+ || +032+ || +000-176+ || +843+ || ]000-374-000-820+ || ]000-000-416[ || +515-849[ || ]000-740[ || ]220[ || +034+ || ]000-049-002-820+ || +520-031+ || +151-400-142+ || +740-000-032-000-000+ || +520-001+ || +335-220-098-921-861+ || +220+ || +415-820+ || +237+ || +390-016-013-820+ || +000-000-315-849[ || +697-031+ || +000-840-140-002-817+ || +390-840-741-031-370+ || +361-002-000-317-688+ || +002-861-000[ || +820-033+ || +455+ || ]411-956[ || ]741[ || ]861[ || ]000-530[ || ]820[ || ]002-920+ || +091+ || ]742[ || +392-861+ || ]000-590[ || +740-000[ || +000+ || +145-139-000-000+ || ]706-220+ || ]000-100-415-240-741-060-920+ || +400-520-000[ || ]000-220+ || +382-520+ || +000-032-705[ || ]000-220-000-368-220-031+ || +390+ || +390+ || +390+ || +031-820-104-013-817+ || +136-002-298-741+ || +520-033-033-741-572-368+ || +740-861-877-741-000+ || +136-002-861+ || +368-415-104-002-824+ || ]231-226-002-031-575+ || ]035-171+ || +000+ || ]740-081[ || ]705-000[ || +000-176-142+ || +740-154-017-060-130-035-171+ || +407-032-520-095-585-017-231+"
"235","032","235-220-032","+527-555-235-220-032-002-000-216+","1","1","1","Mohenjo-daro","SEAL:S","Steatite","3085.1","M-636","0","0","no_companion_side",""
"235","032","235-220-032","+740-405-590-032-900-003-806-235-220-032-002-690-921+","1","1","1","Harappa","SEAL:S","Steatite","1020.1","H-1657","0","0","no_companion_side",""
"235","032","235-220-032","+740-460-510-235-220-032-002-861+","1","1","1","Mohenjo-daro","SEAL:S","Steatite","3147.1","M-723","0","0","no_companion_side",""
"240","002","240-220-002","+740-760-440-240-220-002-861+","1","1","1","Mohenjo-daro","SEAL","Steatite","2277.1","M-1990","0","0","no_companion_side",""
"240","032","240-220-032","+000-100-240-220-032-002-861+","1","1","1","Chanhu-daro","SEAL:S","Steatite","62.1","C-65","0","0","no_companion_side",""
"240","032","240-220-032","+161-055-240-220-032-002-820+","1","1","1","Mohenjo-daro","SEAL:S","Steatite","2417.1","M-1728","0","0","no_companion_side",""
"240","032","240-220-032","+520-033-706-240-220-032-368-263+","1","1","1","Mohenjo-daro","SEAL:S","Steatite","3081.1","M-631","0","0","no_companion_side",""
"240","032","240-220-032","+520-233-240-220-032+","1","1","1","Harappa","SEAL:S","Steatite","920.1","H-1678","0","0","no_companion_side",""
"240","032","240-220-032","+520-240-220-032-002-861-603+","1","1","1","Mohenjo-daro","SEAL:S","Steatite","2763.1","M-240","0","0","no_companion_side",""
"240","032","240-220-032","+527-550-240-220-032-002-300-350-032-190+","1","1","1","Mohenjo-daro","SEAL:S","Steatite","2577.1","M-49","0","0","no_companion_side",""
"240","032","240-220-032","+740-055-240-220-032-806+","1","1","1","Mohenjo-daro","SEAL:R","Steatite","3572.1","M-1265","0","0","no_companion_side",""
"240","032","240-220-032","+740-585-240-220-032-002-817+","1","1","1","Mohenjo-daro","SEAL:S","Steatite","3146.1","M-722","0","0","no_companion_side",""
"240","032","240-220-032","+740-812-033-240-220-032+","1","1","1","Mohenjo-daro","SEAL:S","Steatite","2837.1","M-319","0","0","no_companion_side",""
"240","255","240-220-255","+527-550-240-220-255-812-906-388+","1","1","1","Mohenjo-daro","SEAL:S","Steatite","2660.1","M-133","0","0","no_companion_side",""
"240","415","240-220-415","+740-690-435-255-240-220-415-806-742-060-920+","1","1","1","Mohenjo-daro","SEAL:R","Steatite","2865.1","M-369","0","0","no_companion_side",""
"318","415","318-220-415","+740-407-590-690-436-255-920-318-220-415-803+","11","11","1","Harappa","TAB:B","-;Clay;Steatite","291.1;1300.1;1301.1;1302.1;1303.1;1304.1;1305.1;1306.1;1754.1;1755.1;1756.1","-;H-278;H-279;H-280;H-281;H-282;H-283;H-284;H-871;H-872;H-873","0","0","no_companion_side;one_sign_or_contains_110","+220-000+ || +740-235+ || +405-844-032-840-002-861+ || +000+ || +520-001+ || +000-000-000+ || +390-003-003+ || +006+ || +236-002-820+ || +740-760-000-742-013/742-552+ || +151-892-032+ || +156-019+ || +093-808+ || +244-165/740-879-220-416-803-002-861+ || +520-460-495+ || +740-416-002-861+ || +520-460+ || +154-388-717-705+ || +590-407-790-032+ || +390-016-002-861+ || +617-142+ || +520-033-706-233+ || +740-100-407-590+ || +520-033[ || +090-740-000[ || +740-000+ || +000-400-350-031-002-817+ || +798-821-031-645-850-820-388-611-820+ || +317-817-000-090+ || ]090-001-350-716+ || +240-220+ || +740-760-445+ || +220-032+ || ]615-715+ || +390-371+ || +390-371+ || ]390-390[ || ]740+ || +400-740-900[ || +236-140-893-861+ || +617-117+ || +031-463-000+ || ]000-055-033-033+ || +000-000-033+ || +415-000-160+ || +692+ || +740-000-892+ || +700-033+ || +000-000-000-000+ || +400-740-100-176-000+ || +000-000-002-257-550+ || +804-740-219+ || +700-033+ || +740-031-904-001-032+ || +700-031-000-032+ || +868-705-590+ || +400-156-435-255+ || +776-495+ || ]740-000+ || +060-550+ || +156-384-031-400+ || +700-033+ || +400-740-176+ || +400-740-176+ || +000-700+ || +154-435-255+ || +700-034+ || +000+ || +700-000+ || +390+ || +740-904-240-002-817+ || +700-032+ || +740-840[ || ]000-033+ || +740-000-828+ || +400-740-000-000+ || +000-000-000+ || +740-048-741-851+ || +700-033-711-335-575-413+ || +700-033+ || +000-220+ || +740-785-004+ || +740-904-240+ || +033-700+ || +090-740-103-741-066+ || +000-740+ || +032+ || +032+ || ]155-033+ || +700+ || +032+ || +032+ || +034+ || +550+ || ]705+ || +033+ || +740-066-090-400[ || +001+ || +001+ || +002+ || +002+ || +032+ || +004+ || +003+ || +032+ || +033+ || +032+ || +002+ || +002+ || +031+ || +031+ || +004+ || +033+ || +031-999-032+ || +002+ || +032+ || +031+ || +033+ || +032+ || +004+ || +003-000[ || +032+ || +003/003+ || +698+ || +032+ || +032+ || +400-520-000[ || ]556+ || +700+ || +031+ || +400-740-000[ || +413+ || +000-700/700-000+ || +032+ || +031+ || +032+ || +032+ || +033+ || +032+ || +000-000-014+ || +002+ || +034-000+ || +063-700-176-000+ || +111-033+ || +000-480-003-064-002-003-861+ || +000+ || +220+ || +000+ || +158-000-470+ || +032-000+ || +034-705+ || +032+ || +390-000[ || +033+ || +520-235+ || +700+ || +032+ || ]645-032+ || ]740-000-000-002-575-000[ || +002-861-416+ || +700-034+ || +700-000+ || +033+ || +032+ || +034+ || +003+ || +032+ || +033-700+ || +740-175-415-033-001+ || +740-176+ || +000-700+ || +033+ || +413-031+ || +000-740+ || ]400[ || ]000-700-033+ || +000-400+ || +090+ || +000-000-000+ || +034+ || +400-740-017-503+ || +090-740-792+ || +700-034+ || +032+ || +390[ || +390-000+ || +033+ || +033-000-000-000[ || +840+ || +700+ || +001+ || +000-690+ || +740-032-000+ || ]000-630[ || +000+ || +390-004-002-817+ || +002-002+ || +033+ || +032+ || +000-740+ || +032/032+ || +032+ || +000-698+ || +002+ || +032+ || +031-697+ || +032+ || +004+ || +032+ || +032+ || +002+ || +002+ || +032+ || +032+ || +698+ || +000/034+ || +032+ || +003+ || +032+ || +003+ || +220+ || +032+ || +004+ || +032+ || +001+ || +002-000+ || +740-000+ || ]032+ || +002+ || +033+ || ]000-003+ || +645-999-645+ || +416+ || +416+ || +013+ || +440+ || +035/032-001-000/033+ || +002-003+ || +700+ || +400-740-817-491+ || +700-034+ || +033-034+ || ]820[ || +520-920-320-235-175-000-820+ || +740-590-017+ || +390+ || +000-643-240+ || +740-390-590-220-003-060-840-416+ || +000-740-000[ || +000-000-000[ || ]740-564+ || +831-413-840-091+ || ]000-033-000[ || +740-005+ || +706+ || +000-004-067-703-060-900+ || +064-630[ || +064-002+ || +920-130-511-000-002+ || +590-252+ || +585-831+ || +790+ || +836+ || +740-840-416-240-741-500-091+ || +158-032+ || +140-705[ || +740[ || ]000-033-706-806[ || +740-798-405-000[ || +000-000-000-002-000+ || +740-752-615-503+ || +000-000-122-003-002-000+ || +740-752-615-503+ || +294-844+ || +000-240-000+ || +590-906+ || +821-001-480-850-595-391+ || +740-637-240-002-861+ || +740-390-590-033-705-000+ || +000+ || +000-000-000[ || +740-752-615-503+ || +740-690-435-255-231+ || +749-479+ || +000-100-140-002+ || +407-063-845-240-798+ || +422-003+ || +001-740-923-033-705+ || +740-390-590-002-817+ || +530-000-000-000-808[ || +840+ || +840+ || +032+ || +032+ || +740-000-000[ || +740-032-840+ || +740-752-615-503+ || +740-615-503+ || +407-585-033-705-233-235-806+ || ]700-031+ || +621-740-514+ || +520-070-255-832-220-003-853+ || +740-205-032-002-390-590-032+ || ]000-220-000-740-000[ || +740-400-061-299-350-125-176+ || +151-000+ || +160-090-055-060-190+ || +740-029-220-000[ || +405-004+ || ]740-892-517+ || +000-590-220-033+ || +740-877-032-235+ || +740-585-017+ || +302-460-000[ || +700-604-407-090-365-000+ || +416-150-002-055-031-319-001-924+ || +390-004-002-705-127+ || +000-220-390-440-384+ || +000-603-091-190+ || +090-055-000-132-032+ || +740-740-001-550-467+ || +740-585-231-240-060-820+ || +740-100-415-927-060-920-031+ || +740-222-235-002-820+ || +093-340-924-220-528+ || +002-004-328-001-803-415+ || +000-000-004-090-350+ || +136-031+ || +413-933-031+ || +136-031+ || +136-031+ || +931-000+ || +740-000[ || +740-220+ || +740+ || +740-690-435-255-002-267-000-033+ || +520-033-033+ || +740-760-000-000[ || +455-861-000-000-033+ || +520-073+ || ]240-803-002-861+ || +740-390-590-125-220-235-002-285+ || +520-000-002-820+ || +000-000-002-820+ || +326-000[ || +000-000-000[ || +368-005-741-060-920+ || +740-000[ || +064-004-013-740-176+ || +740-760-001-233+ || +400-125-000+ || +423-003-001-423-002-031-104+ || +740-840-416+ || +776-440-003-421+ || +520-033-706+ || +840-527-002-000+ || +031-055-000[ || ]000-520-220-032+ || ]000-000-000-032-840-000+ || +090-160+ || +392-004-002-278-595+ || +921-000[ || +156-142-741-060-920+ || +148-632-031-741-000+ || +520-233-803-060-001-031-905-032-000+ || +740-000[ || ]000-032+ || +390-006-000[ || +817-130+ || +740-390-590-231-002-705-530-904+ || +740-798-233-742-175+ || +740-032-840-803+ || +000-000-000-740-000+ || +360-000[ || +231-850+ || ]000-861[ || +400-392-631-000+ || +005-408+ || ]740-760-382/000-740-220-000[ || +740-000-000-235+ || ]000-820[ || +154-806-472-013-220-455-806+ || +820-390-590-002-861+ || +391-002-365-550+ || +001-000-000-832-904-002-817+ || +390-550-452-060-690+ || +220-000[ || +575-031-002-226-231[ || +832-140-013-547+ || +416+ || +463-513/390-017-002-463-575+ || ]611-000[ || +740-740-000-742+ || +595-134-000[ || ]519+ || +740-176-001-741-703-900-003+ || +740-384-002-629-279+ || +520-033-705-235-803[ || +740-100-235-002-817+ || +001-111-000+ || +151-740-000[ || +000[ || ]267-125-000[ || +520-000-235+ || ]000-000-000-000+ || ]000-350-125-812-033+ || +032-820-000-900+ || +520-742-861+ || +740-760-234-741-740-590+ || ]000-615-000[ || +031-151+ || +740-235-220+ || +156-019+ || +400-740-920+ || +740-630-098-368-824+ || +740-000-000-000-590+ || +740-390-590-220-463-240-001-820-060+ || ]000+ || +000-798-701+ || +520-235+ || +423-003-031-005-130-090-000[ || ]000-000-002-820+ || ]820-066-415+ || +740-760-175-220-255+ || +151-032-388-002-390-705+ || ]000-000-032+ || +090-095-741-374-132+ || +151-142+ || ]000-740-798-000[ || +004-408+ || ]520-175[ || +033-705-233-235-002-457+ || +233-776+ || +740-798[ || +592+ || +806-091-001-368-255-000+ || +740-000-000[ || +705-000-000+ || +520-090-803-564-741-798-892+ || +255-014-000+ || +740-760-175-002-000[ || ]000-572-090+ || +561-092-625-900+ || +000-740-000[ || +236-231-000[ || ]000-091+ || +892-033+ || ]000-625-000+ || +390-016-002-861+ || ]000-625+ || +400-033[ || +520-095-000[ || ]000-590-820-033+ || ]000-001-740-798-235+ || +443[ || +000-000+ || ]000-032+ || +422-003+ || ]806-002-808+ || +365-820-000[ || +405-016-002-861+ || +000-000[ || +832-001-740-176+ || +090[ || ]705-090-705+ || +740-067-900-002-003+ || +390-003[ || +033+ || ]000-125-001-742+ || +032-820-000[ || ]031-000-590+ || ]233-630[ || +590-407-790-001-746+ || +000[ || +153-220-032+ || +740-798-706-061-060-550+ || ]000-892-000[ || +000-000-000-220-240[ || +400-740-690-436-255+ || +700-033+ || ]148-794-220[ || +604[ || +032+ || ]806[ || ]000-000+ || ]365-000[ || +740-000[ || ]220-000-002-000[ || +368-900-000-741-000+ || ]923+ || +136-033+ || +740-519-002-900-630+ || ]706-002-850+ || ]000-840-552+ || +000-032-515+ || +368[ || +365[ || +000-000-700-617-740[ || ]820+ || ]817[ || ]002-817[ || ]820+ || ]000-229-705-906+ || ]032-700+ || +520-000-002-820+ || +520-000-002-000+ || +411+ || +520-000-000-000[ || ]000-705-906-550+ || +090-740-055-000[ || +090-740-000[ || +090-740-000[ || +000-740-055-000[ || +740-585-000[ || +000[ || +740-032-840-220-000[ || +740-760-000[ || +354-794-892[ || +740[ || ]000-240[ || +094-033[ || ]000+ || ]700-090[ || ]000-000-700-000[ || +000-000-000-000[ || ]240-002-031-000[ || +000-705-002-861+ || ]000-032-840-002-000+ || ]000-803-740-000[ || ]740-142-000-002-861-390[ || ]000-100-001-832[ || +032+ || +032+ || +032+ || +032+ || ]000-741-000-000+ || ]803-000[ || ]630-000[ || ]000-032-000[ || +000-575[ || +426-000[ || ]000-317-000+ || +742+ || +742+ || +742+ || +000-000+ || +000-000+ || +820+ || ]000[ || +035+ || +110[ || +354-001-405-840-626-416-220-415-798-745[ || +034-000+ || +155-005+ || +090-740-100-415-240-820-033+ || +000-000-000+ || +520-070-495-240-060-297-368-632-032+ || +292-352-125-741-900-322+ || +520-463-510+ || +740-000-744-013-255+ || +000-090-001-133-384-160+ || +000-061-032-001-220-033-000+ || ]000-001-000-090-000[ || +002/000-090-725-000+ || +220-455-031-091+ || +033-001-032-091+ || +031-093-001-091-220-055+ || +740/740+ || ]405-090[ || +055-099-121-055-831-031-071+ || +740-061+ || +740-032-029-002-281+ || +740-405-590-060-146+ || +740-000-000[ || +740+ || +156+ || +382-382-382+ || +740-705-000-000+ || +740-706+ || +740-706+ || +740-706-365-000[ || +740-706-365-000[ || ]000-861+ || ]678+ || +033-033[ || ]000-390+ || +740-900-803+ || ]892-000+ || +500[ || +700+ || +000-600-000-000[ || +033-155+ || +400-137+ || ]000-000-220+ || +740-000-000+ || +032+ || +000-176+ || +843+ || ]000-374-000-820+ || ]000-000-416[ || +515-849[ || ]000-740[ || ]220[ || +034+ || ]000-049-002-820+ || +520-031+ || +151-400-142+ || +740-000-032-000-000+ || +520-001+ || +335-220-098-921-861+ || +220+ || +415-820+ || +237+ || +390-016-013-820+ || +520-235-220-032+ || +000-000-315-849[ || +697-031+ || +000-840-140-002-817+ || +390-840-741-031-370+ || +361-002-000-317-688+ || +002-861-000[ || +820-033+ || +455+ || ]411-956[ || ]741[ || ]861[ || ]000-530[ || ]820[ || ]002-920+ || +091+ || ]742[ || +392-861+ || ]000-590[ || +740-000[ || +000+ || +145-139-000-000+ || ]706-220+ || ]000-100-415-240-741-060-920+ || +400-520-000[ || ]000-220+ || +382-520+ || +000-032-705[ || ]000-220-000-368-220-031+ || +390+ || +390+ || +390+ || +031-820-104-013-817+ || +136-002-298-741+ || +520-033-033-741-572-368+ || +740-861-877-741-000+ || +136-002-861+ || +368-415-104-002-824+ || ]231-226-002-031-575+ || ]035-171+ || +000+ || ]740-081[ || ]705-000[ || +000-176-142+ || +740-154-017-060-130-035-171+ || +407-032-520-095-585-017-231+"
"520","001","520-220-001","+520-220-001-820-220-063-315+","1","1","1","Mohenjo-daro","SEAL:S","-","3995.1","M-1843","0","0","no_companion_side",""
"520","002","520-220-002","+520-220-002-727-317+","1","1","1","Mohenjo-daro","SEAL:S","Steatite","2827.1","M-308","0","0","no_companion_side",""
"520","002","520-220-002","+520-220-002-861+","1","1","1","Mohenjo-daro","SEAL:S","Steatite","3509.1","M-1148","0","0","no_companion_side",""
"520","002","520-220-002","+621-520-220-002-817+","1","1","1","Mohenjo-daro","SEAL:S","Steatite","2268.1","M-1709","0","0","no_companion_side",""
"520","003","520-220-003","+520-220-003-741-060-920+","1","1","1","Mohenjo-daro","SEAL:S","Steatite","2516.1","M-1672","0","0","no_companion_side",""
"520","003","520-220-003","+520-220-003+","1","1","1","Mohenjo-daro","SEAL:S","Steatite","2441.1","M-1912","1","1","no_companion_side",""
"520","004","520-220-004","+520-220-004-002-817+","1","1","1","Mohenjo-daro","SEAL:S","Steatite","2603.1","M-75","0","0","no_companion_side",""
"520","006","520-220-006","+520-220-006+","1","1","1","Kalibangan","SEAL:S","Steatite","5277.1","K-150","1","1","no_companion_side",""
"520","016","520-220-016","+400-520-220-016+","2","2","1","Harappa","TAB:B","Faience","258.1;1680.1","H-1121;H-789","0","0","700_033_branch","+033-700+ || +700-033-711-817-000+"
"520","016","520-220-016","+520-220-016-002-416-000+","1","1","1","Mohenjo-daro","SEAL:S","Steatite","2510.1","M-1884","0","0","no_companion_side",""
"520","016","520-220-016","+520-220-016+","1","1","1","Harappa","TAB:I","Steatite","1822.1","H-942","1","1","700_033_branch","+033-700+"
"520","016","520-220-016","+861-920/520-220-016+","1","1","1","Harappa","SEAL:S","Steatite","1153.1","H-98","0","0","no_companion_side",""
"520","031","520-220-031","+520-220-031-001-706-575+","1","1","1","Mohenjo-daro","SEAL:S","Steatite","2593.1","M-65","0","0","no_companion_side",""
"520","032","520-220-032","+520-220-032-002-861+","1","1","1","Mohenjo-daro","SEAL:S","Steatite","3421.1","M-1044","0","0","no_companion_side",""
"520","034","520-220-034","+520-220-034+","1","1","1","Mohenjo-daro","SEAL:S","Steatite","3556.1","M-1206","1","1","longer_other","+740-690-435-255-002-861+"
"520","060","520-220-060","+621-520-220-060-880+","1","1","1","Mohenjo-daro","SEAL:S","Steatite","2816.1","M-296","0","0","no_companion_side",""
"520","235","520-220-235","+520-220-235-000-130-741+","1","1","1","Mohenjo-daro","SEAL:S","Steatite","3464.1","M-1090","0","0","no_companion_side",""
"520","235","520-220-235","+842-535-099-004/740-482-060-692-520-220-235-001-920+","1","1","1","Mohenjo-daro","SEAL:S","Steatite","2757.1","M-234","0","0","no_companion_side",""
"520","235","520-220-235","+842-871-192-368/740-482-060-692-520-220-235-001-920+","1","1","1","Mohenjo-daro","SEAL:S","Steatite","2551.1","M-23","0","0","no_companion_side",""
"520","240","520-220-240","+520-220-240-002-820+","1","1","1","Harappa","TAB:B","Faience","1258.1","H-231","0","0","700_033_branch","+700-033+"
"520","240","520-220-240","+520-220-240-235+","1","1","1","Mohenjo-daro","SEAL:S","-","3357.1","M-962","0","0","no_companion_side",""
"520","240","520-220-240","+520-220-240-741-440+","1","1","1","Mohenjo-daro","SEAL:S","Steatite","2265.1","M-888","0","0","no_companion_side",""
"520","240","520-220-240","+520-220-240-798-060-692+","1","1","1","Harappa","SEAL:S","Steatite","199.1","H-423","0","0","no_companion_side",""
"520","240","520-220-240","+520-220-240-803-002-820+","1","1","1","Mohenjo-daro","SEAL:S","Steatite","2506.1","M-1716","0","0","no_companion_side",""
"520","368","520-220-368","+520-220-368-817+","1","1","1","Mohenjo-daro","SEAL:S","Steatite","2485.1","M-1687","0","0","no_companion_side",""
"520","415","520-220-415","+520-220-415-002-700-000+","1","1","1","Mohenjo-daro","SEAL:S","Steatite","2800.1","M-279","0","0","no_companion_side",""
"520","415","520-220-415","+520-220-415-060-820+","1","1","1","Mohenjo-daro","SEAL:S","Steatite","2689.1","M-163","0","0","no_companion_side",""
"520","415","520-220-415","+520-220-415-060-920+","1","1","1","Harappa","SEAL:S","Steatite","479.1","H-1669","0","0","no_companion_side",""
"520","415","520-220-415","+520-220-415-235+","1","1","1","Mohenjo-daro","SEAL:S","Steatite","2841.1","M-323","0","0","no_companion_side",""
"520","415","520-220-415","+520-220-415-240-803+","1","1","1","Harappa","TAB:B","Clay","485.2","H-1953","0","0","700_032_branch","+700-032-220+"
"520","415","520-220-415","+520-220-415-240+","1","1","1","Mohenjo-daro","SEAL:S","Steatite","2420.1","M-1814","0","0","no_companion_side",""
"520","415","520-220-415","+520-220-415-519-002-817+","1","1","1","Mohenjo-daro","SEAL:S","Steatite","3094.1","M-650","0","0","no_companion_side",""
"520","415","520-220-415","+520-220-415-519+","1","1","1","Lothal","SEAL:R","Steatite","2052.1","L-98","0","0","no_companion_side",""
"520","415","520-220-415","+520-220-415-798+","1","1","1","Mohenjo-daro","SEAL:R","Steatite","2891.1","M-395","0","0","no_companion_side",""
"520","415","520-220-415","+520-220-415+","17","16","2","Harappa;Mohenjo-daro","SEAL:S;TAB:B;TAB:I","-;Faience;Steatite","221.1;481.1;816.1;841.1;848.1;913.1;913.2;1341.1;1366.1;1383.1;1677.2;1818.1;1819.2;1820.1;1821.2;2565.1;4069.1","H-1284;H-1326;H-1992;H-2146;H-2148;H-2149;H-2240;H-319;H-346;H-364;H-786;H-938;H-939;H-940;H-941;M-37","17","17","700_032_branch;700_034_branch;700_other_branch;companion_starts_520_220;longer_other;no_companion_side;one_sign_or_contains_110;two_sign_other","+034-700+ || +110+ || +520-220-415+ || +590-032-645-003+ || +700-032+ || +700-034+ || +700-090+ || +824-892-413+ || +869-575+"
"520","621","520-220-621","+520-220-621-415-002-257-898+","1","1","1","Mohenjo-daro","SEAL:S","Steatite","2681.1","M-154","0","0","no_companion_side",""
"520","742","520-220-742","+520-220-742-060-920+","1","1","1","Nausharo","SEAL:S","Steatite","5360.1","Ns-59","0","0","no_companion_side",""
"520","803","520-220-803","+520-220-803-741-262+","1","1","1","Mohenjo-daro","SEAL:S","Steatite","2513.1","M-1776","0","0","no_companion_side",""
"590","003","590-220-003","+740-390-590-220-003-060-840-416+","1","1","1","Kish","SEAL:S","-","1971.1","-","0","0","one_sign_or_contains_110","+220-000+ || +740-235+ || +405-844-032-840-002-861+ || +000+ || +520-001+ || +000-000-000+ || +390-003-003+ || +006+ || +236-002-820+ || +740-760-000-742-013/742-552+ || +151-892-032+ || +156-019+ || +093-808+ || +244-165/740-879-220-416-803-002-861+ || +520-460-495+ || +740-416-002-861+ || +520-460+ || +154-388-717-705+ || +590-407-790-032+ || +390-016-002-861+ || +617-142+ || +520-033-706-233+ || +740-100-407-590+ || +520-033[ || +090-740-000[ || +740-000+ || +000-400-350-031-002-817+ || +798-821-031-645-850-820-388-611-820+ || +317-817-000-090+ || ]090-001-350-716+ || +240-220+ || +740-760-445+ || +220-032+ || ]615-715+ || +390-371+ || +390-371+ || ]390-390[ || ]740+ || +400-740-900[ || +236-140-893-861+ || +617-117+ || +031-463-000+ || ]000-055-033-033+ || +000-000-033+ || +415-000-160+ || +692+ || +740-000-892+ || +700-033+ || +000-000-000-000+ || +400-740-100-176-000+ || +000-000-002-257-550+ || +804-740-219+ || +700-033+ || +740-031-904-001-032+ || +700-031-000-032+ || +868-705-590+ || +400-156-435-255+ || +776-495+ || ]740-000+ || +060-550+ || +156-384-031-400+ || +700-033+ || +400-740-176+ || +400-740-176+ || +000-700+ || +154-435-255+ || +700-034+ || +000+ || +700-000+ || +390+ || +740-904-240-002-817+ || +700-032+ || +740-840[ || ]000-033+ || +740-000-828+ || +740-407-590-690-436-255-920-318-220-415-803+ || +400-740-000-000+ || +000-000-000+ || +740-048-741-851+ || +700-033-711-335-575-413+ || +700-033+ || +000-220+ || +740-785-004+ || +740-904-240+ || +033-700+ || +090-740-103-741-066+ || +000-740+ || +032+ || +032+ || ]155-033+ || +700+ || +032+ || +032+ || +034+ || +550+ || ]705+ || +033+ || +740-066-090-400[ || +001+ || +001+ || +002+ || +002+ || +032+ || +004+ || +003+ || +032+ || +033+ || +032+ || +002+ || +002+ || +031+ || +031+ || +004+ || +033+ || +031-999-032+ || +002+ || +032+ || +031+ || +033+ || +032+ || +004+ || +003-000[ || +032+ || +003/003+ || +698+ || +032+ || +032+ || +400-520-000[ || ]556+ || +700+ || +031+ || +400-740-000[ || +413+ || +000-700/700-000+ || +032+ || +031+ || +032+ || +032+ || +033+ || +032+ || +000-000-014+ || +002+ || +034-000+ || +063-700-176-000+ || +111-033+ || +000-480-003-064-002-003-861+ || +000+ || +220+ || +000+ || +158-000-470+ || +032-000+ || +034-705+ || +032+ || +390-000[ || +033+ || +520-235+ || +700+ || +032+ || ]645-032+ || ]740-000-000-002-575-000[ || +002-861-416+ || +700-034+ || +700-000+ || +033+ || +032+ || +034+ || +003+ || +032+ || +033-700+ || +740-175-415-033-001+ || +740-176+ || +000-700+ || +033+ || +413-031+ || +000-740+ || ]400[ || ]000-700-033+ || +000-400+ || +090+ || +000-000-000+ || +034+ || +400-740-017-503+ || +090-740-792+ || +700-034+ || +032+ || +390[ || +390-000+ || +033+ || +033-000-000-000[ || +840+ || +700+ || +001+ || +000-690+ || +740-032-000+ || ]000-630[ || +000+ || +390-004-002-817+ || +002-002+ || +033+ || +032+ || +000-740+ || +032/032+ || +032+ || +000-698+ || +002+ || +032+ || +031-697+ || +032+ || +004+ || +032+ || +032+ || +002+ || +002+ || +032+ || +032+ || +698+ || +000/034+ || +032+ || +003+ || +032+ || +003+ || +220+ || +032+ || +004+ || +032+ || +001+ || +002-000+ || +740-000+ || ]032+ || +002+ || +033+ || ]000-003+ || +645-999-645+ || +416+ || +416+ || +013+ || +440+ || +035/032-001-000/033+ || +002-003+ || +700+ || +400-740-817-491+ || +700-034+ || +033-034+ || ]820[ || +520-920-320-235-175-000-820+ || +740-590-017+ || +390+ || +000-643-240+ || +000-740-000[ || +000-000-000[ || ]740-564+ || +831-413-840-091+ || ]000-033-000[ || +740-005+ || +706+ || +000-004-067-703-060-900+ || +064-630[ || +064-002+ || +920-130-511-000-002+ || +590-252+ || +585-831+ || +790+ || +836+ || +740-840-416-240-741-500-091+ || +158-032+ || +140-705[ || +740[ || ]000-033-706-806[ || +740-798-405-000[ || +000-000-000-002-000+ || +740-752-615-503+ || +000-000-122-003-002-000+ || +740-752-615-503+ || +294-844+ || +000-240-000+ || +590-906+ || +821-001-480-850-595-391+ || +740-637-240-002-861+ || +740-390-590-033-705-000+ || +000+ || +000-000-000[ || +740-752-615-503+ || +740-690-435-255-231+ || +749-479+ || +000-100-140-002+ || +407-063-845-240-798+ || +422-003+ || +001-740-923-033-705+ || +740-390-590-002-817+ || +530-000-000-000-808[ || +840+ || +840+ || +032+ || +032+ || +740-000-000[ || +740-032-840+ || +740-752-615-503+ || +740-615-503+ || +407-585-033-705-233-235-806+ || ]700-031+ || +621-740-514+ || +520-070-255-832-220-003-853+ || +740-205-032-002-390-590-032+ || ]000-220-000-740-000[ || +740-400-061-299-350-125-176+ || +151-000+ || +160-090-055-060-190+ || +740-029-220-000[ || +405-004+ || ]740-892-517+ || +000-590-220-033+ || +740-877-032-235+ || +740-585-017+ || +302-460-000[ || +700-604-407-090-365-000+ || +416-150-002-055-031-319-001-924+ || +390-004-002-705-127+ || +000-220-390-440-384+ || +000-603-091-190+ || +090-055-000-132-032+ || +740-740-001-550-467+ || +740-585-231-240-060-820+ || +740-100-415-927-060-920-031+ || +740-222-235-002-820+ || +093-340-924-220-528+ || +002-004-328-001-803-415+ || +000-000-004-090-350+ || +136-031+ || +413-933-031+ || +136-031+ || +136-031+ || +931-000+ || +740-000[ || +740-220+ || +740+ || +740-690-435-255-002-267-000-033+ || +520-033-033+ || +740-760-000-000[ || +455-861-000-000-033+ || +520-073+ || ]240-803-002-861+ || +740-390-590-125-220-235-002-285+ || +520-000-002-820+ || +000-000-002-820+ || +326-000[ || +000-000-000[ || +368-005-741-060-920+ || +740-000[ || +064-004-013-740-176+ || +740-760-001-233+ || +400-125-000+ || +423-003-001-423-002-031-104+ || +740-840-416+ || +776-440-003-421+ || +520-033-706+ || +840-527-002-000+ || +031-055-000[ || ]000-520-220-032+ || ]000-000-000-032-840-000+ || +090-160+ || +392-004-002-278-595+ || +921-000[ || +156-142-741-060-920+ || +148-632-031-741-000+ || +520-233-803-060-001-031-905-032-000+ || +740-000[ || ]000-032+ || +390-006-000[ || +817-130+ || +740-390-590-231-002-705-530-904+ || +740-798-233-742-175+ || +740-032-840-803+ || +000-000-000-740-000+ || +360-000[ || +231-850+ || ]000-861[ || +400-392-631-000+ || +005-408+ || ]740-760-382/000-740-220-000[ || +740-000-000-235+ || ]000-820[ || +154-806-472-013-220-455-806+ || +820-390-590-002-861+ || +391-002-365-550+ || +001-000-000-832-904-002-817+ || +390-550-452-060-690+ || +220-000[ || +575-031-002-226-231[ || +832-140-013-547+ || +416+ || +463-513/390-017-002-463-575+ || ]611-000[ || +740-740-000-742+ || +595-134-000[ || ]519+ || +740-176-001-741-703-900-003+ || +740-384-002-629-279+ || +520-033-705-235-803[ || +740-100-235-002-817+ || +001-111-000+ || +151-740-000[ || +000[ || ]267-125-000[ || +520-000-235+ || ]000-000-000-000+ || ]000-350-125-812-033+ || +032-820-000-900+ || +520-742-861+ || +740-760-234-741-740-590+ || ]000-615-000[ || +031-151+ || +740-235-220+ || +156-019+ || +400-740-920+ || +740-630-098-368-824+ || +740-000-000-000-590+ || +740-390-590-220-463-240-001-820-060+ || ]000+ || +000-798-701+ || +520-235+ || +423-003-031-005-130-090-000[ || ]000-000-002-820+ || ]820-066-415+ || +740-760-175-220-255+ || +151-032-388-002-390-705+ || ]000-000-032+ || +090-095-741-374-132+ || +151-142+ || ]000-740-798-000[ || +004-408+ || ]520-175[ || +033-705-233-235-002-457+ || +233-776+ || +740-798[ || +592+ || +806-091-001-368-255-000+ || +740-000-000[ || +705-000-000+ || +520-090-803-564-741-798-892+ || +255-014-000+ || +740-760-175-002-000[ || ]000-572-090+ || +561-092-625-900+ || +000-740-000[ || +236-231-000[ || ]000-091+ || +892-033+ || ]000-625-000+ || +390-016-002-861+ || ]000-625+ || +400-033[ || +520-095-000[ || ]000-590-820-033+ || ]000-001-740-798-235+ || +443[ || +000-000+ || ]000-032+ || +422-003+ || ]806-002-808+ || +365-820-000[ || +405-016-002-861+ || +000-000[ || +832-001-740-176+ || +090[ || ]705-090-705+ || +740-067-900-002-003+ || +390-003[ || +033+ || ]000-125-001-742+ || +032-820-000[ || ]031-000-590+ || ]233-630[ || +590-407-790-001-746+ || +000[ || +153-220-032+ || +740-798-706-061-060-550+ || ]000-892-000[ || +000-000-000-220-240[ || +400-740-690-436-255+ || +700-033+ || ]148-794-220[ || +604[ || +032+ || ]806[ || ]000-000+ || ]365-000[ || +740-000[ || ]220-000-002-000[ || +368-900-000-741-000+ || ]923+ || +136-033+ || +740-519-002-900-630+ || ]706-002-850+ || ]000-840-552+ || +000-032-515+ || +368[ || +365[ || +000-000-700-617-740[ || ]820+ || ]817[ || ]002-817[ || ]820+ || ]000-229-705-906+ || ]032-700+ || +520-000-002-820+ || +520-000-002-000+ || +411+ || +520-000-000-000[ || ]000-705-906-550+ || +090-740-055-000[ || +090-740-000[ || +090-740-000[ || +000-740-055-000[ || +740-585-000[ || +000[ || +740-032-840-220-000[ || +740-760-000[ || +354-794-892[ || +740[ || ]000-240[ || +094-033[ || ]000+ || ]700-090[ || ]000-000-700-000[ || +000-000-000-000[ || ]240-002-031-000[ || +000-705-002-861+ || ]000-032-840-002-000+ || ]000-803-740-000[ || ]740-142-000-002-861-390[ || ]000-100-001-832[ || +032+ || +032+ || +032+ || +032+ || ]000-741-000-000+ || ]803-000[ || ]630-000[ || ]000-032-000[ || +000-575[ || +426-000[ || ]000-317-000+ || +742+ || +742+ || +742+ || +000-000+ || +000-000+ || +820+ || ]000[ || +035+ || +110[ || +354-001-405-840-626-416-220-415-798-745[ || +034-000+ || +155-005+ || +090-740-100-415-240-820-033+ || +000-000-000+ || +520-070-495-240-060-297-368-632-032+ || +292-352-125-741-900-322+ || +520-463-510+ || +740-000-744-013-255+ || +000-090-001-133-384-160+ || +000-061-032-001-220-033-000+ || ]000-001-000-090-000[ || +002/000-090-725-000+ || +220-455-031-091+ || +033-001-032-091+ || +031-093-001-091-220-055+ || +740/740+ || ]405-090[ || +055-099-121-055-831-031-071+ || +740-061+ || +740-032-029-002-281+ || +740-405-590-060-146+ || +740-000-000[ || +740+ || +156+ || +382-382-382+ || +740-705-000-000+ || +740-706+ || +740-706+ || +740-706-365-000[ || +740-706-365-000[ || ]000-861+ || ]678+ || +033-033[ || ]000-390+ || +740-900-803+ || ]892-000+ || +500[ || +700+ || +000-600-000-000[ || +033-155+ || +400-137+ || ]000-000-220+ || +740-000-000+ || +032+ || +000-176+ || +843+ || ]000-374-000-820+ || ]000-000-416[ || +515-849[ || ]000-740[ || ]220[ || +034+ || ]000-049-002-820+ || +520-031+ || +151-400-142+ || +740-000-032-000-000+ || +520-001+ || +335-220-098-921-861+ || +220+ || +415-820+ || +237+ || +390-016-013-820+ || +520-235-220-032+ || +000-000-315-849[ || +697-031+ || +000-840-140-002-817+ || +390-840-741-031-370+ || +361-002-000-317-688+ || +002-861-000[ || +820-033+ || +455+ || ]411-956[ || ]741[ || ]861[ || ]000-530[ || ]820[ || ]002-920+ || +091+ || ]742[ || +392-861+ || ]000-590[ || +740-000[ || +000+ || +145-139-000-000+ || ]706-220+ || ]000-100-415-240-741-060-920+ || +400-520-000[ || ]000-220+ || +382-520+ || +000-032-705[ || ]000-220-000-368-220-031+ || +390+ || +390+ || +390+ || +031-820-104-013-817+ || +136-002-298-741+ || +520-033-033-741-572-368+ || +740-861-877-741-000+ || +136-002-861+ || +368-415-104-002-824+ || ]231-226-002-031-575+ || ]035-171+ || +000+ || ]740-081[ || ]705-000[ || +000-176-142+ || +740-154-017-060-130-035-171+ || +407-032-520-095-585-017-231+"
"590","003","590-220-003","+740-390-590-220-003+","1","1","1","Mohenjo-daro","SEAL:S","Steatite","2621.1","M-94","0","0","no_companion_side",""
"590","003","590-220-003","+740-405-590-220-003-002-861+","1","1","1","Harappa","SEAL:R","Steatite","1175.1","H-134","0","0","no_companion_side",""
"590","003","590-220-003","+740-405-590-220-003+","1","1","1","Mohenjo-daro","TAB:C","Copper","3066.2","M-605","0","0","one_sign_other","+841+"
"590","032","590-220-032","+740-405-590-220-032-806+","1","1","1","Mohenjo-daro","SEAL:R","Steatite","2888.1","M-392","0","0","no_companion_side",""
"590","033","590-220-033","+000-590-220-033+","1","1","1","Rupar","POT:T:g","Clay","3871.1","-","0","0","one_sign_or_contains_110","+220-000+ || +740-235+ || +405-844-032-840-002-861+ || +000+ || +520-001+ || +000-000-000+ || +390-003-003+ || +006+ || +236-002-820+ || +740-760-000-742-013/742-552+ || +151-892-032+ || +156-019+ || +093-808+ || +244-165/740-879-220-416-803-002-861+ || +520-460-495+ || +740-416-002-861+ || +520-460+ || +154-388-717-705+ || +590-407-790-032+ || +390-016-002-861+ || +617-142+ || +520-033-706-233+ || +740-100-407-590+ || +520-033[ || +090-740-000[ || +740-000+ || +000-400-350-031-002-817+ || +798-821-031-645-850-820-388-611-820+ || +317-817-000-090+ || ]090-001-350-716+ || +240-220+ || +740-760-445+ || +220-032+ || ]615-715+ || +390-371+ || +390-371+ || ]390-390[ || ]740+ || +400-740-900[ || +236-140-893-861+ || +617-117+ || +031-463-000+ || ]000-055-033-033+ || +000-000-033+ || +415-000-160+ || +692+ || +740-000-892+ || +700-033+ || +000-000-000-000+ || +400-740-100-176-000+ || +000-000-002-257-550+ || +804-740-219+ || +700-033+ || +740-031-904-001-032+ || +700-031-000-032+ || +868-705-590+ || +400-156-435-255+ || +776-495+ || ]740-000+ || +060-550+ || +156-384-031-400+ || +700-033+ || +400-740-176+ || +400-740-176+ || +000-700+ || +154-435-255+ || +700-034+ || +000+ || +700-000+ || +390+ || +740-904-240-002-817+ || +700-032+ || +740-840[ || ]000-033+ || +740-000-828+ || +740-407-590-690-436-255-920-318-220-415-803+ || +400-740-000-000+ || +000-000-000+ || +740-048-741-851+ || +700-033-711-335-575-413+ || +700-033+ || +000-220+ || +740-785-004+ || +740-904-240+ || +033-700+ || +090-740-103-741-066+ || +000-740+ || +032+ || +032+ || ]155-033+ || +700+ || +032+ || +032+ || +034+ || +550+ || ]705+ || +033+ || +740-066-090-400[ || +001+ || +001+ || +002+ || +002+ || +032+ || +004+ || +003+ || +032+ || +033+ || +032+ || +002+ || +002+ || +031+ || +031+ || +004+ || +033+ || +031-999-032+ || +002+ || +032+ || +031+ || +033+ || +032+ || +004+ || +003-000[ || +032+ || +003/003+ || +698+ || +032+ || +032+ || +400-520-000[ || ]556+ || +700+ || +031+ || +400-740-000[ || +413+ || +000-700/700-000+ || +032+ || +031+ || +032+ || +032+ || +033+ || +032+ || +000-000-014+ || +002+ || +034-000+ || +063-700-176-000+ || +111-033+ || +000-480-003-064-002-003-861+ || +000+ || +220+ || +000+ || +158-000-470+ || +032-000+ || +034-705+ || +032+ || +390-000[ || +033+ || +520-235+ || +700+ || +032+ || ]645-032+ || ]740-000-000-002-575-000[ || +002-861-416+ || +700-034+ || +700-000+ || +033+ || +032+ || +034+ || +003+ || +032+ || +033-700+ || +740-175-415-033-001+ || +740-176+ || +000-700+ || +033+ || +413-031+ || +000-740+ || ]400[ || ]000-700-033+ || +000-400+ || +090+ || +000-000-000+ || +034+ || +400-740-017-503+ || +090-740-792+ || +700-034+ || +032+ || +390[ || +390-000+ || +033+ || +033-000-000-000[ || +840+ || +700+ || +001+ || +000-690+ || +740-032-000+ || ]000-630[ || +000+ || +390-004-002-817+ || +002-002+ || +033+ || +032+ || +000-740+ || +032/032+ || +032+ || +000-698+ || +002+ || +032+ || +031-697+ || +032+ || +004+ || +032+ || +032+ || +002+ || +002+ || +032+ || +032+ || +698+ || +000/034+ || +032+ || +003+ || +032+ || +003+ || +220+ || +032+ || +004+ || +032+ || +001+ || +002-000+ || +740-000+ || ]032+ || +002+ || +033+ || ]000-003+ || +645-999-645+ || +416+ || +416+ || +013+ || +440+ || +035/032-001-000/033+ || +002-003+ || +700+ || +400-740-817-491+ || +700-034+ || +033-034+ || ]820[ || +520-920-320-235-175-000-820+ || +740-590-017+ || +390+ || +000-643-240+ || +740-390-590-220-003-060-840-416+ || +000-740-000[ || +000-000-000[ || ]740-564+ || +831-413-840-091+ || ]000-033-000[ || +740-005+ || +706+ || +000-004-067-703-060-900+ || +064-630[ || +064-002+ || +920-130-511-000-002+ || +590-252+ || +585-831+ || +790+ || +836+ || +740-840-416-240-741-500-091+ || +158-032+ || +140-705[ || +740[ || ]000-033-706-806[ || +740-798-405-000[ || +000-000-000-002-000+ || +740-752-615-503+ || +000-000-122-003-002-000+ || +740-752-615-503+ || +294-844+ || +000-240-000+ || +590-906+ || +821-001-480-850-595-391+ || +740-637-240-002-861+ || +740-390-590-033-705-000+ || +000+ || +000-000-000[ || +740-752-615-503+ || +740-690-435-255-231+ || +749-479+ || +000-100-140-002+ || +407-063-845-240-798+ || +422-003+ || +001-740-923-033-705+ || +740-390-590-002-817+ || +530-000-000-000-808[ || +840+ || +840+ || +032+ || +032+ || +740-000-000[ || +740-032-840+ || +740-752-615-503+ || +740-615-503+ || +407-585-033-705-233-235-806+ || ]700-031+ || +621-740-514+ || +520-070-255-832-220-003-853+ || +740-205-032-002-390-590-032+ || ]000-220-000-740-000[ || +740-400-061-299-350-125-176+ || +151-000+ || +160-090-055-060-190+ || +740-029-220-000[ || +405-004+ || ]740-892-517+ || +740-877-032-235+ || +740-585-017+ || +302-460-000[ || +700-604-407-090-365-000+ || +416-150-002-055-031-319-001-924+ || +390-004-002-705-127+ || +000-220-390-440-384+ || +000-603-091-190+ || +090-055-000-132-032+ || +740-740-001-550-467+ || +740-585-231-240-060-820+ || +740-100-415-927-060-920-031+ || +740-222-235-002-820+ || +093-340-924-220-528+ || +002-004-328-001-803-415+ || +000-000-004-090-350+ || +136-031+ || +413-933-031+ || +136-031+ || +136-031+ || +931-000+ || +740-000[ || +740-220+ || +740+ || +740-690-435-255-002-267-000-033+ || +520-033-033+ || +740-760-000-000[ || +455-861-000-000-033+ || +520-073+ || ]240-803-002-861+ || +740-390-590-125-220-235-002-285+ || +520-000-002-820+ || +000-000-002-820+ || +326-000[ || +000-000-000[ || +368-005-741-060-920+ || +740-000[ || +064-004-013-740-176+ || +740-760-001-233+ || +400-125-000+ || +423-003-001-423-002-031-104+ || +740-840-416+ || +776-440-003-421+ || +520-033-706+ || +840-527-002-000+ || +031-055-000[ || ]000-520-220-032+ || ]000-000-000-032-840-000+ || +090-160+ || +392-004-002-278-595+ || +921-000[ || +156-142-741-060-920+ || +148-632-031-741-000+ || +520-233-803-060-001-031-905-032-000+ || +740-000[ || ]000-032+ || +390-006-000[ || +817-130+ || +740-390-590-231-002-705-530-904+ || +740-798-233-742-175+ || +740-032-840-803+ || +000-000-000-740-000+ || +360-000[ || +231-850+ || ]000-861[ || +400-392-631-000+ || +005-408+ || ]740-760-382/000-740-220-000[ || +740-000-000-235+ || ]000-820[ || +154-806-472-013-220-455-806+ || +820-390-590-002-861+ || +391-002-365-550+ || +001-000-000-832-904-002-817+ || +390-550-452-060-690+ || +220-000[ || +575-031-002-226-231[ || +832-140-013-547+ || +416+ || +463-513/390-017-002-463-575+ || ]611-000[ || +740-740-000-742+ || +595-134-000[ || ]519+ || +740-176-001-741-703-900-003+ || +740-384-002-629-279+ || +520-033-705-235-803[ || +740-100-235-002-817+ || +001-111-000+ || +151-740-000[ || +000[ || ]267-125-000[ || +520-000-235+ || ]000-000-000-000+ || ]000-350-125-812-033+ || +032-820-000-900+ || +520-742-861+ || +740-760-234-741-740-590+ || ]000-615-000[ || +031-151+ || +740-235-220+ || +156-019+ || +400-740-920+ || +740-630-098-368-824+ || +740-000-000-000-590+ || +740-390-590-220-463-240-001-820-060+ || ]000+ || +000-798-701+ || +520-235+ || +423-003-031-005-130-090-000[ || ]000-000-002-820+ || ]820-066-415+ || +740-760-175-220-255+ || +151-032-388-002-390-705+ || ]000-000-032+ || +090-095-741-374-132+ || +151-142+ || ]000-740-798-000[ || +004-408+ || ]520-175[ || +033-705-233-235-002-457+ || +233-776+ || +740-798[ || +592+ || +806-091-001-368-255-000+ || +740-000-000[ || +705-000-000+ || +520-090-803-564-741-798-892+ || +255-014-000+ || +740-760-175-002-000[ || ]000-572-090+ || +561-092-625-900+ || +000-740-000[ || +236-231-000[ || ]000-091+ || +892-033+ || ]000-625-000+ || +390-016-002-861+ || ]000-625+ || +400-033[ || +520-095-000[ || ]000-590-820-033+ || ]000-001-740-798-235+ || +443[ || +000-000+ || ]000-032+ || +422-003+ || ]806-002-808+ || +365-820-000[ || +405-016-002-861+ || +000-000[ || +832-001-740-176+ || +090[ || ]705-090-705+ || +740-067-900-002-003+ || +390-003[ || +033+ || ]000-125-001-742+ || +032-820-000[ || ]031-000-590+ || ]233-630[ || +590-407-790-001-746+ || +000[ || +153-220-032+ || +740-798-706-061-060-550+ || ]000-892-000[ || +000-000-000-220-240[ || +400-740-690-436-255+ || +700-033+ || ]148-794-220[ || +604[ || +032+ || ]806[ || ]000-000+ || ]365-000[ || +740-000[ || ]220-000-002-000[ || +368-900-000-741-000+ || ]923+ || +136-033+ || +740-519-002-900-630+ || ]706-002-850+ || ]000-840-552+ || +000-032-515+ || +368[ || +365[ || +000-000-700-617-740[ || ]820+ || ]817[ || ]002-817[ || ]820+ || ]000-229-705-906+ || ]032-700+ || +520-000-002-820+ || +520-000-002-000+ || +411+ || +520-000-000-000[ || ]000-705-906-550+ || +090-740-055-000[ || +090-740-000[ || +090-740-000[ || +000-740-055-000[ || +740-585-000[ || +000[ || +740-032-840-220-000[ || +740-760-000[ || +354-794-892[ || +740[ || ]000-240[ || +094-033[ || ]000+ || ]700-090[ || ]000-000-700-000[ || +000-000-000-000[ || ]240-002-031-000[ || +000-705-002-861+ || ]000-032-840-002-000+ || ]000-803-740-000[ || ]740-142-000-002-861-390[ || ]000-100-001-832[ || +032+ || +032+ || +032+ || +032+ || ]000-741-000-000+ || ]803-000[ || ]630-000[ || ]000-032-000[ || +000-575[ || +426-000[ || ]000-317-000+ || +742+ || +742+ || +742+ || +000-000+ || +000-000+ || +820+ || ]000[ || +035+ || +110[ || +354-001-405-840-626-416-220-415-798-745[ || +034-000+ || +155-005+ || +090-740-100-415-240-820-033+ || +000-000-000+ || +520-070-495-240-060-297-368-632-032+ || +292-352-125-741-900-322+ || +520-463-510+ || +740-000-744-013-255+ || +000-090-001-133-384-160+ || +000-061-032-001-220-033-000+ || ]000-001-000-090-000[ || +002/000-090-725-000+ || +220-455-031-091+ || +033-001-032-091+ || +031-093-001-091-220-055+ || +740/740+ || ]405-090[ || +055-099-121-055-831-031-071+ || +740-061+ || +740-032-029-002-281+ || +740-405-590-060-146+ || +740-000-000[ || +740+ || +156+ || +382-382-382+ || +740-705-000-000+ || +740-706+ || +740-706+ || +740-706-365-000[ || +740-706-365-000[ || ]000-861+ || ]678+ || +033-033[ || ]000-390+ || +740-900-803+ || ]892-000+ || +500[ || +700+ || +000-600-000-000[ || +033-155+ || +400-137+ || ]000-000-220+ || +740-000-000+ || +032+ || +000-176+ || +843+ || ]000-374-000-820+ || ]000-000-416[ || +515-849[ || ]000-740[ || ]220[ || +034+ || ]000-049-002-820+ || +520-031+ || +151-400-142+ || +740-000-032-000-000+ || +520-001+ || +335-220-098-921-861+ || +220+ || +415-820+ || +237+ || +390-016-013-820+ || +520-235-220-032+ || +000-000-315-849[ || +697-031+ || +000-840-140-002-817+ || +390-840-741-031-370+ || +361-002-000-317-688+ || +002-861-000[ || +820-033+ || +455+ || ]411-956[ || ]741[ || ]861[ || ]000-530[ || ]820[ || ]002-920+ || +091+ || ]742[ || +392-861+ || ]000-590[ || +740-000[ || +000+ || +145-139-000-000+ || ]706-220+ || ]000-100-415-240-741-060-920+ || +400-520-000[ || ]000-220+ || +382-520+ || +000-032-705[ || ]000-220-000-368-220-031+ || +390+ || +390+ || +390+ || +031-820-104-013-817+ || +136-002-298-741+ || +520-033-033-741-572-368+ || +740-861-877-741-000+ || +136-002-861+ || +368-415-104-002-824+ || ]231-226-002-031-575+ || ]035-171+ || +000+ || ]740-081[ || ]705-000[ || +000-176-142+ || +740-154-017-060-130-035-171+ || +407-032-520-095-585-017-231+"
"590","235","590-220-235","+740-405-590-220-235-803-002-388-385-705-632+","1","1","1","Mohenjo-daro","SEAL:R","Steatite","2855.1","M-359","0","0","no_companion_side",""
"590","463","590-220-463","+740-390-590-220-463-240-001-820-060+","1","1","1","Dholavira","SEAL:S","Steatite","4229.1","-","0","0","one_sign_or_contains_110","+220-000+ || +740-235+ || +405-844-032-840-002-861+ || +000+ || +520-001+ || +000-000-000+ || +390-003-003+ || +006+ || +236-002-820+ || +740-760-000-742-013/742-552+ || +151-892-032+ || +156-019+ || +093-808+ || +244-165/740-879-220-416-803-002-861+ || +520-460-495+ || +740-416-002-861+ || +520-460+ || +154-388-717-705+ || +590-407-790-032+ || +390-016-002-861+ || +617-142+ || +520-033-706-233+ || +740-100-407-590+ || +520-033[ || +090-740-000[ || +740-000+ || +000-400-350-031-002-817+ || +798-821-031-645-850-820-388-611-820+ || +317-817-000-090+ || ]090-001-350-716+ || +240-220+ || +740-760-445+ || +220-032+ || ]615-715+ || +390-371+ || +390-371+ || ]390-390[ || ]740+ || +400-740-900[ || +236-140-893-861+ || +617-117+ || +031-463-000+ || ]000-055-033-033+ || +000-000-033+ || +415-000-160+ || +692+ || +740-000-892+ || +700-033+ || +000-000-000-000+ || +400-740-100-176-000+ || +000-000-002-257-550+ || +804-740-219+ || +700-033+ || +740-031-904-001-032+ || +700-031-000-032+ || +868-705-590+ || +400-156-435-255+ || +776-495+ || ]740-000+ || +060-550+ || +156-384-031-400+ || +700-033+ || +400-740-176+ || +400-740-176+ || +000-700+ || +154-435-255+ || +700-034+ || +000+ || +700-000+ || +390+ || +740-904-240-002-817+ || +700-032+ || +740-840[ || ]000-033+ || +740-000-828+ || +740-407-590-690-436-255-920-318-220-415-803+ || +400-740-000-000+ || +000-000-000+ || +740-048-741-851+ || +700-033-711-335-575-413+ || +700-033+ || +000-220+ || +740-785-004+ || +740-904-240+ || +033-700+ || +090-740-103-741-066+ || +000-740+ || +032+ || +032+ || ]155-033+ || +700+ || +032+ || +032+ || +034+ || +550+ || ]705+ || +033+ || +740-066-090-400[ || +001+ || +001+ || +002+ || +002+ || +032+ || +004+ || +003+ || +032+ || +033+ || +032+ || +002+ || +002+ || +031+ || +031+ || +004+ || +033+ || +031-999-032+ || +002+ || +032+ || +031+ || +033+ || +032+ || +004+ || +003-000[ || +032+ || +003/003+ || +698+ || +032+ || +032+ || +400-520-000[ || ]556+ || +700+ || +031+ || +400-740-000[ || +413+ || +000-700/700-000+ || +032+ || +031+ || +032+ || +032+ || +033+ || +032+ || +000-000-014+ || +002+ || +034-000+ || +063-700-176-000+ || +111-033+ || +000-480-003-064-002-003-861+ || +000+ || +220+ || +000+ || +158-000-470+ || +032-000+ || +034-705+ || +032+ || +390-000[ || +033+ || +520-235+ || +700+ || +032+ || ]645-032+ || ]740-000-000-002-575-000[ || +002-861-416+ || +700-034+ || +700-000+ || +033+ || +032+ || +034+ || +003+ || +032+ || +033-700+ || +740-175-415-033-001+ || +740-176+ || +000-700+ || +033+ || +413-031+ || +000-740+ || ]400[ || ]000-700-033+ || +000-400+ || +090+ || +000-000-000+ || +034+ || +400-740-017-503+ || +090-740-792+ || +700-034+ || +032+ || +390[ || +390-000+ || +033+ || +033-000-000-000[ || +840+ || +700+ || +001+ || +000-690+ || +740-032-000+ || ]000-630[ || +000+ || +390-004-002-817+ || +002-002+ || +033+ || +032+ || +000-740+ || +032/032+ || +032+ || +000-698+ || +002+ || +032+ || +031-697+ || +032+ || +004+ || +032+ || +032+ || +002+ || +002+ || +032+ || +032+ || +698+ || +000/034+ || +032+ || +003+ || +032+ || +003+ || +220+ || +032+ || +004+ || +032+ || +001+ || +002-000+ || +740-000+ || ]032+ || +002+ || +033+ || ]000-003+ || +645-999-645+ || +416+ || +416+ || +013+ || +440+ || +035/032-001-000/033+ || +002-003+ || +700+ || +400-740-817-491+ || +700-034+ || +033-034+ || ]820[ || +520-920-320-235-175-000-820+ || +740-590-017+ || +390+ || +000-643-240+ || +740-390-590-220-003-060-840-416+ || +000-740-000[ || +000-000-000[ || ]740-564+ || +831-413-840-091+ || ]000-033-000[ || +740-005+ || +706+ || +000-004-067-703-060-900+ || +064-630[ || +064-002+ || +920-130-511-000-002+ || +590-252+ || +585-831+ || +790+ || +836+ || +740-840-416-240-741-500-091+ || +158-032+ || +140-705[ || +740[ || ]000-033-706-806[ || +740-798-405-000[ || +000-000-000-002-000+ || +740-752-615-503+ || +000-000-122-003-002-000+ || +740-752-615-503+ || +294-844+ || +000-240-000+ || +590-906+ || +821-001-480-850-595-391+ || +740-637-240-002-861+ || +740-390-590-033-705-000+ || +000+ || +000-000-000[ || +740-752-615-503+ || +740-690-435-255-231+ || +749-479+ || +000-100-140-002+ || +407-063-845-240-798+ || +422-003+ || +001-740-923-033-705+ || +740-390-590-002-817+ || +530-000-000-000-808[ || +840+ || +840+ || +032+ || +032+ || +740-000-000[ || +740-032-840+ || +740-752-615-503+ || +740-615-503+ || +407-585-033-705-233-235-806+ || ]700-031+ || +621-740-514+ || +520-070-255-832-220-003-853+ || +740-205-032-002-390-590-032+ || ]000-220-000-740-000[ || +740-400-061-299-350-125-176+ || +151-000+ || +160-090-055-060-190+ || +740-029-220-000[ || +405-004+ || ]740-892-517+ || +000-590-220-033+ || +740-877-032-235+ || +740-585-017+ || +302-460-000[ || +700-604-407-090-365-000+ || +416-150-002-055-031-319-001-924+ || +390-004-002-705-127+ || +000-220-390-440-384+ || +000-603-091-190+ || +090-055-000-132-032+ || +740-740-001-550-467+ || +740-585-231-240-060-820+ || +740-100-415-927-060-920-031+ || +740-222-235-002-820+ || +093-340-924-220-528+ || +002-004-328-001-803-415+ || +000-000-004-090-350+ || +136-031+ || +413-933-031+ || +136-031+ || +136-031+ || +931-000+ || +740-000[ || +740-220+ || +740+ || +740-690-435-255-002-267-000-033+ || +520-033-033+ || +740-760-000-000[ || +455-861-000-000-033+ || +520-073+ || ]240-803-002-861+ || +740-390-590-125-220-235-002-285+ || +520-000-002-820+ || +000-000-002-820+ || +326-000[ || +000-000-000[ || +368-005-741-060-920+ || +740-000[ || +064-004-013-740-176+ || +740-760-001-233+ || +400-125-000+ || +423-003-001-423-002-031-104+ || +740-840-416+ || +776-440-003-421+ || +520-033-706+ || +840-527-002-000+ || +031-055-000[ || ]000-520-220-032+ || ]000-000-000-032-840-000+ || +090-160+ || +392-004-002-278-595+ || +921-000[ || +156-142-741-060-920+ || +148-632-031-741-000+ || +520-233-803-060-001-031-905-032-000+ || +740-000[ || ]000-032+ || +390-006-000[ || +817-130+ || +740-390-590-231-002-705-530-904+ || +740-798-233-742-175+ || +740-032-840-803+ || +000-000-000-740-000+ || +360-000[ || +231-850+ || ]000-861[ || +400-392-631-000+ || +005-408+ || ]740-760-382/000-740-220-000[ || +740-000-000-235+ || ]000-820[ || +154-806-472-013-220-455-806+ || +820-390-590-002-861+ || +391-002-365-550+ || +001-000-000-832-904-002-817+ || +390-550-452-060-690+ || +220-000[ || +575-031-002-226-231[ || +832-140-013-547+ || +416+ || +463-513/390-017-002-463-575+ || ]611-000[ || +740-740-000-742+ || +595-134-000[ || ]519+ || +740-176-001-741-703-900-003+ || +740-384-002-629-279+ || +520-033-705-235-803[ || +740-100-235-002-817+ || +001-111-000+ || +151-740-000[ || +000[ || ]267-125-000[ || +520-000-235+ || ]000-000-000-000+ || ]000-350-125-812-033+ || +032-820-000-900+ || +520-742-861+ || +740-760-234-741-740-590+ || ]000-615-000[ || +031-151+ || +740-235-220+ || +156-019+ || +400-740-920+ || +740-630-098-368-824+ || +740-000-000-000-590+ || ]000+ || +000-798-701+ || +520-235+ || +423-003-031-005-130-090-000[ || ]000-000-002-820+ || ]820-066-415+ || +740-760-175-220-255+ || +151-032-388-002-390-705+ || ]000-000-032+ || +090-095-741-374-132+ || +151-142+ || ]000-740-798-000[ || +004-408+ || ]520-175[ || +033-705-233-235-002-457+ || +233-776+ || +740-798[ || +592+ || +806-091-001-368-255-000+ || +740-000-000[ || +705-000-000+ || +520-090-803-564-741-798-892+ || +255-014-000+ || +740-760-175-002-000[ || ]000-572-090+ || +561-092-625-900+ || +000-740-000[ || +236-231-000[ || ]000-091+ || +892-033+ || ]000-625-000+ || +390-016-002-861+ || ]000-625+ || +400-033[ || +520-095-000[ || ]000-590-820-033+ || ]000-001-740-798-235+ || +443[ || +000-000+ || ]000-032+ || +422-003+ || ]806-002-808+ || +365-820-000[ || +405-016-002-861+ || +000-000[ || +832-001-740-176+ || +090[ || ]705-090-705+ || +740-067-900-002-003+ || +390-003[ || +033+ || ]000-125-001-742+ || +032-820-000[ || ]031-000-590+ || ]233-630[ || +590-407-790-001-746+ || +000[ || +153-220-032+ || +740-798-706-061-060-550+ || ]000-892-000[ || +000-000-000-220-240[ || +400-740-690-436-255+ || +700-033+ || ]148-794-220[ || +604[ || +032+ || ]806[ || ]000-000+ || ]365-000[ || +740-000[ || ]220-000-002-000[ || +368-900-000-741-000+ || ]923+ || +136-033+ || +740-519-002-900-630+ || ]706-002-850+ || ]000-840-552+ || +000-032-515+ || +368[ || +365[ || +000-000-700-617-740[ || ]820+ || ]817[ || ]002-817[ || ]820+ || ]000-229-705-906+ || ]032-700+ || +520-000-002-820+ || +520-000-002-000+ || +411+ || +520-000-000-000[ || ]000-705-906-550+ || +090-740-055-000[ || +090-740-000[ || +090-740-000[ || +000-740-055-000[ || +740-585-000[ || +000[ || +740-032-840-220-000[ || +740-760-000[ || +354-794-892[ || +740[ || ]000-240[ || +094-033[ || ]000+ || ]700-090[ || ]000-000-700-000[ || +000-000-000-000[ || ]240-002-031-000[ || +000-705-002-861+ || ]000-032-840-002-000+ || ]000-803-740-000[ || ]740-142-000-002-861-390[ || ]000-100-001-832[ || +032+ || +032+ || +032+ || +032+ || ]000-741-000-000+ || ]803-000[ || ]630-000[ || ]000-032-000[ || +000-575[ || +426-000[ || ]000-317-000+ || +742+ || +742+ || +742+ || +000-000+ || +000-000+ || +820+ || ]000[ || +035+ || +110[ || +354-001-405-840-626-416-220-415-798-745[ || +034-000+ || +155-005+ || +090-740-100-415-240-820-033+ || +000-000-000+ || +520-070-495-240-060-297-368-632-032+ || +292-352-125-741-900-322+ || +520-463-510+ || +740-000-744-013-255+ || +000-090-001-133-384-160+ || +000-061-032-001-220-033-000+ || ]000-001-000-090-000[ || +002/000-090-725-000+ || +220-455-031-091+ || +033-001-032-091+ || +031-093-001-091-220-055+ || +740/740+ || ]405-090[ || +055-099-121-055-831-031-071+ || +740-061+ || +740-032-029-002-281+ || +740-405-590-060-146+ || +740-000-000[ || +740+ || +156+ || +382-382-382+ || +740-705-000-000+ || +740-706+ || +740-706+ || +740-706-365-000[ || +740-706-365-000[ || ]000-861+ || ]678+ || +033-033[ || ]000-390+ || +740-900-803+ || ]892-000+ || +500[ || +700+ || +000-600-000-000[ || +033-155+ || +400-137+ || ]000-000-220+ || +740-000-000+ || +032+ || +000-176+ || +843+ || ]000-374-000-820+ || ]000-000-416[ || +515-849[ || ]000-740[ || ]220[ || +034+ || ]000-049-002-820+ || +520-031+ || +151-400-142+ || +740-000-032-000-000+ || +520-001+ || +335-220-098-921-861+ || +220+ || +415-820+ || +237+ || +390-016-013-820+ || +520-235-220-032+ || +000-000-315-849[ || +697-031+ || +000-840-140-002-817+ || +390-840-741-031-370+ || +361-002-000-317-688+ || +002-861-000[ || +820-033+ || +455+ || ]411-956[ || ]741[ || ]861[ || ]000-530[ || ]820[ || ]002-920+ || +091+ || ]742[ || +392-861+ || ]000-590[ || +740-000[ || +000+ || +145-139-000-000+ || ]706-220+ || ]000-100-415-240-741-060-920+ || +400-520-000[ || ]000-220+ || +382-520+ || +000-032-705[ || ]000-220-000-368-220-031+ || +390+ || +390+ || +390+ || +031-820-104-013-817+ || +136-002-298-741+ || +520-033-033-741-572-368+ || +740-861-877-741-000+ || +136-002-861+ || +368-415-104-002-824+ || ]231-226-002-031-575+ || ]035-171+ || +000+ || ]740-081[ || ]705-000[ || +000-176-142+ || +740-154-017-060-130-035-171+ || +407-032-520-095-585-017-231+"
"740","000","740-220-000","+090-740-220-000-000-000-000+","1","1","1","Harappa","SEAL:S","-","576.1","H-1685","0","0","no_companion_side",""
"740","000","740-220-000","+740-220-000+","1","1","1","Mohenjo-daro","TAB:C","Copper","3069.1","M-608","1","1","no_companion_side",""
"740","002","740-220-002","+090-740-220-002-368-550-821+","1","1","1","Banawali","SEAL:S","Steatite","27.1","B-1","0","0","no_companion_side",""
"740","003","740-220-003","+090-740-220-003-002-390-072+","1","1","1","Harappa","SEAL:S","Steatite","1127.1","H-68","0","0","no_companion_side",""
"740","003","740-220-003","+090-740-220-003-741-252-530+","1","1","1","Mohenjo-daro","SEAL:S","Steatite","3149.1","M-725","0","0","no_companion_side",""
"740","003","740-220-003","+090-740-792-740-220-003-803+","1","1","1","Mohenjo-daro","TAB:B","-","3713.1","M-1429","0","0","no_companion_side",""
"740","003","740-220-003","+400-090-740-220-003+","1","1","1","Harappa","SEAL:S","Steatite","237.1","H-1056","0","0","no_companion_side",""
"740","003","740-220-003","+515-740-220-003-900+","1","1","1","Kalibangan","SEAL:S","Steatite","1884.1","K-9","0","0","no_companion_side",""
"740","003","740-220-003","+740-220-003+","5","5","1","Mohenjo-daro","SEAL:R;SEAL:S;TAB:B","-;Steatite","2814.1;3720.1;3722.1;3723.1;3724.1","M-1439;M-1441;M-1442;M-1443;M-294","5","5","no_companion_side",""
"740","014","740-220-014","+090-740-220-014-002-820+","1","1","1","Mohenjo-daro","SEAL:S","Faience","2783.1","M-260","0","0","no_companion_side",""
"740","016","740-220-016","+090-740-220-016-002-297-190-920-140+","1","1","1","Mohenjo-daro","SEAL:S","Steatite","2581.1","M-53","0","0","no_companion_side",""
"740","016","740-220-016","+090-740-220-016-002-820+","1","1","1","Nausharo","SEAL:S","Steatite","3853.1","Ns-5","0","0","no_companion_side",""
"740","016","740-220-016","+090-740-220-016-031-908-545+","1","1","1","Mohenjo-daro","SEAL:S","Steatite","2663.1","M-136","0","0","no_companion_side",""
"740","032","740-220-032","+090-740-220-032+","1","1","1","Harappa","SEAL:S","Steatite","1480.1","H-502","0","0","no_companion_side",""
"740","032","740-220-032","+416-001-565-740-220-032-002-861+","1","1","1","Mohenjo-daro","SEAL:S","Faience","2313.1","M-1763","0","0","no_companion_side",""
"740","032","740-220-032","+679-740-220-032-806-001-595-575-001-095+","1","1","1","Mohenjo-daro","SEAL:R","-","3427.1","M-1052","0","0","no_companion_side",""
"740","032","740-220-032","+740-220-032+","1","1","1","Harappa","SEAL:R","Steatite","1584.1","H-669","1","1","no_companion_side",""
"740","055","740-220-055","+090-740-220-055-001-741-500-705+","11","11","1","Lothal","TAG;TAG:L;TAG:W","Clay","2068.1;2069.1;2070.1;2071.1;2072.1;2112.1;2113.1;2115.1;2117.1;2125.1;5388.1","L-124;L-125;L-126;L-127;L-128;L-129;L-190;L-191;L-193;L-197;L-206","0","0","longer_other;no_companion_side","]000-000-032-000+ || ]235-002-861+ || +000-000-000-002-920-317[ || ]880+ || +000+ || +125-070["
"740","060","740-220-060","+550-740-220-060-297-630+","1","1","1","Mohenjo-daro","SEAL:S","-","3318.1","M-921","0","0","no_companion_side",""
"740","233","740-220-233","+740-220-233-000+","1","1","1","Mohenjo-daro","TAB:C","Copper","3729.1","M-1450","0","0","no_companion_side",""
"740","235","740-220-235","+090-740-220-235-853+","1","1","1","Mohenjo-daro","SEAL:S","Steatite","2631.1","M-104","0","0","no_companion_side",""
"740","415","740-220-415","+400-740-220-415-798+","5","5","2","Harappa;Mohenjo-daro","TAB:B","-;Clay;Faience","1234.1;1641.1;1659.1;2953.1;2954.1","H-203;H-748;H-767;M-468;M-469","0","0","700_033_branch;no_companion_side","+700-033+"
"740","415","740-220-415","+679-740-220-415-001-820-812-820-140-820+","1","1","1","Mohenjo-daro","SEAL:S","Steatite","3084.1","M-634","0","0","no_companion_side",""
"740","416","740-220-416","+400-760-740-220-416+","1","1","1","Harappa","TAB:I","Steatite","1324.2","H-302","0","0","700_other_branch","+220-700-004+"
"740","741","740-220-741","+565-740-220-741-176+","1","1","1","Mohenjo-daro","SEAL:S","Steatite","2654.1","M-127","0","0","no_companion_side",""
"740","742","740-220-742","+090-740-220-742-534-550-090+","1","1","1","Mohenjo-daro","SEAL:S","Steatite","2823.1","M-304","0","0","no_companion_side",""
"845","415","845-220-415","+407-845-220-415+","4","4","1","Mohenjo-daro","TAB:C","Copper","2983.1;2984.1;3733.1;3734.1","M-1456;M-1457;M-507;M-508","0","0","longer_other;no_companion_side","+790-740-100-405-590+"
"904","032","904-220-032","+000-904-220-032-000-000-000+","1","1","1","Lothal","SEAL:S","Steatite","2032.5","L-66","0","0","longer_other","+013+ || +647+ || +000+ || +220+"
"904","032","904-220-032","+740-407-590-904-220-032-803-060-920+","1","1","1","Lothal","SEAL:R","Steatite","2063.1","L-114","0","0","no_companion_side",""
"904","032","904-220-032","+740-904-220-032-002-142+","1","1","1","Mohenjo-daro","SEAL:S","Steatite","2381.1","M-1686","0","0","no_companion_side",""
