id,object,site,type,symbol,cult,full_left,left_last1,left_last2,after_002_head,after_002_tail,branch_after_390,tail_after_branch,terminal_after_branch,is_002390,source_status,text
13.1,Ad-8,Allahdino,MISC,Elep,SAN,740 440 503,503,440 503,861,861 000,<NOT_002390>,<NOT_002390>,<NOT_002390>,no,not_in_002390_frame_or_metadata_only,+740-440-503-002-861-000+
18.1,-,Bakkar Buthi,POT:T:g,None,None,405 844 032 840,840,032 840,861,861,<NOT_002390>,<NOT_002390>,<NOT_002390>,no,not_in_002390_frame_or_metadata_only,+405-844-032-840-002-861+
19.1,Blk-1,Bala-kot,SEAL:S,Bull1,-,226 003,003,226 003,297,297 350 125 413,<NOT_002390>,<NOT_002390>,<NOT_002390>,no,not_in_002390_frame_or_metadata_only,+226-003-002-297-350-125-413+
20.1,Blk-2,Bala-kot,SEAL:S,Bull1,R,390 717 061,061,717 061,368,368 634,<NOT_002390>,<NOT_002390>,<NOT_002390>,no,not_in_002390_frame_or_metadata_only,+390-717-061-002-368-634+
27.1,B-1,Banawali,SEAL:S,Bull1:O,HAF,090 740 220,220,740 220,368,368 550 821,<NOT_002390>,<NOT_002390>,<NOT_002390>,no,not_in_002390_frame_or_metadata_only,+090-740-220-002-368-550-821+
30.1,B-5,Banawali,SEAL:S,Bull3,None,<START>,<START>,<START>,817,817,<NOT_002390>,<NOT_002390>,<NOT_002390>,no,not_in_002390_frame_or_metadata_only,+002-817+
31.1,B-7,Banawali,SEAL:S,Buff,None,<START>,<START>,<START>,817,817,<NOT_002390>,<NOT_002390>,<NOT_002390>,no,not_in_002390_frame_or_metadata_only,+002-817+
36.1,B-15,Banawali,SEAL:S,Rhin,None,<START>,<START>,<START>,817,817,<NOT_002390>,<NOT_002390>,<NOT_002390>,no,not_in_002390_frame_or_metadata_only,+002-817+
37.1,B-17,Banawali,SEAL:S,Htgr,HBF,236,236,236,308,308 072,<NOT_002390>,<NOT_002390>,<NOT_002390>,no,not_in_002390_frame_or_metadata_only,+236-002-308-072+
38.1,B-18,Banawali,SEAL:S,-,-,000,000,000,861,861,<NOT_002390>,<NOT_002390>,<NOT_002390>,no,not_in_002390_frame_or_metadata_only,]000-002-861+
41.1,B-23,Banawali,TAG,Scene,None,520 220,220,520 220,<END>,<END>,<NOT_002390>,<NOT_002390>,<NOT_002390>,no,not_in_002390_frame_or_metadata_only,+520-220-002[
52.1,-,Bhirrana,SEAL:S,Bull1,RAN,236,236,236,820,820,<NOT_002390>,<NOT_002390>,<NOT_002390>,no,not_in_002390_frame_or_metadata_only,+236-002-820+
61.1,C-66,Chanhu-daro,SEAL:S,Bull1:W,RAN,390 003,003,390 003,817,817,<NOT_002390>,<NOT_002390>,<NOT_002390>,no,not_in_002390_frame_or_metadata_only,+390-003-002-817+
62.1,C-65,Chanhu-daro,SEAL:S,Bull1:W,SAF,000 100 240 220 032,032,220 032,861,861,<NOT_002390>,<NOT_002390>,<NOT_002390>,no,not_in_002390_frame_or_metadata_only,+000-100-240-220-032-002-861+
69.1,C-60,Chanhu-daro,SEAL:S,Bull1:W,SAN,740 176 032,032,176 032,861,861,<NOT_002390>,<NOT_002390>,<NOT_002390>,no,not_in_002390_frame_or_metadata_only,+740-176-032-002-861+
71.1,C-53,Chanhu-daro,SEAL:S,Bull1,-,032 031 740 222 235,235,222 235,861,861,<NOT_002390>,<NOT_002390>,<NOT_002390>,no,not_in_002390_frame_or_metadata_only,+032-031/740-222-235-002-861+
74.1,C-58,Chanhu-daro,SEAL:S,Bull1,-,032 031 740 222 235,235,222 235,861,861,<NOT_002390>,<NOT_002390>,<NOT_002390>,no,not_in_002390_frame_or_metadata_only,+032-031/740-222-235-002-861+
76.1,C-74,Chanhu-daro,SEAL:S,Gaur,Trough,125,125,125,861,861,<NOT_002390>,<NOT_002390>,<NOT_002390>,no,not_in_002390_frame_or_metadata_only,+125-002-861+
78.1,C-71,Chanhu-daro,SEAL:S,Bull1,-,000 000 000 000 861,861,000 861,906,906 003,<NOT_002390>,<NOT_002390>,<NOT_002390>,no,not_in_002390_frame_or_metadata_only,+000-000-000/000-861-002-906-003+
81.1,C-78,Chanhu-daro,SEAL:S,None,None,740 636 240,240,636 240,817,817,<NOT_002390>,<NOT_002390>,<NOT_002390>,no,not_in_002390_frame_or_metadata_only,+740-636-240/002-817+
82.1,C-57,Chanhu-daro,SEAL:S,Bull1:W,SAF,740 032 840,840,032 840,296,296 530 000,<NOT_002390>,<NOT_002390>,<NOT_002390>,no,not_in_002390_frame_or_metadata_only,+740-032-840-002-296-530-000+
84.1,C-85,Chanhu-daro,SEAL:R,-,-,000 000,000,000 000,820,820,<NOT_002390>,<NOT_002390>,<NOT_002390>,no,not_in_002390_frame_or_metadata_only,+000-000-002-820+
87.1,C-67,Chanhu-daro,SEAL:S,Bull1:S,SAN,520 233 803,803,233 803,817,817,<NOT_002390>,<NOT_002390>,<NOT_002390>,no,not_in_002390_frame_or_metadata_only,+520-233-803-002-817+
89.1,C-1,Chanhu-daro,SEAL:S,Bull1,None,031 840 140 740 101,101,740 101,365,365 287 034,<NOT_002390>,<NOT_002390>,<NOT_002390>,no,not_in_002390_frame_or_metadata_only,+031-840-140-740-101-002-365-287-034+
91.1,C-3,Chanhu-daro,SEAL:S,Bull1:W,SAN,740 016,016,740 016,920,920 317,<NOT_002390>,<NOT_002390>,<NOT_002390>,no,not_in_002390_frame_or_metadata_only,+740-016-002-920-317+
92.1,C-4,Chanhu-daro,SEAL:S,Bull1:L,RAN,520 235 803,803,235 803,817,817,<NOT_002390>,<NOT_002390>,<NOT_002390>,no,not_in_002390_frame_or_metadata_only,+520-235-803-002-817+
93.1,C-5,Chanhu-daro,SEAL:S,Bull1:I,RBF,740 140 717,717,140 717,298,298 741,<NOT_002390>,<NOT_002390>,<NOT_002390>,no,not_in_002390_frame_or_metadata_only,+740-140-717-002-298-741+
94.1,C-6,Chanhu-daro,SEAL:S,Bull1:J,RAN,817 521 521 090 740 221,221,740 221,031,031 500,<NOT_002390>,<NOT_002390>,<NOT_002390>,no,not_in_002390_frame_or_metadata_only,+817-521-521/090-740-221-002-031-500+
95.1,C-7,Chanhu-daro,SEAL:S,Bull,-,520 033 705 240 798,798,240 798,000,000,<NOT_002390>,<NOT_002390>,<NOT_002390>,no,not_in_002390_frame_or_metadata_only,+520-033-705-240-798-002-000[
98.1,C-10,Chanhu-daro,SEAL:S,Bull1:W,SAN,740 231 220 032,032,220 032,817,817,<NOT_002390>,<NOT_002390>,<NOT_002390>,no,not_in_002390_frame_or_metadata_only,+740-231-220-032-002-817+
106.1,C-18,Chanhu-daro,SEAL:S,Bull1,-,000 031,031,000 031,817,817,<NOT_002390>,<NOT_002390>,<NOT_002390>,no,not_in_002390_frame_or_metadata_only,]000-031-002-817+
125.1,Dlp-3,Desalpur,TAG,None,None,394 032,032,394 032,892,892 740,<NOT_002390>,<NOT_002390>,<NOT_002390>,no,not_in_002390_frame_or_metadata_only,+394-032-002-892-740+
130.1,-,Dholavira,SEAL:S,Bull1:W,S??,244 165 740 879 220 416 803,803,416 803,861,861,<NOT_002390>,<NOT_002390>,<NOT_002390>,no,not_in_002390_frame_or_metadata_only,+244-165/740-879-220-416-803-002-861+
132.1,-,Dholavira,SEAL:S,Tigr,None,740 416,416,740 416,861,861,<NOT_002390>,<NOT_002390>,<NOT_002390>,no,not_in_002390_frame_or_metadata_only,+740-416-002-861+
136.1,-,Dholavira,SEAL:R,None,None,390 016,016,390 016,861,861,<NOT_002390>,<NOT_002390>,<NOT_002390>,no,not_in_002390_frame_or_metadata_only,+390-016-002-861+
143.1,-,Dholavira,TAB:B,Gavi,None,000 400 350 031,031,350 031,817,817,<NOT_002390>,<NOT_002390>,<NOT_002390>,no,not_in_002390_frame_or_metadata_only,+000-400-350-031-002-817+
145.1,Dlv-1,Dholavira,SEAL:S,Bull1:J,HBN,151 382 031,031,382 031,861,861,<NOT_002390>,<NOT_002390>,<NOT_002390>,no,not_in_002390_frame_or_metadata_only,+151-382-031-002-861+
146.1,Dlv-2,Dholavira,SEAL:R,None,None,000,000,000,817,817,<NOT_002390>,<NOT_002390>,<NOT_002390>,no,not_in_002390_frame_or_metadata_only,]000-002-817+
216.1,-,Baror,SEAL:S,Bull1:I,SAF,000 000,000,000 000,257,257 550,<NOT_002390>,<NOT_002390>,<NOT_002390>,no,not_in_002390_frame_or_metadata_only,+000-000-002-257-550+
223.1,H-1042,Harappa,SEAL:S,Bull1,RAN,740 923 000 220,220,000 220,817,817,<NOT_002390>,<NOT_002390>,<NOT_002390>,no,not_in_002390_frame_or_metadata_only,+740-923-000-220-002-817+
246.1,H-1045,Harappa,SEAL:S,Bull1:U,RAN,740 900 005,005,900 005,820,820,<NOT_002390>,<NOT_002390>,<NOT_002390>,no,not_in_002390_frame_or_metadata_only,+740-900-005-002-820+
256.1,H-1038,Harappa,SEAL:S,Bull1:I,-,740 519,519,740 519,297,297 000,<NOT_002390>,<NOT_002390>,<NOT_002390>,no,not_in_002390_frame_or_metadata_only,+740-519-002-297-000[
259.1,H-1051,Harappa,SEAL:S,Bull1:I,SAN,400 740 575 017 920 320 798,798,320 798,861,861,<NOT_002390>,<NOT_002390>,<NOT_002390>,no,not_in_002390_frame_or_metadata_only,+400-740-575-017-920-320-798-002-861+
280.1,-,Harappa,TAB:B,Bull2,SAN,740 904 240,240,904 240,817,817,<NOT_002390>,<NOT_002390>,<NOT_002390>,no,not_in_002390_frame_or_metadata_only,+740-904-240-002-817+
284.1,H-1030,Harappa,SEAL:S,Bull1:W,RAF,090 740 103,103,740 103,861,861,<NOT_002390>,<NOT_002390>,<NOT_002390>,no,not_in_002390_frame_or_metadata_only,+090-740-103-002-861+
293.1,H-1033,Harappa,SEAL:S,Bull1:W,-,220 500 520,520,500 520,862,862 032,<NOT_002390>,<NOT_002390>,<NOT_002390>,no,not_in_002390_frame_or_metadata_only,+220-500-520-002-862-032+
296.1,H-1058,Harappa,SEAL,-,-,740 019,019,740 019,000,000,<NOT_002390>,<NOT_002390>,<NOT_002390>,no,not_in_002390_frame_or_metadata_only,]740-019-002-000[
303.1,H-1043,Harappa,SEAL:S,Bull1:W,HBF,151 760 220 003,003,220 003,861,861,<NOT_002390>,<NOT_002390>,<NOT_002390>,no,not_in_002390_frame_or_metadata_only,+151-760-220-003-002-861+
315.1,H-1517,Harappa,ROD,None,None,405 005,005,405 005,<END>,<END>,<NOT_002390>,<NOT_002390>,<NOT_002390>,no,not_in_002390_frame_or_metadata_only,+405-005-002+
323.1,H-1421,Harappa,POT:T:g,None,None,<START>,<START>,<START>,861,861,<NOT_002390>,<NOT_002390>,<NOT_002390>,no,not_in_002390_frame_or_metadata_only,]002-861[
341.1,-,Harappa,POT:T:g,None,None,<START>,<START>,<START>,<END>,<END>,<NOT_002390>,<NOT_002390>,<NOT_002390>,no,not_in_002390_frame_or_metadata_only,+002+
342.1,-,Harappa,POT:T:g,None,None,<START>,<START>,<START>,<END>,<END>,<NOT_002390>,<NOT_002390>,<NOT_002390>,no,not_in_002390_frame_or_metadata_only,+002+
349.1,-,Harappa,POT:T:g,None,None,<START>,<START>,<START>,<END>,<END>,<NOT_002390>,<NOT_002390>,<NOT_002390>,no,not_in_002390_frame_or_metadata_only,+002+
350.1,-,Harappa,POT:T:g,None,None,<START>,<START>,<START>,<END>,<END>,<NOT_002390>,<NOT_002390>,<NOT_002390>,no,not_in_002390_frame_or_metadata_only,+002+
356.1,-,Harappa,POT:T:g,None,None,<START>,<START>,<START>,<END>,<END>,<NOT_002390>,<NOT_002390>,<NOT_002390>,no,not_in_002390_frame_or_metadata_only,+002+
370.1,H-2016,Harappa,TAB:B,None,None,317 740 335 740 176,176,740 176,920,920 491,<NOT_002390>,<NOT_002390>,<NOT_002390>,no,not_in_002390_frame_or_metadata_only,+317-740-335-740-176-002-920-491+
388.2,H-1874,Harappa,TAB:B,None,None,<START>,<START>,<START>,220,220 455 000,<NOT_002390>,<NOT_002390>,<NOT_002390>,no,not_in_002390_frame_or_metadata_only,+002-220-455-000+
401.1,H-2003,Harappa,TAB:B,Mult,None,390 004,004,390 004,817,817,<NOT_002390>,<NOT_002390>,<NOT_002390>,no,not_in_002390_frame_or_metadata_only,+390-004-002-817+
402.2,H-2015,Harappa,TAB:B,None,None,520 033 705 235 832,832,235 832,817,817,<NOT_002390>,<NOT_002390>,<NOT_002390>,no,not_in_002390_frame_or_metadata_only,+520-033-705-235-832-002-817+
409.2,H-1942,Harappa,TAB:B,Bult,None,405 035,035,405 035,861,861,<NOT_002390>,<NOT_002390>,<NOT_002390>,no,not_in_002390_frame_or_metadata_only,+405-035-002-861+
411.2,H-1865,Harappa,TAB:B,None,None,740 702 061,061,702 061,000,000,<NOT_002390>,<NOT_002390>,<NOT_002390>,no,not_in_002390_frame_or_metadata_only,+740-702-061-002-000+
412.2,H-2014,Harappa,TAB:B,None,None,000 832,832,000 832,817,817,<NOT_002390>,<NOT_002390>,<NOT_002390>,no,not_in_002390_frame_or_metadata_only,]000-832-002-817+
448.1,H-1967,Harappa,TAB:B,Mult,None,382 760 382,382,760 382,820,820,<NOT_002390>,<NOT_002390>,<NOT_002390>,no,not_in_002390_frame_or_metadata_only,+382-760-382-002-820+
466.1,H-1882,Harappa,TAB:B,None,None,<START>,<START>,<START>,820,820,<NOT_002390>,<NOT_002390>,<NOT_002390>,no,not_in_002390_frame_or_metadata_only,+002-820+
476.2,H-2094,Harappa,TAB:I,None,None,<START>,<START>,<START>,861,861 416,<NOT_002390>,<NOT_002390>,<NOT_002390>,no,not_in_002390_frame_or_metadata_only,+002-861-416+
488.2,H-2097,Harappa,TAB:I,None,None,<START>,<START>,<START>,861,861 416,<NOT_002390>,<NOT_002390>,<NOT_002390>,no,not_in_002390_frame_or_metadata_only,+002-861-416+
507.1,H-1681,Harappa,SEAL:S,Bull1,-,000 032,032,000 032,820,820,<NOT_002390>,<NOT_002390>,<NOT_002390>,no,not_in_002390_frame_or_metadata_only,]000-032-002-820+
513.1,H-1671,Harappa,SEAL:S,Bull1:S,RAN,740 061,061,740 061,455,455 420 032,<NOT_002390>,<NOT_002390>,<NOT_002390>,no,not_in_002390_frame_or_metadata_only,+740-061-002-455-420-032+
518.2,H-2095,Harappa,TAB:I,None,None,<START>,<START>,<START>,861,861 416,<NOT_002390>,<NOT_002390>,<NOT_002390>,no,not_in_002390_frame_or_metadata_only,+002-861-416+
529.1,-,Harappa,POT:T:g,None,None,<START>,<START>,<START>,<END>,<END>,<NOT_002390>,<NOT_002390>,<NOT_002390>,no,not_in_002390_frame_or_metadata_only,+002+
536.1,H-1723,Harappa,TAG:L,-,-,000 880,880,000 880,000,000,<NOT_002390>,<NOT_002390>,<NOT_002390>,no,not_in_002390_frame_or_metadata_only,]000-880-002-000[
537.1,H-1692,Harappa,SEAL:S,None,None,740 390 590,590,390 590,861,861,<NOT_002390>,<NOT_002390>,<NOT_002390>,no,not_in_002390_frame_or_metadata_only,+740-390-590-002-861+
543.1,-,Harappa,POT:T:g,None,None,000 480 003 064,064,003 064,003,003 861,<NOT_002390>,<NOT_002390>,<NOT_002390>,no,not_in_002390_frame_or_metadata_only,+000-480-003-064-002-003-861+
594.2,H-2022,Harappa,TAB:B,Phyt,Mult,740 752 175,175,752 175,861,861,<NOT_002390>,<NOT_002390>,<NOT_002390>,no,not_in_002390_frame_or_metadata_only,+740-752-175-002-861+
599.2,H-1864,Harappa,TAB:B,None,None,740 142 062,062,142 062,817,817,<NOT_002390>,<NOT_002390>,<NOT_002390>,no,not_in_002390_frame_or_metadata_only,+740-142-062-002-817+
604.1,H-2338,Harappa,POT:T:g,None,None,740 061,061,740 061,575,575 000,<NOT_002390>,<NOT_002390>,<NOT_002390>,no,not_in_002390_frame_or_metadata_only,]740-061-002-575-000[
617.1,-,Harappa,POT:T:g,None,None,740 000 000,000,000 000,575,575 000,<NOT_002390>,<NOT_002390>,<NOT_002390>,no,not_in_002390_frame_or_metadata_only,]740-000-000-002-575-000[
621.1,-,Harappa,TAB:I,None,None,<START>,<START>,<START>,861,861 416,<NOT_002390>,<NOT_002390>,<NOT_002390>,no,not_in_002390_frame_or_metadata_only,+002-861-416+
623.1,H-1706,Harappa,SEAL:R,None,None,405 003,003,405 003,293,293 360,<NOT_002390>,<NOT_002390>,<NOT_002390>,no,not_in_002390_frame_or_metadata_only,+405-003-002-293-360+
626.1,H-1662,Harappa,SEAL:S,Bull1:W,H,033 033 740 142 061 140,140,061 140,546,546,<NOT_002390>,<NOT_002390>,<NOT_002390>,no,not_in_002390_frame_or_metadata_only,+033-033/740-142-061-140-002-546+
634.1,H-1680,Harappa,SEAL:S,Bull1:W,SAN,390 003,003,390 003,820,820,<NOT_002390>,<NOT_002390>,<NOT_002390>,no,not_in_002390_frame_or_metadata_only,+390-003-002-820+
665.2,H-2096,Harappa,TAB:I,None,None,<START>,<START>,<START>,861,861 416,<NOT_002390>,<NOT_002390>,<NOT_002390>,no,not_in_002390_frame_or_metadata_only,+002-861-416+
682.2,H-1146,Harappa,TAB:B,None,None,526 554,554,526 554,820,820,<NOT_002390>,<NOT_002390>,<NOT_002390>,no,not_in_002390_frame_or_metadata_only,+526-554-002-820+
729.2,H-2010,Harappa,TAB:B,Bull1,None,740 482 240,240,482 240,861,861,<NOT_002390>,<NOT_002390>,<NOT_002390>,no,not_in_002390_frame_or_metadata_only,+740-482-240-002-861+
731.1,H-1670,Harappa,SEAL:S,Bull1:J,HAF,740 760 033 033 240,240,033 240,824,824,<NOT_002390>,<NOT_002390>,<NOT_002390>,no,not_in_002390_frame_or_metadata_only,+740-760-033-033-240-002-824+
744.2,H-1993,Harappa,TAB:B,None,None,740 000 220 004,004,220 004,390,390 095,095,<END>,yes,yes,source_route_triaged_supplement_only_no_image,+740-000-220-004-002-390-095+
771.2,H-1930,Harappa,TAB:B,Gavi,None,408 817 920,920,817 920,861,861,<NOT_002390>,<NOT_002390>,<NOT_002390>,no,not_in_002390_frame_or_metadata_only,+408-817-920-002-861+
789.1,H-1785,Harappa,TAB:B,Phyt,None,407 004,004,407 004,861,861,<NOT_002390>,<NOT_002390>,<NOT_002390>,no,not_in_002390_frame_or_metadata_only,+407-004-002-861+
805.1,H-1788,Harappa,TAB:B,None,SAN,154 806 470,470,806 470,861,861,<NOT_002390>,<NOT_002390>,<NOT_002390>,no,not_in_002390_frame_or_metadata_only,+154-806-470-002-861+
937.2,H-2011,Harappa,TAB:B,Bull1,None,740 482 240,240,482 240,861,861,<NOT_002390>,<NOT_002390>,<NOT_002390>,no,not_in_002390_frame_or_metadata_only,+740-482-240-002-861+
943.1,H-1667,Harappa,SEAL:S,Bull1:W,SAN,740 540,540,740 540,817,817,<NOT_002390>,<NOT_002390>,<NOT_002390>,no,not_in_002390_frame_or_metadata_only,+740-540-002-817+
951.1,-,Dholavira,SEAL:S,Bull1:U,SAN,390 004,004,390 004,817,817,<NOT_002390>,<NOT_002390>,<NOT_002390>,no,not_in_002390_frame_or_metadata_only,+390-004-002-817+
955.1,H-2583,Harappa,POT:T:g,None,None,<START>,<START>,<START>,<END>,<END>,<NOT_002390>,<NOT_002390>,<NOT_002390>,no,not_in_002390_frame_or_metadata_only,+002+
960.1,-,Harappa,POT:T:g,None,None,<START>,<START>,<START>,002,002,<NOT_002390>,<NOT_002390>,<NOT_002390>,no,not_in_002390_frame_or_metadata_only,+002-002+
960.1,-,Harappa,POT:T:g,None,None,002,002,002,<END>,<END>,<NOT_002390>,<NOT_002390>,<NOT_002390>,no,not_in_002390_frame_or_metadata_only,+002-002+
967.1,-,Harappa,POT:T:g,None,None,<START>,<START>,<START>,<END>,<END>,<NOT_002390>,<NOT_002390>,<NOT_002390>,no,not_in_002390_frame_or_metadata_only,+002+
974.1,-,Harappa,POT:T:g,None,None,<START>,<START>,<START>,<END>,<END>,<NOT_002390>,<NOT_002390>,<NOT_002390>,no,not_in_002390_frame_or_metadata_only,+002+
975.1,-,Harappa,POT:T:g,None,None,<START>,<START>,<START>,<END>,<END>,<NOT_002390>,<NOT_002390>,<NOT_002390>,no,not_in_002390_frame_or_metadata_only,+002+
989.1,-,Harappa,POT:T:g,None,None,<START>,<START>,<START>,000,000,<NOT_002390>,<NOT_002390>,<NOT_002390>,no,not_in_002390_frame_or_metadata_only,+002-000+
996.1,-,Harappa,POT:T:g,None,None,<START>,<START>,<START>,<END>,<END>,<NOT_002390>,<NOT_002390>,<NOT_002390>,no,not_in_002390_frame_or_metadata_only,+002+
1004.1,H-1966,Harappa,TAB:B,Gaur,Trough,520 233 049,049,233 049,861,861,<NOT_002390>,<NOT_002390>,<NOT_002390>,no,not_in_002390_frame_or_metadata_only,+520-233-049-002-861+
1007.1,H-1726,Harappa,POT:T:s,None,None,740 100 692 491,491,692 491,817,817,<NOT_002390>,<NOT_002390>,<NOT_002390>,no,not_in_002390_frame_or_metadata_only,+740-100-692-491-002-817+
1020.1,H-1657,Harappa,SEAL:S,Bull1:W,SAN,740 405 590 032 900 003 806 235 220 032,032,220 032,690,690 921,<NOT_002390>,<NOT_002390>,<NOT_002390>,no,not_in_002390_frame_or_metadata_only,+740-405-590-032-900-003-806-235-220-032-002-690-921+
1024.2,H-1851,Harappa,TAB:B,None,None,740 803 892 031,031,892 031,861,861,<NOT_002390>,<NOT_002390>,<NOT_002390>,no,not_in_002390_frame_or_metadata_only,+740-803-892-031-002-861+
1030.1,H-1739,Harappa,POT:T:s,None,None,034,034,034,817,817,<NOT_002390>,<NOT_002390>,<NOT_002390>,no,not_in_002390_frame_or_metadata_only,]034-002-817[
1047.1,-,Harappa,POT:T:g,None,None,<START>,<START>,<START>,003,003,<NOT_002390>,<NOT_002390>,<NOT_002390>,no,not_in_002390_frame_or_metadata_only,+002-003+
1060.1,H-1050,Harappa,SEAL:S,Bull1:W,SAN,804 235,235,804 235,817,817,<NOT_002390>,<NOT_002390>,<NOT_002390>,no,not_in_002390_frame_or_metadata_only,+804-235-002-817+
1064.1,H-3,Harappa,SEAL:S,Bull1:W,SAN,740 585 017,017,585 017,611,611 615 703,<NOT_002390>,<NOT_002390>,<NOT_002390>,no,not_in_002390_frame_or_metadata_only,+740-585-017-002-611-615-703+
1069.1,H-8,Harappa,SEAL:S,Bull1:W,SAN,354 001 740 405 590 033 706,706,033 706,690,690 921,<NOT_002390>,<NOT_002390>,<NOT_002390>,no,not_in_002390_frame_or_metadata_only,+354-001-740-405-590-033-706-002-690-921+
1073.1,H-12,Harappa,SEAL:S,Bull1:W,SAF,740 690 435 255 803 220 240 235,235,240 235,817,817,<NOT_002390>,<NOT_002390>,<NOT_002390>,no,not_in_002390_frame_or_metadata_only,+740-690-435-255-803-220-240-235-002-817+
1074.1,H-13,Harappa,SEAL:S,Bull1:W,SAF,740 760 615 503,503,615 503,817,817,<NOT_002390>,<NOT_002390>,<NOT_002390>,no,not_in_002390_frame_or_metadata_only,+740-760-615-503-002-817+
1076.1,H-15,Harappa,SEAL:S,Bull1:W,SAN,000 000,000,000 000,817,817,<NOT_002390>,<NOT_002390>,<NOT_002390>,no,not_in_002390_frame_or_metadata_only,]000-000-002-817+
1078.1,H-18,Harappa,SEAL:S,Bull1:W,-,000 220 032,032,220 032,820,820,<NOT_002390>,<NOT_002390>,<NOT_002390>,no,not_in_002390_frame_or_metadata_only,]000-220-032-002-820+
1081.1,H-21,Harappa,SEAL:S,Bull1:W,S,405 061 527 555 233 235 806,806,235 806,817,817,<NOT_002390>,<NOT_002390>,<NOT_002390>,no,not_in_002390_frame_or_metadata_only,+405-061-527-555-233-235-806-002-817+
1082.1,H-22,Harappa,SEAL:S,Bull1:W,SAN,740 920 320 233 806,806,233 806,405,405 321,<NOT_002390>,<NOT_002390>,<NOT_002390>,no,not_in_002390_frame_or_metadata_only,+740-920-320-233-806-002-405-321+
1091.1,H-31,Harappa,SEAL:S,Bull1:W,SAN,740 100 415 240,240,415 240,365,365 374 000,<NOT_002390>,<NOT_002390>,<NOT_002390>,no,not_in_002390_frame_or_metadata_only,+740-100-415-240-002-365-374-000+
1100.1,H-41,Harappa,SEAL:S,Bull1:J,R,000,000,000,690,690,<NOT_002390>,<NOT_002390>,<NOT_002390>,no,not_in_002390_frame_or_metadata_only,]000-002-690+
1101.1,H-42,Harappa,SEAL:S,Bull1:J,RAN,740 380 235,235,380 235,817,817,<NOT_002390>,<NOT_002390>,<NOT_002390>,no,not_in_002390_frame_or_metadata_only,+740-380-235-002-817+
1103.1,H-44,Harappa,SEAL:S,Bull1:W,SAN,520 033 706 235 798 803,803,798 803,031,031 892,<NOT_002390>,<NOT_002390>,<NOT_002390>,no,not_in_002390_frame_or_metadata_only,+520-033-706-235-798-803-002-031-892+
1104.1,H-45,Harappa,SEAL:S,Bull1:W,-,090 740 101,101,740 101,820,820,<NOT_002390>,<NOT_002390>,<NOT_002390>,no,not_in_002390_frame_or_metadata_only,+090-740-101-002-820+
1110.1,H-51,Harappa,SEAL:S,Bull1:W,HAF,740 643 240,240,643 240,861,861,<NOT_002390>,<NOT_002390>,<NOT_002390>,no,not_in_002390_frame_or_metadata_only,+740-643-240-002-861+
1114.1,H-55,Harappa,SEAL:S,Bull1:X,SAF,390 004,004,390 004,861,861 125,<NOT_002390>,<NOT_002390>,<NOT_002390>,no,not_in_002390_frame_or_metadata_only,+390-004-002-861-125+
1119.1,H-60,Harappa,SEAL:S,Bull1:II,H,621 740 900 003,003,900 003,820,820,<NOT_002390>,<NOT_002390>,<NOT_002390>,no,not_in_002390_frame_or_metadata_only,+621-740-900-003/002-820+
1127.1,H-68,Harappa,SEAL:S,Bull1:I,RAN,090 740 220 003,003,220 003,390,390 072,072,<END>,yes,yes,metadata_only_unbound,+090-740-220-003-002-390-072+
1132.1,H-74,Harappa,SEAL:S,Bull1:J,RAN,<START>,<START>,<START>,610,610 125 032,<NOT_002390>,<NOT_002390>,<NOT_002390>,no,not_in_002390_frame_or_metadata_only,+002-610-125-032+
1135.1,H-78,Harappa,SEAL:S,Gaur,Trough,000 806,806,000 806,575,575 000,<NOT_002390>,<NOT_002390>,<NOT_002390>,no,not_in_002390_frame_or_metadata_only,]000-806-002-575-000+
1139.1,H-82,Harappa,SEAL:S,Gaur,Trough,390 017,017,390 017,220,220 455 741,<NOT_002390>,<NOT_002390>,<NOT_002390>,no,not_in_002390_frame_or_metadata_only,+390-017-002-220-455-741+
1141.1,H-85,Harappa,SEAL:S,Zebu,-,520 219,219,520 219,817,817,<NOT_002390>,<NOT_002390>,<NOT_002390>,no,not_in_002390_frame_or_metadata_only,+520-219-002-817+
1148.1,H-92,Harappa,SEAL:S,Elep,None,156 176 518 220 416,416,220 416,615,615,<NOT_002390>,<NOT_002390>,<NOT_002390>,no,not_in_002390_frame_or_metadata_only,+156-176-518-220-416-002-615+
1155.1,H-100,Harappa,SEAL:S,None,None,520 031 000,000,031 000,000,000,<NOT_002390>,<NOT_002390>,<NOT_002390>,no,not_in_002390_frame_or_metadata_only,+520-031-000-002-000+
1170.1,H-129,Harappa,SEAL:R,None,None,409 061 740 235 220 031,031,220 031,861,861 244 165,<NOT_002390>,<NOT_002390>,<NOT_002390>,no,not_in_002390_frame_or_metadata_only,+409-061-740-235-220-031-002-861-244-165+
1171.1,H-130,Harappa,SEAL:R,None,None,409 032 845 033 705 231 806,806,231 806,595,595 812 125 717,<NOT_002390>,<NOT_002390>,<NOT_002390>,no,not_in_002390_frame_or_metadata_only,+409-032-845-033-705-231-806-002-595-812-125-717+
1172.1,H-131,Harappa,SEAL:R,None,None,740 032 840 233 240 033 706 055,055,706 055,595,595 575 794 000,<NOT_002390>,<NOT_002390>,<NOT_002390>,no,not_in_002390_frame_or_metadata_only,+740-032-840-233-240-033-706-055-002-595-575-794-000+
1175.1,H-134,Harappa,SEAL:R,None,None,740 405 590 220 003,003,220 003,861,861,<NOT_002390>,<NOT_002390>,<NOT_002390>,no,not_in_002390_frame_or_metadata_only,+740-405-590-220-003-002-861+
1176.1,H-135,Harappa,SEAL:R,None,None,740 773 231 806,806,231 806,861,861,<NOT_002390>,<NOT_002390>,<NOT_002390>,no,not_in_002390_frame_or_metadata_only,+740-773-231-806-002-861+
1178.1,H-137,Harappa,SEAL:R,None,None,740 443 388 033 705 233,233,705 233,817,817,<NOT_002390>,<NOT_002390>,<NOT_002390>,no,not_in_002390_frame_or_metadata_only,+740-443-388-033-705-233-002-817+
1181.1,H-140,Harappa,SEAL:R,None,None,740 384 032,032,384 032,817,817,<NOT_002390>,<NOT_002390>,<NOT_002390>,no,not_in_002390_frame_or_metadata_only,+740-384-032-002-817+
1182.1,H-141,Harappa,SEAL:R,None,None,405 032 900 003 070,070,003 070,233,233 235,<NOT_002390>,<NOT_002390>,<NOT_002390>,no,not_in_002390_frame_or_metadata_only,+405-032-900-003-070-002-233-235+
1190.1,H-149,Harappa,SEAL:R,None,None,405 061 033 706 794 630 220,220,630 220,820,820,<NOT_002390>,<NOT_002390>,<NOT_002390>,no,not_in_002390_frame_or_metadata_only,+405-061-033-706-794-630-220-002-820+
1204.1,H-164,Harappa,SEAL:R,None,None,161 097,097,161 097,817,817,<NOT_002390>,<NOT_002390>,<NOT_002390>,no,not_in_002390_frame_or_metadata_only,+161-097-002-817+
1211.1,H-177,Harappa,TAB:B,Scene,None,700 033 151 706 031,031,706 031,817,817,<NOT_002390>,<NOT_002390>,<NOT_002390>,no,not_in_002390_frame_or_metadata_only,+700-033-151-706-031-002-817+
1258.1,H-231,Harappa,TAB:B,None,None,520 220 240,240,220 240,820,820,<NOT_002390>,<NOT_002390>,<NOT_002390>,no,not_in_002390_frame_or_metadata_only,+520-220-240-002-820+
1269.1,H-244,Harappa,TAB:B,None,SAN,104,104,104,820,820,<NOT_002390>,<NOT_002390>,<NOT_002390>,no,not_in_002390_frame_or_metadata_only,+104-002-820+
1277.1,H-252,Harappa,TAB:B,Bull1:I,None,520 240,240,520 240,405,405 501,<NOT_002390>,<NOT_002390>,<NOT_002390>,no,not_in_002390_frame_or_metadata_only,+520-240-002-405-501+
1278.1,H-253,Harappa,TAB:B,Bull1:I,None,520 240,240,520 240,405,405 501,<NOT_002390>,<NOT_002390>,<NOT_002390>,no,not_in_002390_frame_or_metadata_only,+520-240-002-405-501+
1279.1,H-254,Harappa,TAB:B,Bull1:I,None,520 240,240,520 240,405,405 501,<NOT_002390>,<NOT_002390>,<NOT_002390>,no,not_in_002390_frame_or_metadata_only,+520-240-002-405-501+
1280.1,H-255,Harappa,TAB:B,Bull1:I,None,520 240,240,520 240,405,405 501,<NOT_002390>,<NOT_002390>,<NOT_002390>,no,not_in_002390_frame_or_metadata_only,+520-240-002-405-501+
1281.1,H-256,Harappa,TAB:B,Bull1:I,None,520 240,240,520 240,405,405 501,<NOT_002390>,<NOT_002390>,<NOT_002390>,no,not_in_002390_frame_or_metadata_only,+520-240-002-405-501+
1282.1,H-257,Harappa,TAB:B,Bull1:I,None,520 240,240,520 240,405,405 501,<NOT_002390>,<NOT_002390>,<NOT_002390>,no,not_in_002390_frame_or_metadata_only,+520-240-002-405-501+
1283.1,H-258,Harappa,TAB:B,Bull1:I,None,520 240,240,520 240,405,405 501,<NOT_002390>,<NOT_002390>,<NOT_002390>,no,not_in_002390_frame_or_metadata_only,+520-240-002-405-501+
1284.1,H-259,Harappa,TAB:B,Bull1:I,None,520 240,240,520 240,405,405 501,<NOT_002390>,<NOT_002390>,<NOT_002390>,no,not_in_002390_frame_or_metadata_only,+520-240-002-405-501+
1285.1,H-260,Harappa,TAB:B,Bull1,None,520 240,240,520 240,405,405 501,<NOT_002390>,<NOT_002390>,<NOT_002390>,no,not_in_002390_frame_or_metadata_only,+520-240-002-405-501+
1286.1,H-261,Harappa,TAB:B,Bull1:I,None,520 240,240,520 240,405,405 501,<NOT_002390>,<NOT_002390>,<NOT_002390>,no,not_in_002390_frame_or_metadata_only,+520-240-002-405-501+
1287.1,H-262,Harappa,TAB:B,Bull1:I,None,520 240,240,520 240,405,405 501,<NOT_002390>,<NOT_002390>,<NOT_002390>,no,not_in_002390_frame_or_metadata_only,+520-240-002-405-501+
1288.1,H-263,Harappa,TAB:B,Bull1:I,None,520 240,240,520 240,405,405 501,<NOT_002390>,<NOT_002390>,<NOT_002390>,no,not_in_002390_frame_or_metadata_only,+520-240-002-405-501+
1289.1,H-264,Harappa,TAB:B,Bull1:I,None,520 240,240,520 240,405,405 501,<NOT_002390>,<NOT_002390>,<NOT_002390>,no,not_in_002390_frame_or_metadata_only,+520-240-002-405-501+
1290.1,H-265,Harappa,TAB:B,Bull1,None,520 240,240,520 240,405,405 501,<NOT_002390>,<NOT_002390>,<NOT_002390>,no,not_in_002390_frame_or_metadata_only,+520-240-002-405-501+
1293.1,H-268,Harappa,SEAL:S,Bull1:W,SAN,740 585 017 033 706 803,803,706 803,220,220 455 920,<NOT_002390>,<NOT_002390>,<NOT_002390>,no,not_in_002390_frame_or_metadata_only,+740-585-017-033-706-803-002-220-455-920+
1296.1,H-272,Harappa,SEAL:S,Bull1,-,740 585 017 240,240,017 240,305,305 032 904,<NOT_002390>,<NOT_002390>,<NOT_002390>,no,not_in_002390_frame_or_metadata_only,+740-585-017-240-002-305-032-904+
1297.1,H-273,Harappa,SEAL:S,Bull1,-,000 240,240,000 240,820,820,<NOT_002390>,<NOT_002390>,<NOT_002390>,no,not_in_002390_frame_or_metadata_only,]000-240-002-820+
1298.1,H-276,Harappa,TAB:B,Bull1:I,None,520 240,240,520 240,405,405 501,<NOT_002390>,<NOT_002390>,<NOT_002390>,no,not_in_002390_frame_or_metadata_only,+520-240-002-405-501+
1299.1,H-277,Harappa,TAB:B,Bull1,None,520 240,240,520 240,405,405 501,<NOT_002390>,<NOT_002390>,<NOT_002390>,no,not_in_002390_frame_or_metadata_only,+520-240-002-405-501+
1307.1,H-285,Harappa,TAB:I,None,None,740 382,382,740 382,<END>,<END>,<NOT_002390>,<NOT_002390>,<NOT_002390>,no,not_in_002390_frame_or_metadata_only,+740-382-002[
1314.1,H-292,Harappa,TAB:I,None,SAN,<START>,<START>,<START>,817,817,<NOT_002390>,<NOT_002390>,<NOT_002390>,no,not_in_002390_frame_or_metadata_only,+002-817+
1315.1,H-293,Harappa,TAB:I,None,SAN,<START>,<START>,<START>,817,817,<NOT_002390>,<NOT_002390>,<NOT_002390>,no,not_in_002390_frame_or_metadata_only,+002-817+
1394.1,H-375,Harappa,POT:T:g,None,None,000 220,220,000 220,000,000,<NOT_002390>,<NOT_002390>,<NOT_002390>,no,not_in_002390_frame_or_metadata_only,]000-220-002-000[
1398.1,H-383,Harappa,SEAL:S,Bull1:Q,SAN,740 585 017 033 705,705,033 705,000,000,<NOT_002390>,<NOT_002390>,<NOT_002390>,no,not_in_002390_frame_or_metadata_only,+740-585-017-033-705-002-000+
1399.1,H-385,Harappa,SEAL:S,Bull1:W,SAF,000 220,220,000 220,595,595 632 354 850,<NOT_002390>,<NOT_002390>,<NOT_002390>,no,not_in_002390_frame_or_metadata_only,+000-220-002-595-632-354-850+
1401.1,H-388,Harappa,SEAL:S,Bull1:W,SAF,520 033 706 231 806,806,231 806,817,817,<NOT_002390>,<NOT_002390>,<NOT_002390>,no,not_in_002390_frame_or_metadata_only,+520-033-706-231-806-002-817+
1402.1,H-389,Harappa,SEAL:S,Bull1:W,SAN,740 405 590 235,235,590 235,031,031 480 625,<NOT_002390>,<NOT_002390>,<NOT_002390>,no,not_in_002390_frame_or_metadata_only,+740-405-590-235-002-031-480-625+
1410.1,H-405,Harappa,SEAL:S,Bull1:W,SAN,236 806,806,236 806,863,863,<NOT_002390>,<NOT_002390>,<NOT_002390>,no,not_in_002390_frame_or_metadata_only,+236-806-002-863+
1412.1,H-407,Harappa,SEAL:S,Bull1:W,SAF,390 003,003,390 003,817,817,<NOT_002390>,<NOT_002390>,<NOT_002390>,no,not_in_002390_frame_or_metadata_only,+390-003-002-817+
1413.1,H-408,Harappa,SEAL:S,Bull1:W,SAN,740 176 240,240,176 240,702,702 503,<NOT_002390>,<NOT_002390>,<NOT_002390>,no,not_in_002390_frame_or_metadata_only,+740-176-240-002-702-503+
1414.1,H-410,Harappa,SEAL:S,Bull1:L,SAN,368 840 830,830,840 830,861,861,<NOT_002390>,<NOT_002390>,<NOT_002390>,no,not_in_002390_frame_or_metadata_only,+368-840-830-002-861+
1420.1,H-417,Harappa,SEAL:S,Bull1:W,-,740 255 706,706,255 706,000,000,<NOT_002390>,<NOT_002390>,<NOT_002390>,no,not_in_002390_frame_or_metadata_only,+740-255-706-002-000[
1426.1,H-426,Harappa,SEAL:S,Bull1,-,000 240 235,235,240 235,460,460 511,<NOT_002390>,<NOT_002390>,<NOT_002390>,no,not_in_002390_frame_or_metadata_only,]000-240-235-002-460-511+
1434.1,H-444,Harappa,SEAL:S,Bull1:W,SAF,241 220 032,032,220 032,861,861,<NOT_002390>,<NOT_002390>,<NOT_002390>,no,not_in_002390_frame_or_metadata_only,+241-220-032-002-861+
1435.1,H-445,Harappa,SEAL:S,Bull1:W,SAF,235 803,803,235 803,000,000,<NOT_002390>,<NOT_002390>,<NOT_002390>,no,not_in_002390_frame_or_metadata_only,]235-803-002-000+
1436.1,H-446,Harappa,SEAL:S,Bull1:J,SAN,740 585 798,798,585 798,861,861 216,<NOT_002390>,<NOT_002390>,<NOT_002390>,no,not_in_002390_frame_or_metadata_only,+740-585-798-002-861-216+
1445.1,H-455,Harappa,SEAL:S,Bull1:J,SAN,520 033 705,705,033 705,172,172 032,<NOT_002390>,<NOT_002390>,<NOT_002390>,no,not_in_002390_frame_or_metadata_only,+520-033-705-002-172-032+
1446.1,H-456,Harappa,SEAL:S,Bull1:I,SAN,520 033 706,706,033 706,817,817 808,<NOT_002390>,<NOT_002390>,<NOT_002390>,no,not_in_002390_frame_or_metadata_only,+520-033-706-002-817-808+
1447.1,H-457,Harappa,SEAL:S,Bull1:J,SAF,740 798 003,003,798 003,416,416,<NOT_002390>,<NOT_002390>,<NOT_002390>,no,not_in_002390_frame_or_metadata_only,+740-798-003-002-416+
1449.1,H-459,Harappa,SEAL:S,Bull1:T,SAN,527 555 231,231,555 231,817,817,<NOT_002390>,<NOT_002390>,<NOT_002390>,no,not_in_002390_frame_or_metadata_only,+527-555-231-002-817+
1450.1,H-461,Harappa,SEAL:S,Bull1:S,SAF,090 740 384,384,740 384,452,452 000,<NOT_002390>,<NOT_002390>,<NOT_002390>,no,not_in_002390_frame_or_metadata_only,+090-740-384-002-452-000+
1452.1,H-464,Harappa,SEAL:S,Bull1:U,SAF,000 176,176,000 176,798,798 590 032,<NOT_002390>,<NOT_002390>,<NOT_002390>,no,not_in_002390_frame_or_metadata_only,+000-176-002-798-590-032+
1456.1,H-468,Harappa,SEAL:S,Bull1:J,HAF,740 900 003,003,900 003,940,940 705,<NOT_002390>,<NOT_002390>,<NOT_002390>,no,not_in_002390_frame_or_metadata_only,+740-900-003-002-940-705+
1463.1,H-476,Harappa,SEAL:S,Bull1:W,SAN,740 100 717,717,100 717,000,000,<NOT_002390>,<NOT_002390>,<NOT_002390>,no,not_in_002390_frame_or_metadata_only,+740-100-717-002-000[
1466.1,H-478,Harappa,SEAL:S,Bull1:W,SAN,740 770 235,235,770 235,817,817,<NOT_002390>,<NOT_002390>,<NOT_002390>,no,not_in_002390_frame_or_metadata_only,+740-770-235-002-817+
1468.1,H-480,Harappa,SEAL:S,Bull1,SAN,<START>,<START>,<START>,416,416,<NOT_002390>,<NOT_002390>,<NOT_002390>,no,not_in_002390_frame_or_metadata_only,]002-416+
1472.1,H-484,Harappa,SEAL:S,Bull1,-,233,233,233,817,817,<NOT_002390>,<NOT_002390>,<NOT_002390>,no,not_in_002390_frame_or_metadata_only,]233-002-817+
1474.1,H-486,Harappa,SEAL:S,Bull1,-,<START>,<START>,<START>,000,000 861 031,<NOT_002390>,<NOT_002390>,<NOT_002390>,no,not_in_002390_frame_or_metadata_only,]002-000-861-031+
1479.1,H-501,Harappa,SEAL:S,Bull1,SAN,520 233 803,803,233 803,817,817,<NOT_002390>,<NOT_002390>,<NOT_002390>,no,not_in_002390_frame_or_metadata_only,+520-233-803-002-817+
1484.1,H-506,Harappa,SEAL:S,Bull1:I,SAN,294 350 595 820,820,595 820,820,820,<NOT_002390>,<NOT_002390>,<NOT_002390>,no,not_in_002390_frame_or_metadata_only,+294-350-595-820-002-820+
1485.1,H-507,Harappa,SEAL:S,Bull1,SAN,000 032,032,000 032,820,820,<NOT_002390>,<NOT_002390>,<NOT_002390>,no,not_in_002390_frame_or_metadata_only,]000-032-002-820+
1491.1,H-514,Harappa,SEAL:S,Bull1:W,RAN,151 220 016,016,220 016,820,820,<NOT_002390>,<NOT_002390>,<NOT_002390>,no,not_in_002390_frame_or_metadata_only,+151-220-016-002-820+
1515.1,H-561,Harappa,SEAL:S,-,-,226,226,226,000,000,<NOT_002390>,<NOT_002390>,<NOT_002390>,no,not_in_002390_frame_or_metadata_only,+226-002-000[
1517.1,H-563,Harappa,SEAL,-,-,740 335,335,740 335,630,630,<NOT_002390>,<NOT_002390>,<NOT_002390>,no,not_in_002390_frame_or_metadata_only,+740-335-002-630[
1526.1,H-574,Harappa,SEAL,-,-,000 803,803,000 803,820,820,<NOT_002390>,<NOT_002390>,<NOT_002390>,no,not_in_002390_frame_or_metadata_only,]000-803-002-820+
1537.1,H-593,Harappa,SEAL:S,-,-,740 760 235 240,240,235 240,220,220 000,<NOT_002390>,<NOT_002390>,<NOT_002390>,no,not_in_002390_frame_or_metadata_only,+740-760-235-240-002-220-000[
1540.1,H-597,Harappa,SEAL:S,Bull1:J,SAN,740 390 590 070 032,032,070 032,861,861,<NOT_002390>,<NOT_002390>,<NOT_002390>,no,not_in_002390_frame_or_metadata_only,+740-390-590-070-032-002-861+
1540.2,H-597,Harappa,SEAL:S,Bull1:J,SAN,740 390 590 070 032,032,070 032,861,861,<NOT_002390>,<NOT_002390>,<NOT_002390>,no,not_in_002390_frame_or_metadata_only,+740-390-590-070-032-002-861+
1541.2,H-598,Harappa,SEAL:S,Bull1:W,SAN,740 639 240,240,639 240,435,435 255 777,<NOT_002390>,<NOT_002390>,<NOT_002390>,no,not_in_002390_frame_or_metadata_only,+740-639-240-002-435-255-777+
1543.1,H-600,Harappa,SEAL:S,Bull1:I,SAF,<START>,<START>,<START>,368,368 260,<NOT_002390>,<NOT_002390>,<NOT_002390>,no,not_in_002390_frame_or_metadata_only,+002-368-260+
1549.1,H-609,Harappa,SEAL:S,Bull1:W,SAN,798 233 231,231,233 231,817,817 000,<NOT_002390>,<NOT_002390>,<NOT_002390>,no,not_in_002390_frame_or_metadata_only,]798-233-231-002-817-000+
1551.1,H-611,Harappa,SEAL:S,None,None,527 550,550,527 550,125,125 590,<NOT_002390>,<NOT_002390>,<NOT_002390>,no,not_in_002390_frame_or_metadata_only,+527-550-002-125-590+
1552.1,H-612,Harappa,SEAL:S,Bull1:L,SAN,740 615 495,495,615 495,825,825,<NOT_002390>,<NOT_002390>,<NOT_002390>,no,not_in_002390_frame_or_metadata_only,+740-615-495-002-825+
1554.1,H-639,Harappa,SEAL:R,None,None,407 000 000 705 832 904 845 235,235,845 235,717,717 747,<NOT_002390>,<NOT_002390>,<NOT_002390>,no,not_in_002390_frame_or_metadata_only,+407-000-000-705-832-904-845-235-002-717-747+
1555.1,H-640,Harappa,SEAL:R,None,None,220 032,032,220 032,817,817,<NOT_002390>,<NOT_002390>,<NOT_002390>,no,not_in_002390_frame_or_metadata_only,]220-032-002-817+
1564.1,H-649,Harappa,SEAL:R,None,None,520 033 705 233 240 806,806,240 806,820,820,<NOT_002390>,<NOT_002390>,<NOT_002390>,no,not_in_002390_frame_or_metadata_only,+520-033-705-233-240-806-002-820+
1566.1,H-651,Harappa,SEAL:R,None,None,031,031,031,861,861,<NOT_002390>,<NOT_002390>,<NOT_002390>,no,not_in_002390_frame_or_metadata_only,]031-002-861+
1568.1,H-653,Harappa,SEAL:R,None,None,000 000 000 000,000,000 000,820,820,<NOT_002390>,<NOT_002390>,<NOT_002390>,no,not_in_002390_frame_or_metadata_only,+000-000-000-000-002-820+
1573.1,H-658,Harappa,SEAL:R,None,None,900,900,900,817,817,<NOT_002390>,<NOT_002390>,<NOT_002390>,no,not_in_002390_frame_or_metadata_only,]900-002-817+
1578.1,H-663,Harappa,SEAL:R,None,None,405,405,405,<END>,<END>,<NOT_002390>,<NOT_002390>,<NOT_002390>,no,not_in_002390_frame_or_metadata_only,]405-002[
1594.1,H-688,Harappa,SEAL,None,None,520 233,233,520 233,861,861 831 165,<NOT_002390>,<NOT_002390>,<NOT_002390>,no,not_in_002390_frame_or_metadata_only,+520-233-002-861-831-165+
1602.1,H-697,Harappa,TAB:B,Bull2,SAN,740 904 240,240,904 240,817,817,<NOT_002390>,<NOT_002390>,<NOT_002390>,no,not_in_002390_frame_or_metadata_only,+740-904-240-002-817+
1606.1,H-701,Harappa,TAB:B,Goat,Plant,240,240,240,418,418,<NOT_002390>,<NOT_002390>,<NOT_002390>,no,not_in_002390_frame_or_metadata_only,]240-002-418+
1607.1,H-702,Harappa,TAB:B,Mult,None,137,137,137,820,820,<NOT_002390>,<NOT_002390>,<NOT_002390>,no,not_in_002390_frame_or_metadata_only,+137-002-820+
1611.1,H-706,Harappa,TAB:B,Gavi,None,700 033 137,137,033 137,820,820,<NOT_002390>,<NOT_002390>,<NOT_002390>,no,not_in_002390_frame_or_metadata_only,+700-033-137-002-820+
1622.1,H-719,Harappa,TAB:B,Phyt,None,405 004,004,405 004,861,861,<NOT_002390>,<NOT_002390>,<NOT_002390>,no,not_in_002390_frame_or_metadata_only,+405-004-002-861+
1665.1,H-773,Harappa,TAB:B,None,None,740 798 803,803,798 803,390,390 530 741,530,741,no,yes,source_panel_acquired_boxed_window_compatible_token_not_strict,+740-798-803-002-390-530-741+
1695.1,H-806,Harappa,TAB:B,None,None,740 482 240,240,482 240,861,861,<NOT_002390>,<NOT_002390>,<NOT_002390>,no,not_in_002390_frame_or_metadata_only,+740-482-240-002-861+
1696.1,H-807,Harappa,TAB:B,None,None,740 482 240,240,482 240,861,861,<NOT_002390>,<NOT_002390>,<NOT_002390>,no,not_in_002390_frame_or_metadata_only,+740-482-240-002-861+
1697.1,H-808,Harappa,TAB:B,None,None,740 482 240,240,482 240,861,861,<NOT_002390>,<NOT_002390>,<NOT_002390>,no,not_in_002390_frame_or_metadata_only,+740-482-240-002-861+
1700.1,H-811,Harappa,TAB:B,None,None,317 740 335 740 176,176,740 176,920,920 491,<NOT_002390>,<NOT_002390>,<NOT_002390>,no,not_in_002390_frame_or_metadata_only,+317-740-335-740-176-002-920-491+
1717.1,H-829,Harappa,TAB:B,None,None,139,139,139,820,820,<NOT_002390>,<NOT_002390>,<NOT_002390>,no,not_in_002390_frame_or_metadata_only,+139-002-820+
1719.1,H-833,Harappa,TAB:B,None,None,526 554,554,526 554,820,820,<NOT_002390>,<NOT_002390>,<NOT_002390>,no,not_in_002390_frame_or_metadata_only,+526-554-002-820+
1724.1,H-838,Harappa,TAB:B,None,None,740 615 495,495,615 495,817,817,<NOT_002390>,<NOT_002390>,<NOT_002390>,no,not_in_002390_frame_or_metadata_only,+740-615-495-002-817+
1730.1,H-844,Harappa,TAB:B,Xhch,None,740 840,840,740 840,<END>,<END>,<NOT_002390>,<NOT_002390>,<NOT_002390>,no,not_in_002390_frame_or_metadata_only,+740-840-002+
1742.1,H-859,Harappa,TAB:B,Bull1:I,None,520 240,240,520 240,405,405 501,<NOT_002390>,<NOT_002390>,<NOT_002390>,no,not_in_002390_frame_or_metadata_only,+520-240-002-405-501+
1743.1,H-860,Harappa,TAB:B,Bull1:I,None,520 240,240,520 240,405,405 501,<NOT_002390>,<NOT_002390>,<NOT_002390>,no,not_in_002390_frame_or_metadata_only,+520-240-002-405-501+
1744.1,H-861,Harappa,TAB:B,Bull1:I,None,520 240,240,520 240,405,405 501,<NOT_002390>,<NOT_002390>,<NOT_002390>,no,not_in_002390_frame_or_metadata_only,+520-240-002-405-501+
1745.1,H-862,Harappa,TAB:B,Bull1:I,None,520 240,240,520 240,405,405 501,<NOT_002390>,<NOT_002390>,<NOT_002390>,no,not_in_002390_frame_or_metadata_only,+520-240-002-405-501+
1746.1,H-863,Harappa,TAB:B,Bull1:I,None,520 240,240,520 240,405,405 501,<NOT_002390>,<NOT_002390>,<NOT_002390>,no,not_in_002390_frame_or_metadata_only,+520-240-002-405-501+
1747.1,H-864,Harappa,TAB:B,Bull1:I,None,520 240,240,520 240,405,405 501,<NOT_002390>,<NOT_002390>,<NOT_002390>,no,not_in_002390_frame_or_metadata_only,+520-240-002-405-501+
1748.1,H-865,Harappa,TAB:B,Bull1:I,None,520 240,240,520 240,405,405 501,<NOT_002390>,<NOT_002390>,<NOT_002390>,no,not_in_002390_frame_or_metadata_only,+520-240-002-405-501+
1749.1,H-866,Harappa,TAB:B,Bull1:U,None,520 240,240,520 240,405,405 501,<NOT_002390>,<NOT_002390>,<NOT_002390>,no,not_in_002390_frame_or_metadata_only,+520-240-002-405-501+
1750.1,H-867,Harappa,TAB:B,Bull1:U,None,520 240,240,520 240,405,405 501,<NOT_002390>,<NOT_002390>,<NOT_002390>,no,not_in_002390_frame_or_metadata_only,+520-240-002-405-501+
1751.1,H-868,Harappa,TAB:B,Bull1:I,None,520 240,240,520 240,405,405 501,<NOT_002390>,<NOT_002390>,<NOT_002390>,no,not_in_002390_frame_or_metadata_only,+520-240-002-405-501+
1752.1,H-869,Harappa,TAB:B,Bull1:I,None,520 240,240,520 240,405,405 501,<NOT_002390>,<NOT_002390>,<NOT_002390>,no,not_in_002390_frame_or_metadata_only,+520-240-002-405-501+
1753.1,H-870,Harappa,TAB:B,Bull1:I,None,520 240,240,520 240,405,405 501,<NOT_002390>,<NOT_002390>,<NOT_002390>,no,not_in_002390_frame_or_metadata_only,+520-240-002-405-501+
1769.1,H-887,Harappa,TAB:I,None,SAN,<START>,<START>,<START>,817,817,<NOT_002390>,<NOT_002390>,<NOT_002390>,no,not_in_002390_frame_or_metadata_only,+002-817+
1786.1,H-904,Harappa,TAB:I,None,None,740 032 840,840,032 840,<END>,<END>,<NOT_002390>,<NOT_002390>,<NOT_002390>,no,not_in_002390_frame_or_metadata_only,+740-032-840-002+
1791.1,H-909,Harappa,TAB:I,None,None,<START>,<START>,<START>,820,820 000,<NOT_002390>,<NOT_002390>,<NOT_002390>,no,not_in_002390_frame_or_metadata_only,+002-820-000[
1792.1,H-910,Harappa,TAB:I,None,None,<START>,<START>,<START>,861,861 416,<NOT_002390>,<NOT_002390>,<NOT_002390>,no,not_in_002390_frame_or_metadata_only,+002-861-416+
1875.1,Jk-2,Jhukar,SEAL:S,Bull1:J,SAN,740 803 233,233,803 233,817,817,<NOT_002390>,<NOT_002390>,<NOT_002390>,no,not_in_002390_frame_or_metadata_only,+740-803-233-002-817+
1878.1,K-2,Kalibangan,SEAL:S,Bull1:W,RBF,740 585 017,017,585 017,000,000,<NOT_002390>,<NOT_002390>,<NOT_002390>,no,not_in_002390_frame_or_metadata_only,+740-585-017-002-000+
1879.1,K-4,Kalibangan,SEAL:S,Bull1:W,SAF,036 269 140,140,269 140,741,741 060 920,<NOT_002390>,<NOT_002390>,<NOT_002390>,no,not_in_002390_frame_or_metadata_only,+036-269-140-002-741-060-920+
1885.1,K-10,Kalibangan,SEAL:S,Bull1:I,RAN,740 690 435 255,255,435 255,368,368 861 590 032 368,<NOT_002390>,<NOT_002390>,<NOT_002390>,no,not_in_002390_frame_or_metadata_only,+740-690-435-255-002-368-861-590-032-368+
1887.1,K-12,Kalibangan,SEAL:S,Bull1:I,RAN,000 003,003,000 003,820,820,<NOT_002390>,<NOT_002390>,<NOT_002390>,no,not_in_002390_frame_or_metadata_only,+000-003-002-820+
1893.1,K-18,Kalibangan,SEAL:S,Bull1:X,RAF,307,307,307,762,762 463 140,<NOT_002390>,<NOT_002390>,<NOT_002390>,no,not_in_002390_frame_or_metadata_only,+307-002-762-463-140+
1897.1,K-23,Kalibangan,SEAL:S,Bull1:I,RAN,740 441,441,740 441,820,820 033,<NOT_002390>,<NOT_002390>,<NOT_002390>,no,not_in_002390_frame_or_metadata_only,+740-441-002-820-033+
1898.1,K-24,Kalibangan,SEAL:S,Bull1,R,740 760 093,093,760 093,252,252 575,<NOT_002390>,<NOT_002390>,<NOT_002390>,no,not_in_002390_frame_or_metadata_only,+740-760-093-002-252-575+
1899.1,K-25,Kalibangan,SEAL:S,Bull1,-,520 231,231,520 231,220,220 065 132 082,<NOT_002390>,<NOT_002390>,<NOT_002390>,no,not_in_002390_frame_or_metadata_only,+520-231-002-220-065-132-082+
1901.1,K-27,Kalibangan,SEAL:S,Bull2,None,<START>,<START>,<START>,817,817,<NOT_002390>,<NOT_002390>,<NOT_002390>,no,not_in_002390_frame_or_metadata_only,+002-817+
1902.1,K-28,Kalibangan,SEAL:S,Gaur,None,440 411 740 335,335,740 335,285,285 491,<NOT_002390>,<NOT_002390>,<NOT_002390>,no,not_in_002390_frame_or_metadata_only,+440-411-740-335-002-285-491+
1906.1,K-33,Kalibangan,SEAL:S,Buff,Trough,226,226,226,861,861,<NOT_002390>,<NOT_002390>,<NOT_002390>,no,not_in_002390_frame_or_metadata_only,+226-002-861+
1908.1,K-40,Kalibangan,SEAL:S,Elep,None,760 031,031,760 031,861,861 791 440 717,<NOT_002390>,<NOT_002390>,<NOT_002390>,no,not_in_002390_frame_or_metadata_only,+760-031-002-861-791-440-717+
1910.1,K-44,Kalibangan,SEAL:S,-,-,740 337 176,176,337 176,000,000 000,<NOT_002390>,<NOT_002390>,<NOT_002390>,no,not_in_002390_frame_or_metadata_only,+740-337-176-002-000-000[
1917.1,K-54,Kalibangan,SEAL:S,None,None,000,000,000,870,870,<NOT_002390>,<NOT_002390>,<NOT_002390>,no,not_in_002390_frame_or_metadata_only,+000-002-870+
1927.1,K-69,Kalibangan,TAG,Bull1,-,892 890 417,417,890 417,056,056 091,<NOT_002390>,<NOT_002390>,<NOT_002390>,no,not_in_002390_frame_or_metadata_only,+892-890-417-002-056-091+
1928.1,K-70,Kalibangan,TAG,Bull1,-,892 890 417,417,890 417,056,056 091,<NOT_002390>,<NOT_002390>,<NOT_002390>,no,not_in_002390_frame_or_metadata_only,+892-890-417-002-056-091+
1929.1,K-71,Kalibangan,TAG,None,None,892 890 417,417,890 417,056,056 091,<NOT_002390>,<NOT_002390>,<NOT_002390>,no,not_in_002390_frame_or_metadata_only,+892-890-417-002-056-091+
1930.1,K-72,Kalibangan,TAG,Bull1,-,892 890 417,417,890 417,056,056 091,<NOT_002390>,<NOT_002390>,<NOT_002390>,no,not_in_002390_frame_or_metadata_only,+892-890-417-002-056-091+
1931.1,K-73,Kalibangan,TAG,Bull1,-,892 890 417,417,890 417,056,056 091,<NOT_002390>,<NOT_002390>,<NOT_002390>,no,not_in_002390_frame_or_metadata_only,+892-890-417-002-056-091+
1932.1,K-74,Kalibangan,TAG,Bull1,-,892 890 417,417,890 417,056,056 091,<NOT_002390>,<NOT_002390>,<NOT_002390>,no,not_in_002390_frame_or_metadata_only,+892-890-417-002-056-091+
1933.1,K-75,Kalibangan,TAG,Bull1,-,892 890 417,417,890 417,056,056 091,<NOT_002390>,<NOT_002390>,<NOT_002390>,no,not_in_002390_frame_or_metadata_only,+892-890-417-002-056-091+
1935.1,K-78,Kalibangan,TAB:B,Gavi,None,740 817 390,390,817 390,820,820,<NOT_002390>,<NOT_002390>,<NOT_002390>,no,not_in_002390_frame_or_metadata_only,+740-817-390-002-820+
1938.1,K-82,Kalibangan,TAG:L,Bull1,-,390 003,003,390 003,861,861,<NOT_002390>,<NOT_002390>,<NOT_002390>,no,not_in_002390_frame_or_metadata_only,+390-003-002-861+
1940.1,K-85,Kalibangan,TAG:L,Elep,None,520 033,033,520 033,861,861,<NOT_002390>,<NOT_002390>,<NOT_002390>,no,not_in_002390_frame_or_metadata_only,+520-033-002-861+
1942.2,K-87,Kalibangan,TAG:L,Mult,-,740 000 000,000,000 000,861,861,<NOT_002390>,<NOT_002390>,<NOT_002390>,no,not_in_002390_frame_or_metadata_only,+740-000-000-002-861[
1943.1,K-88,Kalibangan,TAG:L,Bull1,?,740 000 460,460,000 460,861,861,<NOT_002390>,<NOT_002390>,<NOT_002390>,no,not_in_002390_frame_or_metadata_only,+740-000-460-002-861+
1944.1,K-89,Kalibangan,TAG:L,Bull1,SAN,090 740 362,362,740 362,360,360 832,<NOT_002390>,<NOT_002390>,<NOT_002390>,no,not_in_002390_frame_or_metadata_only,+090-740-362-002-360-832+
1944.2,K-89,Kalibangan,TAG:L,Bull1,SAN,000 033 705 000,000,705 000,000,000,<NOT_002390>,<NOT_002390>,<NOT_002390>,no,not_in_002390_frame_or_metadata_only,+000-033-705-000-002-000+
1944.3,K-89,Kalibangan,TAG:L,Bull1,SAN,001 350,350,001 350,595,595 390 000,<NOT_002390>,<NOT_002390>,<NOT_002390>,no,not_in_002390_frame_or_metadata_only,+001-350-002-595-390-000+
1979.1,Kd-15,Kot-Diji,POT:T:g,None,None,<START>,<START>,<START>,700,700,<NOT_002390>,<NOT_002390>,<NOT_002390>,no,not_in_002390_frame_or_metadata_only,]002-700+
1981.1,Lh-1,Lohumjo-daro,SEAL:S,Bull1:S,SAN,740 760 615 104 717 235,235,717 235,392,392 590 125,<NOT_002390>,<NOT_002390>,<NOT_002390>,no,not_in_002390_frame_or_metadata_only,+740-760-615-104-717-235-002-392-590-125+
1984.1,L-1,Lothal,SEAL:S,Bull1:W,SAF,527 550 233,233,550 233,812,812 095,<NOT_002390>,<NOT_002390>,<NOT_002390>,no,not_in_002390_frame_or_metadata_only,+527-550-233-002-812-095+
1986.1,L-4,Lothal,SEAL:S,Bull1,SAN,090 740 100 233,233,100 233,575,575 031,<NOT_002390>,<NOT_002390>,<NOT_002390>,no,not_in_002390_frame_or_metadata_only,+090-740-100-233-002-575-031+
1987.1,L-5,Lothal,SEAL:S,Bull1:J,RAF,740 760 552 000,000,552 000,455,455 692 416,<NOT_002390>,<NOT_002390>,<NOT_002390>,no,not_in_002390_frame_or_metadata_only,+740-760-552/000-002-455-692-416+
1989.1,L-10,Lothal,SEAL:S,Bull1:L,SAN,520 033 705 233 240 460 491,491,460 491,000,000,<NOT_002390>,<NOT_002390>,<NOT_002390>,no,not_in_002390_frame_or_metadata_only,+520-033-705-233-240-460-491-002-000+
1990.1,L-11,Lothal,SEAL:S,Bull1:L,SAN,590 705 435 255 778,778,255 778,817,817,<NOT_002390>,<NOT_002390>,<NOT_002390>,no,not_in_002390_frame_or_metadata_only,+590-705-435-255-778-002-817+
1991.1,L-12,Lothal,SEAL:S,Bull1:L,SAN,000 798 000 354,354,000 354,130,130 035,<NOT_002390>,<NOT_002390>,<NOT_002390>,no,not_in_002390_frame_or_metadata_only,+000-798-000-354-002-130-035[
1993.1,L-15,Lothal,SEAL:S,None,None,000 000 000 000 032 832 032,032,832 032,415,415,<NOT_002390>,<NOT_002390>,<NOT_002390>,no,not_in_002390_frame_or_metadata_only,+000-000-000-000/032-832-032-002-415+
1996.1,L-18,Lothal,SEAL:S,Bull1:S,SAN,415 031,031,415 031,820,820,<NOT_002390>,<NOT_002390>,<NOT_002390>,no,not_in_002390_frame_or_metadata_only,+415-031-002-820+
2002.1,L-25,Lothal,SEAL:S,Bull1,-,740 016,016,740 016,000,000,<NOT_002390>,<NOT_002390>,<NOT_002390>,no,not_in_002390_frame_or_metadata_only,+740-016-002-000[
2012.1,L-39,Lothal,SEAL:S,Bull1,SAN,520 315,315,520 315,861,861 626,<NOT_002390>,<NOT_002390>,<NOT_002390>,no,not_in_002390_frame_or_metadata_only,+520-315-002-861-626+
2013.1,L-41,Lothal,SEAL:S,Bull,-,090 740 233,233,740 233,817,817,<NOT_002390>,<NOT_002390>,<NOT_002390>,no,not_in_002390_frame_or_metadata_only,+090-740-233-002-817+
2017.1,L-46,Lothal,SEAL:S,Gaur,Trough,527 388 233 740 176,176,740 176,861,861 392,<NOT_002390>,<NOT_002390>,<NOT_002390>,no,not_in_002390_frame_or_metadata_only,+527-388-233-740-176-002-861-392+
2018.1,L-47,Lothal,SEAL:S,Bull1,-,409 190,190,409 190,798,798 055,<NOT_002390>,<NOT_002390>,<NOT_002390>,no,not_in_002390_frame_or_metadata_only,+409-190-002-798-055+
2024.1,L-57,Lothal,SEAL:S,-,-,832,832,832,861,861,<NOT_002390>,<NOT_002390>,<NOT_002390>,no,not_in_002390_frame_or_metadata_only,+832-002-861+
2028.1,L-62,Lothal,SEAL,None,None,003,003,003,861,861,<NOT_002390>,<NOT_002390>,<NOT_002390>,no,not_in_002390_frame_or_metadata_only,]003-002-861[
2031.1,L-65,Lothal,SEAL:S,Bull1:W,SAF,240,240,240,861,861,<NOT_002390>,<NOT_002390>,<NOT_002390>,no,not_in_002390_frame_or_metadata_only,]240-002-861+
2036.1,L-82,Lothal,SEAL:R,None,None,806 231,231,806 231,221,221,<NOT_002390>,<NOT_002390>,<NOT_002390>,no,not_in_002390_frame_or_metadata_only,+806-231-002-221+
2037.1,L-83,Lothal,SEAL:L,None,None,740 806 240,240,806 240,820,820,<NOT_002390>,<NOT_002390>,<NOT_002390>,no,not_in_002390_frame_or_metadata_only,+740-806-240-002-820+
2038.1,L-84,Lothal,SEAL:R,-,-,048,048,048,817,817,<NOT_002390>,<NOT_002390>,<NOT_002390>,no,not_in_002390_frame_or_metadata_only,+048-002-817+
2041.1,L-87,Lothal,SEAL:R,None,None,740 032 840 233 220 032 060 825,825,060 825,<END>,<END>,<NOT_002390>,<NOT_002390>,<NOT_002390>,no,not_in_002390_frame_or_metadata_only,+740-032-840-233-220-032-060-825-002+
2043.1,L-89,Lothal,SEAL:R,None,None,527 555 235,235,555 235,861,861,<NOT_002390>,<NOT_002390>,<NOT_002390>,no,not_in_002390_frame_or_metadata_only,+527-555-235-002-861+
2045.1,L-91,Lothal,SEAL:R,-,-,416,416,416,824,824,<NOT_002390>,<NOT_002390>,<NOT_002390>,no,not_in_002390_frame_or_metadata_only,+416-002-824+
2046.1,L-92,Lothal,SEAL:R,None,None,520 070 255 832,832,255 832,817,817,<NOT_002390>,<NOT_002390>,<NOT_002390>,no,not_in_002390_frame_or_metadata_only,+520-070-255-832-002-817+
2049.1,L-95,Lothal,SEAL:R,None,None,740 000 175,175,000 175,880,880,<NOT_002390>,<NOT_002390>,<NOT_002390>,no,not_in_002390_frame_or_metadata_only,+740-000-175-002-880+
2061.1,L-112,Lothal,SEAL:R,None,None,740 760 605,605,760 605,540,540 590,<NOT_002390>,<NOT_002390>,<NOT_002390>,no,not_in_002390_frame_or_metadata_only,+740-760-605-002-540-590+
2073.1,L-130,Lothal,TAG,Bull1,-,236,236,236,861,861,<NOT_002390>,<NOT_002390>,<NOT_002390>,no,not_in_002390_frame_or_metadata_only,+236-002-861+
2074.1,L-131,Lothal,TAG,-,-,236,236,236,861,861,<NOT_002390>,<NOT_002390>,<NOT_002390>,no,not_in_002390_frame_or_metadata_only,+236-002-861+
2076.1,L-133,Lothal,TAG,Bull1,-,<START>,<START>,<START>,861,861,<NOT_002390>,<NOT_002390>,<NOT_002390>,no,not_in_002390_frame_or_metadata_only,]002-861+
2077.1,L-134,Lothal,TAG,-,-,520 233 220 240,240,220 240,617,617,<NOT_002390>,<NOT_002390>,<NOT_002390>,no,not_in_002390_frame_or_metadata_only,+520-233-220-240-002-617+
2078.1,L-136,Lothal,TAG,Bull1,SAN,<START>,<START>,<START>,617,617,<NOT_002390>,<NOT_002390>,<NOT_002390>,no,not_in_002390_frame_or_metadata_only,]002-617+
2079.1,L-137,Lothal,TAG,Bull1,-,000 000,000,000 000,820,820,<NOT_002390>,<NOT_002390>,<NOT_002390>,no,not_in_002390_frame_or_metadata_only,]000-000-002-820+
2080.1,L-138,Lothal,TAG:L,-,-,520 070,070,520 070,000,000,<NOT_002390>,<NOT_002390>,<NOT_002390>,no,not_in_002390_frame_or_metadata_only,+520-070-002-000[
2081.1,L-139,Lothal,TAG,-,-,390 590 032,032,590 032,880,880,<NOT_002390>,<NOT_002390>,<NOT_002390>,no,not_in_002390_frame_or_metadata_only,]390-590-032-002-880[
2087.1,L-145,Lothal,TAG,Bull1,-,390 415,415,390 415,550,550,<NOT_002390>,<NOT_002390>,<NOT_002390>,no,not_in_002390_frame_or_metadata_only,+390-415-002-550+
2093.1,L-161,Lothal,TAG:B,Elep,None,740 048,048,740 048,817,817,<NOT_002390>,<NOT_002390>,<NOT_002390>,no,not_in_002390_frame_or_metadata_only,+740-048-002-817+
2094.1,L-162,Lothal,TAG:B,Elep,None,740 048,048,740 048,817,817,<NOT_002390>,<NOT_002390>,<NOT_002390>,no,not_in_002390_frame_or_metadata_only,+740-048-002-817+
2095.1,L-163,Lothal,TAG:B,Elep,None,740 048,048,740 048,817,817,<NOT_002390>,<NOT_002390>,<NOT_002390>,no,not_in_002390_frame_or_metadata_only,+740-048-002-817+
2096.1,L-164,Lothal,TAG:B,Elep,None,740 048,048,740 048,817,817,<NOT_002390>,<NOT_002390>,<NOT_002390>,no,not_in_002390_frame_or_metadata_only,+740-048-002-817+
2097.1,L-165,Lothal,TAG:B,Elep,None,740 048,048,740 048,817,817,<NOT_002390>,<NOT_002390>,<NOT_002390>,no,not_in_002390_frame_or_metadata_only,+740-048-002-817+
2098.1,L-166,Lothal,TAG:B,Elep,None,740 048,048,740 048,817,817,<NOT_002390>,<NOT_002390>,<NOT_002390>,no,not_in_002390_frame_or_metadata_only,+740-048-002-817+
2099.1,L-167,Lothal,TAG:B,Elep,None,740 048,048,740 048,817,817,<NOT_002390>,<NOT_002390>,<NOT_002390>,no,not_in_002390_frame_or_metadata_only,+740-048-002-817+
2100.1,L-168,Lothal,TAG:B,Elep,None,740 048,048,740 048,817,817,<NOT_002390>,<NOT_002390>,<NOT_002390>,no,not_in_002390_frame_or_metadata_only,+740-048-002-817+
2101.1,L-169,Lothal,TAG:B,Elep,None,740 048,048,740 048,817,817,<NOT_002390>,<NOT_002390>,<NOT_002390>,no,not_in_002390_frame_or_metadata_only,+740-048-002-817+
2102.1,L-170,Lothal,TAG:B,Elep,None,740 048,048,740 048,817,817,<NOT_002390>,<NOT_002390>,<NOT_002390>,no,not_in_002390_frame_or_metadata_only,+740-048-002-817+
2107.1,L-183,Lothal,TAG,-,-,717 705,705,717 705,<END>,<END>,<NOT_002390>,<NOT_002390>,<NOT_002390>,no,not_in_002390_frame_or_metadata_only,]717-705-002[
2112.2,L-190,Lothal,TAG,-,-,000 000 000,000,000 000,920,920 317,<NOT_002390>,<NOT_002390>,<NOT_002390>,no,not_in_002390_frame_or_metadata_only,+000-000-000-002-920-317[
2113.2,L-191,Lothal,TAG,-,-,235,235,235,861,861,<NOT_002390>,<NOT_002390>,<NOT_002390>,no,not_in_002390_frame_or_metadata_only,]235-002-861+
2116.1,L-196,Lothal,TAG,-,-,390 590 032,032,590 032,000,000,<NOT_002390>,<NOT_002390>,<NOT_002390>,no,not_in_002390_frame_or_metadata_only,]390-590-032-002-000[
2116.2,L-196,Lothal,TAG,-,-,<START>,<START>,<START>,861,861,<NOT_002390>,<NOT_002390>,<NOT_002390>,no,not_in_002390_frame_or_metadata_only,]002-861+
2118.2,L-198,Lothal,TAG,-,-,740 390 590 032,032,590 032,000,000,<NOT_002390>,<NOT_002390>,<NOT_002390>,no,not_in_002390_frame_or_metadata_only,+740-390-590-032-002-000[
2119.1,L-199,Lothal,TAG,-,-,000 220 240,240,220 240,000,000,<NOT_002390>,<NOT_002390>,<NOT_002390>,no,not_in_002390_frame_or_metadata_only,]000-220-240-002-000[
2122.2,L-202,Lothal,TAG,-,-,236,236,236,861,861,<NOT_002390>,<NOT_002390>,<NOT_002390>,no,not_in_002390_frame_or_metadata_only,]236-002-861+
2124.2,L-205,Lothal,TAG,None,None,740 798 803,803,798 803,000,000,<NOT_002390>,<NOT_002390>,<NOT_002390>,no,not_in_002390_frame_or_metadata_only,+740-798-803-002-000[
2126.1,L-207,Lothal,TAG,Bull1,-,740 482,482,740 482,820,820,<NOT_002390>,<NOT_002390>,<NOT_002390>,no,not_in_002390_frame_or_metadata_only,+740-482-002-820+
2127.1,L-208,Lothal,TAG,-,-,000,000,000,000,000,<NOT_002390>,<NOT_002390>,<NOT_002390>,no,not_in_002390_frame_or_metadata_only,]000-002-000[
2127.2,L-208,Lothal,TAG,-,-,234 220,220,234 220,820,820,<NOT_002390>,<NOT_002390>,<NOT_002390>,no,not_in_002390_frame_or_metadata_only,]234-220-002-820[
2129.2,L-211,Lothal,TAG,Bull,-,740 388 233 220,220,233 220,000,000,<NOT_002390>,<NOT_002390>,<NOT_002390>,no,not_in_002390_frame_or_metadata_only,+740-388-233-220-002-000[
2131.1,L-213,Lothal,TAG,-,-,220,220,220,368,368 840 900,<NOT_002390>,<NOT_002390>,<NOT_002390>,no,not_in_002390_frame_or_metadata_only,]220-002-368-840-900+
2142.1,L-226,Lothal,POT:T:g,-,-,000 495,495,000 495,861,861,<NOT_002390>,<NOT_002390>,<NOT_002390>,no,not_in_002390_frame_or_metadata_only,]000-495-002-861+
2165.2,M-2060,Mohenjo-daro,POT:T:g,None,None,740 176,176,740 176,861,861,<NOT_002390>,<NOT_002390>,<NOT_002390>,no,not_in_002390_frame_or_metadata_only,+740-176-002-861+
2168.1,M-1642,Mohenjo-daro,BNGL,None,None,<START>,<START>,<START>,<END>,<END>,<NOT_002390>,<NOT_002390>,<NOT_002390>,no,not_in_002390_frame_or_metadata_only,+002+
2170.1,-,Mohenjo-daro,BNGL,None,None,064,064,064,<END>,<END>,<NOT_002390>,<NOT_002390>,<NOT_002390>,no,not_in_002390_frame_or_metadata_only,+064-002+
2171.1,-,Mohenjo-daro,BNGL,None,None,920 130 511 000,000,511 000,<END>,<END>,<NOT_002390>,<NOT_002390>,<NOT_002390>,no,not_in_002390_frame_or_metadata_only,+920-130-511-000-002+
2178.1,M-1696,Mohenjo-daro,SEAL:S,Bull1:II,SAN,520 033 705 220 415,415,220 415,861,861,<NOT_002390>,<NOT_002390>,<NOT_002390>,no,not_in_002390_frame_or_metadata_only,+520-033-705-220-415-002-861+
2179.1,M-1880,Mohenjo-daro,SEAL:S,Gaur,Trough,151 176,176,151 176,861,861,<NOT_002390>,<NOT_002390>,<NOT_002390>,no,not_in_002390_frame_or_metadata_only,+151-176-002-861+
2188.1,M-1850,Mohenjo-daro,SEAL:S,Bull1:S,None,506,506,506,817,817,<NOT_002390>,<NOT_002390>,<NOT_002390>,no,not_in_002390_frame_or_metadata_only,+506-002-817+
2193.1,M-1766,Mohenjo-daro,SEAL:S,Bull1:W,SAF,740 032 845 240,240,845 240,269,269 892 810 033,<NOT_002390>,<NOT_002390>,<NOT_002390>,no,not_in_002390_frame_or_metadata_only,+740-032-845-240-002-269-892-810-033+
2198.1,M-1895,Mohenjo-daro,SEAL:S,Zebu,-,740 923 000,000,923 000,285,285,<NOT_002390>,<NOT_002390>,<NOT_002390>,no,not_in_002390_frame_or_metadata_only,+740-923-000-002-285+
2202.1,M-2005,Mohenjo-daro,POT:T:g,None,None,808 033,033,808 033,000,000 031,<NOT_002390>,<NOT_002390>,<NOT_002390>,no,not_in_002390_frame_or_metadata_only,+808-033-002-000-031+
2204.1,M-1976,Mohenjo-daro,SEAL:R,None,None,617 142,142,617 142,817,817,<NOT_002390>,<NOT_002390>,<NOT_002390>,no,not_in_002390_frame_or_metadata_only,+617-142-002-817+
2208.1,M-2090,Mohenjo-daro,ROD,Bult,None,<START>,<START>,<START>,861,861 096,<NOT_002390>,<NOT_002390>,<NOT_002390>,no,not_in_002390_frame_or_metadata_only,+002-861-096[
2213.1,M-235,Mohenjo-daro,SEAL:S,Gaur,Trough,368 001 550 740 543 350,350,543 350,820,820,<NOT_002390>,<NOT_002390>,<NOT_002390>,no,not_in_002390_frame_or_metadata_only,+368-001-550/740-543-350-002-820+
2220.1,M-1675,Mohenjo-daro,SEAL:S,Bull1:W,RBF,621 390 844,844,390 844,820,820,<NOT_002390>,<NOT_002390>,<NOT_002390>,no,not_in_002390_frame_or_metadata_only,+621-390-844-002-820+
2224.1,M-1676,Mohenjo-daro,SEAL:S,Bull1:S,-,740 760 070 255 832 240,240,832 240,595,595 504 803,<NOT_002390>,<NOT_002390>,<NOT_002390>,no,not_in_002390_frame_or_metadata_only,+740-760-070-255-832-240-002-595-504-803+
2226.1,M-1692,Mohenjo-daro,SEAL:S,Bull1:L,SAN,390 600 617,617,600 617,190,190 125 632 032,<NOT_002390>,<NOT_002390>,<NOT_002390>,no,not_in_002390_frame_or_metadata_only,+390-600-617-002-190-125-632-032+
2228.1,M-1697,Mohenjo-daro,SEAL:S,Bull1:W,SAF,390 003,003,390 003,861,861,<NOT_002390>,<NOT_002390>,<NOT_002390>,no,not_in_002390_frame_or_metadata_only,+390-003-002-861+
2229.1,M-1737,Mohenjo-daro,SEAL:S,Bull1:W,SAN,740 760 072 921 032,032,921 032,820,820,<NOT_002390>,<NOT_002390>,<NOT_002390>,no,not_in_002390_frame_or_metadata_only,+740-760-072-921-032-002-820+
2231.1,M-1688,Mohenjo-daro,SEAL:S,Bull1:S,SAN,125 435 255,255,435 255,286,286 220 031 012 031 455 033 590,<NOT_002390>,<NOT_002390>,<NOT_002390>,no,not_in_002390_frame_or_metadata_only,+125-435-255-002-286-220-031-012-031-455-033-590+
2232.1,M-1916,Mohenjo-daro,SEAL:S,Tigr,Trough,740 604 142,142,604 142,518,518,<NOT_002390>,<NOT_002390>,<NOT_002390>,no,not_in_002390_frame_or_metadata_only,+740-604-142-002-518+
2236.1,M-1677,Mohenjo-daro,SEAL:S,Bull1:W,-,520 382 032,032,382 032,820,820 001 440 012,<NOT_002390>,<NOT_002390>,<NOT_002390>,no,not_in_002390_frame_or_metadata_only,+520-382-032-002-820-001-440-012+
2239.1,M-1778,Mohenjo-daro,SEAL:S,Bull1:I,SAN,000 235,235,000 235,861,861,<NOT_002390>,<NOT_002390>,<NOT_002390>,no,not_in_002390_frame_or_metadata_only,]000-235-002-861+
2240.1,M-1674,Mohenjo-daro,SEAL:S,Bull1:J,RAF,090 740 222 231,231,222 231,861,861 683,<NOT_002390>,<NOT_002390>,<NOT_002390>,no,not_in_002390_frame_or_metadata_only,+090-740-222-231-002-861-683+
2243.1,M-940,Mohenjo-daro,SEAL:S,Bull1:J,SAN,527 555,555,527 555,817,817,<NOT_002390>,<NOT_002390>,<NOT_002390>,no,not_in_002390_frame_or_metadata_only,+527-555-002-817+
2251.1,M-1704,Mohenjo-daro,SEAL:S,Bull1:W,SAN,740 760 605,605,760 605,861,861,<NOT_002390>,<NOT_002390>,<NOT_002390>,no,not_in_002390_frame_or_metadata_only,+740-760-605-002-861+
2255.1,M-1765,Mohenjo-daro,SEAL:S,Bull1:W,SAF,215 031 480 140 632 705,705,632 705,093,093 033,<NOT_002390>,<NOT_002390>,<NOT_002390>,no,not_in_002390_frame_or_metadata_only,+215-031-480-140-632-705-002-093-033+
2256.1,M-1753,Mohenjo-daro,SEAL:S,Bull1:L,SAN,740 760 519 240,240,519 240,861,861,<NOT_002390>,<NOT_002390>,<NOT_002390>,no,not_in_002390_frame_or_metadata_only,+740-760-519-240-002-861+
2257.1,M-656,Mohenjo-daro,SEAL:S,Bull1,SA?,000 920 705 803,803,705 803,861,861,<NOT_002390>,<NOT_002390>,<NOT_002390>,no,not_in_002390_frame_or_metadata_only,]000-920-705-803-002-861+
2258.1,-,Mohenjo-daro,SEAL:L,None,None,000 000 000,000,000 000,000,000,<NOT_002390>,<NOT_002390>,<NOT_002390>,no,not_in_002390_frame_or_metadata_only,+000-000-000-002-000+
2261.1,M-1721,Mohenjo-daro,SEAL:S,Bull1:W,SAN,740 042,042,740 042,820,820,<NOT_002390>,<NOT_002390>,<NOT_002390>,no,not_in_002390_frame_or_metadata_only,+740-042-002-820+
2263.1,M-963,Mohenjo-daro,SEAL:S,Bull1:S,SAN,740 176,176,740 176,817,817,<NOT_002390>,<NOT_002390>,<NOT_002390>,no,not_in_002390_frame_or_metadata_only,+740-176-002-817+
2268.1,M-1709,Mohenjo-daro,SEAL:S,Bull1:S,RAF,621 520 220,220,520 220,817,817,<NOT_002390>,<NOT_002390>,<NOT_002390>,no,not_in_002390_frame_or_metadata_only,+621-520-220-002-817+
2270.1,M-1668,Mohenjo-daro,SEAL:S,Bull1:S,SAN,740 773 233 803,803,233 803,320,320 705 125,<NOT_002390>,<NOT_002390>,<NOT_002390>,no,not_in_002390_frame_or_metadata_only,+740-773-233-803-002-320-705-125+
2274.1,M-1860,Mohenjo-daro,SEAL:S,Bull1,S,231,231,231,861,861,<NOT_002390>,<NOT_002390>,<NOT_002390>,no,not_in_002390_frame_or_metadata_only,]231-002-861+
2276.1,M-1726,Mohenjo-daro,SEAL:S,Bull1:W,SAN,740 615 495 240,240,495 240,861,861,<NOT_002390>,<NOT_002390>,<NOT_002390>,no,not_in_002390_frame_or_metadata_only,+740-615-495-240-002-861+
2277.1,M-1990,Mohenjo-daro,SEAL,None,None,740 760 440 240 220,220,240 220,861,861,<NOT_002390>,<NOT_002390>,<NOT_002390>,no,not_in_002390_frame_or_metadata_only,+740-760-440-240-220-002-861+
2278.1,M-1974,Mohenjo-daro,SEAL:R,None,None,064 031 400 521,521,400 521,820,820,<NOT_002390>,<NOT_002390>,<NOT_002390>,no,not_in_002390_frame_or_metadata_only,+064-031-400-521-002-820+
2283.1,M-1746,Mohenjo-daro,SEAL:S,Bull1:S,SAN,090 740 100 415 240,240,415 240,817,817,<NOT_002390>,<NOT_002390>,<NOT_002390>,no,not_in_002390_frame_or_metadata_only,+090-740-100-415-240-002-817+
2290.1,M-1791,Mohenjo-daro,SEAL:S,Bull1:J,RAF,740 760 268,268,760 268,840,840 032,<NOT_002390>,<NOT_002390>,<NOT_002390>,no,not_in_002390_frame_or_metadata_only,+740-760-268-002-840-032+
2292.1,M-1706,Mohenjo-daro,SEAL:S,Bull1:I,SAN,740 803 220 032 220,220,032 220,820,820,<NOT_002390>,<NOT_002390>,<NOT_002390>,no,not_in_002390_frame_or_metadata_only,+740-803-220-032-220-002-820+
2296.1,M-1711,Mohenjo-daro,SEAL:S,Bull1:W,RAF,740 760 049,049,760 049,817,817,<NOT_002390>,<NOT_002390>,<NOT_002390>,no,not_in_002390_frame_or_metadata_only,+740-760-049-002-817+
2297.1,M-1772,Mohenjo-daro,SEAL:S,Bull1:I,SAF,740 400 142 061,061,142 061,798,798 435 255 705,<NOT_002390>,<NOT_002390>,<NOT_002390>,no,not_in_002390_frame_or_metadata_only,+740-400-142-061-002-798-435-255-705+
2299.1,M-1708,Mohenjo-daro,SEAL:S,Bull1:I,RAN,740 585 017,017,585 017,817,817,<NOT_002390>,<NOT_002390>,<NOT_002390>,no,not_in_002390_frame_or_metadata_only,+740-585-017-002-817+
2301.1,-,Mohenjo-daro,ROD,None,None,000 000 122 003,003,122 003,000,000,<NOT_002390>,<NOT_002390>,<NOT_002390>,no,not_in_002390_frame_or_metadata_only,+000-000-122-003-002-000+
2310.1,M-1810,Mohenjo-daro,SEAL:S,Bull1:J,SAN,740 100 140 003,003,140 003,156,156 920,<NOT_002390>,<NOT_002390>,<NOT_002390>,no,not_in_002390_frame_or_metadata_only,+740-100-140-003-002-156-920+
2311.1,M-1832,Mohenjo-daro,SEAL:S,Bull1,?,527 554 031,031,554 031,000,000,<NOT_002390>,<NOT_002390>,<NOT_002390>,no,not_in_002390_frame_or_metadata_only,+527-554-031-002-000+
2313.1,M-1763,Mohenjo-daro,SEAL:S,Bull1:W,SAN,416 001 565 740 220 032,032,220 032,861,861,<NOT_002390>,<NOT_002390>,<NOT_002390>,no,not_in_002390_frame_or_metadata_only,+416-001-565-740-220-032-002-861+
2315.1,M-1783,Mohenjo-daro,SEAL:S,Bull1,?,520 442 425 003,003,425 003,000,000 215,<NOT_002390>,<NOT_002390>,<NOT_002390>,no,not_in_002390_frame_or_metadata_only,+520-442/425-003-002-000-215+
2318.1,M-2089,Mohenjo-daro,ROD,None,None,<START>,<START>,<START>,861,861 096,<NOT_002390>,<NOT_002390>,<NOT_002390>,no,not_in_002390_frame_or_metadata_only,+002-861-096+
2323.1,M-1755,Mohenjo-daro,SEAL:S,Bull1:L,SAN,740 176,176,740 176,861,861,<NOT_002390>,<NOT_002390>,<NOT_002390>,no,not_in_002390_frame_or_metadata_only,+740-176-002-861+
2326.1,M-1967,Mohenjo-daro,SEAL:R,None,None,520 033 705,705,033 705,585,585,<NOT_002390>,<NOT_002390>,<NOT_002390>,no,not_in_002390_frame_or_metadata_only,+520-033-705-002-585[
2338.1,M-1955,Mohenjo-daro,SEAL:R,None,None,390 920 322 803,803,322 803,820,820,<NOT_002390>,<NOT_002390>,<NOT_002390>,no,not_in_002390_frame_or_metadata_only,+390-920-322-803-002-820+
2341.1,M-1914,Mohenjo-daro,SEAL:S,Elep,None,000 832,832,000 832,817,817,<NOT_002390>,<NOT_002390>,<NOT_002390>,no,not_in_002390_frame_or_metadata_only,]000-832-002-817+
2342.1,M-1661,Mohenjo-daro,SEAL:S,Bull1:W,SAN,520 070 219,219,070 219,861,861 032 520 919 140,<NOT_002390>,<NOT_002390>,<NOT_002390>,no,not_in_002390_frame_or_metadata_only,+520-070-219-002-861-032-520-919-140+
2350.1,M-1899,Mohenjo-daro,SEAL:S,Zebu,None,924 132,132,924 132,861,861,<NOT_002390>,<NOT_002390>,<NOT_002390>,no,not_in_002390_frame_or_metadata_only,+924-132-002-861+
2357.3,M-1928,Mohenjo-daro,SEAL:S,Buff,Trough,000 233 220,220,233 220,861,861,<NOT_002390>,<NOT_002390>,<NOT_002390>,no,not_in_002390_frame_or_metadata_only,+000-233-220-002-861+
2359.1,M-1693,Mohenjo-daro,SEAL:S,Bull1,SAN,527 555 033 706 235,235,706 235,817,817,<NOT_002390>,<NOT_002390>,<NOT_002390>,no,not_in_002390_frame_or_metadata_only,+527-555-033-706-235-002-817+
2366.1,M-1789,Mohenjo-daro,SEAL:S,Bull1:I,RAF,740 455,455,740 455,368,368 260,<NOT_002390>,<NOT_002390>,<NOT_002390>,no,not_in_002390_frame_or_metadata_only,+740-455-002-368-260+
2374.1,M-1733,Mohenjo-daro,SEAL:S,Bull1:S,SAN,000,000,000,735,735,<NOT_002390>,<NOT_002390>,<NOT_002390>,no,not_in_002390_frame_or_metadata_only,]000-002-735+
2375.1,M-1759,Mohenjo-daro,SEAL:S,Bull1:S,SAN,740 032 840,840,032 840,768,768,<NOT_002390>,<NOT_002390>,<NOT_002390>,no,not_in_002390_frame_or_metadata_only,+740-032-840-002-768+
2376.1,M-1842,Mohenjo-daro,SEAL:S,Bull1,RBF,520 000 235,235,000 235,861,861,<NOT_002390>,<NOT_002390>,<NOT_002390>,no,not_in_002390_frame_or_metadata_only,+520-000-235-002-861+
2379.1,M-1960,Mohenjo-daro,SEAL:R,None,None,740 000 000,000,000 000,820,820,<NOT_002390>,<NOT_002390>,<NOT_002390>,no,not_in_002390_frame_or_metadata_only,+740-000-000-002-820+
2381.1,M-1686,Mohenjo-daro,SEAL:S,Bull1:W,SAN,740 904 220 032,032,220 032,142,142,<NOT_002390>,<NOT_002390>,<NOT_002390>,no,not_in_002390_frame_or_metadata_only,+740-904-220-032-002-142+
2386.1,M-1729,Mohenjo-daro,SEAL:S,Bull1:W,SAN,390 003,003,390 003,820,820,<NOT_002390>,<NOT_002390>,<NOT_002390>,no,not_in_002390_frame_or_metadata_only,+390-003-002-820+
2388.1,-,Mohenjo-daro,SEAL:S,Bull1:S,RAN,740 637 240,240,637 240,861,861,<NOT_002390>,<NOT_002390>,<NOT_002390>,no,not_in_002390_frame_or_metadata_only,+740-637-240-002-861+
2389.1,M-1681,Mohenjo-daro,SEAL:S,Bull1:W,SAN,520 072 233 740 798,798,740 798,861,861 832,<NOT_002390>,<NOT_002390>,<NOT_002390>,no,not_in_002390_frame_or_metadata_only,+520-072-233-740-798-002-861-832+
2393.1,M-1745,Mohenjo-daro,SEAL:S,Bull1:L,SAN,368 821 055 031,031,055 031,031,031 892,<NOT_002390>,<NOT_002390>,<NOT_002390>,no,not_in_002390_frame_or_metadata_only,+368-821-055-031-002-031-892+
2397.1,M-1927,Mohenjo-daro,SEAL:S,Mult,None,390 005,005,390 005,817,817,<NOT_002390>,<NOT_002390>,<NOT_002390>,no,not_in_002390_frame_or_metadata_only,+390-005-002-817+
2397.2,M-1927,Mohenjo-daro,SEAL:S,Mult,None,000 005,005,000 005,817,817,<NOT_002390>,<NOT_002390>,<NOT_002390>,no,not_in_002390_frame_or_metadata_only,]000-005-002-817+
2398.1,M-1883,Mohenjo-daro,SEAL:S,Gaur,Trough,090 740 035 171 061 031,031,061 031,069,069,<NOT_002390>,<NOT_002390>,<NOT_002390>,no,not_in_002390_frame_or_metadata_only,+090-740-035-171-061-031-002-069+
2399.1,M-1787,Mohenjo-daro,SEAL:S,Bull1:I,RAN,740 061,061,740 061,703,703 000,<NOT_002390>,<NOT_002390>,<NOT_002390>,no,not_in_002390_frame_or_metadata_only,+740-061-002-703-000+
2402.1,M-1901,Mohenjo-daro,SEAL:S,Zebu,None,151 061 156,156,061 156,252,252 692,<NOT_002390>,<NOT_002390>,<NOT_002390>,no,not_in_002390_frame_or_metadata_only,+151-061/156-002-252-692+
2409.1,M-1911,Mohenjo-daro,SEAL:S,Rhin,None,621 390 531,531,390 531,820,820,<NOT_002390>,<NOT_002390>,<NOT_002390>,no,not_in_002390_frame_or_metadata_only,+621-390-531-002-820+
2417.1,M-1728,Mohenjo-daro,SEAL:S,Bull1:W,SAN,161 055 240 220 032,032,220 032,820,820,<NOT_002390>,<NOT_002390>,<NOT_002390>,no,not_in_002390_frame_or_metadata_only,+161-055-240-220-032-002-820+
2418.1,M-1844,Mohenjo-daro,SEAL:S,Bull1:U,SAN,390 004,004,390 004,817,817,<NOT_002390>,<NOT_002390>,<NOT_002390>,no,not_in_002390_frame_or_metadata_only,+390-004-002-817+
2421.1,M-2129,Mohenjo-daro,IMPL,None,None,898 017 645,645,017 645,817,817,<NOT_002390>,<NOT_002390>,<NOT_002390>,no,not_in_002390_frame_or_metadata_only,+898-017-645-002-817+
2422.1,M-1954,Mohenjo-daro,SEAL:R,None,None,740 407 590 031 752 033 705 220 415 798,798,415 798,861,861,<NOT_002390>,<NOT_002390>,<NOT_002390>,no,not_in_002390_frame_or_metadata_only,+740-407-590-031-752-033-705-220-415-798-002-861+
2430.1,M-1872,Mohenjo-daro,SEAL,-,-,904 220 032,032,220 032,<END>,<END>,<NOT_002390>,<NOT_002390>,<NOT_002390>,no,not_in_002390_frame_or_metadata_only,]904-220-032-002[
2435.1,M-1830,Mohenjo-daro,SEAL:S,Bull1:X,SAN,740 388,388,740 388,820,820,<NOT_002390>,<NOT_002390>,<NOT_002390>,no,not_in_002390_frame_or_metadata_only,+740-388-002-820+
2438.1,M-1913,Mohenjo-daro,SEAL:S,Elep,None,416,416,416,817,817,<NOT_002390>,<NOT_002390>,<NOT_002390>,no,not_in_002390_frame_or_metadata_only,]416-002-817+
2450.1,M-1750,Mohenjo-daro,SEAL:S,Bull1:W,SAN,390 004,004,390 004,861,861,<NOT_002390>,<NOT_002390>,<NOT_002390>,no,not_in_002390_frame_or_metadata_only,+390-004-002-861+
2453.1,M-984,Mohenjo-daro,SEAL:S,Bull1,-,390 004,004,390 004,817,817,<NOT_002390>,<NOT_002390>,<NOT_002390>,no,not_in_002390_frame_or_metadata_only,+390-004-002-817+
2457.1,M-1752,Mohenjo-daro,SEAL:S,Bull1:S,SAN,740 760 019,019,760 019,817,817,<NOT_002390>,<NOT_002390>,<NOT_002390>,no,not_in_002390_frame_or_metadata_only,+740-760-019-002-817+
2464.1,M-595,Mohenjo-daro,SEAL:S,Bull1:W,SAN,740 100 415 176,176,415 176,820,820,<NOT_002390>,<NOT_002390>,<NOT_002390>,no,not_in_002390_frame_or_metadata_only,+740-100-415-176-002-820+
2473.1,M-1665,Mohenjo-daro,SEAL:S,Bull1:W,SAN,520 033 705 233 240,240,233 240,610,610 125 032,<NOT_002390>,<NOT_002390>,<NOT_002390>,no,not_in_002390_frame_or_metadata_only,+520-033-705-233-240-002-610-125-032+
2477.1,-,Mohenjo-daro,BNGL,None,None,000 100 140,140,100 140,<END>,<END>,<NOT_002390>,<NOT_002390>,<NOT_002390>,no,not_in_002390_frame_or_metadata_only,+000-100-140-002+
2482.1,M-1907,Mohenjo-daro,SEAL:S,Rhin,Trough,390 005,005,390 005,455,455 511,<NOT_002390>,<NOT_002390>,<NOT_002390>,no,not_in_002390_frame_or_metadata_only,+390-005-002-455-511+
2489.1,-,Dholavira,SEAL:S,Bull1:V,SAN,740 390 590,590,390 590,817,817,<NOT_002390>,<NOT_002390>,<NOT_002390>,no,not_in_002390_frame_or_metadata_only,+740-390-590-002-817+
2490.1,M-1667,Mohenjo-daro,SEAL:S,Bull1:W,SAN,740 690 435 255 220 032,032,220 032,717,717 820,<NOT_002390>,<NOT_002390>,<NOT_002390>,no,not_in_002390_frame_or_metadata_only,+740-690-435-255-220-032-002-717-820+
2504.1,H-167,Harappa,TAG,None,None,000 000 000 000,000,000 000,000,000,<NOT_002390>,<NOT_002390>,<NOT_002390>,no,not_in_002390_frame_or_metadata_only,+000-000-000-000-002-000+
2506.1,M-1716,Mohenjo-daro,SEAL:S,Bull1:W,RAF,520 220 240 803,803,240 803,820,820,<NOT_002390>,<NOT_002390>,<NOT_002390>,no,not_in_002390_frame_or_metadata_only,+520-220-240-803-002-820+
2509.1,M-1833,Mohenjo-daro,SEAL:S,Bull1:S,RAN,390 015,015,390 015,861,861,<NOT_002390>,<NOT_002390>,<NOT_002390>,no,not_in_002390_frame_or_metadata_only,+390-015-002-861+
2510.1,M-1884,Mohenjo-daro,SEAL:S,Gaur,Trough,520 220 016,016,220 016,416,416 000,<NOT_002390>,<NOT_002390>,<NOT_002390>,no,not_in_002390_frame_or_metadata_only,+520-220-016-002-416-000+
2515.1,M-1851,Mohenjo-daro,SEAL:S,Bull1,RAN,832 390 032 000 032 740,740,032 740,820,820,<NOT_002390>,<NOT_002390>,<NOT_002390>,no,not_in_002390_frame_or_metadata_only,+832-390-032/000-032-740-002-820+
2526.1,M-1662,Mohenjo-daro,SEAL:S,Bull1:W,SAF,520 033 706 233,233,706 233,817,817 192 000,<NOT_002390>,<NOT_002390>,<NOT_002390>,no,not_in_002390_frame_or_metadata_only,+520-033-706-233-002-817-192-000+
2528.1,M-1961,Mohenjo-daro,SEAL,-,-,406 072,072,406 072,817,817,<NOT_002390>,<NOT_002390>,<NOT_002390>,no,not_in_002390_frame_or_metadata_only,+406-072-002-817+
2533.1,M-4,Mohenjo-daro,SEAL:S,Bull1:W,SAF,298 465 033 705 231,231,705 231,564,564 617 033,<NOT_002390>,<NOT_002390>,<NOT_002390>,no,not_in_002390_frame_or_metadata_only,+298-465-033-705-231-002-564-617-033+
2536.1,M-7,Mohenjo-daro,SEAL:S,Bull1:W,SAN,407 845 140 740 101 923 240,240,923 240,861,861,<NOT_002390>,<NOT_002390>,<NOT_002390>,no,not_in_002390_frame_or_metadata_only,+407-845-140-740-101-923-240-002-861+
2539.1,M-10,Mohenjo-daro,SEAL:S,Bull1:W,-,405 061 070 032 033 706 235 806,806,235 806,267,267 455,<NOT_002390>,<NOT_002390>,<NOT_002390>,no,not_in_002390_frame_or_metadata_only,+405-061-070-032-033-706-235-806-002-267-455+
2540.1,M-12,Mohenjo-daro,SEAL:S,Bull1:W,SAN,740 390 590 233,233,590 233,368,368 202 892 371,<NOT_002390>,<NOT_002390>,<NOT_002390>,no,not_in_002390_frame_or_metadata_only,+740-390-590-233-002-368-202-892-371+
2542.1,M-14,Mohenjo-daro,SEAL:S,Bull1:W,SAN,740 776 503,503,776 503,817,817,<NOT_002390>,<NOT_002390>,<NOT_002390>,no,not_in_002390_frame_or_metadata_only,+740-776-503-002-817+
2543.1,M-15,Mohenjo-daro,SEAL:S,Bull1:W,SAN,090 740 176,176,740 176,861,861,<NOT_002390>,<NOT_002390>,<NOT_002390>,no,not_in_002390_frame_or_metadata_only,+090-740-176-002-861+
2545.1,M-17,Mohenjo-daro,SEAL:S,Bull1:W,SAF,390 016,016,390 016,814,814 560,<NOT_002390>,<NOT_002390>,<NOT_002390>,no,not_in_002390_frame_or_metadata_only,+390-016-002-814-560+
2547.1,M-19,Mohenjo-daro,SEAL:S,Bull1:W,SAF,000 000,000,000 000,861,861,<NOT_002390>,<NOT_002390>,<NOT_002390>,no,not_in_002390_frame_or_metadata_only,]000-000-002-861+
2548.1,M-20,Mohenjo-daro,SEAL:S,Bull1:W,SAF,390 005,005,390 005,861,861 036 460 513,<NOT_002390>,<NOT_002390>,<NOT_002390>,no,not_in_002390_frame_or_metadata_only,+390-005-002-861-036-460-513+
2549.1,M-21,Mohenjo-daro,SEAL:S,Bull1:W,SAN,350 001 740 362 692 032,032,692 032,861,861,<NOT_002390>,<NOT_002390>,<NOT_002390>,no,not_in_002390_frame_or_metadata_only,+350-001-740-362-692-032-002-861+
2552.1,M-24,Mohenjo-daro,SEAL:S,Bull1:W,HAF,090 740 240 235,235,240 235,906,906 140,<NOT_002390>,<NOT_002390>,<NOT_002390>,no,not_in_002390_frame_or_metadata_only,+090-740-240-235-002-906-140+
2556.1,M-28,Mohenjo-daro,SEAL:S,Bull1:W,SAN,892 374 740 760 840 416,416,840 416,861,861,<NOT_002390>,<NOT_002390>,<NOT_002390>,no,not_in_002390_frame_or_metadata_only,+892-374-740-760-840-416-002-861+
2557.1,M-29,Mohenjo-daro,SEAL:S,Bull1:W,SAN,740 055 240 235 806,806,235 806,220,220 455 503,<NOT_002390>,<NOT_002390>,<NOT_002390>,no,not_in_002390_frame_or_metadata_only,+740-055-240-235-806-002-220-455-503+
2560.1,M-32,Mohenjo-daro,SEAL:S,Bull1:J,SAN,390 003,003,390 003,817,817,<NOT_002390>,<NOT_002390>,<NOT_002390>,no,not_in_002390_frame_or_metadata_only,+390-003-002-817+
2561.1,M-33,Mohenjo-daro,SEAL:S,Bull1:W,SAN,740 032 923 382 233,233,382 233,112,112,<NOT_002390>,<NOT_002390>,<NOT_002390>,no,not_in_002390_frame_or_metadata_only,+740-032-923-382-233-002-112+
2562.1,M-34,Mohenjo-daro,SEAL:S,Bull1:W,SAN,740 336 176,176,336 176,405,405 372 374,<NOT_002390>,<NOT_002390>,<NOT_002390>,no,not_in_002390_frame_or_metadata_only,+740-336-176-002-405-372-374+
2563.1,M-35,Mohenjo-daro,SEAL:S,Bull1:W,SAN,740 390 590 233 231,231,233 231,107,107,<NOT_002390>,<NOT_002390>,<NOT_002390>,no,not_in_002390_frame_or_metadata_only,+740-390-590-233-231-002-107+
2564.1,M-36,Mohenjo-daro,SEAL:S,Bull1:S,SAN,740 794 630 220 032,032,220 032,368,368 906 329,<NOT_002390>,<NOT_002390>,<NOT_002390>,no,not_in_002390_frame_or_metadata_only,+740-794-630-220-032-002-368-906-329+
2566.1,M-38,Mohenjo-daro,SEAL:S,Bull1:J,SAN,740 690 435 255 220 032 240 235,235,240 235,390,390 125 632 032,125,632 032,no,yes,metadata_only_unbound,+740-690-435-255-220-032-240-235-002-390-125-632-032+
2568.1,M-40,Mohenjo-daro,SEAL:S,Bull1:J,SAN,391,391,391,527,527 475 005,<NOT_002390>,<NOT_002390>,<NOT_002390>,no,not_in_002390_frame_or_metadata_only,+391-002-527-475-005+
2569.1,M-41,Mohenjo-daro,SEAL:S,Bull1:W,SAN,740 636 240 233 235,235,233 235,405,405 125 820,<NOT_002390>,<NOT_002390>,<NOT_002390>,no,not_in_002390_frame_or_metadata_only,+740-636-240-233-235-002-405-125-820+
2570.1,M-42,Mohenjo-daro,SEAL:S,Bull1:S,SAN,527 550 240,240,550 240,817,817,<NOT_002390>,<NOT_002390>,<NOT_002390>,no,not_in_002390_frame_or_metadata_only,+527-550-240-002-817+
2571.1,M-43,Mohenjo-daro,SEAL:S,Bull1:W,SAN,740 798 231,231,798 231,055,055 373,<NOT_002390>,<NOT_002390>,<NOT_002390>,no,not_in_002390_frame_or_metadata_only,+740-798-231-002-055-373+
2572.1,M-44,Mohenjo-daro,SEAL:S,Bull1:W,SAF,740 760 033 705 803,803,705 803,920,920 317,<NOT_002390>,<NOT_002390>,<NOT_002390>,no,not_in_002390_frame_or_metadata_only,+740-760-033-705-803-002-920-317+
2574.1,M-46,Mohenjo-daro,SEAL:S,Bull1:W,SAN,740 798 240 235,235,240 235,220,220 065 215,<NOT_002390>,<NOT_002390>,<NOT_002390>,no,not_in_002390_frame_or_metadata_only,+740-798-240-235-002-220-065-215+
2575.1,M-47,Mohenjo-daro,SEAL:S,Bull1:J,SA,740 760 235,235,760 235,861,861,<NOT_002390>,<NOT_002390>,<NOT_002390>,no,not_in_002390_frame_or_metadata_only,+740-760-235-002-861+
2577.1,M-49,Mohenjo-daro,SEAL:S,Bull1:W,SAN,527 550 240 220 032,032,220 032,300,300 350 032 190,<NOT_002390>,<NOT_002390>,<NOT_002390>,no,not_in_002390_frame_or_metadata_only,+527-550-240-220-032-002-300-350-032-190+
2578.1,M-50,Mohenjo-daro,SEAL:S,Bull1:W,SAN,740 585 017 033 705 240 798,798,240 798,820,820,<NOT_002390>,<NOT_002390>,<NOT_002390>,no,not_in_002390_frame_or_metadata_only,+740-585-017-033-705-240-798-002-820+
2580.1,M-52,Mohenjo-daro,SEAL:S,Bull1:W,SAF,740 904 032 220 415 235 803,803,235 803,504,504 717,<NOT_002390>,<NOT_002390>,<NOT_002390>,no,not_in_002390_frame_or_metadata_only,+740-904-032-220-415-235-803-002-504-717+
2581.1,M-53,Mohenjo-daro,SEAL:S,Bull1:W,SAN,090 740 220 016,016,220 016,297,297 190 920 140,<NOT_002390>,<NOT_002390>,<NOT_002390>,no,not_in_002390_frame_or_metadata_only,+090-740-220-016-002-297-190-920-140+
2582.1,M-54,Mohenjo-daro,SEAL:S,Bull1:W,SAF,236 240 033 705 798,798,705 798,820,820,<NOT_002390>,<NOT_002390>,<NOT_002390>,no,not_in_002390_frame_or_metadata_only,+236-240-033-705-798-002-820+
2585.1,M-57,Mohenjo-daro,SEAL:S,Bull1:W,SAN,226 032 231 798,798,231 798,693,693,<NOT_002390>,<NOT_002390>,<NOT_002390>,no,not_in_002390_frame_or_metadata_only,+226-032-231-798-002-693+
2586.1,M-58,Mohenjo-daro,SEAL:S,Bull1:W,SAN,740 460 503,503,460 503,817,817,<NOT_002390>,<NOT_002390>,<NOT_002390>,no,not_in_002390_frame_or_metadata_only,+740-460-503-002-817+
2594.1,M-66,Mohenjo-daro,SEAL:S,Bull1:J,RBF,740 390 590 235,235,590 235,374,374 309 350,<NOT_002390>,<NOT_002390>,<NOT_002390>,no,not_in_002390_frame_or_metadata_only,+740-390-590-235-002-374-309-350+
2598.1,M-70,Mohenjo-daro,SEAL:S,Bull1:T,SAF,226 032,032,226 032,390,390 692,692,<END>,yes,yes,checkpoint_strict_source_visible,+226-032-002-390-692+
2599.1,M-71,Mohenjo-daro,SEAL:S,Bull1:J,SAN,151 279 142,142,279 142,390,390 095,095,<END>,yes,yes,checkpoint_strict_source_visible,+151-279-142-002-390-095+
2600.1,M-72,Mohenjo-daro,SEAL:S,Bull1:V,None,740 255 705 140 003,003,140 003,861,861,<NOT_002390>,<NOT_002390>,<NOT_002390>,no,not_in_002390_frame_or_metadata_only,+740-255-705-140-003-002-861+
2603.1,M-75,Mohenjo-daro,SEAL:S,Bull1:W,SAN,520 220 004,004,220 004,817,817,<NOT_002390>,<NOT_002390>,<NOT_002390>,no,not_in_002390_frame_or_metadata_only,+520-220-004-002-817+
2604.1,M-77,Mohenjo-daro,SEAL:S,Bull1:W,SAN,832 390 803,803,390 803,861,861,<NOT_002390>,<NOT_002390>,<NOT_002390>,no,not_in_002390_frame_or_metadata_only,+832-390-803-002-861+
2606.1,M-79,Mohenjo-daro,SEAL:S,Bull1:J,SAN,688 740 100 240 233,233,240 233,861,861,<NOT_002390>,<NOT_002390>,<NOT_002390>,no,not_in_002390_frame_or_metadata_only,+688/740-100-240-233-002-861+
2608.1,M-81,Mohenjo-daro,SEAL:S,Bull1:S,SAN,527 555 240,240,555 240,617,617 070,<NOT_002390>,<NOT_002390>,<NOT_002390>,no,not_in_002390_frame_or_metadata_only,+527-555-240-002-617-070+
2609.1,M-82,Mohenjo-daro,SEAL:S,Bull1:I,SAN,740 222,222,740 222,207,207 550 390,<NOT_002390>,<NOT_002390>,<NOT_002390>,no,not_in_002390_frame_or_metadata_only,+740-222-002-207-550-390+
2613.1,M-86,Mohenjo-daro,SEAL:S,Bull1:S,SAN,520 033 705 231,231,705 231,820,820 700,<NOT_002390>,<NOT_002390>,<NOT_002390>,no,not_in_002390_frame_or_metadata_only,+520-033-705-231-002-820-700+
2617.1,M-90,Mohenjo-daro,SEAL:S,Bull1:J,SAN,740 840 013 031,031,013 031,817,817,<NOT_002390>,<NOT_002390>,<NOT_002390>,no,not_in_002390_frame_or_metadata_only,+740-840-013-031-002-817+
2618.1,M-91,Mohenjo-daro,SEAL:S,Bull1:S,SAN,740 100 798 220 032,032,220 032,861,861 255 416,<NOT_002390>,<NOT_002390>,<NOT_002390>,no,not_in_002390_frame_or_metadata_only,+740-100-798-220-032-002-861-255-416+
2619.1,M-92,Mohenjo-daro,SEAL:S,Bull1:S,SAN,740 798 460 350,350,460 350,814,814 084,<NOT_002390>,<NOT_002390>,<NOT_002390>,no,not_in_002390_frame_or_metadata_only,+740-798-460-350-002-814-084+
2622.1,M-95,Mohenjo-daro,SEAL:S,Bull1:S,SAN,390 003,003,390 003,111,111 165,<NOT_002390>,<NOT_002390>,<NOT_002390>,no,not_in_002390_frame_or_metadata_only,+390-003-002-111-165+
2626.1,M-99,Mohenjo-daro,SEAL:S,Bull1:S,SAN,740 215,215,740 215,368,368 119,<NOT_002390>,<NOT_002390>,<NOT_002390>,no,not_in_002390_frame_or_metadata_only,+740-215-002-368-119+
2627.1,M-100,Mohenjo-daro,SEAL:S,Bull1:S,SAN,090 740 255 705,705,255 705,861,861,<NOT_002390>,<NOT_002390>,<NOT_002390>,no,not_in_002390_frame_or_metadata_only,+090-740-255-705-002-861+
2628.1,M-101,Mohenjo-daro,SEAL:S,Bull1:J,SAN,390 503 740 168,168,740 168,817,817,<NOT_002390>,<NOT_002390>,<NOT_002390>,no,not_in_002390_frame_or_metadata_only,+390-503-740-168-002-817+
2630.1,M-103,Mohenjo-daro,SEAL:S,Bull1:W,SAN,390 004,004,390 004,820,820,<NOT_002390>,<NOT_002390>,<NOT_002390>,no,not_in_002390_frame_or_metadata_only,+390-004-002-820+
2633.1,M-106,Mohenjo-daro,SEAL:S,Bull1:J,SAN,740 760 000,000,760 000,000,000 350,<NOT_002390>,<NOT_002390>,<NOT_002390>,no,not_in_002390_frame_or_metadata_only,+740-760-000-002-000-350+
2634.1,M-107,Mohenjo-daro,SEAL:S,Bull1:S,SAN,740 565 233,233,565 233,940,940 260,<NOT_002390>,<NOT_002390>,<NOT_002390>,no,not_in_002390_frame_or_metadata_only,+740-565-233-002-940-260+
2636.1,M-109,Mohenjo-daro,SEAL:S,Bull1:S,SAN,740 879 220 415,415,220 415,287,287 140,<NOT_002390>,<NOT_002390>,<NOT_002390>,no,not_in_002390_frame_or_metadata_only,+740-879-220-415-002-287-140+
2637.1,M-110,Mohenjo-daro,SEAL:S,Bull1:J,SAN,000 000,000,000 000,817,817,<NOT_002390>,<NOT_002390>,<NOT_002390>,no,not_in_002390_frame_or_metadata_only,+000-000-002-817+
2641.1,M-114,Mohenjo-daro,SEAL:S,Bull1:S,SAN,740 760 440,440,760 440,297,297 416,<NOT_002390>,<NOT_002390>,<NOT_002390>,no,not_in_002390_frame_or_metadata_only,+740-760-440-002-297-416+
2642.1,M-115,Mohenjo-daro,SEAL:S,Bull1,SAN,390 844 140 176 803,803,176 803,301,301 190,<NOT_002390>,<NOT_002390>,<NOT_002390>,no,not_in_002390_frame_or_metadata_only,+390-844-140-176-803-002-301-190+
2643.1,M-116,Mohenjo-daro,SEAL:S,Bull1:I,SAN,740 100 176 840 013,013,840 013,817,817,<NOT_002390>,<NOT_002390>,<NOT_002390>,no,not_in_002390_frame_or_metadata_only,+740-100-176-840-013-002-817+
2644.1,M-117,Mohenjo-daro,SEAL:S,Bull1:S,SAN,520 033 705 220 803 055,055,803 055,820,820,<NOT_002390>,<NOT_002390>,<NOT_002390>,no,not_in_002390_frame_or_metadata_only,+520-033-705-220-803-055-002-820+
2645.1,M-118,Mohenjo-daro,SEAL:S,Bull1:W,SAN,740 772 033 705 233 803,803,233 803,861,861,<NOT_002390>,<NOT_002390>,<NOT_002390>,no,not_in_002390_frame_or_metadata_only,+740-772-033-705-233-803-002-861+
2646.1,M-119,Mohenjo-daro,SEAL:S,Bull1:S,SAN,151 337 484,484,337 484,390,390 125 632 032 900 563,125,632 032 900 563,no,yes,checkpoint_strict_source_visible,+151-337-484-002-390-125-632-032-900-563+
2657.1,M-130,Mohenjo-daro,SEAL:S,Bull1:J,SAN,740 094 220 032,032,220 032,144,144,<NOT_002390>,<NOT_002390>,<NOT_002390>,no,not_in_002390_frame_or_metadata_only,+740-094-220-032-002-144+
2667.1,M-140,Mohenjo-daro,SEAL:S,Bull1:S,RAF,740 336,336,740 336,220,220 065 440 455,<NOT_002390>,<NOT_002390>,<NOT_002390>,no,not_in_002390_frame_or_metadata_only,+740-336-002-220-065-440-455+
2668.1,M-141,Mohenjo-daro,SEAL:S,Bull1:J,RAN,817 255 636 000 000 000 240,240,000 240,031,031 000,<NOT_002390>,<NOT_002390>,<NOT_002390>,no,not_in_002390_frame_or_metadata_only,+817-255-636/000-000-000-240-002-031-000+
2669.1,M-142,Mohenjo-daro,SEAL:S,Bull1:J,RAF,136 140,140,136 140,861,861,<NOT_002390>,<NOT_002390>,<NOT_002390>,no,not_in_002390_frame_or_metadata_only,+136-140-002-861+
2670.1,M-143,Mohenjo-daro,SEAL:S,Bull1:J,RAF,740 205 032,032,205 032,252,252 840,<NOT_002390>,<NOT_002390>,<NOT_002390>,no,not_in_002390_frame_or_metadata_only,+740-205-032-002-252-840+
2671.1,M-144,Mohenjo-daro,SEAL:S,Bull1:J,RBN,740 100 415 240,240,415 240,817,817,<NOT_002390>,<NOT_002390>,<NOT_002390>,no,not_in_002390_frame_or_metadata_only,+740-100-415-240-002-817+
2674.1,M-147,Mohenjo-daro,SEAL:S,Bull1:J,RAF,226 803,803,226 803,220,220 455 520,<NOT_002390>,<NOT_002390>,<NOT_002390>,no,not_in_002390_frame_or_metadata_only,+226-803-002-220-455-520+
2679.1,M-152,Mohenjo-daro,SEAL:S,Bull1:J,RAF,740 772,772,740 772,861,861,<NOT_002390>,<NOT_002390>,<NOT_002390>,no,not_in_002390_frame_or_metadata_only,+740-772-002-861+
2681.1,M-154,Mohenjo-daro,SEAL:S,Bull1:J,RBF,520 220 621 415,415,621 415,257,257 898,<NOT_002390>,<NOT_002390>,<NOT_002390>,no,not_in_002390_frame_or_metadata_only,+520-220-621-415-002-257-898+
2686.1,M-160,Mohenjo-daro,SEAL:S,Bull1:W,SAN,151 243 031,031,243 031,820,820 741,<NOT_002390>,<NOT_002390>,<NOT_002390>,no,not_in_002390_frame_or_metadata_only,+151-243-031-002-820-741+
2690.1,M-164,Mohenjo-daro,SEAL:S,Bull1:X,SAN,740 142 061,061,142 061,817,817,<NOT_002390>,<NOT_002390>,<NOT_002390>,no,not_in_002390_frame_or_metadata_only,+740-142-061-002-817+
2691.1,M-166,Mohenjo-daro,SEAL:S,Bull1:I,SAN,390 844 240 806,806,240 806,861,861,<NOT_002390>,<NOT_002390>,<NOT_002390>,no,not_in_002390_frame_or_metadata_only,+390-844-240-806-002-861+
2699.1,M-174,Mohenjo-daro,SEAL:S,Bull1:T,SAN,740 923 220 032,032,220 032,820,820,<NOT_002390>,<NOT_002390>,<NOT_002390>,no,not_in_002390_frame_or_metadata_only,+740-923-220-032-002-820+
2700.1,M-175,Mohenjo-daro,SEAL:S,Bull1,-,<START>,<START>,<START>,861,861,<NOT_002390>,<NOT_002390>,<NOT_002390>,no,not_in_002390_frame_or_metadata_only,]002-861+
2702.1,M-177,Mohenjo-daro,SEAL:S,Bull1:S,SAN,390 003,003,390 003,803,803,<NOT_002390>,<NOT_002390>,<NOT_002390>,no,not_in_002390_frame_or_metadata_only,+390-003-002-803+
2707.1,M-181,Mohenjo-daro,SEAL:S,Bull1:J,SAN,520 175,175,520 175,295,295 502,<NOT_002390>,<NOT_002390>,<NOT_002390>,no,not_in_002390_frame_or_metadata_only,+520-175-002-295-502+
2723.1,M-198,Mohenjo-daro,SEAL:S,Bull1:W,SAN,740 760 840 552,552,840 552,817,817,<NOT_002390>,<NOT_002390>,<NOT_002390>,no,not_in_002390_frame_or_metadata_only,+740-760-840-552-002-817+
2724.1,M-199,Mohenjo-daro,SEAL:S,Bull1:S,SAN,090 740 100 415 240,240,415 240,861,861,<NOT_002390>,<NOT_002390>,<NOT_002390>,no,not_in_002390_frame_or_metadata_only,+090-740-100-415-240-002-861+
2725.1,M-200,Mohenjo-daro,SEAL:S,Bull1:J,SAN,740 222,222,740 222,820,820,<NOT_002390>,<NOT_002390>,<NOT_002390>,no,not_in_002390_frame_or_metadata_only,+740-222-002-820+
2729.1,M-204,Mohenjo-daro,SEAL:S,Bull1:S,SAN,740 061,061,740 061,817,817,<NOT_002390>,<NOT_002390>,<NOT_002390>,no,not_in_002390_frame_or_metadata_only,+740-061-002-817+
2735.1,M-211,Mohenjo-daro,SEAL:S,Bull1:S,RAF,090 740 100 220,220,100 220,031,031 165,<NOT_002390>,<NOT_002390>,<NOT_002390>,no,not_in_002390_frame_or_metadata_only,+090-740-100-220-002-031-165+
2737.1,M-213,Mohenjo-daro,SEAL:S,Bull1:J,RAF,740 384,384,740 384,390,390 346,346,<END>,yes,yes,metadata_only_unbound,+740-384-002-390-346+
2745.1,M-221,Mohenjo-daro,SEAL:S,Bull1:I,SAN,740 760 335 220 032,032,220 032,820,820,<NOT_002390>,<NOT_002390>,<NOT_002390>,no,not_in_002390_frame_or_metadata_only,+740-760-335-220-032-002-820+
2749.1,M-225,Mohenjo-daro,SEAL:S,Bull1:S,SAN,241,241,241,880,880,<NOT_002390>,<NOT_002390>,<NOT_002390>,no,not_in_002390_frame_or_metadata_only,+241-002-880+
2756.1,M-232,Mohenjo-daro,SEAL:S,Bull2,SAF,236,236,236,390,390 707,707,<END>,yes,yes,metadata_only_unbound,+236-002-390-707+
2762.1,M-239,Mohenjo-daro,SEAL:S,Gaur,Trough,740 760 921 235,235,921 235,112,112,<NOT_002390>,<NOT_002390>,<NOT_002390>,no,not_in_002390_frame_or_metadata_only,+740-760-921-235-002-112+
2763.1,M-240,Mohenjo-daro,SEAL:S,Gaur,Trough,520 240 220 032,032,220 032,861,861 603,<NOT_002390>,<NOT_002390>,<NOT_002390>,no,not_in_002390_frame_or_metadata_only,+520-240-220-032-002-861-603+
2765.1,M-242,Mohenjo-daro,SEAL:S,Gaur,Trough,740 721,721,740 721,301,301 350,<NOT_002390>,<NOT_002390>,<NOT_002390>,no,not_in_002390_frame_or_metadata_only,+740-721-002-301-350+
2768.1,M-245,Mohenjo-daro,SEAL:S,Gaur,Trough,740 760 070 921 460 503,503,460 503,817,817,<NOT_002390>,<NOT_002390>,<NOT_002390>,no,not_in_002390_frame_or_metadata_only,+740-760-070-921-460-503-002-817+
2769.1,M-246,Mohenjo-daro,SEAL:S,Gaur,Trough,740 503 235 233,233,235 233,817,817,<NOT_002390>,<NOT_002390>,<NOT_002390>,no,not_in_002390_frame_or_metadata_only,+740-503-235-233-002-817+
2771.1,M-248,Mohenjo-daro,SEAL:S,Gaur,Trough,740 100 415,415,100 415,705,705 590,<NOT_002390>,<NOT_002390>,<NOT_002390>,no,not_in_002390_frame_or_metadata_only,+740-100-415-002-705-590+
2774.1,M-251,Mohenjo-daro,SEAL:S,Gaur,Trough,390 003,003,390 003,125,125 350,<NOT_002390>,<NOT_002390>,<NOT_002390>,no,not_in_002390_frame_or_metadata_only,+390-003-002-125-350+
2776.1,M-253,Mohenjo-daro,SEAL:S,Gaur,Trough,527 550 803,803,550 803,368,368 518,<NOT_002390>,<NOT_002390>,<NOT_002390>,no,not_in_002390_frame_or_metadata_only,+527-550-803-002-368-518+
2781.1,M-258,Mohenjo-daro,SEAL:S,Zebu,None,384 575 892 706 717,717,706 717,861,861,<NOT_002390>,<NOT_002390>,<NOT_002390>,no,not_in_002390_frame_or_metadata_only,+384-575/892-706-717-002-861+
2782.1,M-259,Mohenjo-daro,SEAL:S,Zebu,None,520 231,231,520 231,817,817,<NOT_002390>,<NOT_002390>,<NOT_002390>,no,not_in_002390_frame_or_metadata_only,+520-231-002-817+
2783.1,M-260,Mohenjo-daro,SEAL:S,Zebu,None,090 740 220 014,014,220 014,820,820,<NOT_002390>,<NOT_002390>,<NOT_002390>,no,not_in_002390_frame_or_metadata_only,+090-740-220-014-002-820+
2790.1,M-267,Mohenjo-daro,SEAL:S,Buff,Trough,740 630 155,155,630 155,679,679,<NOT_002390>,<NOT_002390>,<NOT_002390>,no,not_in_002390_frame_or_metadata_only,+740-630-155-002-679+
2793.1,M-272,Mohenjo-daro,SEAL:S,Goat:6,None,<START>,<START>,<START>,818,818,<NOT_002390>,<NOT_002390>,<NOT_002390>,no,not_in_002390_frame_or_metadata_only,+002-818+
2799.1,M-278,Mohenjo-daro,SEAL:S,Elep,None,621 390 004,004,390 004,817,817,<NOT_002390>,<NOT_002390>,<NOT_002390>,no,not_in_002390_frame_or_metadata_only,+621-390-004-002-817+
2800.1,M-279,Mohenjo-daro,SEAL:S,Elep,None,520 220 415,415,220 415,700,700 000,<NOT_002390>,<NOT_002390>,<NOT_002390>,no,not_in_002390_frame_or_metadata_only,+520-220-415-002-700-000+
2801.1,M-280,Mohenjo-daro,SEAL:S,Elep,None,740 482 240,240,482 240,944,944 920 140,<NOT_002390>,<NOT_002390>,<NOT_002390>,no,not_in_002390_frame_or_metadata_only,+740-482-240-002-944-920-140+
2806.1,M-285,Mohenjo-daro,SEAL:S,Elep,None,504 350 240,240,350 240,861,861,<NOT_002390>,<NOT_002390>,<NOT_002390>,no,not_in_002390_frame_or_metadata_only,+504-350-240-002-861+
2809.1,M-289,Mohenjo-daro,SEAL:S,Tigr,Trough,740 176 240,240,176 240,817,817,<NOT_002390>,<NOT_002390>,<NOT_002390>,no,not_in_002390_frame_or_metadata_only,+740-176-240-002-817+
2815.1,M-295,Mohenjo-daro,SEAL:S,Comp,None,621 090 740,740,090 740,861,861,<NOT_002390>,<NOT_002390>,<NOT_002390>,no,not_in_002390_frame_or_metadata_only,+621/090-740/002-861+
2824.1,M-305,Mohenjo-daro,SEAL:S,Anth,None,000 220 241,241,220 241,000,000,<NOT_002390>,<NOT_002390>,<NOT_002390>,no,not_in_002390_frame_or_metadata_only,]000-220-241-002-000[
2827.1,M-308,Mohenjo-daro,SEAL:S,T-M-T,None,520 220,220,520 220,727,727 317,<NOT_002390>,<NOT_002390>,<NOT_002390>,no,not_in_002390_frame_or_metadata_only,+520-220-002-727-317+
2828.1,M-309,Mohenjo-daro,SEAL:S,T-A-T,None,224 740 061,061,740 061,824,824,<NOT_002390>,<NOT_002390>,<NOT_002390>,no,not_in_002390_frame_or_metadata_only,+224-740-061-002-824+
2830.1,M-311,Mohenjo-daro,SEAL:S,Comp,None,401,401,401,368,368 165,<NOT_002390>,<NOT_002390>,<NOT_002390>,no,not_in_002390_frame_or_metadata_only,+401-002-368-165+
2832.1,M-314,Mohenjo-daro,SEAL:S,None,None,953 817 390 125 308 809 033 740 760 706 466 520 231 240 235,235,240 235,820,820,<NOT_002390>,<NOT_002390>,<NOT_002390>,no,not_in_002390_frame_or_metadata_only,+953-817-390-125-308-809-033/740-760-706-466/520-231-240-235-002-820+
2833.1,M-315,Mohenjo-daro,SEAL:S,None,None,390 034,034,390 034,374,374 228 741,<NOT_002390>,<NOT_002390>,<NOT_002390>,no,not_in_002390_frame_or_metadata_only,+390-034-002-374-228-741+
2834.1,M-316,Mohenjo-daro,SEAL:S,None,None,367 390 710,710,390 710,861,861,<NOT_002390>,<NOT_002390>,<NOT_002390>,no,not_in_002390_frame_or_metadata_only,+367-390-710-002-861+
2836.2,M-318,Mohenjo-daro,SEAL:S,Zebu,None,390 003,003,390 003,031,031 575,<NOT_002390>,<NOT_002390>,<NOT_002390>,no,not_in_002390_frame_or_metadata_only,+390-003-002-031-575+
2843.1,M-325,Mohenjo-daro,SEAL:S,Bull1:L,SAN,241 803,803,241 803,850,850 493,<NOT_002390>,<NOT_002390>,<NOT_002390>,no,not_in_002390_frame_or_metadata_only,+241-803-002-850-493+
2843.2,M-325,Mohenjo-daro,SEAL:S,Bull1:L,SAN,241 803,803,241 803,850,850 491,<NOT_002390>,<NOT_002390>,<NOT_002390>,no,not_in_002390_frame_or_metadata_only,+241-803-002-850-491+
2845.1,M-327,Mohenjo-daro,SEAL:S,Bull1:J,RAN,740 519,519,740 519,861,861,<NOT_002390>,<NOT_002390>,<NOT_002390>,no,not_in_002390_frame_or_metadata_only,+740-519-002-861+
2847.1,M-329,Mohenjo-daro,SEAL:S,None,None,<START>,<START>,<START>,861,861 698,<NOT_002390>,<NOT_002390>,<NOT_002390>,no,not_in_002390_frame_or_metadata_only,+002-861-698+
2848.1,M-330,Mohenjo-daro,SEAL:S,None,None,<START>,<START>,<START>,861,861 698,<NOT_002390>,<NOT_002390>,<NOT_002390>,no,not_in_002390_frame_or_metadata_only,+002-861-698+
2850.1,M-354,Mohenjo-daro,SEAL:R,None,None,740 729 407 845 236,236,845 236,906,906 125,<NOT_002390>,<NOT_002390>,<NOT_002390>,no,not_in_002390_frame_or_metadata_only,+740-729-407-845-236-002-906-125+
2851.1,M-355,Mohenjo-daro,SEAL:R,None,None,740 877 032 033 705 231 235,235,231 235,861,861 360 520 919 140,<NOT_002390>,<NOT_002390>,<NOT_002390>,no,not_in_002390_frame_or_metadata_only,+740-877-032-033-705-231-235-002-861-360-520-919-140+
2854.1,M-358,Mohenjo-daro,SEAL:R,None,None,003 001 520 240 806,806,240 806,502,502 031,<NOT_002390>,<NOT_002390>,<NOT_002390>,no,not_in_002390_frame_or_metadata_only,+003-001-520-240-806-002-502-031+
2855.1,M-359,Mohenjo-daro,SEAL:R,None,None,740 405 590 220 235 803,803,235 803,388,388 385 705 632,<NOT_002390>,<NOT_002390>,<NOT_002390>,no,not_in_002390_frame_or_metadata_only,+740-405-590-220-235-803-002-388-385-705-632+
2858.1,M-362,Mohenjo-daro,SEAL:R,None,None,740 007 503,503,007 503,817,817,<NOT_002390>,<NOT_002390>,<NOT_002390>,no,not_in_002390_frame_or_metadata_only,+740-007-503-002-817+
2860.1,M-364,Mohenjo-daro,SEAL:R,None,None,740 354,354,740 354,817,817,<NOT_002390>,<NOT_002390>,<NOT_002390>,no,not_in_002390_frame_or_metadata_only,+740-354-002-817+
2863.1,M-367,Mohenjo-daro,SEAL:R,None,None,001 226 032,032,226 032,454,454,<NOT_002390>,<NOT_002390>,<NOT_002390>,no,not_in_002390_frame_or_metadata_only,+001-226-032-002-454+
2871.1,M-375,Mohenjo-daro,SEAL:R,None,None,740 100 233 220 032,032,220 032,820,820,<NOT_002390>,<NOT_002390>,<NOT_002390>,no,not_in_002390_frame_or_metadata_only,+740-100-233-220-032-002-820+
2872.1,M-376,Mohenjo-daro,SEAL:R,None,None,740 100 176,176,100 176,861,861 533 717,<NOT_002390>,<NOT_002390>,<NOT_002390>,no,not_in_002390_frame_or_metadata_only,+740-100-176-002-861-533-717+
2877.1,M-381,Mohenjo-daro,SEAL:R,None,None,740 055 220 032 798,798,032 798,820,820,<NOT_002390>,<NOT_002390>,<NOT_002390>,no,not_in_002390_frame_or_metadata_only,+740-055-220-032-798-002-820+
2880.1,M-384,Mohenjo-daro,SEAL:R,None,None,740 900 003 803,803,003 803,820,820,<NOT_002390>,<NOT_002390>,<NOT_002390>,no,not_in_002390_frame_or_metadata_only,+740-900-003-803-002-820+
2881.1,M-385,Mohenjo-daro,SEAL:R,None,None,407 004,004,407 004,820,820,<NOT_002390>,<NOT_002390>,<NOT_002390>,no,not_in_002390_frame_or_metadata_only,+407-004-002-820+
2887.1,M-391,Mohenjo-daro,SEAL:R,None,None,405 845 686 740 793 003 233 805,805,233 805,861,861 533 717,<NOT_002390>,<NOT_002390>,<NOT_002390>,no,not_in_002390_frame_or_metadata_only,+405-845-686-740-793-003-233-805-002-861-533-717+
2889.1,M-393,Mohenjo-daro,SEAL:R,None,None,679 740 575 017 240 806,806,240 806,540,540,<NOT_002390>,<NOT_002390>,<NOT_002390>,no,not_in_002390_frame_or_metadata_only,+679-740-575-017-240-806-002-540+
2904.1,M-408,Mohenjo-daro,SEAL:R,None,None,407 061,061,407 061,817,817,<NOT_002390>,<NOT_002390>,<NOT_002390>,no,not_in_002390_frame_or_metadata_only,+407-061-002-817+
2909.1,M-413,Mohenjo-daro,SEAL:R,None,None,415 798,798,415 798,354,354 004,<NOT_002390>,<NOT_002390>,<NOT_002390>,no,not_in_002390_frame_or_metadata_only,]415-798-002-354-004+
2929.1,M-437,Mohenjo-daro,TAG:P,Zebu,None,740 390 590,590,390 590,820,820,<NOT_002390>,<NOT_002390>,<NOT_002390>,no,not_in_002390_frame_or_metadata_only,+740-390-590-002-820+
2936.1,M-451,Mohenjo-daro,TAB:B,Mult,-,000,000,000,520,520 000 000 000 906 388,<NOT_002390>,<NOT_002390>,<NOT_002390>,no,not_in_002390_frame_or_metadata_only,+000-002-520-000-000-000-906-388+
2938.1,M-453,Mohenjo-daro,TAB:B,Scene,None,740 032 840 220,220,840 220,861,861,<NOT_002390>,<NOT_002390>,<NOT_002390>,no,not_in_002390_frame_or_metadata_only,+740-032-840-220-002-861+
2939.1,M-454,Mohenjo-daro,TAB:B,Scene,-,740 032 840 240,240,840 240,000,000,<NOT_002390>,<NOT_002390>,<NOT_002390>,no,not_in_002390_frame_or_metadata_only,+740-032-840-240-002-000+
2956.1,M-471,Mohenjo-daro,TAB:B,None,None,740 100 415 191,191,415 191,817,817,<NOT_002390>,<NOT_002390>,<NOT_002390>,no,not_in_002390_frame_or_metadata_only,+740-100-415-191-002-817+
2972.1,M-490,Mohenjo-daro,TAB:B,Scene,Mult,850 140 803,803,140 803,840,840 016,<NOT_002390>,<NOT_002390>,<NOT_002390>,no,not_in_002390_frame_or_metadata_only,+850-140-803-002-840-016+
2973.1,M-491,Mohenjo-daro,TAB:B,Scene,Mult,850 140 803,803,140 803,840,840 016,<NOT_002390>,<NOT_002390>,<NOT_002390>,no,not_in_002390_frame_or_metadata_only,+850-140-803-002-840-016+
2985.2,M-509,Mohenjo-daro,TAB:C,None,None,405 240 740 176,176,740 176,326,326,<NOT_002390>,<NOT_002390>,<NOT_002390>,no,not_in_002390_frame_or_metadata_only,+405-240-740-176-002-326+
2986.2,M-510,Mohenjo-daro,TAB:C,None,None,405 240 740 176,176,740 176,326,326,<NOT_002390>,<NOT_002390>,<NOT_002390>,no,not_in_002390_frame_or_metadata_only,+405-240-740-176-002-326+
3047.1,M-577,Mohenjo-daro,TAB:C,Othr,None,617 142 597 032 905 407 004,004,407 004,365,365 460 495,<NOT_002390>,<NOT_002390>,<NOT_002390>,no,not_in_002390_frame_or_metadata_only,+617-142-597-032-905/407-004-002-365-460-495+
3074.1,M-623,Mohenjo-daro,SEAL:S,Bull1:W,S,740 760 175 176 220 415 798,798,415 798,299,299 530 820,<NOT_002390>,<NOT_002390>,<NOT_002390>,no,not_in_002390_frame_or_metadata_only,+740-760-175-176-220-415-798-002-299-530-820+
3079.1,M-628,Mohenjo-daro,SEAL:S,Bull1:W,SAN,740 560 233,233,560 233,291,291 690 564,<NOT_002390>,<NOT_002390>,<NOT_002390>,no,not_in_002390_frame_or_metadata_only,+740-560-233-002-291-690-564+
3080.1,M-629,Mohenjo-daro,SEAL:S,Bull1:W,SAN,679 740 176 240 798,798,240 798,861,861,<NOT_002390>,<NOT_002390>,<NOT_002390>,no,not_in_002390_frame_or_metadata_only,+679-740-176-240-798-002-861+
3085.1,M-636,Mohenjo-daro,SEAL:S,Bull1:W,SAN,527 555 235 220 032,032,220 032,000,000 216,<NOT_002390>,<NOT_002390>,<NOT_002390>,no,not_in_002390_frame_or_metadata_only,+527-555-235-220-032-002-000-216+
3088.1,M-639,Mohenjo-daro,SEAL:S,Bull1,-,226 415,415,226 415,190,190 751,<NOT_002390>,<NOT_002390>,<NOT_002390>,no,not_in_002390_frame_or_metadata_only,+226-415-002-190-751+
3089.1,M-644,Mohenjo-daro,SEAL:S,Bull1:W,SAN,740 585 017 740 240,240,740 240,817,817 090 370,<NOT_002390>,<NOT_002390>,<NOT_002390>,no,not_in_002390_frame_or_metadata_only,+740-585-017-740-240-002-817-090-370+
3090.1,M-646,Mohenjo-daro,SEAL:S,Bull1,RAN,740 760 440 000,000,440 000,817,817,<NOT_002390>,<NOT_002390>,<NOT_002390>,no,not_in_002390_frame_or_metadata_only,+740-760-440-000-002-817+
3094.1,M-650,Mohenjo-daro,SEAL:S,Bull1:W,SAN,520 220 415 519,519,415 519,817,817,<NOT_002390>,<NOT_002390>,<NOT_002390>,no,not_in_002390_frame_or_metadata_only,+520-220-415-519-002-817+
3095.1,M-651,Mohenjo-daro,SEAL:S,Bull1:W,SAF,740 717 220 240,240,220 240,820,820,<NOT_002390>,<NOT_002390>,<NOT_002390>,no,not_in_002390_frame_or_metadata_only,+740-717-220-240-002-820+
3096.1,M-653,Mohenjo-daro,SEAL:S,Bull1:W,SAF,679 740 235,235,740 235,861,861,<NOT_002390>,<NOT_002390>,<NOT_002390>,no,not_in_002390_frame_or_metadata_only,+679-740-235-002-861+
3097.1,M-655,Mohenjo-daro,SEAL:S,Bull1,S,740 717 233,233,717 233,220,220 880 689,<NOT_002390>,<NOT_002390>,<NOT_002390>,no,not_in_002390_frame_or_metadata_only,+740-717-233-002-220-880-689+
3099.1,M-658,Mohenjo-daro,SEAL:S,Bull1:W,SAN,000 003 070,070,003 070,002,002 817,<NOT_002390>,<NOT_002390>,<NOT_002390>,no,not_in_002390_frame_or_metadata_only,]000-003-070-002-002-817+
3099.1,M-658,Mohenjo-daro,SEAL:S,Bull1:W,SAN,000 003 070 002,002,070 002,817,817,<NOT_002390>,<NOT_002390>,<NOT_002390>,no,not_in_002390_frame_or_metadata_only,]000-003-070-002-002-817+
3104.1,M-665,Mohenjo-daro,SEAL:S,Bull1,R,871 740 643 740 798 463 350,350,463 350,374,374 575,<NOT_002390>,<NOT_002390>,<NOT_002390>,no,not_in_002390_frame_or_metadata_only,+871-740-643/740-798-463-350-002-374-575+
3115.1,M-677,Mohenjo-daro,SEAL:S,Bull1:L,SAN,740 923 070 032 033 706 231 242,242,231 242,861,861 901,<NOT_002390>,<NOT_002390>,<NOT_002390>,no,not_in_002390_frame_or_metadata_only,+740-923-070-032-033-706-231-242-002-861-901+
3116.1,M-678,Mohenjo-daro,SEAL:S,Bull1:W,SAN,740 752 006 503 236 806,806,236 806,031,031 502,<NOT_002390>,<NOT_002390>,<NOT_002390>,no,not_in_002390_frame_or_metadata_only,+740-752-006-503-236-806-002-031-502+
3119.1,M-683,Mohenjo-daro,SEAL:S,Bull1,-,740 798 231,231,798 231,298,298 460 032,<NOT_002390>,<NOT_002390>,<NOT_002390>,no,not_in_002390_frame_or_metadata_only,+740-798-231-002-298-460-032+
3123.1,M-692,Mohenjo-daro,SEAL:S,Bull1,-,000 004,004,000 004,817,817 000,<NOT_002390>,<NOT_002390>,<NOT_002390>,no,not_in_002390_frame_or_metadata_only,+000-004-002-817-000[
3126.1,M-699,Mohenjo-daro,SEAL:S,Bull1:W,SAN,740 100 415,415,100 415,130,130 035 171,<NOT_002390>,<NOT_002390>,<NOT_002390>,no,not_in_002390_frame_or_metadata_only,+740-100-415-002-130-035-171+
3128.1,M-701,Mohenjo-daro,SEAL:S,Bull1:W,SAN,000,000,000,824,824,<NOT_002390>,<NOT_002390>,<NOT_002390>,no,not_in_002390_frame_or_metadata_only,]000-002-824+
3130.1,M-703,Mohenjo-daro,SEAL:S,Bull1:W,SAF,000 000 233 235,235,233 235,817,817,<NOT_002390>,<NOT_002390>,<NOT_002390>,no,not_in_002390_frame_or_metadata_only,+000-000-233-235-002-817+
3133.1,M-706,Mohenjo-daro,SEAL:S,Bull1:W,SAN,740 773 240,240,773 240,861,861 031,<NOT_002390>,<NOT_002390>,<NOT_002390>,no,not_in_002390_frame_or_metadata_only,+740-773-240-002-861-031+
3134.1,M-708,Mohenjo-daro,SEAL:S,Bull1:W,S,740 061,061,740 061,390,390 140,140,<END>,yes,yes,metadata_only_unbound,+740-061-002-390-140+
3137.1,M-712,Mohenjo-daro,SEAL:S,Bull1:W,SAF,390 003,003,390 003,861,861,<NOT_002390>,<NOT_002390>,<NOT_002390>,no,not_in_002390_frame_or_metadata_only,+390-003-002-861+
3138.1,M-713,Mohenjo-daro,SEAL:S,Bull1,S,226 803 717,717,803 717,764,764,<NOT_002390>,<NOT_002390>,<NOT_002390>,no,not_in_002390_frame_or_metadata_only,+226-803-717-002-764+
3139.1,M-714,Mohenjo-daro,SEAL:S,Bull1:W,-,740 585 017 033 705 233 798 803,803,798 803,861,861 603,<NOT_002390>,<NOT_002390>,<NOT_002390>,no,not_in_002390_frame_or_metadata_only,+740-585-017-033-705-233-798-803-002-861-603+
3142.1,M-717,Mohenjo-daro,SEAL:S,Bull1:J,RAF,740 142 061,061,142 061,861,861,<NOT_002390>,<NOT_002390>,<NOT_002390>,no,not_in_002390_frame_or_metadata_only,+740-142-061-002-861+
3144.1,M-720,Mohenjo-daro,SEAL:S,Bull1,-,000 740 923 220 032,032,220 032,817,817,<NOT_002390>,<NOT_002390>,<NOT_002390>,no,not_in_002390_frame_or_metadata_only,+000-740-923-220-032-002-817+
3145.1,M-721,Mohenjo-daro,SEAL:S,Bull1,-,000 233,233,000 233,111,111 700,<NOT_002390>,<NOT_002390>,<NOT_002390>,no,not_in_002390_frame_or_metadata_only,]000-233-002-111-700+
3146.1,M-722,Mohenjo-daro,SEAL:S,Bull1,-,740 585 240 220 032,032,220 032,817,817,<NOT_002390>,<NOT_002390>,<NOT_002390>,no,not_in_002390_frame_or_metadata_only,+740-585-240-220-032-002-817+
3147.1,M-723,Mohenjo-daro,SEAL:S,Bull1,-,740 460 510 235 220 032,032,220 032,861,861,<NOT_002390>,<NOT_002390>,<NOT_002390>,no,not_in_002390_frame_or_metadata_only,+740-460-510-235-220-032-002-861+
3148.1,M-724,Mohenjo-daro,SEAL:S,Bull1:J,SAN,390 721 790,790,721 790,861,861,<NOT_002390>,<NOT_002390>,<NOT_002390>,no,not_in_002390_frame_or_metadata_only,+390-721-790-002-861+
3150.1,M-726,Mohenjo-daro,SEAL:S,Bull1:T,SAN,031 850 140 236 220 032 803,803,032 803,820,820,<NOT_002390>,<NOT_002390>,<NOT_002390>,no,not_in_002390_frame_or_metadata_only,+031-850-140-236-220-032-803-002-820+
3151.1,M-727,Mohenjo-daro,SEAL:S,Bull1:W,SAN,740 100 415,415,100 415,820,820,<NOT_002390>,<NOT_002390>,<NOT_002390>,no,not_in_002390_frame_or_metadata_only,+740-100-415-002-820+
3152.1,M-728,Mohenjo-daro,SEAL:S,Bull1:V,HBN,740 575 017,017,575 017,820,820,<NOT_002390>,<NOT_002390>,<NOT_002390>,no,not_in_002390_frame_or_metadata_only,+740-575-017-002-820+
3156.1,M-732,Mohenjo-daro,SEAL:S,Bull1:V,RAF,520 400 350,350,400 350,817,817,<NOT_002390>,<NOT_002390>,<NOT_002390>,no,not_in_002390_frame_or_metadata_only,+520-400-350-002-817+
3159.1,M-735,Mohenjo-daro,SEAL:S,Bull1:U,HAF,740 760 235,235,760 235,390,390 125 195,125,195,no,yes,checkpoint_strict_source_visible,+740-760-235-002-390-125-195+
3163.1,M-739,Mohenjo-daro,SEAL:S,Bull1:J,RAF,090 740 100 415,415,100 415,031,031 350 550 692,<NOT_002390>,<NOT_002390>,<NOT_002390>,no,not_in_002390_frame_or_metadata_only,+090-740-100-415-002-031-350-550-692+
3179.1,M-756,Mohenjo-daro,SEAL:S,Bull1:W,-,740 100 176,176,100 176,812,812 031,<NOT_002390>,<NOT_002390>,<NOT_002390>,no,not_in_002390_frame_or_metadata_only,+740-100-176-002-812-031+
3184.1,M-761,Mohenjo-daro,SEAL:S,Bull1,-,<START>,<START>,<START>,741,741 455 125,<NOT_002390>,<NOT_002390>,<NOT_002390>,no,not_in_002390_frame_or_metadata_only,]002-741-455-125+
3185.1,M-762,Mohenjo-daro,SEAL:S,Bull1:I,-,226 140,140,226 140,<END>,<END>,<NOT_002390>,<NOT_002390>,<NOT_002390>,no,not_in_002390_frame_or_metadata_only,+226-140-002+
3190.1,M-776,Mohenjo-daro,SEAL:S,Bull1:J,SAN,740 032 840 585 017,017,585 017,817,817,<NOT_002390>,<NOT_002390>,<NOT_002390>,no,not_in_002390_frame_or_metadata_only,+740-032-840-585-017-002-817+
3194.1,M-780,Mohenjo-daro,SEAL:S,Bull1:W,SBN,740 773 156,156,773 156,820,820,<NOT_002390>,<NOT_002390>,<NOT_002390>,no,not_in_002390_frame_or_metadata_only,+740-773-156-002-820+
3195.1,M-781,Mohenjo-daro,SEAL:S,Bull1:S,SAN,520 033 706,706,033 706,861,861,<NOT_002390>,<NOT_002390>,<NOT_002390>,no,not_in_002390_frame_or_metadata_only,+520-033-706-002-861+
3197.1,M-783,Mohenjo-daro,SEAL:S,Bull1:S,SAN,151 061,061,151 061,861,861,<NOT_002390>,<NOT_002390>,<NOT_002390>,no,not_in_002390_frame_or_metadata_only,+151-061-002-861+
3199.1,M-785,Mohenjo-daro,SEAL:S,Bull1:S,SAN,740 255 705,705,255 705,861,861,<NOT_002390>,<NOT_002390>,<NOT_002390>,no,not_in_002390_frame_or_metadata_only,+740-255-705-002-861+
3201.1,M-787,Mohenjo-daro,SEAL:S,Bull1:S,SAN,151 000,000,151 000,000,000,<NOT_002390>,<NOT_002390>,<NOT_002390>,no,not_in_002390_frame_or_metadata_only,+151-000-002-000+
3202.1,M-788,Mohenjo-daro,SEAL:S,Bull1:J,SAN,740 482 235,235,482 235,824,824,<NOT_002390>,<NOT_002390>,<NOT_002390>,no,not_in_002390_frame_or_metadata_only,+740-482-235-002-824+
3206.1,M-792,Mohenjo-daro,SEAL:S,Bull1:S,SAN,679 740 575 017,017,575 017,817,817,<NOT_002390>,<NOT_002390>,<NOT_002390>,no,not_in_002390_frame_or_metadata_only,+679-740-575-017-002-817+
3207.1,M-793,Mohenjo-daro,SEAL:S,Bull1:W,SAN,740 388 235 240 798,798,240 798,861,861,<NOT_002390>,<NOT_002390>,<NOT_002390>,no,not_in_002390_frame_or_metadata_only,+740-388-235-240-798-002-861+
3208.1,M-794,Mohenjo-daro,SEAL:S,Bull1:S,SAN,804 231,231,804 231,861,861,<NOT_002390>,<NOT_002390>,<NOT_002390>,no,not_in_002390_frame_or_metadata_only,+804-231-002-861+
3209.1,M-795,Mohenjo-daro,SEAL:S,Bull1:W,SAN,156 260,260,156 260,817,817,<NOT_002390>,<NOT_002390>,<NOT_002390>,no,not_in_002390_frame_or_metadata_only,+156-260-002-817+
3217.1,M-803,Mohenjo-daro,SEAL:S,Bull1,SAN,390 005,005,390 005,817,817,<NOT_002390>,<NOT_002390>,<NOT_002390>,no,not_in_002390_frame_or_metadata_only,+390-005-002-817+
3222.1,M-809,Mohenjo-daro,SEAL:S,Bull1,SAN,520 460 495,495,460 495,595,595 906,<NOT_002390>,<NOT_002390>,<NOT_002390>,no,not_in_002390_frame_or_metadata_only,+520-460-495-002-595-906+
3226.1,M-813,Mohenjo-daro,SEAL:S,Bull1:S,SAN,161 390 590,590,390 590,861,861,<NOT_002390>,<NOT_002390>,<NOT_002390>,no,not_in_002390_frame_or_metadata_only,+161-390-590-002-861+
3228.1,M-815,Mohenjo-daro,SEAL:S,Bull1:W,SAN,520 070 233 798,798,233 798,861,861,<NOT_002390>,<NOT_002390>,<NOT_002390>,no,not_in_002390_frame_or_metadata_only,+520-070-233-798-002-861+
3229.1,M-816,Mohenjo-daro,SEAL:S,Bull1:S,SAN,740 690 435 255,255,435 255,817,817,<NOT_002390>,<NOT_002390>,<NOT_002390>,no,not_in_002390_frame_or_metadata_only,+740-690-435-255-002-817+
3232.1,M-819,Mohenjo-daro,SEAL:S,Bull1:J,SAN,520 233 240 803,803,240 803,817,817,<NOT_002390>,<NOT_002390>,<NOT_002390>,no,not_in_002390_frame_or_metadata_only,+520-233-240-803-002-817+
3236.1,M-823,Mohenjo-daro,SEAL:S,Bull1:S,SAN,740 061,061,740 061,817,817,<NOT_002390>,<NOT_002390>,<NOT_002390>,no,not_in_002390_frame_or_metadata_only,+740-061-002-817+
3238.1,M-825,Mohenjo-daro,SEAL:S,Bull1:J,SAN,<START>,<START>,<START>,817,817,<NOT_002390>,<NOT_002390>,<NOT_002390>,no,not_in_002390_frame_or_metadata_only,]002-817+
3239.1,M-827,Mohenjo-daro,SEAL:S,Bull1:S,SAN,226 240,240,226 240,000,000,<NOT_002390>,<NOT_002390>,<NOT_002390>,no,not_in_002390_frame_or_metadata_only,+226-240-002-000[
3245.1,M-833,Mohenjo-daro,SEAL:S,Bull1:W,SAF,527 550 740 240,240,740 240,808,808,<NOT_002390>,<NOT_002390>,<NOT_002390>,no,not_in_002390_frame_or_metadata_only,+527-550-740-240-002-808+
3246.1,M-834,Mohenjo-daro,SEAL:S,Bull1:J,SAN,151 390 590 900,900,590 900,861,861,<NOT_002390>,<NOT_002390>,<NOT_002390>,no,not_in_002390_frame_or_metadata_only,+151-390-590-900-002-861+
3247.1,M-835,Mohenjo-daro,SEAL:S,Bull1,SAN,090 740 035 171 000,000,171 000,817,817,<NOT_002390>,<NOT_002390>,<NOT_002390>,no,not_in_002390_frame_or_metadata_only,+090-740-035-171-000-002-817+
3251.1,M-839,Mohenjo-daro,SEAL:S,Bull1:L,SAN,740 100 415,415,100 415,817,817,<NOT_002390>,<NOT_002390>,<NOT_002390>,no,not_in_002390_frame_or_metadata_only,+740-100-415-002-817+
3257.1,M-845,Mohenjo-daro,SEAL:S,Bull1:W,S,000 061,061,000 061,460,460 632,<NOT_002390>,<NOT_002390>,<NOT_002390>,no,not_in_002390_frame_or_metadata_only,+000-061-002-460-632+
3261.1,M-849,Mohenjo-daro,SEAL:S,Bull1:J,RAN,151 350,350,151 350,550,550 615,<NOT_002390>,<NOT_002390>,<NOT_002390>,no,not_in_002390_frame_or_metadata_only,+151-350-002-550-615+
3262.1,M-850,Mohenjo-daro,SEAL:S,Bull1:L,RAN,740 100 415,415,100 415,861,861,<NOT_002390>,<NOT_002390>,<NOT_002390>,no,not_in_002390_frame_or_metadata_only,+740-100-415-002-861+
3263.1,M-851,Mohenjo-daro,SEAL:S,Bull1:W,RAN,621 740 390 590,590,390 590,817,817,<NOT_002390>,<NOT_002390>,<NOT_002390>,no,not_in_002390_frame_or_metadata_only,+621-740-390-590-002-817+
3265.1,M-853,Mohenjo-daro,SEAL:S,Bull1:S,RAN,090 740 792,792,740 792,817,817,<NOT_002390>,<NOT_002390>,<NOT_002390>,no,not_in_002390_frame_or_metadata_only,+090-740-792-002-817+
3267.1,M-855,Mohenjo-daro,SEAL:S,Bull1,-,861 260 832 390 590,590,390 590,817,817 690 544,<NOT_002390>,<NOT_002390>,<NOT_002390>,no,not_in_002390_frame_or_metadata_only,+861-260-832-390-590-002-817-690-544+
3277.1,M-866,Mohenjo-daro,SEAL:S,Bull1:I,SAN,740 482 233,233,482 233,000,000,<NOT_002390>,<NOT_002390>,<NOT_002390>,no,not_in_002390_frame_or_metadata_only,+740-482-233-002-000+
3278.1,M-868,Mohenjo-daro,SEAL:S,Bull1:W,SAN,520 033 705 231 220,220,231 220,817,817,<NOT_002390>,<NOT_002390>,<NOT_002390>,no,not_in_002390_frame_or_metadata_only,+520-033-705-231-220-002-817+
3279.1,M-869,Mohenjo-daro,SEAL:S,Bull1:S,SAN,740 100 415,415,100 415,861,861,<NOT_002390>,<NOT_002390>,<NOT_002390>,no,not_in_002390_frame_or_metadata_only,+740-100-415-002-861+
3281.1,M-872,Mohenjo-daro,SEAL:S,Bull1:I,SAF,390 016,016,390 016,824,824,<NOT_002390>,<NOT_002390>,<NOT_002390>,no,not_in_002390_frame_or_metadata_only,+390-016-002-824+
3295.1,M-889,Mohenjo-daro,SEAL:S,Bull1:I,RBF,740 384 032 803,803,032 803,820,820,<NOT_002390>,<NOT_002390>,<NOT_002390>,no,not_in_002390_frame_or_metadata_only,+740-384-032-803-002-820+
3300.1,M-895,Mohenjo-daro,SEAL:S,Bull1,-,740 048,048,740 048,817,817,<NOT_002390>,<NOT_002390>,<NOT_002390>,no,not_in_002390_frame_or_metadata_only,+740-048-002-817+
3302.1,M-897,Mohenjo-daro,SEAL:S,Bull1,-,527 550 235,235,550 235,817,817,<NOT_002390>,<NOT_002390>,<NOT_002390>,no,not_in_002390_frame_or_metadata_only,+527-550-235-002-817+
3305.1,M-900,Mohenjo-daro,SEAL:S,Bull1,-,740 390 590 233 220 415 798 838,838,798 838,820,820,<NOT_002390>,<NOT_002390>,<NOT_002390>,no,not_in_002390_frame_or_metadata_only,+740-390-590-233-220-415-798-838-002-820+
3306.1,M-901,Mohenjo-daro,SEAL:S,Bull1,-,090 125,125,090 125,861,861,<NOT_002390>,<NOT_002390>,<NOT_002390>,no,not_in_002390_frame_or_metadata_only,+090-125-002-861+
3307.1,M-902,Mohenjo-daro,SEAL:S,-,-,740 798,798,740 798,000,000 090,<NOT_002390>,<NOT_002390>,<NOT_002390>,no,not_in_002390_frame_or_metadata_only,+740-798-002-000-090+
3308.1,M-903,Mohenjo-daro,SEAL:S,Bull1,-,740 772,772,740 772,817,817,<NOT_002390>,<NOT_002390>,<NOT_002390>,no,not_in_002390_frame_or_metadata_only,+740-772-002-817+
3315.1,M-918,Mohenjo-daro,SEAL:S,Bull1,SAN,390 869,869,390 869,861,861,<NOT_002390>,<NOT_002390>,<NOT_002390>,no,not_in_002390_frame_or_metadata_only,+390-869-002-861+
3320.1,M-924,Mohenjo-daro,SEAL:S,Bull1:J,SAN,000 772,772,000 772,817,817,<NOT_002390>,<NOT_002390>,<NOT_002390>,no,not_in_002390_frame_or_metadata_only,+000-772-002-817+
3329.1,M-934,Mohenjo-daro,SEAL:S,Bull1:W,SAF,526 555 235,235,555 235,861,861,<NOT_002390>,<NOT_002390>,<NOT_002390>,no,not_in_002390_frame_or_metadata_only,+526-555-235-002-861+
3332.1,M-937,Mohenjo-daro,SEAL:S,Bull1:J,S,740 460 503 031,031,503 031,900,900 615,<NOT_002390>,<NOT_002390>,<NOT_002390>,no,not_in_002390_frame_or_metadata_only,+740-460-503-031-002-900-615+
3335.1,-,Unknown,SEAL:S,Bull1:J,RAF,740 205 032,032,205 032,390,390 590 032,590,032,no,yes,metadata_only_unbound,+740-205-032-002-390-590-032+
3336.1,M-941,Mohenjo-daro,SEAL:S,Bull1:S,SAN,000 642 240 031,031,240 031,861,861,<NOT_002390>,<NOT_002390>,<NOT_002390>,no,not_in_002390_frame_or_metadata_only,+000-642-240-031-002-861+
3343.1,M-948,Mohenjo-daro,SEAL:S,Bull1,S,426 003,003,426 003,388,388 031,<NOT_002390>,<NOT_002390>,<NOT_002390>,no,not_in_002390_frame_or_metadata_only,+426-003-002-388-031+
3352.1,M-957,Mohenjo-daro,SEAL:S,Bull1,-,740 760 705,705,760 705,577,577,<NOT_002390>,<NOT_002390>,<NOT_002390>,no,not_in_002390_frame_or_metadata_only,+740-760-705-002-577+
3353.1,M-958,Mohenjo-daro,SEAL:S,Bull1:J,RAF,740 772 240,240,772 240,900,900 003 590,<NOT_002390>,<NOT_002390>,<NOT_002390>,no,not_in_002390_frame_or_metadata_only,+740-772-240-002-900-003-590+
3372.1,M-979,Mohenjo-daro,SEAL:S,Bull1:J,RAN,740 773 240,240,773 240,900,900 003 590,<NOT_002390>,<NOT_002390>,<NOT_002390>,no,not_in_002390_frame_or_metadata_only,+740-773-240/002-900-003-590+
3375.1,M-982,Mohenjo-daro,SEAL:S,Bull1:U,SAN,740 825,825,740 825,<END>,<END>,<NOT_002390>,<NOT_002390>,<NOT_002390>,no,not_in_002390_frame_or_metadata_only,+740-825-002+
3394.1,M-1002,Mohenjo-daro,SEAL:S,Bull1,-,740 373 031,031,373 031,315,315 850,<NOT_002390>,<NOT_002390>,<NOT_002390>,no,not_in_002390_frame_or_metadata_only,+740-373-031-002-315-850+
3409.1,M-1027,Mohenjo-daro,SEAL:S,-,-,740 176 220 415,415,220 415,435,435 000,<NOT_002390>,<NOT_002390>,<NOT_002390>,no,not_in_002390_frame_or_metadata_only,+740-176-220-415-002-435-000[
3421.1,M-1044,Mohenjo-daro,SEAL:S,Bull,-,520 220 032,032,220 032,861,861,<NOT_002390>,<NOT_002390>,<NOT_002390>,no,not_in_002390_frame_or_metadata_only,+520-220-032-002-861+
3422.1,M-1045,Mohenjo-daro,SEAL:S,-,-,740 100 415 070 032,032,070 032,820,820 000,<NOT_002390>,<NOT_002390>,<NOT_002390>,no,not_in_002390_frame_or_metadata_only,+740-100-415-070-032-002-820-000+
3430.1,M-1055,Mohenjo-daro,SEAL,-,-,000 850 140 388,388,140 388,000,000,<NOT_002390>,<NOT_002390>,<NOT_002390>,no,not_in_002390_frame_or_metadata_only,+000-850-140-388-002-000[
3437.1,M-1063,Mohenjo-daro,SEAL:S,-,-,407 004,004,407 004,861,861,<NOT_002390>,<NOT_002390>,<NOT_002390>,no,not_in_002390_frame_or_metadata_only,+407-004-002-861+
3438.1,M-1064,Mohenjo-daro,SEAL,-,-,000 235,235,000 235,<END>,<END>,<NOT_002390>,<NOT_002390>,<NOT_002390>,no,not_in_002390_frame_or_metadata_only,]000-235-002[
3448.1,M-1074,Mohenjo-daro,SEAL,-,-,<START>,<START>,<START>,000,000,<NOT_002390>,<NOT_002390>,<NOT_002390>,no,not_in_002390_frame_or_metadata_only,]002-000[
3456.1,M-1082,Mohenjo-daro,SEAL:S,-,-,000 235,235,000 235,065,065 834,<NOT_002390>,<NOT_002390>,<NOT_002390>,no,not_in_002390_frame_or_metadata_only,]000-235-002-065-834+
3459.1,M-1085,Mohenjo-daro,SEAL:S,Gaur,Trough,740 100 415 798 460 350,350,460 350,817,817,<NOT_002390>,<NOT_002390>,<NOT_002390>,no,not_in_002390_frame_or_metadata_only,+740-100-415-798-460-350-002-817+
3462.1,M-1088,Mohenjo-daro,SEAL:S,Gaur,Trough,740 540,540,740 540,820,820,<NOT_002390>,<NOT_002390>,<NOT_002390>,no,not_in_002390_frame_or_metadata_only,+740-540-002-820+
3463.1,M-1089,Mohenjo-daro,SEAL:S,Gaur,Trough,151 390 590,590,390 590,374,374 840,<NOT_002390>,<NOT_002390>,<NOT_002390>,no,not_in_002390_frame_or_metadata_only,+151-390-590-002-374-840+
3478.1,M-1107,Mohenjo-daro,SEAL:S,Zebu,None,565 740 240 103,103,240 103,000,000,<NOT_002390>,<NOT_002390>,<NOT_002390>,no,not_in_002390_frame_or_metadata_only,+565-740-240-103-002-000+
3480.1,M-1109,Mohenjo-daro,SEAL:S,Zebu,-,520 231,231,520 231,820,820,<NOT_002390>,<NOT_002390>,<NOT_002390>,no,not_in_002390_frame_or_metadata_only,+520-231-002-820+
3481.1,M-1110,Mohenjo-daro,SEAL:S,Zebu,None,740 615 104,104,615 104,817,817,<NOT_002390>,<NOT_002390>,<NOT_002390>,no,not_in_002390_frame_or_metadata_only,+740-615-104-002-817+
3483.1,M-1112,Mohenjo-daro,SEAL:S,Zebu,None,740 585 220,220,585 220,130,130 035 171,<NOT_002390>,<NOT_002390>,<NOT_002390>,no,not_in_002390_frame_or_metadata_only,+740-585-220/002-130-035-171+
3485.1,M-1114,Mohenjo-daro,SEAL:S,Zebu,None,740 140,140,740 140,741,741 060 920,<NOT_002390>,<NOT_002390>,<NOT_002390>,no,not_in_002390_frame_or_metadata_only,+740-140-002-741-060-920+
3486.1,M-1115,Mohenjo-daro,SEAL:S,Zebu,-,740 335 233,233,335 233,861,861,<NOT_002390>,<NOT_002390>,<NOT_002390>,no,not_in_002390_frame_or_metadata_only,+740-335-233-002-861+
3490.1,M-1119,Mohenjo-daro,SEAL:S,Zebu,None,740 803,803,740 803,820,820 741,<NOT_002390>,<NOT_002390>,<NOT_002390>,no,not_in_002390_frame_or_metadata_only,+740-803-002-820-741+
3495.1,M-1126,Mohenjo-daro,SEAL:S,Buff,Trough,820 000 000 031,031,000 031,817,817,<NOT_002390>,<NOT_002390>,<NOT_002390>,no,not_in_002390_frame_or_metadata_only,+820/000-000-031-002-817+
3496.1,M-1127,Mohenjo-daro,SEAL:S,Buff,Trough,060 692 740 269 140,140,269 140,<END>,<END>,<NOT_002390>,<NOT_002390>,<NOT_002390>,no,not_in_002390_frame_or_metadata_only,+060-692/740-269-140-002+
3502.1,M-1135,Mohenjo-daro,SEAL:S,Rhin,SAN,740 061,061,740 061,400,400 703,<NOT_002390>,<NOT_002390>,<NOT_002390>,no,not_in_002390_frame_or_metadata_only,+740-061-002-400-703+
3503.1,M-1136,Mohenjo-daro,SEAL:S,Rhin,Trough,740 717 240,240,717 240,820,820,<NOT_002390>,<NOT_002390>,<NOT_002390>,no,not_in_002390_frame_or_metadata_only,]740-717-240-002-820+
3504.1,M-1137,Mohenjo-daro,SEAL:S,None,None,740 904,904,740 904,820,820,<NOT_002390>,<NOT_002390>,<NOT_002390>,no,not_in_002390_frame_or_metadata_only,+740-904-002-820+
3505.1,M-1138,Mohenjo-daro,SEAL:S,Rhin,Trough,740 585 017,017,585 017,820,820,<NOT_002390>,<NOT_002390>,<NOT_002390>,no,not_in_002390_frame_or_metadata_only,+740-585-017-002-820+
3506.1,M-1139,Mohenjo-daro,SEAL:S,Rhin,-,740 416 621,621,416 621,820,820,<NOT_002390>,<NOT_002390>,<NOT_002390>,no,not_in_002390_frame_or_metadata_only,+740-416-621-002-820+
3509.1,M-1148,Mohenjo-daro,SEAL:S,Elep,None,520 220,220,520 220,861,861,<NOT_002390>,<NOT_002390>,<NOT_002390>,no,not_in_002390_frame_or_metadata_only,+520-220-002-861+
3511.1,M-1150,Mohenjo-daro,SEAL:S,Elep,None,621 520 231 240,240,231 240,456,456,<NOT_002390>,<NOT_002390>,<NOT_002390>,no,not_in_002390_frame_or_metadata_only,+621-520-231-240-002-456+
3513.1,M-1152,Mohenjo-daro,SEAL:S,Elep,Trough,740 032 840 235,235,840 235,861,861,<NOT_002390>,<NOT_002390>,<NOT_002390>,no,not_in_002390_frame_or_metadata_only,+740-032-840-235-002-861+
3516.1,M-1155,Mohenjo-daro,SEAL:S,Elep,None,740 760 335,335,760 335,033,033 705,<NOT_002390>,<NOT_002390>,<NOT_002390>,no,not_in_002390_frame_or_metadata_only,+740-760-335-002-033-705+
3519.1,M-1159,Mohenjo-daro,SEAL:S,Elep,None,232 220 032,032,220 032,168,168 032,<NOT_002390>,<NOT_002390>,<NOT_002390>,no,not_in_002390_frame_or_metadata_only,+232-220-032-002-168-032+
3520.1,M-1160,Mohenjo-daro,SEAL:S,Elep,None,000 136 031,031,136 031,861,861,<NOT_002390>,<NOT_002390>,<NOT_002390>,no,not_in_002390_frame_or_metadata_only,+000-136-031-002-861+
3521.1,M-1161,Mohenjo-daro,SEAL:S,Elep,None,520 233 031,031,233 031,861,861,<NOT_002390>,<NOT_002390>,<NOT_002390>,no,not_in_002390_frame_or_metadata_only,+520-233-031-002-861+
3526.1,M-1166,Mohenjo-daro,SEAL:S,Tigr,Trough,740 923 240,240,923 240,817,817,<NOT_002390>,<NOT_002390>,<NOT_002390>,no,not_in_002390_frame_or_metadata_only,+740-923-240-002-817+
3529.1,M-1169,Mohenjo-daro,SEAL:S,Comp,None,520 033 705 220 032 231 072,072,231 072,270,270 633 032,<NOT_002390>,<NOT_002390>,<NOT_002390>,no,not_in_002390_frame_or_metadata_only,+520-033-705-220-032/231-072-002-270-633-032+
3533.1,M-1177,Mohenjo-daro,SEAL:S,CompBull,None,740 760,760,740 760,817,817,<NOT_002390>,<NOT_002390>,<NOT_002390>,no,not_in_002390_frame_or_metadata_only,+740-760-002-817+
3534.1,M-1178,Mohenjo-daro,SEAL:S,None,None,<START>,<START>,<START>,820,820 906 000,<NOT_002390>,<NOT_002390>,<NOT_002390>,no,not_in_002390_frame_or_metadata_only,+002-820-906-000[
3539.1,M-1188,Mohenjo-daro,SEAL:S,None,None,000 000 125 632 032 240,240,032 240,244,244 632,<NOT_002390>,<NOT_002390>,<NOT_002390>,no,not_in_002390_frame_or_metadata_only,]000/000-125-632-032/240-002-244-632+
3540.1,M-1189,Mohenjo-daro,SEAL:S,-,-,861 892 692 000 220,220,000 220,824,824,<NOT_002390>,<NOT_002390>,<NOT_002390>,no,not_in_002390_frame_or_metadata_only,]861-892-692/000-220-002-824[
3556.2,M-1206,Mohenjo-daro,SEAL:S,Gaur,None,740 690 435 255,255,435 255,861,861,<NOT_002390>,<NOT_002390>,<NOT_002390>,no,not_in_002390_frame_or_metadata_only,+740-690-435-255-002-861+
3561.1,M-1226,Mohenjo-daro,SEAL:S,Gaur,Trough,520 033 705 235 233,233,235 233,817,817,<NOT_002390>,<NOT_002390>,<NOT_002390>,no,not_in_002390_frame_or_metadata_only,+520-033-705-235-233-002-817+
3565.5,M-1233,Mohenjo-daro,SEAL:S,None,None,033 700 850,850,700 850,<END>,<END>,<NOT_002390>,<NOT_002390>,<NOT_002390>,no,not_in_002390_frame_or_metadata_only,+033-700-850-002+
3570.1,M-1263,Mohenjo-daro,SEAL:R,None,None,000 740 000 520 480,480,520 480,570,570,<NOT_002390>,<NOT_002390>,<NOT_002390>,no,not_in_002390_frame_or_metadata_only,+000-740-000-520-480-002-570+
3574.1,M-1267,Mohenjo-daro,SEAL:R,None,None,416 001 740 720 175,175,720 175,861,861,<NOT_002390>,<NOT_002390>,<NOT_002390>,no,not_in_002390_frame_or_metadata_only,+416-001-740-720-175-002-861+
3575.1,M-1268,Mohenjo-daro,SEAL:R,None,None,740 455 176,176,455 176,817,817,<NOT_002390>,<NOT_002390>,<NOT_002390>,no,not_in_002390_frame_or_metadata_only,+740-455-176-002-817+
3580.1,M-1273,Mohenjo-daro,SEAL:R,None,None,740 055,055,740 055,861,861 603,<NOT_002390>,<NOT_002390>,<NOT_002390>,no,not_in_002390_frame_or_metadata_only,+740-055-002-861-603+
3589.1,M-1284,Mohenjo-daro,SEAL:R,None,None,416 001 520 240 806,806,240 806,502,502 031,<NOT_002390>,<NOT_002390>,<NOT_002390>,no,not_in_002390_frame_or_metadata_only,+416-001-520-240-806-002-502-031+
3602.1,M-1297,Mohenjo-daro,SEAL:R,None,None,806,806,806,824,824,<NOT_002390>,<NOT_002390>,<NOT_002390>,no,not_in_002390_frame_or_metadata_only,]806-002-824+
3604.1,M-1299,Mohenjo-daro,SEAL:R,None,None,527 550 033 705 233,233,705 233,817,817,<NOT_002390>,<NOT_002390>,<NOT_002390>,no,not_in_002390_frame_or_metadata_only,+527-550-033-705-233-002-817+
3611.1,M-1306,Mohenjo-daro,SEAL:R,None,None,740 405 590 806,806,590 806,820,820,<NOT_002390>,<NOT_002390>,<NOT_002390>,no,not_in_002390_frame_or_metadata_only,+740-405-590-806-002-820+
3616.1,M-1311,Mohenjo-daro,SEAL:R,None,None,520 400 354,354,400 354,817,817,<NOT_002390>,<NOT_002390>,<NOT_002390>,no,not_in_002390_frame_or_metadata_only,+520-400-354-002-817+
3623.1,M-1318,Mohenjo-daro,SEAL:R,None,None,740 460 503,503,460 503,880,880,<NOT_002390>,<NOT_002390>,<NOT_002390>,no,not_in_002390_frame_or_metadata_only,+740-460-503-002-880+
3624.1,M-1319,Mohenjo-daro,SEAL:R,None,None,798 806,806,798 806,904,904 346,<NOT_002390>,<NOT_002390>,<NOT_002390>,no,not_in_002390_frame_or_metadata_only,]798-806-002-904-346+
3646.1,M-1341,Mohenjo-daro,SEAL:R,None,None,016,016,016,595,595 342 632,<NOT_002390>,<NOT_002390>,<NOT_002390>,no,not_in_002390_frame_or_metadata_only,+016-002-595-342-632+
3648.1,M-1343,Mohenjo-daro,SEAL,None,None,740 390 590 235,235,590 235,861,861,<NOT_002390>,<NOT_002390>,<NOT_002390>,no,not_in_002390_frame_or_metadata_only,+740-390-590-235-002-861+
3650.1,M-1346,Mohenjo-daro,SEAL:R,None,None,740 861 032 233 803,803,233 803,820,820,<NOT_002390>,<NOT_002390>,<NOT_002390>,no,not_in_002390_frame_or_metadata_only,+740-861-032-233-803-002-820+
3654.1,M-1354,Mohenjo-daro,SEAL:R,None,None,000,000,000,820,820,<NOT_002390>,<NOT_002390>,<NOT_002390>,no,not_in_002390_frame_or_metadata_only,]000-002-820+
3657.1,M-1358,Mohenjo-daro,SEAL:R,None,None,032,032,032,900,900 285,<NOT_002390>,<NOT_002390>,<NOT_002390>,no,not_in_002390_frame_or_metadata_only,+032-002-900-285+
3668.1,M-1369,Mohenjo-daro,SEAL:C,None,None,000 055 592 140 832,832,140 832,060,060 820,<NOT_002390>,<NOT_002390>,<NOT_002390>,no,not_in_002390_frame_or_metadata_only,]000-055-592-140-832-002-060-820[
3670.1,M-1371,Mohenjo-daro,POT:T:s,None,None,527 550,550,527 550,370,370,<NOT_002390>,<NOT_002390>,<NOT_002390>,no,not_in_002390_frame_or_metadata_only,+527-550-002-370+
3677.1,M-1381,Mohenjo-daro,POT:T:s,None,None,527 550,550,527 550,370,370,<NOT_002390>,<NOT_002390>,<NOT_002390>,no,not_in_002390_frame_or_metadata_only,+527-550-002-370+
3681.1,M-1385,Mohenjo-daro,TAG:P,Bull1,-,740 760 032,032,760 032,817,817,<NOT_002390>,<NOT_002390>,<NOT_002390>,no,not_in_002390_frame_or_metadata_only,+740-760-032-002-817+
3681.2,M-1385,Mohenjo-daro,TAG:P,Bull1,-,740 760 032,032,760 032,817,817,<NOT_002390>,<NOT_002390>,<NOT_002390>,no,not_in_002390_frame_or_metadata_only,+740-760-032-002-817[
3681.3,M-1385,Mohenjo-daro,TAG:P,Bull1,-,740 760 032,032,760 032,817,817,<NOT_002390>,<NOT_002390>,<NOT_002390>,no,not_in_002390_frame_or_metadata_only,+740-760-032-002-817+
3682.1,M-1386,Mohenjo-daro,TAB:B,-,-,000 000 335 235,235,335 235,031,031 480,<NOT_002390>,<NOT_002390>,<NOT_002390>,no,not_in_002390_frame_or_metadata_only,]000-000-335-235-002-031-480[
3685.1,M-1391,Mohenjo-daro,TAG:O,Bull1,SAN,000 000 000 798,798,000 798,817,817 032 320,<NOT_002390>,<NOT_002390>,<NOT_002390>,no,not_in_002390_frame_or_metadata_only,+000-000-000-798-002-817-032-320+
3691.1,M-1400,Mohenjo-daro,TAB:B,Mult,None,871 000 740 368,368,740 368,<END>,<END>,<NOT_002390>,<NOT_002390>,<NOT_002390>,no,not_in_002390_frame_or_metadata_only,+871-000-740-368-002+
3707.1,M-1420,Mohenjo-daro,TAB:B,None,None,838,838,838,817,817,<NOT_002390>,<NOT_002390>,<NOT_002390>,no,not_in_002390_frame_or_metadata_only,]838-002-817+
3708.1,M-1421,Mohenjo-daro,TAB:B,-,-,000 000,000,000 000,<END>,<END>,<NOT_002390>,<NOT_002390>,<NOT_002390>,no,not_in_002390_frame_or_metadata_only,+000-000-002[
3711.1,M-1426,Mohenjo-daro,TAB:B,None,None,740 760 036 220 415 798,798,415 798,861,861,<NOT_002390>,<NOT_002390>,<NOT_002390>,no,not_in_002390_frame_or_metadata_only,+740-760-036-220-415-798-002-861+
3712.1,M-1427,Mohenjo-daro,TAG:O,Bull1,None,484 140,140,484 140,220,220 627 615 906 388,<NOT_002390>,<NOT_002390>,<NOT_002390>,no,not_in_002390_frame_or_metadata_only,+484-140-002-220-627-615-906-388+
3721.1,M-1440,Mohenjo-daro,TAG:O,None,None,000 220,220,000 220,<END>,<END>,<NOT_002390>,<NOT_002390>,<NOT_002390>,no,not_in_002390_frame_or_metadata_only,]000-220-002+
3782.1,M-1532,Mohenjo-daro,TAB:C,Othr,None,407 004,004,407 004,365,365 460 495,<NOT_002390>,<NOT_002390>,<NOT_002390>,no,not_in_002390_frame_or_metadata_only,+407-004-002-365-460-495+
3825.1,M-1631,Mohenjo-daro,BNGL,None,None,<START>,<START>,<START>,790,790 290 741,<NOT_002390>,<NOT_002390>,<NOT_002390>,no,not_in_002390_frame_or_metadata_only,+002-790-290-741+
3844.2,M-1658,Mohenjo-daro,MISC,None,None,000 016,016,000 016,861,861,<NOT_002390>,<NOT_002390>,<NOT_002390>,no,not_in_002390_frame_or_metadata_only,+000-016-002-861+
3853.1,Ns-5,Nausharo,SEAL:S,Bull1:J,HBF,090 740 220 016,016,220 016,820,820,<NOT_002390>,<NOT_002390>,<NOT_002390>,no,not_in_002390_frame_or_metadata_only,+090-740-220-016-002-820+
3855.1,Ns-7,Nausharo,SEAL:S,Bull1:J,SAN,390 003,003,390 003,820,820,<NOT_002390>,<NOT_002390>,<NOT_002390>,no,not_in_002390_frame_or_metadata_only,+390-003-002-820+
3857.1,Ns-9,Nausharo,SEAL:S,Comp,None,740 142 067,067,142 067,374,374 310 350 495 834,<NOT_002390>,<NOT_002390>,<NOT_002390>,no,not_in_002390_frame_or_metadata_only,+740-142-067/002-374-310-350-495-834+
3875.1,Sktd-1,Surkotada,SEAL:S,Bull1,RAN,390 004,004,390 004,390,390 125 820,125,820,no,yes,checkpoint_permissive_public_panel,+390-004-002-390-125-820+
3882.1,-,Susa,SEAL:CY,Gaur,Trough,416 150,150,416 150,055,055 031 319 001 924,<NOT_002390>,<NOT_002390>,<NOT_002390>,no,not_in_002390_frame_or_metadata_only,+416-150-002-055-031-319-001-924+
3884.1,-,Tell Umma,TAG:L,Bull1,SAN,390 004,004,390 004,705,705 127,<NOT_002390>,<NOT_002390>,<NOT_002390>,no,not_in_002390_frame_or_metadata_only,+390-004-002-705-127+
3886.1,TY-106,Tepe Yahya,POT:T:s,None,None,<START>,<START>,<START>,095,095 000,<NOT_002390>,<NOT_002390>,<NOT_002390>,no,not_in_002390_frame_or_metadata_only,+002-095-000[
3892.1,?-3,Unknown,SEAL:S,None,None,<START>,<START>,<START>,368,368 590 900,<NOT_002390>,<NOT_002390>,<NOT_002390>,no,not_in_002390_frame_or_metadata_only,+002-368-590-900+
3894.1,?-5,Unknown,TAB:B,None,None,555 233,233,555 233,820,820,<NOT_002390>,<NOT_002390>,<NOT_002390>,no,not_in_002390_frame_or_metadata_only,+555-233-002-820+
3895.1,?-6,Unknown,TAB:B,None,None,740 702 061,061,702 061,817,817,<NOT_002390>,<NOT_002390>,<NOT_002390>,no,not_in_002390_frame_or_metadata_only,+740-702-061-002-817+
3896.1,-,Unknown,SEAL:S,Bull1:W,SAF,740 222 235,235,222 235,820,820,<NOT_002390>,<NOT_002390>,<NOT_002390>,no,not_in_002390_frame_or_metadata_only,+740-222-235-002-820+
3898.1,-,Ur,SEAL:C,Gaur,None,<START>,<START>,<START>,004,004 328 001 803 415,<NOT_002390>,<NOT_002390>,<NOT_002390>,no,not_in_002390_frame_or_metadata_only,+002-004-328-001-803-415+
3908.1,M-1670,Mohenjo-daro,SEAL:S,Bull1:II,SAN,740 760 001 233,233,001 233,861,861,<NOT_002390>,<NOT_002390>,<NOT_002390>,no,not_in_002390_frame_or_metadata_only,+740-760-001-233-002-861+
3909.1,M-1698,Mohenjo-daro,SEAL:S,Bull1:W,SAF,740 482 033 705,705,033 705,861,861 803,<NOT_002390>,<NOT_002390>,<NOT_002390>,no,not_in_002390_frame_or_metadata_only,+740-482-033-705-002-861-803+
3922.1,H-1037,Harappa,SEAL:S,Bull1:U,SAN,740 904 032,032,904 032,000,000,<NOT_002390>,<NOT_002390>,<NOT_002390>,no,not_in_002390_frame_or_metadata_only,+740-904-032-002-000+
3925.1,H-1048,Harappa,SEAL:S,Bull1:W,SAF,740 032 840 235,235,840 235,817,817,<NOT_002390>,<NOT_002390>,<NOT_002390>,no,not_in_002390_frame_or_metadata_only,+740-032-840-235-002-817+
3926.1,H-1049,Harappa,SEAL:S,Bull1:W,SAN,405 004,004,405 004,933,933,<NOT_002390>,<NOT_002390>,<NOT_002390>,no,not_in_002390_frame_or_metadata_only,+405-004-002-933+
3930.1,H-1076,Harappa,SEAL:R,None,None,740 611 706,706,611 706,820,820,<NOT_002390>,<NOT_002390>,<NOT_002390>,no,not_in_002390_frame_or_metadata_only,+740-611-706-002-820+
3931.1,H-1079,Harappa,SEAL:R,None,None,740 390 590,590,390 590,000,000,<NOT_002390>,<NOT_002390>,<NOT_002390>,no,not_in_002390_frame_or_metadata_only,+740-390-590-002-000[
3948.1,H-2571,Harappa,MISC,-,-,<START>,<START>,<START>,000,000,<NOT_002390>,<NOT_002390>,<NOT_002390>,no,not_in_002390_frame_or_metadata_only,+002-000+
3959.1,H-1100,Harappa,TAB:B,Bull2,SAN,740 904 240,240,904 240,817,817,<NOT_002390>,<NOT_002390>,<NOT_002390>,no,not_in_002390_frame_or_metadata_only,+740-904-240-002-817+
3970.1,H-1130,Harappa,TAB:B,None,None,740 482 240,240,482 240,861,861,<NOT_002390>,<NOT_002390>,<NOT_002390>,no,not_in_002390_frame_or_metadata_only,+740-482-240-002-861+
3971.1,H-1131,Harappa,TAB:B,None,None,740 482 240,240,482 240,861,861,<NOT_002390>,<NOT_002390>,<NOT_002390>,no,not_in_002390_frame_or_metadata_only,+740-482-240-002-861+
3986.1,M-1754,Mohenjo-daro,SEAL:S,Bull1,SAN,000 000,000,000 000,820,820,<NOT_002390>,<NOT_002390>,<NOT_002390>,no,not_in_002390_frame_or_metadata_only,+000-000-002-820+
3989.1,M-1788,Mohenjo-daro,SEAL:S,Bull1:I,RAN,000 220 032,032,220 032,817,817,<NOT_002390>,<NOT_002390>,<NOT_002390>,no,not_in_002390_frame_or_metadata_only,+000-220-032-002-817+
3990.1,M-1806,Mohenjo-daro,SEAL:S,Bull1:S,SAN,390 003,003,390 003,820,820,<NOT_002390>,<NOT_002390>,<NOT_002390>,no,not_in_002390_frame_or_metadata_only,+390-003-002-820+
3991.1,M-1823,Mohenjo-daro,SEAL:S,Bull1:S,RAN,390 004,004,390 004,031,031 376,<NOT_002390>,<NOT_002390>,<NOT_002390>,no,not_in_002390_frame_or_metadata_only,+390-004-002-031-376+
3992.1,M-1825,Mohenjo-daro,SEAL:S,Bull1,S,157 031,031,157 031,390,390 705,705,<END>,yes,yes,m1825_ia_pakistan_absent_secondary_icon_only_no_signband,+157-031-002-390-705+
4001.1,M-1894,Mohenjo-daro,SEAL:S,Zebu,None,740 440 233,233,440 233,413,413 368 031,<NOT_002390>,<NOT_002390>,<NOT_002390>,no,not_in_002390_frame_or_metadata_only,+740-440-233-002-413-368-031+
4002.1,M-1909,Mohenjo-daro,SEAL:S,Rhin,None,368 005,005,368 005,590,590 455,<NOT_002390>,<NOT_002390>,<NOT_002390>,no,not_in_002390_frame_or_metadata_only,+368-005-002-590-455+
4006.1,M-1959,Mohenjo-daro,SEAL:R,None,None,740 100 000,000,100 000,820,820,<NOT_002390>,<NOT_002390>,<NOT_002390>,no,not_in_002390_frame_or_metadata_only,+740-100-000-002-820+
4010.1,M-1973,Mohenjo-daro,SEAL:R,None,None,740 575 017 233 550,550,233 550,861,861,<NOT_002390>,<NOT_002390>,<NOT_002390>,no,not_in_002390_frame_or_metadata_only,+740-575-017-233-550-002-861+
4015.1,M-2012,Mohenjo-daro,TAB:B,Bull1,SAN,740 900 005,005,900 005,570,570,<NOT_002390>,<NOT_002390>,<NOT_002390>,no,not_in_002390_frame_or_metadata_only,+740-900-005-002-570+
4018.1,M-1995,Mohenjo-daro,SEAL,None,None,000 220 832,832,220 832,000,000 000,<NOT_002390>,<NOT_002390>,<NOT_002390>,no,not_in_002390_frame_or_metadata_only,]000-220-832-002-000-000[
4030.1,M-2055,Mohenjo-daro,TAB:C,None,None,<START>,<START>,<START>,407,407 125 590 831,<NOT_002390>,<NOT_002390>,<NOT_002390>,no,not_in_002390_frame_or_metadata_only,+002-407-125-590-831+
4034.1,M-2087,Mohenjo-daro,ROD,None,None,820 000 032 740 904,904,740 904,861,861,<NOT_002390>,<NOT_002390>,<NOT_002390>,no,not_in_002390_frame_or_metadata_only,+820-000-032-740-904-002-861+
4045.1,M-2112,Mohenjo-daro,ROD,None,None,000 000 095 550 003,003,550 003,000,000,<NOT_002390>,<NOT_002390>,<NOT_002390>,no,not_in_002390_frame_or_metadata_only,+000-000-095-550-003-002-000+
4047.1,M-2128,Mohenjo-daro,IMPL,None,None,041 705,705,041 705,905,905,<NOT_002390>,<NOT_002390>,<NOT_002390>,no,not_in_002390_frame_or_metadata_only,+041-705-002-905+
4122.1,H-1449,Harappa,POT:T:g,-,None,<START>,<START>,<START>,861,861,<NOT_002390>,<NOT_002390>,<NOT_002390>,no,not_in_002390_frame_or_metadata_only,]002-861+
4148.1,-,Rakhigarhi,SEAL:S,Bull1,-,740 690 435 255,255,435 255,267,267 000 033,<NOT_002390>,<NOT_002390>,<NOT_002390>,no,not_in_002390_frame_or_metadata_only,+740-690-435-255-002-267-000-033+
4154.1,-,Rakhigarhi,SEAL:S,Bull1,-,240 803,803,240 803,861,861,<NOT_002390>,<NOT_002390>,<NOT_002390>,no,not_in_002390_frame_or_metadata_only,]240-803-002-861+
4155.1,-,Gonur Depe,SEAL:S,Elep,None,740 390 590 125 220 235,235,220 235,285,285,<NOT_002390>,<NOT_002390>,<NOT_002390>,no,not_in_002390_frame_or_metadata_only,+740-390-590-125-220-235-002-285+
4156.1,-,Dholavira,TAG,Bull1,?AN,520 000,000,520 000,820,820,<NOT_002390>,<NOT_002390>,<NOT_002390>,no,not_in_002390_frame_or_metadata_only,+520-000-002-820+
4156.2,-,Dholavira,TAG,Bull1,?AN,000 000,000,000 000,820,820,<NOT_002390>,<NOT_002390>,<NOT_002390>,no,not_in_002390_frame_or_metadata_only,+000-000-002-820+
4164.1,-,Dholavira,SEAL:R,None,None,423 003 001 423,423,001 423,031,031 104,<NOT_002390>,<NOT_002390>,<NOT_002390>,no,not_in_002390_frame_or_metadata_only,+423-003-001-423-002-031-104+
4168.1,-,Dholavira,SEAL:R,None,None,840 527,527,840 527,000,000,<NOT_002390>,<NOT_002390>,<NOT_002390>,no,not_in_002390_frame_or_metadata_only,+840-527-002-000+
4173.1,-,Salut,SEAL:S,Gaur,Trough,392 004,004,392 004,278,278 595,<NOT_002390>,<NOT_002390>,<NOT_002390>,no,not_in_002390_frame_or_metadata_only,+392-004-002-278-595+
4182.1,-,Dholavira,SEAL:S,Bull1,-,740 390 590 231,231,590 231,705,705 530 904,<NOT_002390>,<NOT_002390>,<NOT_002390>,no,not_in_002390_frame_or_metadata_only,+740-390-590-231-002-705-530-904+
4195.1,-,Dholavira,SEAL:S,Bull1:V,HAN,820 390 590,590,390 590,861,861,<NOT_002390>,<NOT_002390>,<NOT_002390>,no,not_in_002390_frame_or_metadata_only,+820-390-590-002-861+
4196.1,-,Dholavira,SEAL:S,Bull1:J,SAN,391,391,391,365,365 550,<NOT_002390>,<NOT_002390>,<NOT_002390>,no,not_in_002390_frame_or_metadata_only,+391-002-365-550+
4197.1,-,Dholavira,SEAL:R,None,None,001 000 000 832 904,904,832 904,817,817,<NOT_002390>,<NOT_002390>,<NOT_002390>,no,not_in_002390_frame_or_metadata_only,+001-000-000-832-904-002-817+
4200.1,-,Dholavira,TAB:I,None,None,575 031,031,575 031,226,226 231,<NOT_002390>,<NOT_002390>,<NOT_002390>,no,not_in_002390_frame_or_metadata_only,+575-031-002-226-231[
4203.1,-,Dholavira,SEAL:S,Bull1:I,RAF,463 513 390 017,017,390 017,463,463 575,<NOT_002390>,<NOT_002390>,<NOT_002390>,no,not_in_002390_frame_or_metadata_only,+463-513/390-017-002-463-575+
4209.1,-,Dholavira,SEAL:S,Gaur,Trough,740 384,384,740 384,629,629 279,<NOT_002390>,<NOT_002390>,<NOT_002390>,no,not_in_002390_frame_or_metadata_only,+740-384-002-629-279+
4211.1,-,Dholavira,SEAL,-,-,740 100 235,235,100 235,817,817,<NOT_002390>,<NOT_002390>,<NOT_002390>,no,not_in_002390_frame_or_metadata_only,+740-100-235-002-817+
4234.1,-,Dholavira,SEAL:S,Bull1,-,000 000,000,000 000,820,820,<NOT_002390>,<NOT_002390>,<NOT_002390>,no,not_in_002390_frame_or_metadata_only,]000-000-002-820+
4237.1,-,Dholavira,SEAL:S,Bull1:I,RB,151 032 388,388,032 388,390,390 705,705,<END>,yes,yes,dholavira_8758_cluster_unbound_image_conflict,+151-032-388-002-390-705+
4244.1,-,Dholavira,MISC,-,-,033 705 233 235,235,233 235,457,457,<NOT_002390>,<NOT_002390>,<NOT_002390>,no,not_in_002390_frame_or_metadata_only,+033-705-233-235-002-457+
4252.1,-,Dholavira,SEAL:S,Bull1:V,-,740 760 175,175,760 175,000,000,<NOT_002390>,<NOT_002390>,<NOT_002390>,no,not_in_002390_frame_or_metadata_only,+740-760-175-002-000[
4260.1,-,Dholavira,SEAL:R,None,None,390 016,016,390 016,861,861,<NOT_002390>,<NOT_002390>,<NOT_002390>,no,not_in_002390_frame_or_metadata_only,+390-016-002-861+
4270.1,-,Dholavira,SEAL:R,None,None,806,806,806,808,808,<NOT_002390>,<NOT_002390>,<NOT_002390>,no,not_in_002390_frame_or_metadata_only,]806-002-808+
4272.1,-,Dholavira,SEAL:R,None,None,405 016,016,405 016,861,861,<NOT_002390>,<NOT_002390>,<NOT_002390>,no,not_in_002390_frame_or_metadata_only,+405-016-002-861+
4277.1,-,Dholavira,SEAL:R,None,None,740 067 900,900,067 900,003,003,<NOT_002390>,<NOT_002390>,<NOT_002390>,no,not_in_002390_frame_or_metadata_only,+740-067-900-002-003+
4298.1,-,Dholavira,TAG,-,-,220 000,000,220 000,000,000,<NOT_002390>,<NOT_002390>,<NOT_002390>,no,not_in_002390_frame_or_metadata_only,]220-000-002-000[
4302.1,-,Dholavira,TAB:B,Scene,None,740 519,519,740 519,900,900 630,<NOT_002390>,<NOT_002390>,<NOT_002390>,no,not_in_002390_frame_or_metadata_only,+740-519-002-900-630+
4303.1,-,Dholavira,TAG,Bull1,-,706,706,706,850,850,<NOT_002390>,<NOT_002390>,<NOT_002390>,no,not_in_002390_frame_or_metadata_only,]706-002-850+
4310.1,-,Dholavira,TAG,-,-,<START>,<START>,<START>,817,817,<NOT_002390>,<NOT_002390>,<NOT_002390>,no,not_in_002390_frame_or_metadata_only,]002-817[
4314.1,-,Dholavira,TAG,Bull1,RAN,520 000,000,520 000,820,820,<NOT_002390>,<NOT_002390>,<NOT_002390>,no,not_in_002390_frame_or_metadata_only,+520-000-002-820+
4314.2,-,Dholavira,TAG,Bull1,RAN,520 000,000,520 000,000,000,<NOT_002390>,<NOT_002390>,<NOT_002390>,no,not_in_002390_frame_or_metadata_only,+520-000-002-000+
4344.1,-,Dholavira,TAG,-,-,240,240,240,031,031 000,<NOT_002390>,<NOT_002390>,<NOT_002390>,no,not_in_002390_frame_or_metadata_only,]240-002-031-000[
4345.1,-,Dholavira,TAG,Bull1,-,000 705,705,000 705,861,861,<NOT_002390>,<NOT_002390>,<NOT_002390>,no,not_in_002390_frame_or_metadata_only,+000-705-002-861+
4346.1,-,Dholavira,TAG,Bull1,-,000 032 840,840,032 840,000,000,<NOT_002390>,<NOT_002390>,<NOT_002390>,no,not_in_002390_frame_or_metadata_only,]000-032-840-002-000+
4348.1,-,Dholavira,TAG,-,-,740 142 000,000,142 000,861,861 390,<NOT_002390>,<NOT_002390>,<NOT_002390>,no,not_in_002390_frame_or_metadata_only,]740-142-000-002-861-390[
4580.1,H-1155,Harappa,TAB:B,Bull1:I,None,520 240,240,520 240,405,405 501,<NOT_002390>,<NOT_002390>,<NOT_002390>,no,not_in_002390_frame_or_metadata_only,+520-240-002-405-501+
4894.1,Ns-56,Nausharo,SEAL:S,Bull1:I,None,111,111,111,001,001 250,<NOT_002390>,<NOT_002390>,<NOT_002390>,no,not_in_002390_frame_or_metadata_only,+111-002-001-250+
5226.1,-,Unknown,SEAL:C,Bird,Othr,<START>,<START>,<START>,000,000 090 725 000,<NOT_002390>,<NOT_002390>,<NOT_002390>,no,not_in_002390_frame_or_metadata_only,+002/000-090-725-000+
5235.1,-,Lakhanjo-daro,SEAL:S,Bull1:S,SAN,740 032 029,029,032 029,281,281,<NOT_002390>,<NOT_002390>,<NOT_002390>,no,not_in_002390_frame_or_metadata_only,+740-032-029-002-281+
5260.1,L-6,Lothal,SEAL:S,Bull1,SAN,000 000 000,000,000 000,000,000,<NOT_002390>,<NOT_002390>,<NOT_002390>,no,not_in_002390_frame_or_metadata_only,+000-000-000-002-000+
5262.1,H-470,Harappa,SEAL:S,Bull1:W,RAN,<START>,<START>,<START>,000,000,<NOT_002390>,<NOT_002390>,<NOT_002390>,no,not_in_002390_frame_or_metadata_only,]002-000[
5273.1,K-145,Kalibangan,SEAL:S,Bull1:J,SAF,740 585 231 220 032,032,220 032,820,820,<NOT_002390>,<NOT_002390>,<NOT_002390>,no,not_in_002390_frame_or_metadata_only,+740-585-231-220-032-002-820+
5274.1,K-146,Kalibangan,SEAL:S,Bull1:J,-,460 350,350,460 350,296,296 000,<NOT_002390>,<NOT_002390>,<NOT_002390>,no,not_in_002390_frame_or_metadata_only,]460-350-002-296-000[
5281.1,K-156,Kalibangan,TAG,Bull1,-,892 890 417,417,890 417,056,056 091,<NOT_002390>,<NOT_002390>,<NOT_002390>,no,not_in_002390_frame_or_metadata_only,+892-890-417-002-056-091+
5282.1,K-155,Kalibangan,TAG,Bull1,-,<START>,<START>,<START>,817,817 000,<NOT_002390>,<NOT_002390>,<NOT_002390>,no,not_in_002390_frame_or_metadata_only,]002-817-000+
5283.1,K-157,Kalibangan,TAB:B,Gavi,None,740 000 000,000,000 000,820,820,<NOT_002390>,<NOT_002390>,<NOT_002390>,no,not_in_002390_frame_or_metadata_only,+740-000-000-002-820+
5285.1,K-160,Kalibangan,POT:T:g,None,None,032 999,999,032 999,<END>,<END>,<NOT_002390>,<NOT_002390>,<NOT_002390>,no,not_in_002390_frame_or_metadata_only,+032-999-002+
5314.1,K-387,Kalibangan,POT:T:g,-,-,000 231,231,000 231,<END>,<END>,<NOT_002390>,<NOT_002390>,<NOT_002390>,no,not_in_002390_frame_or_metadata_only,]000-231-002[
5320.1,K-400,Kalibangan,POT:T:g,-,-,849,849,849,<END>,<END>,<NOT_002390>,<NOT_002390>,<NOT_002390>,no,not_in_002390_frame_or_metadata_only,+849-002[
5331.1,K-416,Kalibangan,POT:T:g,-,-,000,000,000,861,861,<NOT_002390>,<NOT_002390>,<NOT_002390>,no,not_in_002390_frame_or_metadata_only,]000-002-861[
5334.1,K-419,Kalibangan,POT:T:g,-,-,740 912,912,740 912,000,000,<NOT_002390>,<NOT_002390>,<NOT_002390>,no,not_in_002390_frame_or_metadata_only,]740-912-002-000[
5343.1,K-429,Kalibangan,POT:T:g,-,-,<START>,<START>,<START>,031,031 820,<NOT_002390>,<NOT_002390>,<NOT_002390>,no,not_in_002390_frame_or_metadata_only,]002-031-820[
5344.1,K-431,Kalibangan,POT:T:g,-,-,000 000 406,406,000 406,820,820,<NOT_002390>,<NOT_002390>,<NOT_002390>,no,not_in_002390_frame_or_metadata_only,]000-000-406-002-820+
5356.1,Ns-54,Nausharo,SEAL:S,Bull1:J,RAF,740 222,222,740 222,817,817,<NOT_002390>,<NOT_002390>,<NOT_002390>,no,not_in_002390_frame_or_metadata_only,+740-222-002-817+
5357.1,Ns-55,Nausharo,SEAL:S,Bull1:J,RBN,526 554,554,526 554,880,880,<NOT_002390>,<NOT_002390>,<NOT_002390>,no,not_in_002390_frame_or_metadata_only,+526-554-002-880+
5358.1,Ns-57,Nausharo,SEAL:S,Bull1:I,HBF,861 111 606,606,111 606,820,820,<NOT_002390>,<NOT_002390>,<NOT_002390>,no,not_in_002390_frame_or_metadata_only,+861-111-606-002-820+
5361.1,Ns-60,Nausharo,SEAL:R,None,None,407 063 740 176 236 798,798,236 798,297,297 350 125 413,<NOT_002390>,<NOT_002390>,<NOT_002390>,no,not_in_002390_frame_or_metadata_only,+407-063-740-176-236-798-002-297-350-125-413+
5367.1,Ns-66,Nausharo,POT:T:g,None,None,033 999 400 090 740 100 000,000,100 000,892,892 000 002,<NOT_002390>,<NOT_002390>,<NOT_002390>,no,not_in_002390_frame_or_metadata_only,+033-999-400-090-740-100-000-002-892-000-002+
5367.1,Ns-66,Nausharo,POT:T:g,None,None,033 999 400 090 740 100 000 002 892 000,000,892 000,<END>,<END>,<NOT_002390>,<NOT_002390>,<NOT_002390>,no,not_in_002390_frame_or_metadata_only,+033-999-400-090-740-100-000-002-892-000-002+
5368.1,Ns-67,Nausharo,POT:T:g,-,-,000 151 390 000,000,390 000,000,000 000,<NOT_002390>,<NOT_002390>,<NOT_002390>,no,not_in_002390_frame_or_metadata_only,+000-151-390-000-002-000-000[
5379.1,Ns-79,Nausharo,POT:T:g,-,-,032 480,480,032 480,<END>,<END>,<NOT_002390>,<NOT_002390>,<NOT_002390>,no,not_in_002390_frame_or_metadata_only,]032-480-002[
5420.1,-,Kanmer,TAG,None,None,000 049,049,000 049,820,820,<NOT_002390>,<NOT_002390>,<NOT_002390>,no,not_in_002390_frame_or_metadata_only,]000-049-002-820+
5464.1,-,Unknown,SEAL:S,Elep,None,000 840 140,140,840 140,817,817,<NOT_002390>,<NOT_002390>,<NOT_002390>,no,not_in_002390_frame_or_metadata_only,+000-840-140-002-817+
5468.1,-,Rakhigarhi,SEAL:CY,Gavi,None,361,361,361,000,000 317 688,<NOT_002390>,<NOT_002390>,<NOT_002390>,no,not_in_002390_frame_or_metadata_only,+361-002-000-317-688+
5541.1,-,Shikarpur,POT:T:p,-,-,<START>,<START>,<START>,861,861 000,<NOT_002390>,<NOT_002390>,<NOT_002390>,no,not_in_002390_frame_or_metadata_only,+002-861-000[
5550.1,-,Shikarpur,POT:T:p,-,-,<START>,<START>,<START>,920,920,<NOT_002390>,<NOT_002390>,<NOT_002390>,no,not_in_002390_frame_or_metadata_only,]002-920+
5572.1,-,Unknown,SEAL:S,Bull:i:J,RBF,136,136,136,298,298 741,<NOT_002390>,<NOT_002390>,<NOT_002390>,no,not_in_002390_frame_or_metadata_only,+136-002-298-741+
5575.1,-,Unknown,SEAL:S,Bull:i:J,HBF,136,136,136,861,861,<NOT_002390>,<NOT_002390>,<NOT_002390>,no,not_in_002390_frame_or_metadata_only,+136-002-861+
5576.1,-,Unknown,SEAL:S,Tigr,Trough,368 415 104,104,415 104,824,824,<NOT_002390>,<NOT_002390>,<NOT_002390>,no,not_in_002390_frame_or_metadata_only,+368-415-104-002-824+
5579.1,-,Dholavira,SEAL:R,None,None,231 226,226,231 226,031,031 575,<NOT_002390>,<NOT_002390>,<NOT_002390>,no,not_in_002390_frame_or_metadata_only,]231-226-002-031-575+
