"cisi","source_hint_count","best_source_rank","best_source_file","best_status_text","best_source_url","best_local_image","best_sha256","best_note","source_files"
"M-240","20","85","campaign_032_002_branch_tail_token_order_verdicts.csv","source_single_line:yes | pass_tail_continuation_candidate | confidence:medium | global all-002 tail family 861->603 occurs 3 times","","C:\Users\Acer\OneDrive\Documents\ivc\tmp\032_002_branch_tail_source_acquisition\M240_impression_a_signband_from_cisi_india_n095.png","","","campaign_032_002_861_source_token_attachment_boxes.csv;campaign_032_002_861_source_token_attachment_verdicts.csv;campaign_032_002_861_suffix_split_source_routes.csv;campaign_032_002_branch_tail_source_crops.csv;campaign_032_002_branch_tail_source_routes.csv;campaign_032_002_branch_tail_token_order_boxes.csv;campaign_032_002_branch_tail_token_order_verdicts.csv;campaign_032_002_source_normalized_branch_tail_decisive_rows.csv;campaign_032_002_source_normalized_branch_tail_family_rows.csv;campaign_032_002_tail_source_queue.csv;campaign_032_002_y_source_manifest.csv;campaign_032_002_y_source_route_probe.csv"
"M-49","17","85","campaign_032_002_branch_tail_token_order_verdicts.csv","source_single_line:yes | pass_existing_token_box | confidence:medium | later 032 tail: 300-350-032-190","","C:\Users\Acer\OneDrive\Documents\ivc\tmp\032_002_y_source_function_batch\M49_target_300_fullpanel_a.png","","","campaign_032_002_branch_tail_token_order_boxes.csv;campaign_032_002_branch_tail_token_order_verdicts.csv;campaign_032_002_source_normalized_branch_tail_decisive_rows.csv;campaign_032_002_tail_source_queue.csv;campaign_032_002_y_source_function_batch2.csv;campaign_032_002_y_source_function_current_table.csv;campaign_032_002_y_source_function_sourceclean_features.csv;campaign_032_002_y_source_manifest.csv;campaign_032_002_y_source_route_probe.csv;effective_unicity_directionality_source_queue_source_index.csv;source_box_blind_adjudication_key.csv;source_box_blind_adjudication_scored_rows.csv"
"M-70","10","85","campaign_032_002_branch_tail_token_order_verdicts.csv","source_single_line:yes | pass_branch_head_continuation_candidate | confidence:medium | 390 branch-head family; compare next to 390->125/705 and unknown 390->590-032","","C:\Users\Acer\OneDrive\Documents\ivc\tmp\032_002_branch_tail_source_acquisition\M70_impression_a_signband_from_cisi_india_n066.png","","","campaign_032_002_branch_tail_source_crops.csv;campaign_032_002_branch_tail_source_routes.csv;campaign_032_002_branch_tail_token_order_boxes.csv;campaign_032_002_branch_tail_token_order_verdicts.csv;campaign_032_002_source_normalized_branch_tail_decisive_rows.csv;effective_unicity_directionality_m70_source_pilot.csv;effective_unicity_directionality_source_queue_source_index.csv"
"M-91","19","85","campaign_032_002_branch_tail_token_order_verdicts.csv","source_single_line:yes | pass_tail_continuation_candidate_lowres | confidence:medium_low | singleton 861->255-416; supports nonterminal 861 but not a repeated tail family yet","","C:\Users\Acer\OneDrive\Documents\ivc\tmp\032_002_branch_tail_source_acquisition\M91_impression_a_signband_from_cisi_india_n071.png","","","campaign_032_002_861_source_token_attachment_boxes.csv;campaign_032_002_861_source_token_attachment_verdicts.csv;campaign_032_002_861_suffix_split_source_routes.csv;campaign_032_002_branch_tail_source_crops.csv;campaign_032_002_branch_tail_source_routes.csv;campaign_032_002_branch_tail_token_order_boxes.csv;campaign_032_002_branch_tail_token_order_verdicts.csv;campaign_032_002_source_normalized_branch_tail_decisive_rows.csv;campaign_032_002_tail_source_queue.csv;campaign_032_002_y_source_manifest.csv;campaign_032_002_y_source_route_probe.csv;effective_unicity_directionality_source_queue_source_index.csv"
"C-10","11","80","source_visible_032_002_y_witness_matrix.csv","chanhu_daro_plate_route | source_visible_lowres_token_box_candidate | candidate_pass_lowres:3","","C:\Users\Acer\OneDrive\Documents\ivc\tmp\chanhudaro_mackay_1943\crops_final\C10_non240_817_plateLI_no29_context.png","","Upgrades non-240 A-220 817 branch at Chanhu-daro; supports 817 outside target/240 frame.","campaign_032_002_tail_source_queue.csv;campaign_032_002_y_source_function_batch3_chanhudaro.csv;campaign_032_002_y_source_function_current_table.csv;campaign_032_002_y_source_function_sourceclean_features.csv;campaign_032_002_y_source_manifest.csv;campaign_032_002_y_source_route_probe.csv;effective_unicity_directionality_source_queue_source_index.csv;source_box_blind_adjudication_key.csv;source_box_blind_adjudication_scored_rows.csv;source_visible_032_002_y_witness_matrix.csv"
"C-60","11","80","source_visible_032_002_y_witness_matrix.csv","chanhu_daro_plate_route | source_visible_weak_token_box_candidate | candidate_weak:3","","C:\Users\Acer\OneDrive\Documents\ivc\tmp\chanhudaro_mackay_1943\crops_final\C60_outside_861_plateLII_no24_context.png","","Adds Chanhu-daro outside-control 861; strengthens portable 002-861 branch across sites.","campaign_032_002_tail_source_queue.csv;campaign_032_002_y_source_function_batch3_chanhudaro.csv;campaign_032_002_y_source_function_current_table.csv;campaign_032_002_y_source_function_sourceclean_features.csv;campaign_032_002_y_source_manifest.csv;campaign_032_002_y_source_route_probe.csv;effective_unicity_directionality_source_queue_source_index.csv;source_box_blind_adjudication_key.csv;source_box_blind_adjudication_scored_rows.csv;source_visible_032_002_y_witness_matrix.csv"
"H-444","14","80","source_visible_032_002_y_witness_matrix.csv","source_volume_ocr_hit | source_visible_medium_token_box_candidate | candidate_pass:3","","C:\Users\Acer\OneDrive\Documents\ivc\tmp\032_002_y_source_function_batch\H444_non240_861_page310_full_panel_context.png","","Non-240 A-220 core control. Strong row-level source witness for same-line 032-002-Y packet.","campaign_032_002_861_bare_edge_source_controls_crops.csv;campaign_032_002_861_bare_edge_source_controls_rows.csv;campaign_032_002_tail_source_queue.csv;campaign_032_002_y_source_function_batch1.csv;campaign_032_002_y_source_function_current_table.csv;campaign_032_002_y_source_function_sourceclean_features.csv;campaign_032_002_y_source_manifest.csv;campaign_032_002_y_source_route_probe.csv;effective_unicity_directionality_source_queue_source_index.csv;effective_unicity_directionality_source_visible_861_rows.csv;source_box_blind_adjudication_key.csv;source_box_blind_adjudication_scored_rows.csv"
"H-597","11","80","source_visible_032_002_y_witness_matrix.csv","source_volume_ocr_hit | source_visible_medium_low_token_box_candidate | candidate_pass:3","","C:\Users\Acer\OneDrive\Documents\ivc\tmp\032_002_y_source_function_batch\H597_outside_861_pakistan_0331_label_context.png","","Useful Harappa outside control; local duplicate sides have same text, reducing side-mapping risk.","campaign_032_002_tail_source_queue.csv;campaign_032_002_y_source_function_batch2.csv;campaign_032_002_y_source_function_current_table.csv;campaign_032_002_y_source_function_sourceclean_features.csv;campaign_032_002_y_source_manifest.csv;campaign_032_002_y_source_route_probe.csv;effective_unicity_directionality_source_queue_source_index.csv;source_box_blind_adjudication_key.csv;source_box_blind_adjudication_scored_rows.csv;source_visible_032_002_y_witness_matrix.csv"
"M-1273","16","80","campaign_032_002_861_source_token_attachment_verdicts.csv","same_line_candidate_present_strongest_603 | confidence:medium_high","","C:\Users\Acer\OneDrive\Documents\ivc\tmp\032_002_861_suffix_split\M1273_impression_a_cisi_pakistan_n195.png","186b36772f6dc4baf3cd92f047d6b8dfa47f9bb9539ec01fffa81388dc732100","Short five-sign row with crisp separated graphic units; the terminal-side candidate is on the same line and not visibly fused to the preceding cluster.","campaign_032_002_861_533717_source_controls_crops.csv;campaign_032_002_861_source_token_attachment_boxes.csv;campaign_032_002_861_source_token_attachment_verdicts.csv;campaign_032_002_861_suffix_split_source_crops.csv;campaign_032_002_861_suffix_split_source_routes.csv;campaign_032_002_source_normalized_branch_tail_family_rows.csv;effective_unicity_directionality_source_queue_source_index.csv;effective_unicity_directionality_source_visible_861_rows.csv;source_box_blind_adjudication_key.csv;source_box_blind_adjudication_scored_rows.csv;source_box_negative_control_candidates.csv"
"M-21","11","80","source_visible_032_002_y_witness_matrix.csv","source_volume_ocr_hit | source_visible_medium_token_box_candidate | candidate_pass:3","","C:\Users\Acer\OneDrive\Documents\ivc\tmp\032_002_y_source_function_batch\M21_outside_861_fullpanel_a.png","","High-value outside control for whether 032-002-861 is a general tail packet or A-220-linked.","campaign_032_002_tail_source_queue.csv;campaign_032_002_y_source_function_batch2.csv;campaign_032_002_y_source_function_current_table.csv;campaign_032_002_y_source_function_sourceclean_features.csv;campaign_032_002_y_source_manifest.csv;campaign_032_002_y_source_route_probe.csv;effective_unicity_directionality_source_queue_source_index.csv;source_box_blind_adjudication_key.csv;source_box_blind_adjudication_scored_rows.csv;source_visible_032_002_y_witness_matrix.csv"
"M-375","11","80","source_visible_032_002_y_witness_matrix.csv","source_volume_ocr_hit | source_visible_medium_low_token_box_candidate | candidate_pass:3","","C:\Users\Acer\OneDrive\Documents\ivc\tmp\032_002_y_source_function_batch\M375_non240_820_hit2_india_0128_label_context.png","","Good source-visible non-240 A-220 control outside the square seal surface: SEAL:R cuboid-convex.","campaign_032_002_tail_source_queue.csv;campaign_032_002_y_source_function_batch2.csv;campaign_032_002_y_source_function_current_table.csv;campaign_032_002_y_source_function_sourceclean_features.csv;campaign_032_002_y_source_manifest.csv;campaign_032_002_y_source_route_probe.csv;effective_unicity_directionality_source_queue_source_index.csv;source_box_blind_adjudication_key.csv;source_box_blind_adjudication_scored_rows.csv;source_visible_032_002_y_witness_matrix.csv"
"M-376","14","80","campaign_032_002_861_source_token_attachment_verdicts.csv","same_line_candidate_present | confidence:medium","","C:\Users\Acer\OneDrive\Documents\ivc\tmp\032_002_861_suffix_split\M376_impression_a_cisi_india_n129.png","27ebb1a1e0c3906ce1aacde047a55bb5cf90d4a46da220d8a0eddcd63ab78b55","A/a witnesses show one continuous row; the terminal-side candidate cluster is visually separated from the preceding cluster, with no obvious fusion or side split.","campaign_032_002_861_source_token_attachment_boxes.csv;campaign_032_002_861_source_token_attachment_verdicts.csv;campaign_032_002_861_suffix_split_source_crops.csv;campaign_032_002_861_suffix_split_source_routes.csv;campaign_032_002_source_normalized_branch_tail_family_rows.csv;effective_unicity_directionality_source_queue_source_index.csv;effective_unicity_directionality_source_visible_861_rows.csv;source_box_blind_adjudication_key.csv;source_box_blind_adjudication_scored_rows.csv;source_box_negative_control_candidates.csv"
"M-391","11","80","campaign_032_002_861_source_token_attachment_verdicts.csv","same_line_candidate_present_long_row | confidence:medium_low","","C:\Users\Acer\OneDrive\Documents\ivc\tmp\032_002_861_suffix_split\M391_impression_a_cisi_india_n131.png","82489fc7320678ed329195a17e1fea72d6330d54eb3e3ba1114614f2227915d4","The source row is long but continuous; terminal-side material remains on the same line and is graphically discrete from the preceding cluster.","campaign_032_002_861_source_token_attachment_boxes.csv;campaign_032_002_861_source_token_attachment_verdicts.csv;campaign_032_002_861_suffix_split_source_crops.csv;campaign_032_002_861_suffix_split_source_routes.csv;campaign_032_002_source_normalized_branch_tail_family_rows.csv;effective_unicity_directionality_source_queue_source_index.csv;effective_unicity_directionality_source_visible_861_rows.csv;source_box_negative_control_candidates.csv"
"M-714","11","80","campaign_032_002_861_source_token_attachment_verdicts.csv","same_line_candidate_present_crowded | confidence:medium_low","","C:\Users\Acer\OneDrive\Documents\ivc\tmp\032_002_861_suffix_split\M714_impression_a_cisi_pakistan_n079.png","c435598fa3aef2af89775835a8a8b4b4f31a11c1452cd3a068ab30f9ceab5151","The top signband is continuous and the terminal-side candidate remains on the same line, but the row is crowded and partly low-contrast.","campaign_032_002_861_source_token_attachment_boxes.csv;campaign_032_002_861_source_token_attachment_verdicts.csv;campaign_032_002_861_suffix_split_source_crops.csv;campaign_032_002_861_suffix_split_source_routes.csv;campaign_032_002_source_normalized_branch_tail_family_rows.csv;effective_unicity_directionality_source_queue_source_index.csv;effective_unicity_directionality_source_visible_861_rows.csv;source_box_negative_control_candidates.csv"
"M-722","11","80","source_visible_032_002_y_witness_matrix.csv","source_volume_ocr_hit | source_visible_medium_token_box_candidate | candidate_pass:3","","C:\Users\Acer\OneDrive\Documents\ivc\tmp\032_002_y_source_function_batch\M722_target_817_page083_label_context.png","","Target 002-817 witness. Crop shows one continuous signband and label M-722 a; object is fragment/poor but source-visible.","campaign_032_002_tail_source_queue.csv;campaign_032_002_y_source_function_batch1.csv;campaign_032_002_y_source_function_current_table.csv;campaign_032_002_y_source_function_sourceclean_features.csv;campaign_032_002_y_source_manifest.csv;campaign_032_002_y_source_route_probe.csv;effective_unicity_directionality_source_queue_source_index.csv;source_box_blind_adjudication_key.csv;source_box_blind_adjudication_scored_rows.csv;source_visible_032_002_y_witness_matrix.csv"
"H-910","12","65","lipi_frame700_034_source_acquisition_manifest.csv","source_visible_component_probe_negative_for_direct_034_415 | source_visible_component_probe_complete_negative_for_direct_034_415","","","","Source page/crops now stored for H-910 B from CISI Pakistan leaf n372 / printed p. 338. Still requires broader triad controls H-916/H-1294 before subtype contrast; H-910 B itself now acts as mirror-order component probe.","effective_unicity_directionality_source_queue_source_index.csv;lipi_frame700_034_source_acquisition_manifest.csv;lipi_frame700_034_source_panel_graph_nodes.csv;lipi_frame700_034_source_route_audit.csv;lipi_frame700_034_two_lane_source_coding_sheet.csv;lipi_frame700_034_two_lane_source_packet.csv;source_box_blind_adjudication_key.csv;source_box_blind_adjudication_scored_rows.csv;source_box_negative_control_candidates.csv"
"M-1044","8","65","campaign_032_002_861_bare_edge_source_controls_rows.csv","source_visible_this_campaign | bare_terminal_edge_visible","","C:\Users\Acer\OneDrive\Documents\ivc\tmp\032_002_861_bare_edge_source_controls\M1044_signband_cisi_pakistan_n138.png","2387097cb40bb7494d59d7ca6454474a634034aa5d50e49dc06819342c13d830","","campaign_032_002_861_bare_edge_source_controls_crops.csv;campaign_032_002_861_bare_edge_source_controls_rows.csv;campaign_032_002_tail_source_queue.csv;campaign_032_002_y_source_manifest.csv;campaign_032_002_y_source_route_probe.csv;effective_unicity_directionality_source_queue_source_index.csv;effective_unicity_directionality_source_visible_861_rows.csv;source_visible_032_002_y_witness_matrix.csv"
"M-118","5","65","campaign_032_002_861_bare_edge_source_controls_rows.csv","source_visible_this_campaign | bare_terminal_edge_visible","","C:\Users\Acer\OneDrive\Documents\ivc\tmp\032_002_861_bare_edge_source_controls\M118_signband_cisi_india_n076.png","82da28dd100bfd3fb231afd7c80e1b3c12670b8c548e1e52e1fbb6228b266db2","","campaign_032_002_861_bare_edge_source_controls_crops.csv;campaign_032_002_861_bare_edge_source_controls_rows.csv;effective_unicity_directionality_source_queue_source_index.csv;effective_unicity_directionality_source_visible_861_rows.csv;source_box_negative_control_candidates.csv"
"M-124","7","65","source_box_negative_control_v2_public_routes.csv","downloaded_and_cropped | source_page_crop_needs_human_boxing | public_cisi_plate_page","https://archive.org/download/TheIndusScript.TextConcordanceAndTablesIravathanMahadevan/Corpus%20of%20Indus%20Seals%20and%20Inscriptions.%20Collections%20in%20India/page/n139_w2000.jpg","tmp/source_box_negative_control_v2/crops/M-124_cisi_india_n139_plate_context_crop.jpg","7f983939ea6114b5a6d5c31d69e1b10331bf72b6da199b71a549a05a1a0c3e21","Broad source-context crop around OCR label; not token-boxed evidence.","effective_unicity_directionality_source_queue_source_index.csv;source_box_negative_control_candidates.csv;source_box_negative_control_v2_panel_crops.csv;source_box_negative_control_v2_public_routes.csv;source_box_negative_control_v2_source_status.csv;source_box_negative_control_v2_targets.csv"
"M-15","5","65","campaign_032_002_861_bare_edge_source_controls_rows.csv","source_visible_this_campaign | bare_terminal_edge_visible","","C:\Users\Acer\OneDrive\Documents\ivc\tmp\032_002_861_bare_edge_source_controls\M15_signband_cisi_india_n046.png","4b0f0d36d93cfef2579a950e7e2e1049f347c3c5af70138585af17d8d2f2e17b","","campaign_032_002_861_bare_edge_source_controls_crops.csv;campaign_032_002_861_bare_edge_source_controls_rows.csv;effective_unicity_directionality_source_queue_source_index.csv;effective_unicity_directionality_source_visible_861_rows.csv;source_box_negative_control_candidates.csv"
"M-38","10","65","source_box_negative_control_v2_public_routes.csv","downloaded_and_cropped | source_page_crop_needs_human_boxing | public_cisi_plate_page","https://archive.org/download/TheIndusScript.TextConcordanceAndTablesIravathanMahadevan/Corpus%20of%20Indus%20Seals%20and%20Inscriptions.%20Collections%20in%20India/page/n55_w2000.jpg","tmp/source_box_negative_control_v2/crops/M-38_cisi_india_n55_plate_context_crop.jpg","e221c5942fcff1c20b0147eb364185047fa621030ae408a72c0e9d8d59d6cb1b","Broad source-context crop around OCR label; not token-boxed evidence.","campaign_032_002_source_normalized_branch_tail_family_rows.csv;effective_unicity_directionality_source_queue_source_index.csv;source_box_negative_control_candidates.csv;source_box_negative_control_v2_panel_crops.csv;source_box_negative_control_v2_public_routes.csv;source_box_negative_control_v2_source_status.csv;source_box_negative_control_v2_targets.csv"
"M-381","8","65","source_box_negative_control_v2_public_routes.csv","downloaded_and_cropped | source_page_crop_needs_human_boxing | public_cisi_plate_page","https://archive.org/download/TheIndusScript.TextConcordanceAndTablesIravathanMahadevan/Corpus%20of%20Indus%20Seals%20and%20Inscriptions.%20Collections%20in%20India/page/n129_w2000.jpg","tmp/source_box_negative_control_v2/crops/M-381_cisi_india_n129_plate_context_crop.jpg","38df032da6e622544fd3c3d8516c197d3e66a0c4494e190f7a844bef044d18eb","Broad source-context crop around OCR label; not token-boxed evidence.","effective_unicity_directionality_source_queue_source_index.csv;source_box_negative_control_candidates.csv;source_box_negative_control_v2_m381_answer_key.csv;source_box_negative_control_v2_panel_crops.csv;source_box_negative_control_v2_public_routes.csv;source_box_negative_control_v2_source_status.csv;source_box_negative_control_v2_targets.csv"
"M-723","8","65","campaign_032_002_861_bare_edge_source_controls_rows.csv","source_visible_this_campaign | bare_terminal_edge_visible","","C:\Users\Acer\OneDrive\Documents\ivc\tmp\032_002_861_bare_edge_source_controls\M723_signband_cisi_pakistan_n082.png","6d2c17ffb1d70927b68c2087ba732f5ef9b4c399becbcb6942a659ea256384f9","","campaign_032_002_861_bare_edge_source_controls_crops.csv;campaign_032_002_861_bare_edge_source_controls_rows.csv;campaign_032_002_tail_source_queue.csv;campaign_032_002_y_source_manifest.csv;campaign_032_002_y_source_route_probe.csv;effective_unicity_directionality_source_queue_source_index.csv;effective_unicity_directionality_source_visible_861_rows.csv;source_visible_032_002_y_witness_matrix.csv"
"M-77","8","65","campaign_032_002_861_bare_edge_source_controls_rows.csv","source_visible_existing | bare_terminal_edge_visible","","C:\Users\Acer\OneDrive\Documents\ivc\tmp\m77_parpola_recurrence_gate\derived\M77_impression_a_signband_v3_from_cisi_india_n68.png","82b0f20bb923f0fbe1957bcdd20d9fcced8e596fb0443fe5d69903ca17e8bf4d","","campaign_032_002_861_bare_edge_source_controls_crops.csv;campaign_032_002_861_bare_edge_source_controls_rows.csv;effective_unicity_directionality_source_queue_source_index.csv;effective_unicity_directionality_source_visible_861_rows.csv;source_box_blind_adjudication_key.csv;source_box_blind_adjudication_scored_rows.csv;source_box_negative_control_candidates.csv"
"M-1385","8","50","campaign_032_002_y_source_route_probe.csv","source_volume_ocr_hit","","","","locate source-volume page image, crop panel, record label and side","campaign_032_002_tail_source_queue.csv;campaign_032_002_y_source_function_batch1.csv;campaign_032_002_y_source_function_current_table.csv;campaign_032_002_y_source_function_sourceclean_features.csv;campaign_032_002_y_source_manifest.csv;campaign_032_002_y_source_route_probe.csv;effective_unicity_directionality_source_queue_source_index.csv;source_visible_032_002_y_witness_matrix.csv"
"M-174","8","50","campaign_032_002_y_source_route_probe.csv","source_volume_ocr_hit","","","","locate source-volume page image, crop panel, record label and side","campaign_032_002_tail_source_queue.csv;campaign_032_002_y_source_function_batch2.csv;campaign_032_002_y_source_function_current_table.csv;campaign_032_002_y_source_function_sourceclean_features.csv;campaign_032_002_y_source_manifest.csv;campaign_032_002_y_source_route_probe.csv;effective_unicity_directionality_source_queue_source_index.csv;source_visible_032_002_y_witness_matrix.csv"
"M-221","8","50","campaign_032_002_y_source_route_probe.csv","source_volume_ocr_hit","","","","locate source-volume page image, crop panel, record label and side","campaign_032_002_tail_source_queue.csv;campaign_032_002_y_source_function_batch2.csv;campaign_032_002_y_source_function_current_table.csv;campaign_032_002_y_source_function_sourceclean_features.csv;campaign_032_002_y_source_manifest.csv;campaign_032_002_y_source_route_probe.csv;effective_unicity_directionality_source_queue_source_index.csv;source_visible_032_002_y_witness_matrix.csv"
"H-140","5","30","campaign_032_002_y_source_route_probe.csv","source_route_needed","","","","direct CISI/HARP/archive request","campaign_032_002_tail_source_queue.csv;campaign_032_002_y_source_manifest.csv;campaign_032_002_y_source_route_probe.csv;effective_unicity_directionality_source_queue_source_index.csv;source_visible_032_002_y_witness_matrix.csv"
"H-268","3","30","campaign_032_002_source_normalized_branch_tail_family_rows.csv","not_routed_in_current_packet | needs_source_route | none","","","","","campaign_032_002_source_normalized_branch_tail_family_rows.csv;effective_unicity_directionality_source_queue_source_index.csv;source_box_negative_control_candidates.csv"
"H-82","3","30","campaign_032_002_source_normalized_branch_tail_family_rows.csv","not_routed_in_current_packet | needs_source_route | none","","","","","campaign_032_002_source_normalized_branch_tail_family_rows.csv;effective_unicity_directionality_source_queue_source_index.csv;source_box_negative_control_candidates.csv"
"K-145","5","30","campaign_032_002_y_source_route_probe.csv","source_route_needed","","","","direct CISI/HARP/archive request","campaign_032_002_tail_source_queue.csv;campaign_032_002_y_source_manifest.csv;campaign_032_002_y_source_route_probe.csv;effective_unicity_directionality_source_queue_source_index.csv;source_visible_032_002_y_witness_matrix.csv"
"K-25","3","30","campaign_032_002_source_normalized_branch_tail_family_rows.csv","not_routed_in_current_packet | needs_source_route | none","","","","","campaign_032_002_source_normalized_branch_tail_family_rows.csv;effective_unicity_directionality_source_queue_source_index.csv;source_box_negative_control_candidates.csv"
"M-119","4","30","campaign_032_002_source_normalized_branch_tail_family_rows.csv","not_routed_in_current_packet | needs_source_route | none","","","","","campaign_032_002_source_normalized_branch_tail_family_rows.csv;effective_unicity_directionality_source_queue_source_index.csv;source_box_negative_control_candidates.csv"
"M-140","3","30","campaign_032_002_source_normalized_branch_tail_family_rows.csv","not_routed_in_current_packet | needs_source_route | none","","","","","campaign_032_002_source_normalized_branch_tail_family_rows.csv;effective_unicity_directionality_source_queue_source_index.csv;source_box_negative_control_candidates.csv"
"M-147","3","30","campaign_032_002_source_normalized_branch_tail_family_rows.csv","not_routed_in_current_packet | needs_source_route | none","","","","","campaign_032_002_source_normalized_branch_tail_family_rows.csv;effective_unicity_directionality_source_queue_source_index.csv;source_box_negative_control_candidates.csv"
"M-1677","7","30","campaign_032_002_branch_tail_source_routes.csv","cisi_3_1_or_archive_required","","","","","campaign_032_002_branch_tail_source_routes.csv;campaign_032_002_source_normalized_branch_tail_decisive_rows.csv;campaign_032_002_tail_source_queue.csv;campaign_032_002_y_source_manifest.csv;campaign_032_002_y_source_route_probe.csv;effective_unicity_directionality_source_queue_source_index.csv;source_visible_032_002_y_witness_matrix.csv"
"M-1755","3","30","campaign_032_002_861_bare_edge_source_controls_rows.csv","route_pending_panel_or_cisi_3_1","","","","","campaign_032_002_861_bare_edge_source_controls_rows.csv;effective_unicity_directionality_source_queue_source_index.csv;source_box_negative_control_candidates.csv"
"M-1763","6","30","campaign_032_002_861_bare_edge_source_controls_rows.csv","route_pending_panel_or_cisi_3_1","","","","","campaign_032_002_861_bare_edge_source_controls_rows.csv;campaign_032_002_tail_source_queue.csv;campaign_032_002_y_source_manifest.csv;campaign_032_002_y_source_route_probe.csv;effective_unicity_directionality_source_queue_source_index.csv;source_visible_032_002_y_witness_matrix.csv"
"M-1825","3","30","campaign_032_002_source_normalized_branch_tail_family_rows.csv","not_routed_in_current_packet | needs_source_route | none","","","","","campaign_032_002_source_normalized_branch_tail_family_rows.csv;effective_unicity_directionality_source_queue_source_index.csv;source_box_negative_control_candidates.csv"
"M-1880","3","30","campaign_032_002_861_bare_edge_source_controls_rows.csv","route_pending_panel_or_cisi_3_1","","","","","campaign_032_002_861_bare_edge_source_controls_rows.csv;effective_unicity_directionality_source_queue_source_index.csv;source_box_negative_control_candidates.csv"
"M-2060","3","30","campaign_032_002_861_bare_edge_source_controls_rows.csv","route_pending_panel_or_cisi_3_1","","","","","campaign_032_002_861_bare_edge_source_controls_rows.csv;effective_unicity_directionality_source_queue_source_index.csv;source_box_negative_control_candidates.csv"
"M-29","3","30","campaign_032_002_source_normalized_branch_tail_family_rows.csv","not_routed_in_current_packet | needs_source_route | none","","","","","campaign_032_002_source_normalized_branch_tail_family_rows.csv;effective_unicity_directionality_source_queue_source_index.csv;source_box_negative_control_candidates.csv"
"M-46","3","30","campaign_032_002_source_normalized_branch_tail_family_rows.csv","not_routed_in_current_packet | needs_source_route | none","","","","","campaign_032_002_source_normalized_branch_tail_family_rows.csv;effective_unicity_directionality_source_queue_source_index.csv;source_box_negative_control_candidates.csv"
"M-735","3","30","campaign_032_002_source_normalized_branch_tail_family_rows.csv","not_routed_in_current_packet | needs_source_route | none","","","","","campaign_032_002_source_normalized_branch_tail_family_rows.csv;effective_unicity_directionality_source_queue_source_index.csv;source_box_negative_control_candidates.csv"
"Sktd-1","3","30","campaign_032_002_source_normalized_branch_tail_family_rows.csv","not_routed_in_current_packet | needs_source_route | none","","","","","campaign_032_002_source_normalized_branch_tail_family_rows.csv;effective_unicity_directionality_source_queue_source_index.csv;source_box_negative_control_candidates.csv"
"H-1678","5","15","source_box_negative_control_v2_public_routes.csv","route_recorded | secondary_catalogue_only_not_source_grade | secondary_catalogue_text_only","local:tmp/m1206_bhaskar/S1-IndusZoomorphicIconCatalogue.txt","tmp/m1206_bhaskar/S1-IndusZoomorphicIconCatalogue.txt","","Broad source-context crop around OCR label; not token-boxed evidence.","effective_unicity_directionality_source_queue_source_index.csv;source_box_negative_control_candidates.csv;source_box_negative_control_v2_public_routes.csv;source_box_negative_control_v2_source_status.csv;source_box_negative_control_v2_targets.csv"
"H-601","5","15","source_box_negative_control_v2_public_routes.csv","route_recorded | secondary_catalogue_only_not_source_grade | secondary_catalogue_text_only","local:tmp/m1206_bhaskar/S1-IndusZoomorphicIconCatalogue.txt","tmp/m1206_bhaskar/S1-IndusZoomorphicIconCatalogue.txt","","Broad source-context crop around OCR label; not token-boxed evidence.","effective_unicity_directionality_source_queue_source_index.csv;source_box_negative_control_candidates.csv;source_box_negative_control_v2_public_routes.csv;source_box_negative_control_v2_source_status.csv;source_box_negative_control_v2_targets.csv"
"-","4","5","campaign_032_002_branch_tail_source_routes.csv","blocked_until_object_id_resolved","","","","","campaign_032_002_branch_tail_source_routes.csv;campaign_032_002_source_normalized_branch_tail_decisive_rows.csv;campaign_032_002_source_normalized_branch_tail_family_rows.csv;effective_unicity_directionality_source_queue_source_index.csv"
"C-1","5","5","source_box_blind_adjudication_scored_rows.csv","confidence:med","","","","","effective_unicity_directionality_source_queue_source_index.csv;source_box_blind_adjudication_key.csv;source_box_blind_adjudication_scored_rows.csv;source_box_negative_control_candidates.csv"
"C-3","5","5","source_box_blind_adjudication_scored_rows.csv","confidence:high","","","","","effective_unicity_directionality_source_queue_source_index.csv;source_box_blind_adjudication_key.csv;source_box_blind_adjudication_scored_rows.csv;source_box_negative_control_candidates.csv"
"C-65","8","5","campaign_032_002_y_source_route_probe.csv","chanhu_daro_plate_route","","","","acquire/check Chanhu-daro plate reference and crop exact panel","campaign_032_002_tail_source_queue.csv;campaign_032_002_y_source_function_batch3_chanhudaro.csv;campaign_032_002_y_source_function_current_table.csv;campaign_032_002_y_source_function_sourceclean_features.csv;campaign_032_002_y_source_manifest.csv;campaign_032_002_y_source_route_probe.csv;effective_unicity_directionality_source_queue_source_index.csv;source_visible_032_002_y_witness_matrix.csv"
"H-1100","4","5","lipi_frame700_034_source_acquisition_manifest.csv","no_public_lead_source_required | source_acquisition_only_source_images_not_validated","","","","Request source-grade images/plates for all catalog rows of H-1100. Metadata source hooks: -797. Packet rows to verify: 3959.2 +700-032+. All local rows to reconcile: 3959.1 +740-904-240-002-817+; 3959.2 +700-032+. Needed: side labels/order, image/impression direction, sign segmentation, object material/shape/dimensions, and proof rows are distinct physical sides.","effective_unicity_directionality_source_queue_source_index.csv;lipi_frame700_034_source_acquisition_manifest.csv;source_box_negative_control_candidates.csv"
"H-1102","3","5","lipi_frame700_034_source_acquisition_manifest.csv","no_public_lead_source_required | source_acquisition_only_source_images_not_validated","","","","Request source-grade images/plates for all catalog rows of H-1102. Metadata source hooks: 2891347. Packet rows to verify: 273.2 +700-032+. All local rows to reconcile: 273.1 +400-740-382+; 273.2 +700-032+. Needed: side labels/order, image/impression direction, sign segmentation, object material/shape/dimensions, and proof rows are distinct physical sides.","effective_unicity_directionality_source_queue_source_index.csv;lipi_frame700_034_source_acquisition_manifest.csv;source_box_negative_control_candidates.csv"
"H-1120","2","5","lipi_frame700_034_source_acquisition_manifest.csv","no_public_lead_source_required | source_acquisition_only_source_images_not_validated","","","","Request source-grade images/plates for all catalog rows of H-1120. Metadata source hooks: 13968155. Packet rows to verify: 3968.2 +700-034+. All local rows to reconcile: 3968.1 +740-000-000-705+; 3968.2 +700-034+. Needed: side labels/order, image/impression direction, sign segmentation, object material/shape/dimensions, and proof rows are distinct physical sides.","effective_unicity_directionality_source_queue_source_index.csv;lipi_frame700_034_source_acquisition_manifest.csv"
"H-1123","9","5","lipi_frame700_034_independent_source_leads.csv","confidence:no_public_hit_in_checked_layer","","","","need source image because catalog handle alone is not enough","effective_unicity_directionality_source_queue_source_index.csv;lipi_frame700_034_independent_source_leads.csv;lipi_frame700_034_source_coding_sheet_template.csv;lipi_frame700_034_source_route_audit.csv;lipi_frame700_034_two_lane_source_coding_sheet.csv;lipi_frame700_034_two_lane_source_packet.csv;source_box_negative_control_candidates.csv"
"H-1138","2","5","lipi_frame700_034_source_acquisition_manifest.csv","no_public_lead_source_required | source_acquisition_only_source_images_not_validated","","","","Request source-grade images/plates for all catalog rows of H-1138. Metadata source hooks: -346. Packet rows to verify: 198.2 +700-034+. All local rows to reconcile: 198.1 +740-603-240-060-692+; 198.2 +700-034+. Needed: side labels/order, image/impression direction, sign segmentation, object material/shape/dimensions, and proof rows are distinct physical sides.","effective_unicity_directionality_source_queue_source_index.csv;lipi_frame700_034_source_acquisition_manifest.csv"
"H-1273","2","5","lipi_frame700_034_source_acquisition_manifest.csv","no_public_lead_source_required | source_acquisition_only_source_images_not_validated","","","","Request source-grade images/plates for all catalog rows of H-1273. Metadata source hooks: 2568508. Packet rows to verify: 265.2 +700-034+. All local rows to reconcile: 265.1 +400-740-176+; 265.2 +700-034+. Needed: side labels/order, image/impression direction, sign segmentation, object material/shape/dimensions, and proof rows are distinct physical sides.","effective_unicity_directionality_source_queue_source_index.csv;lipi_frame700_034_source_acquisition_manifest.csv"
"H-1284","2","5","lipi_frame700_034_source_acquisition_manifest.csv","no_public_lead_source_required | source_acquisition_only_source_images_not_validated","","","","Request source-grade images/plates for all catalog rows of H-1284. Metadata source hooks: -458. Packet rows to verify: 4069.2 +700-034+. All local rows to reconcile: 4069.1 +520-220-415+; 4069.2 +700-034+. Needed: side labels/order, image/impression direction, sign segmentation, object material/shape/dimensions, and proof rows are distinct physical sides.","effective_unicity_directionality_source_queue_source_index.csv;lipi_frame700_034_source_acquisition_manifest.csv"
"H-1302","3","5","lipi_frame700_034_source_acquisition_manifest.csv","T2/T4_lead_not_source_validated | source_acquisition_only_source_images_not_validated","","","","Request source-grade images/plates for all catalog rows of H-1302. Metadata source hooks: 2366. Packet rows to verify: 4073.2 +700-033+. All local rows to reconcile: 4073.1 +400-740-176+; 4073.2 +700-033+. Needed: side labels/order, image/impression direction, sign segmentation, object material/shape/dimensions, and proof rows are distinct physical sides.","effective_unicity_directionality_source_queue_source_index.csv;lipi_frame700_034_source_acquisition_manifest.csv;lipi_short_mark_source_acquisition_queue.csv"
"H-1303","3","5","lipi_frame700_034_source_acquisition_manifest.csv","T2/T4_lead_not_source_validated | source_acquisition_only_source_images_not_validated","","","","Request source-grade images/plates for all catalog rows of H-1303. Metadata source hooks: 2357879. Packet rows to verify: 4077.2 +700-033+. All local rows to reconcile: 4077.1 +400-740-176+; 4077.2 +700-033+. Needed: side labels/order, image/impression direction, sign segmentation, object material/shape/dimensions, and proof rows are distinct physical sides.","effective_unicity_directionality_source_queue_source_index.csv;lipi_frame700_034_source_acquisition_manifest.csv;lipi_short_mark_source_acquisition_queue.csv"
"H-1304","3","5","lipi_frame700_034_source_acquisition_manifest.csv","no_public_lead_source_required | source_acquisition_only_source_images_not_validated","","","","Request source-grade images/plates for all catalog rows of H-1304. Metadata source hooks: 2480. Packet rows to verify: 5470.2 +700-033+. All local rows to reconcile: 5470.1 +400-740-176+; 5470.2 +700-033+. Needed: side labels/order, image/impression direction, sign segmentation, object material/shape/dimensions, and proof rows are distinct physical sides.","effective_unicity_directionality_source_queue_source_index.csv;lipi_frame700_034_source_acquisition_manifest.csv;lipi_short_mark_source_acquisition_queue.csv"
"H-1320","3","5","lipi_frame700_034_source_acquisition_manifest.csv","no_public_lead_source_required | source_acquisition_only_source_images_not_validated","","","","Request source-grade images/plates for all catalog rows of H-1320. Metadata source hooks: 3027558. Packet rows to verify: 4072.2 +700-032+. All local rows to reconcile: 4072.1 +400-678+; 4072.2 +700-032+. Needed: side labels/order, image/impression direction, sign segmentation, object material/shape/dimensions, and proof rows are distinct physical sides.","effective_unicity_directionality_source_queue_source_index.csv;lipi_frame700_034_source_acquisition_manifest.csv;source_box_negative_control_candidates.csv"
"H-1321","4","5","lipi_frame700_034_source_acquisition_manifest.csv","no_public_lead_source_required | source_acquisition_only_source_images_not_validated","","","","Request source-grade images/plates for all catalog rows of H-1321. Metadata source hooks: Af97556. Packet rows to verify: 317.2 +700-032+. All local rows to reconcile: 317.1 +400-226-032+; 317.2 +700-032+. Needed: side labels/order, image/impression direction, sign segmentation, object material/shape/dimensions, and proof rows are distinct physical sides.","effective_unicity_directionality_source_queue_source_index.csv;lipi_frame700_034_source_acquisition_manifest.csv;source_box_negative_control_candidates.csv"
"H-1344","3","5","lipi_frame700_034_source_acquisition_manifest.csv","no_public_lead_source_required | source_acquisition_only_source_images_not_validated","","","","Request source-grade images/plates for all catalog rows of H-1344. Metadata source hooks: -752. Packet rows to verify: 4085.2 +700-033+. All local rows to reconcile: 4085.1 +400-740-176+; 4085.2 +700-033+. Needed: side labels/order, image/impression direction, sign segmentation, object material/shape/dimensions, and proof rows are distinct physical sides.","effective_unicity_directionality_source_queue_source_index.csv;lipi_frame700_034_source_acquisition_manifest.csv;lipi_short_mark_source_acquisition_queue.csv"
"H-1345","3","5","lipi_frame700_034_source_acquisition_manifest.csv","no_public_lead_source_required | source_acquisition_only_source_images_not_validated","","","","Request source-grade images/plates for all catalog rows of H-1345. Metadata source hooks: 3509902. Packet rows to verify: 4086.2 +700-033+. All local rows to reconcile: 4086.1 +400-740-176+; 4086.2 +700-033+. Needed: side labels/order, image/impression direction, sign segmentation, object material/shape/dimensions, and proof rows are distinct physical sides.","effective_unicity_directionality_source_queue_source_index.csv;lipi_frame700_034_source_acquisition_manifest.csv;lipi_short_mark_source_acquisition_queue.csv"
"H-1346","3","5","lipi_frame700_034_source_acquisition_manifest.csv","no_public_lead_source_required | source_acquisition_only_source_images_not_validated","","","","Request source-grade images/plates for all catalog rows of H-1346. Metadata source hooks: 2894900. Packet rows to verify: 4087.2 +700-033+. All local rows to reconcile: 4087.1 +400-740-176+; 4087.2 +700-033+. Needed: side labels/order, image/impression direction, sign segmentation, object material/shape/dimensions, and proof rows are distinct physical sides.","effective_unicity_directionality_source_queue_source_index.csv;lipi_frame700_034_source_acquisition_manifest.csv;lipi_short_mark_source_acquisition_queue.csv"
"H-1347","3","5","lipi_frame700_034_source_acquisition_manifest.csv","no_public_lead_source_required | source_acquisition_only_source_images_not_validated","","","","Request source-grade images/plates for all catalog rows of H-1347. Metadata source hooks: 1262896. Packet rows to verify: 4088.2 +700-033+. All local rows to reconcile: 4088.1 +400-740-176+; 4088.2 +700-033+. Needed: side labels/order, image/impression direction, sign segmentation, object material/shape/dimensions, and proof rows are distinct physical sides.","effective_unicity_directionality_source_queue_source_index.csv;lipi_frame700_034_source_acquisition_manifest.csv;lipi_short_mark_source_acquisition_queue.csv"
"H-1354","3","5","lipi_frame700_034_source_acquisition_manifest.csv","no_public_lead_source_required | source_acquisition_only_source_images_not_validated","","","","Request source-grade images/plates for all catalog rows of H-1354. Metadata source hooks: 11349583. Packet rows to verify: 222.3 +700-034+. All local rows to reconcile: 222.1 +824-032-578-415+; 222.2 +740-714-840-799+; 222.3 +700-034+. Needed: side labels/order, image/impression direction, sign segmentation, object material/shape/dimensions, and proof rows are distinct physical sides.","effective_unicity_directionality_source_queue_source_index.csv;lipi_frame700_034_source_acquisition_manifest.csv;source_box_negative_control_candidates.csv"
"H-1771","3","5","lipi_frame700_034_source_acquisition_manifest.csv","no_public_lead_source_required | source_acquisition_only_source_images_not_validated","","","","Request source-grade images/plates for all catalog rows of H-1771. Metadata source hooks: H2000-4375; Figure 36.03. Packet rows to verify: 371.1 +700-032+. All local rows to reconcile: 371.1 +700-032+; 371.2 +740-031-001-140+. Needed: side labels/order, image/impression direction, sign segmentation, object material/shape/dimensions, and proof rows are distinct physical sides.","effective_unicity_directionality_source_queue_source_index.csv;lipi_frame700_034_source_acquisition_manifest.csv;source_box_negative_control_candidates.csv"
"H-1772","10","5","lipi_frame700_034_independent_source_leads.csv","confidence:no_public_hit_in_checked_layer","","","","need every side plus row order and object metadata","effective_unicity_directionality_source_queue_source_index.csv;lipi_frame700_034_independent_source_leads.csv;lipi_frame700_034_source_acquisition_manifest.csv;lipi_frame700_034_source_coding_sheet_template.csv;lipi_frame700_034_source_route_audit.csv;lipi_frame700_034_two_lane_source_coding_sheet.csv;lipi_frame700_034_two_lane_source_packet.csv;source_box_negative_control_candidates.csv"
"H-1773","3","5","lipi_frame700_034_source_acquisition_manifest.csv","no_public_lead_source_required | source_acquisition_only_source_images_not_validated","","","","Request source-grade images/plates for all catalog rows of H-1773. Metadata source hooks: H2000-4392; Figure 37.08. Packet rows to verify: 383.1 +700-032+. All local rows to reconcile: 383.1 +700-032+; 383.2 +740-031-001-140+. Needed: side labels/order, image/impression direction, sign segmentation, object material/shape/dimensions, and proof rows are distinct physical sides.","effective_unicity_directionality_source_queue_source_index.csv;lipi_frame700_034_source_acquisition_manifest.csv;source_box_negative_control_candidates.csv"
"H-1774","3","5","lipi_frame700_034_source_acquisition_manifest.csv","no_public_lead_source_required | source_acquisition_only_source_images_not_validated","","","","Request source-grade images/plates for all catalog rows of H-1774. Metadata source hooks: H99-4066; Figure 33.11. Packet rows to verify: 1021.2 +700-032+. All local rows to reconcile: 1021.1 +400-740-335-482-175+; 1021.2 +700-032+. Needed: side labels/order, image/impression direction, sign segmentation, object material/shape/dimensions, and proof rows are distinct physical sides.","effective_unicity_directionality_source_queue_source_index.csv;lipi_frame700_034_source_acquisition_manifest.csv;source_box_negative_control_candidates.csv"
"H-1817","2","5","lipi_frame700_034_source_acquisition_manifest.csv","no_public_lead_source_required | source_acquisition_only_source_images_not_validated","","","","Request source-grade images/plates for all catalog rows of H-1817. Metadata source hooks: H94-2326; Figure 26.06. Packet rows to verify: 624.1 +700-034+. All local rows to reconcile: 624.1 +700-034+; 624.2 +400-525-554+. Needed: side labels/order, image/impression direction, sign segmentation, object material/shape/dimensions, and proof rows are distinct physical sides.","effective_unicity_directionality_source_queue_source_index.csv;lipi_frame700_034_source_acquisition_manifest.csv"
"H-1823","2","5","lipi_frame700_034_source_acquisition_manifest.csv","no_public_lead_source_required | source_acquisition_only_source_images_not_validated","","","","Request source-grade images/plates for all catalog rows of H-1823. Metadata source hooks: H95-2438; Figure 28.14. Packet rows to verify: 649.1 +700-034+. All local rows to reconcile: 649.1 +700-034+; 649.2 +400-740-798-365-415-001+. Needed: side labels/order, image/impression direction, sign segmentation, object material/shape/dimensions, and proof rows are distinct physical sides.","effective_unicity_directionality_source_queue_source_index.csv;lipi_frame700_034_source_acquisition_manifest.csv"
"H-1824","6","5","lipi_frame700_034_source_acquisition_manifest.csv","no_public_lead_source_required | source_acquisition_only_source_images_not_validated","","","","Request source-grade images/plates for all catalog rows of H-1824. Metadata source hooks: H95-2434; Figure 26.10. Packet rows to verify: 646.1 +700-034+. All local rows to reconcile: 646.1 +700-034+; 646.2 +740-176-031-060-201+. Needed: side labels/order, image/impression direction, sign segmentation, object material/shape/dimensions, and proof rows are distinct physical sides.","effective_unicity_directionality_source_queue_source_index.csv;lipi_frame700_034_source_acquisition_manifest.csv;lipi_frame700_034_source_route_audit.csv;lipi_frame700_034_two_lane_source_coding_sheet.csv;lipi_frame700_034_two_lane_source_packet.csv"
"H-1825","2","5","lipi_frame700_034_source_acquisition_manifest.csv","no_public_lead_source_required | source_acquisition_only_source_images_not_validated","","","","Request source-grade images/plates for all catalog rows of H-1825. Metadata source hooks: H2001-5082; Figure 44.06. Packet rows to verify: 467.1 +700-034+. All local rows to reconcile: 467.1 +700-034+; 467.2 +740-176-220+. Needed: side labels/order, image/impression direction, sign segmentation, object material/shape/dimensions, and proof rows are distinct physical sides.","effective_unicity_directionality_source_queue_source_index.csv;lipi_frame700_034_source_acquisition_manifest.csv"
"H-1828","2","5","lipi_frame700_034_source_acquisition_manifest.csv","no_public_lead_source_required | source_acquisition_only_source_images_not_validated","","","","Request source-grade images/plates for all catalog rows of H-1828. Metadata source hooks: H97-3371; Figure 14.12. Packet rows to verify: 895.2 +700-034+. All local rows to reconcile: 895.1 +156-176+; 895.2 +700-034+. Needed: side labels/order, image/impression direction, sign segmentation, object material/shape/dimensions, and proof rows are distinct physical sides.","effective_unicity_directionality_source_queue_source_index.csv;lipi_frame700_034_source_acquisition_manifest.csv"
"H-1829","2","5","lipi_frame700_034_source_acquisition_manifest.csv","no_public_lead_source_required | source_acquisition_only_source_images_not_validated","","","","Request source-grade images/plates for all catalog rows of H-1829. Metadata source hooks: H97-3365; Figure 14.13. Packet rows to verify: 890.2 +700-034+. All local rows to reconcile: 890.1 +156-176+; 890.2 +700-034+. Needed: side labels/order, image/impression direction, sign segmentation, object material/shape/dimensions, and proof rows are distinct physical sides.","effective_unicity_directionality_source_queue_source_index.csv;lipi_frame700_034_source_acquisition_manifest.csv"
"H-1830","2","5","lipi_frame700_034_source_acquisition_manifest.csv","no_public_lead_source_required | source_acquisition_only_source_images_not_validated","","","","Request source-grade images/plates for all catalog rows of H-1830. Metadata source hooks: H96-3052; Figure 21.11. Packet rows to verify: 773.1 +700-034+. All local rows to reconcile: 773.1 +700-034+; 773.2 +156-176+. Needed: side labels/order, image/impression direction, sign segmentation, object material/shape/dimensions, and proof rows are distinct physical sides.","effective_unicity_directionality_source_queue_source_index.csv;lipi_frame700_034_source_acquisition_manifest.csv"
"H-1831","2","5","lipi_frame700_034_source_acquisition_manifest.csv","no_public_lead_source_required | source_acquisition_only_source_images_not_validated","","","","Request source-grade images/plates for all catalog rows of H-1831. Metadata source hooks: H96-3051; Figure 21.10. Packet rows to verify: 772.1 +700-034+. All local rows to reconcile: 772.1 +700-034+; 772.2 +156-176+. Needed: side labels/order, image/impression direction, sign segmentation, object material/shape/dimensions, and proof rows are distinct physical sides.","effective_unicity_directionality_source_queue_source_index.csv;lipi_frame700_034_source_acquisition_manifest.csv"
"H-1832","2","5","lipi_frame700_034_source_acquisition_manifest.csv","no_public_lead_source_required | source_acquisition_only_source_images_not_validated","","","","Request source-grade images/plates for all catalog rows of H-1832. Metadata source hooks: H2000-4470; Figure 42.04. Packet rows to verify: 415.1 +700-034+. All local rows to reconcile: 415.1 +700-034+; 415.2 +400-297-352-892-590-740-176+. Needed: side labels/order, image/impression direction, sign segmentation, object material/shape/dimensions, and proof rows are distinct physical sides.","effective_unicity_directionality_source_queue_source_index.csv;lipi_frame700_034_source_acquisition_manifest.csv"
"H-1842","8","5","lipi_frame700_034_independent_source_leads.csv","confidence:no_public_hit_in_checked_layer","","","","need every side plus row order and object metadata","effective_unicity_directionality_source_queue_source_index.csv;lipi_frame700_034_independent_source_leads.csv;lipi_frame700_034_source_coding_sheet_template.csv;lipi_frame700_034_source_route_audit.csv;lipi_frame700_034_two_lane_source_coding_sheet.csv;lipi_frame700_034_two_lane_source_packet.csv"
"H-1844","2","5","lipi_frame700_034_source_acquisition_manifest.csv","no_public_lead_source_required | source_acquisition_only_source_images_not_validated","","","","Request source-grade images/plates for all catalog rows of H-1844. Metadata source hooks: H96-3106; Figure 21.06. Packet rows to verify: 780.1 +700-034+. All local rows to reconcile: 780.1 +700-034+; 780.2 +400-154-690+. Needed: side labels/order, image/impression direction, sign segmentation, object material/shape/dimensions, and proof rows are distinct physical sides.","effective_unicity_directionality_source_queue_source_index.csv;lipi_frame700_034_source_acquisition_manifest.csv"
"H-1845","2","5","lipi_frame700_034_source_acquisition_manifest.csv","no_public_lead_source_required | source_acquisition_only_source_images_not_validated","","","","Request source-grade images/plates for all catalog rows of H-1845. Metadata source hooks: H2000-4484; Figure 42.05. Packet rows to verify: 424.1 +700-034+. All local rows to reconcile: 424.1 +700-034+; 424.2 +740-642-240-060-692+. Needed: side labels/order, image/impression direction, sign segmentation, object material/shape/dimensions, and proof rows are distinct physical sides.","effective_unicity_directionality_source_queue_source_index.csv;lipi_frame700_034_source_acquisition_manifest.csv"
"H-1846","2","5","lipi_frame700_034_source_acquisition_manifest.csv","no_public_lead_source_required | source_acquisition_only_source_images_not_validated","","","","Request source-grade images/plates for all catalog rows of H-1846. Metadata source hooks: H95-2672; Figure 30.13. Packet rows to verify: 686.1 +700-034+. All local rows to reconcile: 686.1 +700-034+; 686.2 +740-603-240-060-692+. Needed: side labels/order, image/impression direction, sign segmentation, object material/shape/dimensions, and proof rows are distinct physical sides.","effective_unicity_directionality_source_queue_source_index.csv;lipi_frame700_034_source_acquisition_manifest.csv"
"H-1850","9","5","lipi_frame700_034_independent_source_leads.csv","confidence:no_public_hit_in_checked_layer","","","","need every side plus row order and object metadata","effective_unicity_directionality_source_queue_source_index.csv;lipi_frame700_034_independent_source_leads.csv;lipi_frame700_034_source_acquisition_manifest.csv;lipi_frame700_034_source_coding_sheet_template.csv;lipi_frame700_034_source_route_audit.csv;lipi_frame700_034_two_lane_source_coding_sheet.csv;lipi_frame700_034_two_lane_source_packet.csv"
"H-1853","3","5","lipi_frame700_034_source_acquisition_manifest.csv","no_public_lead_source_required | source_acquisition_only_source_images_not_validated","","","","Request source-grade images/plates for all catalog rows of H-1853. Metadata source hooks: H2000-4395; Figure 39.01. Packet rows to verify: 386.1 +700-032+. All local rows to reconcile: 386.1 +700-032+; 386.2 +400-617-829+. Needed: side labels/order, image/impression direction, sign segmentation, object material/shape/dimensions, and proof rows are distinct physical sides.","effective_unicity_directionality_source_queue_source_index.csv;lipi_frame700_034_source_acquisition_manifest.csv;source_box_negative_control_candidates.csv"
"H-1854","2","5","lipi_frame700_034_source_acquisition_manifest.csv","no_public_lead_source_required | source_acquisition_only_source_images_not_validated","","","","Request source-grade images/plates for all catalog rows of H-1854. Metadata source hooks: H2000-4489; Figure 46.01. Packet rows to verify: 427.1 +700-034+. All local rows to reconcile: 427.1 +700-034+; 427.2 +400-740-717+. Needed: side labels/order, image/impression direction, sign segmentation, object material/shape/dimensions, and proof rows are distinct physical sides.","effective_unicity_directionality_source_queue_source_index.csv;lipi_frame700_034_source_acquisition_manifest.csv"
"H-1860","2","5","lipi_frame700_034_source_acquisition_manifest.csv","no_public_lead_source_required | source_acquisition_only_source_images_not_validated","","","","Request source-grade images/plates for all catalog rows of H-1860. Metadata source hooks: H95-2422; Figure 28.09. Packet rows to verify: 637.1 +700-034+. All local rows to reconcile: 637.1 +700-034+; 637.2 +400-097+. Needed: side labels/order, image/impression direction, sign segmentation, object material/shape/dimensions, and proof rows are distinct physical sides.","effective_unicity_directionality_source_queue_source_index.csv;lipi_frame700_034_source_acquisition_manifest.csv"
"H-1864","4","5","lipi_frame700_034_source_acquisition_manifest.csv","no_public_lead_source_required | source_acquisition_only_source_images_not_validated","","","","Request source-grade images/plates for all catalog rows of H-1864. Metadata source hooks: H94-2511; Figure 17.03. Packet rows to verify: 599.1 +032-700+. All local rows to reconcile: 599.1 +032-700+; 599.2 +740-142-062-002-817+. Needed: side labels/order, image/impression direction, sign segmentation, object material/shape/dimensions, and proof rows are distinct physical sides.","effective_unicity_directionality_source_queue_source_index.csv;lipi_frame700_034_source_acquisition_manifest.csv;source_box_negative_control_candidates.csv"
"H-1867","2","5","lipi_frame700_034_source_acquisition_manifest.csv","no_public_lead_source_required | source_acquisition_only_source_images_not_validated","","","","Request source-grade images/plates for all catalog rows of H-1867. Metadata source hooks: H90-1593; Figure 13.46 (k). Packet rows to verify: 506.1 +700-034+. All local rows to reconcile: 506.1 +700-034+; 506.2 +151-740-221+. Needed: side labels/order, image/impression direction, sign segmentation, object material/shape/dimensions, and proof rows are distinct physical sides.","effective_unicity_directionality_source_queue_source_index.csv;lipi_frame700_034_source_acquisition_manifest.csv"
"H-1868","2","5","lipi_frame700_034_source_acquisition_manifest.csv","no_public_lead_source_required | source_acquisition_only_source_images_not_validated","","","","Request source-grade images/plates for all catalog rows of H-1868. Metadata source hooks: H90-1596; Figure 13.46 (j). Packet rows to verify: 509.1 +700-034+. All local rows to reconcile: 509.1 +700-034+; 509.2 +151-740-222+. Needed: side labels/order, image/impression direction, sign segmentation, object material/shape/dimensions, and proof rows are distinct physical sides.","effective_unicity_directionality_source_queue_source_index.csv;lipi_frame700_034_source_acquisition_manifest.csv"
"H-1869","2","5","lipi_frame700_034_source_acquisition_manifest.csv","no_public_lead_source_required | source_acquisition_only_source_images_not_validated","","","","Request source-grade images/plates for all catalog rows of H-1869. Metadata source hooks: H90-1595; Figure 13.46 (i). Packet rows to verify: 508.1 +700-034+. All local rows to reconcile: 508.1 +700-034+; 508.2 +151-740-222+. Needed: side labels/order, image/impression direction, sign segmentation, object material/shape/dimensions, and proof rows are distinct physical sides.","effective_unicity_directionality_source_queue_source_index.csv;lipi_frame700_034_source_acquisition_manifest.csv"
"H-1870","2","5","lipi_frame700_034_source_acquisition_manifest.csv","no_public_lead_source_required | source_acquisition_only_source_images_not_validated","","","","Request source-grade images/plates for all catalog rows of H-1870. Metadata source hooks: H97-3380; Figure 14.16. Packet rows to verify: 901.1 +700-034+. All local rows to reconcile: 901.1 +700-034+; 901.2 +158-221+. Needed: side labels/order, image/impression direction, sign segmentation, object material/shape/dimensions, and proof rows are distinct physical sides.","effective_unicity_directionality_source_queue_source_index.csv;lipi_frame700_034_source_acquisition_manifest.csv"
"H-1871","2","5","lipi_frame700_034_source_acquisition_manifest.csv","no_public_lead_source_required | source_acquisition_only_source_images_not_validated","","","","Request source-grade images/plates for all catalog rows of H-1871. Metadata source hooks: H96-3110; Figure 21.04. Packet rows to verify: 784.1 +700-034+. All local rows to reconcile: 784.1 +700-034+; 784.2 +151-740-235+. Needed: side labels/order, image/impression direction, sign segmentation, object material/shape/dimensions, and proof rows are distinct physical sides.","effective_unicity_directionality_source_queue_source_index.csv;lipi_frame700_034_source_acquisition_manifest.csv"
"H-1874","2","5","lipi_frame700_034_source_acquisition_manifest.csv","no_public_lead_source_required | source_acquisition_only_source_images_not_validated","","","","Request source-grade images/plates for all catalog rows of H-1874. Metadata source hooks: H2000-4403; Figure 44.03. Packet rows to verify: 388.1 +700-034+. All local rows to reconcile: 388.1 +700-034+; 388.2 +002-220-455-000+. Needed: side labels/order, image/impression direction, sign segmentation, object material/shape/dimensions, and proof rows are distinct physical sides.","effective_unicity_directionality_source_queue_source_index.csv;lipi_frame700_034_source_acquisition_manifest.csv"
"H-1876","2","5","lipi_frame700_034_source_acquisition_manifest.csv","no_public_lead_source_required | source_acquisition_only_source_images_not_validated","","","","Request source-grade images/plates for all catalog rows of H-1876. Metadata source hooks: H2001-5083; Figure 43.11. Packet rows to verify: 468.1 +034-700+. All local rows to reconcile: 468.1 +034-700+; 468.2 +400-775-516+. Needed: side labels/order, image/impression direction, sign segmentation, object material/shape/dimensions, and proof rows are distinct physical sides.","effective_unicity_directionality_source_queue_source_index.csv;lipi_frame700_034_source_acquisition_manifest.csv"
"H-1877","2","5","lipi_frame700_034_source_acquisition_manifest.csv","no_public_lead_source_required | source_acquisition_only_source_images_not_validated","","","","Request source-grade images/plates for all catalog rows of H-1877. Metadata source hooks: H2000-4428; Figure 41.06. Packet rows to verify: 396.1 +034-700+. All local rows to reconcile: 396.1 +034-700+; 396.2 +400-775-516+. Needed: side labels/order, image/impression direction, sign segmentation, object material/shape/dimensions, and proof rows are distinct physical sides.","effective_unicity_directionality_source_queue_source_index.csv;lipi_frame700_034_source_acquisition_manifest.csv"
"H-1880","2","5","lipi_frame700_034_source_acquisition_manifest.csv","no_public_lead_source_required | source_acquisition_only_source_images_not_validated","","","","Request source-grade images/plates for all catalog rows of H-1880. Metadata source hooks: H97-3289; Figure 14.10. Packet rows to verify: 831.1 +034-700+. All local rows to reconcile: 831.1 +034-700+; 831.2 +520-033-033+. Needed: side labels/order, image/impression direction, sign segmentation, object material/shape/dimensions, and proof rows are distinct physical sides.","effective_unicity_directionality_source_queue_source_index.csv;lipi_frame700_034_source_acquisition_manifest.csv"
"H-1894","2","5","lipi_frame700_034_source_acquisition_manifest.csv","no_public_lead_source_required | source_acquisition_only_source_images_not_validated","","","","Request source-grade images/plates for all catalog rows of H-1894. Metadata source hooks: H2000-4391; Figure 37.09. Packet rows to verify: 382.1 +700-034+. All local rows to reconcile: 382.1 +700-034+; 382.2 +400-740-061-140+. Needed: side labels/order, image/impression direction, sign segmentation, object material/shape/dimensions, and proof rows are distinct physical sides.","effective_unicity_directionality_source_queue_source_index.csv;lipi_frame700_034_source_acquisition_manifest.csv"
"H-1895","2","5","lipi_frame700_034_source_acquisition_manifest.csv","no_public_lead_source_required | source_acquisition_only_source_images_not_validated","","","","Request source-grade images/plates for all catalog rows of H-1895. Metadata source hooks: H2000-4457; Figure 39.03. Packet rows to verify: 406.1 +700-034+. All local rows to reconcile: 406.1 +700-034+; 406.2 +400-740-100-240+. Needed: side labels/order, image/impression direction, sign segmentation, object material/shape/dimensions, and proof rows are distinct physical sides.","effective_unicity_directionality_source_queue_source_index.csv;lipi_frame700_034_source_acquisition_manifest.csv"
"H-1907","2","5","lipi_frame700_034_source_acquisition_manifest.csv","no_public_lead_source_required | source_acquisition_only_source_images_not_validated","","","","Request source-grade images/plates for all catalog rows of H-1907. Metadata source hooks: H96-2768; Figure 21.07. Packet rows to verify: 743.2 +700-034+. All local rows to reconcile: 743.1 +520-240+; 743.2 +700-034+. Needed: side labels/order, image/impression direction, sign segmentation, object material/shape/dimensions, and proof rows are distinct physical sides.","effective_unicity_directionality_source_queue_source_index.csv;lipi_frame700_034_source_acquisition_manifest.csv"
"H-1937","2","5","lipi_frame700_034_source_acquisition_manifest.csv","no_public_lead_source_required | source_acquisition_only_source_images_not_validated","","","","Request source-grade images/plates for all catalog rows of H-1937. Metadata source hooks: H98-3504; Figure 25.09. Packet rows to verify: 938.1 +034-700+. All local rows to reconcile: 938.1 +034-700+; 938.2 +740-690-435-255+. Needed: side labels/order, image/impression direction, sign segmentation, object material/shape/dimensions, and proof rows are distinct physical sides.","effective_unicity_directionality_source_queue_source_index.csv;lipi_frame700_034_source_acquisition_manifest.csv"
"H-1940","8","5","lipi_frame700_034_independent_source_leads.csv","confidence:no_public_hit_in_checked_layer","","","","need every side plus row order and object metadata","effective_unicity_directionality_source_queue_source_index.csv;lipi_frame700_034_independent_source_leads.csv;lipi_frame700_034_source_coding_sheet_template.csv;lipi_frame700_034_source_route_audit.csv;lipi_frame700_034_two_lane_source_coding_sheet.csv;lipi_frame700_034_two_lane_source_packet.csv"
"H-1943","9","5","lipi_frame700_034_independent_source_leads.csv","confidence:medium_pointer_zero_claim_credit","","","","use only as CISI page pointer; reject unsupported claim text","effective_unicity_directionality_source_queue_source_index.csv;lipi_frame700_034_independent_source_leads.csv;lipi_frame700_034_source_acquisition_manifest.csv;lipi_frame700_034_source_coding_sheet_template.csv;lipi_frame700_034_source_route_audit.csv;lipi_frame700_034_two_lane_source_coding_sheet.csv;lipi_frame700_034_two_lane_source_packet.csv"
"H-1981","2","5","lipi_frame700_034_source_acquisition_manifest.csv","no_public_lead_source_required | source_acquisition_only_source_images_not_validated","","","","Request source-grade images/plates for all catalog rows of H-1981. Metadata source hooks: H2000-4417; Figure 39.08. Packet rows to verify: 393.1 +700-034+. All local rows to reconcile: 393.1 +700-034+; 393.2 +000-004-745-590+. Needed: side labels/order, image/impression direction, sign segmentation, object material/shape/dimensions, and proof rows are distinct physical sides.","effective_unicity_directionality_source_queue_source_index.csv;lipi_frame700_034_source_acquisition_manifest.csv"
"H-1982","2","5","lipi_frame700_034_source_acquisition_manifest.csv","no_public_lead_source_required | source_acquisition_only_source_images_not_validated","","","","Request source-grade images/plates for all catalog rows of H-1982. Metadata source hooks: H95-2601; Figure 23.08. Packet rows to verify: 690.1 +700-034+. All local rows to reconcile: 690.1 +700-034+; 690.2 +390-000-742-000+. Needed: side labels/order, image/impression direction, sign segmentation, object material/shape/dimensions, and proof rows are distinct physical sides.","effective_unicity_directionality_source_queue_source_index.csv;lipi_frame700_034_source_acquisition_manifest.csv"
"H-1987","2","5","lipi_frame700_034_source_acquisition_manifest.csv","no_public_lead_source_required | source_acquisition_only_source_images_not_validated","","","","Request source-grade images/plates for all catalog rows of H-1987. Metadata source hooks: H2000-4426; Figure 39.07. Packet rows to verify: 394.1 +700-034+. All local rows to reconcile: 394.1 +700-034+; 394.2 +390-004-455-371-741-590+. Needed: side labels/order, image/impression direction, sign segmentation, object material/shape/dimensions, and proof rows are distinct physical sides.","effective_unicity_directionality_source_queue_source_index.csv;lipi_frame700_034_source_acquisition_manifest.csv"
"H-2070","2","5","lipi_frame700_034_source_acquisition_manifest.csv","no_public_lead_source_required | source_acquisition_only_source_images_not_validated","","","","Request source-grade images/plates for all catalog rows of H-2070. Metadata source hooks: H97-3324; Figure 16.19. Packet rows to verify: 862.1 +700-034+. All local rows to reconcile: 862.1 +700-034+; 862.2 +400-740-817-276+. Needed: side labels/order, image/impression direction, sign segmentation, object material/shape/dimensions, and proof rows are distinct physical sides.","effective_unicity_directionality_source_queue_source_index.csv;lipi_frame700_034_source_acquisition_manifest.csv"
"H-209","3","5","lipi_frame700_034_source_acquisition_manifest.csv","no_public_lead_source_required | source_acquisition_only_source_images_not_validated","","","","Request source-grade images/plates for all catalog rows of H-209. Metadata source hooks: 10242348. Packet rows to verify: 1240.2 +700-032+. All local rows to reconcile: 1240.1 +400-921-690-435-255-055+; 1240.2 +700-032+. Needed: side labels/order, image/impression direction, sign segmentation, object material/shape/dimensions, and proof rows are distinct physical sides.","effective_unicity_directionality_source_queue_source_index.csv;lipi_frame700_034_source_acquisition_manifest.csv;source_box_negative_control_candidates.csv"
"H-2094","3","5","lipi_frame700_034_source_acquisition_manifest.csv","no_public_lead_source_required | source_acquisition_only_source_images_not_validated","","","","Request source-grade images/plates for all catalog rows of H-2094. Metadata source hooks: H2001-5134; Figure 47.02. Packet rows to verify: 476.1 +700-034+. All local rows to reconcile: 476.1 +700-034+; 476.2 +002-861-416+. Needed: side labels/order, image/impression direction, sign segmentation, object material/shape/dimensions, and proof rows are distinct physical sides.","effective_unicity_directionality_source_queue_source_index.csv;lipi_frame700_034_source_acquisition_manifest.csv;source_box_negative_control_candidates.csv"
"H-2095","3","5","lipi_frame700_034_source_acquisition_manifest.csv","no_public_lead_source_required | source_acquisition_only_source_images_not_validated","","","","Request source-grade images/plates for all catalog rows of H-2095. Metadata source hooks: H90-1688; Figure 13.44 (d). Packet rows to verify: 518.1 +700-034+. All local rows to reconcile: 518.1 +700-034+; 518.2 +002-861-416+. Needed: side labels/order, image/impression direction, sign segmentation, object material/shape/dimensions, and proof rows are distinct physical sides.","effective_unicity_directionality_source_queue_source_index.csv;lipi_frame700_034_source_acquisition_manifest.csv;source_box_negative_control_candidates.csv"
"H-2096","3","5","lipi_frame700_034_source_acquisition_manifest.csv","no_public_lead_source_required | source_acquisition_only_source_images_not_validated","","","","Request source-grade images/plates for all catalog rows of H-2096. Metadata source hooks: H95-2488. Packet rows to verify: 665.1 +700-034+. All local rows to reconcile: 665.1 +700-034+; 665.2 +002-861-416+. Needed: side labels/order, image/impression direction, sign segmentation, object material/shape/dimensions, and proof rows are distinct physical sides.","effective_unicity_directionality_source_queue_source_index.csv;lipi_frame700_034_source_acquisition_manifest.csv;source_box_negative_control_candidates.csv"
"H-2097","3","5","lipi_frame700_034_source_acquisition_manifest.csv","no_public_lead_source_required | source_acquisition_only_source_images_not_validated","","","","Request source-grade images/plates for all catalog rows of H-2097. Metadata source hooks: H2001-5193; Figure 48.02. Packet rows to verify: 488.1 +034-700+. All local rows to reconcile: 488.1 +034-700+; 488.2 +002-861-416+. Needed: side labels/order, image/impression direction, sign segmentation, object material/shape/dimensions, and proof rows are distinct physical sides.","effective_unicity_directionality_source_queue_source_index.csv;lipi_frame700_034_source_acquisition_manifest.csv;source_box_negative_control_candidates.csv"
"H-2102","2","5","lipi_frame700_034_source_acquisition_manifest.csv","no_public_lead_source_required | source_acquisition_only_source_images_not_validated","","","","Request source-grade images/plates for all catalog rows of H-2102. Metadata source hooks: H99-3960; Figure 34.04. Packet rows to verify: 1018.1 +700-034+. All local rows to reconcile: 1018.1 +700-034+; 1018.2 +137-413+. Needed: side labels/order, image/impression direction, sign segmentation, object material/shape/dimensions, and proof rows are distinct physical sides.","effective_unicity_directionality_source_queue_source_index.csv;lipi_frame700_034_source_acquisition_manifest.csv"
"H-2105","2","5","lipi_frame700_034_source_acquisition_manifest.csv","no_public_lead_source_required | source_acquisition_only_source_images_not_validated","","","","Request source-grade images/plates for all catalog rows of H-2105. Metadata source hooks: H95-2428; Figure 27.13. Packet rows to verify: 642.2 +700-034+. All local rows to reconcile: 642.1 +137+; 642.2 +700-034+. Needed: side labels/order, image/impression direction, sign segmentation, object material/shape/dimensions, and proof rows are distinct physical sides.","effective_unicity_directionality_source_queue_source_index.csv;lipi_frame700_034_source_acquisition_manifest.csv"
"H-213","3","5","lipi_frame700_034_source_acquisition_manifest.csv","no_public_lead_source_required | source_acquisition_only_source_images_not_validated","","","","Request source-grade images/plates for all catalog rows of H-213. Metadata source hooks: 13011. Packet rows to verify: 1244.2 +700-032+. All local rows to reconcile: 1244.1 +400-520-400-352+; 1244.2 +700-032+. Needed: side labels/order, image/impression direction, sign segmentation, object material/shape/dimensions, and proof rows are distinct physical sides.","effective_unicity_directionality_source_queue_source_index.csv;lipi_frame700_034_source_acquisition_manifest.csv;source_box_negative_control_candidates.csv"
"H-2130","2","5","lipi_frame700_034_source_acquisition_manifest.csv","no_public_lead_source_required | source_acquisition_only_source_images_not_validated","","","","Request source-grade images/plates for all catalog rows of H-2130. Metadata source hooks: H96-2709; Figure 17.02. Packet rows to verify: 823.1 +700-034+. All local rows to reconcile: 823.1 +700-034+; 823.2 +365-900+. Needed: side labels/order, image/impression direction, sign segmentation, object material/shape/dimensions, and proof rows are distinct physical sides.","effective_unicity_directionality_source_queue_source_index.csv;lipi_frame700_034_source_acquisition_manifest.csv"
"H-2137","6","5","lipi_frame700_034_source_acquisition_manifest.csv","no_public_lead_source_required | source_acquisition_only_source_images_not_validated","","","","Request source-grade images/plates for all catalog rows of H-2137. Metadata source hooks: H95-2480; Figure 30.09. Packet rows to verify: 3932.1 +700-034+. All local rows to reconcile: 3932.1 +700-034+; 3932.2 +740-100-176+. Needed: side labels/order, image/impression direction, sign segmentation, object material/shape/dimensions, and proof rows are distinct physical sides.","effective_unicity_directionality_source_queue_source_index.csv;lipi_frame700_034_source_acquisition_manifest.csv;lipi_frame700_034_source_route_audit.csv;lipi_frame700_034_two_lane_source_coding_sheet.csv;lipi_frame700_034_two_lane_source_packet.csv"
"H-2140","2","5","lipi_frame700_034_source_acquisition_manifest.csv","no_public_lead_source_required | source_acquisition_only_source_images_not_validated","","","","Request source-grade images/plates for all catalog rows of H-2140. Metadata source hooks: H2000-4475; Figure 42.01. Packet rows to verify: 418.1 +700-034+. All local rows to reconcile: 418.1 +700-034+; 418.2 +565-740-176-231+. Needed: side labels/order, image/impression direction, sign segmentation, object material/shape/dimensions, and proof rows are distinct physical sides.","effective_unicity_directionality_source_queue_source_index.csv;lipi_frame700_034_source_acquisition_manifest.csv"
"H-2141","2","5","lipi_frame700_034_source_acquisition_manifest.csv","no_public_lead_source_required | source_acquisition_only_source_images_not_validated","","","","Request source-grade images/plates for all catalog rows of H-2141. Metadata source hooks: H2000-4433; Figure 38.01. Packet rows to verify: 397.1 +700-034+. All local rows to reconcile: 397.1 +700-034+; 397.2 +565-740-176-231+. Needed: side labels/order, image/impression direction, sign segmentation, object material/shape/dimensions, and proof rows are distinct physical sides.","effective_unicity_directionality_source_queue_source_index.csv;lipi_frame700_034_source_acquisition_manifest.csv"
"H-2143","2","5","lipi_frame700_034_source_acquisition_manifest.csv","no_public_lead_source_required | source_acquisition_only_source_images_not_validated","","","","Request source-grade images/plates for all catalog rows of H-2143. Metadata source hooks: H96-2780. Packet rows to verify: 752.1 +700-034+. All local rows to reconcile: 752.1 +700-034+; 752.2 +090-740-792+. Needed: side labels/order, image/impression direction, sign segmentation, object material/shape/dimensions, and proof rows are distinct physical sides.","effective_unicity_directionality_source_queue_source_index.csv;lipi_frame700_034_source_acquisition_manifest.csv"
"H-215","2","5","lipi_frame700_034_source_acquisition_manifest.csv","no_public_lead_source_required | source_acquisition_only_source_images_not_validated","","","","Request source-grade images/plates for all catalog rows of H-215. Metadata source hooks: 13155. Packet rows to verify: 1246.1 +700-034+. All local rows to reconcile: 1246.1 +700-034+; 1246.2 +400-137+. Needed: side labels/order, image/impression direction, sign segmentation, object material/shape/dimensions, and proof rows are distinct physical sides.","effective_unicity_directionality_source_queue_source_index.csv;lipi_frame700_034_source_acquisition_manifest.csv"
"H-2154","2","5","lipi_frame700_034_source_acquisition_manifest.csv","no_public_lead_source_required | source_acquisition_only_source_images_not_validated","","","","Request source-grade images/plates for all catalog rows of H-2154. Metadata source hooks: H96-3176; Figure 19.03. Packet rows to verify: 815.1 +034-700+. All local rows to reconcile: 815.1 +034-700+; 815.2 +400-226+. Needed: side labels/order, image/impression direction, sign segmentation, object material/shape/dimensions, and proof rows are distinct physical sides.","effective_unicity_directionality_source_queue_source_index.csv;lipi_frame700_034_source_acquisition_manifest.csv"
"H-2155","2","5","lipi_frame700_034_source_acquisition_manifest.csv","no_public_lead_source_required | source_acquisition_only_source_images_not_validated","","","","Request source-grade images/plates for all catalog rows of H-2155. Metadata source hooks: H96-3173; Figure 19.12. Packet rows to verify: 812.1 +700-034+. All local rows to reconcile: 812.1 +700-034+; 812.2 +400-236+. Needed: side labels/order, image/impression direction, sign segmentation, object material/shape/dimensions, and proof rows are distinct physical sides.","effective_unicity_directionality_source_queue_source_index.csv;lipi_frame700_034_source_acquisition_manifest.csv"
"H-2183","3","5","lipi_frame700_034_source_acquisition_manifest.csv","no_public_lead_source_required | source_acquisition_only_source_images_not_validated","","","","Request source-grade images/plates for all catalog rows of H-2183. Metadata source hooks: H96-2776; Figure 17.12. Packet rows to verify: 749.1 +700-032+. All local rows to reconcile: 749.1 +700-032+; 749.2 +400-740-575-017-798+. Needed: side labels/order, image/impression direction, sign segmentation, object material/shape/dimensions, and proof rows are distinct physical sides.","effective_unicity_directionality_source_queue_source_index.csv;lipi_frame700_034_source_acquisition_manifest.csv;source_box_negative_control_candidates.csv"
"H-2184","4","5","lipi_frame700_034_source_acquisition_manifest.csv","no_public_lead_source_required | source_acquisition_only_source_images_not_validated","","","","Request source-grade images/plates for all catalog rows of H-2184. Metadata source hooks: H2001-5200; Figure 47.01. Packet rows to verify: 490.1 +700-032+. All local rows to reconcile: 490.1 +700-032+; 490.2 +400-740-032-015+. Needed: side labels/order, image/impression direction, sign segmentation, object material/shape/dimensions, and proof rows are distinct physical sides.","effective_unicity_directionality_source_queue_source_index.csv;lipi_frame700_034_source_acquisition_manifest.csv;source_box_negative_control_candidates.csv"
"H-2204","10","5","lipi_frame700_034_independent_source_leads.csv","confidence:high_object_identity_medium_alignment","","","","public sources give 19 x 7.3 x 3.5 and 3 incised sides; local row has 19 x 7.3 x 0 and two local rows; reconcile before row use","effective_unicity_directionality_source_queue_source_index.csv;lipi_frame700_034_independent_source_leads.csv;lipi_frame700_034_source_acquisition_manifest.csv;lipi_frame700_034_source_coding_sheet_template.csv;lipi_frame700_034_source_route_audit.csv;lipi_frame700_034_two_lane_source_coding_sheet.csv;lipi_frame700_034_two_lane_source_packet.csv;source_box_negative_control_candidates.csv"
"H-2206","3","5","lipi_frame700_034_source_acquisition_manifest.csv","no_public_lead_source_required | source_acquisition_only_source_images_not_validated","","","","Request source-grade images/plates for all catalog rows of H-2206. Metadata source hooks: H97-3334; Figure 15.05. Packet rows to verify: 871.1 +700-034+. All local rows to reconcile: 871.1 +700-034+; 871.2 +740-032-025+. Needed: side labels/order, image/impression direction, sign segmentation, object material/shape/dimensions, and proof rows are distinct physical sides.","effective_unicity_directionality_source_queue_source_index.csv;lipi_frame700_034_source_acquisition_manifest.csv;source_box_negative_control_candidates.csv"
"H-2208","3","5","lipi_frame700_034_source_acquisition_manifest.csv","no_public_lead_source_required | source_acquisition_only_source_images_not_validated","","","","Request source-grade images/plates for all catalog rows of H-2208. Metadata source hooks: H94-2179; Figure 27.04. Packet rows to verify: 549.1 +034-700+. All local rows to reconcile: 549.1 +034-700+; 549.2 +400-740-032-027+. Needed: side labels/order, image/impression direction, sign segmentation, object material/shape/dimensions, and proof rows are distinct physical sides.","effective_unicity_directionality_source_queue_source_index.csv;lipi_frame700_034_source_acquisition_manifest.csv;source_box_negative_control_candidates.csv"
"H-2209","9","5","lipi_frame700_034_independent_source_leads.csv","confidence:no_public_hit_in_checked_layer","","","","paired with H-2204 only after source side relation is checked","effective_unicity_directionality_source_queue_source_index.csv;lipi_frame700_034_independent_source_leads.csv;lipi_frame700_034_source_coding_sheet_template.csv;lipi_frame700_034_source_route_audit.csv;lipi_frame700_034_two_lane_source_coding_sheet.csv;lipi_frame700_034_two_lane_source_packet.csv;source_box_negative_control_candidates.csv"
"H-2217","12","5","lipi_frame700_034_independent_source_leads.csv","confidence:no_public_hit_in_checked_layer","","","","paired with H-2204 only after source side relation is checked","effective_unicity_directionality_source_queue_source_index.csv;lipi_frame700_034_independent_source_leads.csv;lipi_frame700_034_source_coding_sheet_template.csv;lipi_frame700_034_source_route_audit.csv;lipi_frame700_034_two_lane_source_coding_sheet.csv;lipi_frame700_034_two_lane_source_packet.csv;source_box_negative_control_candidates.csv"
"H-2246","3","5","lipi_frame700_034_source_acquisition_manifest.csv","no_public_lead_source_required | source_acquisition_only_source_images_not_validated","","","","Request source-grade images/plates for all catalog rows of H-2246. Metadata source hooks: H2001-5145; Figure 47.05. Packet rows to verify: 484.1 +700-034+. All local rows to reconcile: 484.1 +700-034+; 484.2 +824-032-578-415+; 484.3 +740-760-840-799+. Needed: side labels/order, image/impression direction, sign segmentation, object material/shape/dimensions, and proof rows are distinct physical sides.","effective_unicity_directionality_source_queue_source_index.csv;lipi_frame700_034_source_acquisition_manifest.csv;source_box_negative_control_candidates.csv"
"H-230","3","5","lipi_frame700_034_source_acquisition_manifest.csv","no_public_lead_source_required | source_acquisition_only_source_images_not_validated","","","","Request source-grade images/plates for all catalog rows of H-230. Metadata source hooks: 9059324. Packet rows to verify: 1257.2 +700-032+. All local rows to reconcile: 1257.1 +520-072-219+; 1257.2 +700-032+. Needed: side labels/order, image/impression direction, sign segmentation, object material/shape/dimensions, and proof rows are distinct physical sides.","effective_unicity_directionality_source_queue_source_index.csv;lipi_frame700_034_source_acquisition_manifest.csv;source_box_negative_control_candidates.csv"
"H-232","3","5","lipi_frame700_034_source_acquisition_manifest.csv","no_public_lead_source_required | source_acquisition_only_source_images_not_validated","","","","Request source-grade images/plates for all catalog rows of H-232. Metadata source hooks: H550368. Packet rows to verify: 1259.2 +700-032+. All local rows to reconcile: 1259.1 +400-740-177-519+; 1259.2 +700-032+. Needed: side labels/order, image/impression direction, sign segmentation, object material/shape/dimensions, and proof rows are distinct physical sides.","effective_unicity_directionality_source_queue_source_index.csv;lipi_frame700_034_source_acquisition_manifest.csv;source_box_negative_control_candidates.csv"
"H-233","3","5","lipi_frame700_034_source_acquisition_manifest.csv","T4_image_pointer_not_source_validated | source_acquisition_only_source_images_not_validated","","","","Request source-grade images/plates for all catalog rows of H-233. Metadata source hooks: 12544387. Packet rows to verify: 1260.2 +700-033+. All local rows to reconcile: 1260.1 +400-740-176+; 1260.2 +700-033+. Needed: side labels/order, image/impression direction, sign segmentation, object material/shape/dimensions, and proof rows are distinct physical sides.","effective_unicity_directionality_source_queue_source_index.csv;lipi_frame700_034_source_acquisition_manifest.csv;lipi_short_mark_source_acquisition_queue.csv"
"H-251","3","5","lipi_frame700_034_source_acquisition_manifest.csv","no_public_lead_source_required | source_acquisition_only_source_images_not_validated","","","","Request source-grade images/plates for all catalog rows of H-251. Metadata source hooks: 8800342. Packet rows to verify: 1276.2 +700-032+. All local rows to reconcile: 1276.1 +400-740-100-240+; 1276.2 +700-032+. Needed: side labels/order, image/impression direction, sign segmentation, object material/shape/dimensions, and proof rows are distinct physical sides.","effective_unicity_directionality_source_queue_source_index.csv;lipi_frame700_034_source_acquisition_manifest.csv;source_box_negative_control_candidates.csv"
"H-285","2","5","lipi_frame700_034_source_acquisition_manifest.csv","no_public_lead_source_required | source_acquisition_only_source_images_not_validated","","","","Request source-grade images/plates for all catalog rows of H-285. Metadata source hooks: J581406. Packet rows to verify: 1307.2 +700-034+. All local rows to reconcile: 1307.1 +740-382-002[; 1307.2 +700-034+. Needed: side labels/order, image/impression direction, sign segmentation, object material/shape/dimensions, and proof rows are distinct physical sides.","effective_unicity_directionality_source_queue_source_index.csv;lipi_frame700_034_source_acquisition_manifest.csv"
"H-297","2","5","lipi_frame700_034_source_acquisition_manifest.csv","no_public_lead_source_required | source_acquisition_only_source_images_not_validated","","","","Request source-grade images/plates for all catalog rows of H-297. Metadata source hooks: no excavation/figure hook in filtered metadata. Packet rows to verify: 1319.2 +700-034+. All local rows to reconcile: 1319.1 +400-151-336-630-706+; 1319.2 +700-034+. Needed: side labels/order, image/impression direction, sign segmentation, object material/shape/dimensions, and proof rows are distinct physical sides.","effective_unicity_directionality_source_queue_source_index.csv;lipi_frame700_034_source_acquisition_manifest.csv"
"H-307","2","5","lipi_frame700_034_source_acquisition_manifest.csv","no_public_lead_source_required | source_acquisition_only_source_images_not_validated","","","","Request source-grade images/plates for all catalog rows of H-307. Metadata source hooks: 1963. Packet rows to verify: 1329.2 +700-034+. All local rows to reconcile: 1329.1 +368-900+; 1329.2 +700-034+. Needed: side labels/order, image/impression direction, sign segmentation, object material/shape/dimensions, and proof rows are distinct physical sides.","effective_unicity_directionality_source_queue_source_index.csv;lipi_frame700_034_source_acquisition_manifest.csv"
"H-308","2","5","lipi_frame700_034_source_acquisition_manifest.csv","no_public_lead_source_required | source_acquisition_only_source_images_not_validated","","","","Request source-grade images/plates for all catalog rows of H-308. Metadata source hooks: 2569. Packet rows to verify: 1330.2 +700-034+. All local rows to reconcile: 1330.1 +400-740-176+; 1330.2 +700-034+. Needed: side labels/order, image/impression direction, sign segmentation, object material/shape/dimensions, and proof rows are distinct physical sides.","effective_unicity_directionality_source_queue_source_index.csv;lipi_frame700_034_source_acquisition_manifest.csv"
"H-309","3","5","lipi_frame700_034_source_acquisition_manifest.csv","T4_text_pointer_not_source_validated | source_acquisition_only_source_images_not_validated","","","","Request source-grade images/plates for all catalog rows of H-309. Metadata source hooks: 2056(1). Packet rows to verify: 1331.2 +700-033+. All local rows to reconcile: 1331.1 +400-740-176+; 1331.2 +700-033+. Needed: side labels/order, image/impression direction, sign segmentation, object material/shape/dimensions, and proof rows are distinct physical sides.","effective_unicity_directionality_source_queue_source_index.csv;lipi_frame700_034_source_acquisition_manifest.csv;lipi_short_mark_source_acquisition_queue.csv"
"H-312","2","5","lipi_frame700_034_source_acquisition_manifest.csv","no_public_lead_source_required | source_acquisition_only_source_images_not_validated","","","","Request source-grade images/plates for all catalog rows of H-312. Metadata source hooks: 2483. Packet rows to verify: 1334.2 +700-034+. All local rows to reconcile: 1334.1 +400-740-176+; 1334.2 +700-034+. Needed: side labels/order, image/impression direction, sign segmentation, object material/shape/dimensions, and proof rows are distinct physical sides.","effective_unicity_directionality_source_queue_source_index.csv;lipi_frame700_034_source_acquisition_manifest.csv"
"H-313","2","5","lipi_frame700_034_source_acquisition_manifest.csv","no_public_lead_source_required | source_acquisition_only_source_images_not_validated","","","","Request source-grade images/plates for all catalog rows of H-313. Metadata source hooks: 2648. Packet rows to verify: 1335.2 +700-034+. All local rows to reconcile: 1335.1 +400-740-176+; 1335.2 +700-034+. Needed: side labels/order, image/impression direction, sign segmentation, object material/shape/dimensions, and proof rows are distinct physical sides.","effective_unicity_directionality_source_queue_source_index.csv;lipi_frame700_034_source_acquisition_manifest.csv"
"H-314","2","5","lipi_frame700_034_source_acquisition_manifest.csv","no_public_lead_source_required | source_acquisition_only_source_images_not_validated","","","","Request source-grade images/plates for all catalog rows of H-314. Metadata source hooks: 3091. Packet rows to verify: 1336.2 +700-034+. All local rows to reconcile: 1336.1 +400-740-176+; 1336.2 +700-034+. Needed: side labels/order, image/impression direction, sign segmentation, object material/shape/dimensions, and proof rows are distinct physical sides.","effective_unicity_directionality_source_queue_source_index.csv;lipi_frame700_034_source_acquisition_manifest.csv"
"H-316","3","5","lipi_frame700_034_source_acquisition_manifest.csv","T4_text_pointer_not_source_validated | source_acquisition_only_source_images_not_validated","","","","Request source-grade images/plates for all catalog rows of H-316. Metadata source hooks: 2480. Packet rows to verify: 1338.2 +700-033+. All local rows to reconcile: 1338.1 +400-740-176+; 1338.2 +700-033+. Needed: side labels/order, image/impression direction, sign segmentation, object material/shape/dimensions, and proof rows are distinct physical sides.","effective_unicity_directionality_source_queue_source_index.csv;lipi_frame700_034_source_acquisition_manifest.csv;lipi_short_mark_source_acquisition_queue.csv"
"H-317","2","5","lipi_frame700_034_source_acquisition_manifest.csv","no_public_lead_source_required | source_acquisition_only_source_images_not_validated","","","","Request source-grade images/plates for all catalog rows of H-317. Metadata source hooks: 3025. Packet rows to verify: 1339.2 +700-034+. All local rows to reconcile: 1339.1 +400-740-176+; 1339.2 +700-034+. Needed: side labels/order, image/impression direction, sign segmentation, object material/shape/dimensions, and proof rows are distinct physical sides.","effective_unicity_directionality_source_queue_source_index.csv;lipi_frame700_034_source_acquisition_manifest.csv"
"H-319","2","5","lipi_frame700_034_source_acquisition_manifest.csv","no_public_lead_source_required | source_acquisition_only_source_images_not_validated","","","","Request source-grade images/plates for all catalog rows of H-319. Metadata source hooks: 10060544. Packet rows to verify: 1341.2 +700-034+. All local rows to reconcile: 1341.1 +520-220-415+; 1341.2 +700-034+. Needed: side labels/order, image/impression direction, sign segmentation, object material/shape/dimensions, and proof rows are distinct physical sides.","effective_unicity_directionality_source_queue_source_index.csv;lipi_frame700_034_source_acquisition_manifest.csv"
"H-320","2","5","lipi_frame700_034_source_acquisition_manifest.csv","no_public_lead_source_required | source_acquisition_only_source_images_not_validated","","","","Request source-grade images/plates for all catalog rows of H-320. Metadata source hooks: 3173. Packet rows to verify: 1342.2 +700-034+. All local rows to reconcile: 1342.1 +520-240-000+; 1342.2 +700-034+. Needed: side labels/order, image/impression direction, sign segmentation, object material/shape/dimensions, and proof rows are distinct physical sides.","effective_unicity_directionality_source_queue_source_index.csv;lipi_frame700_034_source_acquisition_manifest.csv"
"H-321","3","5","lipi_frame700_034_source_acquisition_manifest.csv","no_public_lead_source_required | source_acquisition_only_source_images_not_validated","","","","Request source-grade images/plates for all catalog rows of H-321. Metadata source hooks: J575. Packet rows to verify: 1343.2 +032-700+. All local rows to reconcile: 1343.1 +740-690-630-240+; 1343.2 +032-700+. Needed: side labels/order, image/impression direction, sign segmentation, object material/shape/dimensions, and proof rows are distinct physical sides.","effective_unicity_directionality_source_queue_source_index.csv;lipi_frame700_034_source_acquisition_manifest.csv;source_box_negative_control_candidates.csv"
"H-322","4","5","lipi_frame700_034_source_acquisition_manifest.csv","no_public_lead_source_required | source_acquisition_only_source_images_not_validated","","","","Request source-grade images/plates for all catalog rows of H-322. Metadata source hooks: no excavation/figure hook in filtered metadata. Packet rows to verify: 1344.2 +700-032+. All local rows to reconcile: 1344.1 +400-740-032-028+; 1344.2 +700-032+. Needed: side labels/order, image/impression direction, sign segmentation, object material/shape/dimensions, and proof rows are distinct physical sides.","effective_unicity_directionality_source_queue_source_index.csv;lipi_frame700_034_source_acquisition_manifest.csv;source_box_negative_control_candidates.csv"
"H-324","2","5","lipi_frame700_034_source_acquisition_manifest.csv","no_public_lead_source_required | source_acquisition_only_source_images_not_validated","","","","Request source-grade images/plates for all catalog rows of H-324. Metadata source hooks: 11851484. Packet rows to verify: 1346.2 +700-034+. All local rows to reconcile: 1346.1 +400-156-384-031+; 1346.2 +700-034+. Needed: side labels/order, image/impression direction, sign segmentation, object material/shape/dimensions, and proof rows are distinct physical sides.","effective_unicity_directionality_source_queue_source_index.csv;lipi_frame700_034_source_acquisition_manifest.csv"
"H-341","3","5","lipi_frame700_034_source_acquisition_manifest.csv","no_public_lead_source_required | source_acquisition_only_source_images_not_validated","","","","Request source-grade images/plates for all catalog rows of H-341. Metadata source hooks: 4080419. Packet rows to verify: 1362.2 +700-032+. All local rows to reconcile: 1362.1 +400-740-336-176+; 1362.2 +700-032+. Needed: side labels/order, image/impression direction, sign segmentation, object material/shape/dimensions, and proof rows are distinct physical sides.","effective_unicity_directionality_source_queue_source_index.csv;lipi_frame700_034_source_acquisition_manifest.csv;source_box_negative_control_candidates.csv"
"H-350","2","5","lipi_frame700_034_source_acquisition_manifest.csv","no_public_lead_source_required | source_acquisition_only_source_images_not_validated","","","","Request source-grade images/plates for all catalog rows of H-350. Metadata source hooks: 3534a576. Packet rows to verify: 1369.2 +700-034+. All local rows to reconcile: 1369.1 +740-690-642-240+; 1369.2 +700-034+. Needed: side labels/order, image/impression direction, sign segmentation, object material/shape/dimensions, and proof rows are distinct physical sides.","effective_unicity_directionality_source_queue_source_index.csv;lipi_frame700_034_source_acquisition_manifest.csv"
"H-351","3","5","lipi_frame700_034_source_acquisition_manifest.csv","no_public_lead_source_required | source_acquisition_only_source_images_not_validated","","","","Request source-grade images/plates for all catalog rows of H-351. Metadata source hooks: 2429581. Packet rows to verify: 1370.2 +700-034+. All local rows to reconcile: 1370.1 +400-740-032-060-013+; 1370.2 +700-034+. Needed: side labels/order, image/impression direction, sign segmentation, object material/shape/dimensions, and proof rows are distinct physical sides.","effective_unicity_directionality_source_queue_source_index.csv;lipi_frame700_034_source_acquisition_manifest.csv;source_box_negative_control_candidates.csv"
"H-353","12","5","lipi_frame700_034_source_acquisition_manifest.csv","T4_text_pointer_not_source_validated | source_acquisition_only_source_images_not_validated","","","","Request source-grade images/plates for all catalog rows of H-353. Metadata source hooks: 1348. Packet rows to verify: 1372.2 +700-033+. All local rows to reconcile: 1372.1 +400-740-176+; 1372.2 +700-033+. Needed: side labels/order, image/impression direction, sign segmentation, object material/shape/dimensions, and proof rows are distinct physical sides.","effective_unicity_directionality_source_queue_source_index.csv;lipi_frame700_034_source_acquisition_manifest.csv;lipi_frame700_034_source_panel_graph_edges.csv;lipi_frame700_034_source_panel_graph_nodes.csv;lipi_frame700_034_source_route_audit.csv;lipi_frame700_034_two_lane_source_coding_sheet.csv;lipi_frame700_034_two_lane_source_packet.csv;lipi_short_mark_source_acquisition_queue.csv"
"H-355","3","5","lipi_frame700_034_source_acquisition_manifest.csv","T4_text_pointer_not_source_validated | source_acquisition_only_source_images_not_validated","","","","Request source-grade images/plates for all catalog rows of H-355. Metadata source hooks: 1274. Packet rows to verify: 1374.2 +700-033+; 1374.3 +700-033+. All local rows to reconcile: 1374.1 +400-740-176+; 1374.2 +700-033+; 1374.3 +700-033+. Needed: side labels/order, image/impression direction, sign segmentation, object material/shape/dimensions, and proof rows are distinct physical sides.","effective_unicity_directionality_source_queue_source_index.csv;lipi_frame700_034_source_acquisition_manifest.csv;lipi_short_mark_source_acquisition_queue.csv"
"H-356","2","5","lipi_frame700_034_source_acquisition_manifest.csv","no_public_lead_source_required | source_acquisition_only_source_images_not_validated","","","","Request source-grade images/plates for all catalog rows of H-356. Metadata source hooks: 2478. Packet rows to verify: 1375.1 +700-033+. All local rows to reconcile: 1375.1 +700-033+; 1375.2 +400-740-176+. Needed: side labels/order, image/impression direction, sign segmentation, object material/shape/dimensions, and proof rows are distinct physical sides.","effective_unicity_directionality_source_queue_source_index.csv;lipi_frame700_034_source_acquisition_manifest.csv"
"H-357","3","5","lipi_frame700_034_source_acquisition_manifest.csv","T4_text_pointer_not_source_validated | source_acquisition_only_source_images_not_validated","","","","Request source-grade images/plates for all catalog rows of H-357. Metadata source hooks: 2917. Packet rows to verify: 1376.2 +700-033+. All local rows to reconcile: 1376.1 +400-740-176+; 1376.2 +700-033+. Needed: side labels/order, image/impression direction, sign segmentation, object material/shape/dimensions, and proof rows are distinct physical sides.","effective_unicity_directionality_source_queue_source_index.csv;lipi_frame700_034_source_acquisition_manifest.csv;lipi_short_mark_source_acquisition_queue.csv"
"H-358","2","5","lipi_frame700_034_source_acquisition_manifest.csv","no_public_lead_source_required | source_acquisition_only_source_images_not_validated","","","","Request source-grade images/plates for all catalog rows of H-358. Metadata source hooks: 11390579. Packet rows to verify: 1377.2 +034-700+. All local rows to reconcile: 1377.1 +400-156-435-255+; 1377.2 +034-700+; 1377.3 +740-000+. Needed: side labels/order, image/impression direction, sign segmentation, object material/shape/dimensions, and proof rows are distinct physical sides.","effective_unicity_directionality_source_queue_source_index.csv;lipi_frame700_034_source_acquisition_manifest.csv"
"H-363","2","5","lipi_frame700_034_source_acquisition_manifest.csv","no_public_lead_source_required | source_acquisition_only_source_images_not_validated","","","","Request source-grade images/plates for all catalog rows of H-363. Metadata source hooks: 13030. Packet rows to verify: 1382.2 +700-034+. All local rows to reconcile: 1382.1 +565-741-263+; 1382.2 +700-034+; 1382.3 +692-892+. Needed: side labels/order, image/impression direction, sign segmentation, object material/shape/dimensions, and proof rows are distinct physical sides.","effective_unicity_directionality_source_queue_source_index.csv;lipi_frame700_034_source_acquisition_manifest.csv"
"H-543","11","5","lipi_034_m2104_source_visual_notes.csv","control_plate_visible_broken","https://archive.org/download/TheIndusScript.TextConcordanceAndTablesIravathanMahadevan/Corpus%20of%20Indus%20Seals%20and%20Inscriptions.%20Collections%20in%20Pakistan/page/n324_w2000.jpg","","","","effective_unicity_directionality_source_queue_source_index.csv;lipi_034_m2104_source_route_hits.csv;lipi_034_m2104_source_visual_notes.csv"
"H-544","14","5","lipi_034_m2104_source_visual_notes.csv","control_plate_visible","https://archive.org/download/TheIndusScript.TextConcordanceAndTablesIravathanMahadevan/Corpus%20of%20Indus%20Seals%20and%20Inscriptions.%20Collections%20in%20Pakistan/page/n325_w2000.jpg","","","","effective_unicity_directionality_source_queue_source_index.csv;lipi_034_m2104_source_route_hits.csv;lipi_034_m2104_source_visual_notes.csv"
"H-697","4","5","lipi_frame700_034_source_acquisition_manifest.csv","no_public_lead_source_required | source_acquisition_only_source_images_not_validated","","","","Request source-grade images/plates for all catalog rows of H-697. Metadata source hooks: 10965. Packet rows to verify: 1602.2 +700-032+. All local rows to reconcile: 1602.1 +740-904-240-002-817+; 1602.2 +700-032+. Needed: side labels/order, image/impression direction, sign segmentation, object material/shape/dimensions, and proof rows are distinct physical sides.","effective_unicity_directionality_source_queue_source_index.csv;lipi_frame700_034_source_acquisition_manifest.csv;source_box_negative_control_candidates.csv"
"H-766","3","5","lipi_frame700_034_source_acquisition_manifest.csv","no_public_lead_source_required | source_acquisition_only_source_images_not_validated","","","","Request source-grade images/plates for all catalog rows of H-766. Metadata source hooks: H715359. Packet rows to verify: 1658.2 +700-032+. All local rows to reconcile: 1658.1 +065-826+; 1658.2 +700-032+. Needed: side labels/order, image/impression direction, sign segmentation, object material/shape/dimensions, and proof rows are distinct physical sides.","effective_unicity_directionality_source_queue_source_index.csv;lipi_frame700_034_source_acquisition_manifest.csv;source_box_negative_control_candidates.csv"
"H-768","3","5","lipi_frame700_034_source_acquisition_manifest.csv","no_public_lead_source_required | source_acquisition_only_source_images_not_validated","","","","Request source-grade images/plates for all catalog rows of H-768. Metadata source hooks: 10997358. Packet rows to verify: 1660.2 +700-032+. All local rows to reconcile: 1660.1 +400-740-033-705-233-235-000+; 1660.2 +700-032+. Needed: side labels/order, image/impression direction, sign segmentation, object material/shape/dimensions, and proof rows are distinct physical sides.","effective_unicity_directionality_source_queue_source_index.csv;lipi_frame700_034_source_acquisition_manifest.csv;source_box_negative_control_candidates.csv"
"H-771","17","5","lipi_frame700_034_independent_source_leads.csv","confidence:no_public_hit_in_checked_layer","","","","need source image because catalog handle alone is not enough","effective_unicity_directionality_source_queue_source_index.csv;lipi_frame700_034_independent_source_leads.csv;lipi_frame700_034_source_acquisition_manifest.csv;lipi_frame700_034_source_coding_sheet_template.csv;lipi_frame700_034_source_panel_graph_edges.csv;lipi_frame700_034_source_panel_graph_nodes.csv;lipi_frame700_034_source_route_audit.csv;lipi_frame700_034_two_lane_source_coding_sheet.csv;lipi_frame700_034_two_lane_source_packet.csv;source_box_negative_control_candidates.csv"
"H-777","3","5","lipi_frame700_034_source_acquisition_manifest.csv","no_public_lead_source_required | source_acquisition_only_source_images_not_validated","","","","Request source-grade images/plates for all catalog rows of H-777. Metadata source hooks: H86-01. Packet rows to verify: 1668.1 +032-700+. All local rows to reconcile: 1668.1 +032-700+; 1668.2 +390-004-104+. Needed: side labels/order, image/impression direction, sign segmentation, object material/shape/dimensions, and proof rows are distinct physical sides.","effective_unicity_directionality_source_queue_source_index.csv;lipi_frame700_034_source_acquisition_manifest.csv;source_box_negative_control_candidates.csv"
"H-780","2","5","lipi_frame700_034_source_acquisition_manifest.csv","no_public_lead_source_required | source_acquisition_only_source_images_not_validated","","","","Request source-grade images/plates for all catalog rows of H-780. Metadata source hooks: 3789361. Packet rows to verify: 1671.2 +700-034+. All local rows to reconcile: 1671.1 +740-400-142-061+; 1671.2 +700-034+. Needed: side labels/order, image/impression direction, sign segmentation, object material/shape/dimensions, and proof rows are distinct physical sides.","effective_unicity_directionality_source_queue_source_index.csv;lipi_frame700_034_source_acquisition_manifest.csv"
"H-785","2","5","lipi_frame700_034_source_acquisition_manifest.csv","no_public_lead_source_required | source_acquisition_only_source_images_not_validated","","","","Request source-grade images/plates for all catalog rows of H-785. Metadata source hooks: 11348681. Packet rows to verify: 1676.1 +700-034+. All local rows to reconcile: 1676.1 +700-034+; 1676.2 +740-255-000+. Needed: side labels/order, image/impression direction, sign segmentation, object material/shape/dimensions, and proof rows are distinct physical sides.","effective_unicity_directionality_source_queue_source_index.csv;lipi_frame700_034_source_acquisition_manifest.csv"
"H-788","2","5","lipi_frame700_034_source_acquisition_manifest.csv","no_public_lead_source_required | source_acquisition_only_source_images_not_validated","","","","Request source-grade images/plates for all catalog rows of H-788. Metadata source hooks: 558683. Packet rows to verify: 1679.2 +700-034+. All local rows to reconcile: 1679.1 +740-255-000+; 1679.2 +700-034+. Needed: side labels/order, image/impression direction, sign segmentation, object material/shape/dimensions, and proof rows are distinct physical sides.","effective_unicity_directionality_source_queue_source_index.csv;lipi_frame700_034_source_acquisition_manifest.csv"
"H-789","12","5","lipi_frame700_034_independent_source_leads.csv","confidence:no_public_hit_in_checked_layer","","","","need source image because catalog handle alone is not enough","effective_unicity_directionality_source_queue_source_index.csv;lipi_frame700_034_independent_source_leads.csv;lipi_frame700_034_source_coding_sheet_template.csv;lipi_frame700_034_source_panel_graph_edges.csv;lipi_frame700_034_source_panel_graph_nodes.csv;lipi_frame700_034_source_route_audit.csv;lipi_frame700_034_two_lane_source_coding_sheet.csv;lipi_frame700_034_two_lane_source_packet.csv"
"H-815","3","5","lipi_frame700_034_source_acquisition_manifest.csv","no_public_lead_source_required | source_acquisition_only_source_images_not_validated","","","","Request source-grade images/plates for all catalog rows of H-815. Metadata source hooks: 11358. Packet rows to verify: 1704.1 +700-032+. All local rows to reconcile: 1704.1 +700-032+; 1704.2 +520-072-219+. Needed: side labels/order, image/impression direction, sign segmentation, object material/shape/dimensions, and proof rows are distinct physical sides.","effective_unicity_directionality_source_queue_source_index.csv;lipi_frame700_034_source_acquisition_manifest.csv;source_box_negative_control_candidates.csv"
"H-817","3","5","lipi_frame700_034_source_acquisition_manifest.csv","no_public_lead_source_required | source_acquisition_only_source_images_not_validated","","","","Request source-grade images/plates for all catalog rows of H-817. Metadata source hooks: 1235369. Packet rows to verify: 1706.2 +032-700+. All local rows to reconcile: 1706.1 +400-740-336-018+; 1706.2 +032-700+. Needed: side labels/order, image/impression direction, sign segmentation, object material/shape/dimensions, and proof rows are distinct physical sides.","effective_unicity_directionality_source_queue_source_index.csv;lipi_frame700_034_source_acquisition_manifest.csv;source_box_negative_control_candidates.csv"
"H-819","2","5","lipi_frame700_034_source_acquisition_manifest.csv","no_public_lead_source_required | source_acquisition_only_source_images_not_validated","","","","Request source-grade images/plates for all catalog rows of H-819. Metadata source hooks: 12955. Packet rows to verify: 1708.2 +700-034+. All local rows to reconcile: 1708.1 +520-240+; 1708.2 +700-034+. Needed: side labels/order, image/impression direction, sign segmentation, object material/shape/dimensions, and proof rows are distinct physical sides.","effective_unicity_directionality_source_queue_source_index.csv;lipi_frame700_034_source_acquisition_manifest.csv"
"H-823","2","5","lipi_frame700_034_source_acquisition_manifest.csv","no_public_lead_source_required | source_acquisition_only_source_images_not_validated","","","","Request source-grade images/plates for all catalog rows of H-823. Metadata source hooks: H88-1196. Packet rows to verify: 1712.1 +700-034+. All local rows to reconcile: 1712.1 +700-034+; 1712.2 +740-636-240-060-692+. Needed: side labels/order, image/impression direction, sign segmentation, object material/shape/dimensions, and proof rows are distinct physical sides.","effective_unicity_directionality_source_queue_source_index.csv;lipi_frame700_034_source_acquisition_manifest.csv"
"H-850","3","5","lipi_frame700_034_source_acquisition_manifest.csv","no_public_lead_source_required | source_acquisition_only_source_images_not_validated","","","","Request source-grade images/plates for all catalog rows of H-850. Metadata source hooks: J619642. Packet rows to verify: 1736.2 +032-700+. All local rows to reconcile: 1736.1 +400-740-892-617+; 1736.2 +032-700+. Needed: side labels/order, image/impression direction, sign segmentation, object material/shape/dimensions, and proof rows are distinct physical sides.","effective_unicity_directionality_source_queue_source_index.csv;lipi_frame700_034_source_acquisition_manifest.csv;source_box_negative_control_candidates.csv"
"H-853","2","5","lipi_frame700_034_source_acquisition_manifest.csv","no_public_lead_source_required | source_acquisition_only_source_images_not_validated","","","","Request source-grade images/plates for all catalog rows of H-853. Metadata source hooks: 13556. Packet rows to verify: 1739.2 +034-700+. All local rows to reconcile: 1739.1 +740-177-231+; 1739.2 +034-700+. Needed: side labels/order, image/impression direction, sign segmentation, object material/shape/dimensions, and proof rows are distinct physical sides.","effective_unicity_directionality_source_queue_source_index.csv;lipi_frame700_034_source_acquisition_manifest.csv"
"H-854","9","5","lipi_frame700_034_independent_source_leads.csv","confidence:no_public_hit_in_checked_layer","","","","need source image because catalog handle alone is not enough","effective_unicity_directionality_source_queue_source_index.csv;lipi_frame700_034_independent_source_leads.csv;lipi_frame700_034_source_coding_sheet_template.csv;lipi_frame700_034_source_route_audit.csv;lipi_frame700_034_two_lane_source_coding_sheet.csv;lipi_frame700_034_two_lane_source_packet.csv;source_box_negative_control_candidates.csv"
"H-892","2","5","lipi_frame700_034_source_acquisition_manifest.csv","no_public_lead_source_required | source_acquisition_only_source_images_not_validated","","","","Request source-grade images/plates for all catalog rows of H-892. Metadata source hooks: 995451. Packet rows to verify: 1774.2 +034-700+. All local rows to reconcile: 1774.1 +400-740-336-176+; 1774.2 +034-700+. Needed: side labels/order, image/impression direction, sign segmentation, object material/shape/dimensions, and proof rows are distinct physical sides.","effective_unicity_directionality_source_queue_source_index.csv;lipi_frame700_034_source_acquisition_manifest.csv"
"H-893","12","5","lipi_frame700_034_source_acquisition_manifest.csv","no_public_lead_source_required | source_acquisition_only_source_images_not_validated","","","","Request source-grade images/plates for all catalog rows of H-893. Metadata source hooks: 12581522. Packet rows to verify: 1775.2 +700-034+. All local rows to reconcile: 1775.1 +400-740-337+; 1775.2 +700-034+. Needed: side labels/order, image/impression direction, sign segmentation, object material/shape/dimensions, and proof rows are distinct physical sides.","effective_unicity_directionality_source_queue_source_index.csv;lipi_frame700_034_source_acquisition_manifest.csv;lipi_frame700_034_source_panel_graph_edges.csv;lipi_frame700_034_source_panel_graph_nodes.csv;lipi_frame700_034_source_route_audit.csv;lipi_frame700_034_two_lane_source_coding_sheet.csv;lipi_frame700_034_two_lane_source_packet.csv"
"H-930","14","5","source_box_blind_adjudication_scored_rows.csv","confidence:med","","","","","effective_unicity_directionality_source_queue_source_index.csv;lipi_frame700_034_source_panel_graph_edges.csv;lipi_frame700_034_source_panel_graph_nodes.csv;lipi_frame700_034_source_route_audit.csv;lipi_frame700_034_two_lane_source_coding_sheet.csv;lipi_frame700_034_two_lane_source_packet.csv;source_box_blind_adjudication_key.csv;source_box_blind_adjudication_scored_rows.csv;source_box_negative_control_candidates.csv"
"H-933","3","5","lipi_frame700_034_source_acquisition_manifest.csv","T4_text_pointer_not_source_validated | source_acquisition_only_source_images_not_validated","","","","Request source-grade images/plates for all catalog rows of H-933. Metadata source hooks: G252. Packet rows to verify: 1813.1 +034-700+. All local rows to reconcile: 1813.1 +034-700+; 1813.2 +400-740-176+. Needed: side labels/order, image/impression direction, sign segmentation, object material/shape/dimensions, and proof rows are distinct physical sides.","effective_unicity_directionality_source_queue_source_index.csv;lipi_frame700_034_source_acquisition_manifest.csv;lipi_short_mark_source_acquisition_queue.csv"
"H-934","2","5","lipi_frame700_034_source_acquisition_manifest.csv","no_public_lead_source_required | source_acquisition_only_source_images_not_validated","","","","Request source-grade images/plates for all catalog rows of H-934. Metadata source hooks: 11380. Packet rows to verify: 1814.1 +700-033+. All local rows to reconcile: 1814.1 +700-033+; 1814.2 +400-740-176+. Needed: side labels/order, image/impression direction, sign segmentation, object material/shape/dimensions, and proof rows are distinct physical sides.","effective_unicity_directionality_source_queue_source_index.csv;lipi_frame700_034_source_acquisition_manifest.csv"
"H-935","3","5","lipi_frame700_034_source_acquisition_manifest.csv","T4_text_pointer_not_source_validated | source_acquisition_only_source_images_not_validated","","","","Request source-grade images/plates for all catalog rows of H-935. Metadata source hooks: 1280509. Packet rows to verify: 1815.2 +700-033+. All local rows to reconcile: 1815.1 +400-740-176+; 1815.2 +700-033+. Needed: side labels/order, image/impression direction, sign segmentation, object material/shape/dimensions, and proof rows are distinct physical sides.","effective_unicity_directionality_source_queue_source_index.csv;lipi_frame700_034_source_acquisition_manifest.csv;lipi_short_mark_source_acquisition_queue.csv"
"H-936","2","5","lipi_frame700_034_source_acquisition_manifest.csv","no_public_lead_source_required | source_acquisition_only_source_images_not_validated","","","","Request source-grade images/plates for all catalog rows of H-936. Metadata source hooks: 1242. Packet rows to verify: 1816.2 +700-034+. All local rows to reconcile: 1816.1 +400-740-176+; 1816.2 +700-034+. Needed: side labels/order, image/impression direction, sign segmentation, object material/shape/dimensions, and proof rows are distinct physical sides.","effective_unicity_directionality_source_queue_source_index.csv;lipi_frame700_034_source_acquisition_manifest.csv"
"H-938","9","5","lipi_frame700_034_source_acquisition_manifest.csv","source_panel_audited_same_object_pressure_component_negative | source_panel_audited_same_object_pressure_only_component_negative","","","","Source panels/crops now stored for H-938 A/A bis/B from CISI Pakistan leaf n374 / printed p. 340. Same-object proximity survives, but B-side component probe rejects direct component-level 034/415 support under local R/L.","campaign_520_220_x_source_visibility_hints_addendum.csv;effective_unicity_directionality_source_queue_source_index.csv;lipi_frame700_034_source_acquisition_manifest.csv"
"H-939","2","5","lipi_frame700_034_source_acquisition_manifest.csv","no_public_lead_source_required | source_acquisition_only_source_images_not_validated","","","","Request source-grade images/plates for all catalog rows of H-939. Metadata source hooks: J402. Packet rows to verify: 1819.1 +700-034+. All local rows to reconcile: 1819.1 +700-034+; 1819.2 +520-220-415+. Needed: side labels/order, image/impression direction, sign segmentation, object material/shape/dimensions, and proof rows are distinct physical sides.","effective_unicity_directionality_source_queue_source_index.csv;lipi_frame700_034_source_acquisition_manifest.csv"
"H-945","2","5","lipi_frame700_034_source_acquisition_manifest.csv","no_public_lead_source_required | source_acquisition_only_source_images_not_validated","","","","Request source-grade images/plates for all catalog rows of H-945. Metadata source hooks: 2698503. Packet rows to verify: 1825.2 +034-700+. All local rows to reconcile: 1825.1 +400-234+; 1825.2 +034-700+. Needed: side labels/order, image/impression direction, sign segmentation, object material/shape/dimensions, and proof rows are distinct physical sides.","effective_unicity_directionality_source_queue_source_index.csv;lipi_frame700_034_source_acquisition_manifest.csv"
"H-946","2","5","lipi_frame700_034_source_acquisition_manifest.csv","no_public_lead_source_required | source_acquisition_only_source_images_not_validated","","","","Request source-grade images/plates for all catalog rows of H-946. Metadata source hooks: 2544501. Packet rows to verify: 1826.1 +700-034+. All local rows to reconcile: 1826.1 +700-034+; 1826.2 +400-234+. Needed: side labels/order, image/impression direction, sign segmentation, object material/shape/dimensions, and proof rows are distinct physical sides.","effective_unicity_directionality_source_queue_source_index.csv;lipi_frame700_034_source_acquisition_manifest.csv"
"H-947","2","5","lipi_frame700_034_source_acquisition_manifest.csv","no_public_lead_source_required | source_acquisition_only_source_images_not_validated","","","","Request source-grade images/plates for all catalog rows of H-947. Metadata source hooks: 8650b493. Packet rows to verify: 1827.2 +700-034+. All local rows to reconcile: 1827.1 +400-236+; 1827.2 +700-034+. Needed: side labels/order, image/impression direction, sign segmentation, object material/shape/dimensions, and proof rows are distinct physical sides.","effective_unicity_directionality_source_queue_source_index.csv;lipi_frame700_034_source_acquisition_manifest.csv"
"H-952","2","5","lipi_frame700_034_source_acquisition_manifest.csv","no_public_lead_source_required | source_acquisition_only_source_images_not_validated","","","","Request source-grade images/plates for all catalog rows of H-952. Metadata source hooks: G257469. Packet rows to verify: 1832.2 +700-034+. All local rows to reconcile: 1832.1 +740-564+; 1832.2 +700-034+. Needed: side labels/order, image/impression direction, sign segmentation, object material/shape/dimensions, and proof rows are distinct physical sides.","effective_unicity_directionality_source_queue_source_index.csv;lipi_frame700_034_source_acquisition_manifest.csv"
"H-953","2","5","lipi_frame700_034_source_acquisition_manifest.csv","no_public_lead_source_required | source_acquisition_only_source_images_not_validated","","","","Request source-grade images/plates for all catalog rows of H-953. Metadata source hooks: 13395. Packet rows to verify: 1833.1 +700-034+. All local rows to reconcile: 1833.1 +700-034+; 1833.2 +000-550-556+. Needed: side labels/order, image/impression direction, sign segmentation, object material/shape/dimensions, and proof rows are distinct physical sides.","effective_unicity_directionality_source_queue_source_index.csv;lipi_frame700_034_source_acquisition_manifest.csv"
"H-960","3","5","lipi_frame700_034_source_acquisition_manifest.csv","T4_text_pointer_not_source_validated | source_acquisition_only_source_images_not_validated","","","","Request source-grade images/plates for all catalog rows of H-960. Metadata source hooks: 1261543. Packet rows to verify: 1837.1 +700-034+. All local rows to reconcile: 1837.1 +700-034+; 1837.2 +400-740-176+. Needed: side labels/order, image/impression direction, sign segmentation, object material/shape/dimensions, and proof rows are distinct physical sides.","effective_unicity_directionality_source_queue_source_index.csv;lipi_frame700_034_source_acquisition_manifest.csv;lipi_short_mark_source_acquisition_queue.csv"
"H-965","3","5","lipi_frame700_034_source_acquisition_manifest.csv","no_public_lead_source_required | source_acquisition_only_source_images_not_validated","","","","Request source-grade images/plates for all catalog rows of H-965. Metadata source hooks: 3397562. Packet rows to verify: 1842.2 +700-032+. All local rows to reconcile: 1842.1 +740-690-636-240+; 1842.2 +700-032+. Needed: side labels/order, image/impression direction, sign segmentation, object material/shape/dimensions, and proof rows are distinct physical sides.","effective_unicity_directionality_source_queue_source_index.csv;lipi_frame700_034_source_acquisition_manifest.csv;source_box_negative_control_candidates.csv"
"H-978","3","5","lipi_frame700_034_source_acquisition_manifest.csv","T4_text_pointer_not_source_validated | source_acquisition_only_source_images_not_validated","","","","Request source-grade images/plates for all catalog rows of H-978. Metadata source hooks: 1277. Packet rows to verify: 1855.2 +700-033+. All local rows to reconcile: 1855.1 +400-740-176+; 1855.2 +700-033+. Needed: side labels/order, image/impression direction, sign segmentation, object material/shape/dimensions, and proof rows are distinct physical sides.","effective_unicity_directionality_source_queue_source_index.csv;lipi_frame700_034_source_acquisition_manifest.csv;lipi_short_mark_source_acquisition_queue.csv"
"H-979","2","5","lipi_frame700_034_source_acquisition_manifest.csv","no_public_lead_source_required | source_acquisition_only_source_images_not_validated","","","","Request source-grade images/plates for all catalog rows of H-979. Metadata source hooks: 3534b. Packet rows to verify: 1856.1 +700-033+. All local rows to reconcile: 1856.1 +700-033+; 1856.2 +400-740-176+. Needed: side labels/order, image/impression direction, sign segmentation, object material/shape/dimensions, and proof rows are distinct physical sides.","effective_unicity_directionality_source_queue_source_index.csv;lipi_frame700_034_source_acquisition_manifest.csv"
"H-983","15","5","lipi_frame700_034_source_acquisition_manifest.csv","no_public_lead_source_required | source_acquisition_only_source_images_not_validated","","","","Request source-grade images/plates for all catalog rows of H-983. Metadata source hooks: 2528582. Packet rows to verify: 1859.2 +700-034+. All local rows to reconcile: 1859.1 +400-740-637-240+; 1859.2 +700-034+. Needed: side labels/order, image/impression direction, sign segmentation, object material/shape/dimensions, and proof rows are distinct physical sides.","effective_unicity_directionality_source_queue_source_index.csv;lipi_frame700_034_source_acquisition_manifest.csv;lipi_frame700_034_source_panel_graph_edges.csv;lipi_frame700_034_source_panel_graph_nodes.csv;lipi_frame700_034_source_route_audit.csv;lipi_frame700_034_two_lane_source_coding_sheet.csv;lipi_frame700_034_two_lane_source_packet.csv"
"H-985","2","5","lipi_frame700_034_source_acquisition_manifest.csv","no_public_lead_source_required | source_acquisition_only_source_images_not_validated","","","","Request source-grade images/plates for all catalog rows of H-985. Metadata source hooks: 2528. Packet rows to verify: 1861.1 +700-034+. All local rows to reconcile: 1861.1 +700-034+; 1861.2 +156-435-255+. Needed: side labels/order, image/impression direction, sign segmentation, object material/shape/dimensions, and proof rows are distinct physical sides.","effective_unicity_directionality_source_queue_source_index.csv;lipi_frame700_034_source_acquisition_manifest.csv"
"H-987","2","5","lipi_frame700_034_source_acquisition_manifest.csv","no_public_lead_source_required | source_acquisition_only_source_images_not_validated","","","","Request source-grade images/plates for all catalog rows of H-987. Metadata source hooks: 11715586. Packet rows to verify: 1863.2 +700-033+. All local rows to reconcile: 1863.1 +690-365-817+; 1863.2 +700-033+; 1863.3 +400-740-176+. Needed: side labels/order, image/impression direction, sign segmentation, object material/shape/dimensions, and proof rows are distinct physical sides.","effective_unicity_directionality_source_queue_source_index.csv;lipi_frame700_034_source_acquisition_manifest.csv"
"M-1045","5","5","campaign_032_002_y_source_route_probe.csv","local_source_reference_route","","","","resolve local excavation/source reference to plate or archive image","campaign_032_002_tail_source_queue.csv;campaign_032_002_y_source_manifest.csv;campaign_032_002_y_source_route_probe.csv;effective_unicity_directionality_source_queue_source_index.csv;source_visible_032_002_y_witness_matrix.csv"
"M-1425","4","5","lipi_034_m2104_source_visual_notes.csv","tablet_parallel_plate_visible","https://archive.org/download/TheIndusScript.TextConcordanceAndTablesIravathanMahadevan/Corpus%20of%20Indus%20Seals%20and%20Inscriptions.%20Collections%20in%20Pakistan/page/n227_w2000.jpg","","","","effective_unicity_directionality_source_queue_source_index.csv;lipi_034_m2104_source_route_hits.csv;lipi_034_m2104_source_visual_notes.csv"
"M-17","5","5","source_box_blind_adjudication_scored_rows.csv","confidence:high","","","","","effective_unicity_directionality_source_queue_source_index.csv;source_box_blind_adjudication_key.csv;source_box_blind_adjudication_scored_rows.csv;source_box_negative_control_candidates.csv"
"M-1728","5","5","campaign_032_002_y_source_route_probe.csv","local_source_reference_route","","","","resolve local excavation/source reference to plate or archive image","campaign_032_002_tail_source_queue.csv;campaign_032_002_y_source_manifest.csv;campaign_032_002_y_source_route_probe.csv;effective_unicity_directionality_source_queue_source_index.csv;source_visible_032_002_y_witness_matrix.csv"
"M-1737","5","5","campaign_032_002_y_source_route_probe.csv","local_source_reference_route","","","","resolve local excavation/source reference to plate or archive image","campaign_032_002_tail_source_queue.csv;campaign_032_002_y_source_manifest.csv;campaign_032_002_y_source_route_probe.csv;effective_unicity_directionality_source_queue_source_index.csv;source_visible_032_002_y_witness_matrix.csv"
"M-1788","5","5","campaign_032_002_y_source_route_probe.csv","local_source_reference_route","","","","resolve local excavation/source reference to plate or archive image","campaign_032_002_tail_source_queue.csv;campaign_032_002_y_source_manifest.csv;campaign_032_002_y_source_route_probe.csv;effective_unicity_directionality_source_queue_source_index.csv;source_visible_032_002_y_witness_matrix.csv"
"M-2104","3","5","lipi_034_m2104_source_visual_notes.csv","target_visual_available_outside_ia_cisi_plate_layer","","","","","effective_unicity_directionality_source_queue_source_index.csv;lipi_034_m2104_source_route_hits.csv;lipi_034_m2104_source_visual_notes.csv"
"M-315","5","5","source_box_blind_adjudication_scored_rows.csv","confidence:high","","","","","effective_unicity_directionality_source_queue_source_index.csv;source_box_blind_adjudication_key.csv;source_box_blind_adjudication_scored_rows.csv;source_box_negative_control_candidates.csv"
"M-32","5","5","source_box_blind_adjudication_scored_rows.csv","confidence:high","","","","","effective_unicity_directionality_source_queue_source_index.csv;source_box_blind_adjudication_key.csv;source_box_blind_adjudication_scored_rows.csv;source_box_negative_control_candidates.csv"
"M-478","16","5","lipi_034_m2104_source_visual_notes.csv","tablet_parallel_plate_visible","https://archive.org/download/TheIndusScript.TextConcordanceAndTablesIravathanMahadevan/Corpus%20of%20Indus%20Seals%20and%20Inscriptions.%20Collections%20in%20India/page/n150_w2000.jpg","","","","effective_unicity_directionality_source_queue_source_index.csv;lipi_034_m2104_source_route_hits.csv;lipi_034_m2104_source_visual_notes.csv"
"M-480","12","5","lipi_034_m2104_source_visual_notes.csv","tablet_parallel_plate_visible","https://archive.org/download/TheIndusScript.TextConcordanceAndTablesIravathanMahadevan/Corpus%20of%20Indus%20Seals%20and%20Inscriptions.%20Collections%20in%20India/page/n150_w2000.jpg","","","","effective_unicity_directionality_source_queue_source_index.csv;lipi_034_m2104_source_route_hits.csv;lipi_034_m2104_source_visual_notes.csv"
"M-683","6","5","source_box_blind_adjudication_scored_rows.csv","confidence:med","","","","","effective_unicity_directionality_source_queue_source_index.csv;source_box_blind_adjudication_key.csv;source_box_blind_adjudication_scored_rows.csv;source_box_negative_control_candidates.csv"
"M-715","10","5","lipi_034_m2104_source_visual_notes.csv","conflict_plate_visible","https://archive.org/download/TheIndusScript.TextConcordanceAndTablesIravathanMahadevan/Corpus%20of%20Indus%20Seals%20and%20Inscriptions.%20Collections%20in%20Pakistan/page/n80_w2000.jpg","","","","effective_unicity_directionality_source_queue_source_index.csv;lipi_034_m2104_source_route_hits.csv;lipi_034_m2104_source_visual_notes.csv"
"M-720","5","5","campaign_032_002_y_source_route_probe.csv","local_source_reference_route","","","","resolve local excavation/source reference to plate or archive image","campaign_032_002_tail_source_queue.csv;campaign_032_002_y_source_manifest.csv;campaign_032_002_y_source_route_probe.csv;effective_unicity_directionality_source_queue_source_index.csv;source_visible_032_002_y_witness_matrix.csv"
"M-75","5","5","source_box_blind_adjudication_scored_rows.csv","confidence:high","","","","","effective_unicity_directionality_source_queue_source_index.csv;source_box_blind_adjudication_key.csv;source_box_blind_adjudication_scored_rows.csv;source_box_negative_control_candidates.csv"
"M-896","7","5","lipi_034_m2104_source_visual_notes.csv","conflict_plate_visible","https://archive.org/download/TheIndusScript.TextConcordanceAndTablesIravathanMahadevan/Corpus%20of%20Indus%20Seals%20and%20Inscriptions.%20Collections%20in%20Pakistan/page/n119_w2000.jpg","","","","effective_unicity_directionality_source_queue_source_index.csv;lipi_034_m2104_source_route_hits.csv;lipi_034_m2104_source_visual_notes.csv;source_box_negative_control_candidates.csv"
"M-915","9","5","lipi_034_m2104_source_visual_notes.csv","control_plate_visible","https://archive.org/download/TheIndusScript.TextConcordanceAndTablesIravathanMahadevan/Corpus%20of%20Indus%20Seals%20and%20Inscriptions.%20Collections%20in%20Pakistan/page/n122_w2000.jpg","","","","effective_unicity_directionality_source_queue_source_index.csv;lipi_034_m2104_source_route_hits.csv;lipi_034_m2104_source_visual_notes.csv"
"?-3","2","0","effective_unicity_directionality_source_queue_source_index.csv","","","","","","effective_unicity_directionality_source_queue_source_index.csv;source_box_negative_control_candidates.csv"
"?-5","2","0","effective_unicity_directionality_source_queue_source_index.csv","","","","","","effective_unicity_directionality_source_queue_source_index.csv;source_box_negative_control_candidates.csv"
"?-6","3","0","effective_unicity_directionality_source_queue_source_index.csv","","","","","","effective_unicity_directionality_source_queue_source_index.csv;source_box_negative_control_candidates.csv"
"B-1","2","0","effective_unicity_directionality_source_queue_source_index.csv","","","","","","effective_unicity_directionality_source_queue_source_index.csv;source_box_negative_control_candidates.csv"
"B-15","2","0","effective_unicity_directionality_source_queue_source_index.csv","","","","","","effective_unicity_directionality_source_queue_source_index.csv;source_box_negative_control_candidates.csv"
"B-17","2","0","effective_unicity_directionality_source_queue_source_index.csv","","","","","","effective_unicity_directionality_source_queue_source_index.csv;source_box_negative_control_candidates.csv"
"B-5","2","0","effective_unicity_directionality_source_queue_source_index.csv","","","","","","effective_unicity_directionality_source_queue_source_index.csv;source_box_negative_control_candidates.csv"
"B-7","2","0","effective_unicity_directionality_source_queue_source_index.csv","","","","","","effective_unicity_directionality_source_queue_source_index.csv;source_box_negative_control_candidates.csv"
"Blk-1","2","0","effective_unicity_directionality_source_queue_source_index.csv","","","","","","effective_unicity_directionality_source_queue_source_index.csv;source_box_negative_control_candidates.csv"
"Blk-2","2","0","effective_unicity_directionality_source_queue_source_index.csv","","","","","","effective_unicity_directionality_source_queue_source_index.csv;source_box_negative_control_candidates.csv"
"C-4","2","0","effective_unicity_directionality_source_queue_source_index.csv","","","","","","effective_unicity_directionality_source_queue_source_index.csv;source_box_negative_control_candidates.csv"
"C-5","2","0","effective_unicity_directionality_source_queue_source_index.csv","","","","","","effective_unicity_directionality_source_queue_source_index.csv;source_box_negative_control_candidates.csv"
"C-54","2","0","effective_unicity_directionality_source_queue_source_index.csv","","","","","","effective_unicity_directionality_source_queue_source_index.csv;source_box_negative_control_candidates.csv"
"C-66","2","0","effective_unicity_directionality_source_queue_source_index.csv","","","","","","effective_unicity_directionality_source_queue_source_index.csv;source_box_negative_control_candidates.csv"
"C-67","2","0","effective_unicity_directionality_source_queue_source_index.csv","","","","","","effective_unicity_directionality_source_queue_source_index.csv;source_box_negative_control_candidates.csv"
"C-74","2","0","effective_unicity_directionality_source_queue_source_index.csv","","","","","","effective_unicity_directionality_source_queue_source_index.csv;source_box_negative_control_candidates.csv"
"Dlv-1","2","0","effective_unicity_directionality_source_queue_source_index.csv","","","","","","effective_unicity_directionality_source_queue_source_index.csv;source_box_negative_control_candidates.csv"
"H-1030","2","0","effective_unicity_directionality_source_queue_source_index.csv","","","","","","effective_unicity_directionality_source_queue_source_index.csv;source_box_negative_control_candidates.csv"
"H-1033","3","0","effective_unicity_directionality_source_queue_source_index.csv","","","","","","effective_unicity_directionality_source_queue_source_index.csv;source_box_negative_control_candidates.csv"
"H-1043","2","0","effective_unicity_directionality_source_queue_source_index.csv","","","","","","effective_unicity_directionality_source_queue_source_index.csv;source_box_negative_control_candidates.csv"
"H-1045","2","0","effective_unicity_directionality_source_queue_source_index.csv","","","","","","effective_unicity_directionality_source_queue_source_index.csv;source_box_negative_control_candidates.csv"
"H-1048","3","0","effective_unicity_directionality_source_queue_source_index.csv","","","","","","effective_unicity_directionality_source_queue_source_index.csv;source_box_negative_control_candidates.csv"
"H-1049","2","0","effective_unicity_directionality_source_queue_source_index.csv","","","","","","effective_unicity_directionality_source_queue_source_index.csv;source_box_negative_control_candidates.csv"
"H-1050","2","0","effective_unicity_directionality_source_queue_source_index.csv","","","","","","effective_unicity_directionality_source_queue_source_index.csv;source_box_negative_control_candidates.csv"
"H-1051","2","0","effective_unicity_directionality_source_queue_source_index.csv","","","","","","effective_unicity_directionality_source_queue_source_index.csv;source_box_negative_control_candidates.csv"
"H-1076","2","0","effective_unicity_directionality_source_queue_source_index.csv","","","","","","effective_unicity_directionality_source_queue_source_index.csv;source_box_negative_control_candidates.csv"
"H-1084","2","0","effective_unicity_directionality_source_queue_source_index.csv","","","","","","effective_unicity_directionality_source_queue_source_index.csv;source_box_negative_control_candidates.csv"
"H-1130","2","0","effective_unicity_directionality_source_queue_source_index.csv","","","","","","effective_unicity_directionality_source_queue_source_index.csv;source_box_negative_control_candidates.csv"
"H-1131","2","0","effective_unicity_directionality_source_queue_source_index.csv","","","","","","effective_unicity_directionality_source_queue_source_index.csv;source_box_negative_control_candidates.csv"
"H-1133","2","0","effective_unicity_directionality_source_queue_source_index.csv","","","","","","effective_unicity_directionality_source_queue_source_index.csv;source_box_negative_control_candidates.csv"
"H-1134","2","0","effective_unicity_directionality_source_queue_source_index.csv","","","","","","effective_unicity_directionality_source_queue_source_index.csv;source_box_negative_control_candidates.csv"
"H-1140","2","0","effective_unicity_directionality_source_queue_source_index.csv","","","","","","effective_unicity_directionality_source_queue_source_index.csv;source_box_negative_control_candidates.csv"
"H-1141","2","0","effective_unicity_directionality_source_queue_source_index.csv","","","","","","effective_unicity_directionality_source_queue_source_index.csv;source_box_negative_control_candidates.csv"
"H-1146","3","0","effective_unicity_directionality_source_queue_source_index.csv","","","","","","effective_unicity_directionality_source_queue_source_index.csv;source_box_negative_control_candidates.csv"
"H-1153","2","0","effective_unicity_directionality_source_queue_source_index.csv","","","","","","effective_unicity_directionality_source_queue_source_index.csv;source_box_negative_control_candidates.csv"
"H-1155","2","0","effective_unicity_directionality_source_queue_source_index.csv","","","","","","effective_unicity_directionality_source_queue_source_index.csv;source_box_negative_control_candidates.csv"
"H-1156","2","0","effective_unicity_directionality_source_queue_source_index.csv","","","","","","effective_unicity_directionality_source_queue_source_index.csv;source_box_negative_control_candidates.csv"
"H-12","2","0","effective_unicity_directionality_source_queue_source_index.csv","","","","","","effective_unicity_directionality_source_queue_source_index.csv;source_box_negative_control_candidates.csv"
"H-1281","2","0","effective_unicity_directionality_source_queue_source_index.csv","","","","","","effective_unicity_directionality_source_queue_source_index.csv;source_box_negative_control_candidates.csv"
"H-1287","2","0","effective_unicity_directionality_source_queue_source_index.csv","","","","","","effective_unicity_directionality_source_queue_source_index.csv;source_box_negative_control_candidates.csv"
"H-129","2","0","effective_unicity_directionality_source_queue_source_index.csv","","","","","","effective_unicity_directionality_source_queue_source_index.csv;source_box_negative_control_candidates.csv"
"H-1294","6","0","effective_unicity_directionality_source_queue_source_index.csv","","","","","","effective_unicity_directionality_source_queue_source_index.csv;lipi_frame700_034_source_route_audit.csv;lipi_frame700_034_two_lane_source_coding_sheet.csv;lipi_frame700_034_two_lane_source_packet.csv;source_box_negative_control_candidates.csv"
"H-13","2","0","effective_unicity_directionality_source_queue_source_index.csv","","","","","","effective_unicity_directionality_source_queue_source_index.csv;source_box_negative_control_candidates.csv"
"H-130","3","0","effective_unicity_directionality_source_queue_source_index.csv","","","","","","effective_unicity_directionality_source_queue_source_index.csv;source_box_negative_control_candidates.csv"
"H-1309","2","0","effective_unicity_directionality_source_queue_source_index.csv","","","","","","effective_unicity_directionality_source_queue_source_index.csv;source_box_negative_control_candidates.csv"
"H-1312","3","0","effective_unicity_directionality_source_queue_source_index.csv","","","","","","effective_unicity_directionality_source_queue_source_index.csv;source_box_negative_control_candidates.csv"
"H-1313","2","0","effective_unicity_directionality_source_queue_source_index.csv","","","","","","effective_unicity_directionality_source_queue_source_index.csv;source_box_negative_control_candidates.csv"
"H-1319","2","0","effective_unicity_directionality_source_queue_source_index.csv","","","","","","effective_unicity_directionality_source_queue_source_index.csv;source_box_negative_control_candidates.csv"
"H-1330","2","0","effective_unicity_directionality_source_queue_source_index.csv","","","","","","effective_unicity_directionality_source_queue_source_index.csv;source_box_negative_control_candidates.csv"
"H-134","2","0","effective_unicity_directionality_source_queue_source_index.csv","","","","","","effective_unicity_directionality_source_queue_source_index.csv;source_box_negative_control_candidates.csv"
"H-135","2","0","effective_unicity_directionality_source_queue_source_index.csv","","","","","","effective_unicity_directionality_source_queue_source_index.csv;source_box_negative_control_candidates.csv"
"H-1350","2","0","effective_unicity_directionality_source_queue_source_index.csv","","","","","","effective_unicity_directionality_source_queue_source_index.csv;source_box_negative_control_candidates.csv"
"H-137","2","0","effective_unicity_directionality_source_queue_source_index.csv","","","","","","effective_unicity_directionality_source_queue_source_index.csv;source_box_negative_control_candidates.csv"
"H-141","3","0","effective_unicity_directionality_source_queue_source_index.csv","","","","","","effective_unicity_directionality_source_queue_source_index.csv;source_box_negative_control_candidates.csv"
"H-143","2","0","effective_unicity_directionality_source_queue_source_index.csv","","","","","","effective_unicity_directionality_source_queue_source_index.csv;source_box_negative_control_candidates.csv"
"H-149","2","0","effective_unicity_directionality_source_queue_source_index.csv","","","","","","effective_unicity_directionality_source_queue_source_index.csv;source_box_negative_control_candidates.csv"
"H-164","2","0","effective_unicity_directionality_source_queue_source_index.csv","","","","","","effective_unicity_directionality_source_queue_source_index.csv;source_box_negative_control_candidates.csv"
"H-1657","3","0","campaign_032_002_tail_source_queue.csv","","","","","","campaign_032_002_tail_source_queue.csv;effective_unicity_directionality_source_queue_source_index.csv;source_box_negative_control_candidates.csv"
"H-1667","2","0","effective_unicity_directionality_source_queue_source_index.csv","","","","","","effective_unicity_directionality_source_queue_source_index.csv;source_box_negative_control_candidates.csv"
"H-1670","2","0","effective_unicity_directionality_source_queue_source_index.csv","","","","","","effective_unicity_directionality_source_queue_source_index.csv;source_box_negative_control_candidates.csv"
"H-1671","3","0","effective_unicity_directionality_source_queue_source_index.csv","","","","","","effective_unicity_directionality_source_queue_source_index.csv;source_box_negative_control_candidates.csv"
"H-1680","2","0","effective_unicity_directionality_source_queue_source_index.csv","","","","","","effective_unicity_directionality_source_queue_source_index.csv;source_box_negative_control_candidates.csv"
"H-1692","2","0","effective_unicity_directionality_source_queue_source_index.csv","","","","","","effective_unicity_directionality_source_queue_source_index.csv;source_box_negative_control_candidates.csv"
"H-1706","2","0","effective_unicity_directionality_source_queue_source_index.csv","","","","","","effective_unicity_directionality_source_queue_source_index.csv;source_box_negative_control_candidates.csv"
"H-1714","2","0","effective_unicity_directionality_source_queue_source_index.csv","","","","","","effective_unicity_directionality_source_queue_source_index.csv;source_box_negative_control_candidates.csv"
"H-1726","2","0","effective_unicity_directionality_source_queue_source_index.csv","","","","","","effective_unicity_directionality_source_queue_source_index.csv;source_box_negative_control_candidates.csv"
"H-177","2","0","effective_unicity_directionality_source_queue_source_index.csv","","","","","","effective_unicity_directionality_source_queue_source_index.csv;source_box_negative_control_candidates.csv"
"H-1785","2","0","effective_unicity_directionality_source_queue_source_index.csv","","","","","","effective_unicity_directionality_source_queue_source_index.csv;source_box_negative_control_candidates.csv"
"H-1788","2","0","effective_unicity_directionality_source_queue_source_index.csv","","","","","","effective_unicity_directionality_source_queue_source_index.csv;source_box_negative_control_candidates.csv"
"H-1797","2","0","effective_unicity_directionality_source_queue_source_index.csv","","","","","","effective_unicity_directionality_source_queue_source_index.csv;source_box_negative_control_candidates.csv"
"H-1804","2","0","effective_unicity_directionality_source_queue_source_index.csv","","","","","","effective_unicity_directionality_source_queue_source_index.csv;source_box_negative_control_candidates.csv"
"H-182","3","0","effective_unicity_directionality_source_queue_source_index.csv","","","","","","effective_unicity_directionality_source_queue_source_index.csv;source_box_negative_control_candidates.csv"
"H-1827","2","0","effective_unicity_directionality_source_queue_source_index.csv","","","","","","effective_unicity_directionality_source_queue_source_index.csv;source_box_negative_control_candidates.csv"
"H-1836","2","0","effective_unicity_directionality_source_queue_source_index.csv","","","","","","effective_unicity_directionality_source_queue_source_index.csv;source_box_negative_control_candidates.csv"
"H-1841","2","0","effective_unicity_directionality_source_queue_source_index.csv","","","","","","effective_unicity_directionality_source_queue_source_index.csv;source_box_negative_control_candidates.csv"
"H-1851","2","0","effective_unicity_directionality_source_queue_source_index.csv","","","","","","effective_unicity_directionality_source_queue_source_index.csv;source_box_negative_control_candidates.csv"
"H-1855","2","0","effective_unicity_directionality_source_queue_source_index.csv","","","","","","effective_unicity_directionality_source_queue_source_index.csv;source_box_negative_control_candidates.csv"
"H-186","2","0","effective_unicity_directionality_source_queue_source_index.csv","","","","","","effective_unicity_directionality_source_queue_source_index.csv;source_box_negative_control_candidates.csv"
"H-1865","2","0","effective_unicity_directionality_source_queue_source_index.csv","","","","","","effective_unicity_directionality_source_queue_source_index.csv;source_box_negative_control_candidates.csv"
"H-1879","3","0","effective_unicity_directionality_source_queue_source_index.csv","","","","","","effective_unicity_directionality_source_queue_source_index.csv;source_box_negative_control_candidates.csv"
"H-1882","2","0","effective_unicity_directionality_source_queue_source_index.csv","","","","","","effective_unicity_directionality_source_queue_source_index.csv;source_box_negative_control_candidates.csv"
"H-1883","6","0","effective_unicity_directionality_source_queue_source_index.csv","","","","","","effective_unicity_directionality_source_queue_source_index.csv;lipi_frame700_034_source_route_audit.csv;lipi_frame700_034_two_lane_source_coding_sheet.csv;lipi_frame700_034_two_lane_source_packet.csv;source_box_negative_control_candidates.csv"
"H-1899","3","0","effective_unicity_directionality_source_queue_source_index.csv","","","","","","effective_unicity_directionality_source_queue_source_index.csv;source_box_negative_control_candidates.csv"
"H-1902","2","0","effective_unicity_directionality_source_queue_source_index.csv","","","","","","effective_unicity_directionality_source_queue_source_index.csv;source_box_negative_control_candidates.csv"
"H-1906","2","0","effective_unicity_directionality_source_queue_source_index.csv","","","","","","effective_unicity_directionality_source_queue_source_index.csv;source_box_negative_control_candidates.csv"
"H-1909","2","0","effective_unicity_directionality_source_queue_source_index.csv","","","","","","effective_unicity_directionality_source_queue_source_index.csv;source_box_negative_control_candidates.csv"
"H-1915","2","0","effective_unicity_directionality_source_queue_source_index.csv","","","","","","effective_unicity_directionality_source_queue_source_index.csv;source_box_negative_control_candidates.csv"
"H-1922","2","0","effective_unicity_directionality_source_queue_source_index.csv","","","","","","effective_unicity_directionality_source_queue_source_index.csv;source_box_negative_control_candidates.csv"
"H-1923","3","0","effective_unicity_directionality_source_queue_source_index.csv","","","","","","effective_unicity_directionality_source_queue_source_index.csv;source_box_negative_control_candidates.csv"
"H-1930","3","0","effective_unicity_directionality_source_queue_source_index.csv","","","","","","effective_unicity_directionality_source_queue_source_index.csv;source_box_negative_control_candidates.csv"
"H-1931","2","0","effective_unicity_directionality_source_queue_source_index.csv","","","","","","effective_unicity_directionality_source_queue_source_index.csv;source_box_negative_control_candidates.csv"
"H-1932","2","0","effective_unicity_directionality_source_queue_source_index.csv","","","","","","effective_unicity_directionality_source_queue_source_index.csv;source_box_negative_control_candidates.csv"
"H-1936","3","0","effective_unicity_directionality_source_queue_source_index.csv","","","","","","effective_unicity_directionality_source_queue_source_index.csv;source_box_negative_control_candidates.csv"
"H-1941","2","0","effective_unicity_directionality_source_queue_source_index.csv","","","","","","effective_unicity_directionality_source_queue_source_index.csv;source_box_negative_control_candidates.csv"
"H-1942","3","0","effective_unicity_directionality_source_queue_source_index.csv","","","","","","effective_unicity_directionality_source_queue_source_index.csv;source_box_negative_control_candidates.csv"
"H-1945","2","0","effective_unicity_directionality_source_queue_source_index.csv","","","","","","effective_unicity_directionality_source_queue_source_index.csv;source_box_negative_control_candidates.csv"
"H-1953","2","0","effective_unicity_directionality_source_queue_source_index.csv","","","","","","effective_unicity_directionality_source_queue_source_index.csv;source_box_negative_control_candidates.csv"
"H-196","2","0","effective_unicity_directionality_source_queue_source_index.csv","","","","","","effective_unicity_directionality_source_queue_source_index.csv;source_box_negative_control_candidates.csv"
"H-1966","2","0","effective_unicity_directionality_source_queue_source_index.csv","","","","","","effective_unicity_directionality_source_queue_source_index.csv;source_box_negative_control_candidates.csv"
"H-1967","2","0","effective_unicity_directionality_source_queue_source_index.csv","","","","","","effective_unicity_directionality_source_queue_source_index.csv;source_box_negative_control_candidates.csv"
"H-1977","3","0","effective_unicity_directionality_source_queue_source_index.csv","","","","","","effective_unicity_directionality_source_queue_source_index.csv;source_box_negative_control_candidates.csv"
"H-20","2","0","effective_unicity_directionality_source_queue_source_index.csv","","","","","","effective_unicity_directionality_source_queue_source_index.csv;source_box_negative_control_candidates.csv"
"H-2003","2","0","effective_unicity_directionality_source_queue_source_index.csv","","","","","","effective_unicity_directionality_source_queue_source_index.csv;source_box_negative_control_candidates.csv"
"H-2010","2","0","effective_unicity_directionality_source_queue_source_index.csv","","","","","","effective_unicity_directionality_source_queue_source_index.csv;source_box_negative_control_candidates.csv"
"H-2011","2","0","effective_unicity_directionality_source_queue_source_index.csv","","","","","","effective_unicity_directionality_source_queue_source_index.csv;source_box_negative_control_candidates.csv"
"H-2015","2","0","effective_unicity_directionality_source_queue_source_index.csv","","","","","","effective_unicity_directionality_source_queue_source_index.csv;source_box_negative_control_candidates.csv"
"H-2016","3","0","effective_unicity_directionality_source_queue_source_index.csv","","","","","","effective_unicity_directionality_source_queue_source_index.csv;source_box_negative_control_candidates.csv"
"H-2019","2","0","effective_unicity_directionality_source_queue_source_index.csv","","","","","","effective_unicity_directionality_source_queue_source_index.csv;source_box_negative_control_candidates.csv"
"H-2020","2","0","effective_unicity_directionality_source_queue_source_index.csv","","","","","","effective_unicity_directionality_source_queue_source_index.csv;source_box_negative_control_candidates.csv"
"H-2022","3","0","effective_unicity_directionality_source_queue_source_index.csv","","","","","","effective_unicity_directionality_source_queue_source_index.csv;source_box_negative_control_candidates.csv"
"H-21","2","0","effective_unicity_directionality_source_queue_source_index.csv","","","","","","effective_unicity_directionality_source_queue_source_index.csv;source_box_negative_control_candidates.csv"
"H-2108","2","0","effective_unicity_directionality_source_queue_source_index.csv","","","","","","effective_unicity_directionality_source_queue_source_index.csv;source_box_negative_control_candidates.csv"
"H-2109","2","0","effective_unicity_directionality_source_queue_source_index.csv","","","","","","effective_unicity_directionality_source_queue_source_index.csv;source_box_negative_control_candidates.csv"
"H-2115","2","0","effective_unicity_directionality_source_queue_source_index.csv","","","","","","effective_unicity_directionality_source_queue_source_index.csv;source_box_negative_control_candidates.csv"
"H-212","6","0","effective_unicity_directionality_source_queue_source_index.csv","","","","","","effective_unicity_directionality_source_queue_source_index.csv;lipi_frame700_034_source_route_audit.csv;lipi_frame700_034_two_lane_source_coding_sheet.csv;lipi_frame700_034_two_lane_source_packet.csv;source_box_negative_control_candidates.csv"
"H-2129","2","0","effective_unicity_directionality_source_queue_source_index.csv","","","","","","effective_unicity_directionality_source_queue_source_index.csv;source_box_negative_control_candidates.csv"
"H-2139","2","0","effective_unicity_directionality_source_queue_source_index.csv","","","","","","effective_unicity_directionality_source_queue_source_index.csv;source_box_negative_control_candidates.csv"
"H-214","2","0","effective_unicity_directionality_source_queue_source_index.csv","","","","","","effective_unicity_directionality_source_queue_source_index.csv;source_box_negative_control_candidates.csv"
"H-2146","2","0","effective_unicity_directionality_source_queue_source_index.csv","","","","","","effective_unicity_directionality_source_queue_source_index.csv;source_box_negative_control_candidates.csv"
"H-2149","2","0","effective_unicity_directionality_source_queue_source_index.csv","","","","","","effective_unicity_directionality_source_queue_source_index.csv;source_box_negative_control_candidates.csv"
"H-217","2","0","effective_unicity_directionality_source_queue_source_index.csv","","","","","","effective_unicity_directionality_source_queue_source_index.csv;source_box_negative_control_candidates.csv"
"H-2173","2","0","effective_unicity_directionality_source_queue_source_index.csv","","","","","","effective_unicity_directionality_source_queue_source_index.csv;source_box_negative_control_candidates.csv"
"H-2185","2","0","effective_unicity_directionality_source_queue_source_index.csv","","","","","","effective_unicity_directionality_source_queue_source_index.csv;source_box_negative_control_candidates.csv"
"H-2186","2","0","effective_unicity_directionality_source_queue_source_index.csv","","","","","","effective_unicity_directionality_source_queue_source_index.csv;source_box_negative_control_candidates.csv"
"H-2187","2","0","effective_unicity_directionality_source_queue_source_index.csv","","","","","","effective_unicity_directionality_source_queue_source_index.csv;source_box_negative_control_candidates.csv"
"H-2192","2","0","effective_unicity_directionality_source_queue_source_index.csv","","","","","","effective_unicity_directionality_source_queue_source_index.csv;source_box_negative_control_candidates.csv"
"H-2193","2","0","effective_unicity_directionality_source_queue_source_index.csv","","","","","","effective_unicity_directionality_source_queue_source_index.csv;source_box_negative_control_candidates.csv"
"H-2198","3","0","effective_unicity_directionality_source_queue_source_index.csv","","","","","","effective_unicity_directionality_source_queue_source_index.csv;source_box_negative_control_candidates.csv"
"H-22","2","0","effective_unicity_directionality_source_queue_source_index.csv","","","","","","effective_unicity_directionality_source_queue_source_index.csv;source_box_negative_control_candidates.csv"
"H-2201","2","0","effective_unicity_directionality_source_queue_source_index.csv","","","","","","effective_unicity_directionality_source_queue_source_index.csv;source_box_negative_control_candidates.csv"
"H-2207","2","0","effective_unicity_directionality_source_queue_source_index.csv","","","","","","effective_unicity_directionality_source_queue_source_index.csv;source_box_negative_control_candidates.csv"
"H-2211","7","0","effective_unicity_directionality_source_queue_source_index.csv","","","","","","effective_unicity_directionality_source_queue_source_index.csv;lipi_frame700_034_source_route_audit.csv;lipi_frame700_034_two_lane_source_coding_sheet.csv;lipi_frame700_034_two_lane_source_packet.csv;source_box_negative_control_candidates.csv"
"H-2213","2","0","effective_unicity_directionality_source_queue_source_index.csv","","","","","","effective_unicity_directionality_source_queue_source_index.csv;source_box_negative_control_candidates.csv"
"H-2214","2","0","effective_unicity_directionality_source_queue_source_index.csv","","","","","","effective_unicity_directionality_source_queue_source_index.csv;source_box_negative_control_candidates.csv"
"H-2240","7","0","campaign_520_220_x_source_visibility_hints_addendum.csv","","","","","Creates the correct acquisition path for the source-dark controls.","campaign_520_220_x_source_visibility_hints_addendum.csv;effective_unicity_directionality_source_queue_source_index.csv"
"H-2282","3","0","effective_unicity_directionality_source_queue_source_index.csv","","","","","","effective_unicity_directionality_source_queue_source_index.csv;source_box_negative_control_candidates.csv"
"H-231","2","0","effective_unicity_directionality_source_queue_source_index.csv","","","","","","effective_unicity_directionality_source_queue_source_index.csv;source_box_negative_control_candidates.csv"
"H-236","2","0","effective_unicity_directionality_source_queue_source_index.csv","","","","","","effective_unicity_directionality_source_queue_source_index.csv;source_box_negative_control_candidates.csv"
"H-240","2","0","effective_unicity_directionality_source_queue_source_index.csv","","","","","","effective_unicity_directionality_source_queue_source_index.csv;source_box_negative_control_candidates.csv"
"H-244","2","0","effective_unicity_directionality_source_queue_source_index.csv","","","","","","effective_unicity_directionality_source_queue_source_index.csv;source_box_negative_control_candidates.csv"
"H-247","2","0","effective_unicity_directionality_source_queue_source_index.csv","","","","","","effective_unicity_directionality_source_queue_source_index.csv;source_box_negative_control_candidates.csv"
"H-252","2","0","effective_unicity_directionality_source_queue_source_index.csv","","","","","","effective_unicity_directionality_source_queue_source_index.csv;source_box_negative_control_candidates.csv"
"H-253","2","0","effective_unicity_directionality_source_queue_source_index.csv","","","","","","effective_unicity_directionality_source_queue_source_index.csv;source_box_negative_control_candidates.csv"
"H-254","2","0","effective_unicity_directionality_source_queue_source_index.csv","","","","","","effective_unicity_directionality_source_queue_source_index.csv;source_box_negative_control_candidates.csv"
"H-255","2","0","effective_unicity_directionality_source_queue_source_index.csv","","","","","","effective_unicity_directionality_source_queue_source_index.csv;source_box_negative_control_candidates.csv"
"H-256","2","0","effective_unicity_directionality_source_queue_source_index.csv","","","","","","effective_unicity_directionality_source_queue_source_index.csv;source_box_negative_control_candidates.csv"
"H-257","2","0","effective_unicity_directionality_source_queue_source_index.csv","","","","","","effective_unicity_directionality_source_queue_source_index.csv;source_box_negative_control_candidates.csv"
"H-258","2","0","effective_unicity_directionality_source_queue_source_index.csv","","","","","","effective_unicity_directionality_source_queue_source_index.csv;source_box_negative_control_candidates.csv"
"H-2585","2","0","effective_unicity_directionality_source_queue_source_index.csv","","","","","","effective_unicity_directionality_source_queue_source_index.csv;source_box_negative_control_candidates.csv"
"H-259","2","0","effective_unicity_directionality_source_queue_source_index.csv","","","","","","effective_unicity_directionality_source_queue_source_index.csv;source_box_negative_control_candidates.csv"
"H-260","2","0","effective_unicity_directionality_source_queue_source_index.csv","","","","","","effective_unicity_directionality_source_queue_source_index.csv;source_box_negative_control_candidates.csv"
"H-261","2","0","effective_unicity_directionality_source_queue_source_index.csv","","","","","","effective_unicity_directionality_source_queue_source_index.csv;source_box_negative_control_candidates.csv"
"H-262","2","0","effective_unicity_directionality_source_queue_source_index.csv","","","","","","effective_unicity_directionality_source_queue_source_index.csv;source_box_negative_control_candidates.csv"
"H-263","2","0","effective_unicity_directionality_source_queue_source_index.csv","","","","","","effective_unicity_directionality_source_queue_source_index.csv;source_box_negative_control_candidates.csv"
"H-264","2","0","effective_unicity_directionality_source_queue_source_index.csv","","","","","","effective_unicity_directionality_source_queue_source_index.csv;source_box_negative_control_candidates.csv"
"H-265","2","0","effective_unicity_directionality_source_queue_source_index.csv","","","","","","effective_unicity_directionality_source_queue_source_index.csv;source_box_negative_control_candidates.csv"
"H-27","2","0","effective_unicity_directionality_source_queue_source_index.csv","","","","","","effective_unicity_directionality_source_queue_source_index.csv;source_box_negative_control_candidates.csv"
"H-272","3","0","effective_unicity_directionality_source_queue_source_index.csv","","","","","","effective_unicity_directionality_source_queue_source_index.csv;source_box_negative_control_candidates.csv"
"H-276","2","0","effective_unicity_directionality_source_queue_source_index.csv","","","","","","effective_unicity_directionality_source_queue_source_index.csv;source_box_negative_control_candidates.csv"
"H-277","2","0","effective_unicity_directionality_source_queue_source_index.csv","","","","","","effective_unicity_directionality_source_queue_source_index.csv;source_box_negative_control_candidates.csv"
"H-292","2","0","effective_unicity_directionality_source_queue_source_index.csv","","","","","","effective_unicity_directionality_source_queue_source_index.csv;source_box_negative_control_candidates.csv"
"H-293","2","0","effective_unicity_directionality_source_queue_source_index.csv","","","","","","effective_unicity_directionality_source_queue_source_index.csv;source_box_negative_control_candidates.csv"
"H-295","2","0","effective_unicity_directionality_source_queue_source_index.csv","","","","","","effective_unicity_directionality_source_queue_source_index.csv;source_box_negative_control_candidates.csv"
"H-3","2","0","effective_unicity_directionality_source_queue_source_index.csv","","","","","","effective_unicity_directionality_source_queue_source_index.csv;source_box_negative_control_candidates.csv"
"H-301","2","0","effective_unicity_directionality_source_queue_source_index.csv","","","","","","effective_unicity_directionality_source_queue_source_index.csv;source_box_negative_control_candidates.csv"
"H-303","2","0","effective_unicity_directionality_source_queue_source_index.csv","","","","","","effective_unicity_directionality_source_queue_source_index.csv;source_box_negative_control_candidates.csv"
"H-304","2","0","effective_unicity_directionality_source_queue_source_index.csv","","","","","","effective_unicity_directionality_source_queue_source_index.csv;source_box_negative_control_candidates.csv"
"H-306","2","0","effective_unicity_directionality_source_queue_source_index.csv","","","","","","effective_unicity_directionality_source_queue_source_index.csv;source_box_negative_control_candidates.csv"
"H-315","2","0","effective_unicity_directionality_source_queue_source_index.csv","","","","","","effective_unicity_directionality_source_queue_source_index.csv;source_box_negative_control_candidates.csv"
"H-327","2","0","effective_unicity_directionality_source_queue_source_index.csv","","","","","","effective_unicity_directionality_source_queue_source_index.csv;source_box_negative_control_candidates.csv"
"H-340","2","0","effective_unicity_directionality_source_queue_source_index.csv","","","","","","effective_unicity_directionality_source_queue_source_index.csv;source_box_negative_control_candidates.csv"
"H-359","2","0","effective_unicity_directionality_source_queue_source_index.csv","","","","","","effective_unicity_directionality_source_queue_source_index.csv;source_box_negative_control_candidates.csv"
"H-360","2","0","effective_unicity_directionality_source_queue_source_index.csv","","","","","","effective_unicity_directionality_source_queue_source_index.csv;source_box_negative_control_candidates.csv"
"H-361","2","0","effective_unicity_directionality_source_queue_source_index.csv","","","","","","effective_unicity_directionality_source_queue_source_index.csv;source_box_negative_control_candidates.csv"
"H-362","2","0","effective_unicity_directionality_source_queue_source_index.csv","","","","","","effective_unicity_directionality_source_queue_source_index.csv;source_box_negative_control_candidates.csv"
"H-388","2","0","effective_unicity_directionality_source_queue_source_index.csv","","","","","","effective_unicity_directionality_source_queue_source_index.csv;source_box_negative_control_candidates.csv"
"H-389","2","0","effective_unicity_directionality_source_queue_source_index.csv","","","","","","effective_unicity_directionality_source_queue_source_index.csv;source_box_negative_control_candidates.csv"
"H-405","2","0","effective_unicity_directionality_source_queue_source_index.csv","","","","","","effective_unicity_directionality_source_queue_source_index.csv;source_box_negative_control_candidates.csv"
"H-407","2","0","effective_unicity_directionality_source_queue_source_index.csv","","","","","","effective_unicity_directionality_source_queue_source_index.csv;source_box_negative_control_candidates.csv"
"H-408","2","0","effective_unicity_directionality_source_queue_source_index.csv","","","","","","effective_unicity_directionality_source_queue_source_index.csv;source_box_negative_control_candidates.csv"
"H-410","2","0","effective_unicity_directionality_source_queue_source_index.csv","","","","","","effective_unicity_directionality_source_queue_source_index.csv;source_box_negative_control_candidates.csv"
"H-412","2","0","effective_unicity_directionality_source_queue_source_index.csv","","","","","","effective_unicity_directionality_source_queue_source_index.csv;source_box_negative_control_candidates.csv"
"H-42","2","0","effective_unicity_directionality_source_queue_source_index.csv","","","","","","effective_unicity_directionality_source_queue_source_index.csv;source_box_negative_control_candidates.csv"
"H-43","2","0","effective_unicity_directionality_source_queue_source_index.csv","","","","","","effective_unicity_directionality_source_queue_source_index.csv;source_box_negative_control_candidates.csv"
"H-44","2","0","effective_unicity_directionality_source_queue_source_index.csv","","","","","","effective_unicity_directionality_source_queue_source_index.csv;source_box_negative_control_candidates.csv"
"H-446","2","0","effective_unicity_directionality_source_queue_source_index.csv","","","","","","effective_unicity_directionality_source_queue_source_index.csv;source_box_negative_control_candidates.csv"
"H-45","2","0","effective_unicity_directionality_source_queue_source_index.csv","","","","","","effective_unicity_directionality_source_queue_source_index.csv;source_box_negative_control_candidates.csv"
"H-455","3","0","effective_unicity_directionality_source_queue_source_index.csv","","","","","","effective_unicity_directionality_source_queue_source_index.csv;source_box_negative_control_candidates.csv"
"H-456","2","0","effective_unicity_directionality_source_queue_source_index.csv","","","","","","effective_unicity_directionality_source_queue_source_index.csv;source_box_negative_control_candidates.csv"
"H-457","2","0","effective_unicity_directionality_source_queue_source_index.csv","","","","","","effective_unicity_directionality_source_queue_source_index.csv;source_box_negative_control_candidates.csv"
"H-459","2","0","effective_unicity_directionality_source_queue_source_index.csv","","","","","","effective_unicity_directionality_source_queue_source_index.csv;source_box_negative_control_candidates.csv"
"H-468","2","0","effective_unicity_directionality_source_queue_source_index.csv","","","","","","effective_unicity_directionality_source_queue_source_index.csv;source_box_negative_control_candidates.csv"
"H-478","2","0","effective_unicity_directionality_source_queue_source_index.csv","","","","","","effective_unicity_directionality_source_queue_source_index.csv;source_box_negative_control_candidates.csv"
"H-483","2","0","effective_unicity_directionality_source_queue_source_index.csv","","","","","","effective_unicity_directionality_source_queue_source_index.csv;source_box_negative_control_candidates.csv"
"H-5","2","0","effective_unicity_directionality_source_queue_source_index.csv","","","","","","effective_unicity_directionality_source_queue_source_index.csv;source_box_negative_control_candidates.csv"
"H-501","2","0","effective_unicity_directionality_source_queue_source_index.csv","","","","","","effective_unicity_directionality_source_queue_source_index.csv;source_box_negative_control_candidates.csv"
"H-502","2","0","effective_unicity_directionality_source_queue_source_index.csv","","","","","","effective_unicity_directionality_source_queue_source_index.csv;source_box_negative_control_candidates.csv"
"H-506","2","0","effective_unicity_directionality_source_queue_source_index.csv","","","","","","effective_unicity_directionality_source_queue_source_index.csv;source_box_negative_control_candidates.csv"
"H-51","2","0","effective_unicity_directionality_source_queue_source_index.csv","","","","","","effective_unicity_directionality_source_queue_source_index.csv;source_box_negative_control_candidates.csv"
"H-514","2","0","effective_unicity_directionality_source_queue_source_index.csv","","","","","","effective_unicity_directionality_source_queue_source_index.csv;source_box_negative_control_candidates.csv"
"H-515","2","0","effective_unicity_directionality_source_queue_source_index.csv","","","","","","effective_unicity_directionality_source_queue_source_index.csv;source_box_negative_control_candidates.csv"
"H-55","2","0","effective_unicity_directionality_source_queue_source_index.csv","","","","","","effective_unicity_directionality_source_queue_source_index.csv;source_box_negative_control_candidates.csv"
"H-586","2","0","effective_unicity_directionality_source_queue_source_index.csv","","","","","","effective_unicity_directionality_source_queue_source_index.csv;source_box_negative_control_candidates.csv"
"H-598","2","0","effective_unicity_directionality_source_queue_source_index.csv","","","","","","effective_unicity_directionality_source_queue_source_index.csv;source_box_negative_control_candidates.csv"
"H-6","2","0","effective_unicity_directionality_source_queue_source_index.csv","","","","","","effective_unicity_directionality_source_queue_source_index.csv;source_box_negative_control_candidates.csv"
"H-600","2","0","effective_unicity_directionality_source_queue_source_index.csv","","","","","","effective_unicity_directionality_source_queue_source_index.csv;source_box_negative_control_candidates.csv"
"H-611","2","0","effective_unicity_directionality_source_queue_source_index.csv","","","","","","effective_unicity_directionality_source_queue_source_index.csv;source_box_negative_control_candidates.csv"
"H-612","2","0","effective_unicity_directionality_source_queue_source_index.csv","","","","","","effective_unicity_directionality_source_queue_source_index.csv;source_box_negative_control_candidates.csv"
"H-649","2","0","effective_unicity_directionality_source_queue_source_index.csv","","","","","","effective_unicity_directionality_source_queue_source_index.csv;source_box_negative_control_candidates.csv"
"H-65","2","0","effective_unicity_directionality_source_queue_source_index.csv","","","","","","effective_unicity_directionality_source_queue_source_index.csv;source_box_negative_control_candidates.csv"
"H-669","2","0","effective_unicity_directionality_source_queue_source_index.csv","","","","","","effective_unicity_directionality_source_queue_source_index.csv;source_box_negative_control_candidates.csv"
"H-68","2","0","effective_unicity_directionality_source_queue_source_index.csv","","","","","","effective_unicity_directionality_source_queue_source_index.csv;source_box_negative_control_candidates.csv"
"H-688","2","0","effective_unicity_directionality_source_queue_source_index.csv","","","","","","effective_unicity_directionality_source_queue_source_index.csv;source_box_negative_control_candidates.csv"
"H-702","2","0","effective_unicity_directionality_source_queue_source_index.csv","","","","","","effective_unicity_directionality_source_queue_source_index.csv;source_box_negative_control_candidates.csv"
"H-706","2","0","effective_unicity_directionality_source_queue_source_index.csv","","","","","","effective_unicity_directionality_source_queue_source_index.csv;source_box_negative_control_candidates.csv"
"H-717","2","0","effective_unicity_directionality_source_queue_source_index.csv","","","","","","effective_unicity_directionality_source_queue_source_index.csv;source_box_negative_control_candidates.csv"
"H-719","2","0","effective_unicity_directionality_source_queue_source_index.csv","","","","","","effective_unicity_directionality_source_queue_source_index.csv;source_box_negative_control_candidates.csv"
"H-723","2","0","effective_unicity_directionality_source_queue_source_index.csv","","","","","","effective_unicity_directionality_source_queue_source_index.csv;source_box_negative_control_candidates.csv"
"H-74","3","0","effective_unicity_directionality_source_queue_source_index.csv","","","","","","effective_unicity_directionality_source_queue_source_index.csv;source_box_negative_control_candidates.csv"
"H-773","2","0","effective_unicity_directionality_source_queue_source_index.csv","","","","","","effective_unicity_directionality_source_queue_source_index.csv;source_box_negative_control_candidates.csv"
"H-776","2","0","effective_unicity_directionality_source_queue_source_index.csv","","","","","","effective_unicity_directionality_source_queue_source_index.csv;source_box_negative_control_candidates.csv"
"H-778","2","0","effective_unicity_directionality_source_queue_source_index.csv","","","","","","effective_unicity_directionality_source_queue_source_index.csv;source_box_negative_control_candidates.csv"
"H-779","2","0","effective_unicity_directionality_source_queue_source_index.csv","","","","","","effective_unicity_directionality_source_queue_source_index.csv;source_box_negative_control_candidates.csv"
"H-786","3","0","campaign_520_220_x_source_visibility_hints_addendum.csv","","","","","possible_lower_confidence_terminal_match_T009 | visual_pressure_not_exact_control","campaign_520_220_x_source_visibility_hints_addendum.csv;effective_unicity_directionality_source_queue_source_index.csv"
"H-794","2","0","effective_unicity_directionality_source_queue_source_index.csv","","","","","","effective_unicity_directionality_source_queue_source_index.csv;source_box_negative_control_candidates.csv"
"H-796","2","0","effective_unicity_directionality_source_queue_source_index.csv","","","","","","effective_unicity_directionality_source_queue_source_index.csv;source_box_negative_control_candidates.csv"
"H-799","2","0","effective_unicity_directionality_source_queue_source_index.csv","","","","","","effective_unicity_directionality_source_queue_source_index.csv;source_box_negative_control_candidates.csv"
"H-8","2","0","effective_unicity_directionality_source_queue_source_index.csv","","","","","","effective_unicity_directionality_source_queue_source_index.csv;source_box_negative_control_candidates.csv"
"H-802","2","0","effective_unicity_directionality_source_queue_source_index.csv","","","","","","effective_unicity_directionality_source_queue_source_index.csv;source_box_negative_control_candidates.csv"
"H-806","2","0","effective_unicity_directionality_source_queue_source_index.csv","","","","","","effective_unicity_directionality_source_queue_source_index.csv;source_box_negative_control_candidates.csv"
"H-807","2","0","effective_unicity_directionality_source_queue_source_index.csv","","","","","","effective_unicity_directionality_source_queue_source_index.csv;source_box_negative_control_candidates.csv"
"H-808","2","0","effective_unicity_directionality_source_queue_source_index.csv","","","","","","effective_unicity_directionality_source_queue_source_index.csv;source_box_negative_control_candidates.csv"
"H-811","3","0","effective_unicity_directionality_source_queue_source_index.csv","","","","","","effective_unicity_directionality_source_queue_source_index.csv;source_box_negative_control_candidates.csv"
"H-813","2","0","effective_unicity_directionality_source_queue_source_index.csv","","","","","","effective_unicity_directionality_source_queue_source_index.csv;source_box_negative_control_candidates.csv"
"H-814","2","0","effective_unicity_directionality_source_queue_source_index.csv","","","","","","effective_unicity_directionality_source_queue_source_index.csv;source_box_negative_control_candidates.csv"
"H-825","2","0","effective_unicity_directionality_source_queue_source_index.csv","","","","","","effective_unicity_directionality_source_queue_source_index.csv;source_box_negative_control_candidates.csv"
"H-829","3","0","effective_unicity_directionality_source_queue_source_index.csv","","","","","","effective_unicity_directionality_source_queue_source_index.csv;source_box_negative_control_candidates.csv"
"H-833","3","0","effective_unicity_directionality_source_queue_source_index.csv","","","","","","effective_unicity_directionality_source_queue_source_index.csv;source_box_negative_control_candidates.csv"
"H-837","2","0","effective_unicity_directionality_source_queue_source_index.csv","","","","","","effective_unicity_directionality_source_queue_source_index.csv;source_box_negative_control_candidates.csv"
"H-838","2","0","effective_unicity_directionality_source_queue_source_index.csv","","","","","","effective_unicity_directionality_source_queue_source_index.csv;source_box_negative_control_candidates.csv"
"H-839","2","0","effective_unicity_directionality_source_queue_source_index.csv","","","","","","effective_unicity_directionality_source_queue_source_index.csv;source_box_negative_control_candidates.csv"
"H-849","2","0","effective_unicity_directionality_source_queue_source_index.csv","","","","","","effective_unicity_directionality_source_queue_source_index.csv;source_box_negative_control_candidates.csv"
"H-85","2","0","effective_unicity_directionality_source_queue_source_index.csv","","","","","","effective_unicity_directionality_source_queue_source_index.csv;source_box_negative_control_candidates.csv"
"H-852","2","0","effective_unicity_directionality_source_queue_source_index.csv","","","","","","effective_unicity_directionality_source_queue_source_index.csv;source_box_negative_control_candidates.csv"
"H-859","2","0","effective_unicity_directionality_source_queue_source_index.csv","","","","","","effective_unicity_directionality_source_queue_source_index.csv;source_box_negative_control_candidates.csv"
"H-860","2","0","effective_unicity_directionality_source_queue_source_index.csv","","","","","","effective_unicity_directionality_source_queue_source_index.csv;source_box_negative_control_candidates.csv"
"H-861","2","0","effective_unicity_directionality_source_queue_source_index.csv","","","","","","effective_unicity_directionality_source_queue_source_index.csv;source_box_negative_control_candidates.csv"
"H-862","2","0","effective_unicity_directionality_source_queue_source_index.csv","","","","","","effective_unicity_directionality_source_queue_source_index.csv;source_box_negative_control_candidates.csv"
"H-863","2","0","effective_unicity_directionality_source_queue_source_index.csv","","","","","","effective_unicity_directionality_source_queue_source_index.csv;source_box_negative_control_candidates.csv"
"H-864","2","0","effective_unicity_directionality_source_queue_source_index.csv","","","","","","effective_unicity_directionality_source_queue_source_index.csv;source_box_negative_control_candidates.csv"
"H-865","2","0","effective_unicity_directionality_source_queue_source_index.csv","","","","","","effective_unicity_directionality_source_queue_source_index.csv;source_box_negative_control_candidates.csv"
"H-866","2","0","effective_unicity_directionality_source_queue_source_index.csv","","","","","","effective_unicity_directionality_source_queue_source_index.csv;source_box_negative_control_candidates.csv"
"H-867","2","0","effective_unicity_directionality_source_queue_source_index.csv","","","","","","effective_unicity_directionality_source_queue_source_index.csv;source_box_negative_control_candidates.csv"
"H-868","2","0","effective_unicity_directionality_source_queue_source_index.csv","","","","","","effective_unicity_directionality_source_queue_source_index.csv;source_box_negative_control_candidates.csv"
"H-869","2","0","effective_unicity_directionality_source_queue_source_index.csv","","","","","","effective_unicity_directionality_source_queue_source_index.csv;source_box_negative_control_candidates.csv"
"H-870","2","0","effective_unicity_directionality_source_queue_source_index.csv","","","","","","effective_unicity_directionality_source_queue_source_index.csv;source_box_negative_control_candidates.csv"
"H-877","2","0","effective_unicity_directionality_source_queue_source_index.csv","","","","","","effective_unicity_directionality_source_queue_source_index.csv;source_box_negative_control_candidates.csv"
"H-88","2","0","effective_unicity_directionality_source_queue_source_index.csv","","","","","","effective_unicity_directionality_source_queue_source_index.csv;source_box_negative_control_candidates.csv"
"H-887","2","0","effective_unicity_directionality_source_queue_source_index.csv","","","","","","effective_unicity_directionality_source_queue_source_index.csv;source_box_negative_control_candidates.csv"
"H-904","2","0","effective_unicity_directionality_source_queue_source_index.csv","","","","","","effective_unicity_directionality_source_queue_source_index.csv;source_box_negative_control_candidates.csv"
"H-905","2","0","effective_unicity_directionality_source_queue_source_index.csv","","","","","","effective_unicity_directionality_source_queue_source_index.csv;source_box_negative_control_candidates.csv"
"H-916","6","0","effective_unicity_directionality_source_queue_source_index.csv","","","","","","effective_unicity_directionality_source_queue_source_index.csv;lipi_frame700_034_source_route_audit.csv;lipi_frame700_034_two_lane_source_coding_sheet.csv;lipi_frame700_034_two_lane_source_packet.csv;source_box_negative_control_candidates.csv"
"H-917","2","0","effective_unicity_directionality_source_queue_source_index.csv","","","","","","effective_unicity_directionality_source_queue_source_index.csv;source_box_negative_control_candidates.csv"
"H-92","2","0","effective_unicity_directionality_source_queue_source_index.csv","","","","","","effective_unicity_directionality_source_queue_source_index.csv;source_box_negative_control_candidates.csv"
"H-925","17","0","effective_unicity_directionality_source_queue_source_index.csv","","","","","","effective_unicity_directionality_source_queue_source_index.csv;lipi_frame700_034_source_panel_graph_edges.csv;lipi_frame700_034_source_panel_graph_nodes.csv;lipi_frame700_034_source_route_audit.csv;lipi_frame700_034_two_lane_source_coding_sheet.csv;lipi_frame700_034_two_lane_source_packet.csv"
"H-926","2","0","effective_unicity_directionality_source_queue_source_index.csv","","","","","","effective_unicity_directionality_source_queue_source_index.csv;source_box_negative_control_candidates.csv"
"H-940","6","0","campaign_520_220_x_source_visibility_hints_addendum.csv","","","","","weaker_external_terminal_T008 | secondary_415_family_pressure","campaign_520_220_x_source_visibility_hints_addendum.csv;effective_unicity_directionality_source_queue_source_index.csv"
"H-941","4","0","campaign_520_220_x_source_visibility_hints_addendum.csv","","","","","close_terminal_match_T010 | visual_pressure_not_exact_control","campaign_520_220_x_source_visibility_hints_addendum.csv;effective_unicity_directionality_source_queue_source_index.csv;source_box_negative_control_candidates.csv"
"H-942","19","0","campaign_520_220_x_source_visibility_hints_addendum.csv","","","","","Locks the evidence object used for H-942 source status.","campaign_520_220_x_source_visibility_hints_addendum.csv;effective_unicity_directionality_source_queue_source_index.csv"
"H-943","2","0","effective_unicity_directionality_source_queue_source_index.csv","","","","","","effective_unicity_directionality_source_queue_source_index.csv;source_box_negative_control_candidates.csv"
"H-944","2","0","effective_unicity_directionality_source_queue_source_index.csv","","","","","","effective_unicity_directionality_source_queue_source_index.csv;source_box_negative_control_candidates.csv"
"H-950","2","0","effective_unicity_directionality_source_queue_source_index.csv","","","","","","effective_unicity_directionality_source_queue_source_index.csv;source_box_negative_control_candidates.csv"
"H-962","2","0","effective_unicity_directionality_source_queue_source_index.csv","","","","","","effective_unicity_directionality_source_queue_source_index.csv;source_box_negative_control_candidates.csv"
"H-963","2","0","effective_unicity_directionality_source_queue_source_index.csv","","","","","","effective_unicity_directionality_source_queue_source_index.csv;source_box_negative_control_candidates.csv"
"H-966","2","0","effective_unicity_directionality_source_queue_source_index.csv","","","","","","effective_unicity_directionality_source_queue_source_index.csv;source_box_negative_control_candidates.csv"
"H-967","2","0","effective_unicity_directionality_source_queue_source_index.csv","","","","","","effective_unicity_directionality_source_queue_source_index.csv;source_box_negative_control_candidates.csv"
"H-968","2","0","effective_unicity_directionality_source_queue_source_index.csv","","","","","","effective_unicity_directionality_source_queue_source_index.csv;source_box_negative_control_candidates.csv"
"H-969","2","0","effective_unicity_directionality_source_queue_source_index.csv","","","","","","effective_unicity_directionality_source_queue_source_index.csv;source_box_negative_control_candidates.csv"
"H-975","2","0","effective_unicity_directionality_source_queue_source_index.csv","","","","","","effective_unicity_directionality_source_queue_source_index.csv;source_box_negative_control_candidates.csv"
"H-988","2","0","effective_unicity_directionality_source_queue_source_index.csv","","","","","","effective_unicity_directionality_source_queue_source_index.csv;source_box_negative_control_candidates.csv"
"Jk-2","2","0","effective_unicity_directionality_source_queue_source_index.csv","","","","","","effective_unicity_directionality_source_queue_source_index.csv;source_box_negative_control_candidates.csv"
"K-1","2","0","effective_unicity_directionality_source_queue_source_index.csv","","","","","","effective_unicity_directionality_source_queue_source_index.csv;source_box_negative_control_candidates.csv"
"K-10","3","0","effective_unicity_directionality_source_queue_source_index.csv","","","","","","effective_unicity_directionality_source_queue_source_index.csv;source_box_negative_control_candidates.csv"
"K-150","6","0","campaign_520_220_x_source_visibility_hints_addendum.csv","","","","","not_in_current_blind_packet | source_gated_singleton_006_control","campaign_520_220_x_source_visibility_hints_addendum.csv;effective_unicity_directionality_source_queue_source_index.csv"
"K-156","2","0","effective_unicity_directionality_source_queue_source_index.csv","","","","","","effective_unicity_directionality_source_queue_source_index.csv;source_box_negative_control_candidates.csv"
"K-23","2","0","effective_unicity_directionality_source_queue_source_index.csv","","","","","","effective_unicity_directionality_source_queue_source_index.csv;source_box_negative_control_candidates.csv"
"K-24","2","0","effective_unicity_directionality_source_queue_source_index.csv","","","","","","effective_unicity_directionality_source_queue_source_index.csv;source_box_negative_control_candidates.csv"
"K-27","2","0","effective_unicity_directionality_source_queue_source_index.csv","","","","","","effective_unicity_directionality_source_queue_source_index.csv;source_box_negative_control_candidates.csv"
"K-28","2","0","effective_unicity_directionality_source_queue_source_index.csv","","","","","","effective_unicity_directionality_source_queue_source_index.csv;source_box_negative_control_candidates.csv"
"K-33","2","0","effective_unicity_directionality_source_queue_source_index.csv","","","","","","effective_unicity_directionality_source_queue_source_index.csv;source_box_negative_control_candidates.csv"
"K-4","2","0","effective_unicity_directionality_source_queue_source_index.csv","","","","","","effective_unicity_directionality_source_queue_source_index.csv;source_box_negative_control_candidates.csv"
"K-40","2","0","effective_unicity_directionality_source_queue_source_index.csv","","","","","","effective_unicity_directionality_source_queue_source_index.csv;source_box_negative_control_candidates.csv"
"K-68","2","0","effective_unicity_directionality_source_queue_source_index.csv","","","","","","effective_unicity_directionality_source_queue_source_index.csv;source_box_negative_control_candidates.csv"
"K-69","2","0","effective_unicity_directionality_source_queue_source_index.csv","","","","","","effective_unicity_directionality_source_queue_source_index.csv;source_box_negative_control_candidates.csv"
"K-70","2","0","effective_unicity_directionality_source_queue_source_index.csv","","","","","","effective_unicity_directionality_source_queue_source_index.csv;source_box_negative_control_candidates.csv"
"K-71","2","0","effective_unicity_directionality_source_queue_source_index.csv","","","","","","effective_unicity_directionality_source_queue_source_index.csv;source_box_negative_control_candidates.csv"
"K-72","2","0","effective_unicity_directionality_source_queue_source_index.csv","","","","","","effective_unicity_directionality_source_queue_source_index.csv;source_box_negative_control_candidates.csv"
"K-73","2","0","effective_unicity_directionality_source_queue_source_index.csv","","","","","","effective_unicity_directionality_source_queue_source_index.csv;source_box_negative_control_candidates.csv"
"K-74","2","0","effective_unicity_directionality_source_queue_source_index.csv","","","","","","effective_unicity_directionality_source_queue_source_index.csv;source_box_negative_control_candidates.csv"
"K-75","2","0","effective_unicity_directionality_source_queue_source_index.csv","","","","","","effective_unicity_directionality_source_queue_source_index.csv;source_box_negative_control_candidates.csv"
"K-78","2","0","effective_unicity_directionality_source_queue_source_index.csv","","","","","","effective_unicity_directionality_source_queue_source_index.csv;source_box_negative_control_candidates.csv"
"K-82","2","0","effective_unicity_directionality_source_queue_source_index.csv","","","","","","effective_unicity_directionality_source_queue_source_index.csv;source_box_negative_control_candidates.csv"
"K-85","2","0","effective_unicity_directionality_source_queue_source_index.csv","","","","","","effective_unicity_directionality_source_queue_source_index.csv;source_box_negative_control_candidates.csv"
"K-89","2","0","effective_unicity_directionality_source_queue_source_index.csv","","","","","","effective_unicity_directionality_source_queue_source_index.csv;source_box_negative_control_candidates.csv"
"L-1","2","0","effective_unicity_directionality_source_queue_source_index.csv","","","","","","effective_unicity_directionality_source_queue_source_index.csv;source_box_negative_control_candidates.csv"
"L-101","2","0","effective_unicity_directionality_source_queue_source_index.csv","","","","","","effective_unicity_directionality_source_queue_source_index.csv;source_box_negative_control_candidates.csv"
"L-11","2","0","effective_unicity_directionality_source_queue_source_index.csv","","","","","","effective_unicity_directionality_source_queue_source_index.csv;source_box_negative_control_candidates.csv"
"L-112","2","0","effective_unicity_directionality_source_queue_source_index.csv","","","","","","effective_unicity_directionality_source_queue_source_index.csv;source_box_negative_control_candidates.csv"
"L-114","2","0","effective_unicity_directionality_source_queue_source_index.csv","","","","","","effective_unicity_directionality_source_queue_source_index.csv;source_box_negative_control_candidates.csv"
"L-118","2","0","effective_unicity_directionality_source_queue_source_index.csv","","","","","","effective_unicity_directionality_source_queue_source_index.csv;source_box_negative_control_candidates.csv"
"L-130","2","0","effective_unicity_directionality_source_queue_source_index.csv","","","","","","effective_unicity_directionality_source_queue_source_index.csv;source_box_negative_control_candidates.csv"
"L-131","2","0","effective_unicity_directionality_source_queue_source_index.csv","","","","","","effective_unicity_directionality_source_queue_source_index.csv;source_box_negative_control_candidates.csv"
"L-134","2","0","effective_unicity_directionality_source_queue_source_index.csv","","","","","","effective_unicity_directionality_source_queue_source_index.csv;source_box_negative_control_candidates.csv"
"L-145","2","0","effective_unicity_directionality_source_queue_source_index.csv","","","","","","effective_unicity_directionality_source_queue_source_index.csv;source_box_negative_control_candidates.csv"
"L-161","2","0","effective_unicity_directionality_source_queue_source_index.csv","","","","","","effective_unicity_directionality_source_queue_source_index.csv;source_box_negative_control_candidates.csv"
"L-162","2","0","effective_unicity_directionality_source_queue_source_index.csv","","","","","","effective_unicity_directionality_source_queue_source_index.csv;source_box_negative_control_candidates.csv"
"L-163","2","0","effective_unicity_directionality_source_queue_source_index.csv","","","","","","effective_unicity_directionality_source_queue_source_index.csv;source_box_negative_control_candidates.csv"
"L-164","2","0","effective_unicity_directionality_source_queue_source_index.csv","","","","","","effective_unicity_directionality_source_queue_source_index.csv;source_box_negative_control_candidates.csv"
"L-165","2","0","effective_unicity_directionality_source_queue_source_index.csv","","","","","","effective_unicity_directionality_source_queue_source_index.csv;source_box_negative_control_candidates.csv"
"L-166","2","0","effective_unicity_directionality_source_queue_source_index.csv","","","","","","effective_unicity_directionality_source_queue_source_index.csv;source_box_negative_control_candidates.csv"
"L-167","2","0","effective_unicity_directionality_source_queue_source_index.csv","","","","","","effective_unicity_directionality_source_queue_source_index.csv;source_box_negative_control_candidates.csv"
"L-168","2","0","effective_unicity_directionality_source_queue_source_index.csv","","","","","","effective_unicity_directionality_source_queue_source_index.csv;source_box_negative_control_candidates.csv"
"L-169","2","0","effective_unicity_directionality_source_queue_source_index.csv","","","","","","effective_unicity_directionality_source_queue_source_index.csv;source_box_negative_control_candidates.csv"
"L-170","2","0","effective_unicity_directionality_source_queue_source_index.csv","","","","","","effective_unicity_directionality_source_queue_source_index.csv;source_box_negative_control_candidates.csv"
"L-18","2","0","effective_unicity_directionality_source_queue_source_index.csv","","","","","","effective_unicity_directionality_source_queue_source_index.csv;source_box_negative_control_candidates.csv"
"L-207","2","0","effective_unicity_directionality_source_queue_source_index.csv","","","","","","effective_unicity_directionality_source_queue_source_index.csv;source_box_negative_control_candidates.csv"
"L-219","2","0","effective_unicity_directionality_source_queue_source_index.csv","","","","","","effective_unicity_directionality_source_queue_source_index.csv;source_box_negative_control_candidates.csv"
"L-39","2","0","effective_unicity_directionality_source_queue_source_index.csv","","","","","","effective_unicity_directionality_source_queue_source_index.csv;source_box_negative_control_candidates.csv"
"L-4","2","0","effective_unicity_directionality_source_queue_source_index.csv","","","","","","effective_unicity_directionality_source_queue_source_index.csv;source_box_negative_control_candidates.csv"
"L-41","2","0","effective_unicity_directionality_source_queue_source_index.csv","","","","","","effective_unicity_directionality_source_queue_source_index.csv;source_box_negative_control_candidates.csv"
"L-46","2","0","effective_unicity_directionality_source_queue_source_index.csv","","","","","","effective_unicity_directionality_source_queue_source_index.csv;source_box_negative_control_candidates.csv"
"L-47","2","0","effective_unicity_directionality_source_queue_source_index.csv","","","","","","effective_unicity_directionality_source_queue_source_index.csv;source_box_negative_control_candidates.csv"
"L-57","2","0","effective_unicity_directionality_source_queue_source_index.csv","","","","","","effective_unicity_directionality_source_queue_source_index.csv;source_box_negative_control_candidates.csv"
"L-59","2","0","effective_unicity_directionality_source_queue_source_index.csv","","","","","","effective_unicity_directionality_source_queue_source_index.csv;source_box_negative_control_candidates.csv"
"L-82","2","0","effective_unicity_directionality_source_queue_source_index.csv","","","","","","effective_unicity_directionality_source_queue_source_index.csv;source_box_negative_control_candidates.csv"
"L-83","2","0","effective_unicity_directionality_source_queue_source_index.csv","","","","","","effective_unicity_directionality_source_queue_source_index.csv;source_box_negative_control_candidates.csv"
"L-84","2","0","effective_unicity_directionality_source_queue_source_index.csv","","","","","","effective_unicity_directionality_source_queue_source_index.csv;source_box_negative_control_candidates.csv"
"L-87","3","0","effective_unicity_directionality_source_queue_source_index.csv","","","","","","effective_unicity_directionality_source_queue_source_index.csv;source_box_negative_control_candidates.csv"
"L-89","2","0","effective_unicity_directionality_source_queue_source_index.csv","","","","","","effective_unicity_directionality_source_queue_source_index.csv;source_box_negative_control_candidates.csv"
"L-92","2","0","effective_unicity_directionality_source_queue_source_index.csv","","","","","","effective_unicity_directionality_source_queue_source_index.csv;source_box_negative_control_candidates.csv"
"Lh-1","2","0","effective_unicity_directionality_source_queue_source_index.csv","","","","","","effective_unicity_directionality_source_queue_source_index.csv;source_box_negative_control_candidates.csv"
"M-10","3","0","effective_unicity_directionality_source_queue_source_index.csv","","","","","","effective_unicity_directionality_source_queue_source_index.csv;source_box_negative_control_candidates.csv"
"M-100","2","0","effective_unicity_directionality_source_queue_source_index.csv","","","","","","effective_unicity_directionality_source_queue_source_index.csv;source_box_negative_control_candidates.csv"
"M-1002","2","0","effective_unicity_directionality_source_queue_source_index.csv","","","","","","effective_unicity_directionality_source_queue_source_index.csv;source_box_negative_control_candidates.csv"
"M-101","2","0","effective_unicity_directionality_source_queue_source_index.csv","","","","","","effective_unicity_directionality_source_queue_source_index.csv;source_box_negative_control_candidates.csv"
"M-103","2","0","effective_unicity_directionality_source_queue_source_index.csv","","","","","","effective_unicity_directionality_source_queue_source_index.csv;source_box_negative_control_candidates.csv"
"M-1052","2","0","effective_unicity_directionality_source_queue_source_index.csv","","","","","","effective_unicity_directionality_source_queue_source_index.csv;source_box_negative_control_candidates.csv"
"M-1063","2","0","effective_unicity_directionality_source_queue_source_index.csv","","","","","","effective_unicity_directionality_source_queue_source_index.csv;source_box_negative_control_candidates.csv"
"M-107","2","0","effective_unicity_directionality_source_queue_source_index.csv","","","","","","effective_unicity_directionality_source_queue_source_index.csv;source_box_negative_control_candidates.csv"
"M-1085","2","0","effective_unicity_directionality_source_queue_source_index.csv","","","","","","effective_unicity_directionality_source_queue_source_index.csv;source_box_negative_control_candidates.csv"
"M-1088","2","0","effective_unicity_directionality_source_queue_source_index.csv","","","","","","effective_unicity_directionality_source_queue_source_index.csv;source_box_negative_control_candidates.csv"
"M-1089","2","0","effective_unicity_directionality_source_queue_source_index.csv","","","","","","effective_unicity_directionality_source_queue_source_index.csv;source_box_negative_control_candidates.csv"
"M-109","2","0","effective_unicity_directionality_source_queue_source_index.csv","","","","","","effective_unicity_directionality_source_queue_source_index.csv;source_box_negative_control_candidates.csv"
"M-1109","2","0","effective_unicity_directionality_source_queue_source_index.csv","","","","","","effective_unicity_directionality_source_queue_source_index.csv;source_box_negative_control_candidates.csv"
"M-1110","2","0","effective_unicity_directionality_source_queue_source_index.csv","","","","","","effective_unicity_directionality_source_queue_source_index.csv;source_box_negative_control_candidates.csv"
"M-1114","2","0","effective_unicity_directionality_source_queue_source_index.csv","","","","","","effective_unicity_directionality_source_queue_source_index.csv;source_box_negative_control_candidates.csv"
"M-1115","2","0","effective_unicity_directionality_source_queue_source_index.csv","","","","","","effective_unicity_directionality_source_queue_source_index.csv;source_box_negative_control_candidates.csv"
"M-1119","2","0","effective_unicity_directionality_source_queue_source_index.csv","","","","","","effective_unicity_directionality_source_queue_source_index.csv;source_box_negative_control_candidates.csv"
"M-113","2","0","effective_unicity_directionality_source_queue_source_index.csv","","","","","","effective_unicity_directionality_source_queue_source_index.csv;source_box_negative_control_candidates.csv"
"M-1135","2","0","effective_unicity_directionality_source_queue_source_index.csv","","","","","","effective_unicity_directionality_source_queue_source_index.csv;source_box_negative_control_candidates.csv"
"M-1137","2","0","effective_unicity_directionality_source_queue_source_index.csv","","","","","","effective_unicity_directionality_source_queue_source_index.csv;source_box_negative_control_candidates.csv"
"M-1138","2","0","effective_unicity_directionality_source_queue_source_index.csv","","","","","","effective_unicity_directionality_source_queue_source_index.csv;source_box_negative_control_candidates.csv"
"M-1139","2","0","effective_unicity_directionality_source_queue_source_index.csv","","","","","","effective_unicity_directionality_source_queue_source_index.csv;source_box_negative_control_candidates.csv"
"M-114","2","0","effective_unicity_directionality_source_queue_source_index.csv","","","","","","effective_unicity_directionality_source_queue_source_index.csv;source_box_negative_control_candidates.csv"
"M-1148","2","0","effective_unicity_directionality_source_queue_source_index.csv","","","","","","effective_unicity_directionality_source_queue_source_index.csv;source_box_negative_control_candidates.csv"
"M-115","2","0","effective_unicity_directionality_source_queue_source_index.csv","","","","","","effective_unicity_directionality_source_queue_source_index.csv;source_box_negative_control_candidates.csv"
"M-1150","2","0","effective_unicity_directionality_source_queue_source_index.csv","","","","","","effective_unicity_directionality_source_queue_source_index.csv;source_box_negative_control_candidates.csv"
"M-1152","3","0","effective_unicity_directionality_source_queue_source_index.csv","","","","","","effective_unicity_directionality_source_queue_source_index.csv;source_box_negative_control_candidates.csv"
"M-1155","2","0","effective_unicity_directionality_source_queue_source_index.csv","","","","","","effective_unicity_directionality_source_queue_source_index.csv;source_box_negative_control_candidates.csv"
"M-1159","3","0","campaign_032_002_tail_source_queue.csv","","","","","","campaign_032_002_tail_source_queue.csv;effective_unicity_directionality_source_queue_source_index.csv;source_box_negative_control_candidates.csv"
"M-116","2","0","effective_unicity_directionality_source_queue_source_index.csv","","","","","","effective_unicity_directionality_source_queue_source_index.csv;source_box_negative_control_candidates.csv"
"M-1161","2","0","effective_unicity_directionality_source_queue_source_index.csv","","","","","","effective_unicity_directionality_source_queue_source_index.csv;source_box_negative_control_candidates.csv"
"M-1166","2","0","effective_unicity_directionality_source_queue_source_index.csv","","","","","","effective_unicity_directionality_source_queue_source_index.csv;source_box_negative_control_candidates.csv"
"M-117","2","0","effective_unicity_directionality_source_queue_source_index.csv","","","","","","effective_unicity_directionality_source_queue_source_index.csv;source_box_negative_control_candidates.csv"
"M-1177","2","0","effective_unicity_directionality_source_queue_source_index.csv","","","","","","effective_unicity_directionality_source_queue_source_index.csv;source_box_negative_control_candidates.csv"
"M-12","2","0","effective_unicity_directionality_source_queue_source_index.csv","","","","","","effective_unicity_directionality_source_queue_source_index.csv;source_box_negative_control_candidates.csv"
"M-1206","13","0","campaign_520_220_x_source_visibility_hints_addendum.csv","","","","","terminal_component_core_T002_T003 | target_terminal_stability","campaign_520_220_x_source_visibility_hints_addendum.csv;effective_unicity_directionality_source_queue_source_index.csv;source_box_negative_control_candidates.csv"
"M-1224","2","0","effective_unicity_directionality_source_queue_source_index.csv","","","","","","effective_unicity_directionality_source_queue_source_index.csv;source_box_negative_control_candidates.csv"
"M-1226","2","0","effective_unicity_directionality_source_queue_source_index.csv","","","","","","effective_unicity_directionality_source_queue_source_index.csv;source_box_negative_control_candidates.csv"
"M-1265","2","0","effective_unicity_directionality_source_queue_source_index.csv","","","","","","effective_unicity_directionality_source_queue_source_index.csv;source_box_negative_control_candidates.csv"
"M-1267","4","0","campaign_032_002_861_533717_source_controls_crops.csv","","","","ef2ed80de7ef5f60cb801f9b5d5267732f0c4900d6b1fa08a60f3b84ec597352","","campaign_032_002_861_533717_source_controls_crops.csv;effective_unicity_directionality_source_queue_source_index.csv;source_box_negative_control_candidates.csv"
"M-1268","2","0","effective_unicity_directionality_source_queue_source_index.csv","","","","","","effective_unicity_directionality_source_queue_source_index.csv;source_box_negative_control_candidates.csv"
"M-1274","2","0","effective_unicity_directionality_source_queue_source_index.csv","","","","","","effective_unicity_directionality_source_queue_source_index.csv;source_box_negative_control_candidates.csv"
"M-1275","2","0","effective_unicity_directionality_source_queue_source_index.csv","","","","","","effective_unicity_directionality_source_queue_source_index.csv;source_box_negative_control_candidates.csv"
"M-1277","2","0","effective_unicity_directionality_source_queue_source_index.csv","","","","","","effective_unicity_directionality_source_queue_source_index.csv;source_box_negative_control_candidates.csv"
"M-1284","2","0","effective_unicity_directionality_source_queue_source_index.csv","","","","","","effective_unicity_directionality_source_queue_source_index.csv;source_box_negative_control_candidates.csv"
"M-1299","2","0","effective_unicity_directionality_source_queue_source_index.csv","","","","","","effective_unicity_directionality_source_queue_source_index.csv;source_box_negative_control_candidates.csv"
"M-130","2","0","campaign_032_002_tail_source_queue.csv","","","","","","campaign_032_002_tail_source_queue.csv;effective_unicity_directionality_source_queue_source_index.csv"
"M-1306","2","0","effective_unicity_directionality_source_queue_source_index.csv","","","","","","effective_unicity_directionality_source_queue_source_index.csv;source_box_negative_control_candidates.csv"
"M-1308","2","0","effective_unicity_directionality_source_queue_source_index.csv","","","","","","effective_unicity_directionality_source_queue_source_index.csv;source_box_negative_control_candidates.csv"
"M-1311","2","0","effective_unicity_directionality_source_queue_source_index.csv","","","","","","effective_unicity_directionality_source_queue_source_index.csv;source_box_negative_control_candidates.csv"
"M-1316","2","0","effective_unicity_directionality_source_queue_source_index.csv","","","","","","effective_unicity_directionality_source_queue_source_index.csv;source_box_negative_control_candidates.csv"
"M-1318","2","0","effective_unicity_directionality_source_queue_source_index.csv","","","","","","effective_unicity_directionality_source_queue_source_index.csv;source_box_negative_control_candidates.csv"
"M-134","2","0","effective_unicity_directionality_source_queue_source_index.csv","","","","","","effective_unicity_directionality_source_queue_source_index.csv;source_box_negative_control_candidates.csv"
"M-1341","2","0","effective_unicity_directionality_source_queue_source_index.csv","","","","","","effective_unicity_directionality_source_queue_source_index.csv;source_box_negative_control_candidates.csv"
"M-1343","2","0","effective_unicity_directionality_source_queue_source_index.csv","","","","","","effective_unicity_directionality_source_queue_source_index.csv;source_box_negative_control_candidates.csv"
"M-1346","3","0","effective_unicity_directionality_source_queue_source_index.csv","","","","","","effective_unicity_directionality_source_queue_source_index.csv;source_box_negative_control_candidates.csv"
"M-1371","2","0","effective_unicity_directionality_source_queue_source_index.csv","","","","","","effective_unicity_directionality_source_queue_source_index.csv;source_box_negative_control_candidates.csv"
"M-1375","2","0","effective_unicity_directionality_source_queue_source_index.csv","","","","","","effective_unicity_directionality_source_queue_source_index.csv;source_box_negative_control_candidates.csv"
"M-1381","2","0","effective_unicity_directionality_source_queue_source_index.csv","","","","","","effective_unicity_directionality_source_queue_source_index.csv;source_box_negative_control_candidates.csv"
"M-14","2","0","effective_unicity_directionality_source_queue_source_index.csv","","","","","","effective_unicity_directionality_source_queue_source_index.csv;source_box_negative_control_candidates.csv"
"M-142","2","0","effective_unicity_directionality_source_queue_source_index.csv","","","","","","effective_unicity_directionality_source_queue_source_index.csv;source_box_negative_control_candidates.csv"
"M-1426","2","0","effective_unicity_directionality_source_queue_source_index.csv","","","","","","effective_unicity_directionality_source_queue_source_index.csv;source_box_negative_control_candidates.csv"
"M-1427","2","0","effective_unicity_directionality_source_queue_source_index.csv","","","","","","effective_unicity_directionality_source_queue_source_index.csv;source_box_negative_control_candidates.csv"
"M-1438","2","0","effective_unicity_directionality_source_queue_source_index.csv","","","","","","effective_unicity_directionality_source_queue_source_index.csv;source_box_negative_control_candidates.csv"
"M-144","2","0","effective_unicity_directionality_source_queue_source_index.csv","","","","","","effective_unicity_directionality_source_queue_source_index.csv;source_box_negative_control_candidates.csv"
"M-152","2","0","effective_unicity_directionality_source_queue_source_index.csv","","","","","","effective_unicity_directionality_source_queue_source_index.csv;source_box_negative_control_candidates.csv"
"M-1528","2","0","effective_unicity_directionality_source_queue_source_index.csv","","","","","","effective_unicity_directionality_source_queue_source_index.csv;source_box_negative_control_candidates.csv"
"M-1529","2","0","effective_unicity_directionality_source_queue_source_index.csv","","","","","","effective_unicity_directionality_source_queue_source_index.csv;source_box_negative_control_candidates.csv"
"M-1530","2","0","effective_unicity_directionality_source_queue_source_index.csv","","","","","","effective_unicity_directionality_source_queue_source_index.csv;source_box_negative_control_candidates.csv"
"M-1531","2","0","effective_unicity_directionality_source_queue_source_index.csv","","","","","","effective_unicity_directionality_source_queue_source_index.csv;source_box_negative_control_candidates.csv"
"M-1532","3","0","effective_unicity_directionality_source_queue_source_index.csv","","","","","","effective_unicity_directionality_source_queue_source_index.csv;source_box_negative_control_candidates.csv"
"M-154","2","0","effective_unicity_directionality_source_queue_source_index.csv","","","","","","effective_unicity_directionality_source_queue_source_index.csv;source_box_negative_control_candidates.csv"
"M-1555","2","0","effective_unicity_directionality_source_queue_source_index.csv","","","","","","effective_unicity_directionality_source_queue_source_index.csv;source_box_negative_control_candidates.csv"
"M-1556","2","0","effective_unicity_directionality_source_queue_source_index.csv","","","","","","effective_unicity_directionality_source_queue_source_index.csv;source_box_negative_control_candidates.csv"
"M-1557","2","0","effective_unicity_directionality_source_queue_source_index.csv","","","","","","effective_unicity_directionality_source_queue_source_index.csv;source_box_negative_control_candidates.csv"
"M-1558","2","0","effective_unicity_directionality_source_queue_source_index.csv","","","","","","effective_unicity_directionality_source_queue_source_index.csv;source_box_negative_control_candidates.csv"
"M-1569","2","0","effective_unicity_directionality_source_queue_source_index.csv","","","","","","effective_unicity_directionality_source_queue_source_index.csv;source_box_negative_control_candidates.csv"
"M-160","2","0","effective_unicity_directionality_source_queue_source_index.csv","","","","","","effective_unicity_directionality_source_queue_source_index.csv;source_box_negative_control_candidates.csv"
"M-1629","2","0","effective_unicity_directionality_source_queue_source_index.csv","","","","","","effective_unicity_directionality_source_queue_source_index.csv;source_box_negative_control_candidates.csv"
"M-164","2","0","effective_unicity_directionality_source_queue_source_index.csv","","","","","","effective_unicity_directionality_source_queue_source_index.csv;source_box_negative_control_candidates.csv"
"M-166","2","0","effective_unicity_directionality_source_queue_source_index.csv","","","","","","effective_unicity_directionality_source_queue_source_index.csv;source_box_negative_control_candidates.csv"
"M-1661","3","0","effective_unicity_directionality_source_queue_source_index.csv","","","","","","effective_unicity_directionality_source_queue_source_index.csv;source_box_negative_control_candidates.csv"
"M-1665","3","0","effective_unicity_directionality_source_queue_source_index.csv","","","","","","effective_unicity_directionality_source_queue_source_index.csv;source_box_negative_control_candidates.csv"
"M-1667","2","0","campaign_032_002_tail_source_queue.csv","","","","","","campaign_032_002_tail_source_queue.csv;effective_unicity_directionality_source_queue_source_index.csv"
"M-1668","2","0","effective_unicity_directionality_source_queue_source_index.csv","","","","","","effective_unicity_directionality_source_queue_source_index.csv;source_box_negative_control_candidates.csv"
"M-1670","2","0","effective_unicity_directionality_source_queue_source_index.csv","","","","","","effective_unicity_directionality_source_queue_source_index.csv;source_box_negative_control_candidates.csv"
"M-1674","2","0","effective_unicity_directionality_source_queue_source_index.csv","","","","","","effective_unicity_directionality_source_queue_source_index.csv;source_box_negative_control_candidates.csv"
"M-1675","2","0","effective_unicity_directionality_source_queue_source_index.csv","","","","","","effective_unicity_directionality_source_queue_source_index.csv;source_box_negative_control_candidates.csv"
"M-1676","2","0","effective_unicity_directionality_source_queue_source_index.csv","","","","","","effective_unicity_directionality_source_queue_source_index.csv;source_box_negative_control_candidates.csv"
"M-1681","2","0","effective_unicity_directionality_source_queue_source_index.csv","","","","","","effective_unicity_directionality_source_queue_source_index.csv;source_box_negative_control_candidates.csv"
"M-1686","2","0","campaign_032_002_tail_source_queue.csv","","","","","","campaign_032_002_tail_source_queue.csv;effective_unicity_directionality_source_queue_source_index.csv"
"M-1688","2","0","effective_unicity_directionality_source_queue_source_index.csv","","","","","","effective_unicity_directionality_source_queue_source_index.csv;source_box_negative_control_candidates.csv"
"M-1690","2","0","effective_unicity_directionality_source_queue_source_index.csv","","","","","","effective_unicity_directionality_source_queue_source_index.csv;source_box_negative_control_candidates.csv"
"M-1692","3","0","effective_unicity_directionality_source_queue_source_index.csv","","","","","","effective_unicity_directionality_source_queue_source_index.csv;source_box_negative_control_candidates.csv"
"M-1693","2","0","effective_unicity_directionality_source_queue_source_index.csv","","","","","","effective_unicity_directionality_source_queue_source_index.csv;source_box_negative_control_candidates.csv"
"M-1696","2","0","effective_unicity_directionality_source_queue_source_index.csv","","","","","","effective_unicity_directionality_source_queue_source_index.csv;source_box_negative_control_candidates.csv"
"M-1697","2","0","effective_unicity_directionality_source_queue_source_index.csv","","","","","","effective_unicity_directionality_source_queue_source_index.csv;source_box_negative_control_candidates.csv"
"M-1698","2","0","effective_unicity_directionality_source_queue_source_index.csv","","","","","","effective_unicity_directionality_source_queue_source_index.csv;source_box_negative_control_candidates.csv"
"M-170","2","0","effective_unicity_directionality_source_queue_source_index.csv","","","","","","effective_unicity_directionality_source_queue_source_index.csv;source_box_negative_control_candidates.csv"
"M-1704","2","0","effective_unicity_directionality_source_queue_source_index.csv","","","","","","effective_unicity_directionality_source_queue_source_index.csv;source_box_negative_control_candidates.csv"
"M-1706","3","0","effective_unicity_directionality_source_queue_source_index.csv","","","","","","effective_unicity_directionality_source_queue_source_index.csv;source_box_negative_control_candidates.csv"
"M-1707","2","0","effective_unicity_directionality_source_queue_source_index.csv","","","","","","effective_unicity_directionality_source_queue_source_index.csv;source_box_negative_control_candidates.csv"
"M-1708","2","0","effective_unicity_directionality_source_queue_source_index.csv","","","","","","effective_unicity_directionality_source_queue_source_index.csv;source_box_negative_control_candidates.csv"
"M-1709","2","0","effective_unicity_directionality_source_queue_source_index.csv","","","","","","effective_unicity_directionality_source_queue_source_index.csv;source_box_negative_control_candidates.csv"
"M-1711","2","0","effective_unicity_directionality_source_queue_source_index.csv","","","","","","effective_unicity_directionality_source_queue_source_index.csv;source_box_negative_control_candidates.csv"
"M-1716","2","0","effective_unicity_directionality_source_queue_source_index.csv","","","","","","effective_unicity_directionality_source_queue_source_index.csv;source_box_negative_control_candidates.csv"
"M-1721","2","0","effective_unicity_directionality_source_queue_source_index.csv","","","","","","effective_unicity_directionality_source_queue_source_index.csv;source_box_negative_control_candidates.csv"
"M-1723","2","0","effective_unicity_directionality_source_queue_source_index.csv","","","","","","effective_unicity_directionality_source_queue_source_index.csv;source_box_negative_control_candidates.csv"
"M-1726","2","0","effective_unicity_directionality_source_queue_source_index.csv","","","","","","effective_unicity_directionality_source_queue_source_index.csv;source_box_negative_control_candidates.csv"
"M-1729","2","0","effective_unicity_directionality_source_queue_source_index.csv","","","","","","effective_unicity_directionality_source_queue_source_index.csv;source_box_negative_control_candidates.csv"
"M-1739","2","0","effective_unicity_directionality_source_queue_source_index.csv","","","","","","effective_unicity_directionality_source_queue_source_index.csv;source_box_negative_control_candidates.csv"
"M-1745","2","0","effective_unicity_directionality_source_queue_source_index.csv","","","","","","effective_unicity_directionality_source_queue_source_index.csv;source_box_negative_control_candidates.csv"
"M-1746","2","0","effective_unicity_directionality_source_queue_source_index.csv","","","","","","effective_unicity_directionality_source_queue_source_index.csv;source_box_negative_control_candidates.csv"
"M-1750","2","0","effective_unicity_directionality_source_queue_source_index.csv","","","","","","effective_unicity_directionality_source_queue_source_index.csv;source_box_negative_control_candidates.csv"
"M-1752","2","0","effective_unicity_directionality_source_queue_source_index.csv","","","","","","effective_unicity_directionality_source_queue_source_index.csv;source_box_negative_control_candidates.csv"
"M-1753","2","0","effective_unicity_directionality_source_queue_source_index.csv","","","","","","effective_unicity_directionality_source_queue_source_index.csv;source_box_negative_control_candidates.csv"
"M-1759","3","0","effective_unicity_directionality_source_queue_source_index.csv","","","","","","effective_unicity_directionality_source_queue_source_index.csv;source_box_negative_control_candidates.csv"
"M-1765","2","0","effective_unicity_directionality_source_queue_source_index.csv","","","","","","effective_unicity_directionality_source_queue_source_index.csv;source_box_negative_control_candidates.csv"
"M-1766","3","0","effective_unicity_directionality_source_queue_source_index.csv","","","","","","effective_unicity_directionality_source_queue_source_index.csv;source_box_negative_control_candidates.csv"
"M-177","2","0","effective_unicity_directionality_source_queue_source_index.csv","","","","","","effective_unicity_directionality_source_queue_source_index.csv;source_box_negative_control_candidates.csv"
"M-1772","2","0","effective_unicity_directionality_source_queue_source_index.csv","","","","","","effective_unicity_directionality_source_queue_source_index.csv;source_box_negative_control_candidates.csv"
"M-1789","2","0","effective_unicity_directionality_source_queue_source_index.csv","","","","","","effective_unicity_directionality_source_queue_source_index.csv;source_box_negative_control_candidates.csv"
"M-1791","3","0","effective_unicity_directionality_source_queue_source_index.csv","","","","","","effective_unicity_directionality_source_queue_source_index.csv;source_box_negative_control_candidates.csv"
"M-1793","2","0","effective_unicity_directionality_source_queue_source_index.csv","","","","","","effective_unicity_directionality_source_queue_source_index.csv;source_box_negative_control_candidates.csv"
"M-1796","2","0","effective_unicity_directionality_source_queue_source_index.csv","","","","","","effective_unicity_directionality_source_queue_source_index.csv;source_box_negative_control_candidates.csv"
"M-1806","2","0","effective_unicity_directionality_source_queue_source_index.csv","","","","","","effective_unicity_directionality_source_queue_source_index.csv;source_box_negative_control_candidates.csv"
"M-181","2","0","effective_unicity_directionality_source_queue_source_index.csv","","","","","","effective_unicity_directionality_source_queue_source_index.csv;source_box_negative_control_candidates.csv"
"M-1810","2","0","effective_unicity_directionality_source_queue_source_index.csv","","","","","","effective_unicity_directionality_source_queue_source_index.csv;source_box_negative_control_candidates.csv"
"M-1822","2","0","effective_unicity_directionality_source_queue_source_index.csv","","","","","","effective_unicity_directionality_source_queue_source_index.csv;source_box_negative_control_candidates.csv"
"M-1823","2","0","effective_unicity_directionality_source_queue_source_index.csv","","","","","","effective_unicity_directionality_source_queue_source_index.csv;source_box_negative_control_candidates.csv"
"M-1830","2","0","effective_unicity_directionality_source_queue_source_index.csv","","","","","","effective_unicity_directionality_source_queue_source_index.csv;source_box_negative_control_candidates.csv"
"M-1833","2","0","effective_unicity_directionality_source_queue_source_index.csv","","","","","","effective_unicity_directionality_source_queue_source_index.csv;source_box_negative_control_candidates.csv"
"M-1835","2","0","effective_unicity_directionality_source_queue_source_index.csv","","","","","","effective_unicity_directionality_source_queue_source_index.csv;source_box_negative_control_candidates.csv"
"M-1844","2","0","effective_unicity_directionality_source_queue_source_index.csv","","","","","","effective_unicity_directionality_source_queue_source_index.csv;source_box_negative_control_candidates.csv"
"M-1848","2","0","effective_unicity_directionality_source_queue_source_index.csv","","","","","","effective_unicity_directionality_source_queue_source_index.csv;source_box_negative_control_candidates.csv"
"M-1850","2","0","effective_unicity_directionality_source_queue_source_index.csv","","","","","","effective_unicity_directionality_source_queue_source_index.csv;source_box_negative_control_candidates.csv"
"M-1853","2","0","effective_unicity_directionality_source_queue_source_index.csv","","","","","","effective_unicity_directionality_source_queue_source_index.csv;source_box_negative_control_candidates.csv"
"M-1883","2","0","effective_unicity_directionality_source_queue_source_index.csv","","","","","","effective_unicity_directionality_source_queue_source_index.csv;source_box_negative_control_candidates.csv"
"M-1894","2","0","effective_unicity_directionality_source_queue_source_index.csv","","","","","","effective_unicity_directionality_source_queue_source_index.csv;source_box_negative_control_candidates.csv"
"M-1899","2","0","effective_unicity_directionality_source_queue_source_index.csv","","","","","","effective_unicity_directionality_source_queue_source_index.csv;source_box_negative_control_candidates.csv"
"M-1907","2","0","effective_unicity_directionality_source_queue_source_index.csv","","","","","","effective_unicity_directionality_source_queue_source_index.csv;source_box_negative_control_candidates.csv"
"M-1909","2","0","effective_unicity_directionality_source_queue_source_index.csv","","","","","","effective_unicity_directionality_source_queue_source_index.csv;source_box_negative_control_candidates.csv"
"M-1911","2","0","effective_unicity_directionality_source_queue_source_index.csv","","","","","","effective_unicity_directionality_source_queue_source_index.csv;source_box_negative_control_candidates.csv"
"M-1912","3","0","campaign_520_220_x_source_visibility_hints_addendum.csv","","","","","not_in_current_blind_packet | missing_same_site_non034_terminal_acquisition_target","campaign_520_220_x_source_visibility_hints_addendum.csv;effective_unicity_directionality_source_queue_source_index.csv"
"M-1916","2","0","effective_unicity_directionality_source_queue_source_index.csv","","","","","","effective_unicity_directionality_source_queue_source_index.csv;source_box_negative_control_candidates.csv"
"M-1927","2","0","effective_unicity_directionality_source_queue_source_index.csv","","","","","","effective_unicity_directionality_source_queue_source_index.csv;source_box_negative_control_candidates.csv"
"M-195","2","0","effective_unicity_directionality_source_queue_source_index.csv","","","","","","effective_unicity_directionality_source_queue_source_index.csv;source_box_negative_control_candidates.csv"
"M-1954","3","0","campaign_032_002_861_533717_source_controls_pending.csv","","","","","","campaign_032_002_861_533717_source_controls_pending.csv;effective_unicity_directionality_source_queue_source_index.csv;source_box_negative_control_candidates.csv"
"M-1955","2","0","effective_unicity_directionality_source_queue_source_index.csv","","","","","","effective_unicity_directionality_source_queue_source_index.csv;source_box_negative_control_candidates.csv"
"M-1961","2","0","effective_unicity_directionality_source_queue_source_index.csv","","","","","","effective_unicity_directionality_source_queue_source_index.csv;source_box_negative_control_candidates.csv"
"M-1973","3","0","campaign_032_002_861_533717_source_controls_pending.csv","","","","","","campaign_032_002_861_533717_source_controls_pending.csv;effective_unicity_directionality_source_queue_source_index.csv;source_box_negative_control_candidates.csv"
"M-1974","2","0","effective_unicity_directionality_source_queue_source_index.csv","","","","","","effective_unicity_directionality_source_queue_source_index.csv;source_box_negative_control_candidates.csv"
"M-1976","2","0","effective_unicity_directionality_source_queue_source_index.csv","","","","","","effective_unicity_directionality_source_queue_source_index.csv;source_box_negative_control_candidates.csv"
"M-198","2","0","effective_unicity_directionality_source_queue_source_index.csv","","","","","","effective_unicity_directionality_source_queue_source_index.csv;source_box_negative_control_candidates.csv"
"M-199","2","0","effective_unicity_directionality_source_queue_source_index.csv","","","","","","effective_unicity_directionality_source_queue_source_index.csv;source_box_negative_control_candidates.csv"
"M-1990","2","0","effective_unicity_directionality_source_queue_source_index.csv","","","","","","effective_unicity_directionality_source_queue_source_index.csv;source_box_negative_control_candidates.csv"
"M-20","2","0","effective_unicity_directionality_source_queue_source_index.csv","","","","","","effective_unicity_directionality_source_queue_source_index.csv;source_box_negative_control_candidates.csv"
"M-200","2","0","effective_unicity_directionality_source_queue_source_index.csv","","","","","","effective_unicity_directionality_source_queue_source_index.csv;source_box_negative_control_candidates.csv"
"M-2012","2","0","effective_unicity_directionality_source_queue_source_index.csv","","","","","","effective_unicity_directionality_source_queue_source_index.csv;source_box_negative_control_candidates.csv"
"M-2014","2","0","effective_unicity_directionality_source_queue_source_index.csv","","","","","","effective_unicity_directionality_source_queue_source_index.csv;source_box_negative_control_candidates.csv"
"M-204","2","0","effective_unicity_directionality_source_queue_source_index.csv","","","","","","effective_unicity_directionality_source_queue_source_index.csv;source_box_negative_control_candidates.csv"
"M-2053","2","0","effective_unicity_directionality_source_queue_source_index.csv","","","","","","effective_unicity_directionality_source_queue_source_index.csv;source_box_negative_control_candidates.csv"
"M-2055","2","0","effective_unicity_directionality_source_queue_source_index.csv","","","","","","effective_unicity_directionality_source_queue_source_index.csv;source_box_negative_control_candidates.csv"
"M-2089","2","0","effective_unicity_directionality_source_queue_source_index.csv","","","","","","effective_unicity_directionality_source_queue_source_index.csv;source_box_negative_control_candidates.csv"
"M-211","2","0","effective_unicity_directionality_source_queue_source_index.csv","","","","","","effective_unicity_directionality_source_queue_source_index.csv;source_box_negative_control_candidates.csv"
"M-2128","2","0","effective_unicity_directionality_source_queue_source_index.csv","","","","","","effective_unicity_directionality_source_queue_source_index.csv;source_box_negative_control_candidates.csv"
"M-213","2","0","effective_unicity_directionality_source_queue_source_index.csv","","","","","","effective_unicity_directionality_source_queue_source_index.csv;source_box_negative_control_candidates.csv"
"M-217","2","0","effective_unicity_directionality_source_queue_source_index.csv","","","","","","effective_unicity_directionality_source_queue_source_index.csv;source_box_negative_control_candidates.csv"
"M-225","2","0","effective_unicity_directionality_source_queue_source_index.csv","","","","","","effective_unicity_directionality_source_queue_source_index.csv;source_box_negative_control_candidates.csv"
"M-232","2","0","effective_unicity_directionality_source_queue_source_index.csv","","","","","","effective_unicity_directionality_source_queue_source_index.csv;source_box_negative_control_candidates.csv"
"M-239","2","0","effective_unicity_directionality_source_queue_source_index.csv","","","","","","effective_unicity_directionality_source_queue_source_index.csv;source_box_negative_control_candidates.csv"
"M-24","2","0","effective_unicity_directionality_source_queue_source_index.csv","","","","","","effective_unicity_directionality_source_queue_source_index.csv;source_box_negative_control_candidates.csv"
"M-241","2","0","effective_unicity_directionality_source_queue_source_index.csv","","","","","","effective_unicity_directionality_source_queue_source_index.csv;source_box_negative_control_candidates.csv"
"M-242","2","0","effective_unicity_directionality_source_queue_source_index.csv","","","","","","effective_unicity_directionality_source_queue_source_index.csv;source_box_negative_control_candidates.csv"
"M-245","2","0","effective_unicity_directionality_source_queue_source_index.csv","","","","","","effective_unicity_directionality_source_queue_source_index.csv;source_box_negative_control_candidates.csv"
"M-246","2","0","effective_unicity_directionality_source_queue_source_index.csv","","","","","","effective_unicity_directionality_source_queue_source_index.csv;source_box_negative_control_candidates.csv"
"M-248","2","0","effective_unicity_directionality_source_queue_source_index.csv","","","","","","effective_unicity_directionality_source_queue_source_index.csv;source_box_negative_control_candidates.csv"
"M-251","2","0","effective_unicity_directionality_source_queue_source_index.csv","","","","","","effective_unicity_directionality_source_queue_source_index.csv;source_box_negative_control_candidates.csv"
"M-253","2","0","effective_unicity_directionality_source_queue_source_index.csv","","","","","","effective_unicity_directionality_source_queue_source_index.csv;source_box_negative_control_candidates.csv"
"M-259","2","0","effective_unicity_directionality_source_queue_source_index.csv","","","","","","effective_unicity_directionality_source_queue_source_index.csv;source_box_negative_control_candidates.csv"
"M-260","2","0","effective_unicity_directionality_source_queue_source_index.csv","","","","","","effective_unicity_directionality_source_queue_source_index.csv;source_box_negative_control_candidates.csv"
"M-267","2","0","effective_unicity_directionality_source_queue_source_index.csv","","","","","","effective_unicity_directionality_source_queue_source_index.csv;source_box_negative_control_candidates.csv"
"M-272","2","0","effective_unicity_directionality_source_queue_source_index.csv","","","","","","effective_unicity_directionality_source_queue_source_index.csv;source_box_negative_control_candidates.csv"
"M-274","2","0","effective_unicity_directionality_source_queue_source_index.csv","","","","","","effective_unicity_directionality_source_queue_source_index.csv;source_box_negative_control_candidates.csv"
"M-278","2","0","effective_unicity_directionality_source_queue_source_index.csv","","","","","","effective_unicity_directionality_source_queue_source_index.csv;source_box_negative_control_candidates.csv"
"M-28","2","0","effective_unicity_directionality_source_queue_source_index.csv","","","","","","effective_unicity_directionality_source_queue_source_index.csv;source_box_negative_control_candidates.csv"
"M-280","2","0","effective_unicity_directionality_source_queue_source_index.csv","","","","","","effective_unicity_directionality_source_queue_source_index.csv;source_box_negative_control_candidates.csv"
"M-285","2","0","effective_unicity_directionality_source_queue_source_index.csv","","","","","","effective_unicity_directionality_source_queue_source_index.csv;source_box_negative_control_candidates.csv"
"M-289","2","0","effective_unicity_directionality_source_queue_source_index.csv","","","","","","effective_unicity_directionality_source_queue_source_index.csv;source_box_negative_control_candidates.csv"
"M-3","2","0","effective_unicity_directionality_source_queue_source_index.csv","","","","","","effective_unicity_directionality_source_queue_source_index.csv;source_box_negative_control_candidates.csv"
"M-307","2","0","effective_unicity_directionality_source_queue_source_index.csv","","","","","","effective_unicity_directionality_source_queue_source_index.csv;source_box_negative_control_candidates.csv"
"M-308","2","0","effective_unicity_directionality_source_queue_source_index.csv","","","","","","effective_unicity_directionality_source_queue_source_index.csv;source_box_negative_control_candidates.csv"
"M-309","2","0","effective_unicity_directionality_source_queue_source_index.csv","","","","","","effective_unicity_directionality_source_queue_source_index.csv;source_box_negative_control_candidates.csv"
"M-311","2","0","effective_unicity_directionality_source_queue_source_index.csv","","","","","","effective_unicity_directionality_source_queue_source_index.csv;source_box_negative_control_candidates.csv"
"M-316","2","0","effective_unicity_directionality_source_queue_source_index.csv","","","","","","effective_unicity_directionality_source_queue_source_index.csv;source_box_negative_control_candidates.csv"
"M-318","2","0","effective_unicity_directionality_source_queue_source_index.csv","","","","","","effective_unicity_directionality_source_queue_source_index.csv;source_box_negative_control_candidates.csv"
"M-319","2","0","effective_unicity_directionality_source_queue_source_index.csv","","","","","","effective_unicity_directionality_source_queue_source_index.csv;source_box_negative_control_candidates.csv"
"M-325","3","0","effective_unicity_directionality_source_queue_source_index.csv","","","","","","effective_unicity_directionality_source_queue_source_index.csv;source_box_negative_control_candidates.csv"
"M-327","2","0","effective_unicity_directionality_source_queue_source_index.csv","","","","","","effective_unicity_directionality_source_queue_source_index.csv;source_box_negative_control_candidates.csv"
"M-329","2","0","effective_unicity_directionality_source_queue_source_index.csv","","","","","","effective_unicity_directionality_source_queue_source_index.csv;source_box_negative_control_candidates.csv"
"M-33","3","0","effective_unicity_directionality_source_queue_source_index.csv","","","","","","effective_unicity_directionality_source_queue_source_index.csv;source_box_negative_control_candidates.csv"
"M-330","2","0","effective_unicity_directionality_source_queue_source_index.csv","","","","","","effective_unicity_directionality_source_queue_source_index.csv;source_box_negative_control_candidates.csv"
"M-34","2","0","effective_unicity_directionality_source_queue_source_index.csv","","","","","","effective_unicity_directionality_source_queue_source_index.csv;source_box_negative_control_candidates.csv"
"M-35","2","0","effective_unicity_directionality_source_queue_source_index.csv","","","","","","effective_unicity_directionality_source_queue_source_index.csv;source_box_negative_control_candidates.csv"
"M-354","2","0","effective_unicity_directionality_source_queue_source_index.csv","","","","","","effective_unicity_directionality_source_queue_source_index.csv;source_box_negative_control_candidates.csv"
"M-355","5","0","campaign_032_002_861_533717_source_controls_crops.csv","","","","8c71281355e05b3a9675010e1c3101bdd76d8d06c20819e676ab02263872ce7c","","campaign_032_002_861_533717_source_controls_crops.csv;effective_unicity_directionality_source_queue_source_index.csv;source_box_negative_control_candidates.csv"
"M-356","2","0","effective_unicity_directionality_source_queue_source_index.csv","","","","","","effective_unicity_directionality_source_queue_source_index.csv;source_box_negative_control_candidates.csv"
"M-358","2","0","effective_unicity_directionality_source_queue_source_index.csv","","","","","","effective_unicity_directionality_source_queue_source_index.csv;source_box_negative_control_candidates.csv"
"M-359","2","0","effective_unicity_directionality_source_queue_source_index.csv","","","","","","effective_unicity_directionality_source_queue_source_index.csv;source_box_negative_control_candidates.csv"
"M-36","2","0","campaign_032_002_tail_source_queue.csv","","","","","","campaign_032_002_tail_source_queue.csv;effective_unicity_directionality_source_queue_source_index.csv"
"M-362","2","0","effective_unicity_directionality_source_queue_source_index.csv","","","","","","effective_unicity_directionality_source_queue_source_index.csv;source_box_negative_control_candidates.csv"
"M-364","2","0","effective_unicity_directionality_source_queue_source_index.csv","","","","","","effective_unicity_directionality_source_queue_source_index.csv;source_box_negative_control_candidates.csv"
"M-37","9","0","campaign_520_220_x_source_visibility_hints_addendum.csv","","","","","clean_strict_signband_recut_comb_rake_subform | same_site_415_control_not_closest_m1206_match","campaign_520_220_x_source_visibility_hints_addendum.csv;effective_unicity_directionality_source_queue_source_index.csv"
"M-371","2","0","effective_unicity_directionality_source_queue_source_index.csv","","","","","","effective_unicity_directionality_source_queue_source_index.csv;source_box_negative_control_candidates.csv"
"M-384","2","0","effective_unicity_directionality_source_queue_source_index.csv","","","","","","effective_unicity_directionality_source_queue_source_index.csv;source_box_negative_control_candidates.csv"
"M-385","2","0","effective_unicity_directionality_source_queue_source_index.csv","","","","","","effective_unicity_directionality_source_queue_source_index.csv;source_box_negative_control_candidates.csv"
"M-387","2","0","effective_unicity_directionality_source_queue_source_index.csv","","","","","","effective_unicity_directionality_source_queue_source_index.csv;source_box_negative_control_candidates.csv"
"M-392","2","0","effective_unicity_directionality_source_queue_source_index.csv","","","","","","effective_unicity_directionality_source_queue_source_index.csv;source_box_negative_control_candidates.csv"
"M-393","2","0","effective_unicity_directionality_source_queue_source_index.csv","","","","","","effective_unicity_directionality_source_queue_source_index.csv;source_box_negative_control_candidates.csv"
"M-4","2","0","effective_unicity_directionality_source_queue_source_index.csv","","","","","","effective_unicity_directionality_source_queue_source_index.csv;source_box_negative_control_candidates.csv"
"M-40","2","0","effective_unicity_directionality_source_queue_source_index.csv","","","","","","effective_unicity_directionality_source_queue_source_index.csv;source_box_negative_control_candidates.csv"
"M-408","2","0","effective_unicity_directionality_source_queue_source_index.csv","","","","","","effective_unicity_directionality_source_queue_source_index.csv;source_box_negative_control_candidates.csv"
"M-41","2","0","effective_unicity_directionality_source_queue_source_index.csv","","","","","","effective_unicity_directionality_source_queue_source_index.csv;source_box_negative_control_candidates.csv"
"M-42","2","0","effective_unicity_directionality_source_queue_source_index.csv","","","","","","effective_unicity_directionality_source_queue_source_index.csv;source_box_negative_control_candidates.csv"
"M-43","2","0","effective_unicity_directionality_source_queue_source_index.csv","","","","","","effective_unicity_directionality_source_queue_source_index.csv;source_box_negative_control_candidates.csv"
"M-437","2","0","effective_unicity_directionality_source_queue_source_index.csv","","","","","","effective_unicity_directionality_source_queue_source_index.csv;source_box_negative_control_candidates.csv"
"M-44","2","0","effective_unicity_directionality_source_queue_source_index.csv","","","","","","effective_unicity_directionality_source_queue_source_index.csv;source_box_negative_control_candidates.csv"
"M-45","2","0","effective_unicity_directionality_source_queue_source_index.csv","","","","","","effective_unicity_directionality_source_queue_source_index.csv;source_box_negative_control_candidates.csv"
"M-453","3","0","effective_unicity_directionality_source_queue_source_index.csv","","","","","","effective_unicity_directionality_source_queue_source_index.csv;source_box_negative_control_candidates.csv"
"M-47","2","0","effective_unicity_directionality_source_queue_source_index.csv","","","","","","effective_unicity_directionality_source_queue_source_index.csv;source_box_negative_control_candidates.csv"
"M-471","2","0","effective_unicity_directionality_source_queue_source_index.csv","","","","","","effective_unicity_directionality_source_queue_source_index.csv;source_box_negative_control_candidates.csv"
"M-490","2","0","effective_unicity_directionality_source_queue_source_index.csv","","","","","","effective_unicity_directionality_source_queue_source_index.csv;source_box_negative_control_candidates.csv"
"M-491","2","0","effective_unicity_directionality_source_queue_source_index.csv","","","","","","effective_unicity_directionality_source_queue_source_index.csv;source_box_negative_control_candidates.csv"
"M-494","3","0","effective_unicity_directionality_source_queue_source_index.csv","","","","","","effective_unicity_directionality_source_queue_source_index.csv;source_box_negative_control_candidates.csv"
"M-495","3","0","effective_unicity_directionality_source_queue_source_index.csv","","","","","","effective_unicity_directionality_source_queue_source_index.csv;source_box_negative_control_candidates.csv"
"M-50","2","0","effective_unicity_directionality_source_queue_source_index.csv","","","","","","effective_unicity_directionality_source_queue_source_index.csv;source_box_negative_control_candidates.csv"
"M-509","2","0","effective_unicity_directionality_source_queue_source_index.csv","","","","","","effective_unicity_directionality_source_queue_source_index.csv;source_box_negative_control_candidates.csv"
"M-510","2","0","effective_unicity_directionality_source_queue_source_index.csv","","","","","","effective_unicity_directionality_source_queue_source_index.csv;source_box_negative_control_candidates.csv"
"M-511","2","0","effective_unicity_directionality_source_queue_source_index.csv","","","","","","effective_unicity_directionality_source_queue_source_index.csv;source_box_negative_control_candidates.csv"
"M-512","2","0","effective_unicity_directionality_source_queue_source_index.csv","","","","","","effective_unicity_directionality_source_queue_source_index.csv;source_box_negative_control_candidates.csv"
"M-52","3","0","effective_unicity_directionality_source_queue_source_index.csv","","","","","","effective_unicity_directionality_source_queue_source_index.csv;source_box_negative_control_candidates.csv"
"M-523","2","0","effective_unicity_directionality_source_queue_source_index.csv","","","","","","effective_unicity_directionality_source_queue_source_index.csv;source_box_negative_control_candidates.csv"
"M-524","2","0","effective_unicity_directionality_source_queue_source_index.csv","","","","","","effective_unicity_directionality_source_queue_source_index.csv;source_box_negative_control_candidates.csv"
"M-53","2","0","effective_unicity_directionality_source_queue_source_index.csv","","","","","","effective_unicity_directionality_source_queue_source_index.csv;source_box_negative_control_candidates.csv"
"M-54","2","0","effective_unicity_directionality_source_queue_source_index.csv","","","","","","effective_unicity_directionality_source_queue_source_index.csv;source_box_negative_control_candidates.csv"
"M-547","2","0","effective_unicity_directionality_source_queue_source_index.csv","","","","","","effective_unicity_directionality_source_queue_source_index.csv;source_box_negative_control_candidates.csv"
"M-548","2","0","effective_unicity_directionality_source_queue_source_index.csv","","","","","","effective_unicity_directionality_source_queue_source_index.csv;source_box_negative_control_candidates.csv"
"M-549","2","0","effective_unicity_directionality_source_queue_source_index.csv","","","","","","effective_unicity_directionality_source_queue_source_index.csv;source_box_negative_control_candidates.csv"
"M-56","2","0","effective_unicity_directionality_source_queue_source_index.csv","","","","","","effective_unicity_directionality_source_queue_source_index.csv;source_box_negative_control_candidates.csv"
"M-57","3","0","effective_unicity_directionality_source_queue_source_index.csv","","","","","","effective_unicity_directionality_source_queue_source_index.csv;source_box_negative_control_candidates.csv"
"M-571","2","0","effective_unicity_directionality_source_queue_source_index.csv","","","","","","effective_unicity_directionality_source_queue_source_index.csv;source_box_negative_control_candidates.csv"
"M-575","2","0","effective_unicity_directionality_source_queue_source_index.csv","","","","","","effective_unicity_directionality_source_queue_source_index.csv;source_box_negative_control_candidates.csv"
"M-576","2","0","effective_unicity_directionality_source_queue_source_index.csv","","","","","","effective_unicity_directionality_source_queue_source_index.csv;source_box_negative_control_candidates.csv"
"M-58","2","0","effective_unicity_directionality_source_queue_source_index.csv","","","","","","effective_unicity_directionality_source_queue_source_index.csv;source_box_negative_control_candidates.csv"
"M-595","2","0","effective_unicity_directionality_source_queue_source_index.csv","","","","","","effective_unicity_directionality_source_queue_source_index.csv;source_box_negative_control_candidates.csv"
"M-599","2","0","effective_unicity_directionality_source_queue_source_index.csv","","","","","","effective_unicity_directionality_source_queue_source_index.csv;source_box_negative_control_candidates.csv"
"M-619","2","0","effective_unicity_directionality_source_queue_source_index.csv","","","","","","effective_unicity_directionality_source_queue_source_index.csv;source_box_negative_control_candidates.csv"
"M-623","2","0","effective_unicity_directionality_source_queue_source_index.csv","","","","","","effective_unicity_directionality_source_queue_source_index.csv;source_box_negative_control_candidates.csv"
"M-628","2","0","effective_unicity_directionality_source_queue_source_index.csv","","","","","","effective_unicity_directionality_source_queue_source_index.csv;source_box_negative_control_candidates.csv"
"M-629","2","0","effective_unicity_directionality_source_queue_source_index.csv","","","","","","effective_unicity_directionality_source_queue_source_index.csv;source_box_negative_control_candidates.csv"
"M-631","2","0","effective_unicity_directionality_source_queue_source_index.csv","","","","","","effective_unicity_directionality_source_queue_source_index.csv;source_box_negative_control_candidates.csv"
"M-636","2","0","campaign_032_002_tail_source_queue.csv","","","","","","campaign_032_002_tail_source_queue.csv;effective_unicity_directionality_source_queue_source_index.csv"
"M-639","2","0","effective_unicity_directionality_source_queue_source_index.csv","","","","","","effective_unicity_directionality_source_queue_source_index.csv;source_box_negative_control_candidates.csv"
"M-644","2","0","effective_unicity_directionality_source_queue_source_index.csv","","","","","","effective_unicity_directionality_source_queue_source_index.csv;source_box_negative_control_candidates.csv"
"M-648","2","0","effective_unicity_directionality_source_queue_source_index.csv","","","","","","effective_unicity_directionality_source_queue_source_index.csv;source_box_negative_control_candidates.csv"
"M-650","2","0","effective_unicity_directionality_source_queue_source_index.csv","","","","","","effective_unicity_directionality_source_queue_source_index.csv;source_box_negative_control_candidates.csv"
"M-651","2","0","effective_unicity_directionality_source_queue_source_index.csv","","","","","","effective_unicity_directionality_source_queue_source_index.csv;source_box_negative_control_candidates.csv"
"M-653","2","0","effective_unicity_directionality_source_queue_source_index.csv","","","","","","effective_unicity_directionality_source_queue_source_index.csv;source_box_negative_control_candidates.csv"
"M-655","2","0","effective_unicity_directionality_source_queue_source_index.csv","","","","","","effective_unicity_directionality_source_queue_source_index.csv;source_box_negative_control_candidates.csv"
"M-675","2","0","effective_unicity_directionality_source_queue_source_index.csv","","","","","","effective_unicity_directionality_source_queue_source_index.csv;source_box_negative_control_candidates.csv"
"M-677","3","0","effective_unicity_directionality_source_queue_source_index.csv","","","","","","effective_unicity_directionality_source_queue_source_index.csv;source_box_negative_control_candidates.csv"
"M-678","2","0","effective_unicity_directionality_source_queue_source_index.csv","","","","","","effective_unicity_directionality_source_queue_source_index.csv;source_box_negative_control_candidates.csv"
"M-699","2","0","effective_unicity_directionality_source_queue_source_index.csv","","","","","","effective_unicity_directionality_source_queue_source_index.csv;source_box_negative_control_candidates.csv"
"M-7","2","0","effective_unicity_directionality_source_queue_source_index.csv","","","","","","effective_unicity_directionality_source_queue_source_index.csv;source_box_negative_control_candidates.csv"
"M-706","2","0","effective_unicity_directionality_source_queue_source_index.csv","","","","","","effective_unicity_directionality_source_queue_source_index.csv;source_box_negative_control_candidates.csv"
"M-708","2","0","effective_unicity_directionality_source_queue_source_index.csv","","","","","","effective_unicity_directionality_source_queue_source_index.csv;source_box_negative_control_candidates.csv"
"M-71","2","0","effective_unicity_directionality_source_queue_source_index.csv","","","","","","effective_unicity_directionality_source_queue_source_index.csv;source_box_negative_control_candidates.csv"
"M-712","2","0","effective_unicity_directionality_source_queue_source_index.csv","","","","","","effective_unicity_directionality_source_queue_source_index.csv;source_box_negative_control_candidates.csv"
"M-713","2","0","effective_unicity_directionality_source_queue_source_index.csv","","","","","","effective_unicity_directionality_source_queue_source_index.csv;source_box_negative_control_candidates.csv"
"M-717","2","0","effective_unicity_directionality_source_queue_source_index.csv","","","","","","effective_unicity_directionality_source_queue_source_index.csv;source_box_negative_control_candidates.csv"
"M-72","2","0","effective_unicity_directionality_source_queue_source_index.csv","","","","","","effective_unicity_directionality_source_queue_source_index.csv;source_box_negative_control_candidates.csv"
"M-724","2","0","effective_unicity_directionality_source_queue_source_index.csv","","","","","","effective_unicity_directionality_source_queue_source_index.csv;source_box_negative_control_candidates.csv"
"M-726","3","0","effective_unicity_directionality_source_queue_source_index.csv","","","","","","effective_unicity_directionality_source_queue_source_index.csv;source_box_negative_control_candidates.csv"
"M-727","2","0","effective_unicity_directionality_source_queue_source_index.csv","","","","","","effective_unicity_directionality_source_queue_source_index.csv;source_box_negative_control_candidates.csv"
"M-728","2","0","effective_unicity_directionality_source_queue_source_index.csv","","","","","","effective_unicity_directionality_source_queue_source_index.csv;source_box_negative_control_candidates.csv"
"M-732","2","0","effective_unicity_directionality_source_queue_source_index.csv","","","","","","effective_unicity_directionality_source_queue_source_index.csv;source_box_negative_control_candidates.csv"
"M-739","2","0","effective_unicity_directionality_source_queue_source_index.csv","","","","","","effective_unicity_directionality_source_queue_source_index.csv;source_box_negative_control_candidates.csv"
"M-742","2","0","effective_unicity_directionality_source_queue_source_index.csv","","","","","","effective_unicity_directionality_source_queue_source_index.csv;source_box_negative_control_candidates.csv"
"M-746","3","0","effective_unicity_directionality_source_queue_source_index.csv","","","","","","effective_unicity_directionality_source_queue_source_index.csv;source_box_negative_control_candidates.csv"
"M-756","2","0","effective_unicity_directionality_source_queue_source_index.csv","","","","","","effective_unicity_directionality_source_queue_source_index.csv;source_box_negative_control_candidates.csv"
"M-776","3","0","effective_unicity_directionality_source_queue_source_index.csv","","","","","","effective_unicity_directionality_source_queue_source_index.csv;source_box_negative_control_candidates.csv"
"M-78","2","0","effective_unicity_directionality_source_queue_source_index.csv","","","","","","effective_unicity_directionality_source_queue_source_index.csv;source_box_negative_control_candidates.csv"
"M-780","2","0","effective_unicity_directionality_source_queue_source_index.csv","","","","","","effective_unicity_directionality_source_queue_source_index.csv;source_box_negative_control_candidates.csv"
"M-781","2","0","effective_unicity_directionality_source_queue_source_index.csv","","","","","","effective_unicity_directionality_source_queue_source_index.csv;source_box_negative_control_candidates.csv"
"M-783","2","0","effective_unicity_directionality_source_queue_source_index.csv","","","","","","effective_unicity_directionality_source_queue_source_index.csv;source_box_negative_control_candidates.csv"
"M-785","2","0","effective_unicity_directionality_source_queue_source_index.csv","","","","","","effective_unicity_directionality_source_queue_source_index.csv;source_box_negative_control_candidates.csv"
"M-788","2","0","effective_unicity_directionality_source_queue_source_index.csv","","","","","","effective_unicity_directionality_source_queue_source_index.csv;source_box_negative_control_candidates.csv"
"M-792","2","0","effective_unicity_directionality_source_queue_source_index.csv","","","","","","effective_unicity_directionality_source_queue_source_index.csv;source_box_negative_control_candidates.csv"
"M-793","2","0","effective_unicity_directionality_source_queue_source_index.csv","","","","","","effective_unicity_directionality_source_queue_source_index.csv;source_box_negative_control_candidates.csv"
"M-794","2","0","effective_unicity_directionality_source_queue_source_index.csv","","","","","","effective_unicity_directionality_source_queue_source_index.csv;source_box_negative_control_candidates.csv"
"M-795","2","0","effective_unicity_directionality_source_queue_source_index.csv","","","","","","effective_unicity_directionality_source_queue_source_index.csv;source_box_negative_control_candidates.csv"
"M-803","2","0","effective_unicity_directionality_source_queue_source_index.csv","","","","","","effective_unicity_directionality_source_queue_source_index.csv;source_box_negative_control_candidates.csv"
"M-809","2","0","effective_unicity_directionality_source_queue_source_index.csv","","","","","","effective_unicity_directionality_source_queue_source_index.csv;source_box_negative_control_candidates.csv"
"M-81","2","0","effective_unicity_directionality_source_queue_source_index.csv","","","","","","effective_unicity_directionality_source_queue_source_index.csv;source_box_negative_control_candidates.csv"
"M-811","2","0","effective_unicity_directionality_source_queue_source_index.csv","","","","","","effective_unicity_directionality_source_queue_source_index.csv;source_box_negative_control_candidates.csv"
"M-813","2","0","effective_unicity_directionality_source_queue_source_index.csv","","","","","","effective_unicity_directionality_source_queue_source_index.csv;source_box_negative_control_candidates.csv"
"M-815","2","0","effective_unicity_directionality_source_queue_source_index.csv","","","","","","effective_unicity_directionality_source_queue_source_index.csv;source_box_negative_control_candidates.csv"
"M-816","2","0","effective_unicity_directionality_source_queue_source_index.csv","","","","","","effective_unicity_directionality_source_queue_source_index.csv;source_box_negative_control_candidates.csv"
"M-819","2","0","effective_unicity_directionality_source_queue_source_index.csv","","","","","","effective_unicity_directionality_source_queue_source_index.csv;source_box_negative_control_candidates.csv"
"M-82","2","0","effective_unicity_directionality_source_queue_source_index.csv","","","","","","effective_unicity_directionality_source_queue_source_index.csv;source_box_negative_control_candidates.csv"
"M-823","2","0","effective_unicity_directionality_source_queue_source_index.csv","","","","","","effective_unicity_directionality_source_queue_source_index.csv;source_box_negative_control_candidates.csv"
"M-828","2","0","effective_unicity_directionality_source_queue_source_index.csv","","","","","","effective_unicity_directionality_source_queue_source_index.csv;source_box_negative_control_candidates.csv"
"M-833","2","0","effective_unicity_directionality_source_queue_source_index.csv","","","","","","effective_unicity_directionality_source_queue_source_index.csv;source_box_negative_control_candidates.csv"
"M-834","2","0","effective_unicity_directionality_source_queue_source_index.csv","","","","","","effective_unicity_directionality_source_queue_source_index.csv;source_box_negative_control_candidates.csv"
"M-839","2","0","effective_unicity_directionality_source_queue_source_index.csv","","","","","","effective_unicity_directionality_source_queue_source_index.csv;source_box_negative_control_candidates.csv"
"M-849","2","0","effective_unicity_directionality_source_queue_source_index.csv","","","","","","effective_unicity_directionality_source_queue_source_index.csv;source_box_negative_control_candidates.csv"
"M-850","2","0","effective_unicity_directionality_source_queue_source_index.csv","","","","","","effective_unicity_directionality_source_queue_source_index.csv;source_box_negative_control_candidates.csv"
"M-851","2","0","effective_unicity_directionality_source_queue_source_index.csv","","","","","","effective_unicity_directionality_source_queue_source_index.csv;source_box_negative_control_candidates.csv"
"M-853","2","0","effective_unicity_directionality_source_queue_source_index.csv","","","","","","effective_unicity_directionality_source_queue_source_index.csv;source_box_negative_control_candidates.csv"
"M-855","2","0","effective_unicity_directionality_source_queue_source_index.csv","","","","","","effective_unicity_directionality_source_queue_source_index.csv;source_box_negative_control_candidates.csv"
"M-86","2","0","effective_unicity_directionality_source_queue_source_index.csv","","","","","","effective_unicity_directionality_source_queue_source_index.csv;source_box_negative_control_candidates.csv"
"M-868","2","0","effective_unicity_directionality_source_queue_source_index.csv","","","","","","effective_unicity_directionality_source_queue_source_index.csv;source_box_negative_control_candidates.csv"
"M-869","2","0","effective_unicity_directionality_source_queue_source_index.csv","","","","","","effective_unicity_directionality_source_queue_source_index.csv;source_box_negative_control_candidates.csv"
"M-872","2","0","effective_unicity_directionality_source_queue_source_index.csv","","","","","","effective_unicity_directionality_source_queue_source_index.csv;source_box_negative_control_candidates.csv"
"M-889","3","0","effective_unicity_directionality_source_queue_source_index.csv","","","","","","effective_unicity_directionality_source_queue_source_index.csv;source_box_negative_control_candidates.csv"
"M-89","2","0","effective_unicity_directionality_source_queue_source_index.csv","","","","","","effective_unicity_directionality_source_queue_source_index.csv;source_box_negative_control_candidates.csv"
"M-890","2","0","effective_unicity_directionality_source_queue_source_index.csv","","","","","","effective_unicity_directionality_source_queue_source_index.csv;source_box_negative_control_candidates.csv"
"M-895","2","0","effective_unicity_directionality_source_queue_source_index.csv","","","","","","effective_unicity_directionality_source_queue_source_index.csv;source_box_negative_control_candidates.csv"
"M-897","2","0","effective_unicity_directionality_source_queue_source_index.csv","","","","","","effective_unicity_directionality_source_queue_source_index.csv;source_box_negative_control_candidates.csv"
"M-90","2","0","effective_unicity_directionality_source_queue_source_index.csv","","","","","","effective_unicity_directionality_source_queue_source_index.csv;source_box_negative_control_candidates.csv"
"M-900","2","0","effective_unicity_directionality_source_queue_source_index.csv","","","","","","effective_unicity_directionality_source_queue_source_index.csv;source_box_negative_control_candidates.csv"
"M-901","2","0","effective_unicity_directionality_source_queue_source_index.csv","","","","","","effective_unicity_directionality_source_queue_source_index.csv;source_box_negative_control_candidates.csv"
"M-903","2","0","effective_unicity_directionality_source_queue_source_index.csv","","","","","","effective_unicity_directionality_source_queue_source_index.csv;source_box_negative_control_candidates.csv"
"M-918","2","0","effective_unicity_directionality_source_queue_source_index.csv","","","","","","effective_unicity_directionality_source_queue_source_index.csv;source_box_negative_control_candidates.csv"
"M-92","2","0","effective_unicity_directionality_source_queue_source_index.csv","","","","","","effective_unicity_directionality_source_queue_source_index.csv;source_box_negative_control_candidates.csv"
"M-934","2","0","effective_unicity_directionality_source_queue_source_index.csv","","","","","","effective_unicity_directionality_source_queue_source_index.csv;source_box_negative_control_candidates.csv"
"M-937","2","0","effective_unicity_directionality_source_queue_source_index.csv","","","","","","effective_unicity_directionality_source_queue_source_index.csv;source_box_negative_control_candidates.csv"
"M-940","2","0","effective_unicity_directionality_source_queue_source_index.csv","","","","","","effective_unicity_directionality_source_queue_source_index.csv;source_box_negative_control_candidates.csv"
"M-948","2","0","effective_unicity_directionality_source_queue_source_index.csv","","","","","","effective_unicity_directionality_source_queue_source_index.csv;source_box_negative_control_candidates.csv"
"M-95","2","0","effective_unicity_directionality_source_queue_source_index.csv","","","","","","effective_unicity_directionality_source_queue_source_index.csv;source_box_negative_control_candidates.csv"
"M-957","2","0","effective_unicity_directionality_source_queue_source_index.csv","","","","","","effective_unicity_directionality_source_queue_source_index.csv;source_box_negative_control_candidates.csv"
"M-958","2","0","effective_unicity_directionality_source_queue_source_index.csv","","","","","","effective_unicity_directionality_source_queue_source_index.csv;source_box_negative_control_candidates.csv"
"M-963","2","0","effective_unicity_directionality_source_queue_source_index.csv","","","","","","effective_unicity_directionality_source_queue_source_index.csv;source_box_negative_control_candidates.csv"
"M-965","2","0","effective_unicity_directionality_source_queue_source_index.csv","","","","","","effective_unicity_directionality_source_queue_source_index.csv;source_box_negative_control_candidates.csv"
"M-984","2","0","effective_unicity_directionality_source_queue_source_index.csv","","","","","","effective_unicity_directionality_source_queue_source_index.csv;source_box_negative_control_candidates.csv"
"M-99","2","0","effective_unicity_directionality_source_queue_source_index.csv","","","","","","effective_unicity_directionality_source_queue_source_index.csv;source_box_negative_control_candidates.csv"
"Ns-5","2","0","effective_unicity_directionality_source_queue_source_index.csv","","","","","","effective_unicity_directionality_source_queue_source_index.csv;source_box_negative_control_candidates.csv"
"Ns-54","2","0","effective_unicity_directionality_source_queue_source_index.csv","","","","","","effective_unicity_directionality_source_queue_source_index.csv;source_box_negative_control_candidates.csv"
"Ns-55","2","0","effective_unicity_directionality_source_queue_source_index.csv","","","","","","effective_unicity_directionality_source_queue_source_index.csv;source_box_negative_control_candidates.csv"
"Ns-57","2","0","effective_unicity_directionality_source_queue_source_index.csv","","","","","","effective_unicity_directionality_source_queue_source_index.csv;source_box_negative_control_candidates.csv"
"Ns-58","2","0","effective_unicity_directionality_source_queue_source_index.csv","","","","","","effective_unicity_directionality_source_queue_source_index.csv;source_box_negative_control_candidates.csv"
"Ns-60","2","0","effective_unicity_directionality_source_queue_source_index.csv","","","","","","effective_unicity_directionality_source_queue_source_index.csv;source_box_negative_control_candidates.csv"
"Ns-7","2","0","effective_unicity_directionality_source_queue_source_index.csv","","","","","","effective_unicity_directionality_source_queue_source_index.csv;source_box_negative_control_candidates.csv"
"Rgr-3","3","0","effective_unicity_directionality_source_queue_source_index.csv","","","","","","effective_unicity_directionality_source_queue_source_index.csv;source_box_negative_control_candidates.csv"
