date,probe_id,route_rank,queue_rank,priority_band,source_validation_need,direction_outcome,representative_cisi,family_cisis,representative_lipi_id,site,type,symbol,direction,text,tokens,diff_per_transition,volume,page_index,page_file,source_url,route_status,source_grade_status,match_text,ocr_label_coords,local_page_path,local_context_crop,local_enhanced_crop,source_image_sha256,crop_sha256,enhanced_crop_sha256,image_width,image_height,crop_box_image_coords,notes,accepted_claims_increment
2026-05-29,directionality_public_route_probe_v1,1,4,P1_acquire_high_positive_source,find_public_or_request_source_route,stored_higher,H-665,H-665,1580.1,Harappa,SEAL:R,None,R/L,+407-004-060-692+,407 004 060 692,3.355998,cisi_pakistan,343,Pakistan_0343.djvu,https://archive.org/download/TheIndusScript.TextConcordanceAndTablesIravathanMahadevan/Corpus%20of%20Indus%20Seals%20and%20Inscriptions.%20Collections%20in%20Pakistan/page/n343_w2000.jpg,downloaded_and_cropped,public_cisi_plate_route_candidate_needs_visual_review,H-665,2633|2761|2761|3647,tmp/effective_unicity_directionality_public_route_probe/pages/4_H_665_cisi_pakistan_n343_1.jpg,tmp/effective_unicity_directionality_public_route_probe/crops/4_H_665_cisi_pakistan_n343_1_context.jpg,tmp/effective_unicity_directionality_public_route_probe/crops/4_H_665_cisi_pakistan_n343_1_context_enhanced_x2.jpg,05d50097bc8ba7f1f3547d50e36254248bbaa018da4e77f32ce2e9a8184d24b8,f9c5ac4dbaa91ad2a7fb0cb135a3cb3fef1bdeae74d72878d3b2a21115641443,faf500d850840416135d8a45cd337d29ab91bc5f93f6a1ea5148bc17202dcab7,3254,4538,2073|1941|3254|4007,"OCR-exact route candidate only; red box marks label, not text. Needs visual source-panel review.",0
2026-05-29,directionality_public_route_probe_v1,2,4,P1_acquire_high_positive_source,find_public_or_request_source_route,stored_higher,H-665,H-665,1580.1,Harappa,SEAL:R,None,R/L,+407-004-060-692+,407 004 060 692,3.355998,cisi_pakistan,343,Pakistan_0343.djvu,https://archive.org/download/TheIndusScript.TextConcordanceAndTablesIravathanMahadevan/Corpus%20of%20Indus%20Seals%20and%20Inscriptions.%20Collections%20in%20Pakistan/page/n343_w2000.jpg,downloaded_and_cropped,public_cisi_plate_route_candidate_needs_visual_review,H -665,2595|2628|2724|4298,tmp/effective_unicity_directionality_public_route_probe/pages/4_H_665_cisi_pakistan_n343_2.jpg,tmp/effective_unicity_directionality_public_route_probe/crops/4_H_665_cisi_pakistan_n343_2_context.jpg,tmp/effective_unicity_directionality_public_route_probe/crops/4_H_665_cisi_pakistan_n343_2_context_enhanced_x2.jpg,05d50097bc8ba7f1f3547d50e36254248bbaa018da4e77f32ce2e9a8184d24b8,0bdd82d3be1d6c4d8d760897730506002b87b7376814b30a4b32c26514481d57,3c562fdc8690b61ee10a2896aee9094cc943930dea5f2440f81726551e9a702c,3254,4538,2035|1808|3254|4538,"OCR-exact route candidate only; red box marks label, not text. Needs visual source-panel review.",0
2026-05-29,directionality_public_route_probe_v1,3,4,P1_acquire_high_positive_source,find_public_or_request_source_route,stored_higher,H-665,H-665,1580.1,Harappa,SEAL:R,None,R/L,+407-004-060-692+,407 004 060 692,3.355998,cisi_pakistan,476,Pakistan_0476.djvu,https://archive.org/download/TheIndusScript.TextConcordanceAndTablesIravathanMahadevan/Corpus%20of%20Indus%20Seals%20and%20Inscriptions.%20Collections%20in%20Pakistan/page/n476_w2000.jpg,downloaded_and_cropped,public_cisi_late_register_or_data_route_not_source_panel,H-665,1079|124|1251|1251,tmp/effective_unicity_directionality_public_route_probe/pages/4_H_665_cisi_pakistan_n476_3.jpg,tmp/effective_unicity_directionality_public_route_probe/crops/4_H_665_cisi_pakistan_n476_3_context.jpg,tmp/effective_unicity_directionality_public_route_probe/crops/4_H_665_cisi_pakistan_n476_3_context_enhanced_x2.jpg,8a6ae089a897d2f0985b252b677e5a1bc328a8e054e91b0406262a05ae9388f5,0a7a215afe0b5ab96457d7b9c7144797e0599079d84f72ace032680e72f8f692,67e1d189f0930f60acc0522492a41393817322c0fcbc00ef3f73b93e192358b5,3239,4548,519|0|1971|1611,"OCR-exact route candidate only; red box marks label, not text. Needs visual source-panel review.",0
2026-05-29,directionality_public_route_probe_v1,1,5,P1_acquire_high_positive_source,find_public_or_request_source_route,stored_higher,M-1458,M-1458,3735.1,Mohenjo-daro,TAB:C,-,R/L,+407-004-001-617-142+,407 004 001 617 142,3.268213,cisi_pakistan,234,Pakistan_0234.djvu,https://archive.org/download/TheIndusScript.TextConcordanceAndTablesIravathanMahadevan/Corpus%20of%20Indus%20Seals%20and%20Inscriptions.%20Collections%20in%20Pakistan/page/n234_w2000.jpg,downloaded_and_cropped,public_cisi_plate_route_candidate_needs_visual_review,M 1458,1549|1584|1705|4279,tmp/effective_unicity_directionality_public_route_probe/pages/5_M_1458_cisi_pakistan_n234_1.jpg,tmp/effective_unicity_directionality_public_route_probe/crops/5_M_1458_cisi_pakistan_n234_1_context.jpg,tmp/effective_unicity_directionality_public_route_probe/crops/5_M_1458_cisi_pakistan_n234_1_context_enhanced_x2.jpg,a111e2cca57964bbad170d536d17faa78e750ea768b6d9eb32196e770119c0bc,9360cf6c6eefd86bb4c0011058c6b42ae511e9b2926bd6d9b997198939865582,3860aaf086f8995ca474d74ffe607fac7975d287bfe5fc4163c432b814734913,3227,4542,989|764|2425|4542,"OCR-exact route candidate only; red box marks label, not text. Needs visual source-panel review.",0
2026-05-29,directionality_public_route_probe_v1,1,9,P1_acquire_high_positive_source,find_public_or_request_source_route,stored_higher,H-654,H-654,1569.1,Harappa,SEAL:R,None,R/L,+405-061-740-806+,405 061 740 806,2.979214,cisi_pakistan,342,Pakistan_0342.djvu,https://archive.org/download/TheIndusScript.TextConcordanceAndTablesIravathanMahadevan/Corpus%20of%20Indus%20Seals%20and%20Inscriptions.%20Collections%20in%20Pakistan/page/n342_w2000.jpg,downloaded_and_cropped,public_cisi_plate_route_candidate_needs_visual_review,H-654,648|776|776|2270,tmp/effective_unicity_directionality_public_route_probe/pages/9_H_654_cisi_pakistan_n342_1.jpg,tmp/effective_unicity_directionality_public_route_probe/crops/9_H_654_cisi_pakistan_n342_1_context.jpg,tmp/effective_unicity_directionality_public_route_probe/crops/9_H_654_cisi_pakistan_n342_1_context_enhanced_x2.jpg,78be7db8dacec3dafdf430e8e63a4ef2acbaa9975d96c44200f5b548ff27b11a,d187e2322a5d426c2b7d92e934d4fbf0cca5da9109add0951e20ca63092f2b96,33bdb037ca8265c00dd9b716be9773e49e1dd16cd01d7cb24b6745b437c9a3ad,3252,4538,88|0|1496|2630,"OCR-exact route candidate only; red box marks label, not text. Needs visual source-panel review.",0
2026-05-29,directionality_public_route_probe_v1,2,9,P1_acquire_high_positive_source,find_public_or_request_source_route,stored_higher,H-654,H-654,1569.1,Harappa,SEAL:R,None,R/L,+405-061-740-806+,405 061 740 806,2.979214,cisi_pakistan,342,Pakistan_0342.djvu,https://archive.org/download/TheIndusScript.TextConcordanceAndTablesIravathanMahadevan/Corpus%20of%20Indus%20Seals%20and%20Inscriptions.%20Collections%20in%20Pakistan/page/n342_w2000.jpg,downloaded_and_cropped,public_cisi_plate_route_candidate_needs_visual_review,H-654,641|772|772|2934,tmp/effective_unicity_directionality_public_route_probe/pages/9_H_654_cisi_pakistan_n342_2.jpg,tmp/effective_unicity_directionality_public_route_probe/crops/9_H_654_cisi_pakistan_n342_2_context.jpg,tmp/effective_unicity_directionality_public_route_probe/crops/9_H_654_cisi_pakistan_n342_2_context_enhanced_x2.jpg,78be7db8dacec3dafdf430e8e63a4ef2acbaa9975d96c44200f5b548ff27b11a,dbf70de3be98e8cd17bb03aca9684b768c736226e156f9ef9263cdb259f4b02f,333dd23ddafeb14ac8f7fb7443c8c74330a3d814c1732a5b3099b02f747468c4,3252,4538,81|0|1492|3294,"OCR-exact route candidate only; red box marks label, not text. Needs visual source-panel review.",0
2026-05-29,directionality_public_route_probe_v1,3,9,P1_acquire_high_positive_source,find_public_or_request_source_route,stored_higher,H-654,H-654,1569.1,Harappa,SEAL:R,None,R/L,+405-061-740-806+,405 061 740 806,2.979214,cisi_pakistan,342,Pakistan_0342.djvu,https://archive.org/download/TheIndusScript.TextConcordanceAndTablesIravathanMahadevan/Corpus%20of%20Indus%20Seals%20and%20Inscriptions.%20Collections%20in%20Pakistan/page/n342_w2000.jpg,downloaded_and_cropped,public_cisi_plate_route_candidate_needs_visual_review,& H-654,796|816|1744|2942,tmp/effective_unicity_directionality_public_route_probe/pages/9_H_654_cisi_pakistan_n342_3.jpg,tmp/effective_unicity_directionality_public_route_probe/crops/9_H_654_cisi_pakistan_n342_3_context.jpg,tmp/effective_unicity_directionality_public_route_probe/crops/9_H_654_cisi_pakistan_n342_3_context_enhanced_x2.jpg,78be7db8dacec3dafdf430e8e63a4ef2acbaa9975d96c44200f5b548ff27b11a,e0732bddd0f5157ee67fc150de172c070264952ab0aebd15804e2901d1f74f15,407e2d140e7a85b45387162cf54bf5659bc11a4ec000805dedc38b347fe879fa,3252,4538,236|0|2464|3302,"OCR-exact route candidate only; red box marks label, not text. Needs visual source-panel review.",0
2026-05-29,directionality_public_route_probe_v1,4,9,P1_acquire_high_positive_source,find_public_or_request_source_route,stored_higher,H-654,H-654,1569.1,Harappa,SEAL:R,None,R/L,+405-061-740-806+,405 061 740 806,2.979214,cisi_pakistan,342,Pakistan_0342.djvu,https://archive.org/download/TheIndusScript.TextConcordanceAndTablesIravathanMahadevan/Corpus%20of%20Indus%20Seals%20and%20Inscriptions.%20Collections%20in%20Pakistan/page/n342_w2000.jpg,downloaded_and_cropped,public_cisi_plate_route_candidate_needs_visual_review,H-654,1619|1744|1744|2942,tmp/effective_unicity_directionality_public_route_probe/pages/9_H_654_cisi_pakistan_n342_4.jpg,tmp/effective_unicity_directionality_public_route_probe/crops/9_H_654_cisi_pakistan_n342_4_context.jpg,tmp/effective_unicity_directionality_public_route_probe/crops/9_H_654_cisi_pakistan_n342_4_context_enhanced_x2.jpg,78be7db8dacec3dafdf430e8e63a4ef2acbaa9975d96c44200f5b548ff27b11a,16f079fcbe411eff1b83bee2f1cd921742c6b4850aca06fd0f69edaa8024e3ed,31b6b98c48b94a026f1d155046fb4610774a2ad8a22485727a82d83409a773b8,3252,4538,1059|924|2464|3302,"OCR-exact route candidate only; red box marks label, not text. Needs visual source-panel review.",0
2026-05-29,directionality_public_route_probe_v1,1,10,P1_acquire_high_positive_source,find_public_or_request_source_route,stored_higher,M-1310,M-1310,3615.1,Mohenjo-daro,SEAL:R,None,R/L,+407-004-001-740-407-590-235+,407 004 001 740 407 590 235,2.915356,cisi_pakistan,202,Pakistan_0202.djvu,https://archive.org/download/TheIndusScript.TextConcordanceAndTablesIravathanMahadevan/Corpus%20of%20Indus%20Seals%20and%20Inscriptions.%20Collections%20in%20Pakistan/page/n202_w2000.jpg,downloaded_and_cropped,public_cisi_plate_route_candidate_needs_visual_review,M 1310,1495|1535|1657|2459,tmp/effective_unicity_directionality_public_route_probe/pages/10_M_1310_cisi_pakistan_n202_1.jpg,tmp/effective_unicity_directionality_public_route_probe/crops/10_M_1310_cisi_pakistan_n202_1_context.jpg,tmp/effective_unicity_directionality_public_route_probe/crops/10_M_1310_cisi_pakistan_n202_1_context_enhanced_x2.jpg,03f2d9ecf9f7c063f861c2e11e71af60d1df70073a89db45362ef059347b1bf2,f878a1a99cfca00fc088b5cfabb0924cc8cca40c847e8d868e04b33e3b38df39,72a074a607a079c5b76fd3a2b6e3404d5f74f61bce256d262c943f779f354327,3236,4566,935|715|2377|2819,"OCR-exact route candidate only; red box marks label, not text. Needs visual source-panel review.",0
2026-05-29,directionality_public_route_probe_v1,2,10,P1_acquire_high_positive_source,find_public_or_request_source_route,stored_higher,M-1310,M-1310,3615.1,Mohenjo-daro,SEAL:R,None,R/L,+407-004-001-740-407-590-235+,407 004 001 740 407 590 235,2.915356,cisi_pakistan,202,Pakistan_0202.djvu,https://archive.org/download/TheIndusScript.TextConcordanceAndTablesIravathanMahadevan/Corpus%20of%20Indus%20Seals%20and%20Inscriptions.%20Collections%20in%20Pakistan/page/n202_w2000.jpg,downloaded_and_cropped,public_cisi_plate_route_candidate_needs_visual_review,M-1310,1452|1608|1608|4362,tmp/effective_unicity_directionality_public_route_probe/pages/10_M_1310_cisi_pakistan_n202_2.jpg,tmp/effective_unicity_directionality_public_route_probe/crops/10_M_1310_cisi_pakistan_n202_2_context.jpg,tmp/effective_unicity_directionality_public_route_probe/crops/10_M_1310_cisi_pakistan_n202_2_context_enhanced_x2.jpg,03f2d9ecf9f7c063f861c2e11e71af60d1df70073a89db45362ef059347b1bf2,22d86a34c5f66974f483640ce2725ef9d36213a3c28ae290a809ccb881b6ea93,5a7026dd5767dcd1c74dba1e0583f9c559b89ae198c2beb6e42d9a1fabc0e2ab,3236,4566,892|788|2328|4566,"OCR-exact route candidate only; red box marks label, not text. Needs visual source-panel review.",0
2026-05-29,directionality_public_route_probe_v1,1,11,P1_acquire_high_positive_source,find_public_or_request_source_route,stored_higher,M-1320,M-1320,3625.1,Mohenjo-daro,SEAL:R,None,R/L,+527-555-231-240-798+,527 555 231 240 798,2.876525,cisi_pakistan,203,Pakistan_0203.djvu,https://archive.org/download/TheIndusScript.TextConcordanceAndTablesIravathanMahadevan/Corpus%20of%20Indus%20Seals%20and%20Inscriptions.%20Collections%20in%20Pakistan/page/n203_w2000.jpg,downloaded_and_cropped,public_cisi_plate_route_candidate_needs_visual_review,M-1320,2284|1645|2448|2448,tmp/effective_unicity_directionality_public_route_probe/pages/11_M_1320_cisi_pakistan_n203_1.jpg,tmp/effective_unicity_directionality_public_route_probe/crops/11_M_1320_cisi_pakistan_n203_1_context.jpg,tmp/effective_unicity_directionality_public_route_probe/crops/11_M_1320_cisi_pakistan_n203_1_context_enhanced_x2.jpg,d6ba1b469bd752cac59953f9a4070a3c3f28069c50419ec4592bbdb949254e90,d84867a8a8068e12f1993df6b75f41834749cb861ca1435fb24a4501034906a8,594762e56f13cbc65cceccc4ecde491f1cf081a7e1d1406d1ae133ec02138c33,3230,4566,1724|825|3168|2808,"OCR-exact route candidate only; red box marks label, not text. Needs visual source-panel review.",0
2026-05-29,directionality_public_route_probe_v1,1,15,P1_acquire_high_positive_source,replace_non_source_grade_catalogue_hint,stored_higher,M-811,M-811,3224.1,Mohenjo-daro,SEAL:S,Bull1:J,R/L,+226-032-803+,226 032 803,2.71824,cisi_pakistan,104,Pakistan_0104.djvu,https://archive.org/download/TheIndusScript.TextConcordanceAndTablesIravathanMahadevan/Corpus%20of%20Indus%20Seals%20and%20Inscriptions.%20Collections%20in%20Pakistan/page/n104_w2000.jpg,downloaded_and_cropped,public_cisi_plate_route_candidate_needs_visual_review,M 811,2557|1197|2689|2689,tmp/effective_unicity_directionality_public_route_probe/pages/15_M_811_cisi_pakistan_n104_1.jpg,tmp/effective_unicity_directionality_public_route_probe/crops/15_M_811_cisi_pakistan_n104_1_context.jpg,tmp/effective_unicity_directionality_public_route_probe/crops/15_M_811_cisi_pakistan_n104_1_context_enhanced_x2.jpg,40e5db5ed31422400062b67d9731c73bd4c36c802fe8380c3cd5adb7a4ee473b,db2e4cd6488337a07d97ca13f31ec8b98e83290afe3aa1f6bd5b92bd3274a6d2,27e53fbc022514b21c2ac1b9fcb90ffec65c72fccf5089e2a2af0d076fb17e4c,3210,4546,1997|377|3210|3049,"OCR-exact route candidate only; red box marks label, not text. Needs visual source-panel review.",0
2026-05-29,directionality_public_route_probe_v1,2,15,P1_acquire_high_positive_source,replace_non_source_grade_catalogue_hint,stored_higher,M-811,M-811,3224.1,Mohenjo-daro,SEAL:S,Bull1:J,R/L,+226-032-803+,226 032 803,2.71824,cisi_pakistan,104,Pakistan_0104.djvu,https://archive.org/download/TheIndusScript.TextConcordanceAndTablesIravathanMahadevan/Corpus%20of%20Indus%20Seals%20and%20Inscriptions.%20Collections%20in%20Pakistan/page/n104_w2000.jpg,downloaded_and_cropped,public_cisi_plate_route_candidate_needs_visual_review,M-811,2557|2252|2692|2692,tmp/effective_unicity_directionality_public_route_probe/pages/15_M_811_cisi_pakistan_n104_2.jpg,tmp/effective_unicity_directionality_public_route_probe/crops/15_M_811_cisi_pakistan_n104_2_context.jpg,tmp/effective_unicity_directionality_public_route_probe/crops/15_M_811_cisi_pakistan_n104_2_context_enhanced_x2.jpg,40e5db5ed31422400062b67d9731c73bd4c36c802fe8380c3cd5adb7a4ee473b,f47a98c61ef286b8ecddab2dcad828cc2dca88b10780dd246b63398b7bdda2df,ceee22321cdd6192054b5aaaba3579d37fccd53c09c4df6c07d1d1d426206e1e,3210,4546,1997|1432|3210|3052,"OCR-exact route candidate only; red box marks label, not text. Needs visual source-panel review.",0
2026-05-29,directionality_public_route_probe_v1,1,16,P1_acquire_high_positive_source,find_public_or_request_source_route,stored_higher,M-1523,M-1523;M-1524,3776.1,Mohenjo-daro,TAB:C,Comp,R/L,+407-585-033-705-233-235-806+,407 585 033 705 233 235 806,2.698288,cisi_pakistan,253,Pakistan_0253.djvu,https://archive.org/download/TheIndusScript.TextConcordanceAndTablesIravathanMahadevan/Corpus%20of%20Indus%20Seals%20and%20Inscriptions.%20Collections%20in%20Pakistan/page/n253_w2000.jpg,downloaded_and_cropped,public_cisi_plate_route_candidate_needs_visual_review,M-1523,716|876|876|3191,tmp/effective_unicity_directionality_public_route_probe/pages/16_M_1523_cisi_pakistan_n253_1.jpg,tmp/effective_unicity_directionality_public_route_probe/crops/16_M_1523_cisi_pakistan_n253_1_context.jpg,tmp/effective_unicity_directionality_public_route_probe/crops/16_M_1523_cisi_pakistan_n253_1_context_enhanced_x2.jpg,033c6b182b1f46e63c3151ab4ed88c767e7f546b97f7f1eb4ca6a8f6a0823b3b,ad95777b00b746f81895c9e0ffd3c5a267829c32d0d4a02026ba27cf0b540019,897c5afa3ae2b951f2ed8801072bbd7a96d0a85b916479226ae6b2a4a59c82f5,3240,4523,156|56|1596|3551,"OCR-exact route candidate only; red box marks label, not text. Needs visual source-panel review.",0
2026-05-29,directionality_public_route_probe_v1,1,17,P1_acquire_high_positive_source,find_public_or_request_source_route,stored_higher,H-152,H-152;H-670;H-681;M-1962;M-1986,1193.1,Harappa,SEAL:R,None,R/L,+154-806-468+,154 806 468,2.681647,cisi_india,237,India_0237.djvu,https://archive.org/download/TheIndusScript.TextConcordanceAndTablesIravathanMahadevan/Corpus%20of%20Indus%20Seals%20and%20Inscriptions.%20Collections%20in%20India/page/n237_w2000.jpg,downloaded_and_cropped,public_cisi_plate_route_candidate_volume_mismatch_check_needed,H-152,1202|1022|1297|1297,tmp/effective_unicity_directionality_public_route_probe/pages/17_H_152_cisi_india_n237_1.jpg,tmp/effective_unicity_directionality_public_route_probe/crops/17_H_152_cisi_india_n237_1_context.jpg,tmp/effective_unicity_directionality_public_route_probe/crops/17_H_152_cisi_india_n237_1_context_enhanced_x2.jpg,f4140ae624d063b47632587d4b78fbf7aef6d6604ffed197be41d08d1528b24f,b2464c69941c9520e43a7743137f995403427edacc72d37c9879328d3212d480,67c931578eeaeeae37f07fbfd76e378b013163b044d8fed5bf2a47e56fcbfeba,2443,3460,642|202|2017|1657,"OCR-exact route candidate only; red box marks label, not text. Needs visual source-panel review.",0
2026-05-29,directionality_public_route_probe_v1,2,17,P1_acquire_high_positive_source,find_public_or_request_source_route,stored_higher,H-152,H-152;H-670;H-681;M-1962;M-1986,1193.1,Harappa,SEAL:R,None,R/L,+154-806-468+,154 806 468,2.681647,cisi_india,668,India_0668.djvu,https://archive.org/download/TheIndusScript.TextConcordanceAndTablesIravathanMahadevan/Corpus%20of%20Indus%20Seals%20and%20Inscriptions.%20Collections%20in%20India/page/n668_w2000.jpg,downloaded_and_cropped,public_cisi_late_register_or_data_route_not_source_panel,H-152,1202|1022|1297|1297,tmp/effective_unicity_directionality_public_route_probe/pages/17_H_152_cisi_india_n668_2.jpg,tmp/effective_unicity_directionality_public_route_probe/crops/17_H_152_cisi_india_n668_2_context.jpg,tmp/effective_unicity_directionality_public_route_probe/crops/17_H_152_cisi_india_n668_2_context_enhanced_x2.jpg,f4140ae624d063b47632587d4b78fbf7aef6d6604ffed197be41d08d1528b24f,b2464c69941c9520e43a7743137f995403427edacc72d37c9879328d3212d480,67c931578eeaeeae37f07fbfd76e378b013163b044d8fed5bf2a47e56fcbfeba,2443,3460,642|202|2017|1657,"OCR-exact route candidate only; red box marks label, not text. Needs visual source-panel review.",0
2026-05-29,directionality_public_route_probe_v1,1,21,P1_acquire_high_positive_source,find_public_or_request_source_route,stored_higher,M-365,M-365,2861.1,Mohenjo-daro,SEAL:R,None,R/L,+527-550-033-705-220-415-060-550+,527 550 033 705 220 415 060 550,2.581387,cisi_india,126,India_0126.djvu,https://archive.org/download/TheIndusScript.TextConcordanceAndTablesIravathanMahadevan/Corpus%20of%20Indus%20Seals%20and%20Inscriptions.%20Collections%20in%20India/page/n126_w2000.jpg,downloaded_and_cropped,public_cisi_plate_route_candidate_needs_visual_review,M-365,1711|1812|1812|2173,tmp/effective_unicity_directionality_public_route_probe/pages/21_M_365_cisi_india_n126_1.jpg,tmp/effective_unicity_directionality_public_route_probe/crops/21_M_365_cisi_india_n126_1_context.jpg,tmp/effective_unicity_directionality_public_route_probe/crops/21_M_365_cisi_india_n126_1_context_enhanced_x2.jpg,ebbe070c2e0c496e98ad0f84065ffeaf1275dbd799d1980ad171e742fa7e0aa7,685e4b4d451179aa132856ef4ba192736448d13ddec05e1d40686d704f76c6d2,d8c663e9139f8f4da274d18f0a1337755f387658a1e12f4c1c30060741199215,2379,3461,1151|992|2379|2533,"OCR-exact route candidate only; red box marks label, not text. Needs visual source-panel review.",0
2026-05-29,directionality_public_route_probe_v1,2,21,P1_acquire_high_positive_source,find_public_or_request_source_route,stored_higher,M-365,M-365,2861.1,Mohenjo-daro,SEAL:R,None,R/L,+527-550-033-705-220-415-060-550+,527 550 033 705 220 415 060 550,2.581387,cisi_india,557,India_0557.djvu,https://archive.org/download/TheIndusScript.TextConcordanceAndTablesIravathanMahadevan/Corpus%20of%20Indus%20Seals%20and%20Inscriptions.%20Collections%20in%20India/page/n557_w2000.jpg,downloaded_and_cropped,public_cisi_late_register_or_data_route_not_source_panel,M-365,1711|1812|1812|2173,tmp/effective_unicity_directionality_public_route_probe/pages/21_M_365_cisi_india_n557_2.jpg,tmp/effective_unicity_directionality_public_route_probe/crops/21_M_365_cisi_india_n557_2_context.jpg,tmp/effective_unicity_directionality_public_route_probe/crops/21_M_365_cisi_india_n557_2_context_enhanced_x2.jpg,ebbe070c2e0c496e98ad0f84065ffeaf1275dbd799d1980ad171e742fa7e0aa7,685e4b4d451179aa132856ef4ba192736448d13ddec05e1d40686d704f76c6d2,d8c663e9139f8f4da274d18f0a1337755f387658a1e12f4c1c30060741199215,2379,3461,1151|992|2379|2533,"OCR-exact route candidate only; red box marks label, not text. Needs visual source-panel review.",0
2026-05-29,directionality_public_route_probe_v1,1,22,P1_acquire_high_positive_source,replace_non_source_grade_catalogue_hint,stored_higher,M-253,M-253,2776.1,Mohenjo-daro,SEAL:S,Gaur,R/L,+527-550-803-002-368-518+,527 550 803 002 368 518,2.52834,cisi_india,402,India_0402.djvu,https://archive.org/download/TheIndusScript.TextConcordanceAndTablesIravathanMahadevan/Corpus%20of%20Indus%20Seals%20and%20Inscriptions.%20Collections%20in%20India/page/n402_w2000.jpg,downloaded_and_cropped,public_cisi_late_register_or_data_route_not_source_panel,M-253,1352|1422|1422|2447,tmp/effective_unicity_directionality_public_route_probe/pages/22_M_253_cisi_india_n402_1.jpg,tmp/effective_unicity_directionality_public_route_probe/crops/22_M_253_cisi_india_n402_1_context.jpg,tmp/effective_unicity_directionality_public_route_probe/crops/22_M_253_cisi_india_n402_1_context_enhanced_x2.jpg,1dfe408ec0064a618656eba34041b1c9b09937240b74d9e3411db2015a17739e,ecb85440d7d9bbb051966681997214aa916571a9a4a597aa833893b6a0cbb2fa,446958328ef7ede2e36b2b3489ecc85deb2b11a9f260aee9f5c04391aef06315,2436,3441,792|602|2142|2807,"OCR-exact route candidate only; red box marks label, not text. Needs visual source-panel review.",0
2026-05-29,directionality_public_route_probe_v1,2,22,P1_acquire_high_positive_source,replace_non_source_grade_catalogue_hint,stored_higher,M-253,M-253,2776.1,Mohenjo-daro,SEAL:S,Gaur,R/L,+527-550-803-002-368-518+,527 550 803 002 368 518,2.52834,cisi_india,833,India_0833.djvu,https://archive.org/download/TheIndusScript.TextConcordanceAndTablesIravathanMahadevan/Corpus%20of%20Indus%20Seals%20and%20Inscriptions.%20Collections%20in%20India/page/n833_w2000.jpg,downloaded_and_cropped,public_cisi_late_register_or_data_route_not_source_panel,M-253,1352|1422|1422|2447,tmp/effective_unicity_directionality_public_route_probe/pages/22_M_253_cisi_india_n833_2.jpg,tmp/effective_unicity_directionality_public_route_probe/crops/22_M_253_cisi_india_n833_2_context.jpg,tmp/effective_unicity_directionality_public_route_probe/crops/22_M_253_cisi_india_n833_2_context_enhanced_x2.jpg,1dfe408ec0064a618656eba34041b1c9b09937240b74d9e3411db2015a17739e,ecb85440d7d9bbb051966681997214aa916571a9a4a597aa833893b6a0cbb2fa,446958328ef7ede2e36b2b3489ecc85deb2b11a9f260aee9f5c04391aef06315,2436,3441,792|602|2142|2807,"OCR-exact route candidate only; red box marks label, not text. Needs visual source-panel review.",0
2026-05-29,directionality_public_route_probe_v1,1,23,P1_acquire_high_positive_source,find_public_or_request_source_route,stored_higher,M-527,M-527;M-528;M-529;M-530,3001.1,Mohenjo-daro,TAB:C,Elep,R/L,+001-740-923-033-706+,001 740 923 033 706,2.455724,cisi_india,167,India_0167.djvu,https://archive.org/download/TheIndusScript.TextConcordanceAndTablesIravathanMahadevan/Corpus%20of%20Indus%20Seals%20and%20Inscriptions.%20Collections%20in%20India/page/n167_w2000.jpg,downloaded_and_cropped,public_cisi_plate_route_candidate_needs_visual_review,M-527,1660|1763|1763|2413,tmp/effective_unicity_directionality_public_route_probe/pages/23_M_527_cisi_india_n167_1.jpg,tmp/effective_unicity_directionality_public_route_probe/crops/23_M_527_cisi_india_n167_1_context.jpg,tmp/effective_unicity_directionality_public_route_probe/crops/23_M_527_cisi_india_n167_1_context_enhanced_x2.jpg,82e6bcc48ce98b6e03ff77b7322c954fe236bc4cd009d5697184f07317dc03df,262faaaeffeb4fadaef11242f4d62375afc0ffa79de2608931326233134df031,52f496f68a9101c36a721e404f4ebb2fe6ecf2fe3ef6ffcf0d009942cad2e680,2436,3483,1100|943|2436|2773,"OCR-exact route candidate only; red box marks label, not text. Needs visual source-panel review.",0
2026-05-29,directionality_public_route_probe_v1,2,23,P1_acquire_high_positive_source,find_public_or_request_source_route,stored_higher,M-527,M-527;M-528;M-529;M-530,3001.1,Mohenjo-daro,TAB:C,Elep,R/L,+001-740-923-033-706+,001 740 923 033 706,2.455724,cisi_india,598,India_0598.djvu,https://archive.org/download/TheIndusScript.TextConcordanceAndTablesIravathanMahadevan/Corpus%20of%20Indus%20Seals%20and%20Inscriptions.%20Collections%20in%20India/page/n598_w2000.jpg,downloaded_and_cropped,public_cisi_late_register_or_data_route_not_source_panel,M-527,1660|1763|1763|2413,tmp/effective_unicity_directionality_public_route_probe/pages/23_M_527_cisi_india_n598_2.jpg,tmp/effective_unicity_directionality_public_route_probe/crops/23_M_527_cisi_india_n598_2_context.jpg,tmp/effective_unicity_directionality_public_route_probe/crops/23_M_527_cisi_india_n598_2_context_enhanced_x2.jpg,82e6bcc48ce98b6e03ff77b7322c954fe236bc4cd009d5697184f07317dc03df,262faaaeffeb4fadaef11242f4d62375afc0ffa79de2608931326233134df031,52f496f68a9101c36a721e404f4ebb2fe6ecf2fe3ef6ffcf0d009942cad2e680,2436,3483,1100|943|2436|2773,"OCR-exact route candidate only; red box marks label, not text. Needs visual source-panel review.",0
2026-05-29,directionality_public_route_probe_v1,1,24,P1_acquire_high_positive_source,find_public_or_request_source_route,stored_higher,M-534,M-1491;M-1492;M-1493;M-1494;M-1547;M-534;M-535;M-536;M-537;M-538;M-539;M-541;M-542;M-593,3006.1,Mohenjo-daro,TAB:C,Hare,R/L,+407-321-407-845-033-705-235+,407 321 407 845 033 705 235,2.4549,cisi_india,35,India_0035.djvu,https://archive.org/download/TheIndusScript.TextConcordanceAndTablesIravathanMahadevan/Corpus%20of%20Indus%20Seals%20and%20Inscriptions.%20Collections%20in%20India/page/n35_w2000.jpg,downloaded_and_cropped,public_cisi_plate_route_candidate_needs_visual_review,(M-534),1862|2005|2005|3225,tmp/effective_unicity_directionality_public_route_probe/pages/24_M_534_cisi_india_n35_1.jpg,tmp/effective_unicity_directionality_public_route_probe/crops/24_M_534_cisi_india_n35_1_context.jpg,tmp/effective_unicity_directionality_public_route_probe/crops/24_M_534_cisi_india_n35_1_context_enhanced_x2.jpg,74cc40dea2b05c8fa863c42a571a87058d22961959b5201553fd6689b4d68b2b,f64383d477c51fbf53220a37fa58763da7c841cffefbb9fa62d38194ac3f3d07,fb80bea579ec4fac2643867ee949be6e630f5b686c157edd09dbe96d3c47008c,2358,3439,1302|1185|2358|3439,"OCR-exact route candidate only; red box marks label, not text. Needs visual source-panel review.",0
2026-05-29,directionality_public_route_probe_v1,2,24,P1_acquire_high_positive_source,find_public_or_request_source_route,stored_higher,M-534,M-1491;M-1492;M-1493;M-1494;M-1547;M-534;M-535;M-536;M-537;M-538;M-539;M-541;M-542;M-593,3006.1,Mohenjo-daro,TAB:C,Hare,R/L,+407-321-407-845-033-705-235+,407 321 407 845 033 705 235,2.4549,cisi_india,423,India_0423.djvu,https://archive.org/download/TheIndusScript.TextConcordanceAndTablesIravathanMahadevan/Corpus%20of%20Indus%20Seals%20and%20Inscriptions.%20Collections%20in%20India/page/n423_w2000.jpg,downloaded_and_cropped,public_cisi_late_register_or_data_route_not_source_panel,M-534,1177|1279|1279|1645,tmp/effective_unicity_directionality_public_route_probe/pages/24_M_534_cisi_india_n423_2.jpg,tmp/effective_unicity_directionality_public_route_probe/crops/24_M_534_cisi_india_n423_2_context.jpg,tmp/effective_unicity_directionality_public_route_probe/crops/24_M_534_cisi_india_n423_2_context_enhanced_x2.jpg,c33d3cb1c04c7d9411880645bf5233693c7a0175f3a74016c3ee180af05226c2,8f09ad47d8ffb7874265ea6b2338c8e53317c6b8d6569f22fe095d0d261fb2a7,f4e36d64134fc4fc23d233132ed2054f41238746b060477bc2a4055549182c01,2429,3385,617|459|1999|2005,"OCR-exact route candidate only; red box marks label, not text. Needs visual source-panel review.",0
2026-05-29,directionality_public_route_probe_v1,3,24,P1_acquire_high_positive_source,find_public_or_request_source_route,stored_higher,M-534,M-1491;M-1492;M-1493;M-1494;M-1547;M-534;M-535;M-536;M-537;M-538;M-539;M-541;M-542;M-593,3006.1,Mohenjo-daro,TAB:C,Hare,R/L,+407-321-407-845-033-705-235+,407 321 407 845 033 705 235,2.4549,cisi_india,423,India_0423.djvu,https://archive.org/download/TheIndusScript.TextConcordanceAndTablesIravathanMahadevan/Corpus%20of%20Indus%20Seals%20and%20Inscriptions.%20Collections%20in%20India/page/n423_w2000.jpg,downloaded_and_cropped,public_cisi_late_register_or_data_route_not_source_panel,M-534,1166|1266|1266|3230,tmp/effective_unicity_directionality_public_route_probe/pages/24_M_534_cisi_india_n423_3.jpg,tmp/effective_unicity_directionality_public_route_probe/crops/24_M_534_cisi_india_n423_3_context.jpg,tmp/effective_unicity_directionality_public_route_probe/crops/24_M_534_cisi_india_n423_3_context_enhanced_x2.jpg,c33d3cb1c04c7d9411880645bf5233693c7a0175f3a74016c3ee180af05226c2,ee08ed84998b1f7c1bccec63db49fb00c7df36c5ed3f6df7a0e853b8be95dda6,f92aa6d1af266f90c5fb2241374a25227cf9f75c44cb81e7761b6bee879ca273,2429,3385,606|446|1986|3385,"OCR-exact route candidate only; red box marks label, not text. Needs visual source-panel review.",0
2026-05-29,directionality_public_route_probe_v1,4,24,P1_acquire_high_positive_source,find_public_or_request_source_route,stored_higher,M-534,M-1491;M-1492;M-1493;M-1494;M-1547;M-534;M-535;M-536;M-537;M-538;M-539;M-541;M-542;M-593,3006.1,Mohenjo-daro,TAB:C,Hare,R/L,+407-321-407-845-033-705-235+,407 321 407 845 033 705 235,2.4549,cisi_india,466,India_0466.djvu,https://archive.org/download/TheIndusScript.TextConcordanceAndTablesIravathanMahadevan/Corpus%20of%20Indus%20Seals%20and%20Inscriptions.%20Collections%20in%20India/page/n466_w2000.jpg,downloaded_and_cropped,public_cisi_late_register_or_data_route_not_source_panel,(M-534),1862|2005|2005|3225,tmp/effective_unicity_directionality_public_route_probe/pages/24_M_534_cisi_india_n466_4.jpg,tmp/effective_unicity_directionality_public_route_probe/crops/24_M_534_cisi_india_n466_4_context.jpg,tmp/effective_unicity_directionality_public_route_probe/crops/24_M_534_cisi_india_n466_4_context_enhanced_x2.jpg,74cc40dea2b05c8fa863c42a571a87058d22961959b5201553fd6689b4d68b2b,f64383d477c51fbf53220a37fa58763da7c841cffefbb9fa62d38194ac3f3d07,fb80bea579ec4fac2643867ee949be6e630f5b686c157edd09dbe96d3c47008c,2358,3439,1302|1185|2358|3439,"OCR-exact route candidate only; red box marks label, not text. Needs visual source-panel review.",0
2026-05-29,directionality_public_route_probe_v1,1,27,P1_acquire_high_positive_source,find_public_or_request_source_route,stored_higher,M-525,M-1475;M-525,3000.1,Mohenjo-daro,TAB:C,Gaur,R/L,+423-003-001-900-740-690-435-255+,423 003 001 900 740 690 435 255,2.409404,cisi_pakistan,40,Pakistan_0040.djvu,https://archive.org/download/TheIndusScript.TextConcordanceAndTablesIravathanMahadevan/Corpus%20of%20Indus%20Seals%20and%20Inscriptions.%20Collections%20in%20Pakistan/page/n40_w2000.jpg,downloaded_and_cropped,public_cisi_plate_route_candidate_needs_visual_review,M-525,2364|2496|2496|3931,tmp/effective_unicity_directionality_public_route_probe/pages/27_M_525_cisi_pakistan_n40_1.jpg,tmp/effective_unicity_directionality_public_route_probe/crops/27_M_525_cisi_pakistan_n40_1_context.jpg,tmp/effective_unicity_directionality_public_route_probe/crops/27_M_525_cisi_pakistan_n40_1_context_enhanced_x2.jpg,2a6526e4a9b5bf20554e5910ac28fcacdf383fad86f39749385e419a0b93c2a4,7733671bea3df51e7f1a9a6f4b2ec8df29e777c3448562dd54dd60ce9de7e881,93fd00eb3b19f229ae6aa30ae2484227426cdebb4062411bab5441b9d355ccbd,3192,4503,1804|1676|3192|4291,"OCR-exact route candidate only; red box marks label, not text. Needs visual source-panel review.",0
2026-05-29,directionality_public_route_probe_v1,2,27,P1_acquire_high_positive_source,find_public_or_request_source_route,stored_higher,M-525,M-1475;M-525,3000.1,Mohenjo-daro,TAB:C,Gaur,R/L,+423-003-001-900-740-690-435-255+,423 003 001 900 740 690 435 255,2.409404,cisi_india,167,India_0167.djvu,https://archive.org/download/TheIndusScript.TextConcordanceAndTablesIravathanMahadevan/Corpus%20of%20Indus%20Seals%20and%20Inscriptions.%20Collections%20in%20India/page/n167_w2000.jpg,downloaded_and_cropped,public_cisi_plate_route_candidate_needs_visual_review,M-525,652|755|755|833,tmp/effective_unicity_directionality_public_route_probe/pages/27_M_525_cisi_india_n167_2.jpg,tmp/effective_unicity_directionality_public_route_probe/crops/27_M_525_cisi_india_n167_2_context.jpg,tmp/effective_unicity_directionality_public_route_probe/crops/27_M_525_cisi_india_n167_2_context_enhanced_x2.jpg,82e6bcc48ce98b6e03ff77b7322c954fe236bc4cd009d5697184f07317dc03df,7f7669299a66b9112e8c247ea558b014699c3f1c0635c913fac6c17a590b1cad,a7f5e9c632119e7689fb882fe160a0b70bd3a4673075b29ee974ea2d3e551e78,2436,3483,92|0|1475|1193,"OCR-exact route candidate only; red box marks label, not text. Needs visual source-panel review.",0
2026-05-29,directionality_public_route_probe_v1,3,27,P1_acquire_high_positive_source,find_public_or_request_source_route,stored_higher,M-525,M-1475;M-525,3000.1,Mohenjo-daro,TAB:C,Gaur,R/L,+423-003-001-900-740-690-435-255+,423 003 001 900 740 690 435 255,2.409404,cisi_india,598,India_0598.djvu,https://archive.org/download/TheIndusScript.TextConcordanceAndTablesIravathanMahadevan/Corpus%20of%20Indus%20Seals%20and%20Inscriptions.%20Collections%20in%20India/page/n598_w2000.jpg,downloaded_and_cropped,public_cisi_late_register_or_data_route_not_source_panel,M-525,652|755|755|833,tmp/effective_unicity_directionality_public_route_probe/pages/27_M_525_cisi_india_n598_3.jpg,tmp/effective_unicity_directionality_public_route_probe/crops/27_M_525_cisi_india_n598_3_context.jpg,tmp/effective_unicity_directionality_public_route_probe/crops/27_M_525_cisi_india_n598_3_context_enhanced_x2.jpg,82e6bcc48ce98b6e03ff77b7322c954fe236bc4cd009d5697184f07317dc03df,7f7669299a66b9112e8c247ea558b014699c3f1c0635c913fac6c17a590b1cad,a7f5e9c632119e7689fb882fe160a0b70bd3a4673075b29ee974ea2d3e551e78,2436,3483,92|0|1475|1193,"OCR-exact route candidate only; red box marks label, not text. Needs visual source-panel review.",0
2026-05-29,directionality_public_route_probe_v1,1,28,P1_acquire_high_positive_source,find_public_or_request_source_route,stored_higher,M-1315,M-1315,3620.1,Mohenjo-daro,SEAL:R,None,R/L,+617-142-240+,617 142 240,2.404709,cisi_pakistan,202,Pakistan_0202.djvu,https://archive.org/download/TheIndusScript.TextConcordanceAndTablesIravathanMahadevan/Corpus%20of%20Indus%20Seals%20and%20Inscriptions.%20Collections%20in%20Pakistan/page/n202_w2000.jpg,downloaded_and_cropped,public_cisi_plate_route_candidate_needs_visual_review,M 1315,404|440|564|4342,tmp/effective_unicity_directionality_public_route_probe/pages/28_M_1315_cisi_pakistan_n202_1.jpg,tmp/effective_unicity_directionality_public_route_probe/crops/28_M_1315_cisi_pakistan_n202_1_context.jpg,tmp/effective_unicity_directionality_public_route_probe/crops/28_M_1315_cisi_pakistan_n202_1_context_enhanced_x2.jpg,03f2d9ecf9f7c063f861c2e11e71af60d1df70073a89db45362ef059347b1bf2,087310c7b6136e6759e4754c4e3b6873f3e3779958c9c47b9e4751cd73558a87,230f1e2052a29b9892be0d5280ae32fb8b9b3ba5fdfb554839540f0b60801e70,3236,4566,0|0|1284|4566,"OCR-exact route candidate only; red box marks label, not text. Needs visual source-panel review.",0
2026-05-29,directionality_public_route_probe_v1,1,29,P1_acquire_high_positive_source,find_public_or_request_source_route,stored_higher,M-386,M-386,2882.1,Mohenjo-daro,SEAL:R,None,R/L,+405-004-001-139+,405 004 001 139,2.404551,cisi_india,130,India_0130.djvu,https://archive.org/download/TheIndusScript.TextConcordanceAndTablesIravathanMahadevan/Corpus%20of%20Indus%20Seals%20and%20Inscriptions.%20Collections%20in%20India/page/n130_w2000.jpg,downloaded_and_cropped,public_cisi_plate_route_candidate_needs_visual_review,M-386,1092|1193|1193|2094,tmp/effective_unicity_directionality_public_route_probe/pages/29_M_386_cisi_india_n130_1.jpg,tmp/effective_unicity_directionality_public_route_probe/crops/29_M_386_cisi_india_n130_1_context.jpg,tmp/effective_unicity_directionality_public_route_probe/crops/29_M_386_cisi_india_n130_1_context_enhanced_x2.jpg,7d06f2c09c66bf3148657014f7c35949634f282b766446598dfdebfc3d268cc9,d60d3bb8c14ab9d4eea74ce5bf0b127e8c9db0a5e23ea7a99a6804314a56ec09,24c4ffe9e075b3f049742cf9412c3370e379225f0d48ea53d140b53246dbde12,2381,3462,532|373|1913|2454,"OCR-exact route candidate only; red box marks label, not text. Needs visual source-panel review.",0
2026-05-29,directionality_public_route_probe_v1,2,29,P1_acquire_high_positive_source,find_public_or_request_source_route,stored_higher,M-386,M-386,2882.1,Mohenjo-daro,SEAL:R,None,R/L,+405-004-001-139+,405 004 001 139,2.404551,cisi_india,561,India_0561.djvu,https://archive.org/download/TheIndusScript.TextConcordanceAndTablesIravathanMahadevan/Corpus%20of%20Indus%20Seals%20and%20Inscriptions.%20Collections%20in%20India/page/n561_w2000.jpg,downloaded_and_cropped,public_cisi_late_register_or_data_route_not_source_panel,M-386,1092|1193|1193|2094,tmp/effective_unicity_directionality_public_route_probe/pages/29_M_386_cisi_india_n561_2.jpg,tmp/effective_unicity_directionality_public_route_probe/crops/29_M_386_cisi_india_n561_2_context.jpg,tmp/effective_unicity_directionality_public_route_probe/crops/29_M_386_cisi_india_n561_2_context_enhanced_x2.jpg,7d06f2c09c66bf3148657014f7c35949634f282b766446598dfdebfc3d268cc9,d60d3bb8c14ab9d4eea74ce5bf0b127e8c9db0a5e23ea7a99a6804314a56ec09,24c4ffe9e075b3f049742cf9412c3370e379225f0d48ea53d140b53246dbde12,2381,3462,532|373|1913|2454,"OCR-exact route candidate only; red box marks label, not text. Needs visual source-panel review.",0
2026-05-29,directionality_public_route_probe_v1,1,30,P1_acquire_high_positive_source,find_public_or_request_source_route,stored_higher,H-158,H-158,1199.1,Harappa,SEAL:R,None,R/L,+154-806-472-001-740-405-590+,154 806 472 001 740 405 590,2.388833,cisi_india,237,India_0237.djvu,https://archive.org/download/TheIndusScript.TextConcordanceAndTablesIravathanMahadevan/Corpus%20of%20Indus%20Seals%20and%20Inscriptions.%20Collections%20in%20India/page/n237_w2000.jpg,downloaded_and_cropped,public_cisi_plate_route_candidate_volume_mismatch_check_needed,H-158,1141|1237|1237|2980,tmp/effective_unicity_directionality_public_route_probe/pages/30_H_158_cisi_india_n237_1.jpg,tmp/effective_unicity_directionality_public_route_probe/crops/30_H_158_cisi_india_n237_1_context.jpg,tmp/effective_unicity_directionality_public_route_probe/crops/30_H_158_cisi_india_n237_1_context_enhanced_x2.jpg,f4140ae624d063b47632587d4b78fbf7aef6d6604ffed197be41d08d1528b24f,d17b9f2a9dfd11bed739c339210badbdbb6af8745a32e9a3e75f7e502f4ae879,22c0fac9ac5b7e09396757a769fe1de76a03a318135ed6f0e19bfc8949b4ab37,2443,3460,581|417|1957|3340,"OCR-exact route candidate only; red box marks label, not text. Needs visual source-panel review.",0
2026-05-29,directionality_public_route_probe_v1,2,30,P1_acquire_high_positive_source,find_public_or_request_source_route,stored_higher,H-158,H-158,1199.1,Harappa,SEAL:R,None,R/L,+154-806-472-001-740-405-590+,154 806 472 001 740 405 590,2.388833,cisi_india,668,India_0668.djvu,https://archive.org/download/TheIndusScript.TextConcordanceAndTablesIravathanMahadevan/Corpus%20of%20Indus%20Seals%20and%20Inscriptions.%20Collections%20in%20India/page/n668_w2000.jpg,downloaded_and_cropped,public_cisi_late_register_or_data_route_not_source_panel,H-158,1141|1237|1237|2980,tmp/effective_unicity_directionality_public_route_probe/pages/30_H_158_cisi_india_n668_2.jpg,tmp/effective_unicity_directionality_public_route_probe/crops/30_H_158_cisi_india_n668_2_context.jpg,tmp/effective_unicity_directionality_public_route_probe/crops/30_H_158_cisi_india_n668_2_context_enhanced_x2.jpg,f4140ae624d063b47632587d4b78fbf7aef6d6604ffed197be41d08d1528b24f,d17b9f2a9dfd11bed739c339210badbdbb6af8745a32e9a3e75f7e502f4ae879,22c0fac9ac5b7e09396757a769fe1de76a03a318135ed6f0e19bfc8949b4ab37,2443,3460,581|417|1957|3340,"OCR-exact route candidate only; red box marks label, not text. Needs visual source-panel review.",0
2026-05-29,directionality_public_route_probe_v1,1,34,P1_acquire_high_positive_source,find_public_or_request_source_route,stored_higher,M-171,M-171,2696.1,Mohenjo-daro,SEAL:S,Bull1:W,R/L,+407-061-740-923-233-806-060-692+,407 061 740 923 233 806 060 692,2.370567,cisi_india,85,India_0085.djvu,https://archive.org/download/TheIndusScript.TextConcordanceAndTablesIravathanMahadevan/Corpus%20of%20Indus%20Seals%20and%20Inscriptions.%20Collections%20in%20India/page/n85_w2000.jpg,downloaded_and_cropped,public_cisi_plate_route_candidate_needs_visual_review,M-171,1168|1260|1260|3237,tmp/effective_unicity_directionality_public_route_probe/pages/34_M_171_cisi_india_n85_1.jpg,tmp/effective_unicity_directionality_public_route_probe/crops/34_M_171_cisi_india_n85_1_context.jpg,tmp/effective_unicity_directionality_public_route_probe/crops/34_M_171_cisi_india_n85_1_context_enhanced_x2.jpg,e027ac1d40229b399029b7fd30f9ea0d2a65d3bd9d2a31873b7ae29c62cc08d9,b7b4c56346736fde6513527745c0239e06294a9ef4f18b560fea18f1cd0b0b6a,92af1d3ef3264cefc9ea293d60fbe43cb0688d379de5744383342103cc8eae18,2433,3448,608|440|1980|3448,"OCR-exact route candidate only; red box marks label, not text. Needs visual source-panel review.",0
2026-05-29,directionality_public_route_probe_v1,2,34,P1_acquire_high_positive_source,find_public_or_request_source_route,stored_higher,M-171,M-171,2696.1,Mohenjo-daro,SEAL:S,Bull1:W,R/L,+407-061-740-923-233-806-060-692+,407 061 740 923 233 806 060 692,2.370567,cisi_india,516,India_0516.djvu,https://archive.org/download/TheIndusScript.TextConcordanceAndTablesIravathanMahadevan/Corpus%20of%20Indus%20Seals%20and%20Inscriptions.%20Collections%20in%20India/page/n516_w2000.jpg,downloaded_and_cropped,public_cisi_late_register_or_data_route_not_source_panel,M-171,1168|1260|1260|3237,tmp/effective_unicity_directionality_public_route_probe/pages/34_M_171_cisi_india_n516_2.jpg,tmp/effective_unicity_directionality_public_route_probe/crops/34_M_171_cisi_india_n516_2_context.jpg,tmp/effective_unicity_directionality_public_route_probe/crops/34_M_171_cisi_india_n516_2_context_enhanced_x2.jpg,e027ac1d40229b399029b7fd30f9ea0d2a65d3bd9d2a31873b7ae29c62cc08d9,b7b4c56346736fde6513527745c0239e06294a9ef4f18b560fea18f1cd0b0b6a,92af1d3ef3264cefc9ea293d60fbe43cb0688d379de5744383342103cc8eae18,2433,3448,608|440|1980|3448,"OCR-exact route candidate only; red box marks label, not text. Needs visual source-panel review.",0
2026-05-29,directionality_public_route_probe_v1,1,35,P1_acquire_high_positive_source,find_public_or_request_source_route,stored_higher,M-567,M-1515;M-1516;M-1517;M-567;M-568;M-569,3038.1,Mohenjo-daro,TAB:C,Gaur,R/L,+407-061-845-240-798+,407 061 845 240 798,2.363285,cisi_india,34,India_0034.djvu,https://archive.org/download/TheIndusScript.TextConcordanceAndTablesIravathanMahadevan/Corpus%20of%20Indus%20Seals%20and%20Inscriptions.%20Collections%20in%20India/page/n34_w2000.jpg,downloaded_and_cropped,public_cisi_plate_route_candidate_needs_visual_review,(M-567,1853|1523|2004|2004,tmp/effective_unicity_directionality_public_route_probe/pages/35_M_567_cisi_india_n34_1.jpg,tmp/effective_unicity_directionality_public_route_probe/crops/35_M_567_cisi_india_n34_1_context.jpg,tmp/effective_unicity_directionality_public_route_probe/crops/35_M_567_cisi_india_n34_1_context_enhanced_x2.jpg,29d08f8d3fc6dec77910ebd9e432d6654913775c5c19e34040c29698f8873dca,bef3d003cc570a16774e8d1aeb7c997ff24246d0decacc24f6b59718c5b14960,03ae5a4c714a01b80d74cba56c3130934338232d0276fb2d718f86108f4ffb5c,2381,3435,1293|703|2381|2364,"OCR-exact route candidate only; red box marks label, not text. Needs visual source-panel review.",0
2026-05-29,directionality_public_route_probe_v1,2,35,P1_acquire_high_positive_source,find_public_or_request_source_route,stored_higher,M-567,M-1515;M-1516;M-1517;M-567;M-568;M-569,3038.1,Mohenjo-daro,TAB:C,Gaur,R/L,+407-061-845-240-798+,407 061 845 240 798,2.363285,cisi_india,465,India_0465.djvu,https://archive.org/download/TheIndusScript.TextConcordanceAndTablesIravathanMahadevan/Corpus%20of%20Indus%20Seals%20and%20Inscriptions.%20Collections%20in%20India/page/n465_w2000.jpg,downloaded_and_cropped,public_cisi_late_register_or_data_route_not_source_panel,(M-567,1853|1523|2004|2004,tmp/effective_unicity_directionality_public_route_probe/pages/35_M_567_cisi_india_n465_2.jpg,tmp/effective_unicity_directionality_public_route_probe/crops/35_M_567_cisi_india_n465_2_context.jpg,tmp/effective_unicity_directionality_public_route_probe/crops/35_M_567_cisi_india_n465_2_context_enhanced_x2.jpg,29d08f8d3fc6dec77910ebd9e432d6654913775c5c19e34040c29698f8873dca,bef3d003cc570a16774e8d1aeb7c997ff24246d0decacc24f6b59718c5b14960,03ae5a4c714a01b80d74cba56c3130934338232d0276fb2d718f86108f4ffb5c,2381,3435,1293|703|2381|2364,"OCR-exact route candidate only; red box marks label, not text. Needs visual source-panel review.",0
2026-05-29,directionality_public_route_probe_v1,1,39,P1_acquire_high_positive_source,find_public_or_request_source_route,stored_higher,H-659,H-659,1574.1,Harappa,SEAL:R,None,R/L,+407-845-140-740-233-240-798-365-263+,407 845 140 740 233 240 798 365 263,2.294623,cisi_pakistan,343,Pakistan_0343.djvu,https://archive.org/download/TheIndusScript.TextConcordanceAndTablesIravathanMahadevan/Corpus%20of%20Indus%20Seals%20and%20Inscriptions.%20Collections%20in%20Pakistan/page/n343_w2000.jpg,downloaded_and_cropped,public_cisi_plate_route_candidate_needs_visual_review,H-659,2385|1534|2514|2514,tmp/effective_unicity_directionality_public_route_probe/pages/39_H_659_cisi_pakistan_n343_1.jpg,tmp/effective_unicity_directionality_public_route_probe/crops/39_H_659_cisi_pakistan_n343_1_context.jpg,tmp/effective_unicity_directionality_public_route_probe/crops/39_H_659_cisi_pakistan_n343_1_context_enhanced_x2.jpg,05d50097bc8ba7f1f3547d50e36254248bbaa018da4e77f32ce2e9a8184d24b8,8c977d2a082d2d9f28e6df963eb132e9ed2c15fcd6b32df2f7452bd7b75b5464,ffc2daba85e9bc5b1f251186b47d0810200b48ef3787a696b06ca63e9530764b,3254,4538,1825|714|3234|2874,"OCR-exact route candidate only; red box marks label, not text. Needs visual source-panel review.",0
2026-05-29,directionality_public_route_probe_v1,1,40,P1_acquire_high_positive_source,find_public_or_request_source_route,stored_higher,M-127,M-127,2654.1,Mohenjo-daro,SEAL:S,Bull1:J,R/L,+565-740-220-741-176+,565 740 220 741 176,2.289074,cisi_india,77,India_0077.djvu,https://archive.org/download/TheIndusScript.TextConcordanceAndTablesIravathanMahadevan/Corpus%20of%20Indus%20Seals%20and%20Inscriptions.%20Collections%20in%20India/page/n77_w2000.jpg,downloaded_and_cropped,public_cisi_plate_route_candidate_needs_visual_review,M-127,1536|1636|1636|3248,tmp/effective_unicity_directionality_public_route_probe/pages/40_M_127_cisi_india_n77_1.jpg,tmp/effective_unicity_directionality_public_route_probe/crops/40_M_127_cisi_india_n77_1_context.jpg,tmp/effective_unicity_directionality_public_route_probe/crops/40_M_127_cisi_india_n77_1_context_enhanced_x2.jpg,02e4ca6170aba0c2edead7217b23dbacafd189be2be84f11462867173d45f9b3,70415f3a581ed2ae9df7a34e42bf7f27ba2dcf6fc2adcb0fa55aced2653717f2,91665d08d32a3b58e0e32ec11ee503720fa5848aaf659ea5bf3c693976f99baf,2433,3431,976|816|2356|3431,"OCR-exact route candidate only; red box marks label, not text. Needs visual source-panel review.",0
2026-05-29,directionality_public_route_probe_v1,2,40,P1_acquire_high_positive_source,find_public_or_request_source_route,stored_higher,M-127,M-127,2654.1,Mohenjo-daro,SEAL:S,Bull1:J,R/L,+565-740-220-741-176+,565 740 220 741 176,2.289074,cisi_india,508,India_0508.djvu,https://archive.org/download/TheIndusScript.TextConcordanceAndTablesIravathanMahadevan/Corpus%20of%20Indus%20Seals%20and%20Inscriptions.%20Collections%20in%20India/page/n508_w2000.jpg,downloaded_and_cropped,public_cisi_late_register_or_data_route_not_source_panel,M-127,1536|1636|1636|3248,tmp/effective_unicity_directionality_public_route_probe/pages/40_M_127_cisi_india_n508_2.jpg,tmp/effective_unicity_directionality_public_route_probe/crops/40_M_127_cisi_india_n508_2_context.jpg,tmp/effective_unicity_directionality_public_route_probe/crops/40_M_127_cisi_india_n508_2_context_enhanced_x2.jpg,02e4ca6170aba0c2edead7217b23dbacafd189be2be84f11462867173d45f9b3,70415f3a581ed2ae9df7a34e42bf7f27ba2dcf6fc2adcb0fa55aced2653717f2,91665d08d32a3b58e0e32ec11ee503720fa5848aaf659ea5bf3c693976f99baf,2433,3431,976|816|2356|3431,"OCR-exact route candidate only; red box marks label, not text. Needs visual source-panel review.",0
2026-05-29,directionality_public_route_probe_v1,1,42,P1_acquire_high_positive_source,find_public_or_request_source_route,stored_higher,M-1322,M-1322,3627.1,Mohenjo-daro,SEAL:R,None,R/L,+423-003-491+,423 003 491,2.283392,cisi_pakistan,203,Pakistan_0203.djvu,https://archive.org/download/TheIndusScript.TextConcordanceAndTablesIravathanMahadevan/Corpus%20of%20Indus%20Seals%20and%20Inscriptions.%20Collections%20in%20Pakistan/page/n203_w2000.jpg,downloaded_and_cropped,public_cisi_plate_route_candidate_needs_visual_review,M-1322,1351|1513|1513|3325,tmp/effective_unicity_directionality_public_route_probe/pages/42_M_1322_cisi_pakistan_n203_1.jpg,tmp/effective_unicity_directionality_public_route_probe/crops/42_M_1322_cisi_pakistan_n203_1_context.jpg,tmp/effective_unicity_directionality_public_route_probe/crops/42_M_1322_cisi_pakistan_n203_1_context_enhanced_x2.jpg,d6ba1b469bd752cac59953f9a4070a3c3f28069c50419ec4592bbdb949254e90,94eca2bc921a8a304fc1edfca3c14223a222af69e398c56a0fc8232b94cab312,60b6f33307040d5241e42cb0792969d3e4965fa5b4f40cd7bd1a7f10f1527ea1,3230,4566,791|693|2233|3685,"OCR-exact route candidate only; red box marks label, not text. Needs visual source-panel review.",0
2026-05-29,directionality_public_route_probe_v1,2,42,P1_acquire_high_positive_source,find_public_or_request_source_route,stored_higher,M-1322,M-1322,3627.1,Mohenjo-daro,SEAL:R,None,R/L,+423-003-491+,423 003 491,2.283392,cisi_pakistan,203,Pakistan_0203.djvu,https://archive.org/download/TheIndusScript.TextConcordanceAndTablesIravathanMahadevan/Corpus%20of%20Indus%20Seals%20and%20Inscriptions.%20Collections%20in%20Pakistan/page/n203_w2000.jpg,downloaded_and_cropped,public_cisi_plate_route_candidate_needs_visual_review,M-1322,2399|2563|2563|3314,tmp/effective_unicity_directionality_public_route_probe/pages/42_M_1322_cisi_pakistan_n203_2.jpg,tmp/effective_unicity_directionality_public_route_probe/crops/42_M_1322_cisi_pakistan_n203_2_context.jpg,tmp/effective_unicity_directionality_public_route_probe/crops/42_M_1322_cisi_pakistan_n203_2_context_enhanced_x2.jpg,d6ba1b469bd752cac59953f9a4070a3c3f28069c50419ec4592bbdb949254e90,0de4c0ee31cfec58931e41aa8fe2dc98a9f44de1550f4eac47e484e7fa1e399b,46d0c524a9d3b819fb133e0c9609d05e0e384c4ea91c648f31b63ecb0f0ef257,3230,4566,1839|1743|3230|3674,"OCR-exact route candidate only; red box marks label, not text. Needs visual source-panel review.",0
2026-05-29,directionality_public_route_probe_v1,1,43,P1_acquire_high_positive_source,find_public_or_request_source_route,stored_higher,H-421,H-421,1423.1,Harappa,SEAL:S,Bull1:W,R/L,+679-740-240-060-550+,679 740 240 060 550,2.27671,cisi_pakistan,305,Pakistan_0305.djvu,https://archive.org/download/TheIndusScript.TextConcordanceAndTablesIravathanMahadevan/Corpus%20of%20Indus%20Seals%20and%20Inscriptions.%20Collections%20in%20Pakistan/page/n305_w2000.jpg,downloaded_and_cropped,public_cisi_plate_route_candidate_needs_visual_review,H421,903|1027|1027|3016,tmp/effective_unicity_directionality_public_route_probe/pages/43_H_421_cisi_pakistan_n305_1.jpg,tmp/effective_unicity_directionality_public_route_probe/crops/43_H_421_cisi_pakistan_n305_1_context.jpg,tmp/effective_unicity_directionality_public_route_probe/crops/43_H_421_cisi_pakistan_n305_1_context_enhanced_x2.jpg,4654f06c3aa933bbf607fbe252945ec5d184044ad59c897444f9c14aba4858ec,1d78f57b8d132440f50a7c0ac8c500739bda4597bbdcc942ba52da4d5019d14f,c8234dd1da8d18aa4cc8cdc79fdd90ef998ef944fdde2c9fb5b8c7623ed1f6e7,3275,4544,343|207|1747|3376,"OCR-exact route candidate only; red box marks label, not text. Needs visual source-panel review.",0
2026-05-29,directionality_public_route_probe_v1,2,43,P1_acquire_high_positive_source,find_public_or_request_source_route,stored_higher,H-421,H-421,1423.1,Harappa,SEAL:S,Bull1:W,R/L,+679-740-240-060-550+,679 740 240 060 550,2.27671,cisi_pakistan,305,Pakistan_0305.djvu,https://archive.org/download/TheIndusScript.TextConcordanceAndTablesIravathanMahadevan/Corpus%20of%20Indus%20Seals%20and%20Inscriptions.%20Collections%20in%20Pakistan/page/n305_w2000.jpg,downloaded_and_cropped,public_cisi_plate_route_candidate_needs_visual_review,H421,2051|2175|2175|2992,tmp/effective_unicity_directionality_public_route_probe/pages/43_H_421_cisi_pakistan_n305_2.jpg,tmp/effective_unicity_directionality_public_route_probe/crops/43_H_421_cisi_pakistan_n305_2_context.jpg,tmp/effective_unicity_directionality_public_route_probe/crops/43_H_421_cisi_pakistan_n305_2_context_enhanced_x2.jpg,4654f06c3aa933bbf607fbe252945ec5d184044ad59c897444f9c14aba4858ec,5066fcc37fdee50471d84fc3a270c71d281056443d460ff453d24a03b4193a54,d38890a4ac29b2286d85de428a1be00e5592f844465968371f1c057b691bfa46,3275,4544,1491|1355|2895|3352,"OCR-exact route candidate only; red box marks label, not text. Needs visual source-panel review.",0
2026-05-29,directionality_public_route_probe_v1,1,45,P1_acquire_high_positive_source,replace_non_source_grade_catalogue_hint,stored_higher,M-915,M-915,3312.1,Mohenjo-daro,SEAL:S,Bull1:W,R/L,+151-097-031+,151 097 031,2.157543,cisi_pakistan,122,Pakistan_0122.djvu,https://archive.org/download/TheIndusScript.TextConcordanceAndTablesIravathanMahadevan/Corpus%20of%20Indus%20Seals%20and%20Inscriptions.%20Collections%20in%20Pakistan/page/n122_w2000.jpg,downloaded_and_cropped,public_cisi_plate_route_candidate_needs_visual_review,M-915,1850|1063|1978|1978,tmp/effective_unicity_directionality_public_route_probe/pages/45_M_915_cisi_pakistan_n122_1.jpg,tmp/effective_unicity_directionality_public_route_probe/crops/45_M_915_cisi_pakistan_n122_1_context.jpg,tmp/effective_unicity_directionality_public_route_probe/crops/45_M_915_cisi_pakistan_n122_1_context_enhanced_x2.jpg,9ee454ee65a5a48636a51787889780c6c7aa0ade425d08dcf8a267b71b9c3ae3,43d7ad9a3713a6a6670262ea540b4893a4a07b6ab19a865e57ccf4fb270c80db,8cbe791a3c7f6b5d6829eeb360db2064eafb488795728546ecc3128a44bf4a4c,3182,4539,1290|243|2698|2338,"OCR-exact route candidate only; red box marks label, not text. Needs visual source-panel review.",0
2026-05-29,directionality_public_route_probe_v1,2,45,P1_acquire_high_positive_source,replace_non_source_grade_catalogue_hint,stored_higher,M-915,M-915,3312.1,Mohenjo-daro,SEAL:S,Bull1:W,R/L,+151-097-031+,151 097 031,2.157543,cisi_pakistan,122,Pakistan_0122.djvu,https://archive.org/download/TheIndusScript.TextConcordanceAndTablesIravathanMahadevan/Corpus%20of%20Indus%20Seals%20and%20Inscriptions.%20Collections%20in%20Pakistan/page/n122_w2000.jpg,downloaded_and_cropped,public_cisi_plate_route_candidate_needs_visual_review,M 915,2574|1047|2714|2714,tmp/effective_unicity_directionality_public_route_probe/pages/45_M_915_cisi_pakistan_n122_2.jpg,tmp/effective_unicity_directionality_public_route_probe/crops/45_M_915_cisi_pakistan_n122_2_context.jpg,tmp/effective_unicity_directionality_public_route_probe/crops/45_M_915_cisi_pakistan_n122_2_context_enhanced_x2.jpg,9ee454ee65a5a48636a51787889780c6c7aa0ade425d08dcf8a267b71b9c3ae3,7abf5140b1196131434a3bd88f3eaf2f1bd355ce1c1045bffe9bf9238288a0e8,47ea2745a0b8c7ea732d2a7537adcb950e8606f61173fe65fbc4f1ac04c4485a,3182,4539,2014|227|3182|3074,"OCR-exact route candidate only; red box marks label, not text. Needs visual source-panel review.",0
2026-05-29,directionality_public_route_probe_v1,1,49,P1_acquire_high_positive_source,replace_non_source_grade_catalogue_hint,stored_higher,H-611,H-611,1551.1,Harappa,SEAL:S,None,R/L,+527-550-002-125-590+,527 550 002 125 590,2.114368,cisi_pakistan,335,Pakistan_0335.djvu,https://archive.org/download/TheIndusScript.TextConcordanceAndTablesIravathanMahadevan/Corpus%20of%20Indus%20Seals%20and%20Inscriptions.%20Collections%20in%20Pakistan/page/n335_w2000.jpg,downloaded_and_cropped,public_cisi_plate_route_candidate_needs_visual_review,H 611,664|692|788|4356,tmp/effective_unicity_directionality_public_route_probe/pages/49_H_611_cisi_pakistan_n335_1.jpg,tmp/effective_unicity_directionality_public_route_probe/crops/49_H_611_cisi_pakistan_n335_1_context.jpg,tmp/effective_unicity_directionality_public_route_probe/crops/49_H_611_cisi_pakistan_n335_1_context_enhanced_x2.jpg,325526d6a990febab1db4f92e80a77ff695fdcbd5a6789df608ce5d9a74670f3,2df481b1b7e76e9c2246dd96b7bc81770bb2ebe9e01d417194b463c1932a6867,83393bf2df29a2d1665aba4bde1e1c6683eca5b0454170052a8913d1739851db,3252,4536,104|0|1508|4536,"OCR-exact route candidate only; red box marks label, not text. Needs visual source-panel review.",0
2026-05-29,directionality_public_route_probe_v1,1,50,P1_acquire_high_positive_source,find_public_or_request_source_route,stored_higher,M-1314,M-1314,3619.1,Mohenjo-daro,SEAL:R,None,R/L,+407-016-001-740-923+,407 016 001 740 923,2.101751,cisi_pakistan,202,Pakistan_0202.djvu,https://archive.org/download/TheIndusScript.TextConcordanceAndTablesIravathanMahadevan/Corpus%20of%20Indus%20Seals%20and%20Inscriptions.%20Collections%20in%20Pakistan/page/n202_w2000.jpg,downloaded_and_cropped,public_cisi_plate_route_candidate_needs_visual_review,M-1314,2596|2760|2760|2970,tmp/effective_unicity_directionality_public_route_probe/pages/50_M_1314_cisi_pakistan_n202_1.jpg,tmp/effective_unicity_directionality_public_route_probe/crops/50_M_1314_cisi_pakistan_n202_1_context.jpg,tmp/effective_unicity_directionality_public_route_probe/crops/50_M_1314_cisi_pakistan_n202_1_context_enhanced_x2.jpg,03f2d9ecf9f7c063f861c2e11e71af60d1df70073a89db45362ef059347b1bf2,6e3ed97b3645c736a7f48e35cfd1e72894a22cfa50b551953fc372833915481b,d03700993eb5d859b5071f33f7c438c35560c68a15a4b906439bf2bde9d64616,3236,4566,2036|1940|3236|3330,"OCR-exact route candidate only; red box marks label, not text. Needs visual source-panel review.",0
2026-05-29,directionality_public_route_probe_v1,2,50,P1_acquire_high_positive_source,find_public_or_request_source_route,stored_higher,M-1314,M-1314,3619.1,Mohenjo-daro,SEAL:R,None,R/L,+407-016-001-740-923+,407 016 001 740 923,2.101751,cisi_pakistan,473,Pakistan_0473.djvu,https://archive.org/download/TheIndusScript.TextConcordanceAndTablesIravathanMahadevan/Corpus%20of%20Indus%20Seals%20and%20Inscriptions.%20Collections%20in%20Pakistan/page/n473_w2000.jpg,downloaded_and_cropped,public_cisi_late_register_or_data_route_not_source_panel,M-1314,228|336|336|2214,tmp/effective_unicity_directionality_public_route_probe/pages/50_M_1314_cisi_pakistan_n473_2.jpg,tmp/effective_unicity_directionality_public_route_probe/crops/50_M_1314_cisi_pakistan_n473_2_context.jpg,tmp/effective_unicity_directionality_public_route_probe/crops/50_M_1314_cisi_pakistan_n473_2_context_enhanced_x2.jpg,190b77a22dc03b2034dd5519ec4831e46dd8eb9c2f7034c3f77e825ff20179f8,e91f6ee5dd26846c43d9ed7b81ac049d75e5f575b2ed6f37c15f8be935c80936,ec65ec522948991d0a7fa9fe8d31e5d1b9ea40a04ca6b8131fc1af7343c03497,3252,4542,0|0|1056|2574,"OCR-exact route candidate only; red box marks label, not text. Needs visual source-panel review.",0
2026-05-29,directionality_public_route_probe_v1,1,51,P1_acquire_high_positive_source,replace_non_source_grade_catalogue_hint,stored_higher,H-985,H-985;M-97,1861.2,Harappa,TAB:I,None,R/L,+156-435-255+,156 435 255,2.100476,cisi_pakistan,378,Pakistan_0378.djvu,https://archive.org/download/TheIndusScript.TextConcordanceAndTablesIravathanMahadevan/Corpus%20of%20Indus%20Seals%20and%20Inscriptions.%20Collections%20in%20Pakistan/page/n378_w2000.jpg,downloaded_and_cropped,public_cisi_plate_route_candidate_needs_visual_review,H-985,372|500|500|1908,tmp/effective_unicity_directionality_public_route_probe/pages/51_H_985_cisi_pakistan_n378_1.jpg,tmp/effective_unicity_directionality_public_route_probe/crops/51_H_985_cisi_pakistan_n378_1_context.jpg,tmp/effective_unicity_directionality_public_route_probe/crops/51_H_985_cisi_pakistan_n378_1_context_enhanced_x2.jpg,46523892c72c1e842b6905fe1326c44e73cba49c077471069b1fad19757309d5,c5342a0a735a504d4e77852720d55a2ebf9d205617da0874ec6d8e2f391908a0,450ceb5670f5945de786cecfda08ade6678c5e25b448b93faca2597ed379b70f,3288,4532,0|0|1220|2268,"OCR-exact route candidate only; red box marks label, not text. Needs visual source-panel review.",0
2026-05-29,directionality_public_route_probe_v1,2,51,P1_acquire_high_positive_source,replace_non_source_grade_catalogue_hint,stored_higher,H-985,H-985;M-97,1861.2,Harappa,TAB:I,None,R/L,+156-435-255+,156 435 255,2.100476,cisi_pakistan,378,Pakistan_0378.djvu,https://archive.org/download/TheIndusScript.TextConcordanceAndTablesIravathanMahadevan/Corpus%20of%20Indus%20Seals%20and%20Inscriptions.%20Collections%20in%20Pakistan/page/n378_w2000.jpg,downloaded_and_cropped,public_cisi_plate_route_candidate_needs_visual_review,H-985,360|488|488|2808,tmp/effective_unicity_directionality_public_route_probe/pages/51_H_985_cisi_pakistan_n378_2.jpg,tmp/effective_unicity_directionality_public_route_probe/crops/51_H_985_cisi_pakistan_n378_2_context.jpg,tmp/effective_unicity_directionality_public_route_probe/crops/51_H_985_cisi_pakistan_n378_2_context_enhanced_x2.jpg,46523892c72c1e842b6905fe1326c44e73cba49c077471069b1fad19757309d5,920ee7c72ffa997ef8f72d48aad1c000632007723729c9b36786a4ad8478f8f9,8b008a26b0a7226ee16065d3508156e3cda50159950716714869d0401b0c1e48,3288,4532,0|0|1208|3168,"OCR-exact route candidate only; red box marks label, not text. Needs visual source-panel review.",0
2026-05-29,directionality_public_route_probe_v1,3,51,P1_acquire_high_positive_source,replace_non_source_grade_catalogue_hint,stored_higher,H-985,H-985;M-97,1861.2,Harappa,TAB:I,None,R/L,+156-435-255+,156 435 255,2.100476,cisi_pakistan,478,Pakistan_0478.djvu,https://archive.org/download/TheIndusScript.TextConcordanceAndTablesIravathanMahadevan/Corpus%20of%20Indus%20Seals%20and%20Inscriptions.%20Collections%20in%20Pakistan/page/n478_w2000.jpg,downloaded_and_cropped,public_cisi_late_register_or_data_route_not_source_panel,H-985,1908|1992|1992|2159,tmp/effective_unicity_directionality_public_route_probe/pages/51_H_985_cisi_pakistan_n478_3.jpg,tmp/effective_unicity_directionality_public_route_probe/crops/51_H_985_cisi_pakistan_n478_3_context.jpg,tmp/effective_unicity_directionality_public_route_probe/crops/51_H_985_cisi_pakistan_n478_3_context_enhanced_x2.jpg,6553e946f1f0b5588a054f65e6c59d53518e3cc2ed85d8aeb131136d27dfd55f,6bd827f5327c05c0aa12e22285b9dd2de95bb8d1842e015feff1f99128bbc93d,b6c5792140db46c937bf43804c87221caed143e58c0df0b05a8392a8c28810fb,3236,4543,1348|1172|2712|2519,"OCR-exact route candidate only; red box marks label, not text. Needs visual source-panel review.",0
2026-05-29,directionality_public_route_probe_v1,1,52,P1_acquire_high_positive_source,replace_non_source_grade_catalogue_hint,stored_higher,M-575,M-1528;M-1529;M-1530;M-1531;M-1532;M-575;M-576,3779.1,Mohenjo-daro,TAB:C,Othr,R/L,+617-142-597-032-905+,617 142 597 032 905,2.0677,cisi_india,34,India_0034.djvu,https://archive.org/download/TheIndusScript.TextConcordanceAndTablesIravathanMahadevan/Corpus%20of%20Indus%20Seals%20and%20Inscriptions.%20Collections%20in%20India/page/n34_w2000.jpg,downloaded_and_cropped,public_cisi_plate_route_candidate_needs_visual_review,(M-575,736|884|884|1697,tmp/effective_unicity_directionality_public_route_probe/pages/52_M_575_cisi_india_n34_1.jpg,tmp/effective_unicity_directionality_public_route_probe/crops/52_M_575_cisi_india_n34_1_context.jpg,tmp/effective_unicity_directionality_public_route_probe/crops/52_M_575_cisi_india_n34_1_context_enhanced_x2.jpg,29d08f8d3fc6dec77910ebd9e432d6654913775c5c19e34040c29698f8873dca,91679997011f9e4b2d26ede264f3412edafcff92c1ba58c34fd4e5289c40813c,6bbe551e6180596abfd4351680b0e1f75e54745c43922f2a9bb339bb18253dd9,2381,3435,176|64|1604|2057,"OCR-exact route candidate only; red box marks label, not text. Needs visual source-panel review.",0
2026-05-29,directionality_public_route_probe_v1,2,52,P1_acquire_high_positive_source,replace_non_source_grade_catalogue_hint,stored_higher,M-575,M-1528;M-1529;M-1530;M-1531;M-1532;M-575;M-576,3779.1,Mohenjo-daro,TAB:C,Othr,R/L,+617-142-597-032-905+,617 142 597 032 905,2.0677,cisi_india,465,India_0465.djvu,https://archive.org/download/TheIndusScript.TextConcordanceAndTablesIravathanMahadevan/Corpus%20of%20Indus%20Seals%20and%20Inscriptions.%20Collections%20in%20India/page/n465_w2000.jpg,downloaded_and_cropped,public_cisi_late_register_or_data_route_not_source_panel,(M-575,736|884|884|1697,tmp/effective_unicity_directionality_public_route_probe/pages/52_M_575_cisi_india_n465_2.jpg,tmp/effective_unicity_directionality_public_route_probe/crops/52_M_575_cisi_india_n465_2_context.jpg,tmp/effective_unicity_directionality_public_route_probe/crops/52_M_575_cisi_india_n465_2_context_enhanced_x2.jpg,29d08f8d3fc6dec77910ebd9e432d6654913775c5c19e34040c29698f8873dca,91679997011f9e4b2d26ede264f3412edafcff92c1ba58c34fd4e5289c40813c,6bbe551e6180596abfd4351680b0e1f75e54745c43922f2a9bb339bb18253dd9,2381,3435,176|64|1604|2057,"OCR-exact route candidate only; red box marks label, not text. Needs visual source-panel review.",0
2026-05-29,directionality_public_route_probe_v1,1,56,P1_audit_reversed_anomaly,find_public_or_request_source_route,reversed_higher,H-2,H-2,1063.1,Harappa,SEAL:S,Bull1:W,R/L,+232-740-176-745-440-617+,232 740 176 745 440 617,-0.076159,cisi_india,193,India_0193.djvu,https://archive.org/download/TheIndusScript.TextConcordanceAndTablesIravathanMahadevan/Corpus%20of%20Indus%20Seals%20and%20Inscriptions.%20Collections%20in%20India/page/n193_w2000.jpg,downloaded_and_cropped,public_cisi_plate_route_candidate_volume_mismatch_check_needed,H-2,626|686|686|1388,tmp/effective_unicity_directionality_public_route_probe/pages/56_H_2_cisi_india_n193_1.jpg,tmp/effective_unicity_directionality_public_route_probe/crops/56_H_2_cisi_india_n193_1_context.jpg,tmp/effective_unicity_directionality_public_route_probe/crops/56_H_2_cisi_india_n193_1_context_enhanced_x2.jpg,960ee2a509fa465606bac06f5b0a7a0d591f894b8be77aa57753e22c5d8401a3,29ac543b0480107db917e6dadab575e46572ecf51941bc1e2f858a26f324e480,3961af4420671eeaea24092a5f9538bab64fb7f94a7d83503936ce397625a562,2443,3485,66|0|1406|1748,"OCR-exact route candidate only; red box marks label, not text. Needs visual source-panel review.",0
2026-05-29,directionality_public_route_probe_v1,2,56,P1_audit_reversed_anomaly,find_public_or_request_source_route,reversed_higher,H-2,H-2,1063.1,Harappa,SEAL:S,Bull1:W,R/L,+232-740-176-745-440-617+,232 740 176 745 440 617,-0.076159,cisi_india,193,India_0193.djvu,https://archive.org/download/TheIndusScript.TextConcordanceAndTablesIravathanMahadevan/Corpus%20of%20Indus%20Seals%20and%20Inscriptions.%20Collections%20in%20India/page/n193_w2000.jpg,downloaded_and_cropped,public_cisi_plate_route_candidate_volume_mismatch_check_needed,H-2,632|693|693|2748,tmp/effective_unicity_directionality_public_route_probe/pages/56_H_2_cisi_india_n193_2.jpg,tmp/effective_unicity_directionality_public_route_probe/crops/56_H_2_cisi_india_n193_2_context.jpg,tmp/effective_unicity_directionality_public_route_probe/crops/56_H_2_cisi_india_n193_2_context_enhanced_x2.jpg,960ee2a509fa465606bac06f5b0a7a0d591f894b8be77aa57753e22c5d8401a3,1ebe4803f3e2669111b60e28b93f88c08b46a9a558cfd3c4dfa88beba43b2742,9a96f549687490ed567ca9066008aeba12123f7779ac6fd49bcd4f2643632a44,2443,3485,72|0|1413|3108,"OCR-exact route candidate only; red box marks label, not text. Needs visual source-panel review.",0
2026-05-29,directionality_public_route_probe_v1,3,56,P1_audit_reversed_anomaly,find_public_or_request_source_route,reversed_higher,H-2,H-2,1063.1,Harappa,SEAL:S,Bull1:W,R/L,+232-740-176-745-440-617+,232 740 176 745 440 617,-0.076159,cisi_pakistan,477,Pakistan_0477.djvu,https://archive.org/download/TheIndusScript.TextConcordanceAndTablesIravathanMahadevan/Corpus%20of%20Indus%20Seals%20and%20Inscriptions.%20Collections%20in%20Pakistan/page/n477_w2000.jpg,downloaded_and_cropped,public_cisi_late_register_or_data_route_not_source_panel,H2«,1879|1967|1967|2496,tmp/effective_unicity_directionality_public_route_probe/pages/56_H_2_cisi_pakistan_n477_3.jpg,tmp/effective_unicity_directionality_public_route_probe/crops/56_H_2_cisi_pakistan_n477_3_context.jpg,tmp/effective_unicity_directionality_public_route_probe/crops/56_H_2_cisi_pakistan_n477_3_context_enhanced_x2.jpg,7bfab22e9b876bb643a4e9eb51e0bf3ff0a0918285c5a90dd190a7ace07ba399,ab12f360139a3e8c545f56c9fd7e1ff144b934c007efbdfbd266b2877c51f7a4,58ededaf243039133cc5af6ca4ae8c7e74ad0501b022061226582b3102d71ac3,3255,4548,1319|1147|2687|2856,"OCR-exact route candidate only; red box marks label, not text. Needs visual source-panel review.",0
2026-05-29,directionality_public_route_probe_v1,4,56,P1_audit_reversed_anomaly,find_public_or_request_source_route,reversed_higher,H-2,H-2,1063.1,Harappa,SEAL:S,Bull1:W,R/L,+232-740-176-745-440-617+,232 740 176 745 440 617,-0.076159,cisi_india,624,India_0624.djvu,https://archive.org/download/TheIndusScript.TextConcordanceAndTablesIravathanMahadevan/Corpus%20of%20Indus%20Seals%20and%20Inscriptions.%20Collections%20in%20India/page/n624_w2000.jpg,downloaded_and_cropped,public_cisi_late_register_or_data_route_not_source_panel,H-2,626|686|686|1388,tmp/effective_unicity_directionality_public_route_probe/pages/56_H_2_cisi_india_n624_4.jpg,tmp/effective_unicity_directionality_public_route_probe/crops/56_H_2_cisi_india_n624_4_context.jpg,tmp/effective_unicity_directionality_public_route_probe/crops/56_H_2_cisi_india_n624_4_context_enhanced_x2.jpg,960ee2a509fa465606bac06f5b0a7a0d591f894b8be77aa57753e22c5d8401a3,29ac543b0480107db917e6dadab575e46572ecf51941bc1e2f858a26f324e480,3961af4420671eeaea24092a5f9538bab64fb7f94a7d83503936ce397625a562,2443,3485,66|0|1406|1748,"OCR-exact route candidate only; red box marks label, not text. Needs visual source-panel review.",0
2026-05-29,directionality_public_route_probe_v1,1,57,P1_audit_reversed_anomaly,replace_non_source_grade_catalogue_hint,reversed_higher,M-40,M-40,2568.1,Mohenjo-daro,SEAL:S,Bull1:J,R/L,+391-002-527-475-005+,391 002 527 475 005,-0.107771,cisi_india,55,India_0055.djvu,https://archive.org/download/TheIndusScript.TextConcordanceAndTablesIravathanMahadevan/Corpus%20of%20Indus%20Seals%20and%20Inscriptions.%20Collections%20in%20India/page/n55_w2000.jpg,downloaded_and_cropped,public_cisi_plate_route_candidate_needs_visual_review,M-40,448|531|531|3229,tmp/effective_unicity_directionality_public_route_probe/pages/57_M_40_cisi_india_n55_1.jpg,tmp/effective_unicity_directionality_public_route_probe/crops/57_M_40_cisi_india_n55_1_context.jpg,tmp/effective_unicity_directionality_public_route_probe/crops/57_M_40_cisi_india_n55_1_context_enhanced_x2.jpg,e221c5942fcff1c20b0147eb364185047fa621030ae408a72c0e9d8d59d6cb1b,09d87eb8fd8f5783ea2a1dc1990711f153649e3bc459677aac08b7540beda70a,f4c0ca14e52742af0a48ff0f970cff5ed08457b2929d41008c804aac0fd06384,2354,3436,0|0|1251|3436,"OCR-exact route candidate only; red box marks label, not text. Needs visual source-panel review.",0
2026-05-29,directionality_public_route_probe_v1,2,57,P1_audit_reversed_anomaly,replace_non_source_grade_catalogue_hint,reversed_higher,M-40,M-40,2568.1,Mohenjo-daro,SEAL:S,Bull1:J,R/L,+391-002-527-475-005+,391 002 527 475 005,-0.107771,cisi_india,401,India_0401.djvu,https://archive.org/download/TheIndusScript.TextConcordanceAndTablesIravathanMahadevan/Corpus%20of%20Indus%20Seals%20and%20Inscriptions.%20Collections%20in%20India/page/n401_w2000.jpg,downloaded_and_cropped,public_cisi_late_register_or_data_route_not_source_panel,M-40,1373|1187|1431|1431,tmp/effective_unicity_directionality_public_route_probe/pages/57_M_40_cisi_india_n401_2.jpg,tmp/effective_unicity_directionality_public_route_probe/crops/57_M_40_cisi_india_n401_2_context.jpg,tmp/effective_unicity_directionality_public_route_probe/crops/57_M_40_cisi_india_n401_2_context_enhanced_x2.jpg,31128bd4cd527d650435044de15b875984bade9416f8cd92fc6892ebf28f4e00,6b9c8d4b6d73df1980cbf14439e2126705f44d8b2b09324b4730ccdeaf26aeb7,8df56e0407177dbf6cbb90199afe7d121cc7d0219cdd454d26bd084dd024f4ac,2444,3441,813|367|2151|1791,"OCR-exact route candidate only; red box marks label, not text. Needs visual source-panel review.",0
2026-05-29,directionality_public_route_probe_v1,3,57,P1_audit_reversed_anomaly,replace_non_source_grade_catalogue_hint,reversed_higher,M-40,M-40,2568.1,Mohenjo-daro,SEAL:S,Bull1:J,R/L,+391-002-527-475-005+,391 002 527 475 005,-0.107771,cisi_india,486,India_0486.djvu,https://archive.org/download/TheIndusScript.TextConcordanceAndTablesIravathanMahadevan/Corpus%20of%20Indus%20Seals%20and%20Inscriptions.%20Collections%20in%20India/page/n486_w2000.jpg,downloaded_and_cropped,public_cisi_late_register_or_data_route_not_source_panel,M-40,448|531|531|3229,tmp/effective_unicity_directionality_public_route_probe/pages/57_M_40_cisi_india_n486_3.jpg,tmp/effective_unicity_directionality_public_route_probe/crops/57_M_40_cisi_india_n486_3_context.jpg,tmp/effective_unicity_directionality_public_route_probe/crops/57_M_40_cisi_india_n486_3_context_enhanced_x2.jpg,e221c5942fcff1c20b0147eb364185047fa621030ae408a72c0e9d8d59d6cb1b,09d87eb8fd8f5783ea2a1dc1990711f153649e3bc459677aac08b7540beda70a,f4c0ca14e52742af0a48ff0f970cff5ed08457b2929d41008c804aac0fd06384,2354,3436,0|0|1251|3436,"OCR-exact route candidate only; red box marks label, not text. Needs visual source-panel review.",0
2026-05-29,directionality_public_route_probe_v1,4,57,P1_audit_reversed_anomaly,replace_non_source_grade_catalogue_hint,reversed_higher,M-40,M-40,2568.1,Mohenjo-daro,SEAL:S,Bull1:J,R/L,+391-002-527-475-005+,391 002 527 475 005,-0.107771,cisi_india,832,India_0832.djvu,https://archive.org/download/TheIndusScript.TextConcordanceAndTablesIravathanMahadevan/Corpus%20of%20Indus%20Seals%20and%20Inscriptions.%20Collections%20in%20India/page/n832_w2000.jpg,downloaded_and_cropped,public_cisi_late_register_or_data_route_not_source_panel,M-40,1373|1187|1431|1431,tmp/effective_unicity_directionality_public_route_probe/pages/57_M_40_cisi_india_n832_4.jpg,tmp/effective_unicity_directionality_public_route_probe/crops/57_M_40_cisi_india_n832_4_context.jpg,tmp/effective_unicity_directionality_public_route_probe/crops/57_M_40_cisi_india_n832_4_context_enhanced_x2.jpg,31128bd4cd527d650435044de15b875984bade9416f8cd92fc6892ebf28f4e00,6b9c8d4b6d73df1980cbf14439e2126705f44d8b2b09324b4730ccdeaf26aeb7,8df56e0407177dbf6cbb90199afe7d121cc7d0219cdd454d26bd084dd024f4ac,2444,3441,813|367|2151|1791,"OCR-exact route candidate only; red box marks label, not text. Needs visual source-panel review.",0
2026-05-29,directionality_public_route_probe_v1,1,59,P1_audit_reversed_anomaly,find_public_or_request_source_route,reversed_higher,M-1424,M-1424,3709.1,Mohenjo-daro,TAB:B,Gaur,R/L,+875-700-384-125+,875 700 384 125,-0.129325,cisi_pakistan,226,Pakistan_0226.djvu,https://archive.org/download/TheIndusScript.TextConcordanceAndTablesIravathanMahadevan/Corpus%20of%20Indus%20Seals%20and%20Inscriptions.%20Collections%20in%20Pakistan/page/n226_w2000.jpg,downloaded_and_cropped,public_cisi_plate_route_candidate_needs_visual_review,M-1424,2019|889|2180|2180,tmp/effective_unicity_directionality_public_route_probe/pages/59_M_1424_cisi_pakistan_n226_1.jpg,tmp/effective_unicity_directionality_public_route_probe/crops/59_M_1424_cisi_pakistan_n226_1_context.jpg,tmp/effective_unicity_directionality_public_route_probe/crops/59_M_1424_cisi_pakistan_n226_1_context_enhanced_x2.jpg,2d3d2471f6cad3860137529615aa349ca961f6c1892a74db6729fd5168bdfed8,3aa220d1f3e63d7891bc7b9491db6fd4aec52b43995af737f95e77e4ac9036e5,2f15f7d97a7d93827f9e0dbc00a26dda77a9ac071e89effa2c768ceb11faaeb7,3231,4554,1459|69|2900|2540,"OCR-exact route candidate only; red box marks label, not text. Needs visual source-panel review.",0
2026-05-29,directionality_public_route_probe_v1,2,59,P1_audit_reversed_anomaly,find_public_or_request_source_route,reversed_higher,M-1424,M-1424,3709.1,Mohenjo-daro,TAB:B,Gaur,R/L,+875-700-384-125+,875 700 384 125,-0.129325,cisi_pakistan,226,Pakistan_0226.djvu,https://archive.org/download/TheIndusScript.TextConcordanceAndTablesIravathanMahadevan/Corpus%20of%20Indus%20Seals%20and%20Inscriptions.%20Collections%20in%20Pakistan/page/n226_w2000.jpg,downloaded_and_cropped,public_cisi_plate_route_candidate_needs_visual_review,M-1424,2009|1714|2168|2168,tmp/effective_unicity_directionality_public_route_probe/pages/59_M_1424_cisi_pakistan_n226_2.jpg,tmp/effective_unicity_directionality_public_route_probe/crops/59_M_1424_cisi_pakistan_n226_2_context.jpg,tmp/effective_unicity_directionality_public_route_probe/crops/59_M_1424_cisi_pakistan_n226_2_context_enhanced_x2.jpg,2d3d2471f6cad3860137529615aa349ca961f6c1892a74db6729fd5168bdfed8,54d09dd5ead4fcd0b5e2946fced905872ccc533c2dc0363b5e0cbeb3f8fd616e,4a962918fb447d5b2f5ba9f1f6df1bf3603b05b8a10001f4eccfe59389bbebc5,3231,4554,1449|894|2888|2528,"OCR-exact route candidate only; red box marks label, not text. Needs visual source-panel review.",0
2026-05-29,directionality_public_route_probe_v1,3,59,P1_audit_reversed_anomaly,find_public_or_request_source_route,reversed_higher,M-1424,M-1424,3709.1,Mohenjo-daro,TAB:B,Gaur,R/L,+875-700-384-125+,875 700 384 125,-0.129325,cisi_pakistan,226,Pakistan_0226.djvu,https://archive.org/download/TheIndusScript.TextConcordanceAndTablesIravathanMahadevan/Corpus%20of%20Indus%20Seals%20and%20Inscriptions.%20Collections%20in%20Pakistan/page/n226_w2000.jpg,downloaded_and_cropped,public_cisi_plate_route_candidate_needs_visual_review,M-1424,2015|2174|2174|2656,tmp/effective_unicity_directionality_public_route_probe/pages/59_M_1424_cisi_pakistan_n226_3.jpg,tmp/effective_unicity_directionality_public_route_probe/crops/59_M_1424_cisi_pakistan_n226_3_context.jpg,tmp/effective_unicity_directionality_public_route_probe/crops/59_M_1424_cisi_pakistan_n226_3_context_enhanced_x2.jpg,2d3d2471f6cad3860137529615aa349ca961f6c1892a74db6729fd5168bdfed8,ddbfd44bebf1a4e5d5363746ee2f02adf194fc0c99ee3c98a97d8cbadc38524d,48e8b5398671bc10ef12a9a4908b81383ab4378dbb0e86a75fcdaf2a6e9ec884,3231,4554,1455|1354|2894|3016,"OCR-exact route candidate only; red box marks label, not text. Needs visual source-panel review.",0
2026-05-29,directionality_public_route_probe_v1,4,59,P1_audit_reversed_anomaly,find_public_or_request_source_route,reversed_higher,M-1424,M-1424,3709.1,Mohenjo-daro,TAB:B,Gaur,R/L,+875-700-384-125+,875 700 384 125,-0.129325,cisi_pakistan,226,Pakistan_0226.djvu,https://archive.org/download/TheIndusScript.TextConcordanceAndTablesIravathanMahadevan/Corpus%20of%20Indus%20Seals%20and%20Inscriptions.%20Collections%20in%20Pakistan/page/n226_w2000.jpg,downloaded_and_cropped,public_cisi_plate_route_candidate_needs_visual_review,M-1424,1996|2155|2155|3526,tmp/effective_unicity_directionality_public_route_probe/pages/59_M_1424_cisi_pakistan_n226_4.jpg,tmp/effective_unicity_directionality_public_route_probe/crops/59_M_1424_cisi_pakistan_n226_4_context.jpg,tmp/effective_unicity_directionality_public_route_probe/crops/59_M_1424_cisi_pakistan_n226_4_context_enhanced_x2.jpg,2d3d2471f6cad3860137529615aa349ca961f6c1892a74db6729fd5168bdfed8,cfc47969ce9e9a05d77f0940add7a010366392fa4611529d834fb9b283c0ade2,ba35105cb3631bce6a409333958751d57c0964cf684e9b1c32b25b0c1d69a606,3231,4554,1436|1335|2875|3886,"OCR-exact route candidate only; red box marks label, not text. Needs visual source-panel review.",0
2026-05-29,directionality_public_route_probe_v1,1,61,P1_audit_reversed_anomaly,replace_non_source_grade_catalogue_hint,reversed_higher,M-490,M-490;M-491,2972.1,Mohenjo-daro,TAB:B,Scene,R/L,+850-140-803-002-840-016+,850 140 803 002 840 016,-0.148013,cisi_india,155,India_0155.djvu,https://archive.org/download/TheIndusScript.TextConcordanceAndTablesIravathanMahadevan/Corpus%20of%20Indus%20Seals%20and%20Inscriptions.%20Collections%20in%20India/page/n155_w2000.jpg,downloaded_and_cropped,public_cisi_plate_route_candidate_needs_visual_review,M-490,1567|1672|1672|1983,tmp/effective_unicity_directionality_public_route_probe/pages/61_M_490_cisi_india_n155_1.jpg,tmp/effective_unicity_directionality_public_route_probe/crops/61_M_490_cisi_india_n155_1_context.jpg,tmp/effective_unicity_directionality_public_route_probe/crops/61_M_490_cisi_india_n155_1_context_enhanced_x2.jpg,d09ecdbb74f893b80825a50e3f3a1554826ba7fde8da29d434b3e220e1f27d28,a70436d2ca3a3890cdba8b99c896dc72a03b3bf290909b85d499650c900585ed,e943f2945c2a71ee218a80f8a9d7771e7c4c3f5e8894129e21a91a19ac813e1e,2441,3491,1007|852|2392|2343,"OCR-exact route candidate only; red box marks label, not text. Needs visual source-panel review.",0
2026-05-29,directionality_public_route_probe_v1,2,61,P1_audit_reversed_anomaly,replace_non_source_grade_catalogue_hint,reversed_higher,M-490,M-490;M-491,2972.1,Mohenjo-daro,TAB:B,Scene,R/L,+850-140-803-002-840-016+,850 140 803 002 840 016,-0.148013,cisi_india,155,India_0155.djvu,https://archive.org/download/TheIndusScript.TextConcordanceAndTablesIravathanMahadevan/Corpus%20of%20Indus%20Seals%20and%20Inscriptions.%20Collections%20in%20India/page/n155_w2000.jpg,downloaded_and_cropped,public_cisi_plate_route_candidate_needs_visual_review,M-490,1615|1719|1719|2294,tmp/effective_unicity_directionality_public_route_probe/pages/61_M_490_cisi_india_n155_2.jpg,tmp/effective_unicity_directionality_public_route_probe/crops/61_M_490_cisi_india_n155_2_context.jpg,tmp/effective_unicity_directionality_public_route_probe/crops/61_M_490_cisi_india_n155_2_context_enhanced_x2.jpg,d09ecdbb74f893b80825a50e3f3a1554826ba7fde8da29d434b3e220e1f27d28,0ff1d82821850852449d97d7dd43fa72176aec970f86ce98f3a70d6d356e1cbc,1606791809781901ef9e1da5f26f64ae99401e2e351311622d3effafc6921c66,2441,3491,1055|899|2439|2654,"OCR-exact route candidate only; red box marks label, not text. Needs visual source-panel review.",0
2026-05-29,directionality_public_route_probe_v1,3,61,P1_audit_reversed_anomaly,replace_non_source_grade_catalogue_hint,reversed_higher,M-490,M-490;M-491,2972.1,Mohenjo-daro,TAB:B,Scene,R/L,+850-140-803-002-840-016+,850 140 803 002 840 016,-0.148013,cisi_india,586,India_0586.djvu,https://archive.org/download/TheIndusScript.TextConcordanceAndTablesIravathanMahadevan/Corpus%20of%20Indus%20Seals%20and%20Inscriptions.%20Collections%20in%20India/page/n586_w2000.jpg,downloaded_and_cropped,public_cisi_late_register_or_data_route_not_source_panel,M-490,1567|1672|1672|1983,tmp/effective_unicity_directionality_public_route_probe/pages/61_M_490_cisi_india_n586_3.jpg,tmp/effective_unicity_directionality_public_route_probe/crops/61_M_490_cisi_india_n586_3_context.jpg,tmp/effective_unicity_directionality_public_route_probe/crops/61_M_490_cisi_india_n586_3_context_enhanced_x2.jpg,d09ecdbb74f893b80825a50e3f3a1554826ba7fde8da29d434b3e220e1f27d28,a70436d2ca3a3890cdba8b99c896dc72a03b3bf290909b85d499650c900585ed,e943f2945c2a71ee218a80f8a9d7771e7c4c3f5e8894129e21a91a19ac813e1e,2441,3491,1007|852|2392|2343,"OCR-exact route candidate only; red box marks label, not text. Needs visual source-panel review.",0
2026-05-29,directionality_public_route_probe_v1,4,61,P1_audit_reversed_anomaly,replace_non_source_grade_catalogue_hint,reversed_higher,M-490,M-490;M-491,2972.1,Mohenjo-daro,TAB:B,Scene,R/L,+850-140-803-002-840-016+,850 140 803 002 840 016,-0.148013,cisi_india,586,India_0586.djvu,https://archive.org/download/TheIndusScript.TextConcordanceAndTablesIravathanMahadevan/Corpus%20of%20Indus%20Seals%20and%20Inscriptions.%20Collections%20in%20India/page/n586_w2000.jpg,downloaded_and_cropped,public_cisi_late_register_or_data_route_not_source_panel,M-490,1615|1719|1719|2294,tmp/effective_unicity_directionality_public_route_probe/pages/61_M_490_cisi_india_n586_4.jpg,tmp/effective_unicity_directionality_public_route_probe/crops/61_M_490_cisi_india_n586_4_context.jpg,tmp/effective_unicity_directionality_public_route_probe/crops/61_M_490_cisi_india_n586_4_context_enhanced_x2.jpg,d09ecdbb74f893b80825a50e3f3a1554826ba7fde8da29d434b3e220e1f27d28,0ff1d82821850852449d97d7dd43fa72176aec970f86ce98f3a70d6d356e1cbc,1606791809781901ef9e1da5f26f64ae99401e2e351311622d3effafc6921c66,2441,3491,1055|899|2439|2654,"OCR-exact route candidate only; red box marks label, not text. Needs visual source-panel review.",0
2026-05-29,directionality_public_route_probe_v1,1,64,P1_audit_reversed_anomaly,find_public_or_request_source_route,reversed_higher,H-4,H-4,1065.1,Harappa,SEAL:S,Bull1:W,R/L,+220-063-051+,220 063 051,-0.169222,cisi_india,195,India_0195.djvu,https://archive.org/download/TheIndusScript.TextConcordanceAndTablesIravathanMahadevan/Corpus%20of%20Indus%20Seals%20and%20Inscriptions.%20Collections%20in%20India/page/n195_w2000.jpg,downloaded_and_cropped,public_cisi_plate_route_candidate_volume_mismatch_check_needed,H 4,716|741|774|2748,tmp/effective_unicity_directionality_public_route_probe/pages/64_H_4_cisi_india_n195_1.jpg,tmp/effective_unicity_directionality_public_route_probe/crops/64_H_4_cisi_india_n195_1_context.jpg,tmp/effective_unicity_directionality_public_route_probe/crops/64_H_4_cisi_india_n195_1_context_enhanced_x2.jpg,13afc10550e722a23246560eb459b4eae3a874d633c523210628d5f173eb2aca,faa4fd2fae4da9e99a36d9f7a6172c5188a1787b59d5938c1e1d6e73f2a5edc8,f8c058dc5c0d1ddd1fbddc72cf58ae6738476b8b71f0c8b8155f644227dac923,2448,3495,156|0|1494|3108,"OCR-exact route candidate only; red box marks label, not text. Needs visual source-panel review.",0
2026-05-29,directionality_public_route_probe_v1,2,64,P1_audit_reversed_anomaly,find_public_or_request_source_route,reversed_higher,H-4,H-4,1065.1,Harappa,SEAL:S,Bull1:W,R/L,+220-063-051+,220 063 051,-0.169222,cisi_pakistan,471,Pakistan_0471.djvu,https://archive.org/download/TheIndusScript.TextConcordanceAndTablesIravathanMahadevan/Corpus%20of%20Indus%20Seals%20and%20Inscriptions.%20Collections%20in%20Pakistan/page/n471_w2000.jpg,downloaded_and_cropped,public_cisi_late_register_or_data_route_not_source_panel,H 4,224|248|270|1534,tmp/effective_unicity_directionality_public_route_probe/pages/64_H_4_cisi_pakistan_n471_2.jpg,tmp/effective_unicity_directionality_public_route_probe/crops/64_H_4_cisi_pakistan_n471_2_context.jpg,tmp/effective_unicity_directionality_public_route_probe/crops/64_H_4_cisi_pakistan_n471_2_context_enhanced_x2.jpg,f8b383accd877f98970fb6ffe28ddc9d289d85d33bd5a36b52ae54dc3ff5dd81,28ff2f626e77acaa67cb724bd34965199cfb75f10e2077b922a84106e18300d4,d0d6174dea10a8ecf6765bf048bc89a01a3e6771444b313ce1816ff5d5d86f73,3252,4542,0|0|990|1894,"OCR-exact route candidate only; red box marks label, not text. Needs visual source-panel review.",0
2026-05-29,directionality_public_route_probe_v1,3,64,P1_audit_reversed_anomaly,find_public_or_request_source_route,reversed_higher,H-4,H-4,1065.1,Harappa,SEAL:S,Bull1:W,R/L,+220-063-051+,220 063 051,-0.169222,cisi_pakistan,471,Pakistan_0471.djvu,https://archive.org/download/TheIndusScript.TextConcordanceAndTablesIravathanMahadevan/Corpus%20of%20Indus%20Seals%20and%20Inscriptions.%20Collections%20in%20Pakistan/page/n471_w2000.jpg,downloaded_and_cropped,public_cisi_late_register_or_data_route_not_source_panel,H4>,2992|1346|3044|3044,tmp/effective_unicity_directionality_public_route_probe/pages/64_H_4_cisi_pakistan_n471_3.jpg,tmp/effective_unicity_directionality_public_route_probe/crops/64_H_4_cisi_pakistan_n471_3_context.jpg,tmp/effective_unicity_directionality_public_route_probe/crops/64_H_4_cisi_pakistan_n471_3_context_enhanced_x2.jpg,f8b383accd877f98970fb6ffe28ddc9d289d85d33bd5a36b52ae54dc3ff5dd81,b5eee6136aca56a67c04e4f8480d19a51942fe3757df25d919e372dbf75237bc,ddf79537469c66358551dabf019623b565ee1c079868147a2cecf5e2cbf6b141,3252,4542,2432|526|3252|3404,"OCR-exact route candidate only; red box marks label, not text. Needs visual source-panel review.",0
2026-05-29,directionality_public_route_probe_v1,4,64,P1_audit_reversed_anomaly,find_public_or_request_source_route,reversed_higher,H-4,H-4,1065.1,Harappa,SEAL:S,Bull1:W,R/L,+220-063-051+,220 063 051,-0.169222,cisi_pakistan,475,Pakistan_0475.djvu,https://archive.org/download/TheIndusScript.TextConcordanceAndTablesIravathanMahadevan/Corpus%20of%20Indus%20Seals%20and%20Inscriptions.%20Collections%20in%20Pakistan/page/n475_w2000.jpg,downloaded_and_cropped,public_cisi_late_register_or_data_route_not_source_panel,H4»,1947|2036|2036|2538,tmp/effective_unicity_directionality_public_route_probe/pages/64_H_4_cisi_pakistan_n475_4.jpg,tmp/effective_unicity_directionality_public_route_probe/crops/64_H_4_cisi_pakistan_n475_4_context.jpg,tmp/effective_unicity_directionality_public_route_probe/crops/64_H_4_cisi_pakistan_n475_4_context_enhanced_x2.jpg,b3d5a06d404d6a978deb17a9514ae23605d31976627992837def45764a090655,0c10990ae1da515a32058f936624ab559648f6cda6483feda44148c83de43ce6,d3c0420f874f1164f7fe6c17009f4cf17ea6d57c744f5161467d30fe764f8cf6,3252,4542,1387|1216|2756|2898,"OCR-exact route candidate only; red box marks label, not text. Needs visual source-panel review.",0
2026-05-29,directionality_public_route_probe_v1,1,66,P1_audit_reversed_anomaly,find_public_or_request_source_route,reversed_higher,H-642,H-642,1557.1,Harappa,SEAL:R,None,R/L,+001-304-354-125-812-033+,001 304 354 125 812 033,-0.190221,cisi_pakistan,339,Pakistan_0339.djvu,https://archive.org/download/TheIndusScript.TextConcordanceAndTablesIravathanMahadevan/Corpus%20of%20Indus%20Seals%20and%20Inscriptions.%20Collections%20in%20Pakistan/page/n339_w2000.jpg,downloaded_and_cropped,public_cisi_plate_route_candidate_needs_visual_review,H-642,1780|1910|1910|4363,tmp/effective_unicity_directionality_public_route_probe/pages/66_H_642_cisi_pakistan_n339_1.jpg,tmp/effective_unicity_directionality_public_route_probe/crops/66_H_642_cisi_pakistan_n339_1_context.jpg,tmp/effective_unicity_directionality_public_route_probe/crops/66_H_642_cisi_pakistan_n339_1_context_enhanced_x2.jpg,06f1ccc95d6530e235d9144723ca90965e096363bcb1b4de245617a5fd319b27,080f64697bb05f9eedfe361ab4e2581e8453d62eaba2604ac40219c427dbbf22,4c71201d0b61f807c4abdd8e5109e9e5eaa8d35e77feb65d15655841bd497c9d,3256,4543,1220|1090|2630|4543,"OCR-exact route candidate only; red box marks label, not text. Needs visual source-panel review.",0
2026-05-29,directionality_public_route_probe_v1,2,66,P1_audit_reversed_anomaly,find_public_or_request_source_route,reversed_higher,H-642,H-642,1557.1,Harappa,SEAL:R,None,R/L,+001-304-354-125-812-033+,001 304 354 125 812 033,-0.190221,cisi_pakistan,339,Pakistan_0339.djvu,https://archive.org/download/TheIndusScript.TextConcordanceAndTablesIravathanMahadevan/Corpus%20of%20Indus%20Seals%20and%20Inscriptions.%20Collections%20in%20Pakistan/page/n339_w2000.jpg,downloaded_and_cropped,public_cisi_plate_route_candidate_needs_visual_review,£ H 642,792|824|1612|3423,tmp/effective_unicity_directionality_public_route_probe/pages/66_H_642_cisi_pakistan_n339_2.jpg,tmp/effective_unicity_directionality_public_route_probe/crops/66_H_642_cisi_pakistan_n339_2_context.jpg,tmp/effective_unicity_directionality_public_route_probe/crops/66_H_642_cisi_pakistan_n339_2_context_enhanced_x2.jpg,06f1ccc95d6530e235d9144723ca90965e096363bcb1b4de245617a5fd319b27,6b287ffaba4a1aabe0e5ffaab6af4dbfc240959be96d920254330c09754b6512,2a441fa55a3973d9410993fdb2a3a27422dc1aec523fbcd30296b0caa9b03ba5,3256,4543,232|4|2332|3783,"OCR-exact route candidate only; red box marks label, not text. Needs visual source-panel review.",0
2026-05-29,directionality_public_route_probe_v1,3,66,P1_audit_reversed_anomaly,find_public_or_request_source_route,reversed_higher,H-642,H-642,1557.1,Harappa,SEAL:R,None,R/L,+001-304-354-125-812-033+,001 304 354 125 812 033,-0.190221,cisi_pakistan,339,Pakistan_0339.djvu,https://archive.org/download/TheIndusScript.TextConcordanceAndTablesIravathanMahadevan/Corpus%20of%20Indus%20Seals%20and%20Inscriptions.%20Collections%20in%20Pakistan/page/n339_w2000.jpg,downloaded_and_cropped,public_cisi_plate_route_candidate_needs_visual_review,H 642,792|824|916|3423,tmp/effective_unicity_directionality_public_route_probe/pages/66_H_642_cisi_pakistan_n339_3.jpg,tmp/effective_unicity_directionality_public_route_probe/crops/66_H_642_cisi_pakistan_n339_3_context.jpg,tmp/effective_unicity_directionality_public_route_probe/crops/66_H_642_cisi_pakistan_n339_3_context_enhanced_x2.jpg,06f1ccc95d6530e235d9144723ca90965e096363bcb1b4de245617a5fd319b27,1cbecc9618834bf8524d30948166d5fafb95c463545c5f8c4799d63806cf53cc,9e7c94d59bcb47e7c7caec2bcd8cc4394321db27a6c17c7bf2d9ee7e78daa80f,3256,4543,232|4|1636|3783,"OCR-exact route candidate only; red box marks label, not text. Needs visual source-panel review.",0
2026-05-29,directionality_public_route_probe_v1,4,66,P1_audit_reversed_anomaly,find_public_or_request_source_route,reversed_higher,H-642,H-642,1557.1,Harappa,SEAL:R,None,R/L,+001-304-354-125-812-033+,001 304 354 125 812 033,-0.190221,cisi_pakistan,339,Pakistan_0339.djvu,https://archive.org/download/TheIndusScript.TextConcordanceAndTablesIravathanMahadevan/Corpus%20of%20Indus%20Seals%20and%20Inscriptions.%20Collections%20in%20Pakistan/page/n339_w2000.jpg,downloaded_and_cropped,public_cisi_plate_route_candidate_needs_visual_review,H 642,552|584|684|4379,tmp/effective_unicity_directionality_public_route_probe/pages/66_H_642_cisi_pakistan_n339_4.jpg,tmp/effective_unicity_directionality_public_route_probe/crops/66_H_642_cisi_pakistan_n339_4_context.jpg,tmp/effective_unicity_directionality_public_route_probe/crops/66_H_642_cisi_pakistan_n339_4_context_enhanced_x2.jpg,06f1ccc95d6530e235d9144723ca90965e096363bcb1b4de245617a5fd319b27,e7a5bc179ab0dc2ce3ed42501ea5f1a05500fe484141e4a26cd40a5dbe3d0c71,6c059abf46c1d1f50170102eb8f95430b552c7d61229a822a1aa6f24190451cb,3256,4543,0|0|1404|4543,"OCR-exact route candidate only; red box marks label, not text. Needs visual source-panel review.",0
2026-05-29,directionality_public_route_probe_v1,1,68,P1_audit_reversed_anomaly,replace_non_source_grade_catalogue_hint,reversed_higher,M-828,M-828,3240.1,Mohenjo-daro,SEAL:S,Bull1,R/L,+590-165-032-840+,590 165 032 840,-0.31412,cisi_pakistan,107,Pakistan_0107.djvu,https://archive.org/download/TheIndusScript.TextConcordanceAndTablesIravathanMahadevan/Corpus%20of%20Indus%20Seals%20and%20Inscriptions.%20Collections%20in%20Pakistan/page/n107_w2000.jpg,downloaded_and_cropped,public_cisi_plate_route_candidate_needs_visual_review,M 828,465|508|606|3362,tmp/effective_unicity_directionality_public_route_probe/pages/68_M_828_cisi_pakistan_n107_1.jpg,tmp/effective_unicity_directionality_public_route_probe/crops/68_M_828_cisi_pakistan_n107_1_context.jpg,tmp/effective_unicity_directionality_public_route_probe/crops/68_M_828_cisi_pakistan_n107_1_context_enhanced_x2.jpg,f94cc0304a17c2e14e795d882b43535a690116a5caa673ffbdb12960d004b20e,2644d01444f24b68f2a1470bb5cc1e17b828381bcce644bdbaed3a3fb04b2d05,8835cc548cdb5f242467e63c5615aa5bada3644b2d6a159ef9a0711671acb301,3206,4551,0|0|1326|3722,"OCR-exact route candidate only; red box marks label, not text. Needs visual source-panel review.",0
2026-05-29,directionality_public_route_probe_v1,2,68,P1_audit_reversed_anomaly,replace_non_source_grade_catalogue_hint,reversed_higher,M-828,M-828,3240.1,Mohenjo-daro,SEAL:S,Bull1,R/L,+590-165-032-840+,590 165 032 840,-0.31412,cisi_pakistan,107,Pakistan_0107.djvu,https://archive.org/download/TheIndusScript.TextConcordanceAndTablesIravathanMahadevan/Corpus%20of%20Indus%20Seals%20and%20Inscriptions.%20Collections%20in%20Pakistan/page/n107_w2000.jpg,downloaded_and_cropped,public_cisi_plate_route_candidate_needs_visual_review,M 828,490|532|630|4385,tmp/effective_unicity_directionality_public_route_probe/pages/68_M_828_cisi_pakistan_n107_2.jpg,tmp/effective_unicity_directionality_public_route_probe/crops/68_M_828_cisi_pakistan_n107_2_context.jpg,tmp/effective_unicity_directionality_public_route_probe/crops/68_M_828_cisi_pakistan_n107_2_context_enhanced_x2.jpg,f94cc0304a17c2e14e795d882b43535a690116a5caa673ffbdb12960d004b20e,a4ab415e89c09544c8d5e1ba2a50e481ad3529ca359d9eeed790cb2f3e8ae2d3,80baed6dcbeb77d39c7a51a49540484b5b4e872205c2926ff092c0c182f35624,3206,4551,0|0|1350|4551,"OCR-exact route candidate only; red box marks label, not text. Needs visual source-panel review.",0
2026-05-29,directionality_public_route_probe_v1,1,70,P1_audit_reversed_anomaly,find_public_or_request_source_route,reversed_higher,M-1103,M-1103,3474.1,Mohenjo-daro,SEAL:S,Zebu,R/L,+001-820-595-760-706-635+,001 820 595 760 706 635,-0.339353,cisi_pakistan,150,Pakistan_0150.djvu,https://archive.org/download/TheIndusScript.TextConcordanceAndTablesIravathanMahadevan/Corpus%20of%20Indus%20Seals%20and%20Inscriptions.%20Collections%20in%20Pakistan/page/n150_w2000.jpg,downloaded_and_cropped,public_cisi_plate_route_candidate_needs_visual_review,M-1103,1354|1513|1513|3995,tmp/effective_unicity_directionality_public_route_probe/pages/70_M_1103_cisi_pakistan_n150_1.jpg,tmp/effective_unicity_directionality_public_route_probe/crops/70_M_1103_cisi_pakistan_n150_1_context.jpg,tmp/effective_unicity_directionality_public_route_probe/crops/70_M_1103_cisi_pakistan_n150_1_context_enhanced_x2.jpg,2f880aa490ffe6fe143a39200d8f75ca7fdd5ddb0c3df9d55d3a92ed21c0794f,b5123a3ef5cdb6c77917ab3b256996fdecf27bb192a2dc81d5fd3cfe827dc2f7,d7dd43b1a92a27cc825750ad5a3e108a4b2d6aa836d25ad07dd40d678a85c9cd,3226,4515,794|693|2233|4355,"OCR-exact route candidate only; red box marks label, not text. Needs visual source-panel review.",0
2026-05-29,directionality_public_route_probe_v1,2,70,P1_audit_reversed_anomaly,find_public_or_request_source_route,reversed_higher,M-1103,M-1103,3474.1,Mohenjo-daro,SEAL:S,Zebu,R/L,+001-820-595-760-706-635+,001 820 595 760 706 635,-0.339353,cisi_pakistan,150,Pakistan_0150.djvu,https://archive.org/download/TheIndusScript.TextConcordanceAndTablesIravathanMahadevan/Corpus%20of%20Indus%20Seals%20and%20Inscriptions.%20Collections%20in%20Pakistan/page/n150_w2000.jpg,downloaded_and_cropped,public_cisi_plate_route_candidate_needs_visual_review,M-1103,2314|1558|2478|2478,tmp/effective_unicity_directionality_public_route_probe/pages/70_M_1103_cisi_pakistan_n150_2.jpg,tmp/effective_unicity_directionality_public_route_probe/crops/70_M_1103_cisi_pakistan_n150_2_context.jpg,tmp/effective_unicity_directionality_public_route_probe/crops/70_M_1103_cisi_pakistan_n150_2_context_enhanced_x2.jpg,2f880aa490ffe6fe143a39200d8f75ca7fdd5ddb0c3df9d55d3a92ed21c0794f,c13486f3b56f1548bdce5edeb15038ffe61300c8b3786653ce59a547694e9b1d,79182544eed61608a7c729c61ee598cb405e1513965b8dcf9ca90c4f418d194b,3226,4515,1754|738|3198|2838,"OCR-exact route candidate only; red box marks label, not text. Needs visual source-panel review.",0
2026-05-29,directionality_public_route_probe_v1,3,70,P1_audit_reversed_anomaly,find_public_or_request_source_route,reversed_higher,M-1103,M-1103,3474.1,Mohenjo-daro,SEAL:S,Zebu,R/L,+001-820-595-760-706-635+,001 820 595 760 706 635,-0.339353,cisi_pakistan,150,Pakistan_0150.djvu,https://archive.org/download/TheIndusScript.TextConcordanceAndTablesIravathanMahadevan/Corpus%20of%20Indus%20Seals%20and%20Inscriptions.%20Collections%20in%20Pakistan/page/n150_w2000.jpg,downloaded_and_cropped,public_cisi_plate_route_candidate_needs_visual_review,M -1103,2325|2365|2486|2950,tmp/effective_unicity_directionality_public_route_probe/pages/70_M_1103_cisi_pakistan_n150_3.jpg,tmp/effective_unicity_directionality_public_route_probe/crops/70_M_1103_cisi_pakistan_n150_3_context.jpg,tmp/effective_unicity_directionality_public_route_probe/crops/70_M_1103_cisi_pakistan_n150_3_context_enhanced_x2.jpg,2f880aa490ffe6fe143a39200d8f75ca7fdd5ddb0c3df9d55d3a92ed21c0794f,432dec44bce7e9e2a49080571b18ee785cf4395752a13a2b7666c8114612968b,4c85872767d72ccc9ab2778f55122a3d3dcafdb5f507531cae6578f5fda4bfde,3226,4515,1765|1545|3206|3310,"OCR-exact route candidate only; red box marks label, not text. Needs visual source-panel review.",0
2026-05-29,directionality_public_route_probe_v1,4,70,P1_audit_reversed_anomaly,find_public_or_request_source_route,reversed_higher,M-1103,M-1103,3474.1,Mohenjo-daro,SEAL:S,Zebu,R/L,+001-820-595-760-706-635+,001 820 595 760 706 635,-0.339353,cisi_pakistan,150,Pakistan_0150.djvu,https://archive.org/download/TheIndusScript.TextConcordanceAndTablesIravathanMahadevan/Corpus%20of%20Indus%20Seals%20and%20Inscriptions.%20Collections%20in%20Pakistan/page/n150_w2000.jpg,downloaded_and_cropped,public_cisi_plate_route_candidate_needs_visual_review,■ [ M -1103,264|320|2528|3984,tmp/effective_unicity_directionality_public_route_probe/pages/70_M_1103_cisi_pakistan_n150_4.jpg,tmp/effective_unicity_directionality_public_route_probe/crops/70_M_1103_cisi_pakistan_n150_4_context.jpg,tmp/effective_unicity_directionality_public_route_probe/crops/70_M_1103_cisi_pakistan_n150_4_context_enhanced_x2.jpg,2f880aa490ffe6fe143a39200d8f75ca7fdd5ddb0c3df9d55d3a92ed21c0794f,cdcfd02c72614809e8d55729567b55d224a5d0f639cc215f75899b0e24a46612,10f8c4e4b646d959c74afe7738da0c7f7fc2f93b41c18b2d1bba0ff0f96697b7,3226,4515,0|0|3226|4344,"OCR-exact route candidate only; red box marks label, not text. Needs visual source-panel review.",0
2026-05-29,directionality_public_route_probe_v1,1,72,P1_audit_reversed_anomaly,replace_non_source_grade_catalogue_hint,reversed_higher,H-796,H-796;M-1930,1687.1,Harappa,TAB:B,None,R/L,+370-455+,370 455,-0.453934,cisi_pakistan,360,Pakistan_0360.djvu,https://archive.org/download/TheIndusScript.TextConcordanceAndTablesIravathanMahadevan/Corpus%20of%20Indus%20Seals%20and%20Inscriptions.%20Collections%20in%20Pakistan/page/n360_w2000.jpg,downloaded_and_cropped,public_cisi_plate_route_candidate_needs_visual_review,H 796,1720|606|1845|1845,tmp/effective_unicity_directionality_public_route_probe/pages/72_H_796_cisi_pakistan_n360_1.jpg,tmp/effective_unicity_directionality_public_route_probe/crops/72_H_796_cisi_pakistan_n360_1_context.jpg,tmp/effective_unicity_directionality_public_route_probe/crops/72_H_796_cisi_pakistan_n360_1_context_enhanced_x2.jpg,3aec58f561928c07dcd62b065b75e782e0ed549d80d029464ec00eb894cf7085,20886d208c109d4b2717b962b94f1fcbb557cc6450f3c1c652726ae05fe4f9a6,482e160f911822c1be2f5d492d83fd83ea3f418a6dcdc93b286ae89a25a9ffc0,3246,4526,1160|0|2565|2205,"OCR-exact route candidate only; red box marks label, not text. Needs visual source-panel review.",0
2026-05-29,directionality_public_route_probe_v1,2,72,P1_audit_reversed_anomaly,replace_non_source_grade_catalogue_hint,reversed_higher,H-796,H-796;M-1930,1687.1,Harappa,TAB:B,None,R/L,+370-455+,370 455,-0.453934,cisi_pakistan,360,Pakistan_0360.djvu,https://archive.org/download/TheIndusScript.TextConcordanceAndTablesIravathanMahadevan/Corpus%20of%20Indus%20Seals%20and%20Inscriptions.%20Collections%20in%20Pakistan/page/n360_w2000.jpg,downloaded_and_cropped,public_cisi_plate_route_candidate_needs_visual_review,H 796,1694|977|1819|1819,tmp/effective_unicity_directionality_public_route_probe/pages/72_H_796_cisi_pakistan_n360_2.jpg,tmp/effective_unicity_directionality_public_route_probe/crops/72_H_796_cisi_pakistan_n360_2_context.jpg,tmp/effective_unicity_directionality_public_route_probe/crops/72_H_796_cisi_pakistan_n360_2_context_enhanced_x2.jpg,3aec58f561928c07dcd62b065b75e782e0ed549d80d029464ec00eb894cf7085,ccb504a0ef4a7040ed5d19468008c18f18cacab90fcf3ee9df8c9fdffd3e5810,1dbeeee70bcd14fa4574e8d27e3c23181093859353e005926be82c19e15b0de8,3246,4526,1134|157|2539|2179,"OCR-exact route candidate only; red box marks label, not text. Needs visual source-panel review.",0
2026-05-29,directionality_public_route_probe_v1,1,75,P1_audit_reversed_anomaly,replace_non_source_grade_catalogue_hint,reversed_higher,M-1629,M-1629,3823.1,Mohenjo-daro,BNGL,None,R/L,+705-032-595-090-175+,705 032 595 090 175,-0.572331,cisi_pakistan,275,Pakistan_0275.djvu,https://archive.org/download/TheIndusScript.TextConcordanceAndTablesIravathanMahadevan/Corpus%20of%20Indus%20Seals%20and%20Inscriptions.%20Collections%20in%20Pakistan/page/n275_w2000.jpg,downloaded_and_cropped,public_cisi_plate_route_candidate_needs_visual_review,M -1629,1325|1365|1487|4379,tmp/effective_unicity_directionality_public_route_probe/pages/75_M_1629_cisi_pakistan_n275_1.jpg,tmp/effective_unicity_directionality_public_route_probe/crops/75_M_1629_cisi_pakistan_n275_1_context.jpg,tmp/effective_unicity_directionality_public_route_probe/crops/75_M_1629_cisi_pakistan_n275_1_context_enhanced_x2.jpg,50e7e1d3341c1c0da1d56123f8304f3db1e7ec66eb3de8285efa118f945b154e,e856129582c36d64a1bee26b18b7bf167604e41afbb117fd4fb9a1de046d81de,e893067bd56f2d14d911fbf2719bd4786c94aa83539a4bc727d7bb6341ac1585,3275,4522,765|545|2207|4522,"OCR-exact route candidate only; red box marks label, not text. Needs visual source-panel review.",0
2026-05-29,directionality_public_route_probe_v1,1,76,P1_audit_reversed_anomaly,find_public_or_request_source_route,reversed_higher,M-1097,M-1097,3469.1,Mohenjo-daro,SEAL:S,Gaur,R/L,+808-347-061+,808 347 061,-0.599474,cisi_pakistan,148,Pakistan_0148.djvu,https://archive.org/download/TheIndusScript.TextConcordanceAndTablesIravathanMahadevan/Corpus%20of%20Indus%20Seals%20and%20Inscriptions.%20Collections%20in%20Pakistan/page/n148_w2000.jpg,downloaded_and_cropped,public_cisi_plate_route_candidate_needs_visual_review,M -1097,424|463|587|3083,tmp/effective_unicity_directionality_public_route_probe/pages/76_M_1097_cisi_pakistan_n148_1.jpg,tmp/effective_unicity_directionality_public_route_probe/crops/76_M_1097_cisi_pakistan_n148_1_context.jpg,tmp/effective_unicity_directionality_public_route_probe/crops/76_M_1097_cisi_pakistan_n148_1_context_enhanced_x2.jpg,d1d75c9d32690000f23bcd0b5b1a27d0473aa8d6ca2b58c20c61fe697d13a9f2,67bc436b8a550d785b00cf7135782f44e5b0177e5dd4a11f8a3731f41d261d80,f930368bb061ed6c4da05e1c34f8ab58ef810af62eba0f1d6fb2f19051e7e39a,3235,4527,0|0|1307|3443,"OCR-exact route candidate only; red box marks label, not text. Needs visual source-panel review.",0
2026-05-29,directionality_public_route_probe_v1,1,78,P1_audit_reversed_anomaly,find_public_or_request_source_route,reversed_higher,M-420,M-420,2914.1,Mohenjo-daro,POT:T:s,None,L/R,+747-004-408+,747 004 408,-0.599474,cisi_india,18,India_0018.djvu,https://archive.org/download/TheIndusScript.TextConcordanceAndTablesIravathanMahadevan/Corpus%20of%20Indus%20Seals%20and%20Inscriptions.%20Collections%20in%20India/page/n18_w2000.jpg,downloaded_and_cropped,public_cisi_plate_route_candidate_needs_visual_review,M-420,1719|1381|1856|1856,tmp/effective_unicity_directionality_public_route_probe/pages/78_M_420_cisi_india_n18_1.jpg,tmp/effective_unicity_directionality_public_route_probe/crops/78_M_420_cisi_india_n18_1_context.jpg,tmp/effective_unicity_directionality_public_route_probe/crops/78_M_420_cisi_india_n18_1_context_enhanced_x2.jpg,e49d298e57c7fb85fcbc713f78b0a2c20c3d4857bc2a211fc8b3e8382b9fc611,9b23bc217b8fd983e854214634d9e0c92db188bf2357418b05f9c9a46c6ea0e8,1d73b12c7be3136c5408be85bcad4297d4ebed782352909518d284ea6029e740,2381,3435,1159|561|2381|2216,"OCR-exact route candidate only; red box marks label, not text. Needs visual source-panel review.",0
2026-05-29,directionality_public_route_probe_v1,2,78,P1_audit_reversed_anomaly,find_public_or_request_source_route,reversed_higher,M-420,M-420,2914.1,Mohenjo-daro,POT:T:s,None,L/R,+747-004-408+,747 004 408,-0.599474,cisi_india,28,India_0028.djvu,https://archive.org/download/TheIndusScript.TextConcordanceAndTablesIravathanMahadevan/Corpus%20of%20Indus%20Seals%20and%20Inscriptions.%20Collections%20in%20India/page/n28_w2000.jpg,downloaded_and_cropped,public_cisi_plate_route_candidate_needs_visual_review,M-420,1604|667|1739|1739,tmp/effective_unicity_directionality_public_route_probe/pages/78_M_420_cisi_india_n28_2.jpg,tmp/effective_unicity_directionality_public_route_probe/crops/78_M_420_cisi_india_n28_2_context.jpg,tmp/effective_unicity_directionality_public_route_probe/crops/78_M_420_cisi_india_n28_2_context_enhanced_x2.jpg,ca7de1b679a1ddcbad1dde910c7bd3afd3e2b66419ee68284d3cac80e6413596,b0adcc1bd2de2746f28df1bb7757dd7b2825e89069b0c575239e45d5771c61af,88ec1c5df1429690d42441c4944bdf89e06792cad850c359b28043f03ff263f7,2391,3444,1044|0|2391|2099,"OCR-exact route candidate only; red box marks label, not text. Needs visual source-panel review.",0
2026-05-29,directionality_public_route_probe_v1,3,78,P1_audit_reversed_anomaly,find_public_or_request_source_route,reversed_higher,M-420,M-420,2914.1,Mohenjo-daro,POT:T:s,None,L/R,+747-004-408+,747 004 408,-0.599474,cisi_india,138,India_0138.djvu,https://archive.org/download/TheIndusScript.TextConcordanceAndTablesIravathanMahadevan/Corpus%20of%20Indus%20Seals%20and%20Inscriptions.%20Collections%20in%20India/page/n138_w2000.jpg,downloaded_and_cropped,public_cisi_plate_route_candidate_needs_visual_review,M-420,289|393|393|1191,tmp/effective_unicity_directionality_public_route_probe/pages/78_M_420_cisi_india_n138_3.jpg,tmp/effective_unicity_directionality_public_route_probe/crops/78_M_420_cisi_india_n138_3_context.jpg,tmp/effective_unicity_directionality_public_route_probe/crops/78_M_420_cisi_india_n138_3_context_enhanced_x2.jpg,ed94655adb077682a6da969c35058ce3ec1730f3b028bb3150e700e5c2f6e021,1fa6cc5ef171a995aa065efb798d1d5a4c391a254f776549d7f769bcd2aca483,6e59974ddf00af1e36e5005d708692591a94fa9b8c2434516edfdc959c906c26,2381,3483,0|0|1113|1551,"OCR-exact route candidate only; red box marks label, not text. Needs visual source-panel review.",0
2026-05-29,directionality_public_route_probe_v1,4,78,P1_audit_reversed_anomaly,find_public_or_request_source_route,reversed_higher,M-420,M-420,2914.1,Mohenjo-daro,POT:T:s,None,L/R,+747-004-408+,747 004 408,-0.599474,cisi_india,138,India_0138.djvu,https://archive.org/download/TheIndusScript.TextConcordanceAndTablesIravathanMahadevan/Corpus%20of%20Indus%20Seals%20and%20Inscriptions.%20Collections%20in%20India/page/n138_w2000.jpg,downloaded_and_cropped,public_cisi_plate_route_candidate_needs_visual_review,M-420,1658|992|1761|1761,tmp/effective_unicity_directionality_public_route_probe/pages/78_M_420_cisi_india_n138_4.jpg,tmp/effective_unicity_directionality_public_route_probe/crops/78_M_420_cisi_india_n138_4_context.jpg,tmp/effective_unicity_directionality_public_route_probe/crops/78_M_420_cisi_india_n138_4_context_enhanced_x2.jpg,ed94655adb077682a6da969c35058ce3ec1730f3b028bb3150e700e5c2f6e021,ac44fe0c036e4adf1fc00233c673bb3969784a68f9aa1a08790c9ec1132774b0,8e75128743cf9fd3d3d09082a965ca37410c1e95c4a759f0738519cdfc08797a,2381,3483,1098|172|2381|2121,"OCR-exact route candidate only; red box marks label, not text. Needs visual source-panel review.",0
