"corpus","scope","control","iteration","rows","tokens","unique_signs_or_symbols","masked_tokens","masked_top1_accuracy","masked_top5_accuracy","masked_mrr"
"Pictish_stones","exact_collapsed_length_2_to_8","global_token_shuffle","0","187","684","78","684","0.106725","0.450292","0.265928"
"Pictish_stones","exact_collapsed_length_2_to_8","global_token_shuffle","1","187","684","78","684","0.071637","0.419591","0.22609"
"Pictish_stones","exact_collapsed_length_2_to_8","global_token_shuffle","2","187","684","78","684","0.099415","0.426901","0.252385"
"Pictish_stones","exact_collapsed_length_2_to_8","global_token_shuffle","3","187","684","78","684","0.086257","0.440058","0.248576"
"Pictish_stones","exact_collapsed_length_2_to_8","global_token_shuffle","4","187","684","78","684","0.122807","0.451754","0.273961"
"Pictish_stones","exact_collapsed_length_2_to_8","global_token_shuffle","5","187","684","78","684","0.105263","0.397661","0.250775"
"Pictish_stones","exact_collapsed_length_2_to_8","global_token_shuffle","6","187","684","78","684","0.099415","0.440058","0.255601"
"Pictish_stones","exact_collapsed_length_2_to_8","global_token_shuffle","7","187","684","78","684","0.071637","0.435673","0.237646"
"Pictish_stones","exact_collapsed_length_2_to_8","global_token_shuffle","8","187","684","78","684","0.080409","0.429825","0.240676"
"Pictish_stones","exact_collapsed_length_2_to_8","global_token_shuffle","9","187","684","78","684","0.081871","0.428363","0.233243"
"Pictish_stones","exact_collapsed_length_2_to_8","global_token_shuffle","10","187","684","78","684","0.084795","0.399123","0.233287"
"Pictish_stones","exact_collapsed_length_2_to_8","global_token_shuffle","11","187","684","78","684","0.106725","0.47076","0.264859"
"Pictish_stones","exact_collapsed_length_2_to_8","global_token_shuffle","12","187","684","78","684","0.096491","0.440058","0.249336"
"Pictish_stones","exact_collapsed_length_2_to_8","global_token_shuffle","13","187","684","78","684","0.081871","0.435673","0.243882"
"Pictish_stones","exact_collapsed_length_2_to_8","global_token_shuffle","14","187","684","78","684","0.111111","0.461988","0.266667"
"Pictish_stones","exact_collapsed_length_2_to_8","global_token_shuffle","15","187","684","78","684","0.096491","0.419591","0.246369"
"Pictish_stones","exact_collapsed_length_2_to_8","global_token_shuffle","16","187","684","78","684","0.080409","0.435673","0.246054"
"Pictish_stones","exact_collapsed_length_2_to_8","global_token_shuffle","17","187","684","78","684","0.076023","0.407895","0.232863"
"Pictish_stones","exact_collapsed_length_2_to_8","global_token_shuffle","18","187","684","78","684","0.095029","0.409357","0.242719"
"Pictish_stones","exact_collapsed_length_2_to_8","global_token_shuffle","19","187","684","78","684","0.084795","0.406433","0.239025"
"Pictish_stones","exact_collapsed_length_2_to_8","global_token_shuffle","20","187","684","78","684","0.093567","0.400585","0.239949"
"Pictish_stones","exact_collapsed_length_2_to_8","global_token_shuffle","21","187","684","78","684","0.054094","0.399123","0.218016"
"Pictish_stones","exact_collapsed_length_2_to_8","global_token_shuffle","22","187","684","78","684","0.076023","0.434211","0.242129"
"Pictish_stones","exact_collapsed_length_2_to_8","global_token_shuffle","23","187","684","78","684","0.083333","0.407895","0.236959"
"Pictish_stones","exact_collapsed_length_2_to_8","global_token_shuffle","24","187","684","78","684","0.096491","0.429825","0.248636"
"Pictish_stones","exact_collapsed_length_2_to_8","global_token_shuffle","25","187","684","78","684","0.096491","0.431287","0.251323"
"Pictish_stones","exact_collapsed_length_2_to_8","global_token_shuffle","26","187","684","78","684","0.093567","0.425439","0.250579"
"Pictish_stones","exact_collapsed_length_2_to_8","global_token_shuffle","27","187","684","78","684","0.097953","0.419591","0.258929"
"Pictish_stones","exact_collapsed_length_2_to_8","global_token_shuffle","28","187","684","78","684","0.086257","0.432749","0.240395"
"Pictish_stones","exact_collapsed_length_2_to_8","global_token_shuffle","29","187","684","78","684","0.084795","0.442982","0.248302"
"Pictish_stones","exact_collapsed_length_2_to_8","global_token_shuffle","30","187","684","78","684","0.074561","0.399123","0.230552"
"Pictish_stones","exact_collapsed_length_2_to_8","global_token_shuffle","31","187","684","78","684","0.105263","0.413743","0.257025"
"Pictish_stones","exact_collapsed_length_2_to_8","global_token_shuffle","32","187","684","78","684","0.083333","0.418129","0.239106"
"Pictish_stones","exact_collapsed_length_2_to_8","global_token_shuffle","33","187","684","78","684","0.062865","0.422515","0.224818"
"Pictish_stones","exact_collapsed_length_2_to_8","global_token_shuffle","34","187","684","78","684","0.087719","0.412281","0.243439"
"Pictish_stones","exact_collapsed_length_2_to_8","global_token_shuffle","35","187","684","78","684","0.096491","0.426901","0.255724"
"Pictish_stones","exact_collapsed_length_2_to_8","global_token_shuffle","36","187","684","78","684","0.087719","0.399123","0.239418"
"Pictish_stones","exact_collapsed_length_2_to_8","global_token_shuffle","37","187","684","78","684","0.076023","0.435673","0.235804"
"Pictish_stones","exact_collapsed_length_2_to_8","global_token_shuffle","38","187","684","78","684","0.080409","0.416667","0.240848"
"Pictish_stones","exact_collapsed_length_2_to_8","global_token_shuffle","39","187","684","78","684","0.090643","0.402047","0.239262"
"Pictish_stones","exact_collapsed_length_2_to_8","row_internal_shuffle","0","187","684","78","684","0.181287","0.476608","0.322277"
"Pictish_stones","exact_collapsed_length_2_to_8","row_internal_shuffle","1","187","684","78","684","0.172515","0.476608","0.320726"
"Pictish_stones","exact_collapsed_length_2_to_8","row_internal_shuffle","2","187","684","78","684","0.172515","0.46345","0.315902"
"Pictish_stones","exact_collapsed_length_2_to_8","row_internal_shuffle","3","187","684","78","684","0.175439","0.475146","0.320326"
"Pictish_stones","exact_collapsed_length_2_to_8","row_internal_shuffle","4","187","684","78","684","0.168129","0.461988","0.306734"
"Pictish_stones","exact_collapsed_length_2_to_8","row_internal_shuffle","5","187","684","78","684","0.169591","0.466374","0.311869"
"Pictish_stones","exact_collapsed_length_2_to_8","row_internal_shuffle","6","187","684","78","684","0.178363","0.480994","0.31973"
"Pictish_stones","exact_collapsed_length_2_to_8","row_internal_shuffle","7","187","684","78","684","0.172515","0.495614","0.318563"
"Pictish_stones","exact_collapsed_length_2_to_8","row_internal_shuffle","8","187","684","78","684","0.153509","0.479532","0.305471"
"Pictish_stones","exact_collapsed_length_2_to_8","row_internal_shuffle","9","187","684","78","684","0.140351","0.472222","0.298077"
"Pictish_stones","exact_collapsed_length_2_to_8","row_internal_shuffle","10","187","684","78","684","0.162281","0.469298","0.308439"
"Pictish_stones","exact_collapsed_length_2_to_8","row_internal_shuffle","11","187","684","78","684","0.162281","0.466374","0.30451"
"Pictish_stones","exact_collapsed_length_2_to_8","row_internal_shuffle","12","187","684","78","684","0.138889","0.467836","0.295002"
"Pictish_stones","exact_collapsed_length_2_to_8","row_internal_shuffle","13","187","684","78","684","0.175439","0.473684","0.317252"
"Pictish_stones","exact_collapsed_length_2_to_8","row_internal_shuffle","14","187","684","78","684","0.160819","0.472222","0.308088"
"Pictish_stones","exact_collapsed_length_2_to_8","row_internal_shuffle","15","187","684","78","684","0.187135","0.505848","0.337313"
"Pictish_stones","exact_collapsed_length_2_to_8","row_internal_shuffle","16","187","684","78","684","0.156433","0.475146","0.304469"
"Pictish_stones","exact_collapsed_length_2_to_8","row_internal_shuffle","17","187","684","78","684","0.20614","0.495614","0.3511"
"Pictish_stones","exact_collapsed_length_2_to_8","row_internal_shuffle","18","187","684","78","684","0.184211","0.476608","0.325782"
"Pictish_stones","exact_collapsed_length_2_to_8","row_internal_shuffle","19","187","684","78","684","0.159357","0.47076","0.304087"
"Pictish_stones","exact_collapsed_length_2_to_8","row_internal_shuffle","20","187","684","78","684","0.181287","0.483918","0.322647"
"Pictish_stones","exact_collapsed_length_2_to_8","row_internal_shuffle","21","187","684","78","684","0.156433","0.47807","0.312804"
"Pictish_stones","exact_collapsed_length_2_to_8","row_internal_shuffle","22","187","684","78","684","0.173977","0.476608","0.322868"
"Pictish_stones","exact_collapsed_length_2_to_8","row_internal_shuffle","23","187","684","78","684","0.159357","0.486842","0.313031"
"Pictish_stones","exact_collapsed_length_2_to_8","row_internal_shuffle","24","187","684","78","684","0.19152","0.495614","0.336265"
"Pictish_stones","exact_collapsed_length_2_to_8","row_internal_shuffle","25","187","684","78","684","0.143275","0.46345","0.29571"
"Pictish_stones","exact_collapsed_length_2_to_8","row_internal_shuffle","26","187","684","78","684","0.141813","0.46345","0.298968"
"Pictish_stones","exact_collapsed_length_2_to_8","row_internal_shuffle","27","187","684","78","684","0.159357","0.467836","0.306081"
"Pictish_stones","exact_collapsed_length_2_to_8","row_internal_shuffle","28","187","684","78","684","0.175439","0.457602","0.314138"
"Pictish_stones","exact_collapsed_length_2_to_8","row_internal_shuffle","29","187","684","78","684","0.137427","0.460526","0.289303"
"Pictish_stones","exact_collapsed_length_2_to_8","row_internal_shuffle","30","187","684","78","684","0.179825","0.486842","0.332874"
"Pictish_stones","exact_collapsed_length_2_to_8","row_internal_shuffle","31","187","684","78","684","0.166667","0.476608","0.314318"
"Pictish_stones","exact_collapsed_length_2_to_8","row_internal_shuffle","32","187","684","78","684","0.162281","0.472222","0.309363"
"Pictish_stones","exact_collapsed_length_2_to_8","row_internal_shuffle","33","187","684","78","684","0.160819","0.48538","0.312949"
"Pictish_stones","exact_collapsed_length_2_to_8","row_internal_shuffle","34","187","684","78","684","0.187135","0.473684","0.32759"
"Pictish_stones","exact_collapsed_length_2_to_8","row_internal_shuffle","35","187","684","78","684","0.188596","0.469298","0.327192"
"Pictish_stones","exact_collapsed_length_2_to_8","row_internal_shuffle","36","187","684","78","684","0.157895","0.48538","0.313333"
"Pictish_stones","exact_collapsed_length_2_to_8","row_internal_shuffle","37","187","684","78","684","0.200292","0.483918","0.336445"
"Pictish_stones","exact_collapsed_length_2_to_8","row_internal_shuffle","38","187","684","78","684","0.176901","0.473684","0.325751"
"Pictish_stones","exact_collapsed_length_2_to_8","row_internal_shuffle","39","187","684","78","684","0.179825","0.47076","0.320178"
"Pictish_stones","exact_collapsed_length_2_to_8","position_slot_shuffle","0","187","684","78","684","0.144737","0.523392","0.32299"
"Pictish_stones","exact_collapsed_length_2_to_8","position_slot_shuffle","1","187","684","78","684","0.128655","0.520468","0.308794"
"Pictish_stones","exact_collapsed_length_2_to_8","position_slot_shuffle","2","187","684","78","684","0.160819","0.530702","0.331262"
"Pictish_stones","exact_collapsed_length_2_to_8","position_slot_shuffle","3","187","684","78","684","0.162281","0.54386","0.331629"
"Pictish_stones","exact_collapsed_length_2_to_8","position_slot_shuffle","4","187","684","78","684","0.128655","0.516082","0.303069"
"Pictish_stones","exact_collapsed_length_2_to_8","position_slot_shuffle","5","187","684","78","684","0.140351","0.55117","0.32172"
"Pictish_stones","exact_collapsed_length_2_to_8","position_slot_shuffle","6","187","684","78","684","0.154971","0.53655","0.321439"
"Pictish_stones","exact_collapsed_length_2_to_8","position_slot_shuffle","7","187","684","78","684","0.131579","0.516082","0.309996"
"Pictish_stones","exact_collapsed_length_2_to_8","position_slot_shuffle","8","187","684","78","684","0.149123","0.523392","0.322101"
"Pictish_stones","exact_collapsed_length_2_to_8","position_slot_shuffle","9","187","684","78","684","0.103801","0.51462","0.296171"
"Pictish_stones","exact_collapsed_length_2_to_8","position_slot_shuffle","10","187","684","78","684","0.156433","0.532164","0.325588"
"Pictish_stones","exact_collapsed_length_2_to_8","position_slot_shuffle","11","187","684","78","684","0.134503","0.527778","0.312376"
"Pictish_stones","exact_collapsed_length_2_to_8","position_slot_shuffle","12","187","684","78","684","0.122807","0.508772","0.307954"
"Pictish_stones","exact_collapsed_length_2_to_8","position_slot_shuffle","13","187","684","78","684","0.119883","0.532164","0.302301"
"Pictish_stones","exact_collapsed_length_2_to_8","position_slot_shuffle","14","187","684","78","684","0.146199","0.519006","0.318873"
"Pictish_stones","exact_collapsed_length_2_to_8","position_slot_shuffle","15","187","684","78","684","0.163743","0.52924","0.329271"
"Pictish_stones","exact_collapsed_length_2_to_8","position_slot_shuffle","16","187","684","78","684","0.147661","0.540936","0.321949"
"Pictish_stones","exact_collapsed_length_2_to_8","position_slot_shuffle","17","187","684","78","684","0.127193","0.52924","0.311438"
"Pictish_stones","exact_collapsed_length_2_to_8","position_slot_shuffle","18","187","684","78","684","0.149123","0.532164","0.320582"
"Pictish_stones","exact_collapsed_length_2_to_8","position_slot_shuffle","19","187","684","78","684","0.147661","0.526316","0.318206"
"Pictish_stones","exact_collapsed_length_2_to_8","position_slot_shuffle","20","187","684","78","684","0.163743","0.546784","0.337325"
"Pictish_stones","exact_collapsed_length_2_to_8","position_slot_shuffle","21","187","684","78","684","0.143275","0.51462","0.320182"
"Pictish_stones","exact_collapsed_length_2_to_8","position_slot_shuffle","22","187","684","78","684","0.153509","0.530702","0.325703"
"Pictish_stones","exact_collapsed_length_2_to_8","position_slot_shuffle","23","187","684","78","684","0.131579","0.52193","0.316147"
"Pictish_stones","exact_collapsed_length_2_to_8","position_slot_shuffle","24","187","684","78","684","0.122807","0.524854","0.305783"
"Pictish_stones","exact_collapsed_length_2_to_8","position_slot_shuffle","25","187","684","78","684","0.121345","0.52193","0.304018"
"Pictish_stones","exact_collapsed_length_2_to_8","position_slot_shuffle","26","187","684","78","684","0.147661","0.554094","0.326384"
"Pictish_stones","exact_collapsed_length_2_to_8","position_slot_shuffle","27","187","684","78","684","0.137427","0.538012","0.320501"
"Pictish_stones","exact_collapsed_length_2_to_8","position_slot_shuffle","28","187","684","78","684","0.125731","0.526316","0.307392"
"Pictish_stones","exact_collapsed_length_2_to_8","position_slot_shuffle","29","187","684","78","684","0.178363","0.54386","0.338584"
"Pictish_stones","exact_collapsed_length_2_to_8","position_slot_shuffle","30","187","684","78","684","0.144737","0.530702","0.325582"
"Pictish_stones","exact_collapsed_length_2_to_8","position_slot_shuffle","31","187","684","78","684","0.149123","0.527778","0.319431"
"Pictish_stones","exact_collapsed_length_2_to_8","position_slot_shuffle","32","187","684","78","684","0.137427","0.530702","0.309948"
"Pictish_stones","exact_collapsed_length_2_to_8","position_slot_shuffle","33","187","684","78","684","0.133041","0.530702","0.311661"
"Pictish_stones","exact_collapsed_length_2_to_8","position_slot_shuffle","34","187","684","78","684","0.153509","0.54386","0.329272"
"Pictish_stones","exact_collapsed_length_2_to_8","position_slot_shuffle","35","187","684","78","684","0.165205","0.524854","0.331986"
"Pictish_stones","exact_collapsed_length_2_to_8","position_slot_shuffle","36","187","684","78","684","0.168129","0.52193","0.333898"
"Pictish_stones","exact_collapsed_length_2_to_8","position_slot_shuffle","37","187","684","78","684","0.147661","0.523392","0.317884"
"Pictish_stones","exact_collapsed_length_2_to_8","position_slot_shuffle","38","187","684","78","684","0.146199","0.53655","0.32434"
"Pictish_stones","exact_collapsed_length_2_to_8","position_slot_shuffle","39","187","684","78","684","0.150585","0.532164","0.324939"
"Pictish_stones","exact_collapsed_length_2_to_8","edge_frame_shuffle","0","187","684","78","684","0.147661","0.530702","0.312015"
"Pictish_stones","exact_collapsed_length_2_to_8","edge_frame_shuffle","1","187","684","78","684","0.138889","0.519006","0.314823"
"Pictish_stones","exact_collapsed_length_2_to_8","edge_frame_shuffle","2","187","684","78","684","0.141813","0.502924","0.309329"
"Pictish_stones","exact_collapsed_length_2_to_8","edge_frame_shuffle","3","187","684","78","684","0.162281","0.53655","0.322328"
"Pictish_stones","exact_collapsed_length_2_to_8","edge_frame_shuffle","4","187","684","78","684","0.138889","0.486842","0.302122"
"Pictish_stones","exact_collapsed_length_2_to_8","edge_frame_shuffle","5","187","684","78","684","0.121345","0.497076","0.296817"
"Pictish_stones","exact_collapsed_length_2_to_8","edge_frame_shuffle","6","187","684","78","684","0.128655","0.527778","0.306763"
"Pictish_stones","exact_collapsed_length_2_to_8","edge_frame_shuffle","7","187","684","78","684","0.159357","0.52193","0.325401"
"Pictish_stones","exact_collapsed_length_2_to_8","edge_frame_shuffle","8","187","684","78","684","0.137427","0.498538","0.307276"
"Pictish_stones","exact_collapsed_length_2_to_8","edge_frame_shuffle","9","187","684","78","684","0.130117","0.517544","0.305526"
"Pictish_stones","exact_collapsed_length_2_to_8","edge_frame_shuffle","10","187","684","78","684","0.133041","0.504386","0.304445"
"Pictish_stones","exact_collapsed_length_2_to_8","edge_frame_shuffle","11","187","684","78","684","0.149123","0.523392","0.316657"
"Pictish_stones","exact_collapsed_length_2_to_8","edge_frame_shuffle","12","187","684","78","684","0.131579","0.5","0.307535"
"Pictish_stones","exact_collapsed_length_2_to_8","edge_frame_shuffle","13","187","684","78","684","0.140351","0.52924","0.315158"
"Pictish_stones","exact_collapsed_length_2_to_8","edge_frame_shuffle","14","187","684","78","684","0.134503","0.508772","0.306234"
"Pictish_stones","exact_collapsed_length_2_to_8","edge_frame_shuffle","15","187","684","78","684","0.146199","0.505848","0.30973"
"Pictish_stones","exact_collapsed_length_2_to_8","edge_frame_shuffle","16","187","684","78","684","0.143275","0.502924","0.307315"
"Pictish_stones","exact_collapsed_length_2_to_8","edge_frame_shuffle","17","187","684","78","684","0.127193","0.504386","0.299099"
"Pictish_stones","exact_collapsed_length_2_to_8","edge_frame_shuffle","18","187","684","78","684","0.128655","0.517544","0.305626"
"Pictish_stones","exact_collapsed_length_2_to_8","edge_frame_shuffle","19","187","684","78","684","0.130117","0.486842","0.299763"
"Pictish_stones","exact_collapsed_length_2_to_8","edge_frame_shuffle","20","187","684","78","684","0.140351","0.524854","0.314129"
"Pictish_stones","exact_collapsed_length_2_to_8","edge_frame_shuffle","21","187","684","78","684","0.149123","0.513158","0.316628"
"Pictish_stones","exact_collapsed_length_2_to_8","edge_frame_shuffle","22","187","684","78","684","0.140351","0.502924","0.306886"
"Pictish_stones","exact_collapsed_length_2_to_8","edge_frame_shuffle","23","187","684","78","684","0.124269","0.516082","0.306072"
"Pictish_stones","exact_collapsed_length_2_to_8","edge_frame_shuffle","24","187","684","78","684","0.121345","0.51462","0.303023"
"Pictish_stones","exact_collapsed_length_2_to_8","edge_frame_shuffle","25","187","684","78","684","0.143275","0.504386","0.307564"
"Pictish_stones","exact_collapsed_length_2_to_8","edge_frame_shuffle","26","187","684","78","684","0.144737","0.505848","0.313665"
"Pictish_stones","exact_collapsed_length_2_to_8","edge_frame_shuffle","27","187","684","78","684","0.122807","0.511696","0.296992"
"Pictish_stones","exact_collapsed_length_2_to_8","edge_frame_shuffle","28","187","684","78","684","0.144737","0.520468","0.318796"
"Pictish_stones","exact_collapsed_length_2_to_8","edge_frame_shuffle","29","187","684","78","684","0.140351","0.519006","0.309571"
"Pictish_stones","exact_collapsed_length_2_to_8","edge_frame_shuffle","30","187","684","78","684","0.133041","0.488304","0.30228"
"Pictish_stones","exact_collapsed_length_2_to_8","edge_frame_shuffle","31","187","684","78","684","0.134503","0.517544","0.305499"
"Pictish_stones","exact_collapsed_length_2_to_8","edge_frame_shuffle","32","187","684","78","684","0.100877","0.50731","0.286681"
"Pictish_stones","exact_collapsed_length_2_to_8","edge_frame_shuffle","33","187","684","78","684","0.149123","0.538012","0.319784"
"Pictish_stones","exact_collapsed_length_2_to_8","edge_frame_shuffle","34","187","684","78","684","0.131579","0.508772","0.306022"
"Pictish_stones","exact_collapsed_length_2_to_8","edge_frame_shuffle","35","187","684","78","684","0.149123","0.501462","0.316271"
"Pictish_stones","exact_collapsed_length_2_to_8","edge_frame_shuffle","36","187","684","78","684","0.112573","0.511696","0.294128"
"Pictish_stones","exact_collapsed_length_2_to_8","edge_frame_shuffle","37","187","684","78","684","0.140351","0.52193","0.311464"
"Pictish_stones","exact_collapsed_length_2_to_8","edge_frame_shuffle","38","187","684","78","684","0.127193","0.502924","0.296011"
"Pictish_stones","exact_collapsed_length_2_to_8","edge_frame_shuffle","39","187","684","78","684","0.141813","0.519006","0.310747"
"Mesopotamian_kudurru_deity_symbols","exact_collapsed_length_2_to_8","global_token_shuffle","0","24","118","39","118","0.067797","0.245763","0.173532"
"Mesopotamian_kudurru_deity_symbols","exact_collapsed_length_2_to_8","global_token_shuffle","1","24","118","39","118","0.067797","0.271186","0.180765"
"Mesopotamian_kudurru_deity_symbols","exact_collapsed_length_2_to_8","global_token_shuffle","2","24","118","39","118","0.059322","0.237288","0.167615"
"Mesopotamian_kudurru_deity_symbols","exact_collapsed_length_2_to_8","global_token_shuffle","3","24","118","39","118","0.042373","0.144068","0.130073"
"Mesopotamian_kudurru_deity_symbols","exact_collapsed_length_2_to_8","global_token_shuffle","4","24","118","39","118","0.076271","0.211864","0.167575"
"Mesopotamian_kudurru_deity_symbols","exact_collapsed_length_2_to_8","global_token_shuffle","5","24","118","39","118","0.016949","0.186441","0.125304"
"Mesopotamian_kudurru_deity_symbols","exact_collapsed_length_2_to_8","global_token_shuffle","6","24","118","39","118","0.084746","0.220339","0.180533"
"Mesopotamian_kudurru_deity_symbols","exact_collapsed_length_2_to_8","global_token_shuffle","7","24","118","39","118","0.110169","0.288136","0.211125"
"Mesopotamian_kudurru_deity_symbols","exact_collapsed_length_2_to_8","global_token_shuffle","8","24","118","39","118","0.050847","0.20339","0.157486"
"Mesopotamian_kudurru_deity_symbols","exact_collapsed_length_2_to_8","global_token_shuffle","9","24","118","39","118","0.084746","0.220339","0.173355"
"Mesopotamian_kudurru_deity_symbols","exact_collapsed_length_2_to_8","global_token_shuffle","10","24","118","39","118","0.076271","0.186441","0.164732"
"Mesopotamian_kudurru_deity_symbols","exact_collapsed_length_2_to_8","global_token_shuffle","11","24","118","39","118","0.042373","0.152542","0.130343"
"Mesopotamian_kudurru_deity_symbols","exact_collapsed_length_2_to_8","global_token_shuffle","12","24","118","39","118","0.042373","0.20339","0.157996"
"Mesopotamian_kudurru_deity_symbols","exact_collapsed_length_2_to_8","global_token_shuffle","13","24","118","39","118","0.059322","0.194915","0.156441"
"Mesopotamian_kudurru_deity_symbols","exact_collapsed_length_2_to_8","global_token_shuffle","14","24","118","39","118","0.084746","0.254237","0.190134"
"Mesopotamian_kudurru_deity_symbols","exact_collapsed_length_2_to_8","global_token_shuffle","15","24","118","39","118","0.050847","0.254237","0.157684"
"Mesopotamian_kudurru_deity_symbols","exact_collapsed_length_2_to_8","global_token_shuffle","16","24","118","39","118","0","0.161017","0.11599"
"Mesopotamian_kudurru_deity_symbols","exact_collapsed_length_2_to_8","global_token_shuffle","17","24","118","39","118","0.042373","0.220339","0.148723"
"Mesopotamian_kudurru_deity_symbols","exact_collapsed_length_2_to_8","global_token_shuffle","18","24","118","39","118","0.033898","0.161017","0.137422"
"Mesopotamian_kudurru_deity_symbols","exact_collapsed_length_2_to_8","global_token_shuffle","19","24","118","39","118","0.050847","0.152542","0.141372"
"Mesopotamian_kudurru_deity_symbols","exact_collapsed_length_2_to_8","global_token_shuffle","20","24","118","39","118","0.084746","0.194915","0.175579"
"Mesopotamian_kudurru_deity_symbols","exact_collapsed_length_2_to_8","global_token_shuffle","21","24","118","39","118","0.076271","0.220339","0.18357"
"Mesopotamian_kudurru_deity_symbols","exact_collapsed_length_2_to_8","global_token_shuffle","22","24","118","39","118","0.042373","0.245763","0.154961"
"Mesopotamian_kudurru_deity_symbols","exact_collapsed_length_2_to_8","global_token_shuffle","23","24","118","39","118","0.025424","0.20339","0.138959"
"Mesopotamian_kudurru_deity_symbols","exact_collapsed_length_2_to_8","global_token_shuffle","24","24","118","39","118","0.042373","0.245763","0.157164"
"Mesopotamian_kudurru_deity_symbols","exact_collapsed_length_2_to_8","global_token_shuffle","25","24","118","39","118","0.076271","0.161017","0.162855"
"Mesopotamian_kudurru_deity_symbols","exact_collapsed_length_2_to_8","global_token_shuffle","26","24","118","39","118","0.059322","0.245763","0.175535"
"Mesopotamian_kudurru_deity_symbols","exact_collapsed_length_2_to_8","global_token_shuffle","27","24","118","39","118","0.084746","0.254237","0.179253"
"Mesopotamian_kudurru_deity_symbols","exact_collapsed_length_2_to_8","global_token_shuffle","28","24","118","39","118","0.076271","0.254237","0.189893"
"Mesopotamian_kudurru_deity_symbols","exact_collapsed_length_2_to_8","global_token_shuffle","29","24","118","39","118","0.042373","0.237288","0.172915"
"Mesopotamian_kudurru_deity_symbols","exact_collapsed_length_2_to_8","global_token_shuffle","30","24","118","39","118","0.033898","0.169492","0.140475"
"Mesopotamian_kudurru_deity_symbols","exact_collapsed_length_2_to_8","global_token_shuffle","31","24","118","39","118","0.016949","0.135593","0.114253"
"Mesopotamian_kudurru_deity_symbols","exact_collapsed_length_2_to_8","global_token_shuffle","32","24","118","39","118","0.067797","0.211864","0.178327"
"Mesopotamian_kudurru_deity_symbols","exact_collapsed_length_2_to_8","global_token_shuffle","33","24","118","39","118","0.042373","0.211864","0.14481"
"Mesopotamian_kudurru_deity_symbols","exact_collapsed_length_2_to_8","global_token_shuffle","34","24","118","39","118","0.09322","0.245763","0.191788"
"Mesopotamian_kudurru_deity_symbols","exact_collapsed_length_2_to_8","global_token_shuffle","35","24","118","39","118","0.059322","0.177966","0.15679"
"Mesopotamian_kudurru_deity_symbols","exact_collapsed_length_2_to_8","global_token_shuffle","36","24","118","39","118","0.076271","0.29661","0.207318"
"Mesopotamian_kudurru_deity_symbols","exact_collapsed_length_2_to_8","global_token_shuffle","37","24","118","39","118","0.067797","0.254237","0.184015"
"Mesopotamian_kudurru_deity_symbols","exact_collapsed_length_2_to_8","global_token_shuffle","38","24","118","39","118","0.059322","0.127119","0.14156"
"Mesopotamian_kudurru_deity_symbols","exact_collapsed_length_2_to_8","global_token_shuffle","39","24","118","39","118","0.050847","0.20339","0.148595"
"Mesopotamian_kudurru_deity_symbols","exact_collapsed_length_2_to_8","row_internal_shuffle","0","24","118","39","118","0.152542","0.29661","0.254326"
"Mesopotamian_kudurru_deity_symbols","exact_collapsed_length_2_to_8","row_internal_shuffle","1","24","118","39","118","0.101695","0.29661","0.219506"
"Mesopotamian_kudurru_deity_symbols","exact_collapsed_length_2_to_8","row_internal_shuffle","2","24","118","39","118","0.067797","0.262712","0.189734"
"Mesopotamian_kudurru_deity_symbols","exact_collapsed_length_2_to_8","row_internal_shuffle","3","24","118","39","118","0.076271","0.288136","0.18714"
"Mesopotamian_kudurru_deity_symbols","exact_collapsed_length_2_to_8","row_internal_shuffle","4","24","118","39","118","0.118644","0.288136","0.232061"
"Mesopotamian_kudurru_deity_symbols","exact_collapsed_length_2_to_8","row_internal_shuffle","5","24","118","39","118","0.076271","0.245763","0.187223"
"Mesopotamian_kudurru_deity_symbols","exact_collapsed_length_2_to_8","row_internal_shuffle","6","24","118","39","118","0.033898","0.20339","0.146969"
"Mesopotamian_kudurru_deity_symbols","exact_collapsed_length_2_to_8","row_internal_shuffle","7","24","118","39","118","0.076271","0.313559","0.210837"
"Mesopotamian_kudurru_deity_symbols","exact_collapsed_length_2_to_8","row_internal_shuffle","8","24","118","39","118","0.101695","0.338983","0.226271"
"Mesopotamian_kudurru_deity_symbols","exact_collapsed_length_2_to_8","row_internal_shuffle","9","24","118","39","118","0.110169","0.330508","0.231103"
"Mesopotamian_kudurru_deity_symbols","exact_collapsed_length_2_to_8","row_internal_shuffle","10","24","118","39","118","0.016949","0.228814","0.140948"
"Mesopotamian_kudurru_deity_symbols","exact_collapsed_length_2_to_8","row_internal_shuffle","11","24","118","39","118","0.084746","0.279661","0.197784"
"Mesopotamian_kudurru_deity_symbols","exact_collapsed_length_2_to_8","row_internal_shuffle","12","24","118","39","118","0.09322","0.305085","0.217471"
"Mesopotamian_kudurru_deity_symbols","exact_collapsed_length_2_to_8","row_internal_shuffle","13","24","118","39","118","0.101695","0.330508","0.226621"
"Mesopotamian_kudurru_deity_symbols","exact_collapsed_length_2_to_8","row_internal_shuffle","14","24","118","39","118","0.127119","0.271186","0.234526"
"Mesopotamian_kudurru_deity_symbols","exact_collapsed_length_2_to_8","row_internal_shuffle","15","24","118","39","118","0.144068","0.288136","0.244459"
"Mesopotamian_kudurru_deity_symbols","exact_collapsed_length_2_to_8","row_internal_shuffle","16","24","118","39","118","0.118644","0.29661","0.226553"
"Mesopotamian_kudurru_deity_symbols","exact_collapsed_length_2_to_8","row_internal_shuffle","17","24","118","39","118","0.050847","0.279661","0.175079"
"Mesopotamian_kudurru_deity_symbols","exact_collapsed_length_2_to_8","row_internal_shuffle","18","24","118","39","118","0.084746","0.228814","0.179914"
"Mesopotamian_kudurru_deity_symbols","exact_collapsed_length_2_to_8","row_internal_shuffle","19","24","118","39","118","0.042373","0.262712","0.166664"
"Mesopotamian_kudurru_deity_symbols","exact_collapsed_length_2_to_8","row_internal_shuffle","20","24","118","39","118","0.050847","0.245763","0.166938"
"Mesopotamian_kudurru_deity_symbols","exact_collapsed_length_2_to_8","row_internal_shuffle","21","24","118","39","118","0.110169","0.355932","0.236839"
"Mesopotamian_kudurru_deity_symbols","exact_collapsed_length_2_to_8","row_internal_shuffle","22","24","118","39","118","0.161017","0.305085","0.254072"
"Mesopotamian_kudurru_deity_symbols","exact_collapsed_length_2_to_8","row_internal_shuffle","23","24","118","39","118","0.09322","0.305085","0.199095"
"Mesopotamian_kudurru_deity_symbols","exact_collapsed_length_2_to_8","row_internal_shuffle","24","24","118","39","118","0.067797","0.237288","0.183449"
"Mesopotamian_kudurru_deity_symbols","exact_collapsed_length_2_to_8","row_internal_shuffle","25","24","118","39","118","0.067797","0.262712","0.186073"
"Mesopotamian_kudurru_deity_symbols","exact_collapsed_length_2_to_8","row_internal_shuffle","26","24","118","39","118","0.084746","0.322034","0.219074"
"Mesopotamian_kudurru_deity_symbols","exact_collapsed_length_2_to_8","row_internal_shuffle","27","24","118","39","118","0.09322","0.330508","0.219162"
"Mesopotamian_kudurru_deity_symbols","exact_collapsed_length_2_to_8","row_internal_shuffle","28","24","118","39","118","0.110169","0.254237","0.211738"
"Mesopotamian_kudurru_deity_symbols","exact_collapsed_length_2_to_8","row_internal_shuffle","29","24","118","39","118","0.033898","0.254237","0.162643"
"Mesopotamian_kudurru_deity_symbols","exact_collapsed_length_2_to_8","row_internal_shuffle","30","24","118","39","118","0.050847","0.305085","0.192898"
"Mesopotamian_kudurru_deity_symbols","exact_collapsed_length_2_to_8","row_internal_shuffle","31","24","118","39","118","0.09322","0.288136","0.204295"
"Mesopotamian_kudurru_deity_symbols","exact_collapsed_length_2_to_8","row_internal_shuffle","32","24","118","39","118","0.09322","0.29661","0.219683"
"Mesopotamian_kudurru_deity_symbols","exact_collapsed_length_2_to_8","row_internal_shuffle","33","24","118","39","118","0.076271","0.237288","0.186045"
"Mesopotamian_kudurru_deity_symbols","exact_collapsed_length_2_to_8","row_internal_shuffle","34","24","118","39","118","0.118644","0.338983","0.236173"
"Mesopotamian_kudurru_deity_symbols","exact_collapsed_length_2_to_8","row_internal_shuffle","35","24","118","39","118","0.110169","0.271186","0.216809"
"Mesopotamian_kudurru_deity_symbols","exact_collapsed_length_2_to_8","row_internal_shuffle","36","24","118","39","118","0.110169","0.29661","0.232484"
"Mesopotamian_kudurru_deity_symbols","exact_collapsed_length_2_to_8","row_internal_shuffle","37","24","118","39","118","0.118644","0.305085","0.22796"
"Mesopotamian_kudurru_deity_symbols","exact_collapsed_length_2_to_8","row_internal_shuffle","38","24","118","39","118","0.110169","0.338983","0.225018"
"Mesopotamian_kudurru_deity_symbols","exact_collapsed_length_2_to_8","row_internal_shuffle","39","24","118","39","118","0.09322","0.245763","0.200374"
"Mesopotamian_kudurru_deity_symbols","exact_collapsed_length_2_to_8","position_slot_shuffle","0","24","118","39","118","0.059322","0.305085","0.199948"
"Mesopotamian_kudurru_deity_symbols","exact_collapsed_length_2_to_8","position_slot_shuffle","1","24","118","39","118","0.067797","0.322034","0.201916"
"Mesopotamian_kudurru_deity_symbols","exact_collapsed_length_2_to_8","position_slot_shuffle","2","24","118","39","118","0.076271","0.305085","0.201276"
"Mesopotamian_kudurru_deity_symbols","exact_collapsed_length_2_to_8","position_slot_shuffle","3","24","118","39","118","0.076271","0.338983","0.223309"
"Mesopotamian_kudurru_deity_symbols","exact_collapsed_length_2_to_8","position_slot_shuffle","4","24","118","39","118","0.076271","0.338983","0.211808"
"Mesopotamian_kudurru_deity_symbols","exact_collapsed_length_2_to_8","position_slot_shuffle","5","24","118","39","118","0.135593","0.347458","0.240267"
"Mesopotamian_kudurru_deity_symbols","exact_collapsed_length_2_to_8","position_slot_shuffle","6","24","118","39","118","0.135593","0.389831","0.267283"
"Mesopotamian_kudurru_deity_symbols","exact_collapsed_length_2_to_8","position_slot_shuffle","7","24","118","39","118","0.067797","0.313559","0.207389"
"Mesopotamian_kudurru_deity_symbols","exact_collapsed_length_2_to_8","position_slot_shuffle","8","24","118","39","118","0.067797","0.313559","0.204237"
"Mesopotamian_kudurru_deity_symbols","exact_collapsed_length_2_to_8","position_slot_shuffle","9","24","118","39","118","0.059322","0.29661","0.19506"
"Mesopotamian_kudurru_deity_symbols","exact_collapsed_length_2_to_8","position_slot_shuffle","10","24","118","39","118","0.110169","0.347458","0.243162"
"Mesopotamian_kudurru_deity_symbols","exact_collapsed_length_2_to_8","position_slot_shuffle","11","24","118","39","118","0.09322","0.338983","0.226874"
"Mesopotamian_kudurru_deity_symbols","exact_collapsed_length_2_to_8","position_slot_shuffle","12","24","118","39","118","0.050847","0.322034","0.191816"
"Mesopotamian_kudurru_deity_symbols","exact_collapsed_length_2_to_8","position_slot_shuffle","13","24","118","39","118","0.110169","0.279661","0.223574"
"Mesopotamian_kudurru_deity_symbols","exact_collapsed_length_2_to_8","position_slot_shuffle","14","24","118","39","118","0.059322","0.313559","0.203176"
"Mesopotamian_kudurru_deity_symbols","exact_collapsed_length_2_to_8","position_slot_shuffle","15","24","118","39","118","0.101695","0.29661","0.21438"
"Mesopotamian_kudurru_deity_symbols","exact_collapsed_length_2_to_8","position_slot_shuffle","16","24","118","39","118","0.101695","0.330508","0.225525"
"Mesopotamian_kudurru_deity_symbols","exact_collapsed_length_2_to_8","position_slot_shuffle","17","24","118","39","118","0.084746","0.330508","0.222815"
"Mesopotamian_kudurru_deity_symbols","exact_collapsed_length_2_to_8","position_slot_shuffle","18","24","118","39","118","0.09322","0.347458","0.221702"
"Mesopotamian_kudurru_deity_symbols","exact_collapsed_length_2_to_8","position_slot_shuffle","19","24","118","39","118","0.110169","0.330508","0.228847"
"Mesopotamian_kudurru_deity_symbols","exact_collapsed_length_2_to_8","position_slot_shuffle","20","24","118","39","118","0.127119","0.313559","0.240331"
"Mesopotamian_kudurru_deity_symbols","exact_collapsed_length_2_to_8","position_slot_shuffle","21","24","118","39","118","0.09322","0.330508","0.223169"
"Mesopotamian_kudurru_deity_symbols","exact_collapsed_length_2_to_8","position_slot_shuffle","22","24","118","39","118","0.118644","0.423729","0.258692"
"Mesopotamian_kudurru_deity_symbols","exact_collapsed_length_2_to_8","position_slot_shuffle","23","24","118","39","118","0.084746","0.305085","0.213626"
"Mesopotamian_kudurru_deity_symbols","exact_collapsed_length_2_to_8","position_slot_shuffle","24","24","118","39","118","0.144068","0.415254","0.273305"
"Mesopotamian_kudurru_deity_symbols","exact_collapsed_length_2_to_8","position_slot_shuffle","25","24","118","39","118","0.084746","0.305085","0.214213"
"Mesopotamian_kudurru_deity_symbols","exact_collapsed_length_2_to_8","position_slot_shuffle","26","24","118","39","118","0.135593","0.381356","0.264907"
"Mesopotamian_kudurru_deity_symbols","exact_collapsed_length_2_to_8","position_slot_shuffle","27","24","118","39","118","0.110169","0.364407","0.235887"
"Mesopotamian_kudurru_deity_symbols","exact_collapsed_length_2_to_8","position_slot_shuffle","28","24","118","39","118","0.110169","0.381356","0.256099"
"Mesopotamian_kudurru_deity_symbols","exact_collapsed_length_2_to_8","position_slot_shuffle","29","24","118","39","118","0.084746","0.338983","0.219821"
"Mesopotamian_kudurru_deity_symbols","exact_collapsed_length_2_to_8","position_slot_shuffle","30","24","118","39","118","0.127119","0.423729","0.274228"
"Mesopotamian_kudurru_deity_symbols","exact_collapsed_length_2_to_8","position_slot_shuffle","31","24","118","39","118","0.127119","0.40678","0.263534"
"Mesopotamian_kudurru_deity_symbols","exact_collapsed_length_2_to_8","position_slot_shuffle","32","24","118","39","118","0.076271","0.305085","0.208128"
"Mesopotamian_kudurru_deity_symbols","exact_collapsed_length_2_to_8","position_slot_shuffle","33","24","118","39","118","0.076271","0.313559","0.209761"
"Mesopotamian_kudurru_deity_symbols","exact_collapsed_length_2_to_8","position_slot_shuffle","34","24","118","39","118","0.101695","0.322034","0.230238"
"Mesopotamian_kudurru_deity_symbols","exact_collapsed_length_2_to_8","position_slot_shuffle","35","24","118","39","118","0.059322","0.279661","0.195818"
"Mesopotamian_kudurru_deity_symbols","exact_collapsed_length_2_to_8","position_slot_shuffle","36","24","118","39","118","0.084746","0.347458","0.22728"
"Mesopotamian_kudurru_deity_symbols","exact_collapsed_length_2_to_8","position_slot_shuffle","37","24","118","39","118","0.067797","0.313559","0.206772"
"Mesopotamian_kudurru_deity_symbols","exact_collapsed_length_2_to_8","position_slot_shuffle","38","24","118","39","118","0.101695","0.313559","0.232096"
"Mesopotamian_kudurru_deity_symbols","exact_collapsed_length_2_to_8","position_slot_shuffle","39","24","118","39","118","0.067797","0.330508","0.212952"
"Mesopotamian_kudurru_deity_symbols","exact_collapsed_length_2_to_8","edge_frame_shuffle","0","24","118","39","118","0.059322","0.288136","0.187479"
"Mesopotamian_kudurru_deity_symbols","exact_collapsed_length_2_to_8","edge_frame_shuffle","1","24","118","39","118","0.050847","0.228814","0.159853"
"Mesopotamian_kudurru_deity_symbols","exact_collapsed_length_2_to_8","edge_frame_shuffle","2","24","118","39","118","0.067797","0.288136","0.186771"
"Mesopotamian_kudurru_deity_symbols","exact_collapsed_length_2_to_8","edge_frame_shuffle","3","24","118","39","118","0.033898","0.245763","0.168392"
"Mesopotamian_kudurru_deity_symbols","exact_collapsed_length_2_to_8","edge_frame_shuffle","4","24","118","39","118","0.059322","0.220339","0.172748"
"Mesopotamian_kudurru_deity_symbols","exact_collapsed_length_2_to_8","edge_frame_shuffle","5","24","118","39","118","0.076271","0.347458","0.215157"
"Mesopotamian_kudurru_deity_symbols","exact_collapsed_length_2_to_8","edge_frame_shuffle","6","24","118","39","118","0.059322","0.254237","0.180386"
"Mesopotamian_kudurru_deity_symbols","exact_collapsed_length_2_to_8","edge_frame_shuffle","7","24","118","39","118","0.059322","0.29661","0.190725"
"Mesopotamian_kudurru_deity_symbols","exact_collapsed_length_2_to_8","edge_frame_shuffle","8","24","118","39","118","0.050847","0.211864","0.166789"
"Mesopotamian_kudurru_deity_symbols","exact_collapsed_length_2_to_8","edge_frame_shuffle","9","24","118","39","118","0.076271","0.322034","0.208119"
"Mesopotamian_kudurru_deity_symbols","exact_collapsed_length_2_to_8","edge_frame_shuffle","10","24","118","39","118","0.076271","0.279661","0.192095"
"Mesopotamian_kudurru_deity_symbols","exact_collapsed_length_2_to_8","edge_frame_shuffle","11","24","118","39","118","0.059322","0.313559","0.197149"
"Mesopotamian_kudurru_deity_symbols","exact_collapsed_length_2_to_8","edge_frame_shuffle","12","24","118","39","118","0.076271","0.322034","0.203237"
"Mesopotamian_kudurru_deity_symbols","exact_collapsed_length_2_to_8","edge_frame_shuffle","13","24","118","39","118","0.042373","0.237288","0.164121"
"Mesopotamian_kudurru_deity_symbols","exact_collapsed_length_2_to_8","edge_frame_shuffle","14","24","118","39","118","0.110169","0.355932","0.253635"
"Mesopotamian_kudurru_deity_symbols","exact_collapsed_length_2_to_8","edge_frame_shuffle","15","24","118","39","118","0.101695","0.279661","0.212951"
"Mesopotamian_kudurru_deity_symbols","exact_collapsed_length_2_to_8","edge_frame_shuffle","16","24","118","39","118","0.067797","0.279661","0.199078"
"Mesopotamian_kudurru_deity_symbols","exact_collapsed_length_2_to_8","edge_frame_shuffle","17","24","118","39","118","0.059322","0.288136","0.188607"
"Mesopotamian_kudurru_deity_symbols","exact_collapsed_length_2_to_8","edge_frame_shuffle","18","24","118","39","118","0.042373","0.313559","0.18231"
"Mesopotamian_kudurru_deity_symbols","exact_collapsed_length_2_to_8","edge_frame_shuffle","19","24","118","39","118","0.050847","0.279661","0.178524"
"Mesopotamian_kudurru_deity_symbols","exact_collapsed_length_2_to_8","edge_frame_shuffle","20","24","118","39","118","0.059322","0.279661","0.185995"
"Mesopotamian_kudurru_deity_symbols","exact_collapsed_length_2_to_8","edge_frame_shuffle","21","24","118","39","118","0.09322","0.322034","0.211615"
"Mesopotamian_kudurru_deity_symbols","exact_collapsed_length_2_to_8","edge_frame_shuffle","22","24","118","39","118","0.033898","0.313559","0.165851"
"Mesopotamian_kudurru_deity_symbols","exact_collapsed_length_2_to_8","edge_frame_shuffle","23","24","118","39","118","0.084746","0.305085","0.211764"
"Mesopotamian_kudurru_deity_symbols","exact_collapsed_length_2_to_8","edge_frame_shuffle","24","24","118","39","118","0.118644","0.330508","0.235385"
"Mesopotamian_kudurru_deity_symbols","exact_collapsed_length_2_to_8","edge_frame_shuffle","25","24","118","39","118","0.042373","0.211864","0.15459"
"Mesopotamian_kudurru_deity_symbols","exact_collapsed_length_2_to_8","edge_frame_shuffle","26","24","118","39","118","0.059322","0.271186","0.180639"
"Mesopotamian_kudurru_deity_symbols","exact_collapsed_length_2_to_8","edge_frame_shuffle","27","24","118","39","118","0.042373","0.262712","0.171075"
"Mesopotamian_kudurru_deity_symbols","exact_collapsed_length_2_to_8","edge_frame_shuffle","28","24","118","39","118","0.084746","0.288136","0.20694"
"Mesopotamian_kudurru_deity_symbols","exact_collapsed_length_2_to_8","edge_frame_shuffle","29","24","118","39","118","0.067797","0.254237","0.180387"
"Mesopotamian_kudurru_deity_symbols","exact_collapsed_length_2_to_8","edge_frame_shuffle","30","24","118","39","118","0.050847","0.279661","0.178809"
"Mesopotamian_kudurru_deity_symbols","exact_collapsed_length_2_to_8","edge_frame_shuffle","31","24","118","39","118","0.033898","0.279661","0.174279"
"Mesopotamian_kudurru_deity_symbols","exact_collapsed_length_2_to_8","edge_frame_shuffle","32","24","118","39","118","0.042373","0.313559","0.182965"
"Mesopotamian_kudurru_deity_symbols","exact_collapsed_length_2_to_8","edge_frame_shuffle","33","24","118","39","118","0.09322","0.305085","0.210929"
"Mesopotamian_kudurru_deity_symbols","exact_collapsed_length_2_to_8","edge_frame_shuffle","34","24","118","39","118","0.084746","0.347458","0.217995"
"Mesopotamian_kudurru_deity_symbols","exact_collapsed_length_2_to_8","edge_frame_shuffle","35","24","118","39","118","0.050847","0.220339","0.164614"
"Mesopotamian_kudurru_deity_symbols","exact_collapsed_length_2_to_8","edge_frame_shuffle","36","24","118","39","118","0.110169","0.279661","0.224574"
"Mesopotamian_kudurru_deity_symbols","exact_collapsed_length_2_to_8","edge_frame_shuffle","37","24","118","39","118","0.059322","0.279661","0.188202"
"Mesopotamian_kudurru_deity_symbols","exact_collapsed_length_2_to_8","edge_frame_shuffle","38","24","118","39","118","0.059322","0.288136","0.186322"
"Mesopotamian_kudurru_deity_symbols","exact_collapsed_length_2_to_8","edge_frame_shuffle","39","24","118","39","118","0.067797","0.254237","0.183562"
"Totem_poles","exact_collapsed_length_2_to_8","global_token_shuffle","0","246","1123","359","1123","0.048085","0.193232","0.12849"
"Totem_poles","exact_collapsed_length_2_to_8","global_token_shuffle","1","246","1123","359","1123","0.042743","0.205699","0.127737"
"Totem_poles","exact_collapsed_length_2_to_8","global_token_shuffle","2","246","1123","359","1123","0.044524","0.213713","0.134689"
"Totem_poles","exact_collapsed_length_2_to_8","global_token_shuffle","3","246","1123","359","1123","0.057881","0.20748","0.139378"
"Totem_poles","exact_collapsed_length_2_to_8","global_token_shuffle","4","246","1123","359","1123","0.052538","0.186109","0.130896"
"Totem_poles","exact_collapsed_length_2_to_8","global_token_shuffle","5","246","1123","359","1123","0.041852","0.230632","0.132113"
"Totem_poles","exact_collapsed_length_2_to_8","global_token_shuffle","6","246","1123","359","1123","0.045414","0.194123","0.126088"
"Totem_poles","exact_collapsed_length_2_to_8","global_token_shuffle","7","246","1123","359","1123","0.061443","0.215494","0.142031"
"Totem_poles","exact_collapsed_length_2_to_8","global_token_shuffle","8","246","1123","359","1123","0.05699","0.232413","0.143726"
"Totem_poles","exact_collapsed_length_2_to_8","global_token_shuffle","9","246","1123","359","1123","0.031167","0.192342","0.11849"
"Totem_poles","exact_collapsed_length_2_to_8","global_token_shuffle","10","246","1123","359","1123","0.057881","0.221728","0.141841"
"Totem_poles","exact_collapsed_length_2_to_8","global_token_shuffle","11","246","1123","359","1123","0.065004","0.203918","0.141926"
"Totem_poles","exact_collapsed_length_2_to_8","global_token_shuffle","12","246","1123","359","1123","0.035619","0.210151","0.124351"
"Totem_poles","exact_collapsed_length_2_to_8","global_token_shuffle","13","246","1123","359","1123","0.03829","0.202137","0.122489"
"Totem_poles","exact_collapsed_length_2_to_8","global_token_shuffle","14","246","1123","359","1123","0.041852","0.223508","0.131262"
"Totem_poles","exact_collapsed_length_2_to_8","global_token_shuffle","15","246","1123","359","1123","0.041852","0.20748","0.128973"
"Totem_poles","exact_collapsed_length_2_to_8","global_token_shuffle","16","246","1123","359","1123","0.043633","0.216385","0.129713"
"Totem_poles","exact_collapsed_length_2_to_8","global_token_shuffle","17","246","1123","359","1123","0.052538","0.228851","0.138407"
"Totem_poles","exact_collapsed_length_2_to_8","global_token_shuffle","18","246","1123","359","1123","0.032057","0.18878","0.120745"
"Totem_poles","exact_collapsed_length_2_to_8","global_token_shuffle","19","246","1123","359","1123","0.053428","0.216385","0.136252"
"Totem_poles","exact_collapsed_length_2_to_8","global_token_shuffle","20","246","1123","359","1123","0.0561","0.211042","0.140072"
"Totem_poles","exact_collapsed_length_2_to_8","global_token_shuffle","21","246","1123","359","1123","0.032947","0.200356","0.123524"
"Totem_poles","exact_collapsed_length_2_to_8","global_token_shuffle","22","246","1123","359","1123","0.048085","0.204809","0.133746"
"Totem_poles","exact_collapsed_length_2_to_8","global_token_shuffle","23","246","1123","359","1123","0.048085","0.212823","0.134243"
"Totem_poles","exact_collapsed_length_2_to_8","global_token_shuffle","24","246","1123","359","1123","0.050757","0.213713","0.140659"
"Totem_poles","exact_collapsed_length_2_to_8","global_token_shuffle","25","246","1123","359","1123","0.043633","0.20837","0.13215"
"Totem_poles","exact_collapsed_length_2_to_8","global_token_shuffle","26","246","1123","359","1123","0.062333","0.222618","0.146691"
"Totem_poles","exact_collapsed_length_2_to_8","global_token_shuffle","27","246","1123","359","1123","0.045414","0.205699","0.129677"
"Totem_poles","exact_collapsed_length_2_to_8","global_token_shuffle","28","246","1123","359","1123","0.042743","0.20748","0.132287"
"Totem_poles","exact_collapsed_length_2_to_8","global_token_shuffle","29","246","1123","359","1123","0.0374","0.18878","0.122142"
"Totem_poles","exact_collapsed_length_2_to_8","global_token_shuffle","30","246","1123","359","1123","0.033838","0.206589","0.120997"
"Totem_poles","exact_collapsed_length_2_to_8","global_token_shuffle","31","246","1123","359","1123","0.063224","0.211042","0.143039"
"Totem_poles","exact_collapsed_length_2_to_8","global_token_shuffle","32","246","1123","359","1123","0.045414","0.205699","0.131422"
"Totem_poles","exact_collapsed_length_2_to_8","global_token_shuffle","33","246","1123","359","1123","0.050757","0.213713","0.135225"
"Totem_poles","exact_collapsed_length_2_to_8","global_token_shuffle","34","246","1123","359","1123","0.041852","0.216385","0.128179"
"Totem_poles","exact_collapsed_length_2_to_8","global_token_shuffle","35","246","1123","359","1123","0.030276","0.200356","0.119296"
"Totem_poles","exact_collapsed_length_2_to_8","global_token_shuffle","36","246","1123","359","1123","0.03829","0.213713","0.130006"
"Totem_poles","exact_collapsed_length_2_to_8","global_token_shuffle","37","246","1123","359","1123","0.045414","0.211042","0.132851"
"Totem_poles","exact_collapsed_length_2_to_8","global_token_shuffle","38","246","1123","359","1123","0.048085","0.209261","0.132083"
"Totem_poles","exact_collapsed_length_2_to_8","global_token_shuffle","39","246","1123","359","1123","0.063224","0.221728","0.146268"
"Totem_poles","exact_collapsed_length_2_to_8","row_internal_shuffle","0","246","1123","359","1123","0.05699","0.24488","0.151059"
"Totem_poles","exact_collapsed_length_2_to_8","row_internal_shuffle","1","246","1123","359","1123","0.049866","0.205699","0.135637"
"Totem_poles","exact_collapsed_length_2_to_8","row_internal_shuffle","2","246","1123","359","1123","0.05699","0.219056","0.144202"
"Totem_poles","exact_collapsed_length_2_to_8","row_internal_shuffle","3","246","1123","359","1123","0.051647","0.238646","0.144764"
"Totem_poles","exact_collapsed_length_2_to_8","row_internal_shuffle","4","246","1123","359","1123","0.047195","0.218166","0.136468"
"Totem_poles","exact_collapsed_length_2_to_8","row_internal_shuffle","5","246","1123","359","1123","0.065004","0.222618","0.147526"
"Totem_poles","exact_collapsed_length_2_to_8","row_internal_shuffle","6","246","1123","359","1123","0.053428","0.225289","0.142954"
"Totem_poles","exact_collapsed_length_2_to_8","row_internal_shuffle","7","246","1123","359","1123","0.049866","0.213713","0.134436"
"Totem_poles","exact_collapsed_length_2_to_8","row_internal_shuffle","8","246","1123","359","1123","0.052538","0.232413","0.146439"
"Totem_poles","exact_collapsed_length_2_to_8","row_internal_shuffle","9","246","1123","359","1123","0.050757","0.213713","0.134708"
"Totem_poles","exact_collapsed_length_2_to_8","row_internal_shuffle","10","246","1123","359","1123","0.05699","0.209261","0.14281"
"Totem_poles","exact_collapsed_length_2_to_8","row_internal_shuffle","11","246","1123","359","1123","0.062333","0.221728","0.145458"
"Totem_poles","exact_collapsed_length_2_to_8","row_internal_shuffle","12","246","1123","359","1123","0.051647","0.217275","0.135341"
"Totem_poles","exact_collapsed_length_2_to_8","row_internal_shuffle","13","246","1123","359","1123","0.062333","0.233304","0.148025"
"Totem_poles","exact_collapsed_length_2_to_8","row_internal_shuffle","14","246","1123","359","1123","0.048085","0.222618","0.136312"
"Totem_poles","exact_collapsed_length_2_to_8","row_internal_shuffle","15","246","1123","359","1123","0.063224","0.251113","0.157673"
"Totem_poles","exact_collapsed_length_2_to_8","row_internal_shuffle","16","246","1123","359","1123","0.047195","0.211932","0.13472"
"Totem_poles","exact_collapsed_length_2_to_8","row_internal_shuffle","17","246","1123","359","1123","0.053428","0.217275","0.141482"
"Totem_poles","exact_collapsed_length_2_to_8","row_internal_shuffle","18","246","1123","359","1123","0.048976","0.219056","0.138917"
"Totem_poles","exact_collapsed_length_2_to_8","row_internal_shuffle","19","246","1123","359","1123","0.052538","0.223508","0.140868"
"Totem_poles","exact_collapsed_length_2_to_8","row_internal_shuffle","20","246","1123","359","1123","0.059662","0.222618","0.145785"
"Totem_poles","exact_collapsed_length_2_to_8","row_internal_shuffle","21","246","1123","359","1123","0.050757","0.217275","0.140733"
"Totem_poles","exact_collapsed_length_2_to_8","row_internal_shuffle","22","246","1123","359","1123","0.052538","0.22707","0.14259"
"Totem_poles","exact_collapsed_length_2_to_8","row_internal_shuffle","23","246","1123","359","1123","0.054319","0.227961","0.144213"
"Totem_poles","exact_collapsed_length_2_to_8","row_internal_shuffle","24","246","1123","359","1123","0.063224","0.239537","0.149922"
"Totem_poles","exact_collapsed_length_2_to_8","row_internal_shuffle","25","246","1123","359","1123","0.042743","0.218166","0.133183"
"Totem_poles","exact_collapsed_length_2_to_8","row_internal_shuffle","26","246","1123","359","1123","0.057881","0.214604","0.142072"
"Totem_poles","exact_collapsed_length_2_to_8","row_internal_shuffle","27","246","1123","359","1123","0.051647","0.224399","0.14028"
"Totem_poles","exact_collapsed_length_2_to_8","row_internal_shuffle","28","246","1123","359","1123","0.036509","0.22707","0.131568"
"Totem_poles","exact_collapsed_length_2_to_8","row_internal_shuffle","29","246","1123","359","1123","0.046305","0.227961","0.138471"
"Totem_poles","exact_collapsed_length_2_to_8","row_internal_shuffle","30","246","1123","359","1123","0.0561","0.229742","0.148684"
"Totem_poles","exact_collapsed_length_2_to_8","row_internal_shuffle","31","246","1123","359","1123","0.049866","0.213713","0.140885"
"Totem_poles","exact_collapsed_length_2_to_8","row_internal_shuffle","32","246","1123","359","1123","0.032057","0.218166","0.128523"
"Totem_poles","exact_collapsed_length_2_to_8","row_internal_shuffle","33","246","1123","359","1123","0.051647","0.219056","0.138781"
"Totem_poles","exact_collapsed_length_2_to_8","row_internal_shuffle","34","246","1123","359","1123","0.061443","0.20837","0.144277"
"Totem_poles","exact_collapsed_length_2_to_8","row_internal_shuffle","35","246","1123","359","1123","0.046305","0.220837","0.138797"
"Totem_poles","exact_collapsed_length_2_to_8","row_internal_shuffle","36","246","1123","359","1123","0.049866","0.22618","0.138603"
"Totem_poles","exact_collapsed_length_2_to_8","row_internal_shuffle","37","246","1123","359","1123","0.0561","0.216385","0.142811"
"Totem_poles","exact_collapsed_length_2_to_8","row_internal_shuffle","38","246","1123","359","1123","0.0561","0.228851","0.143494"
"Totem_poles","exact_collapsed_length_2_to_8","row_internal_shuffle","39","246","1123","359","1123","0.049866","0.236866","0.142393"
"Totem_poles","exact_collapsed_length_2_to_8","position_slot_shuffle","0","246","1123","359","1123","0.073019","0.252004","0.163409"
"Totem_poles","exact_collapsed_length_2_to_8","position_slot_shuffle","1","246","1123","359","1123","0.079252","0.251113","0.168762"
"Totem_poles","exact_collapsed_length_2_to_8","position_slot_shuffle","2","246","1123","359","1123","0.064114","0.254675","0.159419"
"Totem_poles","exact_collapsed_length_2_to_8","position_slot_shuffle","3","246","1123","359","1123","0.066785","0.258237","0.162854"
"Totem_poles","exact_collapsed_length_2_to_8","position_slot_shuffle","4","246","1123","359","1123","0.088157","0.26358","0.178396"
"Totem_poles","exact_collapsed_length_2_to_8","position_slot_shuffle","5","246","1123","359","1123","0.0748","0.243989","0.16088"
"Totem_poles","exact_collapsed_length_2_to_8","position_slot_shuffle","6","246","1123","359","1123","0.077471","0.261799","0.169196"
"Totem_poles","exact_collapsed_length_2_to_8","position_slot_shuffle","7","246","1123","359","1123","0.084595","0.257346","0.170938"
"Totem_poles","exact_collapsed_length_2_to_8","position_slot_shuffle","8","246","1123","359","1123","0.07569","0.252894","0.167706"
"Totem_poles","exact_collapsed_length_2_to_8","position_slot_shuffle","9","246","1123","359","1123","0.076581","0.258237","0.16777"
"Totem_poles","exact_collapsed_length_2_to_8","position_slot_shuffle","10","246","1123","359","1123","0.078362","0.257346","0.168294"
"Totem_poles","exact_collapsed_length_2_to_8","position_slot_shuffle","11","246","1123","359","1123","0.072128","0.261799","0.163568"
"Totem_poles","exact_collapsed_length_2_to_8","position_slot_shuffle","12","246","1123","359","1123","0.076581","0.24488","0.163895"
"Totem_poles","exact_collapsed_length_2_to_8","position_slot_shuffle","13","246","1123","359","1123","0.0748","0.26358","0.170782"
"Totem_poles","exact_collapsed_length_2_to_8","position_slot_shuffle","14","246","1123","359","1123","0.068566","0.257346","0.162167"
"Totem_poles","exact_collapsed_length_2_to_8","position_slot_shuffle","15","246","1123","359","1123","0.081033","0.260018","0.172455"
"Totem_poles","exact_collapsed_length_2_to_8","position_slot_shuffle","16","246","1123","359","1123","0.066785","0.248442","0.1591"
"Totem_poles","exact_collapsed_length_2_to_8","position_slot_shuffle","17","246","1123","359","1123","0.073909","0.259127","0.16585"
"Totem_poles","exact_collapsed_length_2_to_8","position_slot_shuffle","18","246","1123","359","1123","0.081033","0.246661","0.168622"
"Totem_poles","exact_collapsed_length_2_to_8","position_slot_shuffle","19","246","1123","359","1123","0.065895","0.260908","0.162047"
"Totem_poles","exact_collapsed_length_2_to_8","position_slot_shuffle","20","246","1123","359","1123","0.077471","0.26358","0.168076"
"Totem_poles","exact_collapsed_length_2_to_8","position_slot_shuffle","21","246","1123","359","1123","0.073909","0.255565","0.16412"
"Totem_poles","exact_collapsed_length_2_to_8","position_slot_shuffle","22","246","1123","359","1123","0.0748","0.278718","0.173596"
"Totem_poles","exact_collapsed_length_2_to_8","position_slot_shuffle","23","246","1123","359","1123","0.073909","0.261799","0.166251"
"Totem_poles","exact_collapsed_length_2_to_8","position_slot_shuffle","24","246","1123","359","1123","0.087266","0.259127","0.174676"
"Totem_poles","exact_collapsed_length_2_to_8","position_slot_shuffle","25","246","1123","359","1123","0.073909","0.272484","0.170989"
"Totem_poles","exact_collapsed_length_2_to_8","position_slot_shuffle","26","246","1123","359","1123","0.071238","0.252894","0.163873"
"Totem_poles","exact_collapsed_length_2_to_8","position_slot_shuffle","27","246","1123","359","1123","0.081033","0.26447","0.170968"
"Totem_poles","exact_collapsed_length_2_to_8","position_slot_shuffle","28","246","1123","359","1123","0.076581","0.267142","0.170186"
"Totem_poles","exact_collapsed_length_2_to_8","position_slot_shuffle","29","246","1123","359","1123","0.073909","0.248442","0.165724"
"Totem_poles","exact_collapsed_length_2_to_8","position_slot_shuffle","30","246","1123","359","1123","0.079252","0.24577","0.165594"
"Totem_poles","exact_collapsed_length_2_to_8","position_slot_shuffle","31","246","1123","359","1123","0.073909","0.260018","0.16522"
"Totem_poles","exact_collapsed_length_2_to_8","position_slot_shuffle","32","246","1123","359","1123","0.065004","0.260018","0.162435"
"Totem_poles","exact_collapsed_length_2_to_8","position_slot_shuffle","33","246","1123","359","1123","0.067676","0.251113","0.162351"
"Totem_poles","exact_collapsed_length_2_to_8","position_slot_shuffle","34","246","1123","359","1123","0.073909","0.252894","0.164254"
"Totem_poles","exact_collapsed_length_2_to_8","position_slot_shuffle","35","246","1123","359","1123","0.081923","0.258237","0.171047"
"Totem_poles","exact_collapsed_length_2_to_8","position_slot_shuffle","36","246","1123","359","1123","0.072128","0.267142","0.165735"
"Totem_poles","exact_collapsed_length_2_to_8","position_slot_shuffle","37","246","1123","359","1123","0.063224","0.252894","0.158252"
"Totem_poles","exact_collapsed_length_2_to_8","position_slot_shuffle","38","246","1123","359","1123","0.07569","0.251113","0.163942"
"Totem_poles","exact_collapsed_length_2_to_8","position_slot_shuffle","39","246","1123","359","1123","0.081033","0.258237","0.171358"
"Totem_poles","exact_collapsed_length_2_to_8","edge_frame_shuffle","0","246","1123","359","1123","0.069457","0.24577","0.159857"
"Totem_poles","exact_collapsed_length_2_to_8","edge_frame_shuffle","1","246","1123","359","1123","0.062333","0.231523","0.152712"
"Totem_poles","exact_collapsed_length_2_to_8","edge_frame_shuffle","2","246","1123","359","1123","0.062333","0.251113","0.153559"
"Totem_poles","exact_collapsed_length_2_to_8","edge_frame_shuffle","3","246","1123","359","1123","0.065895","0.24577","0.156393"
"Totem_poles","exact_collapsed_length_2_to_8","edge_frame_shuffle","4","246","1123","359","1123","0.080142","0.233304","0.16179"
"Totem_poles","exact_collapsed_length_2_to_8","edge_frame_shuffle","5","246","1123","359","1123","0.061443","0.235975","0.152141"
"Totem_poles","exact_collapsed_length_2_to_8","edge_frame_shuffle","6","246","1123","359","1123","0.067676","0.250223","0.160215"
"Totem_poles","exact_collapsed_length_2_to_8","edge_frame_shuffle","7","246","1123","359","1123","0.071238","0.253785","0.164137"
"Totem_poles","exact_collapsed_length_2_to_8","edge_frame_shuffle","8","246","1123","359","1123","0.066785","0.255565","0.160575"
"Totem_poles","exact_collapsed_length_2_to_8","edge_frame_shuffle","9","246","1123","359","1123","0.076581","0.256456","0.167571"
"Totem_poles","exact_collapsed_length_2_to_8","edge_frame_shuffle","10","246","1123","359","1123","0.064114","0.237756","0.152915"
"Totem_poles","exact_collapsed_length_2_to_8","edge_frame_shuffle","11","246","1123","359","1123","0.064114","0.255565","0.155098"
"Totem_poles","exact_collapsed_length_2_to_8","edge_frame_shuffle","12","246","1123","359","1123","0.064114","0.24488","0.151611"
"Totem_poles","exact_collapsed_length_2_to_8","edge_frame_shuffle","13","246","1123","359","1123","0.064114","0.246661","0.154255"
"Totem_poles","exact_collapsed_length_2_to_8","edge_frame_shuffle","14","246","1123","359","1123","0.062333","0.241318","0.153023"
"Totem_poles","exact_collapsed_length_2_to_8","edge_frame_shuffle","15","246","1123","359","1123","0.081033","0.242208","0.166756"
"Totem_poles","exact_collapsed_length_2_to_8","edge_frame_shuffle","16","246","1123","359","1123","0.057881","0.259127","0.157496"
"Totem_poles","exact_collapsed_length_2_to_8","edge_frame_shuffle","17","246","1123","359","1123","0.070347","0.235975","0.156493"
"Totem_poles","exact_collapsed_length_2_to_8","edge_frame_shuffle","18","246","1123","359","1123","0.072128","0.249332","0.162268"
"Totem_poles","exact_collapsed_length_2_to_8","edge_frame_shuffle","19","246","1123","359","1123","0.070347","0.249332","0.162062"
"Totem_poles","exact_collapsed_length_2_to_8","edge_frame_shuffle","20","246","1123","359","1123","0.067676","0.248442","0.15577"
"Totem_poles","exact_collapsed_length_2_to_8","edge_frame_shuffle","21","246","1123","359","1123","0.069457","0.260908","0.159392"
"Totem_poles","exact_collapsed_length_2_to_8","edge_frame_shuffle","22","246","1123","359","1123","0.07569","0.242208","0.164164"
"Totem_poles","exact_collapsed_length_2_to_8","edge_frame_shuffle","23","246","1123","359","1123","0.069457","0.251113","0.162596"
"Totem_poles","exact_collapsed_length_2_to_8","edge_frame_shuffle","24","246","1123","359","1123","0.071238","0.268032","0.167388"
"Totem_poles","exact_collapsed_length_2_to_8","edge_frame_shuffle","25","246","1123","359","1123","0.060552","0.251113","0.15491"
"Totem_poles","exact_collapsed_length_2_to_8","edge_frame_shuffle","26","246","1123","359","1123","0.07569","0.238646","0.160287"
"Totem_poles","exact_collapsed_length_2_to_8","edge_frame_shuffle","27","246","1123","359","1123","0.057881","0.246661","0.149196"
"Totem_poles","exact_collapsed_length_2_to_8","edge_frame_shuffle","28","246","1123","359","1123","0.065004","0.246661","0.157667"
"Totem_poles","exact_collapsed_length_2_to_8","edge_frame_shuffle","29","246","1123","359","1123","0.067676","0.252004","0.158166"
"Totem_poles","exact_collapsed_length_2_to_8","edge_frame_shuffle","30","246","1123","359","1123","0.063224","0.247551","0.152422"
"Totem_poles","exact_collapsed_length_2_to_8","edge_frame_shuffle","31","246","1123","359","1123","0.073909","0.24488","0.162965"
"Totem_poles","exact_collapsed_length_2_to_8","edge_frame_shuffle","32","246","1123","359","1123","0.063224","0.236866","0.153932"
"Totem_poles","exact_collapsed_length_2_to_8","edge_frame_shuffle","33","246","1123","359","1123","0.064114","0.241318","0.15346"
"Totem_poles","exact_collapsed_length_2_to_8","edge_frame_shuffle","34","246","1123","359","1123","0.063224","0.255565","0.161467"
"Totem_poles","exact_collapsed_length_2_to_8","edge_frame_shuffle","35","246","1123","359","1123","0.066785","0.243099","0.156557"
"Totem_poles","exact_collapsed_length_2_to_8","edge_frame_shuffle","36","246","1123","359","1123","0.050757","0.242208","0.144858"
"Totem_poles","exact_collapsed_length_2_to_8","edge_frame_shuffle","37","246","1123","359","1123","0.061443","0.251113","0.154291"
"Totem_poles","exact_collapsed_length_2_to_8","edge_frame_shuffle","38","246","1123","359","1123","0.073019","0.251113","0.161035"
"Totem_poles","exact_collapsed_length_2_to_8","edge_frame_shuffle","39","246","1123","359","1123","0.064114","0.252894","0.156463"
"Barn_stars_hex_signs","exact_collapsed_length_2_to_8","global_token_shuffle","0","97","365","29","365","0.128767","0.534247","0.315711"
"Barn_stars_hex_signs","exact_collapsed_length_2_to_8","global_token_shuffle","1","97","365","29","365","0.115068","0.547945","0.305842"
"Barn_stars_hex_signs","exact_collapsed_length_2_to_8","global_token_shuffle","2","97","365","29","365","0.109589","0.528767","0.292308"
"Barn_stars_hex_signs","exact_collapsed_length_2_to_8","global_token_shuffle","3","97","365","29","365","0.10411","0.550685","0.292525"
"Barn_stars_hex_signs","exact_collapsed_length_2_to_8","global_token_shuffle","4","97","365","29","365","0.128767","0.539726","0.315127"
"Barn_stars_hex_signs","exact_collapsed_length_2_to_8","global_token_shuffle","5","97","365","29","365","0.10411","0.542466","0.304139"
"Barn_stars_hex_signs","exact_collapsed_length_2_to_8","global_token_shuffle","6","97","365","29","365","0.145205","0.506849","0.318537"
"Barn_stars_hex_signs","exact_collapsed_length_2_to_8","global_token_shuffle","7","97","365","29","365","0.087671","0.556164","0.298609"
"Barn_stars_hex_signs","exact_collapsed_length_2_to_8","global_token_shuffle","8","97","365","29","365","0.126027","0.572603","0.322372"
"Barn_stars_hex_signs","exact_collapsed_length_2_to_8","global_token_shuffle","9","97","365","29","365","0.10411","0.550685","0.300364"
"Barn_stars_hex_signs","exact_collapsed_length_2_to_8","global_token_shuffle","10","97","365","29","365","0.131507","0.575342","0.317137"
"Barn_stars_hex_signs","exact_collapsed_length_2_to_8","global_token_shuffle","11","97","365","29","365","0.106849","0.517808","0.286424"
"Barn_stars_hex_signs","exact_collapsed_length_2_to_8","global_token_shuffle","12","97","365","29","365","0.117808","0.567123","0.316134"
"Barn_stars_hex_signs","exact_collapsed_length_2_to_8","global_token_shuffle","13","97","365","29","365","0.120548","0.572603","0.3178"
"Barn_stars_hex_signs","exact_collapsed_length_2_to_8","global_token_shuffle","14","97","365","29","365","0.120548","0.539726","0.30774"
"Barn_stars_hex_signs","exact_collapsed_length_2_to_8","global_token_shuffle","15","97","365","29","365","0.112329","0.512329","0.292969"
"Barn_stars_hex_signs","exact_collapsed_length_2_to_8","global_token_shuffle","16","97","365","29","365","0.117808","0.564384","0.310469"
"Barn_stars_hex_signs","exact_collapsed_length_2_to_8","global_token_shuffle","17","97","365","29","365","0.109589","0.547945","0.293729"
"Barn_stars_hex_signs","exact_collapsed_length_2_to_8","global_token_shuffle","18","97","365","29","365","0.142466","0.520548","0.317167"
"Barn_stars_hex_signs","exact_collapsed_length_2_to_8","global_token_shuffle","19","97","365","29","365","0.131507","0.564384","0.30955"
"Barn_stars_hex_signs","exact_collapsed_length_2_to_8","global_token_shuffle","20","97","365","29","365","0.115068","0.547945","0.307143"
"Barn_stars_hex_signs","exact_collapsed_length_2_to_8","global_token_shuffle","21","97","365","29","365","0.115068","0.575342","0.311656"
"Barn_stars_hex_signs","exact_collapsed_length_2_to_8","global_token_shuffle","22","97","365","29","365","0.156164","0.556164","0.339281"
"Barn_stars_hex_signs","exact_collapsed_length_2_to_8","global_token_shuffle","23","97","365","29","365","0.090411","0.506849","0.275725"
"Barn_stars_hex_signs","exact_collapsed_length_2_to_8","global_token_shuffle","24","97","365","29","365","0.093151","0.49863","0.277953"
"Barn_stars_hex_signs","exact_collapsed_length_2_to_8","global_token_shuffle","25","97","365","29","365","0.084932","0.50411","0.279884"
"Barn_stars_hex_signs","exact_collapsed_length_2_to_8","global_token_shuffle","26","97","365","29","365","0.131507","0.586301","0.319009"
"Barn_stars_hex_signs","exact_collapsed_length_2_to_8","global_token_shuffle","27","97","365","29","365","0.060274","0.493151","0.264352"
"Barn_stars_hex_signs","exact_collapsed_length_2_to_8","global_token_shuffle","28","97","365","29","365","0.071233","0.490411","0.261582"
"Barn_stars_hex_signs","exact_collapsed_length_2_to_8","global_token_shuffle","29","97","365","29","365","0.120548","0.589041","0.318035"
"Barn_stars_hex_signs","exact_collapsed_length_2_to_8","global_token_shuffle","30","97","365","29","365","0.093151","0.536986","0.284077"
"Barn_stars_hex_signs","exact_collapsed_length_2_to_8","global_token_shuffle","31","97","365","29","365","0.082192","0.520548","0.271369"
"Barn_stars_hex_signs","exact_collapsed_length_2_to_8","global_token_shuffle","32","97","365","29","365","0.084932","0.589041","0.281103"
"Barn_stars_hex_signs","exact_collapsed_length_2_to_8","global_token_shuffle","33","97","365","29","365","0.117808","0.550685","0.314963"
"Barn_stars_hex_signs","exact_collapsed_length_2_to_8","global_token_shuffle","34","97","365","29","365","0.093151","0.515068","0.276774"
"Barn_stars_hex_signs","exact_collapsed_length_2_to_8","global_token_shuffle","35","97","365","29","365","0.145205","0.610959","0.330117"
"Barn_stars_hex_signs","exact_collapsed_length_2_to_8","global_token_shuffle","36","97","365","29","365","0.131507","0.60274","0.32189"
"Barn_stars_hex_signs","exact_collapsed_length_2_to_8","global_token_shuffle","37","97","365","29","365","0.084932","0.534247","0.284798"
"Barn_stars_hex_signs","exact_collapsed_length_2_to_8","global_token_shuffle","38","97","365","29","365","0.134247","0.575342","0.318245"
"Barn_stars_hex_signs","exact_collapsed_length_2_to_8","global_token_shuffle","39","97","365","29","365","0.120548","0.50411","0.302157"
"Barn_stars_hex_signs","exact_collapsed_length_2_to_8","row_internal_shuffle","0","97","365","29","365","0.446575","0.761644","0.584888"
"Barn_stars_hex_signs","exact_collapsed_length_2_to_8","row_internal_shuffle","1","97","365","29","365","0.463014","0.758904","0.596507"
"Barn_stars_hex_signs","exact_collapsed_length_2_to_8","row_internal_shuffle","2","97","365","29","365","0.460274","0.706849","0.57942"
"Barn_stars_hex_signs","exact_collapsed_length_2_to_8","row_internal_shuffle","3","97","365","29","365","0.438356","0.717808","0.555983"
"Barn_stars_hex_signs","exact_collapsed_length_2_to_8","row_internal_shuffle","4","97","365","29","365","0.449315","0.736986","0.579393"
"Barn_stars_hex_signs","exact_collapsed_length_2_to_8","row_internal_shuffle","5","97","365","29","365","0.419178","0.720548","0.554969"
"Barn_stars_hex_signs","exact_collapsed_length_2_to_8","row_internal_shuffle","6","97","365","29","365","0.438356","0.70411","0.564538"
"Barn_stars_hex_signs","exact_collapsed_length_2_to_8","row_internal_shuffle","7","97","365","29","365","0.446575","0.728767","0.575102"
"Barn_stars_hex_signs","exact_collapsed_length_2_to_8","row_internal_shuffle","8","97","365","29","365","0.476712","0.717808","0.594602"
"Barn_stars_hex_signs","exact_collapsed_length_2_to_8","row_internal_shuffle","9","97","365","29","365","0.463014","0.731507","0.584452"
"Barn_stars_hex_signs","exact_collapsed_length_2_to_8","row_internal_shuffle","10","97","365","29","365","0.479452","0.739726","0.593442"
"Barn_stars_hex_signs","exact_collapsed_length_2_to_8","row_internal_shuffle","11","97","365","29","365","0.372603","0.69589","0.52179"
"Barn_stars_hex_signs","exact_collapsed_length_2_to_8","row_internal_shuffle","12","97","365","29","365","0.449315","0.750685","0.586312"
"Barn_stars_hex_signs","exact_collapsed_length_2_to_8","row_internal_shuffle","13","97","365","29","365","0.468493","0.709589","0.576512"
"Barn_stars_hex_signs","exact_collapsed_length_2_to_8","row_internal_shuffle","14","97","365","29","365","0.465753","0.720548","0.587795"
"Barn_stars_hex_signs","exact_collapsed_length_2_to_8","row_internal_shuffle","15","97","365","29","365","0.471233","0.731507","0.585483"
"Barn_stars_hex_signs","exact_collapsed_length_2_to_8","row_internal_shuffle","16","97","365","29","365","0.465753","0.715068","0.582174"
"Barn_stars_hex_signs","exact_collapsed_length_2_to_8","row_internal_shuffle","17","97","365","29","365","0.465753","0.731507","0.588815"
"Barn_stars_hex_signs","exact_collapsed_length_2_to_8","row_internal_shuffle","18","97","365","29","365","0.438356","0.720548","0.576694"
"Barn_stars_hex_signs","exact_collapsed_length_2_to_8","row_internal_shuffle","19","97","365","29","365","0.454795","0.723288","0.575824"
"Barn_stars_hex_signs","exact_collapsed_length_2_to_8","row_internal_shuffle","20","97","365","29","365","0.471233","0.764384","0.600743"
"Barn_stars_hex_signs","exact_collapsed_length_2_to_8","row_internal_shuffle","21","97","365","29","365","0.438356","0.70137","0.555467"
"Barn_stars_hex_signs","exact_collapsed_length_2_to_8","row_internal_shuffle","22","97","365","29","365","0.449315","0.734247","0.584894"
"Barn_stars_hex_signs","exact_collapsed_length_2_to_8","row_internal_shuffle","23","97","365","29","365","0.443836","0.739726","0.573781"
"Barn_stars_hex_signs","exact_collapsed_length_2_to_8","row_internal_shuffle","24","97","365","29","365","0.419178","0.69863","0.555158"
"Barn_stars_hex_signs","exact_collapsed_length_2_to_8","row_internal_shuffle","25","97","365","29","365","0.419178","0.736986","0.557497"
"Barn_stars_hex_signs","exact_collapsed_length_2_to_8","row_internal_shuffle","26","97","365","29","365","0.473973","0.736986","0.59256"
"Barn_stars_hex_signs","exact_collapsed_length_2_to_8","row_internal_shuffle","27","97","365","29","365","0.471233","0.715068","0.583331"
"Barn_stars_hex_signs","exact_collapsed_length_2_to_8","row_internal_shuffle","28","97","365","29","365","0.49589","0.756164","0.606467"
"Barn_stars_hex_signs","exact_collapsed_length_2_to_8","row_internal_shuffle","29","97","365","29","365","0.438356","0.726027","0.57567"
"Barn_stars_hex_signs","exact_collapsed_length_2_to_8","row_internal_shuffle","30","97","365","29","365","0.438356","0.723288","0.569413"
"Barn_stars_hex_signs","exact_collapsed_length_2_to_8","row_internal_shuffle","31","97","365","29","365","0.465753","0.726027","0.58567"
"Barn_stars_hex_signs","exact_collapsed_length_2_to_8","row_internal_shuffle","32","97","365","29","365","0.457534","0.750685","0.583375"
"Barn_stars_hex_signs","exact_collapsed_length_2_to_8","row_internal_shuffle","33","97","365","29","365","0.449315","0.728767","0.572705"
"Barn_stars_hex_signs","exact_collapsed_length_2_to_8","row_internal_shuffle","34","97","365","29","365","0.476712","0.736986","0.600993"
"Barn_stars_hex_signs","exact_collapsed_length_2_to_8","row_internal_shuffle","35","97","365","29","365","0.410959","0.684932","0.541644"
"Barn_stars_hex_signs","exact_collapsed_length_2_to_8","row_internal_shuffle","36","97","365","29","365","0.473973","0.734247","0.585277"
"Barn_stars_hex_signs","exact_collapsed_length_2_to_8","row_internal_shuffle","37","97","365","29","365","0.468493","0.745205","0.595764"
"Barn_stars_hex_signs","exact_collapsed_length_2_to_8","row_internal_shuffle","38","97","365","29","365","0.473973","0.709589","0.58919"
"Barn_stars_hex_signs","exact_collapsed_length_2_to_8","row_internal_shuffle","39","97","365","29","365","0.468493","0.750685","0.592067"
"Barn_stars_hex_signs","exact_collapsed_length_2_to_8","position_slot_shuffle","0","97","365","29","365","0.09863","0.509589","0.283746"
"Barn_stars_hex_signs","exact_collapsed_length_2_to_8","position_slot_shuffle","1","97","365","29","365","0.117808","0.50137","0.29157"
"Barn_stars_hex_signs","exact_collapsed_length_2_to_8","position_slot_shuffle","2","97","365","29","365","0.145205","0.479452","0.312177"
"Barn_stars_hex_signs","exact_collapsed_length_2_to_8","position_slot_shuffle","3","97","365","29","365","0.079452","0.471233","0.26156"
"Barn_stars_hex_signs","exact_collapsed_length_2_to_8","position_slot_shuffle","4","97","365","29","365","0.082192","0.493151","0.274605"
"Barn_stars_hex_signs","exact_collapsed_length_2_to_8","position_slot_shuffle","5","97","365","29","365","0.09589","0.446575","0.272567"
"Barn_stars_hex_signs","exact_collapsed_length_2_to_8","position_slot_shuffle","6","97","365","29","365","0.115068","0.545205","0.306623"
"Barn_stars_hex_signs","exact_collapsed_length_2_to_8","position_slot_shuffle","7","97","365","29","365","0.115068","0.476712","0.29244"
"Barn_stars_hex_signs","exact_collapsed_length_2_to_8","position_slot_shuffle","8","97","365","29","365","0.10137","0.490411","0.273402"
"Barn_stars_hex_signs","exact_collapsed_length_2_to_8","position_slot_shuffle","9","97","365","29","365","0.115068","0.528767","0.299723"
"Barn_stars_hex_signs","exact_collapsed_length_2_to_8","position_slot_shuffle","10","97","365","29","365","0.109589","0.49589","0.2938"
"Barn_stars_hex_signs","exact_collapsed_length_2_to_8","position_slot_shuffle","11","97","365","29","365","0.09589","0.441096","0.266376"
"Barn_stars_hex_signs","exact_collapsed_length_2_to_8","position_slot_shuffle","12","97","365","29","365","0.106849","0.493151","0.290277"
"Barn_stars_hex_signs","exact_collapsed_length_2_to_8","position_slot_shuffle","13","97","365","29","365","0.126027","0.471233","0.293053"
"Barn_stars_hex_signs","exact_collapsed_length_2_to_8","position_slot_shuffle","14","97","365","29","365","0.112329","0.528767","0.297434"
"Barn_stars_hex_signs","exact_collapsed_length_2_to_8","position_slot_shuffle","15","97","365","29","365","0.106849","0.49589","0.288674"
"Barn_stars_hex_signs","exact_collapsed_length_2_to_8","position_slot_shuffle","16","97","365","29","365","0.136986","0.512329","0.310601"
"Barn_stars_hex_signs","exact_collapsed_length_2_to_8","position_slot_shuffle","17","97","365","29","365","0.084932","0.506849","0.270515"
"Barn_stars_hex_signs","exact_collapsed_length_2_to_8","position_slot_shuffle","18","97","365","29","365","0.106849","0.460274","0.281483"
"Barn_stars_hex_signs","exact_collapsed_length_2_to_8","position_slot_shuffle","19","97","365","29","365","0.117808","0.49863","0.290333"
"Barn_stars_hex_signs","exact_collapsed_length_2_to_8","position_slot_shuffle","20","97","365","29","365","0.117808","0.506849","0.293569"
"Barn_stars_hex_signs","exact_collapsed_length_2_to_8","position_slot_shuffle","21","97","365","29","365","0.120548","0.487671","0.291"
"Barn_stars_hex_signs","exact_collapsed_length_2_to_8","position_slot_shuffle","22","97","365","29","365","0.115068","0.424658","0.279695"
"Barn_stars_hex_signs","exact_collapsed_length_2_to_8","position_slot_shuffle","23","97","365","29","365","0.126027","0.512329","0.304514"
"Barn_stars_hex_signs","exact_collapsed_length_2_to_8","position_slot_shuffle","24","97","365","29","365","0.106849","0.463014","0.285235"
"Barn_stars_hex_signs","exact_collapsed_length_2_to_8","position_slot_shuffle","25","97","365","29","365","0.139726","0.506849","0.310355"
"Barn_stars_hex_signs","exact_collapsed_length_2_to_8","position_slot_shuffle","26","97","365","29","365","0.161644","0.561644","0.330538"
"Barn_stars_hex_signs","exact_collapsed_length_2_to_8","position_slot_shuffle","27","97","365","29","365","0.117808","0.512329","0.294444"
"Barn_stars_hex_signs","exact_collapsed_length_2_to_8","position_slot_shuffle","28","97","365","29","365","0.09589","0.482192","0.281713"
"Barn_stars_hex_signs","exact_collapsed_length_2_to_8","position_slot_shuffle","29","97","365","29","365","0.10411","0.457534","0.281473"
"Barn_stars_hex_signs","exact_collapsed_length_2_to_8","position_slot_shuffle","30","97","365","29","365","0.109589","0.473973","0.290966"
"Barn_stars_hex_signs","exact_collapsed_length_2_to_8","position_slot_shuffle","31","97","365","29","365","0.158904","0.50137","0.325098"
"Barn_stars_hex_signs","exact_collapsed_length_2_to_8","position_slot_shuffle","32","97","365","29","365","0.120548","0.479452","0.297714"
"Barn_stars_hex_signs","exact_collapsed_length_2_to_8","position_slot_shuffle","33","97","365","29","365","0.123288","0.49863","0.302023"
"Barn_stars_hex_signs","exact_collapsed_length_2_to_8","position_slot_shuffle","34","97","365","29","365","0.109589","0.460274","0.286452"
"Barn_stars_hex_signs","exact_collapsed_length_2_to_8","position_slot_shuffle","35","97","365","29","365","0.123288","0.526027","0.3051"
"Barn_stars_hex_signs","exact_collapsed_length_2_to_8","position_slot_shuffle","36","97","365","29","365","0.120548","0.512329","0.304199"
"Barn_stars_hex_signs","exact_collapsed_length_2_to_8","position_slot_shuffle","37","97","365","29","365","0.126027","0.484932","0.303525"
"Barn_stars_hex_signs","exact_collapsed_length_2_to_8","position_slot_shuffle","38","97","365","29","365","0.136986","0.484932","0.310243"
"Barn_stars_hex_signs","exact_collapsed_length_2_to_8","position_slot_shuffle","39","97","365","29","365","0.10137","0.487671","0.283164"
"Barn_stars_hex_signs","exact_collapsed_length_2_to_8","edge_frame_shuffle","0","97","365","29","365","0.120548","0.465753","0.287487"
"Barn_stars_hex_signs","exact_collapsed_length_2_to_8","edge_frame_shuffle","1","97","365","29","365","0.106849","0.506849","0.291112"
"Barn_stars_hex_signs","exact_collapsed_length_2_to_8","edge_frame_shuffle","2","97","365","29","365","0.131507","0.484932","0.316412"
"Barn_stars_hex_signs","exact_collapsed_length_2_to_8","edge_frame_shuffle","3","97","365","29","365","0.082192","0.454795","0.270108"
"Barn_stars_hex_signs","exact_collapsed_length_2_to_8","edge_frame_shuffle","4","97","365","29","365","0.071233","0.479452","0.261563"
"Barn_stars_hex_signs","exact_collapsed_length_2_to_8","edge_frame_shuffle","5","97","365","29","365","0.073973","0.536986","0.270872"
"Barn_stars_hex_signs","exact_collapsed_length_2_to_8","edge_frame_shuffle","6","97","365","29","365","0.10411","0.50411","0.296949"
"Barn_stars_hex_signs","exact_collapsed_length_2_to_8","edge_frame_shuffle","7","97","365","29","365","0.109589","0.509589","0.287981"
"Barn_stars_hex_signs","exact_collapsed_length_2_to_8","edge_frame_shuffle","8","97","365","29","365","0.087671","0.421918","0.264256"
"Barn_stars_hex_signs","exact_collapsed_length_2_to_8","edge_frame_shuffle","9","97","365","29","365","0.090411","0.520548","0.28982"
"Barn_stars_hex_signs","exact_collapsed_length_2_to_8","edge_frame_shuffle","10","97","365","29","365","0.112329","0.487671","0.296296"
"Barn_stars_hex_signs","exact_collapsed_length_2_to_8","edge_frame_shuffle","11","97","365","29","365","0.136986","0.526027","0.312285"
"Barn_stars_hex_signs","exact_collapsed_length_2_to_8","edge_frame_shuffle","12","97","365","29","365","0.115068","0.520548","0.295771"
"Barn_stars_hex_signs","exact_collapsed_length_2_to_8","edge_frame_shuffle","13","97","365","29","365","0.10137","0.50137","0.278297"
"Barn_stars_hex_signs","exact_collapsed_length_2_to_8","edge_frame_shuffle","14","97","365","29","365","0.09863","0.509589","0.281829"
"Barn_stars_hex_signs","exact_collapsed_length_2_to_8","edge_frame_shuffle","15","97","365","29","365","0.076712","0.49589","0.264176"
"Barn_stars_hex_signs","exact_collapsed_length_2_to_8","edge_frame_shuffle","16","97","365","29","365","0.10137","0.452055","0.277111"
"Barn_stars_hex_signs","exact_collapsed_length_2_to_8","edge_frame_shuffle","17","97","365","29","365","0.115068","0.49589","0.292041"
"Barn_stars_hex_signs","exact_collapsed_length_2_to_8","edge_frame_shuffle","18","97","365","29","365","0.115068","0.561644","0.300073"
"Barn_stars_hex_signs","exact_collapsed_length_2_to_8","edge_frame_shuffle","19","97","365","29","365","0.115068","0.50137","0.301638"
"Barn_stars_hex_signs","exact_collapsed_length_2_to_8","edge_frame_shuffle","20","97","365","29","365","0.112329","0.531507","0.300778"
"Barn_stars_hex_signs","exact_collapsed_length_2_to_8","edge_frame_shuffle","21","97","365","29","365","0.087671","0.523288","0.272312"
"Barn_stars_hex_signs","exact_collapsed_length_2_to_8","edge_frame_shuffle","22","97","365","29","365","0.123288","0.545205","0.299307"
"Barn_stars_hex_signs","exact_collapsed_length_2_to_8","edge_frame_shuffle","23","97","365","29","365","0.115068","0.509589","0.292059"
"Barn_stars_hex_signs","exact_collapsed_length_2_to_8","edge_frame_shuffle","24","97","365","29","365","0.090411","0.520548","0.280254"
"Barn_stars_hex_signs","exact_collapsed_length_2_to_8","edge_frame_shuffle","25","97","365","29","365","0.090411","0.49863","0.275048"
"Barn_stars_hex_signs","exact_collapsed_length_2_to_8","edge_frame_shuffle","26","97","365","29","365","0.087671","0.479452","0.272377"
"Barn_stars_hex_signs","exact_collapsed_length_2_to_8","edge_frame_shuffle","27","97","365","29","365","0.063014","0.547945","0.258506"
"Barn_stars_hex_signs","exact_collapsed_length_2_to_8","edge_frame_shuffle","28","97","365","29","365","0.09863","0.479452","0.28027"
"Barn_stars_hex_signs","exact_collapsed_length_2_to_8","edge_frame_shuffle","29","97","365","29","365","0.09863","0.482192","0.273254"
"Barn_stars_hex_signs","exact_collapsed_length_2_to_8","edge_frame_shuffle","30","97","365","29","365","0.09589","0.517808","0.28929"
"Barn_stars_hex_signs","exact_collapsed_length_2_to_8","edge_frame_shuffle","31","97","365","29","365","0.09589","0.484932","0.282958"
"Barn_stars_hex_signs","exact_collapsed_length_2_to_8","edge_frame_shuffle","32","97","365","29","365","0.079452","0.479452","0.263069"
"Barn_stars_hex_signs","exact_collapsed_length_2_to_8","edge_frame_shuffle","33","97","365","29","365","0.082192","0.49589","0.262041"
"Barn_stars_hex_signs","exact_collapsed_length_2_to_8","edge_frame_shuffle","34","97","365","29","365","0.073973","0.50411","0.269453"
"Barn_stars_hex_signs","exact_collapsed_length_2_to_8","edge_frame_shuffle","35","97","365","29","365","0.09589","0.482192","0.276793"
"Barn_stars_hex_signs","exact_collapsed_length_2_to_8","edge_frame_shuffle","36","97","365","29","365","0.087671","0.536986","0.282189"
"Barn_stars_hex_signs","exact_collapsed_length_2_to_8","edge_frame_shuffle","37","97","365","29","365","0.09863","0.520548","0.294951"
"Barn_stars_hex_signs","exact_collapsed_length_2_to_8","edge_frame_shuffle","38","97","365","29","365","0.128767","0.545205","0.303254"
"Barn_stars_hex_signs","exact_collapsed_length_2_to_8","edge_frame_shuffle","39","97","365","29","365","0.10411","0.526027","0.2944"
"Vinca_symbols","exact_collapsed_length_2_to_8","global_token_shuffle","0","91","271","82","271","0.077491","0.269373","0.177953"
"Vinca_symbols","exact_collapsed_length_2_to_8","global_token_shuffle","1","91","271","82","271","0.110701","0.273063","0.198902"
"Vinca_symbols","exact_collapsed_length_2_to_8","global_token_shuffle","2","91","271","82","271","0.077491","0.280443","0.180253"
"Vinca_symbols","exact_collapsed_length_2_to_8","global_token_shuffle","3","91","271","82","271","0.070111","0.276753","0.173641"
"Vinca_symbols","exact_collapsed_length_2_to_8","global_token_shuffle","4","91","271","82","271","0.081181","0.269373","0.183489"
"Vinca_symbols","exact_collapsed_length_2_to_8","global_token_shuffle","5","91","271","82","271","0.092251","0.284133","0.196141"
"Vinca_symbols","exact_collapsed_length_2_to_8","global_token_shuffle","6","91","271","82","271","0.070111","0.280443","0.179342"
"Vinca_symbols","exact_collapsed_length_2_to_8","global_token_shuffle","7","91","271","82","271","0.092251","0.261993","0.188549"
"Vinca_symbols","exact_collapsed_length_2_to_8","global_token_shuffle","8","91","271","82","271","0.092251","0.261993","0.188422"
"Vinca_symbols","exact_collapsed_length_2_to_8","global_token_shuffle","9","91","271","82","271","0.070111","0.298893","0.184767"
"Vinca_symbols","exact_collapsed_length_2_to_8","global_token_shuffle","10","91","271","82","271","0.070111","0.276753","0.176511"
"Vinca_symbols","exact_collapsed_length_2_to_8","global_token_shuffle","11","91","271","82","271","0.066421","0.258303","0.169229"
"Vinca_symbols","exact_collapsed_length_2_to_8","global_token_shuffle","12","91","271","82","271","0.088561","0.280443","0.188287"
"Vinca_symbols","exact_collapsed_length_2_to_8","global_token_shuffle","13","91","271","82","271","0.125461","0.276753","0.212172"
"Vinca_symbols","exact_collapsed_length_2_to_8","global_token_shuffle","14","91","271","82","271","0.103321","0.284133","0.1954"
"Vinca_symbols","exact_collapsed_length_2_to_8","global_token_shuffle","15","91","271","82","271","0.092251","0.291513","0.197576"
"Vinca_symbols","exact_collapsed_length_2_to_8","global_token_shuffle","16","91","271","82","271","0.070111","0.261993","0.175766"
"Vinca_symbols","exact_collapsed_length_2_to_8","global_token_shuffle","17","91","271","82","271","0.095941","0.254613","0.187414"
"Vinca_symbols","exact_collapsed_length_2_to_8","global_token_shuffle","18","91","271","82","271","0.077491","0.295203","0.18605"
"Vinca_symbols","exact_collapsed_length_2_to_8","global_token_shuffle","19","91","271","82","271","0.051661","0.298893","0.177995"
"Vinca_symbols","exact_collapsed_length_2_to_8","global_token_shuffle","20","91","271","82","271","0.073801","0.232472","0.168652"
"Vinca_symbols","exact_collapsed_length_2_to_8","global_token_shuffle","21","91","271","82","271","0.073801","0.243542","0.169473"
"Vinca_symbols","exact_collapsed_length_2_to_8","global_token_shuffle","22","91","271","82","271","0.077491","0.258303","0.185574"
"Vinca_symbols","exact_collapsed_length_2_to_8","global_token_shuffle","23","91","271","82","271","0.103321","0.250923","0.194615"
"Vinca_symbols","exact_collapsed_length_2_to_8","global_token_shuffle","24","91","271","82","271","0.077491","0.250923","0.179925"
"Vinca_symbols","exact_collapsed_length_2_to_8","global_token_shuffle","25","91","271","82","271","0.081181","0.243542","0.180217"
"Vinca_symbols","exact_collapsed_length_2_to_8","global_token_shuffle","26","91","271","82","271","0.084871","0.254613","0.177942"
"Vinca_symbols","exact_collapsed_length_2_to_8","global_token_shuffle","27","91","271","82","271","0.077491","0.236162","0.170011"
"Vinca_symbols","exact_collapsed_length_2_to_8","global_token_shuffle","28","91","271","82","271","0.099631","0.247232","0.192778"
"Vinca_symbols","exact_collapsed_length_2_to_8","global_token_shuffle","29","91","271","82","271","0.103321","0.228782","0.189594"
"Vinca_symbols","exact_collapsed_length_2_to_8","global_token_shuffle","30","91","271","82","271","0.088561","0.273063","0.18826"
"Vinca_symbols","exact_collapsed_length_2_to_8","global_token_shuffle","31","91","271","82","271","0.107011","0.232472","0.200915"
"Vinca_symbols","exact_collapsed_length_2_to_8","global_token_shuffle","32","91","271","82","271","0.107011","0.298893","0.20656"
"Vinca_symbols","exact_collapsed_length_2_to_8","global_token_shuffle","33","91","271","82","271","0.084871","0.258303","0.177053"
"Vinca_symbols","exact_collapsed_length_2_to_8","global_token_shuffle","34","91","271","82","271","0.062731","0.228782","0.166111"
"Vinca_symbols","exact_collapsed_length_2_to_8","global_token_shuffle","35","91","271","82","271","0.092251","0.250923","0.182245"
"Vinca_symbols","exact_collapsed_length_2_to_8","global_token_shuffle","36","91","271","82","271","0.062731","0.239852","0.166101"
"Vinca_symbols","exact_collapsed_length_2_to_8","global_token_shuffle","37","91","271","82","271","0.066421","0.287823","0.17701"
"Vinca_symbols","exact_collapsed_length_2_to_8","global_token_shuffle","38","91","271","82","271","0.062731","0.306273","0.173105"
"Vinca_symbols","exact_collapsed_length_2_to_8","global_token_shuffle","39","91","271","82","271","0.092251","0.287823","0.189499"
"Vinca_symbols","exact_collapsed_length_2_to_8","row_internal_shuffle","0","91","271","82","271","0.095941","0.228782","0.185852"
"Vinca_symbols","exact_collapsed_length_2_to_8","row_internal_shuffle","1","91","271","82","271","0.088561","0.273063","0.180932"
"Vinca_symbols","exact_collapsed_length_2_to_8","row_internal_shuffle","2","91","271","82","271","0.066421","0.269373","0.165144"
"Vinca_symbols","exact_collapsed_length_2_to_8","row_internal_shuffle","3","91","271","82","271","0.114391","0.273063","0.197606"
"Vinca_symbols","exact_collapsed_length_2_to_8","row_internal_shuffle","4","91","271","82","271","0.095941","0.309963","0.204631"
"Vinca_symbols","exact_collapsed_length_2_to_8","row_internal_shuffle","5","91","271","82","271","0.088561","0.261993","0.191023"
"Vinca_symbols","exact_collapsed_length_2_to_8","row_internal_shuffle","6","91","271","82","271","0.099631","0.273063","0.190922"
"Vinca_symbols","exact_collapsed_length_2_to_8","row_internal_shuffle","7","91","271","82","271","0.081181","0.298893","0.178947"
"Vinca_symbols","exact_collapsed_length_2_to_8","row_internal_shuffle","8","91","271","82","271","0.099631","0.273063","0.193785"
"Vinca_symbols","exact_collapsed_length_2_to_8","row_internal_shuffle","9","91","271","82","271","0.081181","0.258303","0.179057"
"Vinca_symbols","exact_collapsed_length_2_to_8","row_internal_shuffle","10","91","271","82","271","0.073801","0.269373","0.17413"
"Vinca_symbols","exact_collapsed_length_2_to_8","row_internal_shuffle","11","91","271","82","271","0.092251","0.291513","0.191762"
"Vinca_symbols","exact_collapsed_length_2_to_8","row_internal_shuffle","12","91","271","82","271","0.077491","0.280443","0.181891"
"Vinca_symbols","exact_collapsed_length_2_to_8","row_internal_shuffle","13","91","271","82","271","0.070111","0.247232","0.172228"
"Vinca_symbols","exact_collapsed_length_2_to_8","row_internal_shuffle","14","91","271","82","271","0.092251","0.269373","0.19225"
"Vinca_symbols","exact_collapsed_length_2_to_8","row_internal_shuffle","15","91","271","82","271","0.084871","0.276753","0.184767"
"Vinca_symbols","exact_collapsed_length_2_to_8","row_internal_shuffle","16","91","271","82","271","0.092251","0.291513","0.18879"
"Vinca_symbols","exact_collapsed_length_2_to_8","row_internal_shuffle","17","91","271","82","271","0.084871","0.217712","0.175259"
"Vinca_symbols","exact_collapsed_length_2_to_8","row_internal_shuffle","18","91","271","82","271","0.073801","0.258303","0.173302"
"Vinca_symbols","exact_collapsed_length_2_to_8","row_internal_shuffle","19","91","271","82","271","0.088561","0.258303","0.179186"
"Vinca_symbols","exact_collapsed_length_2_to_8","row_internal_shuffle","20","91","271","82","271","0.081181","0.265683","0.180315"
"Vinca_symbols","exact_collapsed_length_2_to_8","row_internal_shuffle","21","91","271","82","271","0.081181","0.265683","0.185082"
"Vinca_symbols","exact_collapsed_length_2_to_8","row_internal_shuffle","22","91","271","82","271","0.092251","0.269373","0.180666"
"Vinca_symbols","exact_collapsed_length_2_to_8","row_internal_shuffle","23","91","271","82","271","0.125461","0.306273","0.220947"
"Vinca_symbols","exact_collapsed_length_2_to_8","row_internal_shuffle","24","91","271","82","271","0.103321","0.273063","0.196601"
"Vinca_symbols","exact_collapsed_length_2_to_8","row_internal_shuffle","25","91","271","82","271","0.092251","0.269373","0.187753"
"Vinca_symbols","exact_collapsed_length_2_to_8","row_internal_shuffle","26","91","271","82","271","0.073801","0.261993","0.179633"
"Vinca_symbols","exact_collapsed_length_2_to_8","row_internal_shuffle","27","91","271","82","271","0.051661","0.258303","0.163905"
"Vinca_symbols","exact_collapsed_length_2_to_8","row_internal_shuffle","28","91","271","82","271","0.095941","0.295203","0.189704"
"Vinca_symbols","exact_collapsed_length_2_to_8","row_internal_shuffle","29","91","271","82","271","0.092251","0.239852","0.185548"
"Vinca_symbols","exact_collapsed_length_2_to_8","row_internal_shuffle","30","91","271","82","271","0.055351","0.247232","0.160356"
"Vinca_symbols","exact_collapsed_length_2_to_8","row_internal_shuffle","31","91","271","82","271","0.107011","0.258303","0.193342"
"Vinca_symbols","exact_collapsed_length_2_to_8","row_internal_shuffle","32","91","271","82","271","0.077491","0.284133","0.182959"
"Vinca_symbols","exact_collapsed_length_2_to_8","row_internal_shuffle","33","91","271","82","271","0.081181","0.261993","0.181042"
"Vinca_symbols","exact_collapsed_length_2_to_8","row_internal_shuffle","34","91","271","82","271","0.073801","0.287823","0.182849"
"Vinca_symbols","exact_collapsed_length_2_to_8","row_internal_shuffle","35","91","271","82","271","0.073801","0.265683","0.183314"
"Vinca_symbols","exact_collapsed_length_2_to_8","row_internal_shuffle","36","91","271","82","271","0.070111","0.284133","0.182943"
"Vinca_symbols","exact_collapsed_length_2_to_8","row_internal_shuffle","37","91","271","82","271","0.114391","0.269373","0.195171"
"Vinca_symbols","exact_collapsed_length_2_to_8","row_internal_shuffle","38","91","271","82","271","0.099631","0.269373","0.186479"
"Vinca_symbols","exact_collapsed_length_2_to_8","row_internal_shuffle","39","91","271","82","271","0.066421","0.317343","0.17941"
"Vinca_symbols","exact_collapsed_length_2_to_8","position_slot_shuffle","0","91","271","82","271","0.095941","0.280443","0.187302"
"Vinca_symbols","exact_collapsed_length_2_to_8","position_slot_shuffle","1","91","271","82","271","0.092251","0.306273","0.194824"
"Vinca_symbols","exact_collapsed_length_2_to_8","position_slot_shuffle","2","91","271","82","271","0.092251","0.298893","0.192791"
"Vinca_symbols","exact_collapsed_length_2_to_8","position_slot_shuffle","3","91","271","82","271","0.092251","0.287823","0.189314"
"Vinca_symbols","exact_collapsed_length_2_to_8","position_slot_shuffle","4","91","271","82","271","0.088561","0.254613","0.184101"
"Vinca_symbols","exact_collapsed_length_2_to_8","position_slot_shuffle","5","91","271","82","271","0.099631","0.284133","0.196433"
"Vinca_symbols","exact_collapsed_length_2_to_8","position_slot_shuffle","6","91","271","82","271","0.103321","0.280443","0.200578"
"Vinca_symbols","exact_collapsed_length_2_to_8","position_slot_shuffle","7","91","271","82","271","0.088561","0.295203","0.193491"
"Vinca_symbols","exact_collapsed_length_2_to_8","position_slot_shuffle","8","91","271","82","271","0.099631","0.295203","0.200546"
"Vinca_symbols","exact_collapsed_length_2_to_8","position_slot_shuffle","9","91","271","82","271","0.077491","0.280443","0.175663"
"Vinca_symbols","exact_collapsed_length_2_to_8","position_slot_shuffle","10","91","271","82","271","0.099631","0.321033","0.203789"
"Vinca_symbols","exact_collapsed_length_2_to_8","position_slot_shuffle","11","91","271","82","271","0.110701","0.287823","0.204935"
"Vinca_symbols","exact_collapsed_length_2_to_8","position_slot_shuffle","12","91","271","82","271","0.084871","0.276753","0.182117"
"Vinca_symbols","exact_collapsed_length_2_to_8","position_slot_shuffle","13","91","271","82","271","0.088561","0.295203","0.192604"
"Vinca_symbols","exact_collapsed_length_2_to_8","position_slot_shuffle","14","91","271","82","271","0.092251","0.295203","0.197809"
"Vinca_symbols","exact_collapsed_length_2_to_8","position_slot_shuffle","15","91","271","82","271","0.081181","0.273063","0.183735"
"Vinca_symbols","exact_collapsed_length_2_to_8","position_slot_shuffle","16","91","271","82","271","0.084871","0.261993","0.181815"
"Vinca_symbols","exact_collapsed_length_2_to_8","position_slot_shuffle","17","91","271","82","271","0.092251","0.280443","0.185701"
"Vinca_symbols","exact_collapsed_length_2_to_8","position_slot_shuffle","18","91","271","82","271","0.095941","0.306273","0.202943"
"Vinca_symbols","exact_collapsed_length_2_to_8","position_slot_shuffle","19","91","271","82","271","0.103321","0.280443","0.192331"
"Vinca_symbols","exact_collapsed_length_2_to_8","position_slot_shuffle","20","91","271","82","271","0.110701","0.284133","0.204517"
"Vinca_symbols","exact_collapsed_length_2_to_8","position_slot_shuffle","21","91","271","82","271","0.095941","0.295203","0.192047"
"Vinca_symbols","exact_collapsed_length_2_to_8","position_slot_shuffle","22","91","271","82","271","0.084871","0.276753","0.178616"
"Vinca_symbols","exact_collapsed_length_2_to_8","position_slot_shuffle","23","91","271","82","271","0.092251","0.265683","0.186184"
"Vinca_symbols","exact_collapsed_length_2_to_8","position_slot_shuffle","24","91","271","82","271","0.088561","0.287823","0.193506"
"Vinca_symbols","exact_collapsed_length_2_to_8","position_slot_shuffle","25","91","271","82","271","0.092251","0.265683","0.188712"
"Vinca_symbols","exact_collapsed_length_2_to_8","position_slot_shuffle","26","91","271","82","271","0.107011","0.291513","0.201001"
"Vinca_symbols","exact_collapsed_length_2_to_8","position_slot_shuffle","27","91","271","82","271","0.095941","0.291513","0.194614"
"Vinca_symbols","exact_collapsed_length_2_to_8","position_slot_shuffle","28","91","271","82","271","0.095941","0.284133","0.192078"
"Vinca_symbols","exact_collapsed_length_2_to_8","position_slot_shuffle","29","91","271","82","271","0.084871","0.250923","0.177124"
"Vinca_symbols","exact_collapsed_length_2_to_8","position_slot_shuffle","30","91","271","82","271","0.095941","0.313653","0.197668"
"Vinca_symbols","exact_collapsed_length_2_to_8","position_slot_shuffle","31","91","271","82","271","0.103321","0.287823","0.194939"
"Vinca_symbols","exact_collapsed_length_2_to_8","position_slot_shuffle","32","91","271","82","271","0.110701","0.284133","0.206681"
"Vinca_symbols","exact_collapsed_length_2_to_8","position_slot_shuffle","33","91","271","82","271","0.099631","0.269373","0.192946"
"Vinca_symbols","exact_collapsed_length_2_to_8","position_slot_shuffle","34","91","271","82","271","0.095941","0.291513","0.198406"
"Vinca_symbols","exact_collapsed_length_2_to_8","position_slot_shuffle","35","91","271","82","271","0.066421","0.273063","0.16682"
"Vinca_symbols","exact_collapsed_length_2_to_8","position_slot_shuffle","36","91","271","82","271","0.081181","0.273063","0.177131"
"Vinca_symbols","exact_collapsed_length_2_to_8","position_slot_shuffle","37","91","271","82","271","0.070111","0.284133","0.174488"
"Vinca_symbols","exact_collapsed_length_2_to_8","position_slot_shuffle","38","91","271","82","271","0.095941","0.276753","0.192273"
"Vinca_symbols","exact_collapsed_length_2_to_8","position_slot_shuffle","39","91","271","82","271","0.081181","0.291513","0.187339"
"Vinca_symbols","exact_collapsed_length_2_to_8","edge_frame_shuffle","0","91","271","82","271","0.092251","0.291513","0.19386"
"Vinca_symbols","exact_collapsed_length_2_to_8","edge_frame_shuffle","1","91","271","82","271","0.088561","0.273063","0.191435"
"Vinca_symbols","exact_collapsed_length_2_to_8","edge_frame_shuffle","2","91","271","82","271","0.092251","0.284133","0.188995"
"Vinca_symbols","exact_collapsed_length_2_to_8","edge_frame_shuffle","3","91","271","82","271","0.088561","0.250923","0.178874"
"Vinca_symbols","exact_collapsed_length_2_to_8","edge_frame_shuffle","4","91","271","82","271","0.107011","0.317343","0.20525"
"Vinca_symbols","exact_collapsed_length_2_to_8","edge_frame_shuffle","5","91","271","82","271","0.095941","0.287823","0.193953"
"Vinca_symbols","exact_collapsed_length_2_to_8","edge_frame_shuffle","6","91","271","82","271","0.103321","0.276753","0.195943"
"Vinca_symbols","exact_collapsed_length_2_to_8","edge_frame_shuffle","7","91","271","82","271","0.062731","0.254613","0.167293"
"Vinca_symbols","exact_collapsed_length_2_to_8","edge_frame_shuffle","8","91","271","82","271","0.070111","0.273063","0.179754"
"Vinca_symbols","exact_collapsed_length_2_to_8","edge_frame_shuffle","9","91","271","82","271","0.077491","0.269373","0.173985"
"Vinca_symbols","exact_collapsed_length_2_to_8","edge_frame_shuffle","10","91","271","82","271","0.088561","0.269373","0.18466"
"Vinca_symbols","exact_collapsed_length_2_to_8","edge_frame_shuffle","11","91","271","82","271","0.062731","0.250923","0.163424"
"Vinca_symbols","exact_collapsed_length_2_to_8","edge_frame_shuffle","12","91","271","82","271","0.103321","0.273063","0.198642"
"Vinca_symbols","exact_collapsed_length_2_to_8","edge_frame_shuffle","13","91","271","82","271","0.092251","0.295203","0.196871"
"Vinca_symbols","exact_collapsed_length_2_to_8","edge_frame_shuffle","14","91","271","82","271","0.103321","0.243542","0.189754"
"Vinca_symbols","exact_collapsed_length_2_to_8","edge_frame_shuffle","15","91","271","82","271","0.107011","0.284133","0.197861"
"Vinca_symbols","exact_collapsed_length_2_to_8","edge_frame_shuffle","16","91","271","82","271","0.103321","0.284133","0.201548"
"Vinca_symbols","exact_collapsed_length_2_to_8","edge_frame_shuffle","17","91","271","82","271","0.107011","0.276753","0.198239"
"Vinca_symbols","exact_collapsed_length_2_to_8","edge_frame_shuffle","18","91","271","82","271","0.103321","0.317343","0.210632"
"Vinca_symbols","exact_collapsed_length_2_to_8","edge_frame_shuffle","19","91","271","82","271","0.088561","0.265683","0.185168"
"Vinca_symbols","exact_collapsed_length_2_to_8","edge_frame_shuffle","20","91","271","82","271","0.088561","0.284133","0.18684"
"Vinca_symbols","exact_collapsed_length_2_to_8","edge_frame_shuffle","21","91","271","82","271","0.095941","0.291513","0.196462"
"Vinca_symbols","exact_collapsed_length_2_to_8","edge_frame_shuffle","22","91","271","82","271","0.084871","0.287823","0.187145"
"Vinca_symbols","exact_collapsed_length_2_to_8","edge_frame_shuffle","23","91","271","82","271","0.077491","0.273063","0.179857"
"Vinca_symbols","exact_collapsed_length_2_to_8","edge_frame_shuffle","24","91","271","82","271","0.110701","0.276753","0.202267"
"Vinca_symbols","exact_collapsed_length_2_to_8","edge_frame_shuffle","25","91","271","82","271","0.081181","0.276753","0.181622"
"Vinca_symbols","exact_collapsed_length_2_to_8","edge_frame_shuffle","26","91","271","82","271","0.084871","0.239852","0.175308"
"Vinca_symbols","exact_collapsed_length_2_to_8","edge_frame_shuffle","27","91","271","82","271","0.092251","0.287823","0.191089"
"Vinca_symbols","exact_collapsed_length_2_to_8","edge_frame_shuffle","28","91","271","82","271","0.107011","0.273063","0.197588"
"Vinca_symbols","exact_collapsed_length_2_to_8","edge_frame_shuffle","29","91","271","82","271","0.081181","0.232472","0.171433"
"Vinca_symbols","exact_collapsed_length_2_to_8","edge_frame_shuffle","30","91","271","82","271","0.088561","0.265683","0.185744"
"Vinca_symbols","exact_collapsed_length_2_to_8","edge_frame_shuffle","31","91","271","82","271","0.084871","0.291513","0.183584"
"Vinca_symbols","exact_collapsed_length_2_to_8","edge_frame_shuffle","32","91","271","82","271","0.095941","0.258303","0.181848"
"Vinca_symbols","exact_collapsed_length_2_to_8","edge_frame_shuffle","33","91","271","82","271","0.081181","0.243542","0.172226"
"Vinca_symbols","exact_collapsed_length_2_to_8","edge_frame_shuffle","34","91","271","82","271","0.114391","0.276753","0.204715"
"Vinca_symbols","exact_collapsed_length_2_to_8","edge_frame_shuffle","35","91","271","82","271","0.092251","0.313653","0.195822"
"Vinca_symbols","exact_collapsed_length_2_to_8","edge_frame_shuffle","36","91","271","82","271","0.088561","0.280443","0.191389"
"Vinca_symbols","exact_collapsed_length_2_to_8","edge_frame_shuffle","37","91","271","82","271","0.088561","0.284133","0.188315"
"Vinca_symbols","exact_collapsed_length_2_to_8","edge_frame_shuffle","38","91","271","82","271","0.099631","0.302583","0.200177"
"Vinca_symbols","exact_collapsed_length_2_to_8","edge_frame_shuffle","39","91","271","82","271","0.095941","0.269373","0.188222"
"Weather_icons","exact_collapsed_length_2_to_8","global_token_shuffle","0","4018","20090","16","1500","0.183333","0.728","0.401731"
"Weather_icons","exact_collapsed_length_2_to_8","global_token_shuffle","1","4018","20090","16","1500","0.153333","0.722","0.37802"
"Weather_icons","exact_collapsed_length_2_to_8","global_token_shuffle","2","4018","20090","16","1500","0.172667","0.712667","0.387842"
"Weather_icons","exact_collapsed_length_2_to_8","global_token_shuffle","3","4018","20090","16","1500","0.166667","0.712667","0.388805"
"Weather_icons","exact_collapsed_length_2_to_8","global_token_shuffle","4","4018","20090","16","1500","0.176","0.708","0.391697"
"Weather_icons","exact_collapsed_length_2_to_8","global_token_shuffle","5","4018","20090","16","1500","0.180667","0.723333","0.399677"
"Weather_icons","exact_collapsed_length_2_to_8","global_token_shuffle","6","4018","20090","16","1500","0.174667","0.719333","0.392351"
"Weather_icons","exact_collapsed_length_2_to_8","global_token_shuffle","7","4018","20090","16","1500","0.174667","0.719333","0.393082"
"Weather_icons","exact_collapsed_length_2_to_8","global_token_shuffle","8","4018","20090","16","1500","0.165333","0.713333","0.384683"
"Weather_icons","exact_collapsed_length_2_to_8","global_token_shuffle","9","4018","20090","16","1500","0.175333","0.718","0.394201"
"Weather_icons","exact_collapsed_length_2_to_8","global_token_shuffle","10","4018","20090","16","1500","0.172667","0.693333","0.387849"
"Weather_icons","exact_collapsed_length_2_to_8","global_token_shuffle","11","4018","20090","16","1500","0.182","0.720667","0.394623"
"Weather_icons","exact_collapsed_length_2_to_8","global_token_shuffle","12","4018","20090","16","1500","0.184","0.702","0.394549"
"Weather_icons","exact_collapsed_length_2_to_8","global_token_shuffle","13","4018","20090","16","1500","0.166","0.701333","0.386298"
"Weather_icons","exact_collapsed_length_2_to_8","global_token_shuffle","14","4018","20090","16","1500","0.161333","0.731333","0.384081"
"Weather_icons","exact_collapsed_length_2_to_8","global_token_shuffle","15","4018","20090","16","1500","0.177333","0.728","0.397829"
"Weather_icons","exact_collapsed_length_2_to_8","global_token_shuffle","16","4018","20090","16","1500","0.174","0.733333","0.399626"
"Weather_icons","exact_collapsed_length_2_to_8","global_token_shuffle","17","4018","20090","16","1500","0.163333","0.716667","0.384819"
"Weather_icons","exact_collapsed_length_2_to_8","global_token_shuffle","18","4018","20090","16","1500","0.151333","0.694667","0.376709"
"Weather_icons","exact_collapsed_length_2_to_8","global_token_shuffle","19","4018","20090","16","1500","0.167333","0.711333","0.387917"
"Weather_icons","exact_collapsed_length_2_to_8","global_token_shuffle","20","4018","20090","16","1500","0.17","0.730667","0.393793"
"Weather_icons","exact_collapsed_length_2_to_8","global_token_shuffle","21","4018","20090","16","1500","0.161333","0.700667","0.38002"
"Weather_icons","exact_collapsed_length_2_to_8","global_token_shuffle","22","4018","20090","16","1500","0.148667","0.698","0.375358"
"Weather_icons","exact_collapsed_length_2_to_8","global_token_shuffle","23","4018","20090","16","1500","0.172667","0.739333","0.39756"
"Weather_icons","exact_collapsed_length_2_to_8","global_token_shuffle","24","4018","20090","16","1500","0.158667","0.712","0.37833"
"Weather_icons","exact_collapsed_length_2_to_8","global_token_shuffle","25","4018","20090","16","1500","0.168667","0.7","0.3848"
"Weather_icons","exact_collapsed_length_2_to_8","global_token_shuffle","26","4018","20090","16","1500","0.188667","0.702667","0.399743"
"Weather_icons","exact_collapsed_length_2_to_8","global_token_shuffle","27","4018","20090","16","1500","0.172667","0.709333","0.38793"
"Weather_icons","exact_collapsed_length_2_to_8","global_token_shuffle","28","4018","20090","16","1500","0.176","0.703333","0.390198"
"Weather_icons","exact_collapsed_length_2_to_8","global_token_shuffle","29","4018","20090","16","1500","0.177333","0.73","0.398713"
"Weather_icons","exact_collapsed_length_2_to_8","global_token_shuffle","30","4018","20090","16","1500","0.173333","0.7","0.390088"
"Weather_icons","exact_collapsed_length_2_to_8","global_token_shuffle","31","4018","20090","16","1500","0.174667","0.725333","0.394438"
"Weather_icons","exact_collapsed_length_2_to_8","global_token_shuffle","32","4018","20090","16","1500","0.168667","0.714667","0.389271"
"Weather_icons","exact_collapsed_length_2_to_8","global_token_shuffle","33","4018","20090","16","1500","0.176","0.705333","0.3873"
"Weather_icons","exact_collapsed_length_2_to_8","global_token_shuffle","34","4018","20090","16","1500","0.166667","0.698","0.383893"
"Weather_icons","exact_collapsed_length_2_to_8","global_token_shuffle","35","4018","20090","16","1500","0.181333","0.713333","0.39432"
"Weather_icons","exact_collapsed_length_2_to_8","global_token_shuffle","36","4018","20090","16","1500","0.180667","0.709333","0.396248"
"Weather_icons","exact_collapsed_length_2_to_8","global_token_shuffle","37","4018","20090","16","1500","0.172667","0.712","0.391393"
"Weather_icons","exact_collapsed_length_2_to_8","global_token_shuffle","38","4018","20090","16","1500","0.176667","0.697333","0.390632"
"Weather_icons","exact_collapsed_length_2_to_8","global_token_shuffle","39","4018","20090","16","1500","0.176667","0.703333","0.388776"
"Weather_icons","exact_collapsed_length_2_to_8","row_internal_shuffle","0","4018","20090","16","1500","0.222","0.768","0.439773"
"Weather_icons","exact_collapsed_length_2_to_8","row_internal_shuffle","1","4018","20090","16","1500","0.249333","0.792667","0.461198"
"Weather_icons","exact_collapsed_length_2_to_8","row_internal_shuffle","2","4018","20090","16","1500","0.217333","0.768","0.435419"
"Weather_icons","exact_collapsed_length_2_to_8","row_internal_shuffle","3","4018","20090","16","1500","0.242","0.788","0.453651"
"Weather_icons","exact_collapsed_length_2_to_8","row_internal_shuffle","4","4018","20090","16","1500","0.239333","0.754667","0.447897"
"Weather_icons","exact_collapsed_length_2_to_8","row_internal_shuffle","5","4018","20090","16","1500","0.234","0.780667","0.449527"
"Weather_icons","exact_collapsed_length_2_to_8","row_internal_shuffle","6","4018","20090","16","1500","0.231333","0.770667","0.444841"
"Weather_icons","exact_collapsed_length_2_to_8","row_internal_shuffle","7","4018","20090","16","1500","0.234","0.771333","0.448801"
"Weather_icons","exact_collapsed_length_2_to_8","row_internal_shuffle","8","4018","20090","16","1500","0.224","0.760667","0.440287"
"Weather_icons","exact_collapsed_length_2_to_8","row_internal_shuffle","9","4018","20090","16","1500","0.221333","0.772667","0.442067"
"Weather_icons","exact_collapsed_length_2_to_8","row_internal_shuffle","10","4018","20090","16","1500","0.235333","0.765333","0.442575"
"Weather_icons","exact_collapsed_length_2_to_8","row_internal_shuffle","11","4018","20090","16","1500","0.238","0.778667","0.452636"
"Weather_icons","exact_collapsed_length_2_to_8","row_internal_shuffle","12","4018","20090","16","1500","0.237333","0.763333","0.451814"
"Weather_icons","exact_collapsed_length_2_to_8","row_internal_shuffle","13","4018","20090","16","1500","0.210667","0.745333","0.428366"
"Weather_icons","exact_collapsed_length_2_to_8","row_internal_shuffle","14","4018","20090","16","1500","0.227333","0.762","0.437424"
"Weather_icons","exact_collapsed_length_2_to_8","row_internal_shuffle","15","4018","20090","16","1500","0.220667","0.766","0.440325"
"Weather_icons","exact_collapsed_length_2_to_8","row_internal_shuffle","16","4018","20090","16","1500","0.236667","0.766667","0.449179"
"Weather_icons","exact_collapsed_length_2_to_8","row_internal_shuffle","17","4018","20090","16","1500","0.226","0.773333","0.440336"
"Weather_icons","exact_collapsed_length_2_to_8","row_internal_shuffle","18","4018","20090","16","1500","0.232667","0.76","0.445796"
"Weather_icons","exact_collapsed_length_2_to_8","row_internal_shuffle","19","4018","20090","16","1500","0.238","0.753333","0.444712"
"Weather_icons","exact_collapsed_length_2_to_8","row_internal_shuffle","20","4018","20090","16","1500","0.234","0.762","0.449209"
"Weather_icons","exact_collapsed_length_2_to_8","row_internal_shuffle","21","4018","20090","16","1500","0.224667","0.763333","0.438981"
"Weather_icons","exact_collapsed_length_2_to_8","row_internal_shuffle","22","4018","20090","16","1500","0.223333","0.766","0.439197"
"Weather_icons","exact_collapsed_length_2_to_8","row_internal_shuffle","23","4018","20090","16","1500","0.222667","0.767333","0.444632"
"Weather_icons","exact_collapsed_length_2_to_8","row_internal_shuffle","24","4018","20090","16","1500","0.228667","0.786","0.446339"
"Weather_icons","exact_collapsed_length_2_to_8","row_internal_shuffle","25","4018","20090","16","1500","0.235333","0.764","0.451574"
"Weather_icons","exact_collapsed_length_2_to_8","row_internal_shuffle","26","4018","20090","16","1500","0.232667","0.783333","0.452199"
"Weather_icons","exact_collapsed_length_2_to_8","row_internal_shuffle","27","4018","20090","16","1500","0.226","0.772667","0.444322"
"Weather_icons","exact_collapsed_length_2_to_8","row_internal_shuffle","28","4018","20090","16","1500","0.224","0.767333","0.44177"
"Weather_icons","exact_collapsed_length_2_to_8","row_internal_shuffle","29","4018","20090","16","1500","0.229333","0.764667","0.446036"
"Weather_icons","exact_collapsed_length_2_to_8","row_internal_shuffle","30","4018","20090","16","1500","0.242667","0.774","0.453342"
"Weather_icons","exact_collapsed_length_2_to_8","row_internal_shuffle","31","4018","20090","16","1500","0.236","0.760667","0.444956"
"Weather_icons","exact_collapsed_length_2_to_8","row_internal_shuffle","32","4018","20090","16","1500","0.227333","0.756","0.44198"
"Weather_icons","exact_collapsed_length_2_to_8","row_internal_shuffle","33","4018","20090","16","1500","0.214667","0.762","0.435591"
"Weather_icons","exact_collapsed_length_2_to_8","row_internal_shuffle","34","4018","20090","16","1500","0.21","0.76","0.430035"
"Weather_icons","exact_collapsed_length_2_to_8","row_internal_shuffle","35","4018","20090","16","1500","0.215333","0.762","0.431383"
"Weather_icons","exact_collapsed_length_2_to_8","row_internal_shuffle","36","4018","20090","16","1500","0.227333","0.774","0.442852"
"Weather_icons","exact_collapsed_length_2_to_8","row_internal_shuffle","37","4018","20090","16","1500","0.214","0.756667","0.435599"
"Weather_icons","exact_collapsed_length_2_to_8","row_internal_shuffle","38","4018","20090","16","1500","0.236667","0.774667","0.449715"
"Weather_icons","exact_collapsed_length_2_to_8","row_internal_shuffle","39","4018","20090","16","1500","0.225333","0.766667","0.441717"
"Weather_icons","exact_collapsed_length_2_to_8","position_slot_shuffle","0","4018","20090","16","1500","0.175333","0.714","0.391354"
"Weather_icons","exact_collapsed_length_2_to_8","position_slot_shuffle","1","4018","20090","16","1500","0.183333","0.71","0.397504"
"Weather_icons","exact_collapsed_length_2_to_8","position_slot_shuffle","2","4018","20090","16","1500","0.169333","0.712667","0.389523"
"Weather_icons","exact_collapsed_length_2_to_8","position_slot_shuffle","3","4018","20090","16","1500","0.174667","0.701333","0.389251"
"Weather_icons","exact_collapsed_length_2_to_8","position_slot_shuffle","4","4018","20090","16","1500","0.171333","0.728667","0.39069"
"Weather_icons","exact_collapsed_length_2_to_8","position_slot_shuffle","5","4018","20090","16","1500","0.176","0.72","0.395073"
"Weather_icons","exact_collapsed_length_2_to_8","position_slot_shuffle","6","4018","20090","16","1500","0.167333","0.706","0.388279"
"Weather_icons","exact_collapsed_length_2_to_8","position_slot_shuffle","7","4018","20090","16","1500","0.189333","0.708667","0.399203"
"Weather_icons","exact_collapsed_length_2_to_8","position_slot_shuffle","8","4018","20090","16","1500","0.177333","0.709333","0.394911"
"Weather_icons","exact_collapsed_length_2_to_8","position_slot_shuffle","9","4018","20090","16","1500","0.172667","0.742","0.400081"
"Weather_icons","exact_collapsed_length_2_to_8","position_slot_shuffle","10","4018","20090","16","1500","0.175333","0.705333","0.389395"
"Weather_icons","exact_collapsed_length_2_to_8","position_slot_shuffle","11","4018","20090","16","1500","0.157333","0.688667","0.373249"
"Weather_icons","exact_collapsed_length_2_to_8","position_slot_shuffle","12","4018","20090","16","1500","0.180667","0.719333","0.396212"
"Weather_icons","exact_collapsed_length_2_to_8","position_slot_shuffle","13","4018","20090","16","1500","0.171333","0.735333","0.39271"
"Weather_icons","exact_collapsed_length_2_to_8","position_slot_shuffle","14","4018","20090","16","1500","0.172667","0.686","0.386569"
"Weather_icons","exact_collapsed_length_2_to_8","position_slot_shuffle","15","4018","20090","16","1500","0.166667","0.709333","0.386129"
"Weather_icons","exact_collapsed_length_2_to_8","position_slot_shuffle","16","4018","20090","16","1500","0.176","0.736667","0.397805"
"Weather_icons","exact_collapsed_length_2_to_8","position_slot_shuffle","17","4018","20090","16","1500","0.167333","0.717333","0.389046"
"Weather_icons","exact_collapsed_length_2_to_8","position_slot_shuffle","18","4018","20090","16","1500","0.18","0.706667","0.396302"
"Weather_icons","exact_collapsed_length_2_to_8","position_slot_shuffle","19","4018","20090","16","1500","0.174","0.699333","0.392652"
"Weather_icons","exact_collapsed_length_2_to_8","position_slot_shuffle","20","4018","20090","16","1500","0.17","0.716667","0.387262"
"Weather_icons","exact_collapsed_length_2_to_8","position_slot_shuffle","21","4018","20090","16","1500","0.182667","0.758","0.402791"
"Weather_icons","exact_collapsed_length_2_to_8","position_slot_shuffle","22","4018","20090","16","1500","0.164","0.703333","0.384513"
"Weather_icons","exact_collapsed_length_2_to_8","position_slot_shuffle","23","4018","20090","16","1500","0.168667","0.721333","0.391219"
"Weather_icons","exact_collapsed_length_2_to_8","position_slot_shuffle","24","4018","20090","16","1500","0.174","0.716667","0.390902"
"Weather_icons","exact_collapsed_length_2_to_8","position_slot_shuffle","25","4018","20090","16","1500","0.153333","0.704","0.378007"
"Weather_icons","exact_collapsed_length_2_to_8","position_slot_shuffle","26","4018","20090","16","1500","0.166","0.695333","0.379217"
"Weather_icons","exact_collapsed_length_2_to_8","position_slot_shuffle","27","4018","20090","16","1500","0.167333","0.693333","0.384711"
"Weather_icons","exact_collapsed_length_2_to_8","position_slot_shuffle","28","4018","20090","16","1500","0.166667","0.699333","0.378939"
"Weather_icons","exact_collapsed_length_2_to_8","position_slot_shuffle","29","4018","20090","16","1500","0.164","0.715333","0.387714"
"Weather_icons","exact_collapsed_length_2_to_8","position_slot_shuffle","30","4018","20090","16","1500","0.161333","0.734667","0.386325"
"Weather_icons","exact_collapsed_length_2_to_8","position_slot_shuffle","31","4018","20090","16","1500","0.164","0.690667","0.384495"
"Weather_icons","exact_collapsed_length_2_to_8","position_slot_shuffle","32","4018","20090","16","1500","0.176","0.732667","0.394748"
"Weather_icons","exact_collapsed_length_2_to_8","position_slot_shuffle","33","4018","20090","16","1500","0.174","0.728","0.393658"
"Weather_icons","exact_collapsed_length_2_to_8","position_slot_shuffle","34","4018","20090","16","1500","0.172","0.722","0.395767"
"Weather_icons","exact_collapsed_length_2_to_8","position_slot_shuffle","35","4018","20090","16","1500","0.162667","0.7","0.383428"
"Weather_icons","exact_collapsed_length_2_to_8","position_slot_shuffle","36","4018","20090","16","1500","0.160667","0.713333","0.381732"
"Weather_icons","exact_collapsed_length_2_to_8","position_slot_shuffle","37","4018","20090","16","1500","0.172667","0.723333","0.391433"
"Weather_icons","exact_collapsed_length_2_to_8","position_slot_shuffle","38","4018","20090","16","1500","0.158667","0.705333","0.379773"
"Weather_icons","exact_collapsed_length_2_to_8","position_slot_shuffle","39","4018","20090","16","1500","0.168667","0.713333","0.390584"
"Weather_icons","exact_collapsed_length_2_to_8","edge_frame_shuffle","0","4018","20090","16","1500","0.166667","0.71","0.387947"
"Weather_icons","exact_collapsed_length_2_to_8","edge_frame_shuffle","1","4018","20090","16","1500","0.155333","0.705333","0.377085"
"Weather_icons","exact_collapsed_length_2_to_8","edge_frame_shuffle","2","4018","20090","16","1500","0.160667","0.698667","0.383557"
"Weather_icons","exact_collapsed_length_2_to_8","edge_frame_shuffle","3","4018","20090","16","1500","0.178667","0.728667","0.399184"
"Weather_icons","exact_collapsed_length_2_to_8","edge_frame_shuffle","4","4018","20090","16","1500","0.165333","0.702667","0.381897"
"Weather_icons","exact_collapsed_length_2_to_8","edge_frame_shuffle","5","4018","20090","16","1500","0.162667","0.716667","0.385578"
"Weather_icons","exact_collapsed_length_2_to_8","edge_frame_shuffle","6","4018","20090","16","1500","0.169333","0.712667","0.384578"
"Weather_icons","exact_collapsed_length_2_to_8","edge_frame_shuffle","7","4018","20090","16","1500","0.162667","0.714","0.381261"
"Weather_icons","exact_collapsed_length_2_to_8","edge_frame_shuffle","8","4018","20090","16","1500","0.192","0.708667","0.402914"
"Weather_icons","exact_collapsed_length_2_to_8","edge_frame_shuffle","9","4018","20090","16","1500","0.157333","0.715333","0.380806"
"Weather_icons","exact_collapsed_length_2_to_8","edge_frame_shuffle","10","4018","20090","16","1500","0.167333","0.706667","0.388501"
"Weather_icons","exact_collapsed_length_2_to_8","edge_frame_shuffle","11","4018","20090","16","1500","0.176","0.724667","0.397316"
"Weather_icons","exact_collapsed_length_2_to_8","edge_frame_shuffle","12","4018","20090","16","1500","0.144","0.714667","0.370128"
"Weather_icons","exact_collapsed_length_2_to_8","edge_frame_shuffle","13","4018","20090","16","1500","0.173333","0.703333","0.385921"
"Weather_icons","exact_collapsed_length_2_to_8","edge_frame_shuffle","14","4018","20090","16","1500","0.172667","0.718667","0.392661"
"Weather_icons","exact_collapsed_length_2_to_8","edge_frame_shuffle","15","4018","20090","16","1500","0.167333","0.727333","0.392547"
"Weather_icons","exact_collapsed_length_2_to_8","edge_frame_shuffle","16","4018","20090","16","1500","0.164667","0.713333","0.385287"
"Weather_icons","exact_collapsed_length_2_to_8","edge_frame_shuffle","17","4018","20090","16","1500","0.173333","0.719333","0.397498"
"Weather_icons","exact_collapsed_length_2_to_8","edge_frame_shuffle","18","4018","20090","16","1500","0.192","0.710667","0.404823"
"Weather_icons","exact_collapsed_length_2_to_8","edge_frame_shuffle","19","4018","20090","16","1500","0.163333","0.722","0.385992"
"Weather_icons","exact_collapsed_length_2_to_8","edge_frame_shuffle","20","4018","20090","16","1500","0.169333","0.706","0.381913"
"Weather_icons","exact_collapsed_length_2_to_8","edge_frame_shuffle","21","4018","20090","16","1500","0.184667","0.704","0.398793"
"Weather_icons","exact_collapsed_length_2_to_8","edge_frame_shuffle","22","4018","20090","16","1500","0.170667","0.696667","0.388637"
"Weather_icons","exact_collapsed_length_2_to_8","edge_frame_shuffle","23","4018","20090","16","1500","0.161333","0.711333","0.381349"
"Weather_icons","exact_collapsed_length_2_to_8","edge_frame_shuffle","24","4018","20090","16","1500","0.150667","0.719333","0.375209"
"Weather_icons","exact_collapsed_length_2_to_8","edge_frame_shuffle","25","4018","20090","16","1500","0.153333","0.74","0.381107"
"Weather_icons","exact_collapsed_length_2_to_8","edge_frame_shuffle","26","4018","20090","16","1500","0.174667","0.714667","0.392334"
"Weather_icons","exact_collapsed_length_2_to_8","edge_frame_shuffle","27","4018","20090","16","1500","0.160667","0.698667","0.379408"
"Weather_icons","exact_collapsed_length_2_to_8","edge_frame_shuffle","28","4018","20090","16","1500","0.168","0.721333","0.387873"
"Weather_icons","exact_collapsed_length_2_to_8","edge_frame_shuffle","29","4018","20090","16","1500","0.182","0.732667","0.401275"
"Weather_icons","exact_collapsed_length_2_to_8","edge_frame_shuffle","30","4018","20090","16","1500","0.171333","0.716667","0.387282"
"Weather_icons","exact_collapsed_length_2_to_8","edge_frame_shuffle","31","4018","20090","16","1500","0.164667","0.702667","0.3808"
"Weather_icons","exact_collapsed_length_2_to_8","edge_frame_shuffle","32","4018","20090","16","1500","0.167333","0.716667","0.3871"
"Weather_icons","exact_collapsed_length_2_to_8","edge_frame_shuffle","33","4018","20090","16","1500","0.180667","0.71","0.394169"
"Weather_icons","exact_collapsed_length_2_to_8","edge_frame_shuffle","34","4018","20090","16","1500","0.157333","0.698","0.379595"
"Weather_icons","exact_collapsed_length_2_to_8","edge_frame_shuffle","35","4018","20090","16","1500","0.172667","0.716667","0.396449"
"Weather_icons","exact_collapsed_length_2_to_8","edge_frame_shuffle","36","4018","20090","16","1500","0.171333","0.726667","0.392599"
"Weather_icons","exact_collapsed_length_2_to_8","edge_frame_shuffle","37","4018","20090","16","1500","0.178667","0.718","0.397584"
"Weather_icons","exact_collapsed_length_2_to_8","edge_frame_shuffle","38","4018","20090","16","1500","0.167333","0.718","0.384233"
"Weather_icons","exact_collapsed_length_2_to_8","edge_frame_shuffle","39","4018","20090","16","1500","0.176667","0.722","0.398113"
