"scope","leaveout_mode","block_policy","iteration","model","block_count","singleton_blocks","mutable_blocks","moved_labels","predictions","top1_accuracy","top2_accuracy","median_rank","subtype_032_top1","subtype_033_top1","subtype_034_top1","top1_gain_vs_frequency"
"excluding_h2218_h2239","sequence_family","global","1","frequency","1","0","1","225","331","0.410876","0.719033","2","0","1","0","0"
"excluding_h2218_h2239","sequence_family","global","1","object","1","0","1","225","331","0.401813","0.728097","2","0","0.977941","0","-0.009063"
"excluding_h2218_h2239","sequence_family","global","1","dimensions","1","0","1","225","331","0.277946","0.670695","2","0.078431","0.558824","0.086022","-0.132931"
"excluding_h2218_h2239","sequence_family","global","1","side_context","1","0","1","225","331","0.407855","0.63142","2","0","0.963235","0.043011","-0.003021"
"excluding_h2218_h2239","sequence_family","global","2","frequency","1","0","1","217","331","0.410876","0.719033","2","0","1","0","0"
"excluding_h2218_h2239","sequence_family","global","2","object","1","0","1","217","331","0.404834","0.613293","2","0","0.985294","0","-0.006042"
"excluding_h2218_h2239","sequence_family","global","2","dimensions","1","0","1","217","331","0.359517","0.773414","2","0.27451","0.463235","0.301075","-0.05136"
"excluding_h2218_h2239","sequence_family","global","2","side_context","1","0","1","217","331","0.398792","0.743202","2","0.313725","0.735294","0","-0.012085"
"excluding_h2218_h2239","sequence_family","global","3","frequency","1","0","1","236","331","0.410876","0.719033","2","0","1","0","0"
"excluding_h2218_h2239","sequence_family","global","3","object","1","0","1","236","331","0.413897","0.716012","2","0.04902","0.970588","0","0.003021"
"excluding_h2218_h2239","sequence_family","global","3","dimensions","1","0","1","236","331","0.311178","0.643505","2","0.313725","0.477941","0.064516","-0.099698"
"excluding_h2218_h2239","sequence_family","global","3","side_context","1","0","1","236","331","0.29003","0.649547","2","0.04902","0.647059","0.032258","-0.120846"
"excluding_h2218_h2239","sequence_family","global","4","frequency","1","0","1","216","331","0.410876","0.719033","2","0","1","0","0"
"excluding_h2218_h2239","sequence_family","global","4","object","1","0","1","216","331","0.401813","0.725076","2","0","0.977941","0","-0.009063"
"excluding_h2218_h2239","sequence_family","global","4","dimensions","1","0","1","216","331","0.29003","0.694864","2","0.205882","0.470588","0.11828","-0.120846"
"excluding_h2218_h2239","sequence_family","global","4","side_context","1","0","1","216","331","0.359517","0.728097","2","0.019608","0.75","0.16129","-0.05136"
"excluding_h2218_h2239","sequence_family","global","5","frequency","1","0","1","217","331","0.410876","0.719033","2","0","1","0","0"
"excluding_h2218_h2239","sequence_family","global","5","object","1","0","1","217","331","0.407855","0.694864","2","0","0.963235","0.043011","-0.003021"
"excluding_h2218_h2239","sequence_family","global","5","dimensions","1","0","1","217","331","0.34139","0.649547","2","0.303922","0.551471","0.075269","-0.069486"
"excluding_h2218_h2239","sequence_family","global","5","side_context","1","0","1","217","331","0.429003","0.743202","2","0.22549","0.779412","0.139785","0.018127"
"excluding_h2218_h2239","sequence_family","global","6","frequency","1","0","1","214","331","0.410876","0.719033","2","0","1","0","0"
"excluding_h2218_h2239","sequence_family","global","6","object","1","0","1","214","331","0.407855","0.740181","2","0","0.992647","0","-0.003021"
"excluding_h2218_h2239","sequence_family","global","6","dimensions","1","0","1","214","331","0.353474","0.667674","2","0.137255","0.610294","0.215054","-0.057402"
"excluding_h2218_h2239","sequence_family","global","6","side_context","1","0","1","214","331","0.350453","0.746224","2","0.04902","0.573529","0.354839","-0.060423"
"excluding_h2218_h2239","sequence_family","global","7","frequency","1","0","1","235","331","0.410876","0.719033","2","0","1","0","0"
"excluding_h2218_h2239","sequence_family","global","7","object","1","0","1","235","331","0.410876","0.679758","2","0","1","0","0"
"excluding_h2218_h2239","sequence_family","global","7","dimensions","1","0","1","235","331","0.350453","0.574018","2","0.431373","0.433824","0.139785","-0.060423"
"excluding_h2218_h2239","sequence_family","global","7","side_context","1","0","1","235","331","0.302115","0.73716","2","0.078431","0.669118","0.010753","-0.108761"
"excluding_h2218_h2239","sequence_family","global","8","frequency","1","0","1","219","331","0.410876","0.719033","2","0","1","0","0"
"excluding_h2218_h2239","sequence_family","global","8","object","1","0","1","219","331","0.416918","0.564955","2","0.068627","0.963235","0","0.006042"
"excluding_h2218_h2239","sequence_family","global","8","dimensions","1","0","1","219","331","0.392749","0.655589","2","0.245098","0.617647","0.225806","-0.018127"
"excluding_h2218_h2239","sequence_family","global","8","side_context","1","0","1","219","331","0.407855","0.743202","2","0.362745","0.720588","0","-0.003021"
"excluding_h2218_h2239","sequence_family","global","9","frequency","1","0","1","212","331","0.410876","0.719033","2","0","1","0","0"
"excluding_h2218_h2239","sequence_family","global","9","object","1","0","1","212","331","0.410876","0.616314","2","0","1","0","0"
"excluding_h2218_h2239","sequence_family","global","9","dimensions","1","0","1","212","331","0.36858","0.655589","2","0.441176","0.433824","0.193548","-0.042296"
"excluding_h2218_h2239","sequence_family","global","9","side_context","1","0","1","212","331","0.401813","0.688822","2","0.352941","0.713235","0","-0.009063"
"excluding_h2218_h2239","sequence_family","global","10","frequency","1","0","1","207","331","0.410876","0.719033","2","0","1","0","0"
"excluding_h2218_h2239","sequence_family","global","10","object","1","0","1","207","331","0.314199","0.752266","2","0.098039","0.639706","0.075269","-0.096677"
"excluding_h2218_h2239","sequence_family","global","10","dimensions","1","0","1","207","331","0.344411","0.661631","2","0.127451","0.5","0.354839","-0.066465"
"excluding_h2218_h2239","sequence_family","global","10","side_context","1","0","1","207","331","0.359517","0.586103","2","0","0.875","0","-0.05136"
"excluding_h2218_h2239","sequence_family","global","11","frequency","1","0","1","217","331","0.410876","0.719033","2","0","1","0","0"
"excluding_h2218_h2239","sequence_family","global","11","object","1","0","1","217","331","0.407855","0.570997","2","0","0.992647","0","-0.003021"
"excluding_h2218_h2239","sequence_family","global","11","dimensions","1","0","1","217","331","0.398792","0.655589","2","0.098039","0.720588","0.258065","-0.012085"
"excluding_h2218_h2239","sequence_family","global","11","side_context","1","0","1","217","331","0.416918","0.697885","2","0.343137","0.757353","0","0.006042"
"excluding_h2218_h2239","sequence_family","global","12","frequency","1","0","1","215","331","0.410876","0.719033","2","0","1","0","0"
"excluding_h2218_h2239","sequence_family","global","12","object","1","0","1","215","331","0.404834","0.725076","2","0","0.985294","0","-0.006042"
"excluding_h2218_h2239","sequence_family","global","12","dimensions","1","0","1","215","331","0.320242","0.706949","2","0.176471","0.448529","0.290323","-0.090634"
"excluding_h2218_h2239","sequence_family","global","12","side_context","1","0","1","215","331","0.347432","0.734139","2","0.372549","0.566176","0","-0.063444"
"excluding_h2218_h2239","sequence_family","global","13","frequency","1","0","1","236","331","0.410876","0.719033","2","0","1","0","0"
"excluding_h2218_h2239","sequence_family","global","13","object","1","0","1","236","331","0.41994","0.728097","2","0.078431","0.963235","0","0.009063"
"excluding_h2218_h2239","sequence_family","global","13","dimensions","1","0","1","236","331","0.314199","0.679758","2","0.039216","0.625","0.16129","-0.096677"
"excluding_h2218_h2239","sequence_family","global","13","side_context","1","0","1","236","331","0.371601","0.728097","2","0.029412","0.617647","0.387097","-0.039275"
"excluding_h2218_h2239","sequence_family","global","14","frequency","1","0","1","215","331","0.410876","0.719033","2","0","1","0","0"
"excluding_h2218_h2239","sequence_family","global","14","object","1","0","1","215","331","0.410876","0.610272","2","0","1","0","0"
"excluding_h2218_h2239","sequence_family","global","14","dimensions","1","0","1","215","331","0.344411","0.655589","2","0.088235","0.580882","0.27957","-0.066465"
"excluding_h2218_h2239","sequence_family","global","14","side_context","1","0","1","215","331","0.41994","0.649547","2","0.382353","0.602941","0.193548","0.009063"
"excluding_h2218_h2239","sequence_family","global","15","frequency","1","0","1","221","331","0.410876","0.719033","2","0","1","0","0"
"excluding_h2218_h2239","sequence_family","global","15","object","1","0","1","221","331","0.422961","0.731118","2","0","0.977941","0.075269","0.012085"
"excluding_h2218_h2239","sequence_family","global","15","dimensions","1","0","1","221","331","0.435045","0.725076","2","0.421569","0.588235","0.225806","0.024169"
"excluding_h2218_h2239","sequence_family","global","15","side_context","1","0","1","221","331","0.386707","0.601208","2","0.392157","0.632353","0.021505","-0.024169"
"excluding_h2218_h2239","sequence_family","global","16","frequency","1","0","1","206","331","0.410876","0.719033","2","0","1","0","0"
"excluding_h2218_h2239","sequence_family","global","16","object","1","0","1","206","331","0.398792","0.564955","2","0.029412","0.948529","0","-0.012085"
"excluding_h2218_h2239","sequence_family","global","16","dimensions","1","0","1","206","331","0.407855","0.728097","2","0.186275","0.757353","0.139785","-0.003021"
"excluding_h2218_h2239","sequence_family","global","16","side_context","1","0","1","206","331","0.383686","0.561934","2","0.156863","0.705882","0.16129","-0.02719"
"excluding_h2218_h2239","sequence_family","global","17","frequency","1","0","1","218","331","0.410876","0.719033","2","0","1","0","0"
"excluding_h2218_h2239","sequence_family","global","17","object","1","0","1","218","331","0.392749","0.73716","2","0","0.955882","0","-0.018127"
"excluding_h2218_h2239","sequence_family","global","17","dimensions","1","0","1","218","331","0.365559","0.655589","2","0.029412","0.757353","0.16129","-0.045317"
"excluding_h2218_h2239","sequence_family","global","17","side_context","1","0","1","218","331","0.407855","0.725076","2","0.588235","0.551471","0","-0.003021"
"excluding_h2218_h2239","sequence_family","global","18","frequency","1","0","1","219","331","0.410876","0.719033","2","0","1","0","0"
"excluding_h2218_h2239","sequence_family","global","18","object","1","0","1","219","331","0.410876","0.703927","2","0","1","0","0"
"excluding_h2218_h2239","sequence_family","global","18","dimensions","1","0","1","219","331","0.450151","0.685801","2","0.22549","0.801471","0.182796","0.039275"
"excluding_h2218_h2239","sequence_family","global","18","side_context","1","0","1","219","331","0.365559","0.679758","2","0.009804","0.75","0.193548","-0.045317"
"excluding_h2218_h2239","sequence_family","global","19","frequency","1","0","1","219","331","0.410876","0.719033","2","0","1","0","0"
"excluding_h2218_h2239","sequence_family","global","19","object","1","0","1","219","331","0.410876","0.746224","2","0","1","0","0"
"excluding_h2218_h2239","sequence_family","global","19","dimensions","1","0","1","219","331","0.359517","0.706949","2","0.284314","0.463235","0.290323","-0.05136"
"excluding_h2218_h2239","sequence_family","global","19","side_context","1","0","1","219","331","0.311178","0.697885","2","0.382353","0.470588","0","-0.099698"
"excluding_h2218_h2239","sequence_family","global","20","frequency","1","0","1","221","331","0.410876","0.719033","2","0","1","0","0"
"excluding_h2218_h2239","sequence_family","global","20","object","1","0","1","221","331","0.41994","0.73716","2","0.078431","0.963235","0","0.009063"
"excluding_h2218_h2239","sequence_family","global","20","dimensions","1","0","1","221","331","0.344411","0.700906","2","0.137255","0.522059","0.311828","-0.066465"
"excluding_h2218_h2239","sequence_family","global","20","side_context","1","0","1","221","331","0.36858","0.73716","2","0","0.897059","0","-0.042296"
"excluding_h2218_h2239","sequence_family","global","21","frequency","1","0","1","212","331","0.410876","0.719033","2","0","1","0","0"
"excluding_h2218_h2239","sequence_family","global","21","object","1","0","1","212","331","0.404834","0.607251","2","0","0.985294","0","-0.006042"
"excluding_h2218_h2239","sequence_family","global","21","dimensions","1","0","1","212","331","0.383686","0.664653","2","0.137255","0.580882","0.365591","-0.02719"
"excluding_h2218_h2239","sequence_family","global","21","side_context","1","0","1","212","331","0.23565","0.740181","2","0.186275","0.426471","0.010753","-0.175227"
"excluding_h2218_h2239","sequence_family","global","22","frequency","1","0","1","210","331","0.410876","0.719033","2","0","1","0","0"
"excluding_h2218_h2239","sequence_family","global","22","object","1","0","1","210","331","0.401813","0.694864","2","0","0.977941","0","-0.009063"
"excluding_h2218_h2239","sequence_family","global","22","dimensions","1","0","1","210","331","0.374622","0.719033","2","0.215686","0.698529","0.075269","-0.036254"
"excluding_h2218_h2239","sequence_family","global","22","side_context","1","0","1","210","331","0.34139","0.779456","2","0.009804","0.779412","0.064516","-0.069486"
"excluding_h2218_h2239","sequence_family","global","23","frequency","1","0","1","211","331","0.410876","0.719033","2","0","1","0","0"
"excluding_h2218_h2239","sequence_family","global","23","object","1","0","1","211","331","0.410876","0.722054","2","0","1","0","0"
"excluding_h2218_h2239","sequence_family","global","23","dimensions","1","0","1","211","331","0.338369","0.703927","2","0.27451","0.448529","0.247312","-0.072508"
"excluding_h2218_h2239","sequence_family","global","23","side_context","1","0","1","211","331","0.386707","0.728097","2","0.362745","0.308824","0.526882","-0.024169"
"excluding_h2218_h2239","sequence_family","global","24","frequency","1","0","1","210","331","0.410876","0.719033","2","0","1","0","0"
"excluding_h2218_h2239","sequence_family","global","24","object","1","0","1","210","331","0.392749","0.725076","2","0","0.955882","0","-0.018127"
"excluding_h2218_h2239","sequence_family","global","24","dimensions","1","0","1","210","331","0.326284","0.722054","2","0.27451","0.389706","0.290323","-0.084592"
"excluding_h2218_h2239","sequence_family","global","24","side_context","1","0","1","210","331","0.41994","0.725076","2","0.245098","0.816176","0.032258","0.009063"
"excluding_h2218_h2239","sequence_family","global","25","frequency","1","0","1","219","331","0.410876","0.719033","2","0","1","0","0"
"excluding_h2218_h2239","sequence_family","global","25","object","1","0","1","219","331","0.410876","0.561934","2","0","1","0","0"
"excluding_h2218_h2239","sequence_family","global","25","dimensions","1","0","1","219","331","0.39577","0.643505","2","0.22549","0.625","0.247312","-0.015106"
"excluding_h2218_h2239","sequence_family","global","25","side_context","1","0","1","219","331","0.383686","0.652568","2","0","0.786765","0.215054","-0.02719"
"excluding_h2218_h2239","sequence_family","global","26","frequency","1","0","1","232","331","0.410876","0.719033","2","0","1","0","0"
"excluding_h2218_h2239","sequence_family","global","26","object","1","0","1","232","331","0.41994","0.697885","2","0.068627","0.970588","0","0.009063"
"excluding_h2218_h2239","sequence_family","global","26","dimensions","1","0","1","232","331","0.392749","0.70997","2","0.352941","0.397059","0.430108","-0.018127"
"excluding_h2218_h2239","sequence_family","global","26","side_context","1","0","1","232","331","0.416918","0.673716","2","0.166667","0.889706","0","0.006042"
"excluding_h2218_h2239","sequence_family","global","27","frequency","1","0","1","211","331","0.410876","0.719033","2","0","1","0","0"
"excluding_h2218_h2239","sequence_family","global","27","object","1","0","1","211","331","0.410876","0.731118","2","0","1","0","0"
"excluding_h2218_h2239","sequence_family","global","27","dimensions","1","0","1","211","331","0.380665","0.682779","2","0.284314","0.617647","0.139785","-0.030211"
"excluding_h2218_h2239","sequence_family","global","27","side_context","1","0","1","211","331","0.404834","0.725076","2","0.245098","0.647059","0.225806","-0.006042"
"excluding_h2218_h2239","sequence_family","global","28","frequency","1","0","1","212","331","0.410876","0.719033","2","0","1","0","0"
"excluding_h2218_h2239","sequence_family","global","28","object","1","0","1","212","331","0.410876","0.706949","2","0","1","0","0"
"excluding_h2218_h2239","sequence_family","global","28","dimensions","1","0","1","212","331","0.365559","0.661631","2","0.254902","0.632353","0.096774","-0.045317"
"excluding_h2218_h2239","sequence_family","global","28","side_context","1","0","1","212","331","0.39577","0.728097","2","0.72549","0.411765","0.010753","-0.015106"
"excluding_h2218_h2239","sequence_family","global","29","frequency","1","0","1","221","331","0.410876","0.719033","2","0","1","0","0"
"excluding_h2218_h2239","sequence_family","global","29","object","1","0","1","221","331","0.392749","0.570997","2","0","0.955882","0","-0.018127"
"excluding_h2218_h2239","sequence_family","global","29","dimensions","1","0","1","221","331","0.338369","0.667674","2","0.323529","0.463235","0.172043","-0.072508"
"excluding_h2218_h2239","sequence_family","global","29","side_context","1","0","1","221","331","0.392749","0.758308","2","0.470588","0.602941","0","-0.018127"
"excluding_h2218_h2239","sequence_family","global","30","frequency","1","0","1","216","331","0.410876","0.719033","2","0","1","0","0"
"excluding_h2218_h2239","sequence_family","global","30","object","1","0","1","216","331","0.410876","0.740181","2","0","1","0","0"
"excluding_h2218_h2239","sequence_family","global","30","dimensions","1","0","1","216","331","0.356495","0.694864","2","0.166667","0.683824","0.086022","-0.054381"
"excluding_h2218_h2239","sequence_family","global","30","side_context","1","0","1","216","331","0.413897","0.740181","2","0.421569","0.330882","0.526882","0.003021"
"excluding_h2218_h2239","sequence_family","global","31","frequency","1","0","1","229","331","0.410876","0.719033","2","0","1","0","0"
"excluding_h2218_h2239","sequence_family","global","31","object","1","0","1","229","331","0.410876","0.722054","2","0","1","0","0"
"excluding_h2218_h2239","sequence_family","global","31","dimensions","1","0","1","229","331","0.359517","0.694864","2","0.333333","0.588235","0.053763","-0.05136"
"excluding_h2218_h2239","sequence_family","global","31","side_context","1","0","1","229","331","0.268882","0.655589","2","0.392157","0.294118","0.096774","-0.141994"
"excluding_h2218_h2239","sequence_family","global","32","frequency","1","0","1","203","331","0.410876","0.719033","2","0","1","0","0"
"excluding_h2218_h2239","sequence_family","global","32","object","1","0","1","203","331","0.39577","0.70997","2","0","0.963235","0","-0.015106"
"excluding_h2218_h2239","sequence_family","global","32","dimensions","1","0","1","203","331","0.39577","0.743202","2","0.245098","0.580882","0.290323","-0.015106"
"excluding_h2218_h2239","sequence_family","global","32","side_context","1","0","1","203","331","0.29003","0.637462","2","0.019608","0.691176","0","-0.120846"
"excluding_h2218_h2239","sequence_family","global","33","frequency","1","0","1","220","331","0.410876","0.719033","2","0","1","0","0"
"excluding_h2218_h2239","sequence_family","global","33","object","1","0","1","220","331","0.404834","0.60423","2","0","0.985294","0","-0.006042"
"excluding_h2218_h2239","sequence_family","global","33","dimensions","1","0","1","220","331","0.377644","0.643505","2","0.343137","0.551471","0.16129","-0.033233"
"excluding_h2218_h2239","sequence_family","global","33","side_context","1","0","1","220","331","0.287009","0.691843","2","0.196078","0.536765","0.021505","-0.123867"
"excluding_h2218_h2239","sequence_family","global","34","frequency","1","0","1","231","331","0.410876","0.719033","2","0","1","0","0"
"excluding_h2218_h2239","sequence_family","global","34","object","1","0","1","231","331","0.404834","0.722054","2","0","0.985294","0","-0.006042"
"excluding_h2218_h2239","sequence_family","global","34","dimensions","1","0","1","231","331","0.362538","0.691843","2","0.22549","0.536765","0.258065","-0.048338"
"excluding_h2218_h2239","sequence_family","global","34","side_context","1","0","1","231","331","0.404834","0.65861","2","0.352941","0.669118","0.075269","-0.006042"
"excluding_h2218_h2239","sequence_family","global","35","frequency","1","0","1","210","331","0.410876","0.719033","2","0","1","0","0"
"excluding_h2218_h2239","sequence_family","global","35","object","1","0","1","210","331","0.416918","0.76435","2","0.029412","0.985294","0.010753","0.006042"
"excluding_h2218_h2239","sequence_family","global","35","dimensions","1","0","1","210","331","0.356495","0.583082","2","0.245098","0.683824","0","-0.054381"
"excluding_h2218_h2239","sequence_family","global","35","side_context","1","0","1","210","331","0.371601","0.561934","2","0.098039","0.801471","0.043011","-0.039275"
"excluding_h2218_h2239","sequence_family","global","36","frequency","1","0","1","221","331","0.410876","0.719033","2","0","1","0","0"
"excluding_h2218_h2239","sequence_family","global","36","object","1","0","1","221","331","0.404834","0.743202","2","0","0.985294","0","-0.006042"
"excluding_h2218_h2239","sequence_family","global","36","dimensions","1","0","1","221","331","0.347432","0.634441","2","0.22549","0.639706","0.053763","-0.063444"
"excluding_h2218_h2239","sequence_family","global","36","side_context","1","0","1","221","331","0.347432","0.767372","2","0.421569","0.227941","0.44086","-0.063444"
"excluding_h2218_h2239","sequence_family","global","37","frequency","1","0","1","208","331","0.410876","0.719033","2","0","1","0","0"
"excluding_h2218_h2239","sequence_family","global","37","object","1","0","1","208","331","0.410876","0.610272","2","0","1","0","0"
"excluding_h2218_h2239","sequence_family","global","37","dimensions","1","0","1","208","331","0.344411","0.589124","2","0.088235","0.654412","0.172043","-0.066465"
"excluding_h2218_h2239","sequence_family","global","37","side_context","1","0","1","208","331","0.365559","0.712991","2","0","0.382353","0.741935","-0.045317"
"excluding_h2218_h2239","sequence_family","global","38","frequency","1","0","1","216","331","0.410876","0.719033","2","0","1","0","0"
"excluding_h2218_h2239","sequence_family","global","38","object","1","0","1","216","331","0.39577","0.712991","2","0.009804","0.955882","0","-0.015106"
"excluding_h2218_h2239","sequence_family","global","38","dimensions","1","0","1","216","331","0.371601","0.625378","2","0.196078","0.617647","0.204301","-0.039275"
"excluding_h2218_h2239","sequence_family","global","38","side_context","1","0","1","216","331","0.36858","0.673716","2","0.156863","0.779412","0","-0.042296"
"excluding_h2218_h2239","sequence_family","global","39","frequency","1","0","1","217","331","0.410876","0.719033","2","0","1","0","0"
"excluding_h2218_h2239","sequence_family","global","39","object","1","0","1","217","331","0.410876","0.73716","2","0","1","0","0"
"excluding_h2218_h2239","sequence_family","global","39","dimensions","1","0","1","217","331","0.353474","0.740181","2","0.254902","0.669118","0","-0.057402"
"excluding_h2218_h2239","sequence_family","global","39","side_context","1","0","1","217","331","0.36858","0.682779","2","0","0.691176","0.301075","-0.042296"
"excluding_h2218_h2239","sequence_family","global","40","frequency","1","0","1","221","331","0.410876","0.719033","2","0","1","0","0"
"excluding_h2218_h2239","sequence_family","global","40","object","1","0","1","221","331","0.39577","0.746224","2","0","0.963235","0","-0.015106"
"excluding_h2218_h2239","sequence_family","global","40","dimensions","1","0","1","221","331","0.344411","0.719033","2","0.196078","0.485294","0.301075","-0.066465"
"excluding_h2218_h2239","sequence_family","global","40","side_context","1","0","1","221","331","0.389728","0.70997","2","0.196078","0.794118","0.010753","-0.021148"
"excluding_h2218_h2239","sequence_family","global","41","frequency","1","0","1","220","331","0.410876","0.719033","2","0","1","0","0"
"excluding_h2218_h2239","sequence_family","global","41","object","1","0","1","220","331","0.410876","0.746224","2","0","1","0","0"
"excluding_h2218_h2239","sequence_family","global","41","dimensions","1","0","1","220","331","0.353474","0.697885","2","0.039216","0.551471","0.408602","-0.057402"
"excluding_h2218_h2239","sequence_family","global","41","side_context","1","0","1","220","331","0.377644","0.706949","2","0.352941","0.617647","0.053763","-0.033233"
"excluding_h2218_h2239","sequence_family","global","42","frequency","1","0","1","230","331","0.410876","0.719033","2","0","1","0","0"
"excluding_h2218_h2239","sequence_family","global","42","object","1","0","1","230","331","0.41994","0.558912","2","0.068627","0.970588","0","0.009063"
"excluding_h2218_h2239","sequence_family","global","42","dimensions","1","0","1","230","331","0.359517","0.700906","2","0.284314","0.514706","0.215054","-0.05136"
"excluding_h2218_h2239","sequence_family","global","42","side_context","1","0","1","230","331","0.386707","0.670695","2","0","0.941176","0","-0.024169"
"excluding_h2218_h2239","sequence_family","global","43","frequency","1","0","1","224","331","0.410876","0.719033","2","0","1","0","0"
"excluding_h2218_h2239","sequence_family","global","43","object","1","0","1","224","331","0.410876","0.752266","2","0.04902","0.963235","0","0"
"excluding_h2218_h2239","sequence_family","global","43","dimensions","1","0","1","224","331","0.287009","0.65861","2","0.04902","0.514706","0.215054","-0.123867"
"excluding_h2218_h2239","sequence_family","global","43","side_context","1","0","1","224","331","0.401813","0.685801","2","0","0.794118","0.268817","-0.009063"
"excluding_h2218_h2239","sequence_family","global","44","frequency","1","0","1","218","331","0.410876","0.719033","2","0","1","0","0"
"excluding_h2218_h2239","sequence_family","global","44","object","1","0","1","218","331","0.401813","0.73716","2","0","0.963235","0.021505","-0.009063"
"excluding_h2218_h2239","sequence_family","global","44","dimensions","1","0","1","218","331","0.365559","0.679758","2","0.186275","0.647059","0.150538","-0.045317"
"excluding_h2218_h2239","sequence_family","global","44","side_context","1","0","1","218","331","0.359517","0.73716","2","0.009804","0.705882","0.236559","-0.05136"
"excluding_h2218_h2239","sequence_family","global","45","frequency","1","0","1","223","331","0.410876","0.719033","2","0","1","0","0"
"excluding_h2218_h2239","sequence_family","global","45","object","1","0","1","223","331","0.429003","0.716012","2","0.078431","0.985294","0","0.018127"
"excluding_h2218_h2239","sequence_family","global","45","dimensions","1","0","1","223","331","0.422961","0.640483","2","0.421569","0.580882","0.193548","0.012085"
"excluding_h2218_h2239","sequence_family","global","45","side_context","1","0","1","223","331","0.320242","0.755287","2","0.568627","0.286765","0.096774","-0.090634"
"excluding_h2218_h2239","sequence_family","global","46","frequency","1","0","1","213","331","0.410876","0.719033","2","0","1","0","0"
"excluding_h2218_h2239","sequence_family","global","46","object","1","0","1","213","331","0.238671","0.619335","2","0","0.580882","0","-0.172205"
"excluding_h2218_h2239","sequence_family","global","46","dimensions","1","0","1","213","331","0.398792","0.688822","2","0.362745","0.691176","0.010753","-0.012085"
"excluding_h2218_h2239","sequence_family","global","46","side_context","1","0","1","213","331","0.323263","0.670695","2","0","0.786765","0","-0.087613"
"excluding_h2218_h2239","sequence_family","global","47","frequency","1","0","1","226","331","0.410876","0.719033","2","0","1","0","0"
"excluding_h2218_h2239","sequence_family","global","47","object","1","0","1","226","331","0.422961","0.725076","2","0","0.970588","0.086022","0.012085"
"excluding_h2218_h2239","sequence_family","global","47","dimensions","1","0","1","226","331","0.359517","0.643505","2","0.284314","0.588235","0.107527","-0.05136"
"excluding_h2218_h2239","sequence_family","global","47","side_context","1","0","1","226","331","0.422961","0.731118","2","0.088235","0.713235","0.365591","0.012085"
"excluding_h2218_h2239","sequence_family","global","48","frequency","1","0","1","216","331","0.410876","0.719033","2","0","1","0","0"
"excluding_h2218_h2239","sequence_family","global","48","object","1","0","1","216","331","0.422961","0.728097","2","0","0.970588","0.086022","0.012085"
"excluding_h2218_h2239","sequence_family","global","48","dimensions","1","0","1","216","331","0.347432","0.679758","2","0.264706","0.580882","0.096774","-0.063444"
"excluding_h2218_h2239","sequence_family","global","48","side_context","1","0","1","216","331","0.326284","0.537764","2","0.088235","0.713235","0.021505","-0.084592"
"excluding_h2218_h2239","sequence_family","global","49","frequency","1","0","1","226","331","0.410876","0.719033","2","0","1","0","0"
"excluding_h2218_h2239","sequence_family","global","49","object","1","0","1","226","331","0.410876","0.73716","2","0","1","0","0"
"excluding_h2218_h2239","sequence_family","global","49","dimensions","1","0","1","226","331","0.425982","0.706949","2","0.196078","0.698529","0.27957","0.015106"
"excluding_h2218_h2239","sequence_family","global","49","side_context","1","0","1","226","331","0.365559","0.673716","2","0","0.75","0.204301","-0.045317"
"excluding_h2218_h2239","sequence_family","global","50","frequency","1","0","1","220","331","0.410876","0.719033","2","0","1","0","0"
"excluding_h2218_h2239","sequence_family","global","50","object","1","0","1","220","331","0.401813","0.706949","2","0.009804","0.970588","0","-0.009063"
"excluding_h2218_h2239","sequence_family","global","50","dimensions","1","0","1","220","331","0.410876","0.646526","2","0.147059","0.882353","0.010753","0"
"excluding_h2218_h2239","sequence_family","global","50","side_context","1","0","1","220","331","0.362538","0.722054","2","0.039216","0.654412","0.290323","-0.048338"
"excluding_h2218_h2239","sequence_family","global","51","frequency","1","0","1","209","331","0.410876","0.719033","2","0","1","0","0"
"excluding_h2218_h2239","sequence_family","global","51","object","1","0","1","209","331","0.416918","0.767372","2","0.019608","1","0","0.006042"
"excluding_h2218_h2239","sequence_family","global","51","dimensions","1","0","1","209","331","0.320242","0.691843","2","0.460784","0.352941","0.11828","-0.090634"
"excluding_h2218_h2239","sequence_family","global","51","side_context","1","0","1","209","331","0.392749","0.740181","2","0.431373","0.632353","0","-0.018127"
"excluding_h2218_h2239","sequence_family","global","52","frequency","1","0","1","205","331","0.410876","0.719033","2","0","1","0","0"
"excluding_h2218_h2239","sequence_family","global","52","object","1","0","1","205","331","0.410876","0.70997","2","0","1","0","0"
"excluding_h2218_h2239","sequence_family","global","52","dimensions","1","0","1","205","331","0.326284","0.703927","2","0.22549","0.580882","0.064516","-0.084592"
"excluding_h2218_h2239","sequence_family","global","52","side_context","1","0","1","205","331","0.389728","0.70997","2","0.196078","0.536765","0.387097","-0.021148"
"excluding_h2218_h2239","sequence_family","global","53","frequency","1","0","1","239","331","0.410876","0.719033","2","0","1","0","0"
"excluding_h2218_h2239","sequence_family","global","53","object","1","0","1","239","331","0.410876","0.558912","2","0","1","0","0"
"excluding_h2218_h2239","sequence_family","global","53","dimensions","1","0","1","239","331","0.277946","0.719033","2","0.333333","0.375","0.075269","-0.132931"
"excluding_h2218_h2239","sequence_family","global","53","side_context","1","0","1","239","331","0.380665","0.725076","2","0.294118","0.360294","0.505376","-0.030211"
"excluding_h2218_h2239","sequence_family","global","54","frequency","1","0","1","220","331","0.410876","0.719033","2","0","1","0","0"
"excluding_h2218_h2239","sequence_family","global","54","object","1","0","1","220","331","0.410876","0.746224","2","0","1","0","0"
"excluding_h2218_h2239","sequence_family","global","54","dimensions","1","0","1","220","331","0.34139","0.655589","2","0.186275","0.573529","0.172043","-0.069486"
"excluding_h2218_h2239","sequence_family","global","54","side_context","1","0","1","220","331","0.308157","0.728097","2","0","0.632353","0.172043","-0.102719"
"excluding_h2218_h2239","sequence_family","global","55","frequency","1","0","1","216","331","0.410876","0.719033","2","0","1","0","0"
"excluding_h2218_h2239","sequence_family","global","55","object","1","0","1","216","331","0.401813","0.731118","2","0","0.977941","0","-0.009063"
"excluding_h2218_h2239","sequence_family","global","55","dimensions","1","0","1","216","331","0.374622","0.616314","2","0.22549","0.617647","0.182796","-0.036254"
"excluding_h2218_h2239","sequence_family","global","55","side_context","1","0","1","216","331","0.416918","0.700906","2","0.470588","0.661765","0","0.006042"
"excluding_h2218_h2239","sequence_family","global","56","frequency","1","0","1","230","331","0.410876","0.719033","2","0","1","0","0"
"excluding_h2218_h2239","sequence_family","global","56","object","1","0","1","230","331","0.39577","0.706949","2","0.009804","0.955882","0","-0.015106"
"excluding_h2218_h2239","sequence_family","global","56","dimensions","1","0","1","230","331","0.36858","0.73716","2","0.137255","0.705882","0.129032","-0.042296"
"excluding_h2218_h2239","sequence_family","global","56","side_context","1","0","1","230","331","0.404834","0.728097","2","0.009804","0.838235","0.204301","-0.006042"
"excluding_h2218_h2239","sequence_family","global","57","frequency","1","0","1","212","331","0.410876","0.719033","2","0","1","0","0"
"excluding_h2218_h2239","sequence_family","global","57","object","1","0","1","212","331","0.401813","0.691843","2","0","0.977941","0","-0.009063"
"excluding_h2218_h2239","sequence_family","global","57","dimensions","1","0","1","212","331","0.365559","0.706949","2","0.264706","0.463235","0.333333","-0.045317"
"excluding_h2218_h2239","sequence_family","global","57","side_context","1","0","1","212","331","0.274924","0.65861","2","0.058824","0.477941","0.215054","-0.135952"
"excluding_h2218_h2239","sequence_family","global","58","frequency","1","0","1","214","331","0.410876","0.719033","2","0","1","0","0"
"excluding_h2218_h2239","sequence_family","global","58","object","1","0","1","214","331","0.226586","0.758308","2","0","0.551471","0","-0.18429"
"excluding_h2218_h2239","sequence_family","global","58","dimensions","1","0","1","214","331","0.326284","0.628399","2","0.401961","0.367647","0.182796","-0.084592"
"excluding_h2218_h2239","sequence_family","global","58","side_context","1","0","1","214","331","0.36858","0.649547","2","0.039216","0.867647","0","-0.042296"
"excluding_h2218_h2239","sequence_family","global","59","frequency","1","0","1","221","331","0.410876","0.719033","2","0","1","0","0"
"excluding_h2218_h2239","sequence_family","global","59","object","1","0","1","221","331","0.410876","0.725076","2","0","1","0","0"
"excluding_h2218_h2239","sequence_family","global","59","dimensions","1","0","1","221","331","0.332326","0.685801","2","0.039216","0.720588","0.086022","-0.07855"
"excluding_h2218_h2239","sequence_family","global","59","side_context","1","0","1","221","331","0.329305","0.700906","2","0.176471","0.389706","0.408602","-0.081571"
"excluding_h2218_h2239","sequence_family","global","60","frequency","1","0","1","198","331","0.410876","0.719033","2","0","1","0","0"
"excluding_h2218_h2239","sequence_family","global","60","object","1","0","1","198","331","0.398792","0.734139","2","0","0.970588","0","-0.012085"
"excluding_h2218_h2239","sequence_family","global","60","dimensions","1","0","1","198","331","0.371601","0.716012","2","0.196078","0.720588","0.053763","-0.039275"
"excluding_h2218_h2239","sequence_family","global","60","side_context","1","0","1","198","331","0.34139","0.646526","2","0.098039","0.757353","0","-0.069486"
"excluding_h2218_h2239","sequence_family","global","61","frequency","1","0","1","213","331","0.410876","0.719033","2","0","1","0","0"
"excluding_h2218_h2239","sequence_family","global","61","object","1","0","1","213","331","0.410876","0.712991","2","0","1","0","0"
"excluding_h2218_h2239","sequence_family","global","61","dimensions","1","0","1","213","331","0.332326","0.700906","2","0.186275","0.485294","0.268817","-0.07855"
"excluding_h2218_h2239","sequence_family","global","61","side_context","1","0","1","213","331","0.413897","0.728097","2","0.607843","0.551471","0","0.003021"
"excluding_h2218_h2239","sequence_family","global","62","frequency","1","0","1","215","331","0.410876","0.719033","2","0","1","0","0"
"excluding_h2218_h2239","sequence_family","global","62","object","1","0","1","215","331","0.392749","0.728097","2","0","0.955882","0","-0.018127"
"excluding_h2218_h2239","sequence_family","global","62","dimensions","1","0","1","215","331","0.413897","0.746224","2","0.529412","0.433824","0.258065","0.003021"
"excluding_h2218_h2239","sequence_family","global","62","side_context","1","0","1","215","331","0.359517","0.728097","2","0.490196","0.5","0.010753","-0.05136"
"excluding_h2218_h2239","sequence_family","global","63","frequency","1","0","1","224","331","0.410876","0.719033","2","0","1","0","0"
"excluding_h2218_h2239","sequence_family","global","63","object","1","0","1","224","331","0.268882","0.722054","2","0.019608","0.639706","0","-0.141994"
"excluding_h2218_h2239","sequence_family","global","63","dimensions","1","0","1","224","331","0.34139","0.706949","2","0.137255","0.595588","0.193548","-0.069486"
"excluding_h2218_h2239","sequence_family","global","63","side_context","1","0","1","224","331","0.404834","0.643505","2","0.019608","0.742647","0.333333","-0.006042"
"excluding_h2218_h2239","sequence_family","global","64","frequency","1","0","1","224","331","0.410876","0.719033","2","0","1","0","0"
"excluding_h2218_h2239","sequence_family","global","64","object","1","0","1","224","331","0.410876","0.70997","2","0.04902","0.963235","0","0"
"excluding_h2218_h2239","sequence_family","global","64","dimensions","1","0","1","224","331","0.377644","0.625378","2","0.27451","0.654412","0.086022","-0.033233"
"excluding_h2218_h2239","sequence_family","global","64","side_context","1","0","1","224","331","0.422961","0.697885","2","0.343137","0.75","0.032258","0.012085"
"excluding_h2218_h2239","sequence_family","global","65","frequency","1","0","1","222","331","0.410876","0.719033","2","0","1","0","0"
"excluding_h2218_h2239","sequence_family","global","65","object","1","0","1","222","331","0.407855","0.570997","2","0.039216","0.963235","0","-0.003021"
"excluding_h2218_h2239","sequence_family","global","65","dimensions","1","0","1","222","331","0.347432","0.703927","2","0.27451","0.580882","0.086022","-0.063444"
"excluding_h2218_h2239","sequence_family","global","65","side_context","1","0","1","222","331","0.386707","0.725076","2","0.323529","0.360294","0.494624","-0.024169"
"excluding_h2218_h2239","sequence_family","global","66","frequency","1","0","1","222","331","0.410876","0.719033","2","0","1","0","0"
"excluding_h2218_h2239","sequence_family","global","66","object","1","0","1","222","331","0.416918","0.734139","2","0","0.970588","0.064516","0.006042"
"excluding_h2218_h2239","sequence_family","global","66","dimensions","1","0","1","222","331","0.380665","0.703927","2","0.04902","0.536765","0.516129","-0.030211"
"excluding_h2218_h2239","sequence_family","global","66","side_context","1","0","1","222","331","0.268882","0.667674","2","0","0.441176","0.311828","-0.141994"
"excluding_h2218_h2239","sequence_family","global","67","frequency","1","0","1","201","331","0.410876","0.719033","2","0","1","0","0"
"excluding_h2218_h2239","sequence_family","global","67","object","1","0","1","201","331","0.404834","0.722054","2","0","0.970588","0.021505","-0.006042"
"excluding_h2218_h2239","sequence_family","global","67","dimensions","1","0","1","201","331","0.362538","0.706949","2","0.205882","0.588235","0.204301","-0.048338"
"excluding_h2218_h2239","sequence_family","global","67","side_context","1","0","1","201","331","0.374622","0.682779","2","0.22549","0.742647","0","-0.036254"
"excluding_h2218_h2239","sequence_family","global","68","frequency","1","0","1","231","331","0.410876","0.719033","2","0","1","0","0"
"excluding_h2218_h2239","sequence_family","global","68","object","1","0","1","231","331","0.392749","0.697885","2","0","0.955882","0","-0.018127"
"excluding_h2218_h2239","sequence_family","global","68","dimensions","1","0","1","231","331","0.344411","0.731118","2","0.470588","0.397059","0.129032","-0.066465"
"excluding_h2218_h2239","sequence_family","global","68","side_context","1","0","1","231","331","0.407855","0.716012","2","0.382353","0.625","0.11828","-0.003021"
"excluding_h2218_h2239","sequence_family","global","69","frequency","1","0","1","231","331","0.410876","0.719033","2","0","1","0","0"
"excluding_h2218_h2239","sequence_family","global","69","object","1","0","1","231","331","0.377644","0.752266","2","0.029412","0.889706","0.010753","-0.033233"
"excluding_h2218_h2239","sequence_family","global","69","dimensions","1","0","1","231","331","0.347432","0.697885","2","0.215686","0.610294","0.107527","-0.063444"
"excluding_h2218_h2239","sequence_family","global","69","side_context","1","0","1","231","331","0.293051","0.637462","2","0.411765","0.397059","0.010753","-0.117825"
"excluding_h2218_h2239","sequence_family","global","70","frequency","1","0","1","215","331","0.410876","0.719033","2","0","1","0","0"
"excluding_h2218_h2239","sequence_family","global","70","object","1","0","1","215","331","0.410876","0.70997","2","0","1","0","0"
"excluding_h2218_h2239","sequence_family","global","70","dimensions","1","0","1","215","331","0.305136","0.676737","2","0.127451","0.433824","0.311828","-0.10574"
"excluding_h2218_h2239","sequence_family","global","70","side_context","1","0","1","215","331","0.416918","0.716012","2","0","0.757353","0.376344","0.006042"
"excluding_h2218_h2239","sequence_family","global","71","frequency","1","0","1","221","331","0.410876","0.719033","2","0","1","0","0"
"excluding_h2218_h2239","sequence_family","global","71","object","1","0","1","221","331","0.410876","0.73716","2","0","1","0","0"
"excluding_h2218_h2239","sequence_family","global","71","dimensions","1","0","1","221","331","0.34139","0.676737","2","0.401961","0.433824","0.139785","-0.069486"
"excluding_h2218_h2239","sequence_family","global","71","side_context","1","0","1","221","331","0.392749","0.70997","2","0.156863","0.735294","0.150538","-0.018127"
"excluding_h2218_h2239","sequence_family","global","72","frequency","1","0","1","208","331","0.410876","0.719033","2","0","1","0","0"
"excluding_h2218_h2239","sequence_family","global","72","object","1","0","1","208","331","0.404834","0.716012","2","0","0.985294","0","-0.006042"
"excluding_h2218_h2239","sequence_family","global","72","dimensions","1","0","1","208","331","0.350453","0.746224","2","0.5","0.345588","0.193548","-0.060423"
"excluding_h2218_h2239","sequence_family","global","72","side_context","1","0","1","208","331","0.380665","0.746224","2","0.235294","0.529412","0.322581","-0.030211"
"excluding_h2218_h2239","sequence_family","global","73","frequency","1","0","1","205","331","0.410876","0.719033","2","0","1","0","0"
"excluding_h2218_h2239","sequence_family","global","73","object","1","0","1","205","331","0.410876","0.725076","2","0","1","0","0"
"excluding_h2218_h2239","sequence_family","global","73","dimensions","1","0","1","205","331","0.422961","0.655589","2","0.323529","0.669118","0.172043","0.012085"
"excluding_h2218_h2239","sequence_family","global","73","side_context","1","0","1","205","331","0.274924","0.749245","2","0.323529","0.360294","0.096774","-0.135952"
"excluding_h2218_h2239","sequence_family","global","74","frequency","1","0","1","213","331","0.410876","0.719033","2","0","1","0","0"
"excluding_h2218_h2239","sequence_family","global","74","object","1","0","1","213","331","0.438066","0.755287","2","0.558824","0.647059","0","0.02719"
"excluding_h2218_h2239","sequence_family","global","74","dimensions","1","0","1","213","331","0.371601","0.661631","2","0.137255","0.536765","0.387097","-0.039275"
"excluding_h2218_h2239","sequence_family","global","74","side_context","1","0","1","213","331","0.347432","0.719033","2","0.676471","0.338235","0","-0.063444"
"excluding_h2218_h2239","sequence_family","global","75","frequency","1","0","1","226","331","0.410876","0.719033","2","0","1","0","0"
"excluding_h2218_h2239","sequence_family","global","75","object","1","0","1","226","331","0.39577","0.688822","2","0","0.963235","0","-0.015106"
"excluding_h2218_h2239","sequence_family","global","75","dimensions","1","0","1","226","331","0.365559","0.676737","2","0.22549","0.661765","0.086022","-0.045317"
"excluding_h2218_h2239","sequence_family","global","75","side_context","1","0","1","226","331","0.39577","0.770393","2","0.362745","0.691176","0","-0.015106"
"excluding_h2218_h2239","sequence_family","global","76","frequency","1","0","1","217","331","0.410876","0.719033","2","0","1","0","0"
"excluding_h2218_h2239","sequence_family","global","76","object","1","0","1","217","331","0.410876","0.70997","2","0","1","0","0"
"excluding_h2218_h2239","sequence_family","global","76","dimensions","1","0","1","217","331","0.29003","0.679758","2","0.137255","0.522059","0.11828","-0.120846"
"excluding_h2218_h2239","sequence_family","global","76","side_context","1","0","1","217","331","0.305136","0.643505","2","0.401961","0.441176","0","-0.10574"
"excluding_h2218_h2239","sequence_family","global","77","frequency","1","0","1","225","331","0.410876","0.719033","2","0","1","0","0"
"excluding_h2218_h2239","sequence_family","global","77","object","1","0","1","225","331","0.41994","0.722054","2","0.078431","0.963235","0","0.009063"
"excluding_h2218_h2239","sequence_family","global","77","dimensions","1","0","1","225","331","0.365559","0.667674","2","0.147059","0.661765","0.172043","-0.045317"
"excluding_h2218_h2239","sequence_family","global","77","side_context","1","0","1","225","331","0.416918","0.706949","2","0.313725","0.779412","0","0.006042"
"excluding_h2218_h2239","sequence_family","global","78","frequency","1","0","1","221","331","0.410876","0.719033","2","0","1","0","0"
"excluding_h2218_h2239","sequence_family","global","78","object","1","0","1","221","331","0.410876","0.712991","2","0","0.963235","0.053763","0"
"excluding_h2218_h2239","sequence_family","global","78","dimensions","1","0","1","221","331","0.350453","0.670695","2","0.215686","0.573529","0.172043","-0.060423"
"excluding_h2218_h2239","sequence_family","global","78","side_context","1","0","1","221","331","0.175227","0.73716","2","0.088235","0.352941","0.010753","-0.23565"
"excluding_h2218_h2239","sequence_family","global","79","frequency","1","0","1","228","331","0.410876","0.719033","2","0","1","0","0"
"excluding_h2218_h2239","sequence_family","global","79","object","1","0","1","228","331","0.410876","0.719033","2","0","1","0","0"
"excluding_h2218_h2239","sequence_family","global","79","dimensions","1","0","1","228","331","0.338369","0.667674","2","0.294118","0.455882","0.215054","-0.072508"
"excluding_h2218_h2239","sequence_family","global","79","side_context","1","0","1","228","331","0.425982","0.607251","2","0.421569","0.713235","0.010753","0.015106"
"excluding_h2218_h2239","sequence_family","global","80","frequency","1","0","1","206","331","0.410876","0.719033","2","0","1","0","0"
"excluding_h2218_h2239","sequence_family","global","80","object","1","0","1","206","331","0.398792","0.706949","2","0.009804","0.963235","0","-0.012085"
"excluding_h2218_h2239","sequence_family","global","80","dimensions","1","0","1","206","331","0.335347","0.682779","2","0.068627","0.514706","0.365591","-0.075529"
"excluding_h2218_h2239","sequence_family","global","80","side_context","1","0","1","206","331","0.353474","0.682779","2","0","0.661765","0.290323","-0.057402"
"excluding_h2218_h2239","sequence_family","global","81","frequency","1","0","1","207","331","0.410876","0.719033","2","0","1","0","0"
"excluding_h2218_h2239","sequence_family","global","81","object","1","0","1","207","331","0.374622","0.70997","2","0.009804","0.904412","0","-0.036254"
"excluding_h2218_h2239","sequence_family","global","81","dimensions","1","0","1","207","331","0.371601","0.682779","2","0.215686","0.625","0.172043","-0.039275"
"excluding_h2218_h2239","sequence_family","global","81","side_context","1","0","1","207","331","0.413897","0.728097","2","0","0.860294","0.215054","0.003021"
"excluding_h2218_h2239","sequence_family","global","82","frequency","1","0","1","205","331","0.410876","0.719033","2","0","1","0","0"
"excluding_h2218_h2239","sequence_family","global","82","object","1","0","1","205","331","0.404834","0.725076","2","0","0.963235","0.032258","-0.006042"
"excluding_h2218_h2239","sequence_family","global","82","dimensions","1","0","1","205","331","0.350453","0.652568","2","0.22549","0.5","0.268817","-0.060423"
"excluding_h2218_h2239","sequence_family","global","82","side_context","1","0","1","205","331","0.320242","0.697885","2","0.098039","0.544118","0.236559","-0.090634"
"excluding_h2218_h2239","sequence_family","global","83","frequency","1","0","1","214","331","0.410876","0.719033","2","0","1","0","0"
"excluding_h2218_h2239","sequence_family","global","83","object","1","0","1","214","331","0.410876","0.73716","2","0","1","0","0"
"excluding_h2218_h2239","sequence_family","global","83","dimensions","1","0","1","214","331","0.362538","0.63142","2","0.323529","0.588235","0.075269","-0.048338"
"excluding_h2218_h2239","sequence_family","global","83","side_context","1","0","1","214","331","0.311178","0.722054","2","0.254902","0.5","0.096774","-0.099698"
"excluding_h2218_h2239","sequence_family","global","84","frequency","1","0","1","219","331","0.410876","0.719033","2","0","1","0","0"
"excluding_h2218_h2239","sequence_family","global","84","object","1","0","1","219","331","0.392749","0.722054","2","0","0.955882","0","-0.018127"
"excluding_h2218_h2239","sequence_family","global","84","dimensions","1","0","1","219","331","0.356495","0.706949","2","0.078431","0.617647","0.27957","-0.054381"
"excluding_h2218_h2239","sequence_family","global","84","side_context","1","0","1","219","331","0.377644","0.685801","2","0.196078","0.772059","0","-0.033233"
"excluding_h2218_h2239","sequence_family","global","85","frequency","1","0","1","203","331","0.410876","0.719033","2","0","1","0","0"
"excluding_h2218_h2239","sequence_family","global","85","object","1","0","1","203","331","0.410876","0.731118","2","0","1","0","0"
"excluding_h2218_h2239","sequence_family","global","85","dimensions","1","0","1","203","331","0.293051","0.679758","2","0.088235","0.625","0.032258","-0.117825"
"excluding_h2218_h2239","sequence_family","global","85","side_context","1","0","1","203","331","0.398792","0.728097","2","0.186275","0.705882","0.182796","-0.012085"
"excluding_h2218_h2239","sequence_family","global","86","frequency","1","0","1","223","331","0.410876","0.719033","2","0","1","0","0"
"excluding_h2218_h2239","sequence_family","global","86","object","1","0","1","223","331","0.410876","0.619335","2","0","1","0","0"
"excluding_h2218_h2239","sequence_family","global","86","dimensions","1","0","1","223","331","0.36858","0.73716","2","0.205882","0.580882","0.236559","-0.042296"
"excluding_h2218_h2239","sequence_family","global","86","side_context","1","0","1","223","331","0.344411","0.691843","2","0.205882","0.683824","0","-0.066465"
"excluding_h2218_h2239","sequence_family","global","87","frequency","1","0","1","230","331","0.410876","0.719033","2","0","1","0","0"
"excluding_h2218_h2239","sequence_family","global","87","object","1","0","1","230","331","0.410876","0.728097","2","0","1","0","0"
"excluding_h2218_h2239","sequence_family","global","87","dimensions","1","0","1","230","331","0.353474","0.712991","2","0.166667","0.588235","0.215054","-0.057402"
"excluding_h2218_h2239","sequence_family","global","87","side_context","1","0","1","230","331","0.34139","0.607251","2","0.372549","0.551471","0","-0.069486"
"excluding_h2218_h2239","sequence_family","global","88","frequency","1","0","1","213","331","0.410876","0.719033","2","0","1","0","0"
"excluding_h2218_h2239","sequence_family","global","88","object","1","0","1","213","331","0.401813","0.743202","2","0","0.977941","0","-0.009063"
"excluding_h2218_h2239","sequence_family","global","88","dimensions","1","0","1","213","331","0.386707","0.688822","2","0.323529","0.544118","0.225806","-0.024169"
"excluding_h2218_h2239","sequence_family","global","88","side_context","1","0","1","213","331","0.344411","0.752266","2","0.352941","0.514706","0.086022","-0.066465"
"excluding_h2218_h2239","sequence_family","global","89","frequency","1","0","1","227","331","0.410876","0.719033","2","0","1","0","0"
"excluding_h2218_h2239","sequence_family","global","89","object","1","0","1","227","331","0.410876","0.725076","2","0","1","0","0"
"excluding_h2218_h2239","sequence_family","global","89","dimensions","1","0","1","227","331","0.362538","0.716012","2","0.176471","0.522059","0.333333","-0.048338"
"excluding_h2218_h2239","sequence_family","global","89","side_context","1","0","1","227","331","0.380665","0.697885","2","0.382353","0.639706","0","-0.030211"
"excluding_h2218_h2239","sequence_family","global","90","frequency","1","0","1","224","331","0.410876","0.719033","2","0","1","0","0"
"excluding_h2218_h2239","sequence_family","global","90","object","1","0","1","224","331","0.410876","0.734139","2","0","1","0","0"
"excluding_h2218_h2239","sequence_family","global","90","dimensions","1","0","1","224","331","0.356495","0.65861","2","0.215686","0.529412","0.258065","-0.054381"
"excluding_h2218_h2239","sequence_family","global","90","side_context","1","0","1","224","331","0.371601","0.619335","2","0.235294","0.595588","0.193548","-0.039275"
"excluding_h2218_h2239","sequence_family","global","91","frequency","1","0","1","224","331","0.410876","0.719033","2","0","1","0","0"
"excluding_h2218_h2239","sequence_family","global","91","object","1","0","1","224","331","0.422961","0.728097","2","0.078431","0.970588","0","0.012085"
"excluding_h2218_h2239","sequence_family","global","91","dimensions","1","0","1","224","331","0.356495","0.667674","2","0.186275","0.713235","0.021505","-0.054381"
"excluding_h2218_h2239","sequence_family","global","91","side_context","1","0","1","224","331","0.410876","0.685801","2","0.176471","0.860294","0.010753","0"
"excluding_h2218_h2239","sequence_family","global","92","frequency","1","0","1","221","331","0.410876","0.719033","2","0","1","0","0"
"excluding_h2218_h2239","sequence_family","global","92","object","1","0","1","221","331","0.410876","0.706949","2","0","1","0","0"
"excluding_h2218_h2239","sequence_family","global","92","dimensions","1","0","1","221","331","0.380665","0.649547","2","0.186275","0.661765","0.182796","-0.030211"
"excluding_h2218_h2239","sequence_family","global","92","side_context","1","0","1","221","331","0.287009","0.667674","2","0.460784","0.345588","0.010753","-0.123867"
"excluding_h2218_h2239","sequence_family","global","93","frequency","1","0","1","215","331","0.410876","0.719033","2","0","1","0","0"
"excluding_h2218_h2239","sequence_family","global","93","object","1","0","1","215","331","0.39577","0.728097","2","0","0.963235","0","-0.015106"
"excluding_h2218_h2239","sequence_family","global","93","dimensions","1","0","1","215","331","0.314199","0.634441","2","0.088235","0.558824","0.204301","-0.096677"
"excluding_h2218_h2239","sequence_family","global","93","side_context","1","0","1","215","331","0.416918","0.725076","2","0.303922","0.691176","0.139785","0.006042"
"excluding_h2218_h2239","sequence_family","global","94","frequency","1","0","1","203","331","0.410876","0.719033","2","0","1","0","0"
"excluding_h2218_h2239","sequence_family","global","94","object","1","0","1","203","331","0.410876","0.625378","2","0","1","0","0"
"excluding_h2218_h2239","sequence_family","global","94","dimensions","1","0","1","203","331","0.317221","0.706949","2","0.098039","0.602941","0.139785","-0.093656"
"excluding_h2218_h2239","sequence_family","global","94","side_context","1","0","1","203","331","0.407855","0.734139","2","0","0.75","0.354839","-0.003021"
"excluding_h2218_h2239","sequence_family","global","95","frequency","1","0","1","222","331","0.410876","0.719033","2","0","1","0","0"
"excluding_h2218_h2239","sequence_family","global","95","object","1","0","1","222","331","0.404834","0.700906","2","0.019608","0.970588","0","-0.006042"
"excluding_h2218_h2239","sequence_family","global","95","dimensions","1","0","1","222","331","0.374622","0.740181","2","0.078431","0.691176","0.236559","-0.036254"
"excluding_h2218_h2239","sequence_family","global","95","side_context","1","0","1","222","331","0.317221","0.722054","2","0.009804","0.735294","0.043011","-0.093656"
"excluding_h2218_h2239","sequence_family","global","96","frequency","1","0","1","215","331","0.410876","0.719033","2","0","1","0","0"
"excluding_h2218_h2239","sequence_family","global","96","object","1","0","1","215","331","0.425982","0.728097","2","0","0.977941","0.086022","0.015106"
"excluding_h2218_h2239","sequence_family","global","96","dimensions","1","0","1","215","331","0.305136","0.700906","2","0.205882","0.514706","0.107527","-0.10574"
"excluding_h2218_h2239","sequence_family","global","96","side_context","1","0","1","215","331","0.287009","0.625378","2","0","0.669118","0.043011","-0.123867"
"excluding_h2218_h2239","sequence_family","global","97","frequency","1","0","1","210","331","0.410876","0.719033","2","0","1","0","0"
"excluding_h2218_h2239","sequence_family","global","97","object","1","0","1","210","331","0.392749","0.561934","2","0","0.955882","0","-0.018127"
"excluding_h2218_h2239","sequence_family","global","97","dimensions","1","0","1","210","331","0.347432","0.700906","2","0.254902","0.558824","0.139785","-0.063444"
"excluding_h2218_h2239","sequence_family","global","97","side_context","1","0","1","210","331","0.407855","0.697885","2","0.323529","0.470588","0.408602","-0.003021"
"excluding_h2218_h2239","sequence_family","global","98","frequency","1","0","1","210","331","0.410876","0.719033","2","0","1","0","0"
"excluding_h2218_h2239","sequence_family","global","98","object","1","0","1","210","331","0.416918","0.697885","2","0.058824","0.970588","0","0.006042"
"excluding_h2218_h2239","sequence_family","global","98","dimensions","1","0","1","210","331","0.323263","0.716012","2","0.147059","0.514706","0.236559","-0.087613"
"excluding_h2218_h2239","sequence_family","global","98","side_context","1","0","1","210","331","0.404834","0.649547","2","0.156863","0.75","0.172043","-0.006042"
"excluding_h2218_h2239","sequence_family","global","99","frequency","1","0","1","232","331","0.410876","0.719033","2","0","1","0","0"
"excluding_h2218_h2239","sequence_family","global","99","object","1","0","1","232","331","0.410876","0.706949","2","0","1","0","0"
"excluding_h2218_h2239","sequence_family","global","99","dimensions","1","0","1","232","331","0.350453","0.670695","2","0.166667","0.595588","0.193548","-0.060423"
"excluding_h2218_h2239","sequence_family","global","99","side_context","1","0","1","232","331","0.380665","0.716012","2","0.598039","0.477941","0","-0.030211"
"excluding_h2218_h2239","sequence_family","global","100","frequency","1","0","1","224","331","0.410876","0.719033","2","0","1","0","0"
"excluding_h2218_h2239","sequence_family","global","100","object","1","0","1","224","331","0.410876","0.619335","2","0","1","0","0"
"excluding_h2218_h2239","sequence_family","global","100","dimensions","1","0","1","224","331","0.429003","0.706949","2","0.352941","0.669118","0.16129","0.018127"
"excluding_h2218_h2239","sequence_family","global","100","side_context","1","0","1","224","331","0.274924","0.667674","2","0.215686","0.382353","0.182796","-0.135952"
"excluding_h2218_h2239","sequence_family","global","101","frequency","1","0","1","217","331","0.410876","0.719033","2","0","1","0","0"
"excluding_h2218_h2239","sequence_family","global","101","object","1","0","1","217","331","0.410876","0.746224","2","0","1","0","0"
"excluding_h2218_h2239","sequence_family","global","101","dimensions","1","0","1","217","331","0.293051","0.655589","2","0.186275","0.5","0.107527","-0.117825"
"excluding_h2218_h2239","sequence_family","global","101","side_context","1","0","1","217","331","0.329305","0.655589","2","0.303922","0.25","0.473118","-0.081571"
"excluding_h2218_h2239","sequence_family","global","102","frequency","1","0","1","222","331","0.410876","0.719033","2","0","1","0","0"
"excluding_h2218_h2239","sequence_family","global","102","object","1","0","1","222","331","0.39577","0.694864","2","0","0.963235","0","-0.015106"
"excluding_h2218_h2239","sequence_family","global","102","dimensions","1","0","1","222","331","0.374622","0.703927","2","0.264706","0.595588","0.172043","-0.036254"
"excluding_h2218_h2239","sequence_family","global","102","side_context","1","0","1","222","331","0.371601","0.628399","2","0","0.602941","0.44086","-0.039275"
"excluding_h2218_h2239","sequence_family","global","103","frequency","1","0","1","216","331","0.410876","0.719033","2","0","1","0","0"
"excluding_h2218_h2239","sequence_family","global","103","object","1","0","1","216","331","0.386707","0.682779","2","0.009804","0.933824","0","-0.024169"
"excluding_h2218_h2239","sequence_family","global","103","dimensions","1","0","1","216","331","0.335347","0.682779","2","0.147059","0.639706","0.096774","-0.075529"
"excluding_h2218_h2239","sequence_family","global","103","side_context","1","0","1","216","331","0.380665","0.706949","2","0.019608","0.75","0.236559","-0.030211"
"excluding_h2218_h2239","sequence_family","global","104","frequency","1","0","1","221","331","0.410876","0.719033","2","0","1","0","0"
"excluding_h2218_h2239","sequence_family","global","104","object","1","0","1","221","331","0.392749","0.749245","2","0","0.955882","0","-0.018127"
"excluding_h2218_h2239","sequence_family","global","104","dimensions","1","0","1","221","331","0.287009","0.688822","2","0.088235","0.419118","0.311828","-0.123867"
"excluding_h2218_h2239","sequence_family","global","104","side_context","1","0","1","221","331","0.432024","0.679758","2","0.441176","0.720588","0","0.021148"
"excluding_h2218_h2239","sequence_family","global","105","frequency","1","0","1","213","331","0.410876","0.719033","2","0","1","0","0"
"excluding_h2218_h2239","sequence_family","global","105","object","1","0","1","213","331","0.410876","0.60423","2","0","1","0","0"
"excluding_h2218_h2239","sequence_family","global","105","dimensions","1","0","1","213","331","0.362538","0.601208","2","0.215686","0.492647","0.333333","-0.048338"
"excluding_h2218_h2239","sequence_family","global","105","side_context","1","0","1","213","331","0.374622","0.734139","2","0.362745","0.573529","0.096774","-0.036254"
"excluding_h2218_h2239","sequence_family","global","106","frequency","1","0","1","216","331","0.410876","0.719033","2","0","1","0","0"
"excluding_h2218_h2239","sequence_family","global","106","object","1","0","1","216","331","0.41994","0.628399","2","0","0.970588","0.075269","0.009063"
"excluding_h2218_h2239","sequence_family","global","106","dimensions","1","0","1","216","331","0.441088","0.703927","2","0.431373","0.602941","0.215054","0.030211"
"excluding_h2218_h2239","sequence_family","global","106","side_context","1","0","1","216","331","0.365559","0.688822","2","0.117647","0.691176","0.16129","-0.045317"
"excluding_h2218_h2239","sequence_family","global","107","frequency","1","0","1","223","331","0.410876","0.719033","2","0","1","0","0"
"excluding_h2218_h2239","sequence_family","global","107","object","1","0","1","223","331","0.413897","0.728097","2","0.058824","0.963235","0","0.003021"
"excluding_h2218_h2239","sequence_family","global","107","dimensions","1","0","1","223","331","0.283988","0.610272","2","0.176471","0.455882","0.150538","-0.126888"
"excluding_h2218_h2239","sequence_family","global","107","side_context","1","0","1","223","331","0.413897","0.70997","2","0.019608","0.992647","0","0.003021"
"excluding_h2218_h2239","sequence_family","global","108","frequency","1","0","1","223","331","0.410876","0.719033","2","0","1","0","0"
"excluding_h2218_h2239","sequence_family","global","108","object","1","0","1","223","331","0.410876","0.712991","2","0","1","0","0"
"excluding_h2218_h2239","sequence_family","global","108","dimensions","1","0","1","223","331","0.329305","0.667674","2","0.078431","0.602941","0.204301","-0.081571"
"excluding_h2218_h2239","sequence_family","global","108","side_context","1","0","1","223","331","0.359517","0.740181","2","0.215686","0.352941","0.526882","-0.05136"
"excluding_h2218_h2239","sequence_family","global","109","frequency","1","0","1","218","331","0.410876","0.719033","2","0","1","0","0"
"excluding_h2218_h2239","sequence_family","global","109","object","1","0","1","218","331","0.404834","0.712991","2","0","0.985294","0","-0.006042"
"excluding_h2218_h2239","sequence_family","global","109","dimensions","1","0","1","218","331","0.332326","0.616314","2","0.078431","0.625","0.182796","-0.07855"
"excluding_h2218_h2239","sequence_family","global","109","side_context","1","0","1","218","331","0.386707","0.640483","2","0.480392","0.507353","0.107527","-0.024169"
"excluding_h2218_h2239","sequence_family","global","110","frequency","1","0","1","217","331","0.410876","0.719033","2","0","1","0","0"
"excluding_h2218_h2239","sequence_family","global","110","object","1","0","1","217","331","0.416918","0.746224","2","0.637255","0.536765","0","0.006042"
"excluding_h2218_h2239","sequence_family","global","110","dimensions","1","0","1","217","331","0.383686","0.76435","2","0.205882","0.647059","0.193548","-0.02719"
"excluding_h2218_h2239","sequence_family","global","110","side_context","1","0","1","217","331","0.392749","0.767372","2","0.823529","0.205882","0.193548","-0.018127"
"excluding_h2218_h2239","sequence_family","global","111","frequency","1","0","1","222","331","0.410876","0.719033","2","0","1","0","0"
"excluding_h2218_h2239","sequence_family","global","111","object","1","0","1","222","331","0.407855","0.703927","2","0.039216","0.963235","0","-0.003021"
"excluding_h2218_h2239","sequence_family","global","111","dimensions","1","0","1","222","331","0.39577","0.691843","2","0.186275","0.713235","0.16129","-0.015106"
"excluding_h2218_h2239","sequence_family","global","111","side_context","1","0","1","222","331","0.398792","0.716012","2","0.294118","0.625","0.182796","-0.012085"
"excluding_h2218_h2239","sequence_family","global","112","frequency","1","0","1","221","331","0.410876","0.719033","2","0","1","0","0"
"excluding_h2218_h2239","sequence_family","global","112","object","1","0","1","221","331","0.413897","0.722054","2","0.04902","0.970588","0","0.003021"
"excluding_h2218_h2239","sequence_family","global","112","dimensions","1","0","1","221","331","0.350453","0.719033","2","0.245098","0.544118","0.182796","-0.060423"
"excluding_h2218_h2239","sequence_family","global","112","side_context","1","0","1","221","331","0.429003","0.740181","2","0.019608","0.764706","0.387097","0.018127"
"excluding_h2218_h2239","sequence_family","global","113","frequency","1","0","1","214","331","0.410876","0.719033","2","0","1","0","0"
"excluding_h2218_h2239","sequence_family","global","113","object","1","0","1","214","331","0.404834","0.719033","2","0","0.985294","0","-0.006042"
"excluding_h2218_h2239","sequence_family","global","113","dimensions","1","0","1","214","331","0.380665","0.700906","2","0.245098","0.588235","0.225806","-0.030211"
"excluding_h2218_h2239","sequence_family","global","113","side_context","1","0","1","214","331","0.323263","0.586103","2","0.117647","0.683824","0.021505","-0.087613"
"excluding_h2218_h2239","sequence_family","global","114","frequency","1","0","1","199","331","0.410876","0.719033","2","0","1","0","0"
"excluding_h2218_h2239","sequence_family","global","114","object","1","0","1","199","331","0.413897","0.70997","2","0.04902","0.970588","0","0.003021"
"excluding_h2218_h2239","sequence_family","global","114","dimensions","1","0","1","199","331","0.323263","0.703927","2","0.137255","0.470588","0.311828","-0.087613"
"excluding_h2218_h2239","sequence_family","global","114","side_context","1","0","1","199","331","0.359517","0.734139","2","0.029412","0.691176","0.236559","-0.05136"
"excluding_h2218_h2239","sequence_family","global","115","frequency","1","0","1","218","331","0.410876","0.719033","2","0","1","0","0"
"excluding_h2218_h2239","sequence_family","global","115","object","1","0","1","218","331","0.413897","0.60423","2","0","0.970588","0.053763","0.003021"
"excluding_h2218_h2239","sequence_family","global","115","dimensions","1","0","1","218","331","0.329305","0.670695","2","0.186275","0.625","0.053763","-0.081571"
"excluding_h2218_h2239","sequence_family","global","115","side_context","1","0","1","218","331","0.404834","0.70997","2","0.264706","0.573529","0.311828","-0.006042"
"excluding_h2218_h2239","sequence_family","global","116","frequency","1","0","1","214","331","0.410876","0.719033","2","0","1","0","0"
"excluding_h2218_h2239","sequence_family","global","116","object","1","0","1","214","331","0.401813","0.728097","2","0","0.977941","0","-0.009063"
"excluding_h2218_h2239","sequence_family","global","116","dimensions","1","0","1","214","331","0.308157","0.706949","2","0.264706","0.308824","0.354839","-0.102719"
"excluding_h2218_h2239","sequence_family","global","116","side_context","1","0","1","214","331","0.401813","0.73716","2","0.039216","0.808824","0.204301","-0.009063"
"excluding_h2218_h2239","sequence_family","global","117","frequency","1","0","1","224","331","0.410876","0.719033","2","0","1","0","0"
"excluding_h2218_h2239","sequence_family","global","117","object","1","0","1","224","331","0.410876","0.734139","2","0","1","0","0"
"excluding_h2218_h2239","sequence_family","global","117","dimensions","1","0","1","224","331","0.344411","0.598187","2","0.254902","0.544118","0.150538","-0.066465"
"excluding_h2218_h2239","sequence_family","global","117","side_context","1","0","1","224","331","0.416918","0.712991","2","0","0.683824","0.483871","0.006042"
"excluding_h2218_h2239","sequence_family","global","118","frequency","1","0","1","218","331","0.410876","0.719033","2","0","1","0","0"
"excluding_h2218_h2239","sequence_family","global","118","object","1","0","1","218","331","0.410876","0.70997","2","0","1","0","0"
"excluding_h2218_h2239","sequence_family","global","118","dimensions","1","0","1","218","331","0.413897","0.676737","2","0.186275","0.772059","0.139785","0.003021"
"excluding_h2218_h2239","sequence_family","global","118","side_context","1","0","1","218","331","0.401813","0.661631","2","0.294118","0.735294","0.032258","-0.009063"
"excluding_h2218_h2239","sequence_family","global","119","frequency","1","0","1","207","331","0.410876","0.719033","2","0","1","0","0"
"excluding_h2218_h2239","sequence_family","global","119","object","1","0","1","207","331","0.404834","0.694864","2","0","0.985294","0","-0.006042"
"excluding_h2218_h2239","sequence_family","global","119","dimensions","1","0","1","207","331","0.374622","0.725076","2","0.303922","0.566176","0.172043","-0.036254"
"excluding_h2218_h2239","sequence_family","global","119","side_context","1","0","1","207","331","0.404834","0.70997","2","0.088235","0.639706","0.408602","-0.006042"
"excluding_h2218_h2239","sequence_family","global","120","frequency","1","0","1","218","331","0.410876","0.719033","2","0","1","0","0"
"excluding_h2218_h2239","sequence_family","global","120","object","1","0","1","218","331","0.39577","0.540785","2","0","0.963235","0","-0.015106"
"excluding_h2218_h2239","sequence_family","global","120","dimensions","1","0","1","218","331","0.359517","0.694864","2","0.147059","0.580882","0.268817","-0.05136"
"excluding_h2218_h2239","sequence_family","global","120","side_context","1","0","1","218","331","0.404834","0.712991","2","0","0.816176","0.247312","-0.006042"
"excluding_h2218_h2239","sequence_family","global","121","frequency","1","0","1","226","331","0.410876","0.719033","2","0","1","0","0"
"excluding_h2218_h2239","sequence_family","global","121","object","1","0","1","226","331","0.407855","0.70997","2","0.039216","0.963235","0","-0.003021"
"excluding_h2218_h2239","sequence_family","global","121","dimensions","1","0","1","226","331","0.356495","0.65861","2","0.215686","0.617647","0.129032","-0.054381"
"excluding_h2218_h2239","sequence_family","global","121","side_context","1","0","1","226","331","0.386707","0.725076","2","0.215686","0.764706","0.021505","-0.024169"
"excluding_h2218_h2239","sequence_family","global","122","frequency","1","0","1","220","331","0.410876","0.719033","2","0","1","0","0"
"excluding_h2218_h2239","sequence_family","global","122","object","1","0","1","220","331","0.410876","0.719033","2","0","1","0","0"
"excluding_h2218_h2239","sequence_family","global","122","dimensions","1","0","1","220","331","0.344411","0.700906","2","0.421569","0.448529","0.107527","-0.066465"
"excluding_h2218_h2239","sequence_family","global","122","side_context","1","0","1","220","331","0.383686","0.58006","2","0","0.698529","0.344086","-0.02719"
"excluding_h2218_h2239","sequence_family","global","123","frequency","1","0","1","208","331","0.410876","0.719033","2","0","1","0","0"
"excluding_h2218_h2239","sequence_family","global","123","object","1","0","1","208","331","0.398792","0.73716","2","0","0.970588","0","-0.012085"
"excluding_h2218_h2239","sequence_family","global","123","dimensions","1","0","1","208","331","0.259819","0.746224","2","0.284314","0.367647","0.075269","-0.151057"
"excluding_h2218_h2239","sequence_family","global","123","side_context","1","0","1","208","331","0.380665","0.670695","2","0.254902","0.713235","0.032258","-0.030211"
"excluding_h2218_h2239","sequence_family","global","124","frequency","1","0","1","221","331","0.410876","0.719033","2","0","1","0","0"
"excluding_h2218_h2239","sequence_family","global","124","object","1","0","1","221","331","0.39577","0.691843","2","0","0.963235","0","-0.015106"
"excluding_h2218_h2239","sequence_family","global","124","dimensions","1","0","1","221","331","0.335347","0.664653","2","0.166667","0.5","0.27957","-0.075529"
"excluding_h2218_h2239","sequence_family","global","124","side_context","1","0","1","221","331","0.335347","0.667674","2","0","0.75","0.096774","-0.075529"
"excluding_h2218_h2239","sequence_family","global","125","frequency","1","0","1","212","331","0.410876","0.719033","2","0","1","0","0"
"excluding_h2218_h2239","sequence_family","global","125","object","1","0","1","212","331","0.404834","0.712991","2","0","0.985294","0","-0.006042"
"excluding_h2218_h2239","sequence_family","global","125","dimensions","1","0","1","212","331","0.329305","0.655589","2","0.117647","0.5","0.311828","-0.081571"
"excluding_h2218_h2239","sequence_family","global","125","side_context","1","0","1","212","331","0.283988","0.761329","2","0.343137","0.330882","0.150538","-0.126888"
"excluding_h2218_h2239","sequence_family","global","126","frequency","1","0","1","215","331","0.410876","0.719033","2","0","1","0","0"
"excluding_h2218_h2239","sequence_family","global","126","object","1","0","1","215","331","0.398792","0.716012","2","0","0.970588","0","-0.012085"
"excluding_h2218_h2239","sequence_family","global","126","dimensions","1","0","1","215","331","0.350453","0.719033","2","0.27451","0.492647","0.225806","-0.060423"
"excluding_h2218_h2239","sequence_family","global","126","side_context","1","0","1","215","331","0.438066","0.673716","2","0.568627","0.514706","0.182796","0.02719"
"excluding_h2218_h2239","sequence_family","global","127","frequency","1","0","1","209","331","0.410876","0.719033","2","0","1","0","0"
"excluding_h2218_h2239","sequence_family","global","127","object","1","0","1","209","331","0.398792","0.682779","2","0","0.970588","0","-0.012085"
"excluding_h2218_h2239","sequence_family","global","127","dimensions","1","0","1","209","331","0.438066","0.761329","2","0.372549","0.588235","0.290323","0.02719"
"excluding_h2218_h2239","sequence_family","global","127","side_context","1","0","1","209","331","0.244713","0.646526","2","0.009804","0.389706","0.290323","-0.166163"
"excluding_h2218_h2239","sequence_family","global","128","frequency","1","0","1","217","331","0.410876","0.719033","2","0","1","0","0"
"excluding_h2218_h2239","sequence_family","global","128","object","1","0","1","217","331","0.392749","0.567976","2","0","0.955882","0","-0.018127"
"excluding_h2218_h2239","sequence_family","global","128","dimensions","1","0","1","217","331","0.36858","0.664653","2","0.254902","0.507353","0.290323","-0.042296"
"excluding_h2218_h2239","sequence_family","global","128","side_context","1","0","1","217","331","0.41994","0.719033","2","0.058824","0.691176","0.419355","0.009063"
"excluding_h2218_h2239","sequence_family","global","129","frequency","1","0","1","225","331","0.410876","0.719033","2","0","1","0","0"
"excluding_h2218_h2239","sequence_family","global","129","object","1","0","1","225","331","0.404834","0.73716","2","0","0.985294","0","-0.006042"
"excluding_h2218_h2239","sequence_family","global","129","dimensions","1","0","1","225","331","0.389728","0.700906","2","0.421569","0.536765","0.139785","-0.021148"
"excluding_h2218_h2239","sequence_family","global","129","side_context","1","0","1","225","331","0.335347","0.637462","2","0.078431","0.757353","0","-0.075529"
"excluding_h2218_h2239","sequence_family","global","130","frequency","1","0","1","216","331","0.410876","0.719033","2","0","1","0","0"
"excluding_h2218_h2239","sequence_family","global","130","object","1","0","1","216","331","0.416918","0.740181","2","0","0.955882","0.086022","0.006042"
"excluding_h2218_h2239","sequence_family","global","130","dimensions","1","0","1","216","331","0.380665","0.731118","2","0.137255","0.529412","0.430108","-0.030211"
"excluding_h2218_h2239","sequence_family","global","130","side_context","1","0","1","216","331","0.21148","0.752266","2","0.401961","0.110294","0.150538","-0.199396"
"excluding_h2218_h2239","sequence_family","global","131","frequency","1","0","1","220","331","0.410876","0.719033","2","0","1","0","0"
"excluding_h2218_h2239","sequence_family","global","131","object","1","0","1","220","331","0.398792","0.706949","2","0","0.970588","0","-0.012085"
"excluding_h2218_h2239","sequence_family","global","131","dimensions","1","0","1","220","331","0.344411","0.679758","2","0.176471","0.588235","0.172043","-0.066465"
"excluding_h2218_h2239","sequence_family","global","131","side_context","1","0","1","220","331","0.404834","0.700906","2","0.333333","0.735294","0","-0.006042"
"excluding_h2218_h2239","sequence_family","global","132","frequency","1","0","1","211","331","0.410876","0.719033","2","0","1","0","0"
"excluding_h2218_h2239","sequence_family","global","132","object","1","0","1","211","331","0.232628","0.740181","2","0.039216","0.536765","0","-0.178248"
"excluding_h2218_h2239","sequence_family","global","132","dimensions","1","0","1","211","331","0.326284","0.637462","2","0.156863","0.647059","0.043011","-0.084592"
"excluding_h2218_h2239","sequence_family","global","132","side_context","1","0","1","211","331","0.383686","0.728097","2","0.068627","0.661765","0.322581","-0.02719"
"excluding_h2218_h2239","sequence_family","global","133","frequency","1","0","1","220","331","0.410876","0.719033","2","0","1","0","0"
"excluding_h2218_h2239","sequence_family","global","133","object","1","0","1","220","331","0.410876","0.70997","2","0","1","0","0"
"excluding_h2218_h2239","sequence_family","global","133","dimensions","1","0","1","220","331","0.347432","0.649547","2","0.166667","0.617647","0.150538","-0.063444"
"excluding_h2218_h2239","sequence_family","global","133","side_context","1","0","1","220","331","0.323263","0.716012","2","0.078431","0.713235","0.021505","-0.087613"
"excluding_h2218_h2239","sequence_family","global","134","frequency","1","0","1","216","331","0.410876","0.719033","2","0","1","0","0"
"excluding_h2218_h2239","sequence_family","global","134","object","1","0","1","216","331","0.410876","0.70997","2","0","1","0","0"
"excluding_h2218_h2239","sequence_family","global","134","dimensions","1","0","1","216","331","0.404834","0.719033","2","0.215686","0.566176","0.376344","-0.006042"
"excluding_h2218_h2239","sequence_family","global","134","side_context","1","0","1","216","331","0.416918","0.734139","2","0.343137","0.757353","0","0.006042"
"excluding_h2218_h2239","sequence_family","global","135","frequency","1","0","1","195","331","0.410876","0.719033","2","0","1","0","0"
"excluding_h2218_h2239","sequence_family","global","135","object","1","0","1","195","331","0.401813","0.731118","2","0.019608","0.963235","0","-0.009063"
"excluding_h2218_h2239","sequence_family","global","135","dimensions","1","0","1","195","331","0.36858","0.667674","2","0.196078","0.676471","0.107527","-0.042296"
"excluding_h2218_h2239","sequence_family","global","135","side_context","1","0","1","195","331","0.374622","0.722054","2","0.107843","0.772059","0.086022","-0.036254"
"excluding_h2218_h2239","sequence_family","global","136","frequency","1","0","1","196","331","0.410876","0.719033","2","0","1","0","0"
"excluding_h2218_h2239","sequence_family","global","136","object","1","0","1","196","331","0.410876","0.691843","2","0","1","0","0"
"excluding_h2218_h2239","sequence_family","global","136","dimensions","1","0","1","196","331","0.350453","0.625378","2","0.382353","0.463235","0.150538","-0.060423"
"excluding_h2218_h2239","sequence_family","global","136","side_context","1","0","1","196","331","0.386707","0.63142","2","0","0.75","0.27957","-0.024169"
"excluding_h2218_h2239","sequence_family","global","137","frequency","1","0","1","198","331","0.410876","0.719033","2","0","1","0","0"
"excluding_h2218_h2239","sequence_family","global","137","object","1","0","1","198","331","0.404834","0.73716","2","0","0.985294","0","-0.006042"
"excluding_h2218_h2239","sequence_family","global","137","dimensions","1","0","1","198","331","0.371601","0.628399","2","0.215686","0.669118","0.107527","-0.039275"
"excluding_h2218_h2239","sequence_family","global","137","side_context","1","0","1","198","331","0.283988","0.63142","2","0.107843","0.514706","0.139785","-0.126888"
"excluding_h2218_h2239","sequence_family","global","138","frequency","1","0","1","210","331","0.410876","0.719033","2","0","1","0","0"
"excluding_h2218_h2239","sequence_family","global","138","object","1","0","1","210","331","0.410876","0.728097","2","0.058824","0.955882","0","0"
"excluding_h2218_h2239","sequence_family","global","138","dimensions","1","0","1","210","331","0.362538","0.679758","2","0.196078","0.683824","0.075269","-0.048338"
"excluding_h2218_h2239","sequence_family","global","138","side_context","1","0","1","210","331","0.356495","0.676737","2","0.411765","0.558824","0","-0.054381"
"excluding_h2218_h2239","sequence_family","global","139","frequency","1","0","1","234","331","0.410876","0.719033","2","0","1","0","0"
"excluding_h2218_h2239","sequence_family","global","139","object","1","0","1","234","331","0.410876","0.70997","2","0","1","0","0"
"excluding_h2218_h2239","sequence_family","global","139","dimensions","1","0","1","234","331","0.323263","0.722054","2","0.411765","0.301471","0.258065","-0.087613"
"excluding_h2218_h2239","sequence_family","global","139","side_context","1","0","1","234","331","0.383686","0.667674","2","0.333333","0.683824","0","-0.02719"
"excluding_h2218_h2239","sequence_family","global","140","frequency","1","0","1","230","331","0.410876","0.719033","2","0","1","0","0"
"excluding_h2218_h2239","sequence_family","global","140","object","1","0","1","230","331","0.410876","0.719033","2","0","1","0","0"
"excluding_h2218_h2239","sequence_family","global","140","dimensions","1","0","1","230","331","0.23565","0.625378","2","0.019608","0.507353","0.075269","-0.175227"
"excluding_h2218_h2239","sequence_family","global","140","side_context","1","0","1","230","331","0.326284","0.700906","2","0.107843","0.713235","0","-0.084592"
"excluding_h2218_h2239","sequence_family","global","141","frequency","1","0","1","220","331","0.410876","0.719033","2","0","1","0","0"
"excluding_h2218_h2239","sequence_family","global","141","object","1","0","1","220","331","0.410876","0.725076","2","0","1","0","0"
"excluding_h2218_h2239","sequence_family","global","141","dimensions","1","0","1","220","331","0.335347","0.595166","2","0.127451","0.625","0.139785","-0.075529"
"excluding_h2218_h2239","sequence_family","global","141","side_context","1","0","1","220","331","0.365559","0.70997","2","0.235294","0.426471","0.419355","-0.045317"
"excluding_h2218_h2239","sequence_family","global","142","frequency","1","0","1","199","331","0.410876","0.719033","2","0","1","0","0"
"excluding_h2218_h2239","sequence_family","global","142","object","1","0","1","199","331","0.410876","0.731118","2","0","1","0","0"
"excluding_h2218_h2239","sequence_family","global","142","dimensions","1","0","1","199","331","0.338369","0.670695","2","0.333333","0.551471","0.032258","-0.072508"
"excluding_h2218_h2239","sequence_family","global","142","side_context","1","0","1","199","331","0.293051","0.767372","2","0.382353","0.073529","0.516129","-0.117825"
"excluding_h2218_h2239","sequence_family","global","143","frequency","1","0","1","195","331","0.410876","0.719033","2","0","1","0","0"
"excluding_h2218_h2239","sequence_family","global","143","object","1","0","1","195","331","0.441088","0.728097","2","0.5","0.698529","0","0.030211"
"excluding_h2218_h2239","sequence_family","global","143","dimensions","1","0","1","195","331","0.335347","0.691843","2","0.127451","0.617647","0.150538","-0.075529"
"excluding_h2218_h2239","sequence_family","global","143","side_context","1","0","1","195","331","0.429003","0.676737","2","0.539216","0.507353","0.193548","0.018127"
"excluding_h2218_h2239","sequence_family","global","144","frequency","1","0","1","226","331","0.410876","0.719033","2","0","1","0","0"
"excluding_h2218_h2239","sequence_family","global","144","object","1","0","1","226","331","0.410876","0.716012","2","0","1","0","0"
"excluding_h2218_h2239","sequence_family","global","144","dimensions","1","0","1","226","331","0.356495","0.673716","2","0.205882","0.558824","0.225806","-0.054381"
"excluding_h2218_h2239","sequence_family","global","144","side_context","1","0","1","226","331","0.353474","0.719033","2","0.313725","0.558824","0.096774","-0.057402"
"excluding_h2218_h2239","sequence_family","global","145","frequency","1","0","1","223","331","0.410876","0.719033","2","0","1","0","0"
"excluding_h2218_h2239","sequence_family","global","145","object","1","0","1","223","331","0.404834","0.610272","2","0","0.985294","0","-0.006042"
"excluding_h2218_h2239","sequence_family","global","145","dimensions","1","0","1","223","331","0.413897","0.697885","2","0.137255","0.882353","0.032258","0.003021"
"excluding_h2218_h2239","sequence_family","global","145","side_context","1","0","1","223","331","0.386707","0.586103","2","0.27451","0.735294","0","-0.024169"
"excluding_h2218_h2239","sequence_family","global","146","frequency","1","0","1","210","331","0.410876","0.719033","2","0","1","0","0"
"excluding_h2218_h2239","sequence_family","global","146","object","1","0","1","210","331","0.41994","0.616314","2","0","0.970588","0.075269","0.009063"
"excluding_h2218_h2239","sequence_family","global","146","dimensions","1","0","1","210","331","0.335347","0.655589","2","0.333333","0.514706","0.075269","-0.075529"
"excluding_h2218_h2239","sequence_family","global","146","side_context","1","0","1","210","331","0.386707","0.725076","2","0","0.735294","0.301075","-0.024169"
"excluding_h2218_h2239","sequence_family","global","147","frequency","1","0","1","211","331","0.410876","0.719033","2","0","1","0","0"
"excluding_h2218_h2239","sequence_family","global","147","object","1","0","1","211","331","0.392749","0.740181","2","0","0.955882","0","-0.018127"
"excluding_h2218_h2239","sequence_family","global","147","dimensions","1","0","1","211","331","0.371601","0.655589","2","0.137255","0.625","0.258065","-0.039275"
"excluding_h2218_h2239","sequence_family","global","147","side_context","1","0","1","211","331","0.374622","0.640483","2","0","0.911765","0","-0.036254"
"excluding_h2218_h2239","sequence_family","global","148","frequency","1","0","1","229","331","0.410876","0.719033","2","0","1","0","0"
"excluding_h2218_h2239","sequence_family","global","148","object","1","0","1","229","331","0.401813","0.731118","2","0.029412","0.955882","0","-0.009063"
"excluding_h2218_h2239","sequence_family","global","148","dimensions","1","0","1","229","331","0.344411","0.682779","2","0.235294","0.522059","0.204301","-0.066465"
"excluding_h2218_h2239","sequence_family","global","148","side_context","1","0","1","229","331","0.34139","0.622356","2","0.196078","0.683824","0","-0.069486"
"excluding_h2218_h2239","sequence_family","global","149","frequency","1","0","1","220","331","0.410876","0.719033","2","0","1","0","0"
"excluding_h2218_h2239","sequence_family","global","149","object","1","0","1","220","331","0.410876","0.734139","2","0","1","0","0"
"excluding_h2218_h2239","sequence_family","global","149","dimensions","1","0","1","220","331","0.380665","0.691843","2","0.284314","0.580882","0.193548","-0.030211"
"excluding_h2218_h2239","sequence_family","global","149","side_context","1","0","1","220","331","0.326284","0.700906","2","0","0.705882","0.129032","-0.084592"
"excluding_h2218_h2239","sequence_family","global","150","frequency","1","0","1","213","331","0.410876","0.719033","2","0","1","0","0"
"excluding_h2218_h2239","sequence_family","global","150","object","1","0","1","213","331","0.398792","0.703927","2","0","0.970588","0","-0.012085"
"excluding_h2218_h2239","sequence_family","global","150","dimensions","1","0","1","213","331","0.350453","0.628399","2","0.137255","0.595588","0.225806","-0.060423"
"excluding_h2218_h2239","sequence_family","global","150","side_context","1","0","1","213","331","0.344411","0.712991","2","0.088235","0.757353","0.021505","-0.066465"
"excluding_h2218_h2239","sequence_family","global","151","frequency","1","0","1","209","331","0.410876","0.719033","2","0","1","0","0"
"excluding_h2218_h2239","sequence_family","global","151","object","1","0","1","209","331","0.374622","0.734139","2","0","0.911765","0","-0.036254"
"excluding_h2218_h2239","sequence_family","global","151","dimensions","1","0","1","209","331","0.296073","0.703927","2","0.333333","0.470588","0","-0.114804"
"excluding_h2218_h2239","sequence_family","global","151","side_context","1","0","1","209","331","0.36858","0.734139","2","0.401961","0.595588","0","-0.042296"
"excluding_h2218_h2239","sequence_family","global","152","frequency","1","0","1","223","331","0.410876","0.719033","2","0","1","0","0"
"excluding_h2218_h2239","sequence_family","global","152","object","1","0","1","223","331","0.398792","0.734139","2","0","0.955882","0.021505","-0.012085"
"excluding_h2218_h2239","sequence_family","global","152","dimensions","1","0","1","223","331","0.36858","0.700906","2","0.323529","0.514706","0.204301","-0.042296"
"excluding_h2218_h2239","sequence_family","global","152","side_context","1","0","1","223","331","0.299094","0.685801","2","0.166667","0.360294","0.354839","-0.111782"
"excluding_h2218_h2239","sequence_family","global","153","frequency","1","0","1","231","331","0.410876","0.719033","2","0","1","0","0"
"excluding_h2218_h2239","sequence_family","global","153","object","1","0","1","231","331","0.422961","0.731118","2","0","0.977941","0.075269","0.012085"
"excluding_h2218_h2239","sequence_family","global","153","dimensions","1","0","1","231","331","0.311178","0.616314","2","0.147059","0.507353","0.204301","-0.099698"
"excluding_h2218_h2239","sequence_family","global","153","side_context","1","0","1","231","331","0.377644","0.688822","2","0.264706","0.713235","0.010753","-0.033233"
"excluding_h2218_h2239","sequence_family","global","154","frequency","1","0","1","218","331","0.410876","0.719033","2","0","1","0","0"
"excluding_h2218_h2239","sequence_family","global","154","object","1","0","1","218","331","0.416918","0.728097","2","0.588235","0.566176","0.010753","0.006042"
"excluding_h2218_h2239","sequence_family","global","154","dimensions","1","0","1","218","331","0.416918","0.712991","2","0.117647","0.735294","0.27957","0.006042"
"excluding_h2218_h2239","sequence_family","global","154","side_context","1","0","1","218","331","0.253776","0.673716","2","0.117647","0.529412","0","-0.1571"
"excluding_h2218_h2239","sequence_family","global","155","frequency","1","0","1","211","331","0.410876","0.719033","2","0","1","0","0"
"excluding_h2218_h2239","sequence_family","global","155","object","1","0","1","211","331","0.39577","0.743202","2","0","0.963235","0","-0.015106"
"excluding_h2218_h2239","sequence_family","global","155","dimensions","1","0","1","211","331","0.374622","0.694864","2","0.22549","0.742647","0","-0.036254"
"excluding_h2218_h2239","sequence_family","global","155","side_context","1","0","1","211","331","0.416918","0.676737","2","0","0.742647","0.397849","0.006042"
"excluding_h2218_h2239","sequence_family","global","156","frequency","1","0","1","204","331","0.410876","0.719033","2","0","1","0","0"
"excluding_h2218_h2239","sequence_family","global","156","object","1","0","1","204","331","0.398792","0.719033","2","0","0.970588","0","-0.012085"
"excluding_h2218_h2239","sequence_family","global","156","dimensions","1","0","1","204","331","0.293051","0.694864","2","0.186275","0.426471","0.215054","-0.117825"
"excluding_h2218_h2239","sequence_family","global","156","side_context","1","0","1","204","331","0.432024","0.73716","2","0.392157","0.727941","0.043011","0.021148"
"excluding_h2218_h2239","sequence_family","global","157","frequency","1","0","1","215","331","0.410876","0.719033","2","0","1","0","0"
"excluding_h2218_h2239","sequence_family","global","157","object","1","0","1","215","331","0.39577","0.740181","2","0","0.963235","0","-0.015106"
"excluding_h2218_h2239","sequence_family","global","157","dimensions","1","0","1","215","331","0.347432","0.694864","2","0.147059","0.536765","0.290323","-0.063444"
"excluding_h2218_h2239","sequence_family","global","157","side_context","1","0","1","215","331","0.398792","0.60423","2","0","0.727941","0.354839","-0.012085"
"excluding_h2218_h2239","sequence_family","global","158","frequency","1","0","1","215","331","0.410876","0.719033","2","0","1","0","0"
"excluding_h2218_h2239","sequence_family","global","158","object","1","0","1","215","331","0.410876","0.731118","2","0","1","0","0"
"excluding_h2218_h2239","sequence_family","global","158","dimensions","1","0","1","215","331","0.356495","0.679758","2","0.196078","0.617647","0.150538","-0.054381"
"excluding_h2218_h2239","sequence_family","global","158","side_context","1","0","1","215","331","0.413897","0.598187","2","0.470588","0.654412","0","0.003021"
"excluding_h2218_h2239","sequence_family","global","159","frequency","1","0","1","201","331","0.410876","0.719033","2","0","1","0","0"
"excluding_h2218_h2239","sequence_family","global","159","object","1","0","1","201","331","0.410876","0.712991","2","0","0.963235","0.053763","0"
"excluding_h2218_h2239","sequence_family","global","159","dimensions","1","0","1","201","331","0.392749","0.676737","2","0.441176","0.602941","0.032258","-0.018127"
"excluding_h2218_h2239","sequence_family","global","159","side_context","1","0","1","201","331","0.389728","0.676737","2","0","0.948529","0","-0.021148"
"excluding_h2218_h2239","sequence_family","global","160","frequency","1","0","1","214","331","0.410876","0.719033","2","0","1","0","0"
"excluding_h2218_h2239","sequence_family","global","160","object","1","0","1","214","331","0.410876","0.70997","2","0","1","0","0"
"excluding_h2218_h2239","sequence_family","global","160","dimensions","1","0","1","214","331","0.416918","0.691843","2","0.333333","0.573529","0.27957","0.006042"
"excluding_h2218_h2239","sequence_family","global","160","side_context","1","0","1","214","331","0.247734","0.607251","2","0.04902","0.558824","0.010753","-0.163142"
"excluding_h2218_h2239","sequence_family","global","161","frequency","1","0","1","220","331","0.410876","0.719033","2","0","1","0","0"
"excluding_h2218_h2239","sequence_family","global","161","object","1","0","1","220","331","0.425982","0.731118","2","0.078431","0.977941","0","0.015106"
"excluding_h2218_h2239","sequence_family","global","161","dimensions","1","0","1","220","331","0.371601","0.65861","2","0.166667","0.588235","0.27957","-0.039275"
"excluding_h2218_h2239","sequence_family","global","161","side_context","1","0","1","220","331","0.410876","0.73716","2","0.166667","0.595588","0.408602","0"
"excluding_h2218_h2239","sequence_family","global","162","frequency","1","0","1","216","331","0.410876","0.719033","2","0","1","0","0"
"excluding_h2218_h2239","sequence_family","global","162","object","1","0","1","216","331","0.41994","0.752266","2","0.078431","0.963235","0","0.009063"
"excluding_h2218_h2239","sequence_family","global","162","dimensions","1","0","1","216","331","0.383686","0.688822","2","0.254902","0.588235","0.225806","-0.02719"
"excluding_h2218_h2239","sequence_family","global","162","side_context","1","0","1","216","331","0.39577","0.628399","2","0.009804","0.727941","0.333333","-0.015106"
"excluding_h2218_h2239","sequence_family","global","163","frequency","1","0","1","232","331","0.410876","0.719033","2","0","1","0","0"
"excluding_h2218_h2239","sequence_family","global","163","object","1","0","1","232","331","0.398792","0.586103","2","0","0.963235","0.010753","-0.012085"
"excluding_h2218_h2239","sequence_family","global","163","dimensions","1","0","1","232","331","0.422961","0.716012","2","0.205882","0.617647","0.376344","0.012085"
"excluding_h2218_h2239","sequence_family","global","163","side_context","1","0","1","232","331","0.365559","0.652568","2","0.27451","0.632353","0.075269","-0.045317"
"excluding_h2218_h2239","sequence_family","global","164","frequency","1","0","1","240","331","0.410876","0.719033","2","0","1","0","0"
"excluding_h2218_h2239","sequence_family","global","164","object","1","0","1","240","331","0.410876","0.700906","2","0","1","0","0"
"excluding_h2218_h2239","sequence_family","global","164","dimensions","1","0","1","240","331","0.380665","0.694864","2","0.117647","0.595588","0.354839","-0.030211"
"excluding_h2218_h2239","sequence_family","global","164","side_context","1","0","1","240","331","0.380665","0.646526","2","0.411765","0.367647","0.365591","-0.030211"
"excluding_h2218_h2239","sequence_family","global","165","frequency","1","0","1","227","331","0.410876","0.719033","2","0","1","0","0"
"excluding_h2218_h2239","sequence_family","global","165","object","1","0","1","227","331","0.401813","0.722054","2","0","0.963235","0.021505","-0.009063"
"excluding_h2218_h2239","sequence_family","global","165","dimensions","1","0","1","227","331","0.380665","0.679758","2","0.058824","0.669118","0.311828","-0.030211"
"excluding_h2218_h2239","sequence_family","global","165","side_context","1","0","1","227","331","0.362538","0.740181","2","0.343137","0.529412","0.139785","-0.048338"
"excluding_h2218_h2239","sequence_family","global","166","frequency","1","0","1","215","331","0.410876","0.719033","2","0","1","0","0"
"excluding_h2218_h2239","sequence_family","global","166","object","1","0","1","215","331","0.404834","0.567976","2","0","0.985294","0","-0.006042"
"excluding_h2218_h2239","sequence_family","global","166","dimensions","1","0","1","215","331","0.422961","0.664653","2","0.245098","0.786765","0.086022","0.012085"
"excluding_h2218_h2239","sequence_family","global","166","side_context","1","0","1","215","331","0.259819","0.722054","2","0.088235","0.441176","0.182796","-0.151057"
"excluding_h2218_h2239","sequence_family","global","167","frequency","1","0","1","230","331","0.410876","0.719033","2","0","1","0","0"
"excluding_h2218_h2239","sequence_family","global","167","object","1","0","1","230","331","0.416918","0.722054","2","0.078431","0.955882","0","0.006042"
"excluding_h2218_h2239","sequence_family","global","167","dimensions","1","0","1","230","331","0.383686","0.706949","2","0.313725","0.566176","0.193548","-0.02719"
"excluding_h2218_h2239","sequence_family","global","167","side_context","1","0","1","230","331","0.305136","0.691843","2","0.029412","0.639706","0.11828","-0.10574"
"excluding_h2218_h2239","sequence_family","global","168","frequency","1","0","1","197","331","0.410876","0.719033","2","0","1","0","0"
"excluding_h2218_h2239","sequence_family","global","168","object","1","0","1","197","331","0.410876","0.728097","2","0","0.992647","0.010753","0"
"excluding_h2218_h2239","sequence_family","global","168","dimensions","1","0","1","197","331","0.389728","0.740181","2","0.294118","0.536765","0.27957","-0.021148"
"excluding_h2218_h2239","sequence_family","global","168","side_context","1","0","1","197","331","0.344411","0.679758","2","0.107843","0.522059","0.344086","-0.066465"
"excluding_h2218_h2239","sequence_family","global","169","frequency","1","0","1","206","331","0.410876","0.719033","2","0","1","0","0"
"excluding_h2218_h2239","sequence_family","global","169","object","1","0","1","206","331","0.392749","0.694864","2","0","0.955882","0","-0.018127"
"excluding_h2218_h2239","sequence_family","global","169","dimensions","1","0","1","206","331","0.34139","0.688822","2","0.245098","0.639706","0.010753","-0.069486"
"excluding_h2218_h2239","sequence_family","global","169","side_context","1","0","1","206","331","0.407855","0.60423","2","0","0.985294","0.010753","-0.003021"
"excluding_h2218_h2239","sequence_family","global","170","frequency","1","0","1","216","331","0.410876","0.719033","2","0","1","0","0"
"excluding_h2218_h2239","sequence_family","global","170","object","1","0","1","216","331","0.39577","0.728097","2","0.009804","0.955882","0","-0.015106"
"excluding_h2218_h2239","sequence_family","global","170","dimensions","1","0","1","216","331","0.283988","0.676737","2","0.058824","0.566176","0.11828","-0.126888"
"excluding_h2218_h2239","sequence_family","global","170","side_context","1","0","1","216","331","0.374622","0.722054","2","0.352941","0.470588","0.258065","-0.036254"
"excluding_h2218_h2239","sequence_family","global","171","frequency","1","0","1","226","331","0.410876","0.719033","2","0","1","0","0"
"excluding_h2218_h2239","sequence_family","global","171","object","1","0","1","226","331","0.41994","0.716012","2","0.068627","0.970588","0","0.009063"
"excluding_h2218_h2239","sequence_family","global","171","dimensions","1","0","1","226","331","0.350453","0.716012","2","0.137255","0.676471","0.107527","-0.060423"
"excluding_h2218_h2239","sequence_family","global","171","side_context","1","0","1","226","331","0.371601","0.700906","2","0","0.727941","0.258065","-0.039275"
"excluding_h2218_h2239","sequence_family","global","172","frequency","1","0","1","209","331","0.410876","0.719033","2","0","1","0","0"
"excluding_h2218_h2239","sequence_family","global","172","object","1","0","1","209","331","0.422961","0.700906","2","0.078431","0.970588","0","0.012085"
"excluding_h2218_h2239","sequence_family","global","172","dimensions","1","0","1","209","331","0.329305","0.619335","2","0.392157","0.433824","0.107527","-0.081571"
"excluding_h2218_h2239","sequence_family","global","172","side_context","1","0","1","209","331","0.380665","0.607251","2","0.245098","0.727941","0.021505","-0.030211"
"excluding_h2218_h2239","sequence_family","global","173","frequency","1","0","1","201","331","0.410876","0.719033","2","0","1","0","0"
"excluding_h2218_h2239","sequence_family","global","173","object","1","0","1","201","331","0.410876","0.712991","2","0","1","0","0"
"excluding_h2218_h2239","sequence_family","global","173","dimensions","1","0","1","201","331","0.338369","0.655589","2","0.196078","0.573529","0.150538","-0.072508"
"excluding_h2218_h2239","sequence_family","global","173","side_context","1","0","1","201","331","0.44713","0.70997","2","0.421569","0.772059","0","0.036254"
"excluding_h2218_h2239","sequence_family","global","174","frequency","1","0","1","220","331","0.410876","0.719033","2","0","1","0","0"
"excluding_h2218_h2239","sequence_family","global","174","object","1","0","1","220","331","0.425982","0.73716","2","0.088235","0.970588","0","0.015106"
"excluding_h2218_h2239","sequence_family","global","174","dimensions","1","0","1","220","331","0.380665","0.719033","2","0.323529","0.558824","0.182796","-0.030211"
"excluding_h2218_h2239","sequence_family","global","174","side_context","1","0","1","220","331","0.389728","0.634441","2","0.088235","0.882353","0","-0.021148"
"excluding_h2218_h2239","sequence_family","global","175","frequency","1","0","1","216","331","0.410876","0.719033","2","0","1","0","0"
"excluding_h2218_h2239","sequence_family","global","175","object","1","0","1","216","331","0.214502","0.70997","2","0","0.522059","0","-0.196375"
"excluding_h2218_h2239","sequence_family","global","175","dimensions","1","0","1","216","331","0.353474","0.731118","2","0.294118","0.544118","0.139785","-0.057402"
"excluding_h2218_h2239","sequence_family","global","175","side_context","1","0","1","216","331","0.332326","0.682779","2","0","0.713235","0.139785","-0.07855"
"excluding_h2218_h2239","sequence_family","global","176","frequency","1","0","1","233","331","0.410876","0.719033","2","0","1","0","0"
"excluding_h2218_h2239","sequence_family","global","176","object","1","0","1","233","331","0.39577","0.610272","2","0","0.963235","0","-0.015106"
"excluding_h2218_h2239","sequence_family","global","176","dimensions","1","0","1","233","331","0.347432","0.640483","2","0.078431","0.617647","0.247312","-0.063444"
"excluding_h2218_h2239","sequence_family","global","176","side_context","1","0","1","233","331","0.407855","0.646526","2","0.470588","0.345588","0.430108","-0.003021"
"excluding_h2218_h2239","sequence_family","global","177","frequency","1","0","1","207","331","0.410876","0.719033","2","0","1","0","0"
"excluding_h2218_h2239","sequence_family","global","177","object","1","0","1","207","331","0.398792","0.731118","2","0","0.970588","0","-0.012085"
"excluding_h2218_h2239","sequence_family","global","177","dimensions","1","0","1","207","331","0.305136","0.688822","2","0.176471","0.610294","0","-0.10574"
"excluding_h2218_h2239","sequence_family","global","177","side_context","1","0","1","207","331","0.422961","0.728097","2","0.313725","0.764706","0.043011","0.012085"
"excluding_h2218_h2239","sequence_family","global","178","frequency","1","0","1","209","331","0.410876","0.719033","2","0","1","0","0"
"excluding_h2218_h2239","sequence_family","global","178","object","1","0","1","209","331","0.410876","0.70997","2","0","1","0","0"
"excluding_h2218_h2239","sequence_family","global","178","dimensions","1","0","1","209","331","0.329305","0.655589","2","0.441176","0.411765","0.086022","-0.081571"
"excluding_h2218_h2239","sequence_family","global","178","side_context","1","0","1","209","331","0.332326","0.679758","2","0.098039","0.639706","0.139785","-0.07855"
"excluding_h2218_h2239","sequence_family","global","179","frequency","1","0","1","225","331","0.410876","0.719033","2","0","1","0","0"
"excluding_h2218_h2239","sequence_family","global","179","object","1","0","1","225","331","0.41994","0.749245","2","0.009804","0.977941","0.053763","0.009063"
"excluding_h2218_h2239","sequence_family","global","179","dimensions","1","0","1","225","331","0.317221","0.616314","2","0.196078","0.485294","0.204301","-0.093656"
"excluding_h2218_h2239","sequence_family","global","179","side_context","1","0","1","225","331","0.410876","0.73716","2","0.156863","0.882353","0","0"
"excluding_h2218_h2239","sequence_family","global","180","frequency","1","0","1","219","331","0.410876","0.719033","2","0","1","0","0"
"excluding_h2218_h2239","sequence_family","global","180","object","1","0","1","219","331","0.416918","0.543807","2","0.588235","0.573529","0","0.006042"
"excluding_h2218_h2239","sequence_family","global","180","dimensions","1","0","1","219","331","0.398792","0.728097","2","0.166667","0.676471","0.247312","-0.012085"
"excluding_h2218_h2239","sequence_family","global","180","side_context","1","0","1","219","331","0.398792","0.643505","2","0","0.919118","0.075269","-0.012085"
"excluding_h2218_h2239","sequence_family","global","181","frequency","1","0","1","213","331","0.410876","0.719033","2","0","1","0","0"
"excluding_h2218_h2239","sequence_family","global","181","object","1","0","1","213","331","0.410876","0.73716","2","0","1","0","0"
"excluding_h2218_h2239","sequence_family","global","181","dimensions","1","0","1","213","331","0.371601","0.673716","2","0.27451","0.610294","0.129032","-0.039275"
"excluding_h2218_h2239","sequence_family","global","181","side_context","1","0","1","213","331","0.398792","0.697885","2","0.098039","0.75","0.215054","-0.012085"
"excluding_h2218_h2239","sequence_family","global","182","frequency","1","0","1","212","331","0.410876","0.719033","2","0","1","0","0"
"excluding_h2218_h2239","sequence_family","global","182","object","1","0","1","212","331","0.401813","0.716012","2","0","0.963235","0.021505","-0.009063"
"excluding_h2218_h2239","sequence_family","global","182","dimensions","1","0","1","212","331","0.29003","0.694864","2","0.264706","0.411765","0.139785","-0.120846"
"excluding_h2218_h2239","sequence_family","global","182","side_context","1","0","1","212","331","0.338369","0.652568","2","0.098039","0.683824","0.096774","-0.072508"
"excluding_h2218_h2239","sequence_family","global","183","frequency","1","0","1","206","331","0.410876","0.719033","2","0","1","0","0"
"excluding_h2218_h2239","sequence_family","global","183","object","1","0","1","206","331","0.410876","0.740181","2","0","1","0","0"
"excluding_h2218_h2239","sequence_family","global","183","dimensions","1","0","1","206","331","0.398792","0.673716","2","0.264706","0.617647","0.225806","-0.012085"
"excluding_h2218_h2239","sequence_family","global","183","side_context","1","0","1","206","331","0.287009","0.73716","2","0.04902","0.558824","0.150538","-0.123867"
"excluding_h2218_h2239","sequence_family","global","184","frequency","1","0","1","220","331","0.410876","0.719033","2","0","1","0","0"
"excluding_h2218_h2239","sequence_family","global","184","object","1","0","1","220","331","0.410876","0.628399","2","0","1","0","0"
"excluding_h2218_h2239","sequence_family","global","184","dimensions","1","0","1","220","331","0.359517","0.676737","2","0.372549","0.485294","0.16129","-0.05136"
"excluding_h2218_h2239","sequence_family","global","184","side_context","1","0","1","220","331","0.380665","0.652568","2","0.019608","0.904412","0.010753","-0.030211"
"excluding_h2218_h2239","sequence_family","global","185","frequency","1","0","1","224","331","0.410876","0.719033","2","0","1","0","0"
"excluding_h2218_h2239","sequence_family","global","185","object","1","0","1","224","331","0.398792","0.706949","2","0","0.970588","0","-0.012085"
"excluding_h2218_h2239","sequence_family","global","185","dimensions","1","0","1","224","331","0.271903","0.682779","2","0.088235","0.514706","0.11828","-0.138973"
"excluding_h2218_h2239","sequence_family","global","185","side_context","1","0","1","224","331","0.353474","0.697885","2","0.686275","0.345588","0","-0.057402"
"excluding_h2218_h2239","sequence_family","global","186","frequency","1","0","1","213","331","0.410876","0.719033","2","0","1","0","0"
"excluding_h2218_h2239","sequence_family","global","186","object","1","0","1","213","331","0.398792","0.601208","2","0","0.970588","0","-0.012085"
"excluding_h2218_h2239","sequence_family","global","186","dimensions","1","0","1","213","331","0.422961","0.734139","2","0.470588","0.580882","0.139785","0.012085"
"excluding_h2218_h2239","sequence_family","global","186","side_context","1","0","1","213","331","0.374622","0.667674","2","0","0.882353","0.043011","-0.036254"
"excluding_h2218_h2239","sequence_family","global","187","frequency","1","0","1","215","331","0.410876","0.719033","2","0","1","0","0"
"excluding_h2218_h2239","sequence_family","global","187","object","1","0","1","215","331","0.404834","0.716012","2","0","0.985294","0","-0.006042"
"excluding_h2218_h2239","sequence_family","global","187","dimensions","1","0","1","215","331","0.335347","0.649547","2","0.166667","0.544118","0.215054","-0.075529"
"excluding_h2218_h2239","sequence_family","global","187","side_context","1","0","1","215","331","0.398792","0.725076","2","0.127451","0.875","0","-0.012085"
"excluding_h2218_h2239","sequence_family","global","188","frequency","1","0","1","220","331","0.410876","0.719033","2","0","1","0","0"
"excluding_h2218_h2239","sequence_family","global","188","object","1","0","1","220","331","0.398792","0.706949","2","0","0.970588","0","-0.012085"
"excluding_h2218_h2239","sequence_family","global","188","dimensions","1","0","1","220","331","0.404834","0.706949","2","0.333333","0.602941","0.193548","-0.006042"
"excluding_h2218_h2239","sequence_family","global","188","side_context","1","0","1","220","331","0.410876","0.640483","2","0.215686","0.816176","0.032258","0"
"excluding_h2218_h2239","sequence_family","global","189","frequency","1","0","1","226","331","0.410876","0.719033","2","0","1","0","0"
"excluding_h2218_h2239","sequence_family","global","189","object","1","0","1","226","331","0.410876","0.610272","2","0","1","0","0"
"excluding_h2218_h2239","sequence_family","global","189","dimensions","1","0","1","226","331","0.314199","0.676737","2","0.186275","0.588235","0.053763","-0.096677"
"excluding_h2218_h2239","sequence_family","global","189","side_context","1","0","1","226","331","0.293051","0.755287","2","0.343137","0.455882","0","-0.117825"
"excluding_h2218_h2239","sequence_family","global","190","frequency","1","0","1","218","331","0.410876","0.719033","2","0","1","0","0"
"excluding_h2218_h2239","sequence_family","global","190","object","1","0","1","218","331","0.392749","0.740181","2","0","0.955882","0","-0.018127"
"excluding_h2218_h2239","sequence_family","global","190","dimensions","1","0","1","218","331","0.389728","0.670695","2","0.264706","0.669118","0.11828","-0.021148"
"excluding_h2218_h2239","sequence_family","global","190","side_context","1","0","1","218","331","0.356495","0.722054","2","0.068627","0.544118","0.397849","-0.054381"
"excluding_h2218_h2239","sequence_family","global","191","frequency","1","0","1","201","331","0.410876","0.719033","2","0","1","0","0"
"excluding_h2218_h2239","sequence_family","global","191","object","1","0","1","201","331","0.410876","0.706949","2","0","1","0","0"
"excluding_h2218_h2239","sequence_family","global","191","dimensions","1","0","1","201","331","0.326284","0.634441","2","0.176471","0.551471","0.16129","-0.084592"
"excluding_h2218_h2239","sequence_family","global","191","side_context","1","0","1","201","331","0.268882","0.703927","2","0.029412","0.352941","0.408602","-0.141994"
"excluding_h2218_h2239","sequence_family","global","192","frequency","1","0","1","217","331","0.410876","0.719033","2","0","1","0","0"
"excluding_h2218_h2239","sequence_family","global","192","object","1","0","1","217","331","0.410876","0.622356","2","0.04902","0.963235","0","0"
"excluding_h2218_h2239","sequence_family","global","192","dimensions","1","0","1","217","331","0.347432","0.682779","2","0.27451","0.455882","0.268817","-0.063444"
"excluding_h2218_h2239","sequence_family","global","192","side_context","1","0","1","217","331","0.299094","0.734139","2","0.382353","0.360294","0.11828","-0.111782"
"excluding_h2218_h2239","sequence_family","global","193","frequency","1","0","1","218","331","0.410876","0.719033","2","0","1","0","0"
"excluding_h2218_h2239","sequence_family","global","193","object","1","0","1","218","331","0.404834","0.592145","2","0","0.970588","0.021505","-0.006042"
"excluding_h2218_h2239","sequence_family","global","193","dimensions","1","0","1","218","331","0.398792","0.700906","2","0.323529","0.639706","0.129032","-0.012085"
"excluding_h2218_h2239","sequence_family","global","193","side_context","1","0","1","218","331","0.371601","0.688822","2","0","0.889706","0.021505","-0.039275"
"excluding_h2218_h2239","sequence_family","global","194","frequency","1","0","1","223","331","0.410876","0.719033","2","0","1","0","0"
"excluding_h2218_h2239","sequence_family","global","194","object","1","0","1","223","331","0.401813","0.725076","2","0","0.977941","0","-0.009063"
"excluding_h2218_h2239","sequence_family","global","194","dimensions","1","0","1","223","331","0.296073","0.595166","2","0.117647","0.610294","0.032258","-0.114804"
"excluding_h2218_h2239","sequence_family","global","194","side_context","1","0","1","223","331","0.41994","0.640483","2","0.411765","0.661765","0.075269","0.009063"
"excluding_h2218_h2239","sequence_family","global","195","frequency","1","0","1","218","331","0.410876","0.719033","2","0","1","0","0"
"excluding_h2218_h2239","sequence_family","global","195","object","1","0","1","218","331","0.410876","0.758308","2","0","1","0","0"
"excluding_h2218_h2239","sequence_family","global","195","dimensions","1","0","1","218","331","0.356495","0.640483","2","0.147059","0.639706","0.172043","-0.054381"
"excluding_h2218_h2239","sequence_family","global","195","side_context","1","0","1","218","331","0.371601","0.691843","2","0.303922","0.647059","0.043011","-0.039275"
"excluding_h2218_h2239","sequence_family","global","196","frequency","1","0","1","225","331","0.410876","0.719033","2","0","1","0","0"
"excluding_h2218_h2239","sequence_family","global","196","object","1","0","1","225","331","0.410876","0.725076","2","0","1","0","0"
"excluding_h2218_h2239","sequence_family","global","196","dimensions","1","0","1","225","331","0.305136","0.655589","2","0.147059","0.522059","0.16129","-0.10574"
"excluding_h2218_h2239","sequence_family","global","196","side_context","1","0","1","225","331","0.39577","0.716012","2","0.352941","0.595588","0.150538","-0.015106"
"excluding_h2218_h2239","sequence_family","global","197","frequency","1","0","1","207","331","0.410876","0.719033","2","0","1","0","0"
"excluding_h2218_h2239","sequence_family","global","197","object","1","0","1","207","331","0.410876","0.752266","2","0","1","0","0"
"excluding_h2218_h2239","sequence_family","global","197","dimensions","1","0","1","207","331","0.332326","0.673716","2","0.27451","0.602941","0","-0.07855"
"excluding_h2218_h2239","sequence_family","global","197","side_context","1","0","1","207","331","0.386707","0.546828","2","0.343137","0.683824","0","-0.024169"
"excluding_h2218_h2239","sequence_family","global","198","frequency","1","0","1","223","331","0.410876","0.719033","2","0","1","0","0"
"excluding_h2218_h2239","sequence_family","global","198","object","1","0","1","223","331","0.404834","0.697885","2","0","0.985294","0","-0.006042"
"excluding_h2218_h2239","sequence_family","global","198","dimensions","1","0","1","223","331","0.353474","0.634441","2","0.235294","0.625","0.086022","-0.057402"
"excluding_h2218_h2239","sequence_family","global","198","side_context","1","0","1","223","331","0.362538","0.667674","2","0.068627","0.683824","0.215054","-0.048338"
"excluding_h2218_h2239","sequence_family","global","199","frequency","1","0","1","226","331","0.410876","0.719033","2","0","1","0","0"
"excluding_h2218_h2239","sequence_family","global","199","object","1","0","1","226","331","0.404834","0.725076","2","0","0.970588","0.021505","-0.006042"
"excluding_h2218_h2239","sequence_family","global","199","dimensions","1","0","1","226","331","0.374622","0.655589","2","0.205882","0.691176","0.096774","-0.036254"
"excluding_h2218_h2239","sequence_family","global","199","side_context","1","0","1","226","331","0.422961","0.752266","2","0.245098","0.544118","0.44086","0.012085"
"excluding_h2218_h2239","sequence_family","global","200","frequency","1","0","1","214","331","0.410876","0.719033","2","0","1","0","0"
"excluding_h2218_h2239","sequence_family","global","200","object","1","0","1","214","331","0.410876","0.625378","2","0","1","0","0"
"excluding_h2218_h2239","sequence_family","global","200","dimensions","1","0","1","214","331","0.422961","0.703927","2","0.303922","0.625","0.258065","0.012085"
"excluding_h2218_h2239","sequence_family","global","200","side_context","1","0","1","214","331","0.386707","0.755287","2","0.421569","0.404412","0.322581","-0.024169"
"excluding_h2218_h2239","sequence_family","type_sides_order","1","frequency","7","1","6","211","331","0.410876","0.719033","2","0","1","0","0"
"excluding_h2218_h2239","sequence_family","type_sides_order","1","object","7","1","6","211","331","0.410876","0.752266","2","0","1","0","0"
"excluding_h2218_h2239","sequence_family","type_sides_order","1","dimensions","7","1","6","211","331","0.389728","0.697885","2","0.313725","0.713235","0","-0.021148"
"excluding_h2218_h2239","sequence_family","type_sides_order","1","side_context","7","1","6","211","331","0.365559","0.734139","2","0.186275","0.492647","0.376344","-0.045317"
"excluding_h2218_h2239","sequence_family","type_sides_order","2","frequency","7","1","6","218","331","0.410876","0.719033","2","0","1","0","0"
"excluding_h2218_h2239","sequence_family","type_sides_order","2","object","7","1","6","218","331","0.410876","0.752266","2","0","1","0","0"
"excluding_h2218_h2239","sequence_family","type_sides_order","2","dimensions","7","1","6","218","331","0.383686","0.752266","2","0.215686","0.625","0.215054","-0.02719"
"excluding_h2218_h2239","sequence_family","type_sides_order","2","side_context","7","1","6","218","331","0.39577","0.664653","2","0.186275","0.823529","0","-0.015106"
"excluding_h2218_h2239","sequence_family","type_sides_order","3","frequency","7","1","6","201","331","0.410876","0.719033","2","0","1","0","0"
"excluding_h2218_h2239","sequence_family","type_sides_order","3","object","7","1","6","201","331","0.410876","0.752266","2","0","1","0","0"
"excluding_h2218_h2239","sequence_family","type_sides_order","3","dimensions","7","1","6","201","331","0.311178","0.706949","2","0.098039","0.514706","0.247312","-0.099698"
"excluding_h2218_h2239","sequence_family","type_sides_order","3","side_context","7","1","6","201","331","0.308157","0.688822","2","0.009804","0.720588","0.032258","-0.102719"
"excluding_h2218_h2239","sequence_family","type_sides_order","4","frequency","7","1","6","224","331","0.410876","0.719033","2","0","1","0","0"
"excluding_h2218_h2239","sequence_family","type_sides_order","4","object","7","1","6","224","331","0.410876","0.752266","2","0","1","0","0"
"excluding_h2218_h2239","sequence_family","type_sides_order","4","dimensions","7","1","6","224","331","0.308157","0.716012","2","0.343137","0.382353","0.16129","-0.102719"
"excluding_h2218_h2239","sequence_family","type_sides_order","4","side_context","7","1","6","224","331","0.374622","0.719033","2","0.284314","0.698529","0","-0.036254"
"excluding_h2218_h2239","sequence_family","type_sides_order","5","frequency","7","1","6","213","331","0.410876","0.719033","2","0","1","0","0"
"excluding_h2218_h2239","sequence_family","type_sides_order","5","object","7","1","6","213","331","0.410876","0.752266","2","0","1","0","0"
"excluding_h2218_h2239","sequence_family","type_sides_order","5","dimensions","7","1","6","213","331","0.365559","0.703927","2","0.068627","0.654412","0.268817","-0.045317"
"excluding_h2218_h2239","sequence_family","type_sides_order","5","side_context","7","1","6","213","331","0.392749","0.661631","2","0.441176","0.625","0","-0.018127"
"excluding_h2218_h2239","sequence_family","type_sides_order","6","frequency","7","1","6","207","331","0.410876","0.719033","2","0","1","0","0"
"excluding_h2218_h2239","sequence_family","type_sides_order","6","object","7","1","6","207","331","0.410876","0.752266","2","0","1","0","0"
"excluding_h2218_h2239","sequence_family","type_sides_order","6","dimensions","7","1","6","207","331","0.317221","0.634441","2","0.088235","0.485294","0.322581","-0.093656"
"excluding_h2218_h2239","sequence_family","type_sides_order","6","side_context","7","1","6","207","331","0.383686","0.691843","2","0.078431","0.654412","0.322581","-0.02719"
"excluding_h2218_h2239","sequence_family","type_sides_order","7","frequency","7","1","6","218","331","0.410876","0.719033","2","0","1","0","0"
"excluding_h2218_h2239","sequence_family","type_sides_order","7","object","7","1","6","218","331","0.410876","0.752266","2","0","1","0","0"
"excluding_h2218_h2239","sequence_family","type_sides_order","7","dimensions","7","1","6","218","331","0.410876","0.688822","2","0.45098","0.573529","0.129032","0"
"excluding_h2218_h2239","sequence_family","type_sides_order","7","side_context","7","1","6","218","331","0.271903","0.682779","2","0","0.485294","0.258065","-0.138973"
"excluding_h2218_h2239","sequence_family","type_sides_order","8","frequency","7","1","6","224","331","0.410876","0.719033","2","0","1","0","0"
"excluding_h2218_h2239","sequence_family","type_sides_order","8","object","7","1","6","224","331","0.410876","0.752266","2","0","1","0","0"
"excluding_h2218_h2239","sequence_family","type_sides_order","8","dimensions","7","1","6","224","331","0.329305","0.634441","2","0.166667","0.654412","0.032258","-0.081571"
"excluding_h2218_h2239","sequence_family","type_sides_order","8","side_context","7","1","6","224","331","0.359517","0.694864","2","0.294118","0.654412","0","-0.05136"
"excluding_h2218_h2239","sequence_family","type_sides_order","9","frequency","7","1","6","205","331","0.410876","0.719033","2","0","1","0","0"
"excluding_h2218_h2239","sequence_family","type_sides_order","9","object","7","1","6","205","331","0.410876","0.752266","2","0","1","0","0"
"excluding_h2218_h2239","sequence_family","type_sides_order","9","dimensions","7","1","6","205","331","0.34139","0.716012","2","0.098039","0.625","0.193548","-0.069486"
"excluding_h2218_h2239","sequence_family","type_sides_order","9","side_context","7","1","6","205","331","0.326284","0.652568","2","0.598039","0.345588","0","-0.084592"
"excluding_h2218_h2239","sequence_family","type_sides_order","10","frequency","7","1","6","223","331","0.410876","0.719033","2","0","1","0","0"
"excluding_h2218_h2239","sequence_family","type_sides_order","10","object","7","1","6","223","331","0.410876","0.752266","2","0","1","0","0"
"excluding_h2218_h2239","sequence_family","type_sides_order","10","dimensions","7","1","6","223","331","0.350453","0.655589","2","0.176471","0.654412","0.096774","-0.060423"
"excluding_h2218_h2239","sequence_family","type_sides_order","10","side_context","7","1","6","223","331","0.371601","0.679758","2","0.343137","0.625","0.032258","-0.039275"
"excluding_h2218_h2239","sequence_family","type_sides_order","11","frequency","7","1","6","204","331","0.410876","0.719033","2","0","1","0","0"
"excluding_h2218_h2239","sequence_family","type_sides_order","11","object","7","1","6","204","331","0.410876","0.752266","2","0","1","0","0"
"excluding_h2218_h2239","sequence_family","type_sides_order","11","dimensions","7","1","6","204","331","0.34139","0.676737","2","0.215686","0.433824","0.344086","-0.069486"
"excluding_h2218_h2239","sequence_family","type_sides_order","11","side_context","7","1","6","204","331","0.374622","0.712991","2","0","0.661765","0.365591","-0.036254"
"excluding_h2218_h2239","sequence_family","type_sides_order","12","frequency","7","1","6","200","331","0.410876","0.719033","2","0","1","0","0"
"excluding_h2218_h2239","sequence_family","type_sides_order","12","object","7","1","6","200","331","0.410876","0.752266","2","0","1","0","0"
"excluding_h2218_h2239","sequence_family","type_sides_order","12","dimensions","7","1","6","200","331","0.356495","0.746224","2","0.460784","0.492647","0.043011","-0.054381"
"excluding_h2218_h2239","sequence_family","type_sides_order","12","side_context","7","1","6","200","331","0.398792","0.712991","2","0","0.742647","0.333333","-0.012085"
"excluding_h2218_h2239","sequence_family","type_sides_order","13","frequency","7","1","6","225","331","0.410876","0.719033","2","0","1","0","0"
"excluding_h2218_h2239","sequence_family","type_sides_order","13","object","7","1","6","225","331","0.410876","0.752266","2","0","1","0","0"
"excluding_h2218_h2239","sequence_family","type_sides_order","13","dimensions","7","1","6","225","331","0.359517","0.722054","2","0.27451","0.580882","0.129032","-0.05136"
"excluding_h2218_h2239","sequence_family","type_sides_order","13","side_context","7","1","6","225","331","0.350453","0.703927","2","0.382353","0.566176","0","-0.060423"
"excluding_h2218_h2239","sequence_family","type_sides_order","14","frequency","7","1","6","220","331","0.410876","0.719033","2","0","1","0","0"
"excluding_h2218_h2239","sequence_family","type_sides_order","14","object","7","1","6","220","331","0.410876","0.752266","2","0","1","0","0"
"excluding_h2218_h2239","sequence_family","type_sides_order","14","dimensions","7","1","6","220","331","0.356495","0.743202","2","0.117647","0.698529","0.11828","-0.054381"
"excluding_h2218_h2239","sequence_family","type_sides_order","14","side_context","7","1","6","220","331","0.365559","0.691843","2","0.058824","0.742647","0.150538","-0.045317"
"excluding_h2218_h2239","sequence_family","type_sides_order","15","frequency","7","1","6","220","331","0.410876","0.719033","2","0","1","0","0"
"excluding_h2218_h2239","sequence_family","type_sides_order","15","object","7","1","6","220","331","0.410876","0.752266","2","0","1","0","0"
"excluding_h2218_h2239","sequence_family","type_sides_order","15","dimensions","7","1","6","220","331","0.308157","0.706949","2","0.254902","0.463235","0.139785","-0.102719"
"excluding_h2218_h2239","sequence_family","type_sides_order","15","side_context","7","1","6","220","331","0.350453","0.703927","2","0.176471","0.522059","0.290323","-0.060423"
"excluding_h2218_h2239","sequence_family","type_sides_order","16","frequency","7","1","6","208","331","0.410876","0.719033","2","0","1","0","0"
"excluding_h2218_h2239","sequence_family","type_sides_order","16","object","7","1","6","208","331","0.410876","0.752266","2","0","1","0","0"
"excluding_h2218_h2239","sequence_family","type_sides_order","16","dimensions","7","1","6","208","331","0.401813","0.70997","2","0.166667","0.632353","0.322581","-0.009063"
"excluding_h2218_h2239","sequence_family","type_sides_order","16","side_context","7","1","6","208","331","0.39577","0.691843","2","0.421569","0.375","0.397849","-0.015106"
"excluding_h2218_h2239","sequence_family","type_sides_order","17","frequency","7","1","6","222","331","0.410876","0.719033","2","0","1","0","0"
"excluding_h2218_h2239","sequence_family","type_sides_order","17","object","7","1","6","222","331","0.410876","0.752266","2","0","1","0","0"
"excluding_h2218_h2239","sequence_family","type_sides_order","17","dimensions","7","1","6","222","331","0.389728","0.722054","2","0.313725","0.647059","0.096774","-0.021148"
"excluding_h2218_h2239","sequence_family","type_sides_order","17","side_context","7","1","6","222","331","0.39577","0.740181","2","0.362745","0.345588","0.505376","-0.015106"
"excluding_h2218_h2239","sequence_family","type_sides_order","18","frequency","7","1","6","228","331","0.410876","0.719033","2","0","1","0","0"
"excluding_h2218_h2239","sequence_family","type_sides_order","18","object","7","1","6","228","331","0.410876","0.752266","2","0","1","0","0"
"excluding_h2218_h2239","sequence_family","type_sides_order","18","dimensions","7","1","6","228","331","0.389728","0.712991","2","0.009804","0.823529","0.172043","-0.021148"
"excluding_h2218_h2239","sequence_family","type_sides_order","18","side_context","7","1","6","228","331","0.389728","0.673716","2","0.431373","0.625","0","-0.021148"
"excluding_h2218_h2239","sequence_family","type_sides_order","19","frequency","7","1","6","197","331","0.410876","0.719033","2","0","1","0","0"
"excluding_h2218_h2239","sequence_family","type_sides_order","19","object","7","1","6","197","331","0.410876","0.752266","2","0","1","0","0"
"excluding_h2218_h2239","sequence_family","type_sides_order","19","dimensions","7","1","6","197","331","0.344411","0.610272","2","0.147059","0.610294","0.172043","-0.066465"
"excluding_h2218_h2239","sequence_family","type_sides_order","19","side_context","7","1","6","197","331","0.41994","0.700906","2","0.372549","0.742647","0","0.009063"
"excluding_h2218_h2239","sequence_family","type_sides_order","20","frequency","7","1","6","205","331","0.410876","0.719033","2","0","1","0","0"
"excluding_h2218_h2239","sequence_family","type_sides_order","20","object","7","1","6","205","331","0.410876","0.752266","2","0","1","0","0"
"excluding_h2218_h2239","sequence_family","type_sides_order","20","dimensions","7","1","6","205","331","0.398792","0.691843","2","0","0.705882","0.387097","-0.012085"
"excluding_h2218_h2239","sequence_family","type_sides_order","20","side_context","7","1","6","205","331","0.380665","0.655589","2","0","0.661765","0.387097","-0.030211"
"excluding_h2218_h2239","sequence_family","type_sides_order","21","frequency","7","1","6","202","331","0.410876","0.719033","2","0","1","0","0"
"excluding_h2218_h2239","sequence_family","type_sides_order","21","object","7","1","6","202","331","0.410876","0.752266","2","0","1","0","0"
"excluding_h2218_h2239","sequence_family","type_sides_order","21","dimensions","7","1","6","202","331","0.34139","0.740181","2","0.098039","0.588235","0.247312","-0.069486"
"excluding_h2218_h2239","sequence_family","type_sides_order","21","side_context","7","1","6","202","331","0.371601","0.65861","2","0.166667","0.764706","0.021505","-0.039275"
"excluding_h2218_h2239","sequence_family","type_sides_order","22","frequency","7","1","6","208","331","0.410876","0.719033","2","0","1","0","0"
"excluding_h2218_h2239","sequence_family","type_sides_order","22","object","7","1","6","208","331","0.410876","0.752266","2","0","1","0","0"
"excluding_h2218_h2239","sequence_family","type_sides_order","22","dimensions","7","1","6","208","331","0.407855","0.734139","2","0.009804","0.779412","0.301075","-0.003021"
"excluding_h2218_h2239","sequence_family","type_sides_order","22","side_context","7","1","6","208","331","0.377644","0.697885","2","0","0.661765","0.376344","-0.033233"
"excluding_h2218_h2239","sequence_family","type_sides_order","23","frequency","7","1","6","206","331","0.410876","0.719033","2","0","1","0","0"
"excluding_h2218_h2239","sequence_family","type_sides_order","23","object","7","1","6","206","331","0.410876","0.752266","2","0","1","0","0"
"excluding_h2218_h2239","sequence_family","type_sides_order","23","dimensions","7","1","6","206","331","0.317221","0.691843","2","0.343137","0.448529","0.096774","-0.093656"
"excluding_h2218_h2239","sequence_family","type_sides_order","23","side_context","7","1","6","206","331","0.389728","0.703927","2","0","0.948529","0","-0.021148"
"excluding_h2218_h2239","sequence_family","type_sides_order","24","frequency","7","1","6","202","331","0.410876","0.719033","2","0","1","0","0"
"excluding_h2218_h2239","sequence_family","type_sides_order","24","object","7","1","6","202","331","0.410876","0.752266","2","0","1","0","0"
"excluding_h2218_h2239","sequence_family","type_sides_order","24","dimensions","7","1","6","202","331","0.36858","0.706949","2","0.264706","0.551471","0.215054","-0.042296"
"excluding_h2218_h2239","sequence_family","type_sides_order","24","side_context","7","1","6","202","331","0.335347","0.622356","2","0.176471","0.661765","0.032258","-0.075529"
"excluding_h2218_h2239","sequence_family","type_sides_order","25","frequency","7","1","6","217","331","0.410876","0.719033","2","0","1","0","0"
"excluding_h2218_h2239","sequence_family","type_sides_order","25","object","7","1","6","217","331","0.410876","0.752266","2","0","1","0","0"
"excluding_h2218_h2239","sequence_family","type_sides_order","25","dimensions","7","1","6","217","331","0.335347","0.673716","2","0.22549","0.625","0.032258","-0.075529"
"excluding_h2218_h2239","sequence_family","type_sides_order","25","side_context","7","1","6","217","331","0.401813","0.655589","2","0.490196","0.610294","0","-0.009063"
"excluding_h2218_h2239","sequence_family","type_sides_order","26","frequency","7","1","6","219","331","0.410876","0.719033","2","0","1","0","0"
"excluding_h2218_h2239","sequence_family","type_sides_order","26","object","7","1","6","219","331","0.410876","0.752266","2","0","1","0","0"
"excluding_h2218_h2239","sequence_family","type_sides_order","26","dimensions","7","1","6","219","331","0.338369","0.613293","2","0.176471","0.639706","0.075269","-0.072508"
"excluding_h2218_h2239","sequence_family","type_sides_order","26","side_context","7","1","6","219","331","0.302115","0.63142","2","0","0.455882","0.408602","-0.108761"
"excluding_h2218_h2239","sequence_family","type_sides_order","27","frequency","7","1","6","226","331","0.410876","0.719033","2","0","1","0","0"
"excluding_h2218_h2239","sequence_family","type_sides_order","27","object","7","1","6","226","331","0.410876","0.752266","2","0","1","0","0"
"excluding_h2218_h2239","sequence_family","type_sides_order","27","dimensions","7","1","6","226","331","0.353474","0.706949","2","0.245098","0.551471","0.182796","-0.057402"
"excluding_h2218_h2239","sequence_family","type_sides_order","27","side_context","7","1","6","226","331","0.36858","0.731118","2","0.411765","0.507353","0.11828","-0.042296"
"excluding_h2218_h2239","sequence_family","type_sides_order","28","frequency","7","1","6","200","331","0.410876","0.719033","2","0","1","0","0"
"excluding_h2218_h2239","sequence_family","type_sides_order","28","object","7","1","6","200","331","0.410876","0.752266","2","0","1","0","0"
"excluding_h2218_h2239","sequence_family","type_sides_order","28","dimensions","7","1","6","200","331","0.380665","0.685801","2","0.196078","0.654412","0.182796","-0.030211"
"excluding_h2218_h2239","sequence_family","type_sides_order","28","side_context","7","1","6","200","331","0.302115","0.700906","2","0.147059","0.573529","0.075269","-0.108761"
"excluding_h2218_h2239","sequence_family","type_sides_order","29","frequency","7","1","6","211","331","0.410876","0.719033","2","0","1","0","0"
"excluding_h2218_h2239","sequence_family","type_sides_order","29","object","7","1","6","211","331","0.410876","0.752266","2","0","1","0","0"
"excluding_h2218_h2239","sequence_family","type_sides_order","29","dimensions","7","1","6","211","331","0.359517","0.664653","2","0.166667","0.602941","0.215054","-0.05136"
"excluding_h2218_h2239","sequence_family","type_sides_order","29","side_context","7","1","6","211","331","0.39577","0.716012","2","0.441176","0.536765","0.139785","-0.015106"
"excluding_h2218_h2239","sequence_family","type_sides_order","30","frequency","7","1","6","211","331","0.410876","0.719033","2","0","1","0","0"
"excluding_h2218_h2239","sequence_family","type_sides_order","30","object","7","1","6","211","331","0.410876","0.752266","2","0","1","0","0"
"excluding_h2218_h2239","sequence_family","type_sides_order","30","dimensions","7","1","6","211","331","0.383686","0.773414","2","0.362745","0.455882","0.301075","-0.02719"
"excluding_h2218_h2239","sequence_family","type_sides_order","30","side_context","7","1","6","211","331","0.356495","0.694864","2","0.343137","0.602941","0.010753","-0.054381"
"excluding_h2218_h2239","sequence_family","type_sides_order","31","frequency","7","1","6","214","331","0.410876","0.719033","2","0","1","0","0"
"excluding_h2218_h2239","sequence_family","type_sides_order","31","object","7","1","6","214","331","0.410876","0.752266","2","0","1","0","0"
"excluding_h2218_h2239","sequence_family","type_sides_order","31","dimensions","7","1","6","214","331","0.338369","0.643505","2","0.284314","0.558824","0.075269","-0.072508"
"excluding_h2218_h2239","sequence_family","type_sides_order","31","side_context","7","1","6","214","331","0.383686","0.649547","2","0.352941","0.669118","0","-0.02719"
"excluding_h2218_h2239","sequence_family","type_sides_order","32","frequency","7","1","6","199","331","0.410876","0.719033","2","0","1","0","0"
"excluding_h2218_h2239","sequence_family","type_sides_order","32","object","7","1","6","199","331","0.410876","0.752266","2","0","1","0","0"
"excluding_h2218_h2239","sequence_family","type_sides_order","32","dimensions","7","1","6","199","331","0.29003","0.682779","2","0.235294","0.411765","0.172043","-0.120846"
"excluding_h2218_h2239","sequence_family","type_sides_order","32","side_context","7","1","6","199","331","0.296073","0.670695","2","0.352941","0.352941","0.150538","-0.114804"
"excluding_h2218_h2239","sequence_family","type_sides_order","33","frequency","7","1","6","217","331","0.410876","0.719033","2","0","1","0","0"
"excluding_h2218_h2239","sequence_family","type_sides_order","33","object","7","1","6","217","331","0.410876","0.752266","2","0","1","0","0"
"excluding_h2218_h2239","sequence_family","type_sides_order","33","dimensions","7","1","6","217","331","0.365559","0.70997","2","0.303922","0.610294","0.075269","-0.045317"
"excluding_h2218_h2239","sequence_family","type_sides_order","33","side_context","7","1","6","217","331","0.311178","0.716012","2","0.27451","0.477941","0.107527","-0.099698"
"excluding_h2218_h2239","sequence_family","type_sides_order","34","frequency","7","1","6","213","331","0.410876","0.719033","2","0","1","0","0"
"excluding_h2218_h2239","sequence_family","type_sides_order","34","object","7","1","6","213","331","0.410876","0.752266","2","0","1","0","0"
"excluding_h2218_h2239","sequence_family","type_sides_order","34","dimensions","7","1","6","213","331","0.398792","0.694864","2","0.166667","0.772059","0.107527","-0.012085"
"excluding_h2218_h2239","sequence_family","type_sides_order","34","side_context","7","1","6","213","331","0.277946","0.646526","2","0","0.661765","0.021505","-0.132931"
"excluding_h2218_h2239","sequence_family","type_sides_order","35","frequency","7","1","6","221","331","0.410876","0.719033","2","0","1","0","0"
"excluding_h2218_h2239","sequence_family","type_sides_order","35","object","7","1","6","221","331","0.410876","0.752266","2","0","1","0","0"
"excluding_h2218_h2239","sequence_family","type_sides_order","35","dimensions","7","1","6","221","331","0.386707","0.595166","2","0.166667","0.698529","0.172043","-0.024169"
"excluding_h2218_h2239","sequence_family","type_sides_order","35","side_context","7","1","6","221","331","0.359517","0.646526","2","0.04902","0.720588","0.172043","-0.05136"
"excluding_h2218_h2239","sequence_family","type_sides_order","36","frequency","7","1","6","220","331","0.410876","0.719033","2","0","1","0","0"
"excluding_h2218_h2239","sequence_family","type_sides_order","36","object","7","1","6","220","331","0.410876","0.752266","2","0","1","0","0"
"excluding_h2218_h2239","sequence_family","type_sides_order","36","dimensions","7","1","6","220","331","0.377644","0.70997","2","0.127451","0.720588","0.150538","-0.033233"
"excluding_h2218_h2239","sequence_family","type_sides_order","36","side_context","7","1","6","220","331","0.329305","0.743202","2","0.235294","0.301471","0.473118","-0.081571"
"excluding_h2218_h2239","sequence_family","type_sides_order","37","frequency","7","1","6","214","331","0.410876","0.719033","2","0","1","0","0"
"excluding_h2218_h2239","sequence_family","type_sides_order","37","object","7","1","6","214","331","0.410876","0.752266","2","0","1","0","0"
"excluding_h2218_h2239","sequence_family","type_sides_order","37","dimensions","7","1","6","214","331","0.398792","0.700906","2","0.156863","0.580882","0.397849","-0.012085"
"excluding_h2218_h2239","sequence_family","type_sides_order","37","side_context","7","1","6","214","331","0.404834","0.712991","2","0.362745","0.705882","0.010753","-0.006042"
"excluding_h2218_h2239","sequence_family","type_sides_order","38","frequency","7","1","6","220","331","0.410876","0.719033","2","0","1","0","0"
"excluding_h2218_h2239","sequence_family","type_sides_order","38","object","7","1","6","220","331","0.410876","0.752266","2","0","1","0","0"
"excluding_h2218_h2239","sequence_family","type_sides_order","38","dimensions","7","1","6","220","331","0.274924","0.564955","2","0.27451","0.272059","0.27957","-0.135952"
"excluding_h2218_h2239","sequence_family","type_sides_order","38","side_context","7","1","6","220","331","0.377644","0.634441","2","0.362745","0.610294","0.053763","-0.033233"
"excluding_h2218_h2239","sequence_family","type_sides_order","39","frequency","7","1","6","210","331","0.410876","0.719033","2","0","1","0","0"
"excluding_h2218_h2239","sequence_family","type_sides_order","39","object","7","1","6","210","331","0.410876","0.752266","2","0","1","0","0"
"excluding_h2218_h2239","sequence_family","type_sides_order","39","dimensions","7","1","6","210","331","0.362538","0.640483","2","0.264706","0.492647","0.27957","-0.048338"
"excluding_h2218_h2239","sequence_family","type_sides_order","39","side_context","7","1","6","210","331","0.386707","0.649547","2","0.77451","0.360294","0","-0.024169"
"excluding_h2218_h2239","sequence_family","type_sides_order","40","frequency","7","1","6","210","331","0.410876","0.719033","2","0","1","0","0"
"excluding_h2218_h2239","sequence_family","type_sides_order","40","object","7","1","6","210","331","0.410876","0.752266","2","0","1","0","0"
"excluding_h2218_h2239","sequence_family","type_sides_order","40","dimensions","7","1","6","210","331","0.41994","0.70997","2","0.166667","0.779412","0.172043","0.009063"
"excluding_h2218_h2239","sequence_family","type_sides_order","40","side_context","7","1","6","210","331","0.416918","0.728097","2","0.352941","0.75","0","0.006042"
"excluding_h2218_h2239","sequence_family","type_sides_order","41","frequency","7","1","6","215","331","0.410876","0.719033","2","0","1","0","0"
"excluding_h2218_h2239","sequence_family","type_sides_order","41","object","7","1","6","215","331","0.410876","0.752266","2","0","1","0","0"
"excluding_h2218_h2239","sequence_family","type_sides_order","41","dimensions","7","1","6","215","331","0.323263","0.667674","2","0.284314","0.404412","0.247312","-0.087613"
"excluding_h2218_h2239","sequence_family","type_sides_order","41","side_context","7","1","6","215","331","0.34139","0.743202","2","0.441176","0.492647","0.010753","-0.069486"
"excluding_h2218_h2239","sequence_family","type_sides_order","42","frequency","7","1","6","214","331","0.410876","0.719033","2","0","1","0","0"
"excluding_h2218_h2239","sequence_family","type_sides_order","42","object","7","1","6","214","331","0.410876","0.752266","2","0","1","0","0"
"excluding_h2218_h2239","sequence_family","type_sides_order","42","dimensions","7","1","6","214","331","0.338369","0.700906","2","0.196078","0.654412","0.032258","-0.072508"
"excluding_h2218_h2239","sequence_family","type_sides_order","42","side_context","7","1","6","214","331","0.383686","0.622356","2","0.254902","0.742647","0","-0.02719"
"excluding_h2218_h2239","sequence_family","type_sides_order","43","frequency","7","1","6","210","331","0.410876","0.719033","2","0","1","0","0"
"excluding_h2218_h2239","sequence_family","type_sides_order","43","object","7","1","6","210","331","0.410876","0.752266","2","0","1","0","0"
"excluding_h2218_h2239","sequence_family","type_sides_order","43","dimensions","7","1","6","210","331","0.377644","0.758308","2","0.313725","0.419118","0.387097","-0.033233"
"excluding_h2218_h2239","sequence_family","type_sides_order","43","side_context","7","1","6","210","331","0.383686","0.694864","2","0","0.669118","0.387097","-0.02719"
"excluding_h2218_h2239","sequence_family","type_sides_order","44","frequency","7","1","6","211","331","0.410876","0.719033","2","0","1","0","0"
"excluding_h2218_h2239","sequence_family","type_sides_order","44","object","7","1","6","211","331","0.410876","0.752266","2","0","1","0","0"
"excluding_h2218_h2239","sequence_family","type_sides_order","44","dimensions","7","1","6","211","331","0.259819","0.716012","2","0.166667","0.463235","0.064516","-0.151057"
"excluding_h2218_h2239","sequence_family","type_sides_order","44","side_context","7","1","6","211","331","0.392749","0.598187","2","0.107843","0.875","0","-0.018127"
"excluding_h2218_h2239","sequence_family","type_sides_order","45","frequency","7","1","6","207","331","0.410876","0.719033","2","0","1","0","0"
"excluding_h2218_h2239","sequence_family","type_sides_order","45","object","7","1","6","207","331","0.410876","0.752266","2","0","1","0","0"
"excluding_h2218_h2239","sequence_family","type_sides_order","45","dimensions","7","1","6","207","331","0.435045","0.73716","2","0.215686","0.625","0.397849","0.024169"
"excluding_h2218_h2239","sequence_family","type_sides_order","45","side_context","7","1","6","207","331","0.392749","0.637462","2","0.45098","0.602941","0.021505","-0.018127"
"excluding_h2218_h2239","sequence_family","type_sides_order","46","frequency","7","1","6","206","331","0.410876","0.719033","2","0","1","0","0"
"excluding_h2218_h2239","sequence_family","type_sides_order","46","object","7","1","6","206","331","0.410876","0.752266","2","0","1","0","0"
"excluding_h2218_h2239","sequence_family","type_sides_order","46","dimensions","7","1","6","206","331","0.308157","0.561934","2","0.098039","0.573529","0.150538","-0.102719"
"excluding_h2218_h2239","sequence_family","type_sides_order","46","side_context","7","1","6","206","331","0.323263","0.607251","2","0","0.727941","0.086022","-0.087613"
"excluding_h2218_h2239","sequence_family","type_sides_order","47","frequency","7","1","6","208","331","0.410876","0.719033","2","0","1","0","0"
"excluding_h2218_h2239","sequence_family","type_sides_order","47","object","7","1","6","208","331","0.410876","0.752266","2","0","1","0","0"
"excluding_h2218_h2239","sequence_family","type_sides_order","47","dimensions","7","1","6","208","331","0.329305","0.697885","2","0","0.551471","0.365591","-0.081571"
"excluding_h2218_h2239","sequence_family","type_sides_order","47","side_context","7","1","6","208","331","0.429003","0.610272","2","0.362745","0.757353","0.021505","0.018127"
"excluding_h2218_h2239","sequence_family","type_sides_order","48","frequency","7","1","6","227","331","0.410876","0.719033","2","0","1","0","0"
"excluding_h2218_h2239","sequence_family","type_sides_order","48","object","7","1","6","227","331","0.410876","0.752266","2","0","1","0","0"
"excluding_h2218_h2239","sequence_family","type_sides_order","48","dimensions","7","1","6","227","331","0.314199","0.673716","2","0.205882","0.485294","0.182796","-0.096677"
"excluding_h2218_h2239","sequence_family","type_sides_order","48","side_context","7","1","6","227","331","0.356495","0.731118","2","0.745098","0.169118","0.204301","-0.054381"
"excluding_h2218_h2239","sequence_family","type_sides_order","49","frequency","7","1","6","206","331","0.410876","0.719033","2","0","1","0","0"
"excluding_h2218_h2239","sequence_family","type_sides_order","49","object","7","1","6","206","331","0.410876","0.752266","2","0","1","0","0"
"excluding_h2218_h2239","sequence_family","type_sides_order","49","dimensions","7","1","6","206","331","0.335347","0.661631","2","0.019608","0.698529","0.150538","-0.075529"
"excluding_h2218_h2239","sequence_family","type_sides_order","49","side_context","7","1","6","206","331","0.359517","0.667674","2","0.029412","0.661765","0.27957","-0.05136"
"excluding_h2218_h2239","sequence_family","type_sides_order","50","frequency","7","1","6","184","331","0.410876","0.719033","2","0","1","0","0"
"excluding_h2218_h2239","sequence_family","type_sides_order","50","object","7","1","6","184","331","0.410876","0.752266","2","0","1","0","0"
"excluding_h2218_h2239","sequence_family","type_sides_order","50","dimensions","7","1","6","184","331","0.374622","0.746224","2","0.27451","0.433824","0.397849","-0.036254"
"excluding_h2218_h2239","sequence_family","type_sides_order","50","side_context","7","1","6","184","331","0.413897","0.643505","2","0.362745","0.735294","0","0.003021"
"excluding_h2218_h2239","sequence_family","type_sides_order","51","frequency","7","1","6","219","331","0.410876","0.719033","2","0","1","0","0"
"excluding_h2218_h2239","sequence_family","type_sides_order","51","object","7","1","6","219","331","0.410876","0.752266","2","0","1","0","0"
"excluding_h2218_h2239","sequence_family","type_sides_order","51","dimensions","7","1","6","219","331","0.335347","0.649547","2","0.186275","0.566176","0.16129","-0.075529"
"excluding_h2218_h2239","sequence_family","type_sides_order","51","side_context","7","1","6","219","331","0.401813","0.694864","2","0.127451","0.610294","0.397849","-0.009063"
"excluding_h2218_h2239","sequence_family","type_sides_order","52","frequency","7","1","6","213","331","0.410876","0.719033","2","0","1","0","0"
"excluding_h2218_h2239","sequence_family","type_sides_order","52","object","7","1","6","213","331","0.410876","0.752266","2","0","1","0","0"
"excluding_h2218_h2239","sequence_family","type_sides_order","52","dimensions","7","1","6","213","331","0.34139","0.758308","2","0.470588","0.441176","0.053763","-0.069486"
"excluding_h2218_h2239","sequence_family","type_sides_order","52","side_context","7","1","6","213","331","0.36858","0.622356","2","0.372549","0.617647","0","-0.042296"
"excluding_h2218_h2239","sequence_family","type_sides_order","53","frequency","7","1","6","216","331","0.410876","0.719033","2","0","1","0","0"
"excluding_h2218_h2239","sequence_family","type_sides_order","53","object","7","1","6","216","331","0.410876","0.752266","2","0","1","0","0"
"excluding_h2218_h2239","sequence_family","type_sides_order","53","dimensions","7","1","6","216","331","0.34139","0.688822","2","0.107843","0.647059","0.150538","-0.069486"
"excluding_h2218_h2239","sequence_family","type_sides_order","53","side_context","7","1","6","216","331","0.362538","0.731118","2","0.372549","0.529412","0.107527","-0.048338"
"excluding_h2218_h2239","sequence_family","type_sides_order","54","frequency","7","1","6","217","331","0.410876","0.719033","2","0","1","0","0"
"excluding_h2218_h2239","sequence_family","type_sides_order","54","object","7","1","6","217","331","0.410876","0.752266","2","0","1","0","0"
"excluding_h2218_h2239","sequence_family","type_sides_order","54","dimensions","7","1","6","217","331","0.365559","0.670695","2","0.098039","0.742647","0.107527","-0.045317"
"excluding_h2218_h2239","sequence_family","type_sides_order","54","side_context","7","1","6","217","331","0.374622","0.716012","2","0.058824","0.757353","0.16129","-0.036254"
"excluding_h2218_h2239","sequence_family","type_sides_order","55","frequency","7","1","6","204","331","0.410876","0.719033","2","0","1","0","0"
"excluding_h2218_h2239","sequence_family","type_sides_order","55","object","7","1","6","204","331","0.410876","0.752266","2","0","1","0","0"
"excluding_h2218_h2239","sequence_family","type_sides_order","55","dimensions","7","1","6","204","331","0.39577","0.722054","2","0.186275","0.698529","0.182796","-0.015106"
"excluding_h2218_h2239","sequence_family","type_sides_order","55","side_context","7","1","6","204","331","0.29003","0.716012","2","0.009804","0.698529","0","-0.120846"
"excluding_h2218_h2239","sequence_family","type_sides_order","56","frequency","7","1","6","212","331","0.410876","0.719033","2","0","1","0","0"
"excluding_h2218_h2239","sequence_family","type_sides_order","56","object","7","1","6","212","331","0.410876","0.752266","2","0","1","0","0"
"excluding_h2218_h2239","sequence_family","type_sides_order","56","dimensions","7","1","6","212","331","0.389728","0.770393","2","0.470588","0.397059","0.290323","-0.021148"
"excluding_h2218_h2239","sequence_family","type_sides_order","56","side_context","7","1","6","212","331","0.413897","0.697885","2","0.352941","0.742647","0","0.003021"
"excluding_h2218_h2239","sequence_family","type_sides_order","57","frequency","7","1","6","203","331","0.410876","0.719033","2","0","1","0","0"
"excluding_h2218_h2239","sequence_family","type_sides_order","57","object","7","1","6","203","331","0.410876","0.752266","2","0","1","0","0"
"excluding_h2218_h2239","sequence_family","type_sides_order","57","dimensions","7","1","6","203","331","0.353474","0.706949","2","0.22549","0.595588","0.139785","-0.057402"
"excluding_h2218_h2239","sequence_family","type_sides_order","57","side_context","7","1","6","203","331","0.356495","0.60423","2","0.019608","0.647059","0.301075","-0.054381"
"excluding_h2218_h2239","sequence_family","type_sides_order","58","frequency","7","1","6","216","331","0.410876","0.719033","2","0","1","0","0"
"excluding_h2218_h2239","sequence_family","type_sides_order","58","object","7","1","6","216","331","0.410876","0.752266","2","0","1","0","0"
"excluding_h2218_h2239","sequence_family","type_sides_order","58","dimensions","7","1","6","216","331","0.326284","0.634441","2","0.117647","0.522059","0.268817","-0.084592"
"excluding_h2218_h2239","sequence_family","type_sides_order","58","side_context","7","1","6","216","331","0.404834","0.731118","2","0.333333","0.727941","0.010753","-0.006042"
"excluding_h2218_h2239","sequence_family","type_sides_order","59","frequency","7","1","6","217","331","0.410876","0.719033","2","0","1","0","0"
"excluding_h2218_h2239","sequence_family","type_sides_order","59","object","7","1","6","217","331","0.410876","0.752266","2","0","1","0","0"
"excluding_h2218_h2239","sequence_family","type_sides_order","59","dimensions","7","1","6","217","331","0.371601","0.731118","2","0.392157","0.536765","0.107527","-0.039275"
"excluding_h2218_h2239","sequence_family","type_sides_order","59","side_context","7","1","6","217","331","0.380665","0.749245","2","0.176471","0.507353","0.419355","-0.030211"
"excluding_h2218_h2239","sequence_family","type_sides_order","60","frequency","7","1","6","209","331","0.410876","0.719033","2","0","1","0","0"
"excluding_h2218_h2239","sequence_family","type_sides_order","60","object","7","1","6","209","331","0.410876","0.752266","2","0","1","0","0"
"excluding_h2218_h2239","sequence_family","type_sides_order","60","dimensions","7","1","6","209","331","0.36858","0.716012","2","0.137255","0.617647","0.258065","-0.042296"
"excluding_h2218_h2239","sequence_family","type_sides_order","60","side_context","7","1","6","209","331","0.265861","0.703927","2","0","0.625","0.032258","-0.145015"
"excluding_h2218_h2239","sequence_family","type_sides_order","61","frequency","7","1","6","218","331","0.410876","0.719033","2","0","1","0","0"
"excluding_h2218_h2239","sequence_family","type_sides_order","61","object","7","1","6","218","331","0.410876","0.752266","2","0","1","0","0"
"excluding_h2218_h2239","sequence_family","type_sides_order","61","dimensions","7","1","6","218","331","0.34139","0.676737","2","0.147059","0.639706","0.11828","-0.069486"
"excluding_h2218_h2239","sequence_family","type_sides_order","61","side_context","7","1","6","218","331","0.34139","0.670695","2","0.088235","0.727941","0.053763","-0.069486"
"excluding_h2218_h2239","sequence_family","type_sides_order","62","frequency","7","1","6","225","331","0.410876","0.719033","2","0","1","0","0"
"excluding_h2218_h2239","sequence_family","type_sides_order","62","object","7","1","6","225","331","0.410876","0.752266","2","0","1","0","0"
"excluding_h2218_h2239","sequence_family","type_sides_order","62","dimensions","7","1","6","225","331","0.314199","0.643505","2","0.088235","0.632353","0.096774","-0.096677"
"excluding_h2218_h2239","sequence_family","type_sides_order","62","side_context","7","1","6","225","331","0.299094","0.703927","2","0.372549","0.426471","0.032258","-0.111782"
"excluding_h2218_h2239","sequence_family","type_sides_order","63","frequency","7","1","6","220","331","0.410876","0.719033","2","0","1","0","0"
"excluding_h2218_h2239","sequence_family","type_sides_order","63","object","7","1","6","220","331","0.410876","0.752266","2","0","1","0","0"
"excluding_h2218_h2239","sequence_family","type_sides_order","63","dimensions","7","1","6","220","331","0.335347","0.640483","2","0.107843","0.529412","0.301075","-0.075529"
"excluding_h2218_h2239","sequence_family","type_sides_order","63","side_context","7","1","6","220","331","0.356495","0.589124","2","0","0.654412","0.311828","-0.054381"
"excluding_h2218_h2239","sequence_family","type_sides_order","64","frequency","7","1","6","217","331","0.410876","0.719033","2","0","1","0","0"
"excluding_h2218_h2239","sequence_family","type_sides_order","64","object","7","1","6","217","331","0.410876","0.752266","2","0","1","0","0"
"excluding_h2218_h2239","sequence_family","type_sides_order","64","dimensions","7","1","6","217","331","0.293051","0.628399","2","0.088235","0.595588","0.075269","-0.117825"
"excluding_h2218_h2239","sequence_family","type_sides_order","64","side_context","7","1","6","217","331","0.386707","0.676737","2","0.098039","0.867647","0","-0.024169"
"excluding_h2218_h2239","sequence_family","type_sides_order","65","frequency","7","1","6","197","331","0.410876","0.719033","2","0","1","0","0"
"excluding_h2218_h2239","sequence_family","type_sides_order","65","object","7","1","6","197","331","0.410876","0.752266","2","0","1","0","0"
"excluding_h2218_h2239","sequence_family","type_sides_order","65","dimensions","7","1","6","197","331","0.359517","0.667674","2","0.186275","0.610294","0.182796","-0.05136"
"excluding_h2218_h2239","sequence_family","type_sides_order","65","side_context","7","1","6","197","331","0.356495","0.70997","2","0.352941","0.389706","0.311828","-0.054381"
"excluding_h2218_h2239","sequence_family","type_sides_order","66","frequency","7","1","6","197","331","0.410876","0.719033","2","0","1","0","0"
"excluding_h2218_h2239","sequence_family","type_sides_order","66","object","7","1","6","197","331","0.410876","0.752266","2","0","1","0","0"
"excluding_h2218_h2239","sequence_family","type_sides_order","66","dimensions","7","1","6","197","331","0.36858","0.688822","2","0.156863","0.573529","0.301075","-0.042296"
"excluding_h2218_h2239","sequence_family","type_sides_order","66","side_context","7","1","6","197","331","0.398792","0.685801","2","0.294118","0.75","0","-0.012085"
"excluding_h2218_h2239","sequence_family","type_sides_order","67","frequency","7","1","6","212","331","0.410876","0.719033","2","0","1","0","0"
"excluding_h2218_h2239","sequence_family","type_sides_order","67","object","7","1","6","212","331","0.410876","0.752266","2","0","1","0","0"
"excluding_h2218_h2239","sequence_family","type_sides_order","67","dimensions","7","1","6","212","331","0.305136","0.561934","2","0.196078","0.573529","0.032258","-0.10574"
"excluding_h2218_h2239","sequence_family","type_sides_order","67","side_context","7","1","6","212","331","0.401813","0.574018","2","0.303922","0.75","0","-0.009063"
"excluding_h2218_h2239","sequence_family","type_sides_order","68","frequency","7","1","6","208","331","0.410876","0.719033","2","0","1","0","0"
"excluding_h2218_h2239","sequence_family","type_sides_order","68","object","7","1","6","208","331","0.410876","0.752266","2","0","1","0","0"
"excluding_h2218_h2239","sequence_family","type_sides_order","68","dimensions","7","1","6","208","331","0.359517","0.643505","2","0.147059","0.683824","0.11828","-0.05136"
"excluding_h2218_h2239","sequence_family","type_sides_order","68","side_context","7","1","6","208","331","0.398792","0.676737","2","0","0.757353","0.311828","-0.012085"
"excluding_h2218_h2239","sequence_family","type_sides_order","69","frequency","7","1","6","210","331","0.410876","0.719033","2","0","1","0","0"
"excluding_h2218_h2239","sequence_family","type_sides_order","69","object","7","1","6","210","331","0.410876","0.752266","2","0","1","0","0"
"excluding_h2218_h2239","sequence_family","type_sides_order","69","dimensions","7","1","6","210","331","0.350453","0.719033","2","0.078431","0.647059","0.215054","-0.060423"
"excluding_h2218_h2239","sequence_family","type_sides_order","69","side_context","7","1","6","210","331","0.287009","0.613293","2","0.068627","0.632353","0.021505","-0.123867"
"excluding_h2218_h2239","sequence_family","type_sides_order","70","frequency","7","1","6","202","331","0.410876","0.719033","2","0","1","0","0"
"excluding_h2218_h2239","sequence_family","type_sides_order","70","object","7","1","6","202","331","0.410876","0.752266","2","0","1","0","0"
"excluding_h2218_h2239","sequence_family","type_sides_order","70","dimensions","7","1","6","202","331","0.371601","0.691843","2","0.5","0.477941","0.075269","-0.039275"
"excluding_h2218_h2239","sequence_family","type_sides_order","70","side_context","7","1","6","202","331","0.380665","0.752266","2","0.029412","0.654412","0.365591","-0.030211"
"excluding_h2218_h2239","sequence_family","type_sides_order","71","frequency","7","1","6","202","331","0.410876","0.719033","2","0","1","0","0"
"excluding_h2218_h2239","sequence_family","type_sides_order","71","object","7","1","6","202","331","0.410876","0.752266","2","0","1","0","0"
"excluding_h2218_h2239","sequence_family","type_sides_order","71","dimensions","7","1","6","202","331","0.347432","0.743202","2","0.294118","0.477941","0.215054","-0.063444"
"excluding_h2218_h2239","sequence_family","type_sides_order","71","side_context","7","1","6","202","331","0.36858","0.719033","2","0","0.897059","0","-0.042296"
"excluding_h2218_h2239","sequence_family","type_sides_order","72","frequency","7","1","6","205","331","0.410876","0.719033","2","0","1","0","0"
"excluding_h2218_h2239","sequence_family","type_sides_order","72","object","7","1","6","205","331","0.410876","0.752266","2","0","1","0","0"
"excluding_h2218_h2239","sequence_family","type_sides_order","72","dimensions","7","1","6","205","331","0.347432","0.73716","2","0.303922","0.426471","0.27957","-0.063444"
"excluding_h2218_h2239","sequence_family","type_sides_order","72","side_context","7","1","6","205","331","0.407855","0.725076","2","0.323529","0.75","0","-0.003021"
"excluding_h2218_h2239","sequence_family","type_sides_order","73","frequency","7","1","6","201","331","0.410876","0.719033","2","0","1","0","0"
"excluding_h2218_h2239","sequence_family","type_sides_order","73","object","7","1","6","201","331","0.410876","0.752266","2","0","1","0","0"
"excluding_h2218_h2239","sequence_family","type_sides_order","73","dimensions","7","1","6","201","331","0.311178","0.625378","2","0.27451","0.330882","0.322581","-0.099698"
"excluding_h2218_h2239","sequence_family","type_sides_order","73","side_context","7","1","6","201","331","0.435045","0.691843","2","0.392157","0.757353","0.010753","0.024169"
"excluding_h2218_h2239","sequence_family","type_sides_order","74","frequency","7","1","6","229","331","0.410876","0.719033","2","0","1","0","0"
"excluding_h2218_h2239","sequence_family","type_sides_order","74","object","7","1","6","229","331","0.410876","0.752266","2","0","1","0","0"
"excluding_h2218_h2239","sequence_family","type_sides_order","74","dimensions","7","1","6","229","331","0.362538","0.65861","2","0.27451","0.632353","0.064516","-0.048338"
"excluding_h2218_h2239","sequence_family","type_sides_order","74","side_context","7","1","6","229","331","0.305136","0.634441","2","0.04902","0.492647","0.311828","-0.10574"
"excluding_h2218_h2239","sequence_family","type_sides_order","75","frequency","7","1","6","201","331","0.410876","0.719033","2","0","1","0","0"
"excluding_h2218_h2239","sequence_family","type_sides_order","75","object","7","1","6","201","331","0.410876","0.752266","2","0","1","0","0"
"excluding_h2218_h2239","sequence_family","type_sides_order","75","dimensions","7","1","6","201","331","0.344411","0.712991","2","0.04902","0.691176","0.16129","-0.066465"
"excluding_h2218_h2239","sequence_family","type_sides_order","75","side_context","7","1","6","201","331","0.383686","0.685801","2","0.421569","0.610294","0.010753","-0.02719"
"excluding_h2218_h2239","sequence_family","type_sides_order","76","frequency","7","1","6","221","331","0.410876","0.719033","2","0","1","0","0"
"excluding_h2218_h2239","sequence_family","type_sides_order","76","object","7","1","6","221","331","0.410876","0.752266","2","0","1","0","0"
"excluding_h2218_h2239","sequence_family","type_sides_order","76","dimensions","7","1","6","221","331","0.329305","0.685801","2","0.323529","0.544118","0.021505","-0.081571"
"excluding_h2218_h2239","sequence_family","type_sides_order","76","side_context","7","1","6","221","331","0.362538","0.722054","2","0.313725","0.573529","0.107527","-0.048338"
"excluding_h2218_h2239","sequence_family","type_sides_order","77","frequency","7","1","6","207","331","0.410876","0.719033","2","0","1","0","0"
"excluding_h2218_h2239","sequence_family","type_sides_order","77","object","7","1","6","207","331","0.410876","0.752266","2","0","1","0","0"
"excluding_h2218_h2239","sequence_family","type_sides_order","77","dimensions","7","1","6","207","331","0.344411","0.700906","2","0.235294","0.514706","0.215054","-0.066465"
"excluding_h2218_h2239","sequence_family","type_sides_order","77","side_context","7","1","6","207","331","0.383686","0.722054","2","0","0.639706","0.430108","-0.02719"
"excluding_h2218_h2239","sequence_family","type_sides_order","78","frequency","7","1","6","217","331","0.410876","0.719033","2","0","1","0","0"
"excluding_h2218_h2239","sequence_family","type_sides_order","78","object","7","1","6","217","331","0.410876","0.752266","2","0","1","0","0"
"excluding_h2218_h2239","sequence_family","type_sides_order","78","dimensions","7","1","6","217","331","0.347432","0.743202","2","0.480392","0.426471","0.086022","-0.063444"
"excluding_h2218_h2239","sequence_family","type_sides_order","78","side_context","7","1","6","217","331","0.335347","0.70997","2","0.362745","0.455882","0.129032","-0.075529"
"excluding_h2218_h2239","sequence_family","type_sides_order","79","frequency","7","1","6","205","331","0.410876","0.719033","2","0","1","0","0"
"excluding_h2218_h2239","sequence_family","type_sides_order","79","object","7","1","6","205","331","0.410876","0.752266","2","0","1","0","0"
"excluding_h2218_h2239","sequence_family","type_sides_order","79","dimensions","7","1","6","205","331","0.329305","0.619335","2","0.058824","0.727941","0.043011","-0.081571"
"excluding_h2218_h2239","sequence_family","type_sides_order","79","side_context","7","1","6","205","331","0.401813","0.670695","2","0.313725","0.742647","0","-0.009063"
"excluding_h2218_h2239","sequence_family","type_sides_order","80","frequency","7","1","6","223","331","0.410876","0.719033","2","0","1","0","0"
"excluding_h2218_h2239","sequence_family","type_sides_order","80","object","7","1","6","223","331","0.410876","0.752266","2","0","1","0","0"
"excluding_h2218_h2239","sequence_family","type_sides_order","80","dimensions","7","1","6","223","331","0.380665","0.652568","2","0.254902","0.735294","0","-0.030211"
"excluding_h2218_h2239","sequence_family","type_sides_order","80","side_context","7","1","6","223","331","0.380665","0.685801","2","0.098039","0.735294","0.172043","-0.030211"
"excluding_h2218_h2239","sequence_family","type_sides_order","81","frequency","7","1","6","225","331","0.410876","0.719033","2","0","1","0","0"
"excluding_h2218_h2239","sequence_family","type_sides_order","81","object","7","1","6","225","331","0.410876","0.752266","2","0","1","0","0"
"excluding_h2218_h2239","sequence_family","type_sides_order","81","dimensions","7","1","6","225","331","0.392749","0.734139","2","0.117647","0.566176","0.44086","-0.018127"
"excluding_h2218_h2239","sequence_family","type_sides_order","81","side_context","7","1","6","225","331","0.271903","0.688822","2","0.215686","0.485294","0.021505","-0.138973"
"excluding_h2218_h2239","sequence_family","type_sides_order","82","frequency","7","1","6","227","331","0.410876","0.719033","2","0","1","0","0"
"excluding_h2218_h2239","sequence_family","type_sides_order","82","object","7","1","6","227","331","0.410876","0.752266","2","0","1","0","0"
"excluding_h2218_h2239","sequence_family","type_sides_order","82","dimensions","7","1","6","227","331","0.41994","0.740181","2","0.22549","0.727941","0.182796","0.009063"
"excluding_h2218_h2239","sequence_family","type_sides_order","82","side_context","7","1","6","227","331","0.274924","0.673716","2","0.019608","0.654412","0","-0.135952"
"excluding_h2218_h2239","sequence_family","type_sides_order","83","frequency","7","1","6","229","331","0.410876","0.719033","2","0","1","0","0"
"excluding_h2218_h2239","sequence_family","type_sides_order","83","object","7","1","6","229","331","0.410876","0.752266","2","0","1","0","0"
"excluding_h2218_h2239","sequence_family","type_sides_order","83","dimensions","7","1","6","229","331","0.299094","0.649547","2","0.039216","0.676471","0.032258","-0.111782"
"excluding_h2218_h2239","sequence_family","type_sides_order","83","side_context","7","1","6","229","331","0.39577","0.716012","2","0","0.963235","0","-0.015106"
"excluding_h2218_h2239","sequence_family","type_sides_order","84","frequency","7","1","6","205","331","0.410876","0.719033","2","0","1","0","0"
"excluding_h2218_h2239","sequence_family","type_sides_order","84","object","7","1","6","205","331","0.410876","0.752266","2","0","1","0","0"
"excluding_h2218_h2239","sequence_family","type_sides_order","84","dimensions","7","1","6","205","331","0.398792","0.685801","2","0.205882","0.632353","0.268817","-0.012085"
"excluding_h2218_h2239","sequence_family","type_sides_order","84","side_context","7","1","6","205","331","0.359517","0.755287","2","0.372549","0.330882","0.387097","-0.05136"
"excluding_h2218_h2239","sequence_family","type_sides_order","85","frequency","7","1","6","229","331","0.410876","0.719033","2","0","1","0","0"
"excluding_h2218_h2239","sequence_family","type_sides_order","85","object","7","1","6","229","331","0.410876","0.752266","2","0","1","0","0"
"excluding_h2218_h2239","sequence_family","type_sides_order","85","dimensions","7","1","6","229","331","0.344411","0.673716","2","0.205882","0.632353","0.075269","-0.066465"
"excluding_h2218_h2239","sequence_family","type_sides_order","85","side_context","7","1","6","229","331","0.250755","0.740181","2","0.019608","0.389706","0.301075","-0.160121"
"excluding_h2218_h2239","sequence_family","type_sides_order","86","frequency","7","1","6","207","331","0.410876","0.719033","2","0","1","0","0"
"excluding_h2218_h2239","sequence_family","type_sides_order","86","object","7","1","6","207","331","0.410876","0.752266","2","0","1","0","0"
"excluding_h2218_h2239","sequence_family","type_sides_order","86","dimensions","7","1","6","207","331","0.389728","0.688822","2","0.166667","0.713235","0.16129","-0.021148"
"excluding_h2218_h2239","sequence_family","type_sides_order","86","side_context","7","1","6","207","331","0.371601","0.719033","2","0.22549","0.470588","0.387097","-0.039275"
"excluding_h2218_h2239","sequence_family","type_sides_order","87","frequency","7","1","6","204","331","0.410876","0.719033","2","0","1","0","0"
"excluding_h2218_h2239","sequence_family","type_sides_order","87","object","7","1","6","204","331","0.410876","0.752266","2","0","1","0","0"
"excluding_h2218_h2239","sequence_family","type_sides_order","87","dimensions","7","1","6","204","331","0.380665","0.697885","2","0.205882","0.566176","0.301075","-0.030211"
"excluding_h2218_h2239","sequence_family","type_sides_order","87","side_context","7","1","6","204","331","0.389728","0.652568","2","0.392157","0.441176","0.311828","-0.021148"
"excluding_h2218_h2239","sequence_family","type_sides_order","88","frequency","7","1","6","211","331","0.410876","0.719033","2","0","1","0","0"
"excluding_h2218_h2239","sequence_family","type_sides_order","88","object","7","1","6","211","331","0.410876","0.752266","2","0","1","0","0"
"excluding_h2218_h2239","sequence_family","type_sides_order","88","dimensions","7","1","6","211","331","0.429003","0.697885","2","0.205882","0.720588","0.247312","0.018127"
"excluding_h2218_h2239","sequence_family","type_sides_order","88","side_context","7","1","6","211","331","0.320242","0.685801","2","0","0.404412","0.548387","-0.090634"
"excluding_h2218_h2239","sequence_family","type_sides_order","89","frequency","7","1","6","227","331","0.410876","0.719033","2","0","1","0","0"
"excluding_h2218_h2239","sequence_family","type_sides_order","89","object","7","1","6","227","331","0.410876","0.752266","2","0","1","0","0"
"excluding_h2218_h2239","sequence_family","type_sides_order","89","dimensions","7","1","6","227","331","0.356495","0.722054","2","0.27451","0.529412","0.193548","-0.054381"
"excluding_h2218_h2239","sequence_family","type_sides_order","89","side_context","7","1","6","227","331","0.271903","0.697885","2","0.009804","0.654412","0","-0.138973"
"excluding_h2218_h2239","sequence_family","type_sides_order","90","frequency","7","1","6","208","331","0.410876","0.719033","2","0","1","0","0"
"excluding_h2218_h2239","sequence_family","type_sides_order","90","object","7","1","6","208","331","0.410876","0.752266","2","0","1","0","0"
"excluding_h2218_h2239","sequence_family","type_sides_order","90","dimensions","7","1","6","208","331","0.34139","0.679758","2","0.264706","0.595588","0.053763","-0.069486"
"excluding_h2218_h2239","sequence_family","type_sides_order","90","side_context","7","1","6","208","331","0.404834","0.70997","2","0.470588","0.617647","0.021505","-0.006042"
"excluding_h2218_h2239","sequence_family","type_sides_order","91","frequency","7","1","6","207","331","0.410876","0.719033","2","0","1","0","0"
"excluding_h2218_h2239","sequence_family","type_sides_order","91","object","7","1","6","207","331","0.410876","0.752266","2","0","1","0","0"
"excluding_h2218_h2239","sequence_family","type_sides_order","91","dimensions","7","1","6","207","331","0.271903","0.592145","2","0.058824","0.551471","0.096774","-0.138973"
"excluding_h2218_h2239","sequence_family","type_sides_order","91","side_context","7","1","6","207","331","0.377644","0.60423","2","0.362745","0.647059","0","-0.033233"
"excluding_h2218_h2239","sequence_family","type_sides_order","92","frequency","7","1","6","215","331","0.410876","0.719033","2","0","1","0","0"
"excluding_h2218_h2239","sequence_family","type_sides_order","92","object","7","1","6","215","331","0.410876","0.752266","2","0","1","0","0"
"excluding_h2218_h2239","sequence_family","type_sides_order","92","dimensions","7","1","6","215","331","0.386707","0.691843","2","0.333333","0.617647","0.107527","-0.024169"
"excluding_h2218_h2239","sequence_family","type_sides_order","92","side_context","7","1","6","215","331","0.404834","0.655589","2","0","0.985294","0","-0.006042"
"excluding_h2218_h2239","sequence_family","type_sides_order","93","frequency","7","1","6","205","331","0.410876","0.719033","2","0","1","0","0"
"excluding_h2218_h2239","sequence_family","type_sides_order","93","object","7","1","6","205","331","0.410876","0.752266","2","0","1","0","0"
"excluding_h2218_h2239","sequence_family","type_sides_order","93","dimensions","7","1","6","205","331","0.429003","0.667674","2","0.401961","0.647059","0.139785","0.018127"
"excluding_h2218_h2239","sequence_family","type_sides_order","93","side_context","7","1","6","205","331","0.362538","0.700906","2","0.019608","0.867647","0","-0.048338"
"excluding_h2218_h2239","sequence_family","type_sides_order","94","frequency","7","1","6","205","331","0.410876","0.719033","2","0","1","0","0"
"excluding_h2218_h2239","sequence_family","type_sides_order","94","object","7","1","6","205","331","0.410876","0.752266","2","0","1","0","0"
"excluding_h2218_h2239","sequence_family","type_sides_order","94","dimensions","7","1","6","205","331","0.320242","0.649547","2","0.186275","0.470588","0.247312","-0.090634"
"excluding_h2218_h2239","sequence_family","type_sides_order","94","side_context","7","1","6","205","331","0.302115","0.731118","2","0.215686","0.566176","0.010753","-0.108761"
"excluding_h2218_h2239","sequence_family","type_sides_order","95","frequency","7","1","6","214","331","0.410876","0.719033","2","0","1","0","0"
"excluding_h2218_h2239","sequence_family","type_sides_order","95","object","7","1","6","214","331","0.410876","0.752266","2","0","1","0","0"
"excluding_h2218_h2239","sequence_family","type_sides_order","95","dimensions","7","1","6","214","331","0.344411","0.73716","2","0.343137","0.566176","0.021505","-0.066465"
"excluding_h2218_h2239","sequence_family","type_sides_order","95","side_context","7","1","6","214","331","0.287009","0.637462","2","0","0.698529","0","-0.123867"
"excluding_h2218_h2239","sequence_family","type_sides_order","96","frequency","7","1","6","216","331","0.410876","0.719033","2","0","1","0","0"
"excluding_h2218_h2239","sequence_family","type_sides_order","96","object","7","1","6","216","331","0.410876","0.752266","2","0","1","0","0"
"excluding_h2218_h2239","sequence_family","type_sides_order","96","dimensions","7","1","6","216","331","0.398792","0.679758","2","0.558824","0.492647","0.086022","-0.012085"
"excluding_h2218_h2239","sequence_family","type_sides_order","96","side_context","7","1","6","216","331","0.359517","0.682779","2","0.362745","0.441176","0.236559","-0.05136"
"excluding_h2218_h2239","sequence_family","type_sides_order","97","frequency","7","1","6","220","331","0.410876","0.719033","2","0","1","0","0"
"excluding_h2218_h2239","sequence_family","type_sides_order","97","object","7","1","6","220","331","0.410876","0.752266","2","0","1","0","0"
"excluding_h2218_h2239","sequence_family","type_sides_order","97","dimensions","7","1","6","220","331","0.338369","0.679758","2","0.029412","0.625","0.258065","-0.072508"
"excluding_h2218_h2239","sequence_family","type_sides_order","97","side_context","7","1","6","220","331","0.302115","0.649547","2","0.22549","0.360294","0.301075","-0.108761"
"excluding_h2218_h2239","sequence_family","type_sides_order","98","frequency","7","1","6","221","331","0.410876","0.719033","2","0","1","0","0"
"excluding_h2218_h2239","sequence_family","type_sides_order","98","object","7","1","6","221","331","0.410876","0.752266","2","0","1","0","0"
"excluding_h2218_h2239","sequence_family","type_sides_order","98","dimensions","7","1","6","221","331","0.365559","0.646526","2","0.490196","0.404412","0.172043","-0.045317"
"excluding_h2218_h2239","sequence_family","type_sides_order","98","side_context","7","1","6","221","331","0.380665","0.619335","2","0","0.647059","0.408602","-0.030211"
"excluding_h2218_h2239","sequence_family","type_sides_order","99","frequency","7","1","6","209","331","0.410876","0.719033","2","0","1","0","0"
"excluding_h2218_h2239","sequence_family","type_sides_order","99","object","7","1","6","209","331","0.410876","0.752266","2","0","1","0","0"
"excluding_h2218_h2239","sequence_family","type_sides_order","99","dimensions","7","1","6","209","331","0.386707","0.722054","2","0.401961","0.566176","0.107527","-0.024169"
"excluding_h2218_h2239","sequence_family","type_sides_order","99","side_context","7","1","6","209","331","0.410876","0.73716","2","0.5","0.625","0","0"
"excluding_h2218_h2239","sequence_family","type_sides_order","100","frequency","7","1","6","202","331","0.410876","0.719033","2","0","1","0","0"
"excluding_h2218_h2239","sequence_family","type_sides_order","100","object","7","1","6","202","331","0.410876","0.752266","2","0","1","0","0"
"excluding_h2218_h2239","sequence_family","type_sides_order","100","dimensions","7","1","6","202","331","0.347432","0.685801","2","0.166667","0.551471","0.247312","-0.063444"
"excluding_h2218_h2239","sequence_family","type_sides_order","100","side_context","7","1","6","202","331","0.359517","0.685801","2","0.431373","0.551471","0","-0.05136"
"excluding_h2218_h2239","sequence_family","type_sides_order","101","frequency","7","1","6","217","331","0.410876","0.719033","2","0","1","0","0"
"excluding_h2218_h2239","sequence_family","type_sides_order","101","object","7","1","6","217","331","0.410876","0.752266","2","0","1","0","0"
"excluding_h2218_h2239","sequence_family","type_sides_order","101","dimensions","7","1","6","217","331","0.377644","0.679758","2","0.441176","0.529412","0.086022","-0.033233"
"excluding_h2218_h2239","sequence_family","type_sides_order","101","side_context","7","1","6","217","331","0.383686","0.740181","2","0.186275","0.698529","0.139785","-0.02719"
"excluding_h2218_h2239","sequence_family","type_sides_order","102","frequency","7","1","6","212","331","0.410876","0.719033","2","0","1","0","0"
"excluding_h2218_h2239","sequence_family","type_sides_order","102","object","7","1","6","212","331","0.410876","0.752266","2","0","1","0","0"
"excluding_h2218_h2239","sequence_family","type_sides_order","102","dimensions","7","1","6","212","331","0.335347","0.755287","2","0.509804","0.198529","0.344086","-0.075529"
"excluding_h2218_h2239","sequence_family","type_sides_order","102","side_context","7","1","6","212","331","0.398792","0.688822","2","0.372549","0.602941","0.129032","-0.012085"
"excluding_h2218_h2239","sequence_family","type_sides_order","103","frequency","7","1","6","222","331","0.410876","0.719033","2","0","1","0","0"
"excluding_h2218_h2239","sequence_family","type_sides_order","103","object","7","1","6","222","331","0.410876","0.752266","2","0","1","0","0"
"excluding_h2218_h2239","sequence_family","type_sides_order","103","dimensions","7","1","6","222","331","0.353474","0.779456","2","0.45098","0.272059","0.365591","-0.057402"
"excluding_h2218_h2239","sequence_family","type_sides_order","103","side_context","7","1","6","222","331","0.353474","0.706949","2","0.392157","0.352941","0.311828","-0.057402"
"excluding_h2218_h2239","sequence_family","type_sides_order","104","frequency","7","1","6","217","331","0.410876","0.719033","2","0","1","0","0"
"excluding_h2218_h2239","sequence_family","type_sides_order","104","object","7","1","6","217","331","0.410876","0.752266","2","0","1","0","0"
"excluding_h2218_h2239","sequence_family","type_sides_order","104","dimensions","7","1","6","217","331","0.256798","0.646526","2","0.029412","0.602941","0","-0.154079"
"excluding_h2218_h2239","sequence_family","type_sides_order","104","side_context","7","1","6","217","331","0.422961","0.722054","2","0.362745","0.757353","0","0.012085"
"excluding_h2218_h2239","sequence_family","type_sides_order","105","frequency","7","1","6","228","331","0.410876","0.719033","2","0","1","0","0"
"excluding_h2218_h2239","sequence_family","type_sides_order","105","object","7","1","6","228","331","0.410876","0.752266","2","0","1","0","0"
"excluding_h2218_h2239","sequence_family","type_sides_order","105","dimensions","7","1","6","228","331","0.41994","0.725076","2","0.519608","0.595588","0.053763","0.009063"
"excluding_h2218_h2239","sequence_family","type_sides_order","105","side_context","7","1","6","228","331","0.413897","0.70997","2","0.470588","0.654412","0","0.003021"
"excluding_h2218_h2239","sequence_family","type_sides_order","106","frequency","7","1","6","199","331","0.410876","0.719033","2","0","1","0","0"
"excluding_h2218_h2239","sequence_family","type_sides_order","106","object","7","1","6","199","331","0.410876","0.752266","2","0","1","0","0"
"excluding_h2218_h2239","sequence_family","type_sides_order","106","dimensions","7","1","6","199","331","0.311178","0.616314","2","0.205882","0.544118","0.086022","-0.099698"
"excluding_h2218_h2239","sequence_family","type_sides_order","106","side_context","7","1","6","199","331","0.232628","0.661631","2","0.127451","0.470588","0","-0.178248"
"excluding_h2218_h2239","sequence_family","type_sides_order","107","frequency","7","1","6","223","331","0.410876","0.719033","2","0","1","0","0"
"excluding_h2218_h2239","sequence_family","type_sides_order","107","object","7","1","6","223","331","0.410876","0.752266","2","0","1","0","0"
"excluding_h2218_h2239","sequence_family","type_sides_order","107","dimensions","7","1","6","223","331","0.314199","0.691843","2","0.186275","0.551471","0.107527","-0.096677"
"excluding_h2218_h2239","sequence_family","type_sides_order","107","side_context","7","1","6","223","331","0.380665","0.734139","2","0.5","0.536765","0.021505","-0.030211"
"excluding_h2218_h2239","sequence_family","type_sides_order","108","frequency","7","1","6","213","331","0.410876","0.719033","2","0","1","0","0"
"excluding_h2218_h2239","sequence_family","type_sides_order","108","object","7","1","6","213","331","0.410876","0.752266","2","0","1","0","0"
"excluding_h2218_h2239","sequence_family","type_sides_order","108","dimensions","7","1","6","213","331","0.380665","0.676737","2","0.215686","0.75","0.021505","-0.030211"
"excluding_h2218_h2239","sequence_family","type_sides_order","108","side_context","7","1","6","213","331","0.259819","0.758308","2","0.098039","0.345588","0.311828","-0.151057"
"excluding_h2218_h2239","sequence_family","type_sides_order","109","frequency","7","1","6","220","331","0.410876","0.719033","2","0","1","0","0"
"excluding_h2218_h2239","sequence_family","type_sides_order","109","object","7","1","6","220","331","0.410876","0.752266","2","0","1","0","0"
"excluding_h2218_h2239","sequence_family","type_sides_order","109","dimensions","7","1","6","220","331","0.36858","0.719033","2","0.333333","0.507353","0.204301","-0.042296"
"excluding_h2218_h2239","sequence_family","type_sides_order","109","side_context","7","1","6","220","331","0.362538","0.549849","2","0.284314","0.625","0.064516","-0.048338"
"excluding_h2218_h2239","sequence_family","type_sides_order","110","frequency","7","1","6","206","331","0.410876","0.719033","2","0","1","0","0"
"excluding_h2218_h2239","sequence_family","type_sides_order","110","object","7","1","6","206","331","0.410876","0.752266","2","0","1","0","0"
"excluding_h2218_h2239","sequence_family","type_sides_order","110","dimensions","7","1","6","206","331","0.401813","0.73716","2","0.254902","0.676471","0.16129","-0.009063"
"excluding_h2218_h2239","sequence_family","type_sides_order","110","side_context","7","1","6","206","331","0.265861","0.528701","2","0","0.639706","0.010753","-0.145015"
"excluding_h2218_h2239","sequence_family","type_sides_order","111","frequency","7","1","6","211","331","0.410876","0.719033","2","0","1","0","0"
"excluding_h2218_h2239","sequence_family","type_sides_order","111","object","7","1","6","211","331","0.410876","0.752266","2","0","1","0","0"
"excluding_h2218_h2239","sequence_family","type_sides_order","111","dimensions","7","1","6","211","331","0.398792","0.73716","2","0.303922","0.470588","0.397849","-0.012085"
"excluding_h2218_h2239","sequence_family","type_sides_order","111","side_context","7","1","6","211","331","0.335347","0.664653","2","0.411765","0.507353","0","-0.075529"
"excluding_h2218_h2239","sequence_family","type_sides_order","112","frequency","7","1","6","218","331","0.410876","0.719033","2","0","1","0","0"
"excluding_h2218_h2239","sequence_family","type_sides_order","112","object","7","1","6","218","331","0.410876","0.752266","2","0","1","0","0"
"excluding_h2218_h2239","sequence_family","type_sides_order","112","dimensions","7","1","6","218","331","0.296073","0.667674","2","0.254902","0.463235","0.096774","-0.114804"
"excluding_h2218_h2239","sequence_family","type_sides_order","112","side_context","7","1","6","218","331","0.407855","0.682779","2","0","0.757353","0.344086","-0.003021"
"excluding_h2218_h2239","sequence_family","type_sides_order","113","frequency","7","1","6","203","331","0.410876","0.719033","2","0","1","0","0"
"excluding_h2218_h2239","sequence_family","type_sides_order","113","object","7","1","6","203","331","0.410876","0.752266","2","0","1","0","0"
"excluding_h2218_h2239","sequence_family","type_sides_order","113","dimensions","7","1","6","203","331","0.392749","0.740181","2","0.27451","0.617647","0.193548","-0.018127"
"excluding_h2218_h2239","sequence_family","type_sides_order","113","side_context","7","1","6","203","331","0.413897","0.728097","2","0.401961","0.705882","0","0.003021"
"excluding_h2218_h2239","sequence_family","type_sides_order","114","frequency","7","1","6","215","331","0.410876","0.719033","2","0","1","0","0"
"excluding_h2218_h2239","sequence_family","type_sides_order","114","object","7","1","6","215","331","0.410876","0.752266","2","0","1","0","0"
"excluding_h2218_h2239","sequence_family","type_sides_order","114","dimensions","7","1","6","215","331","0.416918","0.767372","2","0.372549","0.558824","0.258065","0.006042"
"excluding_h2218_h2239","sequence_family","type_sides_order","114","side_context","7","1","6","215","331","0.365559","0.706949","2","0.284314","0.573529","0.150538","-0.045317"
"excluding_h2218_h2239","sequence_family","type_sides_order","115","frequency","7","1","6","195","331","0.410876","0.719033","2","0","1","0","0"
"excluding_h2218_h2239","sequence_family","type_sides_order","115","object","7","1","6","195","331","0.410876","0.752266","2","0","1","0","0"
"excluding_h2218_h2239","sequence_family","type_sides_order","115","dimensions","7","1","6","195","331","0.36858","0.728097","2","0.186275","0.492647","0.387097","-0.042296"
"excluding_h2218_h2239","sequence_family","type_sides_order","115","side_context","7","1","6","195","331","0.326284","0.664653","2","0.019608","0.602941","0.258065","-0.084592"
"excluding_h2218_h2239","sequence_family","type_sides_order","116","frequency","7","1","6","194","331","0.410876","0.719033","2","0","1","0","0"
"excluding_h2218_h2239","sequence_family","type_sides_order","116","object","7","1","6","194","331","0.410876","0.752266","2","0","1","0","0"
"excluding_h2218_h2239","sequence_family","type_sides_order","116","dimensions","7","1","6","194","331","0.453172","0.661631","2","0.392157","0.676471","0.193548","0.042296"
"excluding_h2218_h2239","sequence_family","type_sides_order","116","side_context","7","1","6","194","331","0.404834","0.703927","2","0","0.742647","0.354839","-0.006042"
"excluding_h2218_h2239","sequence_family","type_sides_order","117","frequency","7","1","6","209","331","0.410876","0.719033","2","0","1","0","0"
"excluding_h2218_h2239","sequence_family","type_sides_order","117","object","7","1","6","209","331","0.410876","0.752266","2","0","1","0","0"
"excluding_h2218_h2239","sequence_family","type_sides_order","117","dimensions","7","1","6","209","331","0.344411","0.637462","2","0.205882","0.683824","0","-0.066465"
"excluding_h2218_h2239","sequence_family","type_sides_order","117","side_context","7","1","6","209","331","0.344411","0.637462","2","0","0.838235","0","-0.066465"
"excluding_h2218_h2239","sequence_family","type_sides_order","118","frequency","7","1","6","213","331","0.410876","0.719033","2","0","1","0","0"
"excluding_h2218_h2239","sequence_family","type_sides_order","118","object","7","1","6","213","331","0.410876","0.752266","2","0","1","0","0"
"excluding_h2218_h2239","sequence_family","type_sides_order","118","dimensions","7","1","6","213","331","0.371601","0.65861","2","0.186275","0.558824","0.301075","-0.039275"
"excluding_h2218_h2239","sequence_family","type_sides_order","118","side_context","7","1","6","213","331","0.413897","0.685801","2","0","0.764706","0.354839","0.003021"
"excluding_h2218_h2239","sequence_family","type_sides_order","119","frequency","7","1","6","209","331","0.410876","0.719033","2","0","1","0","0"
"excluding_h2218_h2239","sequence_family","type_sides_order","119","object","7","1","6","209","331","0.410876","0.752266","2","0","1","0","0"
"excluding_h2218_h2239","sequence_family","type_sides_order","119","dimensions","7","1","6","209","331","0.329305","0.700906","2","0.27451","0.507353","0.129032","-0.081571"
"excluding_h2218_h2239","sequence_family","type_sides_order","119","side_context","7","1","6","209","331","0.287009","0.722054","2","0.362745","0.426471","0","-0.123867"
"excluding_h2218_h2239","sequence_family","type_sides_order","120","frequency","7","1","6","218","331","0.410876","0.719033","2","0","1","0","0"
"excluding_h2218_h2239","sequence_family","type_sides_order","120","object","7","1","6","218","331","0.410876","0.752266","2","0","1","0","0"
"excluding_h2218_h2239","sequence_family","type_sides_order","120","dimensions","7","1","6","218","331","0.413897","0.743202","2","0.029412","0.786765","0.290323","0.003021"
"excluding_h2218_h2239","sequence_family","type_sides_order","120","side_context","7","1","6","218","331","0.344411","0.76435","2","0.284314","0.330882","0.430108","-0.066465"
"excluding_h2218_h2239","sequence_family","type_sides_order","121","frequency","7","1","6","193","331","0.410876","0.719033","2","0","1","0","0"
"excluding_h2218_h2239","sequence_family","type_sides_order","121","object","7","1","6","193","331","0.410876","0.752266","2","0","1","0","0"
"excluding_h2218_h2239","sequence_family","type_sides_order","121","dimensions","7","1","6","193","331","0.36858","0.758308","2","0.45098","0.367647","0.27957","-0.042296"
"excluding_h2218_h2239","sequence_family","type_sides_order","121","side_context","7","1","6","193","331","0.401813","0.716012","2","0.176471","0.654412","0.27957","-0.009063"
"excluding_h2218_h2239","sequence_family","type_sides_order","122","frequency","7","1","6","219","331","0.410876","0.719033","2","0","1","0","0"
"excluding_h2218_h2239","sequence_family","type_sides_order","122","object","7","1","6","219","331","0.410876","0.752266","2","0","1","0","0"
"excluding_h2218_h2239","sequence_family","type_sides_order","122","dimensions","7","1","6","219","331","0.416918","0.670695","2","0.098039","0.779412","0.236559","0.006042"
"excluding_h2218_h2239","sequence_family","type_sides_order","122","side_context","7","1","6","219","331","0.380665","0.634441","2","0.441176","0.536765","0.086022","-0.030211"
"excluding_h2218_h2239","sequence_family","type_sides_order","123","frequency","7","1","6","218","331","0.410876","0.719033","2","0","1","0","0"
"excluding_h2218_h2239","sequence_family","type_sides_order","123","object","7","1","6","218","331","0.410876","0.752266","2","0","1","0","0"
"excluding_h2218_h2239","sequence_family","type_sides_order","123","dimensions","7","1","6","218","331","0.429003","0.694864","2","0.254902","0.647059","0.301075","0.018127"
"excluding_h2218_h2239","sequence_family","type_sides_order","123","side_context","7","1","6","218","331","0.338369","0.65861","2","0.196078","0.654412","0.032258","-0.072508"
"excluding_h2218_h2239","sequence_family","type_sides_order","124","frequency","7","1","6","216","331","0.410876","0.719033","2","0","1","0","0"
"excluding_h2218_h2239","sequence_family","type_sides_order","124","object","7","1","6","216","331","0.410876","0.752266","2","0","1","0","0"
"excluding_h2218_h2239","sequence_family","type_sides_order","124","dimensions","7","1","6","216","331","0.41994","0.716012","2","0.176471","0.632353","0.376344","0.009063"
"excluding_h2218_h2239","sequence_family","type_sides_order","124","side_context","7","1","6","216","331","0.359517","0.652568","2","0.078431","0.816176","0","-0.05136"
"excluding_h2218_h2239","sequence_family","type_sides_order","125","frequency","7","1","6","207","331","0.410876","0.719033","2","0","1","0","0"
"excluding_h2218_h2239","sequence_family","type_sides_order","125","object","7","1","6","207","331","0.410876","0.752266","2","0","1","0","0"
"excluding_h2218_h2239","sequence_family","type_sides_order","125","dimensions","7","1","6","207","331","0.283988","0.70997","2","0.058824","0.389706","0.376344","-0.126888"
"excluding_h2218_h2239","sequence_family","type_sides_order","125","side_context","7","1","6","207","331","0.429003","0.731118","2","0.54902","0.632353","0","0.018127"
"excluding_h2218_h2239","sequence_family","type_sides_order","126","frequency","7","1","6","198","331","0.410876","0.719033","2","0","1","0","0"
"excluding_h2218_h2239","sequence_family","type_sides_order","126","object","7","1","6","198","331","0.410876","0.752266","2","0","1","0","0"
"excluding_h2218_h2239","sequence_family","type_sides_order","126","dimensions","7","1","6","198","331","0.386707","0.70997","2","0.235294","0.470588","0.430108","-0.024169"
"excluding_h2218_h2239","sequence_family","type_sides_order","126","side_context","7","1","6","198","331","0.296073","0.679758","2","0.264706","0.522059","0","-0.114804"
"excluding_h2218_h2239","sequence_family","type_sides_order","127","frequency","7","1","6","204","331","0.410876","0.719033","2","0","1","0","0"
"excluding_h2218_h2239","sequence_family","type_sides_order","127","object","7","1","6","204","331","0.410876","0.752266","2","0","1","0","0"
"excluding_h2218_h2239","sequence_family","type_sides_order","127","dimensions","7","1","6","204","331","0.401813","0.722054","2","0.333333","0.544118","0.268817","-0.009063"
"excluding_h2218_h2239","sequence_family","type_sides_order","127","side_context","7","1","6","204","331","0.145015","0.694864","2","0","0.330882","0.032258","-0.265861"
"excluding_h2218_h2239","sequence_family","type_sides_order","128","frequency","7","1","6","198","331","0.410876","0.719033","2","0","1","0","0"
"excluding_h2218_h2239","sequence_family","type_sides_order","128","object","7","1","6","198","331","0.410876","0.752266","2","0","1","0","0"
"excluding_h2218_h2239","sequence_family","type_sides_order","128","dimensions","7","1","6","198","331","0.329305","0.706949","2","0.088235","0.470588","0.387097","-0.081571"
"excluding_h2218_h2239","sequence_family","type_sides_order","128","side_context","7","1","6","198","331","0.338369","0.725076","2","0","0.625","0.290323","-0.072508"
"excluding_h2218_h2239","sequence_family","type_sides_order","129","frequency","7","1","6","213","331","0.410876","0.719033","2","0","1","0","0"
"excluding_h2218_h2239","sequence_family","type_sides_order","129","object","7","1","6","213","331","0.410876","0.752266","2","0","1","0","0"
"excluding_h2218_h2239","sequence_family","type_sides_order","129","dimensions","7","1","6","213","331","0.362538","0.697885","2","0.22549","0.558824","0.225806","-0.048338"
"excluding_h2218_h2239","sequence_family","type_sides_order","129","side_context","7","1","6","213","331","0.350453","0.731118","2","0.215686","0.477941","0.311828","-0.060423"
"excluding_h2218_h2239","sequence_family","type_sides_order","130","frequency","7","1","6","210","331","0.410876","0.719033","2","0","1","0","0"
"excluding_h2218_h2239","sequence_family","type_sides_order","130","object","7","1","6","210","331","0.410876","0.752266","2","0","1","0","0"
"excluding_h2218_h2239","sequence_family","type_sides_order","130","dimensions","7","1","6","210","331","0.371601","0.706949","2","0.156863","0.632353","0.225806","-0.039275"
"excluding_h2218_h2239","sequence_family","type_sides_order","130","side_context","7","1","6","210","331","0.277946","0.731118","2","0.284314","0.426471","0.053763","-0.132931"
"excluding_h2218_h2239","sequence_family","type_sides_order","131","frequency","7","1","6","207","331","0.410876","0.719033","2","0","1","0","0"
"excluding_h2218_h2239","sequence_family","type_sides_order","131","object","7","1","6","207","331","0.410876","0.752266","2","0","1","0","0"
"excluding_h2218_h2239","sequence_family","type_sides_order","131","dimensions","7","1","6","207","331","0.413897","0.682779","2","0.421569","0.595588","0.139785","0.003021"
"excluding_h2218_h2239","sequence_family","type_sides_order","131","side_context","7","1","6","207","331","0.356495","0.746224","2","0.441176","0.463235","0.107527","-0.054381"
"excluding_h2218_h2239","sequence_family","type_sides_order","132","frequency","7","1","6","202","331","0.410876","0.719033","2","0","1","0","0"
"excluding_h2218_h2239","sequence_family","type_sides_order","132","object","7","1","6","202","331","0.410876","0.752266","2","0","1","0","0"
"excluding_h2218_h2239","sequence_family","type_sides_order","132","dimensions","7","1","6","202","331","0.386707","0.734139","2","0.176471","0.580882","0.333333","-0.024169"
"excluding_h2218_h2239","sequence_family","type_sides_order","132","side_context","7","1","6","202","331","0.429003","0.73716","2","0.509804","0.661765","0","0.018127"
"excluding_h2218_h2239","sequence_family","type_sides_order","133","frequency","7","1","6","214","331","0.410876","0.719033","2","0","1","0","0"
"excluding_h2218_h2239","sequence_family","type_sides_order","133","object","7","1","6","214","331","0.410876","0.752266","2","0","1","0","0"
"excluding_h2218_h2239","sequence_family","type_sides_order","133","dimensions","7","1","6","214","331","0.365559","0.700906","2","0.323529","0.5","0.215054","-0.045317"
"excluding_h2218_h2239","sequence_family","type_sides_order","133","side_context","7","1","6","214","331","0.389728","0.731118","2","0.441176","0.514706","0.150538","-0.021148"
"excluding_h2218_h2239","sequence_family","type_sides_order","134","frequency","7","1","6","199","331","0.410876","0.719033","2","0","1","0","0"
"excluding_h2218_h2239","sequence_family","type_sides_order","134","object","7","1","6","199","331","0.410876","0.752266","2","0","1","0","0"
"excluding_h2218_h2239","sequence_family","type_sides_order","134","dimensions","7","1","6","199","331","0.374622","0.643505","2","0.196078","0.610294","0.225806","-0.036254"
"excluding_h2218_h2239","sequence_family","type_sides_order","134","side_context","7","1","6","199","331","0.407855","0.734139","2","0","0.794118","0.290323","-0.003021"
"excluding_h2218_h2239","sequence_family","type_sides_order","135","frequency","7","1","6","222","331","0.410876","0.719033","2","0","1","0","0"
"excluding_h2218_h2239","sequence_family","type_sides_order","135","object","7","1","6","222","331","0.410876","0.752266","2","0","1","0","0"
"excluding_h2218_h2239","sequence_family","type_sides_order","135","dimensions","7","1","6","222","331","0.296073","0.667674","2","0.088235","0.5","0.225806","-0.114804"
"excluding_h2218_h2239","sequence_family","type_sides_order","135","side_context","7","1","6","222","331","0.407855","0.728097","2","0.411765","0.463235","0.322581","-0.003021"
"excluding_h2218_h2239","sequence_family","type_sides_order","136","frequency","7","1","6","225","331","0.410876","0.719033","2","0","1","0","0"
"excluding_h2218_h2239","sequence_family","type_sides_order","136","object","7","1","6","225","331","0.410876","0.752266","2","0","1","0","0"
"excluding_h2218_h2239","sequence_family","type_sides_order","136","dimensions","7","1","6","225","331","0.268882","0.685801","2","0.186275","0.455882","0.086022","-0.141994"
"excluding_h2218_h2239","sequence_family","type_sides_order","136","side_context","7","1","6","225","331","0.377644","0.619335","2","0.313725","0.602941","0.11828","-0.033233"
"excluding_h2218_h2239","sequence_family","type_sides_order","137","frequency","7","1","6","208","331","0.410876","0.719033","2","0","1","0","0"
"excluding_h2218_h2239","sequence_family","type_sides_order","137","object","7","1","6","208","331","0.410876","0.752266","2","0","1","0","0"
"excluding_h2218_h2239","sequence_family","type_sides_order","137","dimensions","7","1","6","208","331","0.374622","0.691843","2","0.107843","0.588235","0.354839","-0.036254"
"excluding_h2218_h2239","sequence_family","type_sides_order","137","side_context","7","1","6","208","331","0.311178","0.731118","2","0.147059","0.411765","0.344086","-0.099698"
"excluding_h2218_h2239","sequence_family","type_sides_order","138","frequency","7","1","6","222","331","0.410876","0.719033","2","0","1","0","0"
"excluding_h2218_h2239","sequence_family","type_sides_order","138","object","7","1","6","222","331","0.410876","0.752266","2","0","1","0","0"
"excluding_h2218_h2239","sequence_family","type_sides_order","138","dimensions","7","1","6","222","331","0.353474","0.697885","2","0.22549","0.477941","0.311828","-0.057402"
"excluding_h2218_h2239","sequence_family","type_sides_order","138","side_context","7","1","6","222","331","0.410876","0.577039","2","0.323529","0.757353","0","0"
"excluding_h2218_h2239","sequence_family","type_sides_order","139","frequency","7","1","6","202","331","0.410876","0.719033","2","0","1","0","0"
"excluding_h2218_h2239","sequence_family","type_sides_order","139","object","7","1","6","202","331","0.410876","0.752266","2","0","1","0","0"
"excluding_h2218_h2239","sequence_family","type_sides_order","139","dimensions","7","1","6","202","331","0.332326","0.649547","2","0.235294","0.544118","0.129032","-0.07855"
"excluding_h2218_h2239","sequence_family","type_sides_order","139","side_context","7","1","6","202","331","0.380665","0.667674","2","0.372549","0.389706","0.376344","-0.030211"
"excluding_h2218_h2239","sequence_family","type_sides_order","140","frequency","7","1","6","208","331","0.410876","0.719033","2","0","1","0","0"
"excluding_h2218_h2239","sequence_family","type_sides_order","140","object","7","1","6","208","331","0.410876","0.752266","2","0","1","0","0"
"excluding_h2218_h2239","sequence_family","type_sides_order","140","dimensions","7","1","6","208","331","0.350453","0.758308","2","0.372549","0.5","0.107527","-0.060423"
"excluding_h2218_h2239","sequence_family","type_sides_order","140","side_context","7","1","6","208","331","0.347432","0.719033","2","0.303922","0.470588","0.215054","-0.063444"
"excluding_h2218_h2239","sequence_family","type_sides_order","141","frequency","7","1","6","222","331","0.410876","0.719033","2","0","1","0","0"
"excluding_h2218_h2239","sequence_family","type_sides_order","141","object","7","1","6","222","331","0.410876","0.752266","2","0","1","0","0"
"excluding_h2218_h2239","sequence_family","type_sides_order","141","dimensions","7","1","6","222","331","0.305136","0.685801","2","0.205882","0.441176","0.215054","-0.10574"
"excluding_h2218_h2239","sequence_family","type_sides_order","141","side_context","7","1","6","222","331","0.398792","0.731118","2","0.352941","0.426471","0.408602","-0.012085"
"excluding_h2218_h2239","sequence_family","type_sides_order","142","frequency","7","1","6","223","331","0.410876","0.719033","2","0","1","0","0"
"excluding_h2218_h2239","sequence_family","type_sides_order","142","object","7","1","6","223","331","0.410876","0.752266","2","0","1","0","0"
"excluding_h2218_h2239","sequence_family","type_sides_order","142","dimensions","7","1","6","223","331","0.374622","0.731118","2","0.470588","0.323529","0.344086","-0.036254"
"excluding_h2218_h2239","sequence_family","type_sides_order","142","side_context","7","1","6","223","331","0.283988","0.716012","2","0.019608","0.588235","0.129032","-0.126888"
"excluding_h2218_h2239","sequence_family","type_sides_order","143","frequency","7","1","6","208","331","0.410876","0.719033","2","0","1","0","0"
"excluding_h2218_h2239","sequence_family","type_sides_order","143","object","7","1","6","208","331","0.410876","0.752266","2","0","1","0","0"
"excluding_h2218_h2239","sequence_family","type_sides_order","143","dimensions","7","1","6","208","331","0.380665","0.640483","2","0.352941","0.536765","0.182796","-0.030211"
"excluding_h2218_h2239","sequence_family","type_sides_order","143","side_context","7","1","6","208","331","0.274924","0.483384","3","0","0.661765","0.010753","-0.135952"
"excluding_h2218_h2239","sequence_family","type_sides_order","144","frequency","7","1","6","203","331","0.410876","0.719033","2","0","1","0","0"
"excluding_h2218_h2239","sequence_family","type_sides_order","144","object","7","1","6","203","331","0.410876","0.752266","2","0","1","0","0"
"excluding_h2218_h2239","sequence_family","type_sides_order","144","dimensions","7","1","6","203","331","0.244713","0.664653","2","0.098039","0.338235","0.268817","-0.166163"
"excluding_h2218_h2239","sequence_family","type_sides_order","144","side_context","7","1","6","203","331","0.308157","0.76435","2","0.098039","0.389706","0.419355","-0.102719"
"excluding_h2218_h2239","sequence_family","type_sides_order","145","frequency","7","1","6","198","331","0.410876","0.719033","2","0","1","0","0"
"excluding_h2218_h2239","sequence_family","type_sides_order","145","object","7","1","6","198","331","0.410876","0.752266","2","0","1","0","0"
"excluding_h2218_h2239","sequence_family","type_sides_order","145","dimensions","7","1","6","198","331","0.374622","0.697885","2","0.411765","0.455882","0.215054","-0.036254"
"excluding_h2218_h2239","sequence_family","type_sides_order","145","side_context","7","1","6","198","331","0.335347","0.625378","2","0.009804","0.808824","0","-0.075529"
"excluding_h2218_h2239","sequence_family","type_sides_order","146","frequency","7","1","6","218","331","0.410876","0.719033","2","0","1","0","0"
"excluding_h2218_h2239","sequence_family","type_sides_order","146","object","7","1","6","218","331","0.410876","0.752266","2","0","1","0","0"
"excluding_h2218_h2239","sequence_family","type_sides_order","146","dimensions","7","1","6","218","331","0.344411","0.655589","2","0.22549","0.654412","0.021505","-0.066465"
"excluding_h2218_h2239","sequence_family","type_sides_order","146","side_context","7","1","6","218","331","0.305136","0.728097","2","0.009804","0.698529","0.053763","-0.10574"
"excluding_h2218_h2239","sequence_family","type_sides_order","147","frequency","7","1","6","197","331","0.410876","0.719033","2","0","1","0","0"
"excluding_h2218_h2239","sequence_family","type_sides_order","147","object","7","1","6","197","331","0.410876","0.752266","2","0","1","0","0"
"excluding_h2218_h2239","sequence_family","type_sides_order","147","dimensions","7","1","6","197","331","0.389728","0.697885","2","0.156863","0.654412","0.258065","-0.021148"
"excluding_h2218_h2239","sequence_family","type_sides_order","147","side_context","7","1","6","197","331","0.398792","0.755287","2","0.098039","0.544118","0.516129","-0.012085"
"excluding_h2218_h2239","sequence_family","type_sides_order","148","frequency","7","1","6","213","331","0.410876","0.719033","2","0","1","0","0"
"excluding_h2218_h2239","sequence_family","type_sides_order","148","object","7","1","6","213","331","0.410876","0.752266","2","0","1","0","0"
"excluding_h2218_h2239","sequence_family","type_sides_order","148","dimensions","7","1","6","213","331","0.287009","0.70997","2","0.156863","0.522059","0.086022","-0.123867"
"excluding_h2218_h2239","sequence_family","type_sides_order","148","side_context","7","1","6","213","331","0.380665","0.706949","2","0.372549","0.602941","0.064516","-0.030211"
"excluding_h2218_h2239","sequence_family","type_sides_order","149","frequency","7","1","6","191","331","0.410876","0.719033","2","0","1","0","0"
"excluding_h2218_h2239","sequence_family","type_sides_order","149","object","7","1","6","191","331","0.410876","0.752266","2","0","1","0","0"
"excluding_h2218_h2239","sequence_family","type_sides_order","149","dimensions","7","1","6","191","331","0.422961","0.691843","2","0.176471","0.764706","0.193548","0.012085"
"excluding_h2218_h2239","sequence_family","type_sides_order","149","side_context","7","1","6","191","331","0.374622","0.661631","2","0.294118","0.595588","0.139785","-0.036254"
"excluding_h2218_h2239","sequence_family","type_sides_order","150","frequency","7","1","6","232","331","0.410876","0.719033","2","0","1","0","0"
"excluding_h2218_h2239","sequence_family","type_sides_order","150","object","7","1","6","232","331","0.410876","0.752266","2","0","1","0","0"
"excluding_h2218_h2239","sequence_family","type_sides_order","150","dimensions","7","1","6","232","331","0.356495","0.770393","2","0.490196","0.264706","0.344086","-0.054381"
"excluding_h2218_h2239","sequence_family","type_sides_order","150","side_context","7","1","6","232","331","0.398792","0.722054","2","0","0.691176","0.408602","-0.012085"
"excluding_h2218_h2239","sequence_family","type_sides_order","151","frequency","7","1","6","209","331","0.410876","0.719033","2","0","1","0","0"
"excluding_h2218_h2239","sequence_family","type_sides_order","151","object","7","1","6","209","331","0.410876","0.752266","2","0","1","0","0"
"excluding_h2218_h2239","sequence_family","type_sides_order","151","dimensions","7","1","6","209","331","0.377644","0.694864","2","0.235294","0.625","0.172043","-0.033233"
"excluding_h2218_h2239","sequence_family","type_sides_order","151","side_context","7","1","6","209","331","0.380665","0.682779","2","0.421569","0.492647","0.172043","-0.030211"
"excluding_h2218_h2239","sequence_family","type_sides_order","152","frequency","7","1","6","211","331","0.410876","0.719033","2","0","1","0","0"
"excluding_h2218_h2239","sequence_family","type_sides_order","152","object","7","1","6","211","331","0.410876","0.752266","2","0","1","0","0"
"excluding_h2218_h2239","sequence_family","type_sides_order","152","dimensions","7","1","6","211","331","0.332326","0.634441","2","0.284314","0.551471","0.064516","-0.07855"
"excluding_h2218_h2239","sequence_family","type_sides_order","152","side_context","7","1","6","211","331","0.398792","0.734139","2","0.22549","0.632353","0.247312","-0.012085"
"excluding_h2218_h2239","sequence_family","type_sides_order","153","frequency","7","1","6","210","331","0.410876","0.719033","2","0","1","0","0"
"excluding_h2218_h2239","sequence_family","type_sides_order","153","object","7","1","6","210","331","0.410876","0.752266","2","0","1","0","0"
"excluding_h2218_h2239","sequence_family","type_sides_order","153","dimensions","7","1","6","210","331","0.29003","0.60423","2","0.04902","0.551471","0.172043","-0.120846"
"excluding_h2218_h2239","sequence_family","type_sides_order","153","side_context","7","1","6","210","331","0.362538","0.667674","2","0.009804","0.735294","0.204301","-0.048338"
"excluding_h2218_h2239","sequence_family","type_sides_order","154","frequency","7","1","6","224","331","0.410876","0.719033","2","0","1","0","0"
"excluding_h2218_h2239","sequence_family","type_sides_order","154","object","7","1","6","224","331","0.410876","0.752266","2","0","1","0","0"
"excluding_h2218_h2239","sequence_family","type_sides_order","154","dimensions","7","1","6","224","331","0.380665","0.731118","2","0.176471","0.610294","0.268817","-0.030211"
"excluding_h2218_h2239","sequence_family","type_sides_order","154","side_context","7","1","6","224","331","0.438066","0.682779","2","0.509804","0.683824","0","0.02719"
"excluding_h2218_h2239","sequence_family","type_sides_order","155","frequency","7","1","6","193","331","0.410876","0.719033","2","0","1","0","0"
"excluding_h2218_h2239","sequence_family","type_sides_order","155","object","7","1","6","193","331","0.410876","0.752266","2","0","1","0","0"
"excluding_h2218_h2239","sequence_family","type_sides_order","155","dimensions","7","1","6","193","331","0.365559","0.740181","2","0.284314","0.485294","0.27957","-0.045317"
"excluding_h2218_h2239","sequence_family","type_sides_order","155","side_context","7","1","6","193","331","0.326284","0.719033","2","0.019608","0.514706","0.387097","-0.084592"
"excluding_h2218_h2239","sequence_family","type_sides_order","156","frequency","7","1","6","211","331","0.410876","0.719033","2","0","1","0","0"
"excluding_h2218_h2239","sequence_family","type_sides_order","156","object","7","1","6","211","331","0.410876","0.752266","2","0","1","0","0"
"excluding_h2218_h2239","sequence_family","type_sides_order","156","dimensions","7","1","6","211","331","0.268882","0.703927","2","0.137255","0.485294","0.096774","-0.141994"
"excluding_h2218_h2239","sequence_family","type_sides_order","156","side_context","7","1","6","211","331","0.39577","0.725076","2","0.068627","0.727941","0.268817","-0.015106"
"excluding_h2218_h2239","sequence_family","type_sides_order","157","frequency","7","1","6","206","331","0.410876","0.719033","2","0","1","0","0"
"excluding_h2218_h2239","sequence_family","type_sides_order","157","object","7","1","6","206","331","0.410876","0.752266","2","0","1","0","0"
"excluding_h2218_h2239","sequence_family","type_sides_order","157","dimensions","7","1","6","206","331","0.332326","0.682779","2","0.088235","0.669118","0.107527","-0.07855"
"excluding_h2218_h2239","sequence_family","type_sides_order","157","side_context","7","1","6","206","331","0.302115","0.743202","2","0.009804","0.448529","0.408602","-0.108761"
"excluding_h2218_h2239","sequence_family","type_sides_order","158","frequency","7","1","6","202","331","0.410876","0.719033","2","0","1","0","0"
"excluding_h2218_h2239","sequence_family","type_sides_order","158","object","7","1","6","202","331","0.410876","0.752266","2","0","1","0","0"
"excluding_h2218_h2239","sequence_family","type_sides_order","158","dimensions","7","1","6","202","331","0.274924","0.728097","2","0.245098","0.308824","0.258065","-0.135952"
"excluding_h2218_h2239","sequence_family","type_sides_order","158","side_context","7","1","6","202","331","0.253776","0.734139","2","0.019608","0.426471","0.258065","-0.1571"
"excluding_h2218_h2239","sequence_family","type_sides_order","159","frequency","7","1","6","226","331","0.410876","0.719033","2","0","1","0","0"
"excluding_h2218_h2239","sequence_family","type_sides_order","159","object","7","1","6","226","331","0.410876","0.752266","2","0","1","0","0"
"excluding_h2218_h2239","sequence_family","type_sides_order","159","dimensions","7","1","6","226","331","0.329305","0.619335","2","0.029412","0.727941","0.075269","-0.081571"
"excluding_h2218_h2239","sequence_family","type_sides_order","159","side_context","7","1","6","226","331","0.365559","0.743202","2","0","0.617647","0.397849","-0.045317"
"excluding_h2218_h2239","sequence_family","type_sides_order","160","frequency","7","1","6","219","331","0.410876","0.719033","2","0","1","0","0"
"excluding_h2218_h2239","sequence_family","type_sides_order","160","object","7","1","6","219","331","0.410876","0.752266","2","0","1","0","0"
"excluding_h2218_h2239","sequence_family","type_sides_order","160","dimensions","7","1","6","219","331","0.323263","0.749245","2","0.176471","0.404412","0.365591","-0.087613"
"excluding_h2218_h2239","sequence_family","type_sides_order","160","side_context","7","1","6","219","331","0.444109","0.670695","2","0.245098","0.757353","0.204301","0.033233"
"excluding_h2218_h2239","sequence_family","type_sides_order","161","frequency","7","1","6","212","331","0.410876","0.719033","2","0","1","0","0"
"excluding_h2218_h2239","sequence_family","type_sides_order","161","object","7","1","6","212","331","0.410876","0.752266","2","0","1","0","0"
"excluding_h2218_h2239","sequence_family","type_sides_order","161","dimensions","7","1","6","212","331","0.44713","0.655589","2","0.205882","0.808824","0.182796","0.036254"
"excluding_h2218_h2239","sequence_family","type_sides_order","161","side_context","7","1","6","212","331","0.365559","0.740181","2","0.460784","0.544118","0","-0.045317"
"excluding_h2218_h2239","sequence_family","type_sides_order","162","frequency","7","1","6","212","331","0.410876","0.719033","2","0","1","0","0"
"excluding_h2218_h2239","sequence_family","type_sides_order","162","object","7","1","6","212","331","0.410876","0.752266","2","0","1","0","0"
"excluding_h2218_h2239","sequence_family","type_sides_order","162","dimensions","7","1","6","212","331","0.398792","0.716012","2","0.215686","0.808824","0","-0.012085"
"excluding_h2218_h2239","sequence_family","type_sides_order","162","side_context","7","1","6","212","331","0.320242","0.712991","2","0.45098","0.433824","0.010753","-0.090634"
"excluding_h2218_h2239","sequence_family","type_sides_order","163","frequency","7","1","6","221","331","0.410876","0.719033","2","0","1","0","0"
"excluding_h2218_h2239","sequence_family","type_sides_order","163","object","7","1","6","221","331","0.410876","0.752266","2","0","1","0","0"
"excluding_h2218_h2239","sequence_family","type_sides_order","163","dimensions","7","1","6","221","331","0.359517","0.712991","2","0.029412","0.625","0.333333","-0.05136"
"excluding_h2218_h2239","sequence_family","type_sides_order","163","side_context","7","1","6","221","331","0.389728","0.625378","2","0.058824","0.882353","0.032258","-0.021148"
"excluding_h2218_h2239","sequence_family","type_sides_order","164","frequency","7","1","6","212","331","0.410876","0.719033","2","0","1","0","0"
"excluding_h2218_h2239","sequence_family","type_sides_order","164","object","7","1","6","212","331","0.410876","0.752266","2","0","1","0","0"
"excluding_h2218_h2239","sequence_family","type_sides_order","164","dimensions","7","1","6","212","331","0.320242","0.564955","2","0.215686","0.419118","0.290323","-0.090634"
"excluding_h2218_h2239","sequence_family","type_sides_order","164","side_context","7","1","6","212","331","0.371601","0.70997","2","0.421569","0.588235","0","-0.039275"
"excluding_h2218_h2239","sequence_family","type_sides_order","165","frequency","7","1","6","223","331","0.410876","0.719033","2","0","1","0","0"
"excluding_h2218_h2239","sequence_family","type_sides_order","165","object","7","1","6","223","331","0.410876","0.752266","2","0","1","0","0"
"excluding_h2218_h2239","sequence_family","type_sides_order","165","dimensions","7","1","6","223","331","0.398792","0.740181","2","0.382353","0.463235","0.322581","-0.012085"
"excluding_h2218_h2239","sequence_family","type_sides_order","165","side_context","7","1","6","223","331","0.311178","0.697885","2","0.186275","0.610294","0.010753","-0.099698"
"excluding_h2218_h2239","sequence_family","type_sides_order","166","frequency","7","1","6","201","331","0.410876","0.719033","2","0","1","0","0"
"excluding_h2218_h2239","sequence_family","type_sides_order","166","object","7","1","6","201","331","0.410876","0.752266","2","0","1","0","0"
"excluding_h2218_h2239","sequence_family","type_sides_order","166","dimensions","7","1","6","201","331","0.287009","0.652568","2","0.186275","0.433824","0.182796","-0.123867"
"excluding_h2218_h2239","sequence_family","type_sides_order","166","side_context","7","1","6","201","331","0.416918","0.619335","2","0.392157","0.720588","0","0.006042"
"excluding_h2218_h2239","sequence_family","type_sides_order","167","frequency","7","1","6","207","331","0.410876","0.719033","2","0","1","0","0"
"excluding_h2218_h2239","sequence_family","type_sides_order","167","object","7","1","6","207","331","0.410876","0.752266","2","0","1","0","0"
"excluding_h2218_h2239","sequence_family","type_sides_order","167","dimensions","7","1","6","207","331","0.432024","0.755287","2","0.588235","0.492647","0.172043","0.021148"
"excluding_h2218_h2239","sequence_family","type_sides_order","167","side_context","7","1","6","207","331","0.353474","0.694864","2","0","0.580882","0.408602","-0.057402"
"excluding_h2218_h2239","sequence_family","type_sides_order","168","frequency","7","1","6","216","331","0.410876","0.719033","2","0","1","0","0"
"excluding_h2218_h2239","sequence_family","type_sides_order","168","object","7","1","6","216","331","0.410876","0.752266","2","0","1","0","0"
"excluding_h2218_h2239","sequence_family","type_sides_order","168","dimensions","7","1","6","216","331","0.392749","0.685801","2","0.401961","0.617647","0.053763","-0.018127"
"excluding_h2218_h2239","sequence_family","type_sides_order","168","side_context","7","1","6","216","331","0.271903","0.60423","2","0.009804","0.566176","0.129032","-0.138973"
"excluding_h2218_h2239","sequence_family","type_sides_order","169","frequency","7","1","6","224","331","0.410876","0.719033","2","0","1","0","0"
"excluding_h2218_h2239","sequence_family","type_sides_order","169","object","7","1","6","224","331","0.410876","0.752266","2","0","1","0","0"
"excluding_h2218_h2239","sequence_family","type_sides_order","169","dimensions","7","1","6","224","331","0.347432","0.667674","2","0.352941","0.5","0.11828","-0.063444"
"excluding_h2218_h2239","sequence_family","type_sides_order","169","side_context","7","1","6","224","331","0.365559","0.685801","2","0.009804","0.727941","0.225806","-0.045317"
"excluding_h2218_h2239","sequence_family","type_sides_order","170","frequency","7","1","6","219","331","0.410876","0.719033","2","0","1","0","0"
"excluding_h2218_h2239","sequence_family","type_sides_order","170","object","7","1","6","219","331","0.410876","0.752266","2","0","1","0","0"
"excluding_h2218_h2239","sequence_family","type_sides_order","170","dimensions","7","1","6","219","331","0.362538","0.661631","2","0.117647","0.485294","0.451613","-0.048338"
"excluding_h2218_h2239","sequence_family","type_sides_order","170","side_context","7","1","6","219","331","0.274924","0.73716","2","0.264706","0.463235","0.010753","-0.135952"
"excluding_h2218_h2239","sequence_family","type_sides_order","171","frequency","7","1","6","209","331","0.410876","0.719033","2","0","1","0","0"
"excluding_h2218_h2239","sequence_family","type_sides_order","171","object","7","1","6","209","331","0.410876","0.752266","2","0","1","0","0"
"excluding_h2218_h2239","sequence_family","type_sides_order","171","dimensions","7","1","6","209","331","0.392749","0.725076","2","0.45098","0.573529","0.064516","-0.018127"
"excluding_h2218_h2239","sequence_family","type_sides_order","171","side_context","7","1","6","209","331","0.299094","0.664653","2","0.04902","0.455882","0.344086","-0.111782"
"excluding_h2218_h2239","sequence_family","type_sides_order","172","frequency","7","1","6","215","331","0.410876","0.719033","2","0","1","0","0"
"excluding_h2218_h2239","sequence_family","type_sides_order","172","object","7","1","6","215","331","0.410876","0.752266","2","0","1","0","0"
"excluding_h2218_h2239","sequence_family","type_sides_order","172","dimensions","7","1","6","215","331","0.329305","0.613293","2","0.313725","0.566176","0","-0.081571"
"excluding_h2218_h2239","sequence_family","type_sides_order","172","side_context","7","1","6","215","331","0.314199","0.60423","2","0.294118","0.536765","0.010753","-0.096677"
"excluding_h2218_h2239","sequence_family","type_sides_order","173","frequency","7","1","6","203","331","0.410876","0.719033","2","0","1","0","0"
"excluding_h2218_h2239","sequence_family","type_sides_order","173","object","7","1","6","203","331","0.410876","0.752266","2","0","1","0","0"
"excluding_h2218_h2239","sequence_family","type_sides_order","173","dimensions","7","1","6","203","331","0.317221","0.706949","2","0.205882","0.573529","0.064516","-0.093656"
"excluding_h2218_h2239","sequence_family","type_sides_order","173","side_context","7","1","6","203","331","0.296073","0.743202","2","0.186275","0.536765","0.064516","-0.114804"
"excluding_h2218_h2239","sequence_family","type_sides_order","174","frequency","7","1","6","221","331","0.410876","0.719033","2","0","1","0","0"
"excluding_h2218_h2239","sequence_family","type_sides_order","174","object","7","1","6","221","331","0.410876","0.752266","2","0","1","0","0"
"excluding_h2218_h2239","sequence_family","type_sides_order","174","dimensions","7","1","6","221","331","0.36858","0.65861","2","0.245098","0.595588","0.172043","-0.042296"
"excluding_h2218_h2239","sequence_family","type_sides_order","174","side_context","7","1","6","221","331","0.401813","0.734139","2","0.156863","0.602941","0.376344","-0.009063"
"excluding_h2218_h2239","sequence_family","type_sides_order","175","frequency","7","1","6","207","331","0.410876","0.719033","2","0","1","0","0"
"excluding_h2218_h2239","sequence_family","type_sides_order","175","object","7","1","6","207","331","0.410876","0.752266","2","0","1","0","0"
"excluding_h2218_h2239","sequence_family","type_sides_order","175","dimensions","7","1","6","207","331","0.386707","0.70997","2","0.166667","0.551471","0.387097","-0.024169"
"excluding_h2218_h2239","sequence_family","type_sides_order","175","side_context","7","1","6","207","331","0.407855","0.685801","2","0","0.992647","0","-0.003021"
"excluding_h2218_h2239","sequence_family","type_sides_order","176","frequency","7","1","6","197","331","0.410876","0.719033","2","0","1","0","0"
"excluding_h2218_h2239","sequence_family","type_sides_order","176","object","7","1","6","197","331","0.410876","0.752266","2","0","1","0","0"
"excluding_h2218_h2239","sequence_family","type_sides_order","176","dimensions","7","1","6","197","331","0.389728","0.719033","2","0.27451","0.448529","0.430108","-0.021148"
"excluding_h2218_h2239","sequence_family","type_sides_order","176","side_context","7","1","6","197","331","0.26284","0.498489","3","0.362745","0.367647","0","-0.148036"
"excluding_h2218_h2239","sequence_family","type_sides_order","177","frequency","7","1","6","216","331","0.410876","0.719033","2","0","1","0","0"
"excluding_h2218_h2239","sequence_family","type_sides_order","177","object","7","1","6","216","331","0.410876","0.752266","2","0","1","0","0"
"excluding_h2218_h2239","sequence_family","type_sides_order","177","dimensions","7","1","6","216","331","0.347432","0.682779","2","0.117647","0.610294","0.215054","-0.063444"
"excluding_h2218_h2239","sequence_family","type_sides_order","177","side_context","7","1","6","216","331","0.34139","0.697885","2","0.264706","0.382353","0.365591","-0.069486"
"excluding_h2218_h2239","sequence_family","type_sides_order","178","frequency","7","1","6","211","331","0.410876","0.719033","2","0","1","0","0"
"excluding_h2218_h2239","sequence_family","type_sides_order","178","object","7","1","6","211","331","0.410876","0.752266","2","0","1","0","0"
"excluding_h2218_h2239","sequence_family","type_sides_order","178","dimensions","7","1","6","211","331","0.362538","0.673716","2","0.303922","0.507353","0.215054","-0.048338"
"excluding_h2218_h2239","sequence_family","type_sides_order","178","side_context","7","1","6","211","331","0.407855","0.676737","2","0.088235","0.764706","0.236559","-0.003021"
"excluding_h2218_h2239","sequence_family","type_sides_order","179","frequency","7","1","6","216","331","0.410876","0.719033","2","0","1","0","0"
"excluding_h2218_h2239","sequence_family","type_sides_order","179","object","7","1","6","216","331","0.410876","0.752266","2","0","1","0","0"
"excluding_h2218_h2239","sequence_family","type_sides_order","179","dimensions","7","1","6","216","331","0.365559","0.773414","2","0.490196","0.389706","0.193548","-0.045317"
"excluding_h2218_h2239","sequence_family","type_sides_order","179","side_context","7","1","6","216","331","0.356495","0.746224","2","0.696078","0.338235","0.010753","-0.054381"
"excluding_h2218_h2239","sequence_family","type_sides_order","180","frequency","7","1","6","195","331","0.410876","0.719033","2","0","1","0","0"
"excluding_h2218_h2239","sequence_family","type_sides_order","180","object","7","1","6","195","331","0.410876","0.752266","2","0","1","0","0"
"excluding_h2218_h2239","sequence_family","type_sides_order","180","dimensions","7","1","6","195","331","0.398792","0.70997","2","0.186275","0.823529","0.010753","-0.012085"
"excluding_h2218_h2239","sequence_family","type_sides_order","180","side_context","7","1","6","195","331","0.323263","0.743202","2","0.401961","0.404412","0.11828","-0.087613"
"excluding_h2218_h2239","sequence_family","type_sides_order","181","frequency","7","1","6","212","331","0.410876","0.719033","2","0","1","0","0"
"excluding_h2218_h2239","sequence_family","type_sides_order","181","object","7","1","6","212","331","0.410876","0.752266","2","0","1","0","0"
"excluding_h2218_h2239","sequence_family","type_sides_order","181","dimensions","7","1","6","212","331","0.392749","0.722054","2","0.215686","0.544118","0.365591","-0.018127"
"excluding_h2218_h2239","sequence_family","type_sides_order","181","side_context","7","1","6","212","331","0.404834","0.716012","2","0.245098","0.742647","0.086022","-0.006042"
"excluding_h2218_h2239","sequence_family","type_sides_order","182","frequency","7","1","6","217","331","0.410876","0.719033","2","0","1","0","0"
"excluding_h2218_h2239","sequence_family","type_sides_order","182","object","7","1","6","217","331","0.410876","0.752266","2","0","1","0","0"
"excluding_h2218_h2239","sequence_family","type_sides_order","182","dimensions","7","1","6","217","331","0.41994","0.728097","2","0.470588","0.632353","0.053763","0.009063"
"excluding_h2218_h2239","sequence_family","type_sides_order","182","side_context","7","1","6","217","331","0.265861","0.688822","2","0","0.617647","0.043011","-0.145015"
"excluding_h2218_h2239","sequence_family","type_sides_order","183","frequency","7","1","6","215","331","0.410876","0.719033","2","0","1","0","0"
"excluding_h2218_h2239","sequence_family","type_sides_order","183","object","7","1","6","215","331","0.410876","0.752266","2","0","1","0","0"
"excluding_h2218_h2239","sequence_family","type_sides_order","183","dimensions","7","1","6","215","331","0.380665","0.773414","2","0.490196","0.448529","0.16129","-0.030211"
"excluding_h2218_h2239","sequence_family","type_sides_order","183","side_context","7","1","6","215","331","0.407855","0.664653","2","0.205882","0.757353","0.11828","-0.003021"
"excluding_h2218_h2239","sequence_family","type_sides_order","184","frequency","7","1","6","205","331","0.410876","0.719033","2","0","1","0","0"
"excluding_h2218_h2239","sequence_family","type_sides_order","184","object","7","1","6","205","331","0.410876","0.752266","2","0","1","0","0"
"excluding_h2218_h2239","sequence_family","type_sides_order","184","dimensions","7","1","6","205","331","0.392749","0.703927","2","0.245098","0.610294","0.236559","-0.018127"
"excluding_h2218_h2239","sequence_family","type_sides_order","184","side_context","7","1","6","205","331","0.283988","0.725076","2","0.058824","0.647059","0","-0.126888"
"excluding_h2218_h2239","sequence_family","type_sides_order","185","frequency","7","1","6","217","331","0.410876","0.719033","2","0","1","0","0"
"excluding_h2218_h2239","sequence_family","type_sides_order","185","object","7","1","6","217","331","0.410876","0.752266","2","0","1","0","0"
"excluding_h2218_h2239","sequence_family","type_sides_order","185","dimensions","7","1","6","217","331","0.374622","0.646526","2","0.04902","0.654412","0.322581","-0.036254"
"excluding_h2218_h2239","sequence_family","type_sides_order","185","side_context","7","1","6","217","331","0.383686","0.703927","2","0.294118","0.492647","0.322581","-0.02719"
"excluding_h2218_h2239","sequence_family","type_sides_order","186","frequency","7","1","6","208","331","0.410876","0.719033","2","0","1","0","0"
"excluding_h2218_h2239","sequence_family","type_sides_order","186","object","7","1","6","208","331","0.410876","0.752266","2","0","1","0","0"
"excluding_h2218_h2239","sequence_family","type_sides_order","186","dimensions","7","1","6","208","331","0.383686","0.694864","2","0.27451","0.441176","0.419355","-0.02719"
"excluding_h2218_h2239","sequence_family","type_sides_order","186","side_context","7","1","6","208","331","0.244713","0.607251","2","0","0.507353","0.129032","-0.166163"
"excluding_h2218_h2239","sequence_family","type_sides_order","187","frequency","7","1","6","208","331","0.410876","0.719033","2","0","1","0","0"
"excluding_h2218_h2239","sequence_family","type_sides_order","187","object","7","1","6","208","331","0.410876","0.752266","2","0","1","0","0"
"excluding_h2218_h2239","sequence_family","type_sides_order","187","dimensions","7","1","6","208","331","0.389728","0.740181","2","0.166667","0.573529","0.365591","-0.021148"
"excluding_h2218_h2239","sequence_family","type_sides_order","187","side_context","7","1","6","208","331","0.425982","0.728097","2","0.343137","0.779412","0","0.015106"
"excluding_h2218_h2239","sequence_family","type_sides_order","188","frequency","7","1","6","205","331","0.410876","0.719033","2","0","1","0","0"
"excluding_h2218_h2239","sequence_family","type_sides_order","188","object","7","1","6","205","331","0.410876","0.752266","2","0","1","0","0"
"excluding_h2218_h2239","sequence_family","type_sides_order","188","dimensions","7","1","6","205","331","0.371601","0.646526","2","0.127451","0.742647","0.096774","-0.039275"
"excluding_h2218_h2239","sequence_family","type_sides_order","188","side_context","7","1","6","205","331","0.386707","0.682779","2","0.254902","0.75","0","-0.024169"
"excluding_h2218_h2239","sequence_family","type_sides_order","189","frequency","7","1","6","196","331","0.410876","0.719033","2","0","1","0","0"
"excluding_h2218_h2239","sequence_family","type_sides_order","189","object","7","1","6","196","331","0.410876","0.752266","2","0","1","0","0"
"excluding_h2218_h2239","sequence_family","type_sides_order","189","dimensions","7","1","6","196","331","0.377644","0.740181","2","0.343137","0.522059","0.204301","-0.033233"
"excluding_h2218_h2239","sequence_family","type_sides_order","189","side_context","7","1","6","196","331","0.392749","0.76435","2","0","0.735294","0.322581","-0.018127"
"excluding_h2218_h2239","sequence_family","type_sides_order","190","frequency","7","1","6","218","331","0.410876","0.719033","2","0","1","0","0"
"excluding_h2218_h2239","sequence_family","type_sides_order","190","object","7","1","6","218","331","0.410876","0.752266","2","0","1","0","0"
"excluding_h2218_h2239","sequence_family","type_sides_order","190","dimensions","7","1","6","218","331","0.371601","0.691843","2","0.411765","0.551471","0.064516","-0.039275"
"excluding_h2218_h2239","sequence_family","type_sides_order","190","side_context","7","1","6","218","331","0.383686","0.652568","2","0","0.75","0.268817","-0.02719"
"excluding_h2218_h2239","sequence_family","type_sides_order","191","frequency","7","1","6","206","331","0.410876","0.719033","2","0","1","0","0"
"excluding_h2218_h2239","sequence_family","type_sides_order","191","object","7","1","6","206","331","0.410876","0.752266","2","0","1","0","0"
"excluding_h2218_h2239","sequence_family","type_sides_order","191","dimensions","7","1","6","206","331","0.392749","0.691843","2","0.019608","0.742647","0.290323","-0.018127"
"excluding_h2218_h2239","sequence_family","type_sides_order","191","side_context","7","1","6","206","331","0.247734","0.688822","2","0.411765","0.257353","0.053763","-0.163142"
"excluding_h2218_h2239","sequence_family","type_sides_order","192","frequency","7","1","6","209","331","0.410876","0.719033","2","0","1","0","0"
"excluding_h2218_h2239","sequence_family","type_sides_order","192","object","7","1","6","209","331","0.410876","0.752266","2","0","1","0","0"
"excluding_h2218_h2239","sequence_family","type_sides_order","192","dimensions","7","1","6","209","331","0.362538","0.716012","2","0.205882","0.544118","0.268817","-0.048338"
"excluding_h2218_h2239","sequence_family","type_sides_order","192","side_context","7","1","6","209","331","0.365559","0.589124","2","0.04902","0.75","0.150538","-0.045317"
"excluding_h2218_h2239","sequence_family","type_sides_order","193","frequency","7","1","6","213","331","0.410876","0.719033","2","0","1","0","0"
"excluding_h2218_h2239","sequence_family","type_sides_order","193","object","7","1","6","213","331","0.410876","0.752266","2","0","1","0","0"
"excluding_h2218_h2239","sequence_family","type_sides_order","193","dimensions","7","1","6","213","331","0.314199","0.719033","2","0.372549","0.323529","0.236559","-0.096677"
"excluding_h2218_h2239","sequence_family","type_sides_order","193","side_context","7","1","6","213","331","0.274924","0.716012","2","0.215686","0.257353","0.365591","-0.135952"
"excluding_h2218_h2239","sequence_family","type_sides_order","194","frequency","7","1","6","219","331","0.410876","0.719033","2","0","1","0","0"
"excluding_h2218_h2239","sequence_family","type_sides_order","194","object","7","1","6","219","331","0.410876","0.752266","2","0","1","0","0"
"excluding_h2218_h2239","sequence_family","type_sides_order","194","dimensions","7","1","6","219","331","0.311178","0.589124","2","0.176471","0.602941","0.032258","-0.099698"
"excluding_h2218_h2239","sequence_family","type_sides_order","194","side_context","7","1","6","219","331","0.389728","0.703927","2","0","0.735294","0.311828","-0.021148"
"excluding_h2218_h2239","sequence_family","type_sides_order","195","frequency","7","1","6","206","331","0.410876","0.719033","2","0","1","0","0"
"excluding_h2218_h2239","sequence_family","type_sides_order","195","object","7","1","6","206","331","0.410876","0.752266","2","0","1","0","0"
"excluding_h2218_h2239","sequence_family","type_sides_order","195","dimensions","7","1","6","206","331","0.347432","0.740181","2","0.107843","0.448529","0.462366","-0.063444"
"excluding_h2218_h2239","sequence_family","type_sides_order","195","side_context","7","1","6","206","331","0.268882","0.734139","2","0.04902","0.573529","0.064516","-0.141994"
"excluding_h2218_h2239","sequence_family","type_sides_order","196","frequency","7","1","6","209","331","0.410876","0.719033","2","0","1","0","0"
"excluding_h2218_h2239","sequence_family","type_sides_order","196","object","7","1","6","209","331","0.410876","0.752266","2","0","1","0","0"
"excluding_h2218_h2239","sequence_family","type_sides_order","196","dimensions","7","1","6","209","331","0.410876","0.761329","2","0.27451","0.661765","0.193548","0"
"excluding_h2218_h2239","sequence_family","type_sides_order","196","side_context","7","1","6","209","331","0.253776","0.700906","2","0.009804","0.544118","0.096774","-0.1571"
"excluding_h2218_h2239","sequence_family","type_sides_order","197","frequency","7","1","6","222","331","0.410876","0.719033","2","0","1","0","0"
"excluding_h2218_h2239","sequence_family","type_sides_order","197","object","7","1","6","222","331","0.410876","0.752266","2","0","1","0","0"
"excluding_h2218_h2239","sequence_family","type_sides_order","197","dimensions","7","1","6","222","331","0.401813","0.673716","2","0.205882","0.536765","0.419355","-0.009063"
"excluding_h2218_h2239","sequence_family","type_sides_order","197","side_context","7","1","6","222","331","0.392749","0.613293","2","0.313725","0.720588","0","-0.018127"
"excluding_h2218_h2239","sequence_family","type_sides_order","198","frequency","7","1","6","202","331","0.410876","0.719033","2","0","1","0","0"
"excluding_h2218_h2239","sequence_family","type_sides_order","198","object","7","1","6","202","331","0.410876","0.752266","2","0","1","0","0"
"excluding_h2218_h2239","sequence_family","type_sides_order","198","dimensions","7","1","6","202","331","0.317221","0.643505","2","0.186275","0.522059","0.16129","-0.093656"
"excluding_h2218_h2239","sequence_family","type_sides_order","198","side_context","7","1","6","202","331","0.371601","0.676737","2","0.009804","0.897059","0","-0.039275"
"excluding_h2218_h2239","sequence_family","type_sides_order","199","frequency","7","1","6","213","331","0.410876","0.719033","2","0","1","0","0"
"excluding_h2218_h2239","sequence_family","type_sides_order","199","object","7","1","6","213","331","0.410876","0.752266","2","0","1","0","0"
"excluding_h2218_h2239","sequence_family","type_sides_order","199","dimensions","7","1","6","213","331","0.344411","0.685801","2","0.264706","0.602941","0.053763","-0.066465"
"excluding_h2218_h2239","sequence_family","type_sides_order","199","side_context","7","1","6","213","331","0.299094","0.743202","2","0.352941","0.463235","0","-0.111782"
"excluding_h2218_h2239","sequence_family","type_sides_order","200","frequency","7","1","6","213","331","0.410876","0.719033","2","0","1","0","0"
"excluding_h2218_h2239","sequence_family","type_sides_order","200","object","7","1","6","213","331","0.410876","0.752266","2","0","1","0","0"
"excluding_h2218_h2239","sequence_family","type_sides_order","200","dimensions","7","1","6","213","331","0.302115","0.716012","2","0.176471","0.507353","0.139785","-0.108761"
"excluding_h2218_h2239","sequence_family","type_sides_order","200","side_context","7","1","6","213","331","0.29003","0.70997","2","0.372549","0.397059","0.043011","-0.120846"
"excluding_h2218_h2239","sequence_family","type_sides_order_context","1","frequency","18","3","15","215","331","0.410876","0.719033","2","0","1","0","0"
"excluding_h2218_h2239","sequence_family","type_sides_order_context","1","object","18","3","15","215","331","0.410876","0.752266","2","0","1","0","0"
"excluding_h2218_h2239","sequence_family","type_sides_order_context","1","dimensions","18","3","15","215","331","0.404834","0.752266","2","0.313725","0.404412","0.505376","-0.006042"
"excluding_h2218_h2239","sequence_family","type_sides_order_context","1","side_context","18","3","15","215","331","0.407855","0.752266","2","0.205882","0.713235","0.182796","-0.003021"
"excluding_h2218_h2239","sequence_family","type_sides_order_context","2","frequency","18","3","15","214","331","0.410876","0.719033","2","0","1","0","0"
"excluding_h2218_h2239","sequence_family","type_sides_order_context","2","object","18","3","15","214","331","0.410876","0.752266","2","0","1","0","0"
"excluding_h2218_h2239","sequence_family","type_sides_order_context","2","dimensions","18","3","15","214","331","0.416918","0.731118","2","0.372549","0.485294","0.365591","0.006042"
"excluding_h2218_h2239","sequence_family","type_sides_order_context","2","side_context","18","3","15","214","331","0.296073","0.682779","2","0.088235","0.522059","0.193548","-0.114804"
"excluding_h2218_h2239","sequence_family","type_sides_order_context","3","frequency","18","3","15","197","331","0.410876","0.719033","2","0","1","0","0"
"excluding_h2218_h2239","sequence_family","type_sides_order_context","3","object","18","3","15","197","331","0.410876","0.752266","2","0","1","0","0"
"excluding_h2218_h2239","sequence_family","type_sides_order_context","3","dimensions","18","3","15","197","331","0.374622","0.65861","2","0.235294","0.551471","0.268817","-0.036254"
"excluding_h2218_h2239","sequence_family","type_sides_order_context","3","side_context","18","3","15","197","331","0.36858","0.755287","2","0.166667","0.647059","0.182796","-0.042296"
"excluding_h2218_h2239","sequence_family","type_sides_order_context","4","frequency","18","3","15","186","331","0.410876","0.719033","2","0","1","0","0"
"excluding_h2218_h2239","sequence_family","type_sides_order_context","4","object","18","3","15","186","331","0.410876","0.752266","2","0","1","0","0"
"excluding_h2218_h2239","sequence_family","type_sides_order_context","4","dimensions","18","3","15","186","331","0.407855","0.740181","2","0.147059","0.529412","0.516129","-0.003021"
"excluding_h2218_h2239","sequence_family","type_sides_order_context","4","side_context","18","3","15","186","331","0.404834","0.758308","2","0.205882","0.705882","0.182796","-0.006042"
"excluding_h2218_h2239","sequence_family","type_sides_order_context","5","frequency","18","3","15","216","331","0.410876","0.719033","2","0","1","0","0"
"excluding_h2218_h2239","sequence_family","type_sides_order_context","5","object","18","3","15","216","331","0.410876","0.752266","2","0","1","0","0"
"excluding_h2218_h2239","sequence_family","type_sides_order_context","5","dimensions","18","3","15","216","331","0.383686","0.712991","2","0.215686","0.558824","0.311828","-0.02719"
"excluding_h2218_h2239","sequence_family","type_sides_order_context","5","side_context","18","3","15","216","331","0.404834","0.770393","2","0.186275","0.720588","0.182796","-0.006042"
"excluding_h2218_h2239","sequence_family","type_sides_order_context","6","frequency","18","3","15","212","331","0.410876","0.719033","2","0","1","0","0"
"excluding_h2218_h2239","sequence_family","type_sides_order_context","6","object","18","3","15","212","331","0.410876","0.752266","2","0","1","0","0"
"excluding_h2218_h2239","sequence_family","type_sides_order_context","6","dimensions","18","3","15","212","331","0.347432","0.667674","2","0.372549","0.522059","0.064516","-0.063444"
"excluding_h2218_h2239","sequence_family","type_sides_order_context","6","side_context","18","3","15","212","331","0.410876","0.761329","2","0.196078","0.713235","0.204301","0"
"excluding_h2218_h2239","sequence_family","type_sides_order_context","7","frequency","18","3","15","195","331","0.410876","0.719033","2","0","1","0","0"
"excluding_h2218_h2239","sequence_family","type_sides_order_context","7","object","18","3","15","195","331","0.410876","0.752266","2","0","1","0","0"
"excluding_h2218_h2239","sequence_family","type_sides_order_context","7","dimensions","18","3","15","195","331","0.308157","0.628399","2","0.117647","0.595588","0.096774","-0.102719"
"excluding_h2218_h2239","sequence_family","type_sides_order_context","7","side_context","18","3","15","195","331","0.39577","0.73716","2","0.186275","0.698529","0.182796","-0.015106"
"excluding_h2218_h2239","sequence_family","type_sides_order_context","8","frequency","18","3","15","199","331","0.410876","0.719033","2","0","1","0","0"
"excluding_h2218_h2239","sequence_family","type_sides_order_context","8","object","18","3","15","199","331","0.410876","0.752266","2","0","1","0","0"
"excluding_h2218_h2239","sequence_family","type_sides_order_context","8","dimensions","18","3","15","199","331","0.305136","0.70997","2","0.009804","0.5","0.344086","-0.10574"
"excluding_h2218_h2239","sequence_family","type_sides_order_context","8","side_context","18","3","15","199","331","0.247734","0.706949","2","0.107843","0.433824","0.129032","-0.163142"
"excluding_h2218_h2239","sequence_family","type_sides_order_context","9","frequency","18","3","15","208","331","0.410876","0.719033","2","0","1","0","0"
"excluding_h2218_h2239","sequence_family","type_sides_order_context","9","object","18","3","15","208","331","0.410876","0.752266","2","0","1","0","0"
"excluding_h2218_h2239","sequence_family","type_sides_order_context","9","dimensions","18","3","15","208","331","0.353474","0.685801","2","0.392157","0.419118","0.215054","-0.057402"
"excluding_h2218_h2239","sequence_family","type_sides_order_context","9","side_context","18","3","15","208","331","0.377644","0.779456","2","0.176471","0.654412","0.193548","-0.033233"
"excluding_h2218_h2239","sequence_family","type_sides_order_context","10","frequency","18","3","15","207","331","0.410876","0.719033","2","0","1","0","0"
"excluding_h2218_h2239","sequence_family","type_sides_order_context","10","object","18","3","15","207","331","0.410876","0.752266","2","0","1","0","0"
"excluding_h2218_h2239","sequence_family","type_sides_order_context","10","dimensions","18","3","15","207","331","0.277946","0.670695","2","0.254902","0.455882","0.043011","-0.132931"
"excluding_h2218_h2239","sequence_family","type_sides_order_context","10","side_context","18","3","15","207","331","0.256798","0.712991","2","0.098039","0.389706","0.236559","-0.154079"
"excluding_h2218_h2239","sequence_family","type_sides_order_context","11","frequency","18","3","15","211","331","0.410876","0.719033","2","0","1","0","0"
"excluding_h2218_h2239","sequence_family","type_sides_order_context","11","object","18","3","15","211","331","0.410876","0.752266","2","0","1","0","0"
"excluding_h2218_h2239","sequence_family","type_sides_order_context","11","dimensions","18","3","15","211","331","0.401813","0.73716","2","0.313725","0.676471","0.096774","-0.009063"
"excluding_h2218_h2239","sequence_family","type_sides_order_context","11","side_context","18","3","15","211","331","0.392749","0.758308","2","0.196078","0.683824","0.182796","-0.018127"
"excluding_h2218_h2239","sequence_family","type_sides_order_context","12","frequency","18","3","15","203","331","0.410876","0.719033","2","0","1","0","0"
"excluding_h2218_h2239","sequence_family","type_sides_order_context","12","object","18","3","15","203","331","0.410876","0.752266","2","0","1","0","0"
"excluding_h2218_h2239","sequence_family","type_sides_order_context","12","dimensions","18","3","15","203","331","0.377644","0.619335","2","0.294118","0.632353","0.096774","-0.033233"
"excluding_h2218_h2239","sequence_family","type_sides_order_context","12","side_context","18","3","15","203","331","0.296073","0.743202","2","0.186275","0.433824","0.215054","-0.114804"
"excluding_h2218_h2239","sequence_family","type_sides_order_context","13","frequency","18","3","15","206","331","0.410876","0.719033","2","0","1","0","0"
"excluding_h2218_h2239","sequence_family","type_sides_order_context","13","object","18","3","15","206","331","0.410876","0.752266","2","0","1","0","0"
"excluding_h2218_h2239","sequence_family","type_sides_order_context","13","dimensions","18","3","15","206","331","0.29003","0.703927","2","0.019608","0.536765","0.225806","-0.120846"
"excluding_h2218_h2239","sequence_family","type_sides_order_context","13","side_context","18","3","15","206","331","0.380665","0.716012","2","0.186275","0.647059","0.204301","-0.030211"
"excluding_h2218_h2239","sequence_family","type_sides_order_context","14","frequency","18","3","15","214","331","0.410876","0.719033","2","0","1","0","0"
"excluding_h2218_h2239","sequence_family","type_sides_order_context","14","object","18","3","15","214","331","0.410876","0.752266","2","0","1","0","0"
"excluding_h2218_h2239","sequence_family","type_sides_order_context","14","dimensions","18","3","15","214","331","0.374622","0.719033","2","0.264706","0.669118","0.064516","-0.036254"
"excluding_h2218_h2239","sequence_family","type_sides_order_context","14","side_context","18","3","15","214","331","0.36858","0.634441","2","0.156863","0.404412","0.548387","-0.042296"
"excluding_h2218_h2239","sequence_family","type_sides_order_context","15","frequency","18","3","15","213","331","0.410876","0.719033","2","0","1","0","0"
"excluding_h2218_h2239","sequence_family","type_sides_order_context","15","object","18","3","15","213","331","0.410876","0.752266","2","0","1","0","0"
"excluding_h2218_h2239","sequence_family","type_sides_order_context","15","dimensions","18","3","15","213","331","0.374622","0.664653","2","0.264706","0.514706","0.290323","-0.036254"
"excluding_h2218_h2239","sequence_family","type_sides_order_context","15","side_context","18","3","15","213","331","0.410876","0.676737","2","0.215686","0.713235","0.182796","0"
"excluding_h2218_h2239","sequence_family","type_sides_order_context","16","frequency","18","3","15","206","331","0.410876","0.719033","2","0","1","0","0"
"excluding_h2218_h2239","sequence_family","type_sides_order_context","16","object","18","3","15","206","331","0.410876","0.752266","2","0","1","0","0"
"excluding_h2218_h2239","sequence_family","type_sides_order_context","16","dimensions","18","3","15","206","331","0.404834","0.746224","2","0.411765","0.544118","0.193548","-0.006042"
"excluding_h2218_h2239","sequence_family","type_sides_order_context","16","side_context","18","3","15","206","331","0.398792","0.761329","2","0.205882","0.676471","0.204301","-0.012085"
"excluding_h2218_h2239","sequence_family","type_sides_order_context","17","frequency","18","3","15","216","331","0.410876","0.719033","2","0","1","0","0"
"excluding_h2218_h2239","sequence_family","type_sides_order_context","17","object","18","3","15","216","331","0.410876","0.752266","2","0","1","0","0"
"excluding_h2218_h2239","sequence_family","type_sides_order_context","17","dimensions","18","3","15","216","331","0.410876","0.743202","2","0.362745","0.448529","0.408602","0"
"excluding_h2218_h2239","sequence_family","type_sides_order_context","17","side_context","18","3","15","216","331","0.407855","0.746224","2","0.215686","0.705882","0.182796","-0.003021"
"excluding_h2218_h2239","sequence_family","type_sides_order_context","18","frequency","18","3","15","209","331","0.410876","0.719033","2","0","1","0","0"
"excluding_h2218_h2239","sequence_family","type_sides_order_context","18","object","18","3","15","209","331","0.410876","0.752266","2","0","1","0","0"
"excluding_h2218_h2239","sequence_family","type_sides_order_context","18","dimensions","18","3","15","209","331","0.359517","0.649547","2","0.166667","0.654412","0.139785","-0.05136"
"excluding_h2218_h2239","sequence_family","type_sides_order_context","18","side_context","18","3","15","209","331","0.374622","0.743202","2","0.117647","0.698529","0.182796","-0.036254"
"excluding_h2218_h2239","sequence_family","type_sides_order_context","19","frequency","18","3","15","205","331","0.410876","0.719033","2","0","1","0","0"
"excluding_h2218_h2239","sequence_family","type_sides_order_context","19","object","18","3","15","205","331","0.410876","0.752266","2","0","1","0","0"
"excluding_h2218_h2239","sequence_family","type_sides_order_context","19","dimensions","18","3","15","205","331","0.317221","0.607251","2","0.27451","0.433824","0.193548","-0.093656"
"excluding_h2218_h2239","sequence_family","type_sides_order_context","19","side_context","18","3","15","205","331","0.392749","0.746224","2","0.205882","0.654412","0.215054","-0.018127"
"excluding_h2218_h2239","sequence_family","type_sides_order_context","20","frequency","18","3","15","207","331","0.410876","0.719033","2","0","1","0","0"
"excluding_h2218_h2239","sequence_family","type_sides_order_context","20","object","18","3","15","207","331","0.410876","0.752266","2","0","1","0","0"
"excluding_h2218_h2239","sequence_family","type_sides_order_context","20","dimensions","18","3","15","207","331","0.386707","0.682779","2","0.313725","0.610294","0.139785","-0.024169"
"excluding_h2218_h2239","sequence_family","type_sides_order_context","20","side_context","18","3","15","207","331","0.398792","0.773414","2","0.186275","0.448529","0.55914","-0.012085"
"excluding_h2218_h2239","sequence_family","type_sides_order_context","21","frequency","18","3","15","197","331","0.410876","0.719033","2","0","1","0","0"
"excluding_h2218_h2239","sequence_family","type_sides_order_context","21","object","18","3","15","197","331","0.410876","0.752266","2","0","1","0","0"
"excluding_h2218_h2239","sequence_family","type_sides_order_context","21","dimensions","18","3","15","197","331","0.371601","0.722054","2","0.098039","0.492647","0.494624","-0.039275"
"excluding_h2218_h2239","sequence_family","type_sides_order_context","21","side_context","18","3","15","197","331","0.389728","0.749245","2","0.137255","0.720588","0.182796","-0.021148"
"excluding_h2218_h2239","sequence_family","type_sides_order_context","22","frequency","18","3","15","208","331","0.410876","0.719033","2","0","1","0","0"
"excluding_h2218_h2239","sequence_family","type_sides_order_context","22","object","18","3","15","208","331","0.410876","0.752266","2","0","1","0","0"
"excluding_h2218_h2239","sequence_family","type_sides_order_context","22","dimensions","18","3","15","208","331","0.36858","0.722054","2","0.411765","0.580882","0.010753","-0.042296"
"excluding_h2218_h2239","sequence_family","type_sides_order_context","22","side_context","18","3","15","208","331","0.398792","0.755287","2","0.186275","0.705882","0.182796","-0.012085"
"excluding_h2218_h2239","sequence_family","type_sides_order_context","23","frequency","18","3","15","202","331","0.410876","0.719033","2","0","1","0","0"
"excluding_h2218_h2239","sequence_family","type_sides_order_context","23","object","18","3","15","202","331","0.410876","0.752266","2","0","1","0","0"
"excluding_h2218_h2239","sequence_family","type_sides_order_context","23","dimensions","18","3","15","202","331","0.371601","0.661631","2","0.401961","0.463235","0.204301","-0.039275"
"excluding_h2218_h2239","sequence_family","type_sides_order_context","23","side_context","18","3","15","202","331","0.389728","0.752266","2","0.480392","0.463235","0.182796","-0.021148"
"excluding_h2218_h2239","sequence_family","type_sides_order_context","24","frequency","18","3","15","216","331","0.410876","0.719033","2","0","1","0","0"
"excluding_h2218_h2239","sequence_family","type_sides_order_context","24","object","18","3","15","216","331","0.410876","0.752266","2","0","1","0","0"
"excluding_h2218_h2239","sequence_family","type_sides_order_context","24","dimensions","18","3","15","216","331","0.347432","0.688822","2","0.058824","0.639706","0.236559","-0.063444"
"excluding_h2218_h2239","sequence_family","type_sides_order_context","24","side_context","18","3","15","216","331","0.350453","0.679758","2","0.147059","0.419118","0.473118","-0.060423"
"excluding_h2218_h2239","sequence_family","type_sides_order_context","25","frequency","18","3","15","199","331","0.410876","0.719033","2","0","1","0","0"
"excluding_h2218_h2239","sequence_family","type_sides_order_context","25","object","18","3","15","199","331","0.410876","0.752266","2","0","1","0","0"
"excluding_h2218_h2239","sequence_family","type_sides_order_context","25","dimensions","18","3","15","199","331","0.308157","0.728097","2","0.235294","0.419118","0.225806","-0.102719"
"excluding_h2218_h2239","sequence_family","type_sides_order_context","25","side_context","18","3","15","199","331","0.392749","0.691843","2","0.166667","0.691176","0.204301","-0.018127"
"excluding_h2218_h2239","sequence_family","type_sides_order_context","26","frequency","18","3","15","202","331","0.410876","0.719033","2","0","1","0","0"
"excluding_h2218_h2239","sequence_family","type_sides_order_context","26","object","18","3","15","202","331","0.410876","0.752266","2","0","1","0","0"
"excluding_h2218_h2239","sequence_family","type_sides_order_context","26","dimensions","18","3","15","202","331","0.320242","0.752266","2","0.284314","0.375","0.27957","-0.090634"
"excluding_h2218_h2239","sequence_family","type_sides_order_context","26","side_context","18","3","15","202","331","0.383686","0.755287","2","0.480392","0.448529","0.182796","-0.02719"
"excluding_h2218_h2239","sequence_family","type_sides_order_context","27","frequency","18","3","15","190","331","0.410876","0.719033","2","0","1","0","0"
"excluding_h2218_h2239","sequence_family","type_sides_order_context","27","object","18","3","15","190","331","0.410876","0.752266","2","0","1","0","0"
"excluding_h2218_h2239","sequence_family","type_sides_order_context","27","dimensions","18","3","15","190","331","0.296073","0.746224","2","0.284314","0.375","0.193548","-0.114804"
"excluding_h2218_h2239","sequence_family","type_sides_order_context","27","side_context","18","3","15","190","331","0.383686","0.755287","2","0.137255","0.705882","0.182796","-0.02719"
"excluding_h2218_h2239","sequence_family","type_sides_order_context","28","frequency","18","3","15","214","331","0.410876","0.719033","2","0","1","0","0"
"excluding_h2218_h2239","sequence_family","type_sides_order_context","28","object","18","3","15","214","331","0.410876","0.752266","2","0","1","0","0"
"excluding_h2218_h2239","sequence_family","type_sides_order_context","28","dimensions","18","3","15","214","331","0.335347","0.685801","2","0.264706","0.529412","0.129032","-0.075529"
"excluding_h2218_h2239","sequence_family","type_sides_order_context","28","side_context","18","3","15","214","331","0.26284","0.731118","2","0.117647","0.419118","0.193548","-0.148036"
"excluding_h2218_h2239","sequence_family","type_sides_order_context","29","frequency","18","3","15","201","331","0.410876","0.719033","2","0","1","0","0"
"excluding_h2218_h2239","sequence_family","type_sides_order_context","29","object","18","3","15","201","331","0.410876","0.752266","2","0","1","0","0"
"excluding_h2218_h2239","sequence_family","type_sides_order_context","29","dimensions","18","3","15","201","331","0.407855","0.682779","2","0.303922","0.610294","0.225806","-0.003021"
"excluding_h2218_h2239","sequence_family","type_sides_order_context","29","side_context","18","3","15","201","331","0.401813","0.758308","2","0.186275","0.713235","0.182796","-0.009063"
"excluding_h2218_h2239","sequence_family","type_sides_order_context","30","frequency","18","3","15","208","331","0.410876","0.719033","2","0","1","0","0"
"excluding_h2218_h2239","sequence_family","type_sides_order_context","30","object","18","3","15","208","331","0.410876","0.752266","2","0","1","0","0"
"excluding_h2218_h2239","sequence_family","type_sides_order_context","30","dimensions","18","3","15","208","331","0.359517","0.767372","2","0.460784","0.308824","0.322581","-0.05136"
"excluding_h2218_h2239","sequence_family","type_sides_order_context","30","side_context","18","3","15","208","331","0.359517","0.65861","2","0.147059","0.639706","0.182796","-0.05136"
"excluding_h2218_h2239","sequence_family","type_sides_order_context","31","frequency","18","3","15","199","331","0.410876","0.719033","2","0","1","0","0"
"excluding_h2218_h2239","sequence_family","type_sides_order_context","31","object","18","3","15","199","331","0.410876","0.752266","2","0","1","0","0"
"excluding_h2218_h2239","sequence_family","type_sides_order_context","31","dimensions","18","3","15","199","331","0.407855","0.716012","2","0.235294","0.698529","0.172043","-0.003021"
"excluding_h2218_h2239","sequence_family","type_sides_order_context","31","side_context","18","3","15","199","331","0.350453","0.758308","2","0.401961","0.426471","0.182796","-0.060423"
"excluding_h2218_h2239","sequence_family","type_sides_order_context","32","frequency","18","3","15","196","331","0.410876","0.719033","2","0","1","0","0"
"excluding_h2218_h2239","sequence_family","type_sides_order_context","32","object","18","3","15","196","331","0.410876","0.752266","2","0","1","0","0"
"excluding_h2218_h2239","sequence_family","type_sides_order_context","32","dimensions","18","3","15","196","331","0.344411","0.685801","2","0.098039","0.566176","0.290323","-0.066465"
"excluding_h2218_h2239","sequence_family","type_sides_order_context","32","side_context","18","3","15","196","331","0.386707","0.78852","2","0.470588","0.463235","0.182796","-0.024169"
"excluding_h2218_h2239","sequence_family","type_sides_order_context","33","frequency","18","3","15","216","331","0.410876","0.719033","2","0","1","0","0"
"excluding_h2218_h2239","sequence_family","type_sides_order_context","33","object","18","3","15","216","331","0.410876","0.752266","2","0","1","0","0"
"excluding_h2218_h2239","sequence_family","type_sides_order_context","33","dimensions","18","3","15","216","331","0.422961","0.691843","2","0.215686","0.757353","0.16129","0.012085"
"excluding_h2218_h2239","sequence_family","type_sides_order_context","33","side_context","18","3","15","216","331","0.253776","0.755287","2","0.156863","0.375","0.182796","-0.1571"
"excluding_h2218_h2239","sequence_family","type_sides_order_context","34","frequency","18","3","15","202","331","0.410876","0.719033","2","0","1","0","0"
"excluding_h2218_h2239","sequence_family","type_sides_order_context","34","object","18","3","15","202","331","0.410876","0.752266","2","0","1","0","0"
"excluding_h2218_h2239","sequence_family","type_sides_order_context","34","dimensions","18","3","15","202","331","0.359517","0.703927","2","0.352941","0.375","0.344086","-0.05136"
"excluding_h2218_h2239","sequence_family","type_sides_order_context","34","side_context","18","3","15","202","331","0.377644","0.679758","2","0.460784","0.448529","0.182796","-0.033233"
"excluding_h2218_h2239","sequence_family","type_sides_order_context","35","frequency","18","3","15","212","331","0.410876","0.719033","2","0","1","0","0"
"excluding_h2218_h2239","sequence_family","type_sides_order_context","35","object","18","3","15","212","331","0.410876","0.752266","2","0","1","0","0"
"excluding_h2218_h2239","sequence_family","type_sides_order_context","35","dimensions","18","3","15","212","331","0.404834","0.685801","2","0.303922","0.661765","0.139785","-0.006042"
"excluding_h2218_h2239","sequence_family","type_sides_order_context","35","side_context","18","3","15","212","331","0.386707","0.758308","2","0.441176","0.485294","0.182796","-0.024169"
"excluding_h2218_h2239","sequence_family","type_sides_order_context","36","frequency","18","3","15","213","331","0.410876","0.719033","2","0","1","0","0"
"excluding_h2218_h2239","sequence_family","type_sides_order_context","36","object","18","3","15","213","331","0.410876","0.752266","2","0","1","0","0"
"excluding_h2218_h2239","sequence_family","type_sides_order_context","36","dimensions","18","3","15","213","331","0.386707","0.731118","2","0.166667","0.485294","0.483871","-0.024169"
"excluding_h2218_h2239","sequence_family","type_sides_order_context","36","side_context","18","3","15","213","331","0.380665","0.755287","2","0.215686","0.639706","0.182796","-0.030211"
"excluding_h2218_h2239","sequence_family","type_sides_order_context","37","frequency","18","3","15","224","331","0.410876","0.719033","2","0","1","0","0"
"excluding_h2218_h2239","sequence_family","type_sides_order_context","37","object","18","3","15","224","331","0.410876","0.752266","2","0","1","0","0"
"excluding_h2218_h2239","sequence_family","type_sides_order_context","37","dimensions","18","3","15","224","331","0.29003","0.643505","2","0.147059","0.492647","0.150538","-0.120846"
"excluding_h2218_h2239","sequence_family","type_sides_order_context","37","side_context","18","3","15","224","331","0.347432","0.758308","2","0.411765","0.411765","0.182796","-0.063444"
"excluding_h2218_h2239","sequence_family","type_sides_order_context","38","frequency","18","3","15","215","331","0.410876","0.719033","2","0","1","0","0"
"excluding_h2218_h2239","sequence_family","type_sides_order_context","38","object","18","3","15","215","331","0.410876","0.752266","2","0","1","0","0"
"excluding_h2218_h2239","sequence_family","type_sides_order_context","38","dimensions","18","3","15","215","331","0.335347","0.719033","2","0.215686","0.544118","0.16129","-0.075529"
"excluding_h2218_h2239","sequence_family","type_sides_order_context","38","side_context","18","3","15","215","331","0.374622","0.746224","2","0.147059","0.669118","0.193548","-0.036254"
"excluding_h2218_h2239","sequence_family","type_sides_order_context","39","frequency","18","3","15","221","331","0.410876","0.719033","2","0","1","0","0"
"excluding_h2218_h2239","sequence_family","type_sides_order_context","39","object","18","3","15","221","331","0.410876","0.752266","2","0","1","0","0"
"excluding_h2218_h2239","sequence_family","type_sides_order_context","39","dimensions","18","3","15","221","331","0.413897","0.712991","2","0.333333","0.566176","0.27957","0.003021"
"excluding_h2218_h2239","sequence_family","type_sides_order_context","39","side_context","18","3","15","221","331","0.407855","0.779456","2","0.205882","0.727941","0.16129","-0.003021"
"excluding_h2218_h2239","sequence_family","type_sides_order_context","40","frequency","18","3","15","219","331","0.410876","0.719033","2","0","1","0","0"
"excluding_h2218_h2239","sequence_family","type_sides_order_context","40","object","18","3","15","219","331","0.410876","0.752266","2","0","1","0","0"
"excluding_h2218_h2239","sequence_family","type_sides_order_context","40","dimensions","18","3","15","219","331","0.299094","0.697885","2","0.196078","0.308824","0.397849","-0.111782"
"excluding_h2218_h2239","sequence_family","type_sides_order_context","40","side_context","18","3","15","219","331","0.407855","0.752266","2","0.186275","0.727941","0.182796","-0.003021"
"excluding_h2218_h2239","sequence_family","type_sides_order_context","41","frequency","18","3","15","205","331","0.410876","0.719033","2","0","1","0","0"
"excluding_h2218_h2239","sequence_family","type_sides_order_context","41","object","18","3","15","205","331","0.410876","0.752266","2","0","1","0","0"
"excluding_h2218_h2239","sequence_family","type_sides_order_context","41","dimensions","18","3","15","205","331","0.268882","0.652568","2","0.117647","0.455882","0.16129","-0.141994"
"excluding_h2218_h2239","sequence_family","type_sides_order_context","41","side_context","18","3","15","205","331","0.39577","0.761329","2","0.147059","0.713235","0.204301","-0.015106"
"excluding_h2218_h2239","sequence_family","type_sides_order_context","42","frequency","18","3","15","208","331","0.410876","0.719033","2","0","1","0","0"
"excluding_h2218_h2239","sequence_family","type_sides_order_context","42","object","18","3","15","208","331","0.410876","0.752266","2","0","1","0","0"
"excluding_h2218_h2239","sequence_family","type_sides_order_context","42","dimensions","18","3","15","208","331","0.350453","0.667674","2","0.186275","0.492647","0.322581","-0.060423"
"excluding_h2218_h2239","sequence_family","type_sides_order_context","42","side_context","18","3","15","208","331","0.39577","0.758308","2","0.147059","0.720588","0.193548","-0.015106"
"excluding_h2218_h2239","sequence_family","type_sides_order_context","43","frequency","18","3","15","198","331","0.410876","0.719033","2","0","1","0","0"
"excluding_h2218_h2239","sequence_family","type_sides_order_context","43","object","18","3","15","198","331","0.410876","0.752266","2","0","1","0","0"
"excluding_h2218_h2239","sequence_family","type_sides_order_context","43","dimensions","18","3","15","198","331","0.359517","0.716012","2","0.186275","0.676471","0.086022","-0.05136"
"excluding_h2218_h2239","sequence_family","type_sides_order_context","43","side_context","18","3","15","198","331","0.389728","0.746224","2","0.147059","0.713235","0.182796","-0.021148"
"excluding_h2218_h2239","sequence_family","type_sides_order_context","44","frequency","18","3","15","210","331","0.410876","0.719033","2","0","1","0","0"
"excluding_h2218_h2239","sequence_family","type_sides_order_context","44","object","18","3","15","210","331","0.410876","0.752266","2","0","1","0","0"
"excluding_h2218_h2239","sequence_family","type_sides_order_context","44","dimensions","18","3","15","210","331","0.380665","0.734139","2","0.352941","0.352941","0.451613","-0.030211"
"excluding_h2218_h2239","sequence_family","type_sides_order_context","44","side_context","18","3","15","210","331","0.377644","0.755287","2","0.441176","0.463235","0.182796","-0.033233"
"excluding_h2218_h2239","sequence_family","type_sides_order_context","45","frequency","18","3","15","204","331","0.410876","0.719033","2","0","1","0","0"
"excluding_h2218_h2239","sequence_family","type_sides_order_context","45","object","18","3","15","204","331","0.410876","0.752266","2","0","1","0","0"
"excluding_h2218_h2239","sequence_family","type_sides_order_context","45","dimensions","18","3","15","204","331","0.392749","0.740181","2","0.313725","0.654412","0.096774","-0.018127"
"excluding_h2218_h2239","sequence_family","type_sides_order_context","45","side_context","18","3","15","204","331","0.398792","0.734139","2","0.205882","0.727941","0.129032","-0.012085"
"excluding_h2218_h2239","sequence_family","type_sides_order_context","46","frequency","18","3","15","197","331","0.410876","0.719033","2","0","1","0","0"
"excluding_h2218_h2239","sequence_family","type_sides_order_context","46","object","18","3","15","197","331","0.410876","0.752266","2","0","1","0","0"
"excluding_h2218_h2239","sequence_family","type_sides_order_context","46","dimensions","18","3","15","197","331","0.317221","0.616314","2","0.019608","0.485294","0.397849","-0.093656"
"excluding_h2218_h2239","sequence_family","type_sides_order_context","46","side_context","18","3","15","197","331","0.404834","0.697885","2","0.196078","0.713235","0.182796","-0.006042"
"excluding_h2218_h2239","sequence_family","type_sides_order_context","47","frequency","18","3","15","181","331","0.410876","0.719033","2","0","1","0","0"
"excluding_h2218_h2239","sequence_family","type_sides_order_context","47","object","18","3","15","181","331","0.410876","0.752266","2","0","1","0","0"
"excluding_h2218_h2239","sequence_family","type_sides_order_context","47","dimensions","18","3","15","181","331","0.398792","0.716012","2","0.254902","0.595588","0.268817","-0.012085"
"excluding_h2218_h2239","sequence_family","type_sides_order_context","47","side_context","18","3","15","181","331","0.380665","0.682779","2","0.127451","0.705882","0.182796","-0.030211"
"excluding_h2218_h2239","sequence_family","type_sides_order_context","48","frequency","18","3","15","210","331","0.410876","0.719033","2","0","1","0","0"
"excluding_h2218_h2239","sequence_family","type_sides_order_context","48","object","18","3","15","210","331","0.410876","0.752266","2","0","1","0","0"
"excluding_h2218_h2239","sequence_family","type_sides_order_context","48","dimensions","18","3","15","210","331","0.362538","0.70997","2","0.254902","0.551471","0.204301","-0.048338"
"excluding_h2218_h2239","sequence_family","type_sides_order_context","48","side_context","18","3","15","210","331","0.401813","0.758308","2","0.196078","0.705882","0.182796","-0.009063"
"excluding_h2218_h2239","sequence_family","type_sides_order_context","49","frequency","18","3","15","217","331","0.410876","0.719033","2","0","1","0","0"
"excluding_h2218_h2239","sequence_family","type_sides_order_context","49","object","18","3","15","217","331","0.410876","0.752266","2","0","1","0","0"
"excluding_h2218_h2239","sequence_family","type_sides_order_context","49","dimensions","18","3","15","217","331","0.36858","0.664653","2","0.372549","0.522059","0.139785","-0.042296"
"excluding_h2218_h2239","sequence_family","type_sides_order_context","49","side_context","18","3","15","217","331","0.377644","0.667674","2","0.107843","0.713235","0.182796","-0.033233"
"excluding_h2218_h2239","sequence_family","type_sides_order_context","50","frequency","18","3","15","216","331","0.410876","0.719033","2","0","1","0","0"
"excluding_h2218_h2239","sequence_family","type_sides_order_context","50","object","18","3","15","216","331","0.410876","0.752266","2","0","1","0","0"
"excluding_h2218_h2239","sequence_family","type_sides_order_context","50","dimensions","18","3","15","216","331","0.371601","0.755287","2","0.117647","0.602941","0.311828","-0.039275"
"excluding_h2218_h2239","sequence_family","type_sides_order_context","50","side_context","18","3","15","216","331","0.422961","0.740181","2","0.215686","0.727941","0.204301","0.012085"
"excluding_h2218_h2239","sequence_family","type_sides_order_context","51","frequency","18","3","15","203","331","0.410876","0.719033","2","0","1","0","0"
"excluding_h2218_h2239","sequence_family","type_sides_order_context","51","object","18","3","15","203","331","0.410876","0.752266","2","0","1","0","0"
"excluding_h2218_h2239","sequence_family","type_sides_order_context","51","dimensions","18","3","15","203","331","0.208459","0.694864","2","0.04902","0.360294","0.16129","-0.202417"
"excluding_h2218_h2239","sequence_family","type_sides_order_context","51","side_context","18","3","15","203","331","0.407855","0.758308","2","0.215686","0.705882","0.182796","-0.003021"
"excluding_h2218_h2239","sequence_family","type_sides_order_context","52","frequency","18","3","15","219","331","0.410876","0.719033","2","0","1","0","0"
"excluding_h2218_h2239","sequence_family","type_sides_order_context","52","object","18","3","15","219","331","0.410876","0.752266","2","0","1","0","0"
"excluding_h2218_h2239","sequence_family","type_sides_order_context","52","dimensions","18","3","15","219","331","0.435045","0.670695","2","0.22549","0.742647","0.215054","0.024169"
"excluding_h2218_h2239","sequence_family","type_sides_order_context","52","side_context","18","3","15","219","331","0.365559","0.749245","2","0.137255","0.654412","0.193548","-0.045317"
"excluding_h2218_h2239","sequence_family","type_sides_order_context","53","frequency","18","3","15","175","331","0.410876","0.719033","2","0","1","0","0"
"excluding_h2218_h2239","sequence_family","type_sides_order_context","53","object","18","3","15","175","331","0.410876","0.752266","2","0","1","0","0"
"excluding_h2218_h2239","sequence_family","type_sides_order_context","53","dimensions","18","3","15","175","331","0.407855","0.649547","2","0.264706","0.595588","0.290323","-0.003021"
"excluding_h2218_h2239","sequence_family","type_sides_order_context","53","side_context","18","3","15","175","331","0.401813","0.758308","2","0.186275","0.713235","0.182796","-0.009063"
"excluding_h2218_h2239","sequence_family","type_sides_order_context","54","frequency","18","3","15","202","331","0.410876","0.719033","2","0","1","0","0"
"excluding_h2218_h2239","sequence_family","type_sides_order_context","54","object","18","3","15","202","331","0.410876","0.752266","2","0","1","0","0"
"excluding_h2218_h2239","sequence_family","type_sides_order_context","54","dimensions","18","3","15","202","331","0.383686","0.725076","2","0.5","0.536765","0.032258","-0.02719"
"excluding_h2218_h2239","sequence_family","type_sides_order_context","54","side_context","18","3","15","202","331","0.347432","0.758308","2","0.480392","0.360294","0.182796","-0.063444"
"excluding_h2218_h2239","sequence_family","type_sides_order_context","55","frequency","18","3","15","189","331","0.410876","0.719033","2","0","1","0","0"
"excluding_h2218_h2239","sequence_family","type_sides_order_context","55","object","18","3","15","189","331","0.410876","0.752266","2","0","1","0","0"
"excluding_h2218_h2239","sequence_family","type_sides_order_context","55","dimensions","18","3","15","189","331","0.329305","0.697885","2","0.068627","0.522059","0.333333","-0.081571"
"excluding_h2218_h2239","sequence_family","type_sides_order_context","55","side_context","18","3","15","189","331","0.398792","0.685801","2","0.186275","0.705882","0.182796","-0.012085"
"excluding_h2218_h2239","sequence_family","type_sides_order_context","56","frequency","18","3","15","217","331","0.410876","0.719033","2","0","1","0","0"
"excluding_h2218_h2239","sequence_family","type_sides_order_context","56","object","18","3","15","217","331","0.410876","0.752266","2","0","1","0","0"
"excluding_h2218_h2239","sequence_family","type_sides_order_context","56","dimensions","18","3","15","217","331","0.356495","0.694864","2","0.45098","0.375","0.225806","-0.054381"
"excluding_h2218_h2239","sequence_family","type_sides_order_context","56","side_context","18","3","15","217","331","0.407855","0.779456","2","0.186275","0.735294","0.172043","-0.003021"
"excluding_h2218_h2239","sequence_family","type_sides_order_context","57","frequency","18","3","15","202","331","0.410876","0.719033","2","0","1","0","0"
"excluding_h2218_h2239","sequence_family","type_sides_order_context","57","object","18","3","15","202","331","0.410876","0.752266","2","0","1","0","0"
"excluding_h2218_h2239","sequence_family","type_sides_order_context","57","dimensions","18","3","15","202","331","0.326284","0.725076","2","0.098039","0.536765","0.268817","-0.084592"
"excluding_h2218_h2239","sequence_family","type_sides_order_context","57","side_context","18","3","15","202","331","0.39577","0.749245","2","0.215686","0.647059","0.225806","-0.015106"
"excluding_h2218_h2239","sequence_family","type_sides_order_context","58","frequency","18","3","15","215","331","0.410876","0.719033","2","0","1","0","0"
"excluding_h2218_h2239","sequence_family","type_sides_order_context","58","object","18","3","15","215","331","0.410876","0.752266","2","0","1","0","0"
"excluding_h2218_h2239","sequence_family","type_sides_order_context","58","dimensions","18","3","15","215","331","0.389728","0.73716","2","0.490196","0.316176","0.387097","-0.021148"
"excluding_h2218_h2239","sequence_family","type_sides_order_context","58","side_context","18","3","15","215","331","0.398792","0.755287","2","0.186275","0.705882","0.182796","-0.012085"
"excluding_h2218_h2239","sequence_family","type_sides_order_context","59","frequency","18","3","15","198","331","0.410876","0.719033","2","0","1","0","0"
"excluding_h2218_h2239","sequence_family","type_sides_order_context","59","object","18","3","15","198","331","0.410876","0.752266","2","0","1","0","0"
"excluding_h2218_h2239","sequence_family","type_sides_order_context","59","dimensions","18","3","15","198","331","0.350453","0.697885","2","0.215686","0.602941","0.129032","-0.060423"
"excluding_h2218_h2239","sequence_family","type_sides_order_context","59","side_context","18","3","15","198","331","0.280967","0.779456","2","0.156863","0.441176","0.182796","-0.129909"
"excluding_h2218_h2239","sequence_family","type_sides_order_context","60","frequency","18","3","15","201","331","0.410876","0.719033","2","0","1","0","0"
"excluding_h2218_h2239","sequence_family","type_sides_order_context","60","object","18","3","15","201","331","0.410876","0.752266","2","0","1","0","0"
"excluding_h2218_h2239","sequence_family","type_sides_order_context","60","dimensions","18","3","15","201","331","0.383686","0.682779","2","0.235294","0.566176","0.27957","-0.02719"
"excluding_h2218_h2239","sequence_family","type_sides_order_context","60","side_context","18","3","15","201","331","0.401813","0.749245","2","0.205882","0.720588","0.150538","-0.009063"
"excluding_h2218_h2239","sequence_family","type_sides_order_context","61","frequency","18","3","15","198","331","0.410876","0.719033","2","0","1","0","0"
"excluding_h2218_h2239","sequence_family","type_sides_order_context","61","object","18","3","15","198","331","0.410876","0.752266","2","0","1","0","0"
"excluding_h2218_h2239","sequence_family","type_sides_order_context","61","dimensions","18","3","15","198","331","0.392749","0.740181","2","0.490196","0.529412","0.086022","-0.018127"
"excluding_h2218_h2239","sequence_family","type_sides_order_context","61","side_context","18","3","15","198","331","0.359517","0.761329","2","0.5","0.360294","0.204301","-0.05136"
"excluding_h2218_h2239","sequence_family","type_sides_order_context","62","frequency","18","3","15","203","331","0.410876","0.719033","2","0","1","0","0"
"excluding_h2218_h2239","sequence_family","type_sides_order_context","62","object","18","3","15","203","331","0.410876","0.752266","2","0","1","0","0"
"excluding_h2218_h2239","sequence_family","type_sides_order_context","62","dimensions","18","3","15","203","331","0.365559","0.655589","2","0.186275","0.691176","0.086022","-0.045317"
"excluding_h2218_h2239","sequence_family","type_sides_order_context","62","side_context","18","3","15","203","331","0.380665","0.664653","2","0.460784","0.455882","0.182796","-0.030211"
"excluding_h2218_h2239","sequence_family","type_sides_order_context","63","frequency","18","3","15","204","331","0.410876","0.719033","2","0","1","0","0"
"excluding_h2218_h2239","sequence_family","type_sides_order_context","63","object","18","3","15","204","331","0.410876","0.752266","2","0","1","0","0"
"excluding_h2218_h2239","sequence_family","type_sides_order_context","63","dimensions","18","3","15","204","331","0.383686","0.682779","2","0.186275","0.573529","0.322581","-0.02719"
"excluding_h2218_h2239","sequence_family","type_sides_order_context","63","side_context","18","3","15","204","331","0.407855","0.743202","2","0.205882","0.698529","0.204301","-0.003021"
"excluding_h2218_h2239","sequence_family","type_sides_order_context","64","frequency","18","3","15","201","331","0.410876","0.719033","2","0","1","0","0"
"excluding_h2218_h2239","sequence_family","type_sides_order_context","64","object","18","3","15","201","331","0.410876","0.752266","2","0","1","0","0"
"excluding_h2218_h2239","sequence_family","type_sides_order_context","64","dimensions","18","3","15","201","331","0.317221","0.719033","2","0.117647","0.441176","0.354839","-0.093656"
"excluding_h2218_h2239","sequence_family","type_sides_order_context","64","side_context","18","3","15","201","331","0.268882","0.688822","2","0.107843","0.441176","0.193548","-0.141994"
"excluding_h2218_h2239","sequence_family","type_sides_order_context","65","frequency","18","3","15","211","331","0.410876","0.719033","2","0","1","0","0"
"excluding_h2218_h2239","sequence_family","type_sides_order_context","65","object","18","3","15","211","331","0.410876","0.752266","2","0","1","0","0"
"excluding_h2218_h2239","sequence_family","type_sides_order_context","65","dimensions","18","3","15","211","331","0.374622","0.712991","2","0.176471","0.632353","0.215054","-0.036254"
"excluding_h2218_h2239","sequence_family","type_sides_order_context","65","side_context","18","3","15","211","331","0.398792","0.755287","2","0.186275","0.705882","0.182796","-0.012085"
"excluding_h2218_h2239","sequence_family","type_sides_order_context","66","frequency","18","3","15","208","331","0.410876","0.719033","2","0","1","0","0"
"excluding_h2218_h2239","sequence_family","type_sides_order_context","66","object","18","3","15","208","331","0.410876","0.752266","2","0","1","0","0"
"excluding_h2218_h2239","sequence_family","type_sides_order_context","66","dimensions","18","3","15","208","331","0.365559","0.65861","2","0.156863","0.485294","0.419355","-0.045317"
"excluding_h2218_h2239","sequence_family","type_sides_order_context","66","side_context","18","3","15","208","331","0.392749","0.688822","2","0.137255","0.720588","0.193548","-0.018127"
"excluding_h2218_h2239","sequence_family","type_sides_order_context","67","frequency","18","3","15","216","331","0.410876","0.719033","2","0","1","0","0"
"excluding_h2218_h2239","sequence_family","type_sides_order_context","67","object","18","3","15","216","331","0.410876","0.752266","2","0","1","0","0"
"excluding_h2218_h2239","sequence_family","type_sides_order_context","67","dimensions","18","3","15","216","331","0.356495","0.70997","2","0.352941","0.426471","0.258065","-0.054381"
"excluding_h2218_h2239","sequence_family","type_sides_order_context","67","side_context","18","3","15","216","331","0.398792","0.758308","2","0.186275","0.705882","0.182796","-0.012085"
"excluding_h2218_h2239","sequence_family","type_sides_order_context","68","frequency","18","3","15","208","331","0.410876","0.719033","2","0","1","0","0"
"excluding_h2218_h2239","sequence_family","type_sides_order_context","68","object","18","3","15","208","331","0.410876","0.752266","2","0","1","0","0"
"excluding_h2218_h2239","sequence_family","type_sides_order_context","68","dimensions","18","3","15","208","331","0.377644","0.664653","2","0.323529","0.492647","0.268817","-0.033233"
"excluding_h2218_h2239","sequence_family","type_sides_order_context","68","side_context","18","3","15","208","331","0.410876","0.688822","2","0.196078","0.720588","0.193548","0"
"excluding_h2218_h2239","sequence_family","type_sides_order_context","69","frequency","18","3","15","203","331","0.410876","0.719033","2","0","1","0","0"
"excluding_h2218_h2239","sequence_family","type_sides_order_context","69","object","18","3","15","203","331","0.410876","0.752266","2","0","1","0","0"
"excluding_h2218_h2239","sequence_family","type_sides_order_context","69","dimensions","18","3","15","203","331","0.338369","0.616314","2","0.245098","0.602941","0.053763","-0.072508"
"excluding_h2218_h2239","sequence_family","type_sides_order_context","69","side_context","18","3","15","203","331","0.377644","0.73716","2","0.107843","0.713235","0.182796","-0.033233"
"excluding_h2218_h2239","sequence_family","type_sides_order_context","70","frequency","18","3","15","206","331","0.410876","0.719033","2","0","1","0","0"
"excluding_h2218_h2239","sequence_family","type_sides_order_context","70","object","18","3","15","206","331","0.410876","0.752266","2","0","1","0","0"
"excluding_h2218_h2239","sequence_family","type_sides_order_context","70","dimensions","18","3","15","206","331","0.347432","0.616314","2","0.166667","0.683824","0.053763","-0.063444"
"excluding_h2218_h2239","sequence_family","type_sides_order_context","70","side_context","18","3","15","206","331","0.280967","0.746224","2","0.147059","0.463235","0.16129","-0.129909"
"excluding_h2218_h2239","sequence_family","type_sides_order_context","71","frequency","18","3","15","208","331","0.410876","0.719033","2","0","1","0","0"
"excluding_h2218_h2239","sequence_family","type_sides_order_context","71","object","18","3","15","208","331","0.410876","0.752266","2","0","1","0","0"
"excluding_h2218_h2239","sequence_family","type_sides_order_context","71","dimensions","18","3","15","208","331","0.374622","0.676737","2","0.264706","0.558824","0.225806","-0.036254"
"excluding_h2218_h2239","sequence_family","type_sides_order_context","71","side_context","18","3","15","208","331","0.404834","0.773414","2","0.598039","0.411765","0.182796","-0.006042"
"excluding_h2218_h2239","sequence_family","type_sides_order_context","72","frequency","18","3","15","209","331","0.410876","0.719033","2","0","1","0","0"
"excluding_h2218_h2239","sequence_family","type_sides_order_context","72","object","18","3","15","209","331","0.410876","0.752266","2","0","1","0","0"
"excluding_h2218_h2239","sequence_family","type_sides_order_context","72","dimensions","18","3","15","209","331","0.398792","0.719033","2","0.460784","0.470588","0.225806","-0.012085"
"excluding_h2218_h2239","sequence_family","type_sides_order_context","72","side_context","18","3","15","209","331","0.407855","0.673716","2","0.186275","0.713235","0.204301","-0.003021"
"excluding_h2218_h2239","sequence_family","type_sides_order_context","73","frequency","18","3","15","206","331","0.410876","0.719033","2","0","1","0","0"
"excluding_h2218_h2239","sequence_family","type_sides_order_context","73","object","18","3","15","206","331","0.410876","0.752266","2","0","1","0","0"
"excluding_h2218_h2239","sequence_family","type_sides_order_context","73","dimensions","18","3","15","206","331","0.392749","0.703927","2","0.509804","0.367647","0.301075","-0.018127"
"excluding_h2218_h2239","sequence_family","type_sides_order_context","73","side_context","18","3","15","206","331","0.356495","0.752266","2","0.392157","0.448529","0.182796","-0.054381"
"excluding_h2218_h2239","sequence_family","type_sides_order_context","74","frequency","18","3","15","204","331","0.410876","0.719033","2","0","1","0","0"
"excluding_h2218_h2239","sequence_family","type_sides_order_context","74","object","18","3","15","204","331","0.410876","0.752266","2","0","1","0","0"
"excluding_h2218_h2239","sequence_family","type_sides_order_context","74","dimensions","18","3","15","204","331","0.329305","0.731118","2","0.421569","0.330882","0.225806","-0.081571"
"excluding_h2218_h2239","sequence_family","type_sides_order_context","74","side_context","18","3","15","204","331","0.392749","0.758308","2","0.156863","0.713235","0.182796","-0.018127"
"excluding_h2218_h2239","sequence_family","type_sides_order_context","75","frequency","18","3","15","207","331","0.410876","0.719033","2","0","1","0","0"
"excluding_h2218_h2239","sequence_family","type_sides_order_context","75","object","18","3","15","207","331","0.410876","0.752266","2","0","1","0","0"
"excluding_h2218_h2239","sequence_family","type_sides_order_context","75","dimensions","18","3","15","207","331","0.398792","0.755287","2","0.264706","0.463235","0.451613","-0.012085"
"excluding_h2218_h2239","sequence_family","type_sides_order_context","75","side_context","18","3","15","207","331","0.404834","0.758308","2","0.196078","0.713235","0.182796","-0.006042"
"excluding_h2218_h2239","sequence_family","type_sides_order_context","76","frequency","18","3","15","200","331","0.410876","0.719033","2","0","1","0","0"
"excluding_h2218_h2239","sequence_family","type_sides_order_context","76","object","18","3","15","200","331","0.410876","0.752266","2","0","1","0","0"
"excluding_h2218_h2239","sequence_family","type_sides_order_context","76","dimensions","18","3","15","200","331","0.308157","0.725076","2","0.254902","0.455882","0.150538","-0.102719"
"excluding_h2218_h2239","sequence_family","type_sides_order_context","76","side_context","18","3","15","200","331","0.389728","0.755287","2","0.147059","0.713235","0.182796","-0.021148"
"excluding_h2218_h2239","sequence_family","type_sides_order_context","77","frequency","18","3","15","201","331","0.410876","0.719033","2","0","1","0","0"
"excluding_h2218_h2239","sequence_family","type_sides_order_context","77","object","18","3","15","201","331","0.410876","0.752266","2","0","1","0","0"
"excluding_h2218_h2239","sequence_family","type_sides_order_context","77","dimensions","18","3","15","201","331","0.365559","0.619335","2","0.27451","0.441176","0.354839","-0.045317"
"excluding_h2218_h2239","sequence_family","type_sides_order_context","77","side_context","18","3","15","201","331","0.398792","0.752266","2","0.156863","0.713235","0.204301","-0.012085"
"excluding_h2218_h2239","sequence_family","type_sides_order_context","78","frequency","18","3","15","197","331","0.410876","0.719033","2","0","1","0","0"
"excluding_h2218_h2239","sequence_family","type_sides_order_context","78","object","18","3","15","197","331","0.410876","0.752266","2","0","1","0","0"
"excluding_h2218_h2239","sequence_family","type_sides_order_context","78","dimensions","18","3","15","197","331","0.36858","0.770393","2","0.54902","0.279412","0.301075","-0.042296"
"excluding_h2218_h2239","sequence_family","type_sides_order_context","78","side_context","18","3","15","197","331","0.377644","0.746224","2","0.127451","0.698529","0.182796","-0.033233"
"excluding_h2218_h2239","sequence_family","type_sides_order_context","79","frequency","18","3","15","216","331","0.410876","0.719033","2","0","1","0","0"
"excluding_h2218_h2239","sequence_family","type_sides_order_context","79","object","18","3","15","216","331","0.410876","0.752266","2","0","1","0","0"
"excluding_h2218_h2239","sequence_family","type_sides_order_context","79","dimensions","18","3","15","216","331","0.365559","0.706949","2","0.284314","0.529412","0.215054","-0.045317"
"excluding_h2218_h2239","sequence_family","type_sides_order_context","79","side_context","18","3","15","216","331","0.389728","0.743202","2","0.137255","0.720588","0.182796","-0.021148"
"excluding_h2218_h2239","sequence_family","type_sides_order_context","80","frequency","18","3","15","212","331","0.410876","0.719033","2","0","1","0","0"
"excluding_h2218_h2239","sequence_family","type_sides_order_context","80","object","18","3","15","212","331","0.410876","0.752266","2","0","1","0","0"
"excluding_h2218_h2239","sequence_family","type_sides_order_context","80","dimensions","18","3","15","212","331","0.332326","0.728097","2","0.215686","0.455882","0.27957","-0.07855"
"excluding_h2218_h2239","sequence_family","type_sides_order_context","80","side_context","18","3","15","212","331","0.380665","0.746224","2","0.147059","0.691176","0.182796","-0.030211"
"excluding_h2218_h2239","sequence_family","type_sides_order_context","81","frequency","18","3","15","210","331","0.410876","0.719033","2","0","1","0","0"
"excluding_h2218_h2239","sequence_family","type_sides_order_context","81","object","18","3","15","210","331","0.410876","0.752266","2","0","1","0","0"
"excluding_h2218_h2239","sequence_family","type_sides_order_context","81","dimensions","18","3","15","210","331","0.383686","0.652568","2","0.313725","0.529412","0.247312","-0.02719"
"excluding_h2218_h2239","sequence_family","type_sides_order_context","81","side_context","18","3","15","210","331","0.380665","0.758308","2","0.490196","0.433824","0.182796","-0.030211"
"excluding_h2218_h2239","sequence_family","type_sides_order_context","82","frequency","18","3","15","201","331","0.410876","0.719033","2","0","1","0","0"
"excluding_h2218_h2239","sequence_family","type_sides_order_context","82","object","18","3","15","201","331","0.410876","0.752266","2","0","1","0","0"
"excluding_h2218_h2239","sequence_family","type_sides_order_context","82","dimensions","18","3","15","201","331","0.344411","0.725076","2","0.372549","0.470588","0.129032","-0.066465"
"excluding_h2218_h2239","sequence_family","type_sides_order_context","82","side_context","18","3","15","201","331","0.383686","0.752266","2","0.480392","0.448529","0.182796","-0.02719"
"excluding_h2218_h2239","sequence_family","type_sides_order_context","83","frequency","18","3","15","204","331","0.410876","0.719033","2","0","1","0","0"
"excluding_h2218_h2239","sequence_family","type_sides_order_context","83","object","18","3","15","204","331","0.410876","0.752266","2","0","1","0","0"
"excluding_h2218_h2239","sequence_family","type_sides_order_context","83","dimensions","18","3","15","204","331","0.374622","0.691843","2","0.470588","0.492647","0.096774","-0.036254"
"excluding_h2218_h2239","sequence_family","type_sides_order_context","83","side_context","18","3","15","204","331","0.374622","0.691843","2","0.539216","0.382353","0.182796","-0.036254"
"excluding_h2218_h2239","sequence_family","type_sides_order_context","84","frequency","18","3","15","202","331","0.410876","0.719033","2","0","1","0","0"
"excluding_h2218_h2239","sequence_family","type_sides_order_context","84","object","18","3","15","202","331","0.410876","0.752266","2","0","1","0","0"
"excluding_h2218_h2239","sequence_family","type_sides_order_context","84","dimensions","18","3","15","202","331","0.371601","0.700906","2","0.245098","0.595588","0.182796","-0.039275"
"excluding_h2218_h2239","sequence_family","type_sides_order_context","84","side_context","18","3","15","202","331","0.416918","0.755287","2","0.186275","0.735294","0.204301","0.006042"
"excluding_h2218_h2239","sequence_family","type_sides_order_context","85","frequency","18","3","15","212","331","0.410876","0.719033","2","0","1","0","0"
"excluding_h2218_h2239","sequence_family","type_sides_order_context","85","object","18","3","15","212","331","0.410876","0.752266","2","0","1","0","0"
"excluding_h2218_h2239","sequence_family","type_sides_order_context","85","dimensions","18","3","15","212","331","0.39577","0.719033","2","0.294118","0.477941","0.387097","-0.015106"
"excluding_h2218_h2239","sequence_family","type_sides_order_context","85","side_context","18","3","15","212","331","0.39577","0.664653","2","0.205882","0.683824","0.182796","-0.015106"
"excluding_h2218_h2239","sequence_family","type_sides_order_context","86","frequency","18","3","15","217","331","0.410876","0.719033","2","0","1","0","0"
"excluding_h2218_h2239","sequence_family","type_sides_order_context","86","object","18","3","15","217","331","0.410876","0.752266","2","0","1","0","0"
"excluding_h2218_h2239","sequence_family","type_sides_order_context","86","dimensions","18","3","15","217","331","0.389728","0.70997","2","0.27451","0.610294","0.193548","-0.021148"
"excluding_h2218_h2239","sequence_family","type_sides_order_context","86","side_context","18","3","15","217","331","0.338369","0.78852","2","0.401961","0.433824","0.129032","-0.072508"
"excluding_h2218_h2239","sequence_family","type_sides_order_context","87","frequency","18","3","15","203","331","0.410876","0.719033","2","0","1","0","0"
"excluding_h2218_h2239","sequence_family","type_sides_order_context","87","object","18","3","15","203","331","0.410876","0.752266","2","0","1","0","0"
"excluding_h2218_h2239","sequence_family","type_sides_order_context","87","dimensions","18","3","15","203","331","0.317221","0.688822","2","0.323529","0.433824","0.139785","-0.093656"
"excluding_h2218_h2239","sequence_family","type_sides_order_context","87","side_context","18","3","15","203","331","0.410876","0.758308","2","0.196078","0.720588","0.193548","0"
"excluding_h2218_h2239","sequence_family","type_sides_order_context","88","frequency","18","3","15","201","331","0.410876","0.719033","2","0","1","0","0"
"excluding_h2218_h2239","sequence_family","type_sides_order_context","88","object","18","3","15","201","331","0.410876","0.752266","2","0","1","0","0"
"excluding_h2218_h2239","sequence_family","type_sides_order_context","88","dimensions","18","3","15","201","331","0.398792","0.734139","2","0.352941","0.544118","0.236559","-0.012085"
"excluding_h2218_h2239","sequence_family","type_sides_order_context","88","side_context","18","3","15","201","331","0.416918","0.688822","2","0.215686","0.713235","0.204301","0.006042"
"excluding_h2218_h2239","sequence_family","type_sides_order_context","89","frequency","18","3","15","209","331","0.410876","0.719033","2","0","1","0","0"
"excluding_h2218_h2239","sequence_family","type_sides_order_context","89","object","18","3","15","209","331","0.410876","0.752266","2","0","1","0","0"
"excluding_h2218_h2239","sequence_family","type_sides_order_context","89","dimensions","18","3","15","209","331","0.404834","0.749245","2","0.411765","0.573529","0.150538","-0.006042"
"excluding_h2218_h2239","sequence_family","type_sides_order_context","89","side_context","18","3","15","209","331","0.280967","0.758308","2","0.137255","0.455882","0.182796","-0.129909"
"excluding_h2218_h2239","sequence_family","type_sides_order_context","90","frequency","18","3","15","195","331","0.410876","0.719033","2","0","1","0","0"
"excluding_h2218_h2239","sequence_family","type_sides_order_context","90","object","18","3","15","195","331","0.410876","0.752266","2","0","1","0","0"
"excluding_h2218_h2239","sequence_family","type_sides_order_context","90","dimensions","18","3","15","195","331","0.371601","0.746224","2","0.421569","0.397059","0.27957","-0.039275"
"excluding_h2218_h2239","sequence_family","type_sides_order_context","90","side_context","18","3","15","195","331","0.407855","0.676737","2","0.186275","0.727941","0.182796","-0.003021"
"excluding_h2218_h2239","sequence_family","type_sides_order_context","91","frequency","18","3","15","188","331","0.410876","0.719033","2","0","1","0","0"
"excluding_h2218_h2239","sequence_family","type_sides_order_context","91","object","18","3","15","188","331","0.410876","0.752266","2","0","1","0","0"
"excluding_h2218_h2239","sequence_family","type_sides_order_context","91","dimensions","18","3","15","188","331","0.380665","0.694864","2","0.303922","0.485294","0.311828","-0.030211"
"excluding_h2218_h2239","sequence_family","type_sides_order_context","91","side_context","18","3","15","188","331","0.386707","0.755287","2","0.5","0.441176","0.182796","-0.024169"
"excluding_h2218_h2239","sequence_family","type_sides_order_context","92","frequency","18","3","15","212","331","0.410876","0.719033","2","0","1","0","0"
"excluding_h2218_h2239","sequence_family","type_sides_order_context","92","object","18","3","15","212","331","0.410876","0.752266","2","0","1","0","0"
"excluding_h2218_h2239","sequence_family","type_sides_order_context","92","dimensions","18","3","15","212","331","0.296073","0.664653","2","0.068627","0.588235","0.11828","-0.114804"
"excluding_h2218_h2239","sequence_family","type_sides_order_context","92","side_context","18","3","15","212","331","0.365559","0.652568","2","0.117647","0.455882","0.505376","-0.045317"
"excluding_h2218_h2239","sequence_family","type_sides_order_context","93","frequency","18","3","15","203","331","0.410876","0.719033","2","0","1","0","0"
"excluding_h2218_h2239","sequence_family","type_sides_order_context","93","object","18","3","15","203","331","0.410876","0.752266","2","0","1","0","0"
"excluding_h2218_h2239","sequence_family","type_sides_order_context","93","dimensions","18","3","15","203","331","0.39577","0.706949","2","0.245098","0.5","0.408602","-0.015106"
"excluding_h2218_h2239","sequence_family","type_sides_order_context","93","side_context","18","3","15","203","331","0.365559","0.758308","2","0.147059","0.654412","0.182796","-0.045317"
"excluding_h2218_h2239","sequence_family","type_sides_order_context","94","frequency","18","3","15","200","331","0.410876","0.719033","2","0","1","0","0"
"excluding_h2218_h2239","sequence_family","type_sides_order_context","94","object","18","3","15","200","331","0.410876","0.752266","2","0","1","0","0"
"excluding_h2218_h2239","sequence_family","type_sides_order_context","94","dimensions","18","3","15","200","331","0.359517","0.722054","2","0.460784","0.426471","0.150538","-0.05136"
"excluding_h2218_h2239","sequence_family","type_sides_order_context","94","side_context","18","3","15","200","331","0.413897","0.73716","2","0.215686","0.720588","0.182796","0.003021"
"excluding_h2218_h2239","sequence_family","type_sides_order_context","95","frequency","18","3","15","204","331","0.410876","0.719033","2","0","1","0","0"
"excluding_h2218_h2239","sequence_family","type_sides_order_context","95","object","18","3","15","204","331","0.410876","0.752266","2","0","1","0","0"
"excluding_h2218_h2239","sequence_family","type_sides_order_context","95","dimensions","18","3","15","204","331","0.404834","0.700906","2","0.264706","0.602941","0.268817","-0.006042"
"excluding_h2218_h2239","sequence_family","type_sides_order_context","95","side_context","18","3","15","204","331","0.404834","0.694864","2","0.186275","0.713235","0.193548","-0.006042"
"excluding_h2218_h2239","sequence_family","type_sides_order_context","96","frequency","18","3","15","203","331","0.410876","0.719033","2","0","1","0","0"
"excluding_h2218_h2239","sequence_family","type_sides_order_context","96","object","18","3","15","203","331","0.410876","0.752266","2","0","1","0","0"
"excluding_h2218_h2239","sequence_family","type_sides_order_context","96","dimensions","18","3","15","203","331","0.36858","0.767372","2","0.156863","0.463235","0.462366","-0.042296"
"excluding_h2218_h2239","sequence_family","type_sides_order_context","96","side_context","18","3","15","203","331","0.413897","0.758308","2","0.215686","0.720588","0.182796","0.003021"
"excluding_h2218_h2239","sequence_family","type_sides_order_context","97","frequency","18","3","15","220","331","0.410876","0.719033","2","0","1","0","0"
"excluding_h2218_h2239","sequence_family","type_sides_order_context","97","object","18","3","15","220","331","0.410876","0.752266","2","0","1","0","0"
"excluding_h2218_h2239","sequence_family","type_sides_order_context","97","dimensions","18","3","15","220","331","0.356495","0.685801","2","0.401961","0.558824","0.010753","-0.054381"
"excluding_h2218_h2239","sequence_family","type_sides_order_context","97","side_context","18","3","15","220","331","0.413897","0.752266","2","0.205882","0.727941","0.182796","0.003021"
"excluding_h2218_h2239","sequence_family","type_sides_order_context","98","frequency","18","3","15","186","331","0.410876","0.719033","2","0","1","0","0"
"excluding_h2218_h2239","sequence_family","type_sides_order_context","98","object","18","3","15","186","331","0.410876","0.752266","2","0","1","0","0"
"excluding_h2218_h2239","sequence_family","type_sides_order_context","98","dimensions","18","3","15","186","331","0.308157","0.728097","2","0.156863","0.558824","0.107527","-0.102719"
"excluding_h2218_h2239","sequence_family","type_sides_order_context","98","side_context","18","3","15","186","331","0.407855","0.746224","2","0.205882","0.713235","0.182796","-0.003021"
"excluding_h2218_h2239","sequence_family","type_sides_order_context","99","frequency","18","3","15","199","331","0.410876","0.719033","2","0","1","0","0"
"excluding_h2218_h2239","sequence_family","type_sides_order_context","99","object","18","3","15","199","331","0.410876","0.752266","2","0","1","0","0"
"excluding_h2218_h2239","sequence_family","type_sides_order_context","99","dimensions","18","3","15","199","331","0.413897","0.73716","2","0.411765","0.669118","0.043011","0.003021"
"excluding_h2218_h2239","sequence_family","type_sides_order_context","99","side_context","18","3","15","199","331","0.287009","0.673716","2","0.107843","0.485294","0.193548","-0.123867"
"excluding_h2218_h2239","sequence_family","type_sides_order_context","100","frequency","18","3","15","204","331","0.410876","0.719033","2","0","1","0","0"
"excluding_h2218_h2239","sequence_family","type_sides_order_context","100","object","18","3","15","204","331","0.410876","0.752266","2","0","1","0","0"
"excluding_h2218_h2239","sequence_family","type_sides_order_context","100","dimensions","18","3","15","204","331","0.280967","0.76435","2","0.431373","0.25","0.16129","-0.129909"
"excluding_h2218_h2239","sequence_family","type_sides_order_context","100","side_context","18","3","15","204","331","0.407855","0.743202","2","0.186275","0.727941","0.182796","-0.003021"
"excluding_h2218_h2239","sequence_family","type_sides_order_context","101","frequency","18","3","15","197","331","0.410876","0.719033","2","0","1","0","0"
"excluding_h2218_h2239","sequence_family","type_sides_order_context","101","object","18","3","15","197","331","0.410876","0.752266","2","0","1","0","0"
"excluding_h2218_h2239","sequence_family","type_sides_order_context","101","dimensions","18","3","15","197","331","0.356495","0.70997","2","0.303922","0.448529","0.27957","-0.054381"
"excluding_h2218_h2239","sequence_family","type_sides_order_context","101","side_context","18","3","15","197","331","0.413897","0.758308","2","0.215686","0.720588","0.182796","0.003021"
"excluding_h2218_h2239","sequence_family","type_sides_order_context","102","frequency","18","3","15","193","331","0.410876","0.719033","2","0","1","0","0"
"excluding_h2218_h2239","sequence_family","type_sides_order_context","102","object","18","3","15","193","331","0.410876","0.752266","2","0","1","0","0"
"excluding_h2218_h2239","sequence_family","type_sides_order_context","102","dimensions","18","3","15","193","331","0.401813","0.740181","2","0.176471","0.683824","0.236559","-0.009063"
"excluding_h2218_h2239","sequence_family","type_sides_order_context","102","side_context","18","3","15","193","331","0.344411","0.758308","2","0.362745","0.441176","0.182796","-0.066465"
"excluding_h2218_h2239","sequence_family","type_sides_order_context","103","frequency","18","3","15","214","331","0.410876","0.719033","2","0","1","0","0"
"excluding_h2218_h2239","sequence_family","type_sides_order_context","103","object","18","3","15","214","331","0.410876","0.752266","2","0","1","0","0"
"excluding_h2218_h2239","sequence_family","type_sides_order_context","103","dimensions","18","3","15","214","331","0.383686","0.697885","2","0.343137","0.470588","0.301075","-0.02719"
"excluding_h2218_h2239","sequence_family","type_sides_order_context","103","side_context","18","3","15","214","331","0.410876","0.734139","2","0.196078","0.713235","0.204301","0"
"excluding_h2218_h2239","sequence_family","type_sides_order_context","104","frequency","18","3","15","207","331","0.410876","0.719033","2","0","1","0","0"
"excluding_h2218_h2239","sequence_family","type_sides_order_context","104","object","18","3","15","207","331","0.410876","0.752266","2","0","1","0","0"
"excluding_h2218_h2239","sequence_family","type_sides_order_context","104","dimensions","18","3","15","207","331","0.320242","0.643505","2","0.117647","0.5","0.27957","-0.090634"
"excluding_h2218_h2239","sequence_family","type_sides_order_context","104","side_context","18","3","15","207","331","0.314199","0.749245","2","0.186275","0.5","0.182796","-0.096677"
"excluding_h2218_h2239","sequence_family","type_sides_order_context","105","frequency","18","3","15","205","331","0.410876","0.719033","2","0","1","0","0"
"excluding_h2218_h2239","sequence_family","type_sides_order_context","105","object","18","3","15","205","331","0.410876","0.752266","2","0","1","0","0"
"excluding_h2218_h2239","sequence_family","type_sides_order_context","105","dimensions","18","3","15","205","331","0.356495","0.740181","2","0.323529","0.455882","0.247312","-0.054381"
"excluding_h2218_h2239","sequence_family","type_sides_order_context","105","side_context","18","3","15","205","331","0.253776","0.746224","2","0.088235","0.426471","0.182796","-0.1571"
"excluding_h2218_h2239","sequence_family","type_sides_order_context","106","frequency","18","3","15","214","331","0.410876","0.719033","2","0","1","0","0"
"excluding_h2218_h2239","sequence_family","type_sides_order_context","106","object","18","3","15","214","331","0.410876","0.752266","2","0","1","0","0"
"excluding_h2218_h2239","sequence_family","type_sides_order_context","106","dimensions","18","3","15","214","331","0.404834","0.725076","2","0.215686","0.595588","0.333333","-0.006042"
"excluding_h2218_h2239","sequence_family","type_sides_order_context","106","side_context","18","3","15","214","331","0.404834","0.758308","2","0.186275","0.713235","0.193548","-0.006042"
"excluding_h2218_h2239","sequence_family","type_sides_order_context","107","frequency","18","3","15","212","331","0.410876","0.719033","2","0","1","0","0"
"excluding_h2218_h2239","sequence_family","type_sides_order_context","107","object","18","3","15","212","331","0.410876","0.752266","2","0","1","0","0"
"excluding_h2218_h2239","sequence_family","type_sides_order_context","107","dimensions","18","3","15","212","331","0.377644","0.616314","2","0.284314","0.698529","0.010753","-0.033233"
"excluding_h2218_h2239","sequence_family","type_sides_order_context","107","side_context","18","3","15","212","331","0.380665","0.767372","2","0.196078","0.492647","0.419355","-0.030211"
"excluding_h2218_h2239","sequence_family","type_sides_order_context","108","frequency","18","3","15","213","331","0.410876","0.719033","2","0","1","0","0"
"excluding_h2218_h2239","sequence_family","type_sides_order_context","108","object","18","3","15","213","331","0.410876","0.752266","2","0","1","0","0"
"excluding_h2218_h2239","sequence_family","type_sides_order_context","108","dimensions","18","3","15","213","331","0.332326","0.688822","2","0.04902","0.485294","0.419355","-0.07855"
"excluding_h2218_h2239","sequence_family","type_sides_order_context","108","side_context","18","3","15","213","331","0.374622","0.758308","2","0.107843","0.705882","0.182796","-0.036254"
"excluding_h2218_h2239","sequence_family","type_sides_order_context","109","frequency","18","3","15","199","331","0.410876","0.719033","2","0","1","0","0"
"excluding_h2218_h2239","sequence_family","type_sides_order_context","109","object","18","3","15","199","331","0.410876","0.752266","2","0","1","0","0"
"excluding_h2218_h2239","sequence_family","type_sides_order_context","109","dimensions","18","3","15","199","331","0.359517","0.655589","2","0.176471","0.558824","0.268817","-0.05136"
"excluding_h2218_h2239","sequence_family","type_sides_order_context","109","side_context","18","3","15","199","331","0.362538","0.758308","2","0.490196","0.389706","0.182796","-0.048338"
"excluding_h2218_h2239","sequence_family","type_sides_order_context","110","frequency","18","3","15","204","331","0.410876","0.719033","2","0","1","0","0"
"excluding_h2218_h2239","sequence_family","type_sides_order_context","110","object","18","3","15","204","331","0.410876","0.752266","2","0","1","0","0"
"excluding_h2218_h2239","sequence_family","type_sides_order_context","110","dimensions","18","3","15","204","331","0.350453","0.691843","2","0.245098","0.455882","0.311828","-0.060423"
"excluding_h2218_h2239","sequence_family","type_sides_order_context","110","side_context","18","3","15","204","331","0.413897","0.752266","2","0.215686","0.720588","0.182796","0.003021"
"excluding_h2218_h2239","sequence_family","type_sides_order_context","111","frequency","18","3","15","201","331","0.410876","0.719033","2","0","1","0","0"
"excluding_h2218_h2239","sequence_family","type_sides_order_context","111","object","18","3","15","201","331","0.410876","0.752266","2","0","1","0","0"
"excluding_h2218_h2239","sequence_family","type_sides_order_context","111","dimensions","18","3","15","201","331","0.380665","0.73716","2","0.156863","0.544118","0.387097","-0.030211"
"excluding_h2218_h2239","sequence_family","type_sides_order_context","111","side_context","18","3","15","201","331","0.380665","0.749245","2","0.470588","0.448529","0.182796","-0.030211"
"excluding_h2218_h2239","sequence_family","type_sides_order_context","112","frequency","18","3","15","202","331","0.410876","0.719033","2","0","1","0","0"
"excluding_h2218_h2239","sequence_family","type_sides_order_context","112","object","18","3","15","202","331","0.410876","0.752266","2","0","1","0","0"
"excluding_h2218_h2239","sequence_family","type_sides_order_context","112","dimensions","18","3","15","202","331","0.344411","0.712991","2","0.254902","0.647059","0","-0.066465"
"excluding_h2218_h2239","sequence_family","type_sides_order_context","112","side_context","18","3","15","202","331","0.398792","0.755287","2","0.186275","0.705882","0.182796","-0.012085"
"excluding_h2218_h2239","sequence_family","type_sides_order_context","113","frequency","18","3","15","205","331","0.410876","0.719033","2","0","1","0","0"
"excluding_h2218_h2239","sequence_family","type_sides_order_context","113","object","18","3","15","205","331","0.410876","0.752266","2","0","1","0","0"
"excluding_h2218_h2239","sequence_family","type_sides_order_context","113","dimensions","18","3","15","205","331","0.413897","0.728097","2","0.235294","0.661765","0.247312","0.003021"
"excluding_h2218_h2239","sequence_family","type_sides_order_context","113","side_context","18","3","15","205","331","0.404834","0.758308","2","0.186275","0.720588","0.182796","-0.006042"
"excluding_h2218_h2239","sequence_family","type_sides_order_context","114","frequency","18","3","15","195","331","0.410876","0.719033","2","0","1","0","0"
"excluding_h2218_h2239","sequence_family","type_sides_order_context","114","object","18","3","15","195","331","0.410876","0.752266","2","0","1","0","0"
"excluding_h2218_h2239","sequence_family","type_sides_order_context","114","dimensions","18","3","15","195","331","0.302115","0.703927","2","0.22549","0.463235","0.150538","-0.108761"
"excluding_h2218_h2239","sequence_family","type_sides_order_context","114","side_context","18","3","15","195","331","0.389728","0.73716","2","0.215686","0.654412","0.193548","-0.021148"
"excluding_h2218_h2239","sequence_family","type_sides_order_context","115","frequency","18","3","15","195","331","0.410876","0.719033","2","0","1","0","0"
"excluding_h2218_h2239","sequence_family","type_sides_order_context","115","object","18","3","15","195","331","0.410876","0.752266","2","0","1","0","0"
"excluding_h2218_h2239","sequence_family","type_sides_order_context","115","dimensions","18","3","15","195","331","0.398792","0.712991","2","0.107843","0.507353","0.55914","-0.012085"
"excluding_h2218_h2239","sequence_family","type_sides_order_context","115","side_context","18","3","15","195","331","0.404834","0.719033","2","0.54902","0.5","0.107527","-0.006042"
"excluding_h2218_h2239","sequence_family","type_sides_order_context","116","frequency","18","3","15","205","331","0.410876","0.719033","2","0","1","0","0"
"excluding_h2218_h2239","sequence_family","type_sides_order_context","116","object","18","3","15","205","331","0.410876","0.752266","2","0","1","0","0"
"excluding_h2218_h2239","sequence_family","type_sides_order_context","116","dimensions","18","3","15","205","331","0.344411","0.73716","2","0.411765","0.433824","0.139785","-0.066465"
"excluding_h2218_h2239","sequence_family","type_sides_order_context","116","side_context","18","3","15","205","331","0.404834","0.755287","2","0.186275","0.720588","0.182796","-0.006042"
"excluding_h2218_h2239","sequence_family","type_sides_order_context","117","frequency","18","3","15","208","331","0.410876","0.719033","2","0","1","0","0"
"excluding_h2218_h2239","sequence_family","type_sides_order_context","117","object","18","3","15","208","331","0.410876","0.752266","2","0","1","0","0"
"excluding_h2218_h2239","sequence_family","type_sides_order_context","117","dimensions","18","3","15","208","331","0.374622","0.703927","2","0.22549","0.514706","0.333333","-0.036254"
"excluding_h2218_h2239","sequence_family","type_sides_order_context","117","side_context","18","3","15","208","331","0.293051","0.749245","2","0.088235","0.522059","0.182796","-0.117825"
"excluding_h2218_h2239","sequence_family","type_sides_order_context","118","frequency","18","3","15","201","331","0.410876","0.719033","2","0","1","0","0"
"excluding_h2218_h2239","sequence_family","type_sides_order_context","118","object","18","3","15","201","331","0.410876","0.752266","2","0","1","0","0"
"excluding_h2218_h2239","sequence_family","type_sides_order_context","118","dimensions","18","3","15","201","331","0.332326","0.643505","2","0.215686","0.647059","0","-0.07855"
"excluding_h2218_h2239","sequence_family","type_sides_order_context","118","side_context","18","3","15","201","331","0.404834","0.758308","2","0.196078","0.713235","0.182796","-0.006042"
"excluding_h2218_h2239","sequence_family","type_sides_order_context","119","frequency","18","3","15","205","331","0.410876","0.719033","2","0","1","0","0"
"excluding_h2218_h2239","sequence_family","type_sides_order_context","119","object","18","3","15","205","331","0.410876","0.752266","2","0","1","0","0"
"excluding_h2218_h2239","sequence_family","type_sides_order_context","119","dimensions","18","3","15","205","331","0.280967","0.706949","2","0.127451","0.426471","0.236559","-0.129909"
"excluding_h2218_h2239","sequence_family","type_sides_order_context","119","side_context","18","3","15","205","331","0.380665","0.679758","2","0.127451","0.720588","0.16129","-0.030211"
"excluding_h2218_h2239","sequence_family","type_sides_order_context","120","frequency","18","3","15","215","331","0.410876","0.719033","2","0","1","0","0"
"excluding_h2218_h2239","sequence_family","type_sides_order_context","120","object","18","3","15","215","331","0.410876","0.752266","2","0","1","0","0"
"excluding_h2218_h2239","sequence_family","type_sides_order_context","120","dimensions","18","3","15","215","331","0.371601","0.712991","2","0.303922","0.529412","0.215054","-0.039275"
"excluding_h2218_h2239","sequence_family","type_sides_order_context","120","side_context","18","3","15","215","331","0.413897","0.670695","2","0.196078","0.735294","0.182796","0.003021"
"excluding_h2218_h2239","sequence_family","type_sides_order_context","121","frequency","18","3","15","196","331","0.410876","0.719033","2","0","1","0","0"
"excluding_h2218_h2239","sequence_family","type_sides_order_context","121","object","18","3","15","196","331","0.410876","0.752266","2","0","1","0","0"
"excluding_h2218_h2239","sequence_family","type_sides_order_context","121","dimensions","18","3","15","196","331","0.317221","0.731118","2","0.362745","0.397059","0.150538","-0.093656"
"excluding_h2218_h2239","sequence_family","type_sides_order_context","121","side_context","18","3","15","196","331","0.392749","0.758308","2","0.490196","0.463235","0.182796","-0.018127"
"excluding_h2218_h2239","sequence_family","type_sides_order_context","122","frequency","18","3","15","196","331","0.410876","0.719033","2","0","1","0","0"
"excluding_h2218_h2239","sequence_family","type_sides_order_context","122","object","18","3","15","196","331","0.410876","0.752266","2","0","1","0","0"
"excluding_h2218_h2239","sequence_family","type_sides_order_context","122","dimensions","18","3","15","196","331","0.39577","0.73716","2","0.254902","0.683824","0.129032","-0.015106"
"excluding_h2218_h2239","sequence_family","type_sides_order_context","122","side_context","18","3","15","196","331","0.410876","0.758308","2","0.215686","0.713235","0.182796","0"
"excluding_h2218_h2239","sequence_family","type_sides_order_context","123","frequency","18","3","15","195","331","0.410876","0.719033","2","0","1","0","0"
"excluding_h2218_h2239","sequence_family","type_sides_order_context","123","object","18","3","15","195","331","0.410876","0.752266","2","0","1","0","0"
"excluding_h2218_h2239","sequence_family","type_sides_order_context","123","dimensions","18","3","15","195","331","0.323263","0.676737","2","0.176471","0.514706","0.204301","-0.087613"
"excluding_h2218_h2239","sequence_family","type_sides_order_context","123","side_context","18","3","15","195","331","0.410876","0.679758","2","0.215686","0.713235","0.182796","0"
"excluding_h2218_h2239","sequence_family","type_sides_order_context","124","frequency","18","3","15","205","331","0.410876","0.719033","2","0","1","0","0"
"excluding_h2218_h2239","sequence_family","type_sides_order_context","124","object","18","3","15","205","331","0.410876","0.752266","2","0","1","0","0"
"excluding_h2218_h2239","sequence_family","type_sides_order_context","124","dimensions","18","3","15","205","331","0.34139","0.682779","2","0.245098","0.507353","0.204301","-0.069486"
"excluding_h2218_h2239","sequence_family","type_sides_order_context","124","side_context","18","3","15","205","331","0.404834","0.758308","2","0.196078","0.713235","0.182796","-0.006042"
"excluding_h2218_h2239","sequence_family","type_sides_order_context","125","frequency","18","3","15","199","331","0.410876","0.719033","2","0","1","0","0"
"excluding_h2218_h2239","sequence_family","type_sides_order_context","125","object","18","3","15","199","331","0.410876","0.752266","2","0","1","0","0"
"excluding_h2218_h2239","sequence_family","type_sides_order_context","125","dimensions","18","3","15","199","331","0.326284","0.691843","2","0.333333","0.375","0.247312","-0.084592"
"excluding_h2218_h2239","sequence_family","type_sides_order_context","125","side_context","18","3","15","199","331","0.413897","0.752266","2","0.186275","0.727941","0.204301","0.003021"
"excluding_h2218_h2239","sequence_family","type_sides_order_context","126","frequency","18","3","15","193","331","0.410876","0.719033","2","0","1","0","0"
"excluding_h2218_h2239","sequence_family","type_sides_order_context","126","object","18","3","15","193","331","0.410876","0.752266","2","0","1","0","0"
"excluding_h2218_h2239","sequence_family","type_sides_order_context","126","dimensions","18","3","15","193","331","0.380665","0.685801","2","0.264706","0.566176","0.236559","-0.030211"
"excluding_h2218_h2239","sequence_family","type_sides_order_context","126","side_context","18","3","15","193","331","0.34139","0.761329","2","0.45098","0.367647","0.182796","-0.069486"
"excluding_h2218_h2239","sequence_family","type_sides_order_context","127","frequency","18","3","15","210","331","0.410876","0.719033","2","0","1","0","0"
"excluding_h2218_h2239","sequence_family","type_sides_order_context","127","object","18","3","15","210","331","0.410876","0.752266","2","0","1","0","0"
"excluding_h2218_h2239","sequence_family","type_sides_order_context","127","dimensions","18","3","15","210","331","0.413897","0.676737","2","0.421569","0.558824","0.193548","0.003021"
"excluding_h2218_h2239","sequence_family","type_sides_order_context","127","side_context","18","3","15","210","331","0.407855","0.758308","2","0.186275","0.720588","0.193548","-0.003021"
"excluding_h2218_h2239","sequence_family","type_sides_order_context","128","frequency","18","3","15","209","331","0.410876","0.719033","2","0","1","0","0"
"excluding_h2218_h2239","sequence_family","type_sides_order_context","128","object","18","3","15","209","331","0.410876","0.752266","2","0","1","0","0"
"excluding_h2218_h2239","sequence_family","type_sides_order_context","128","dimensions","18","3","15","209","331","0.353474","0.73716","2","0.235294","0.551471","0.193548","-0.057402"
"excluding_h2218_h2239","sequence_family","type_sides_order_context","128","side_context","18","3","15","209","331","0.410876","0.755287","2","0.196078","0.727941","0.182796","0"
"excluding_h2218_h2239","sequence_family","type_sides_order_context","129","frequency","18","3","15","199","331","0.410876","0.719033","2","0","1","0","0"
"excluding_h2218_h2239","sequence_family","type_sides_order_context","129","object","18","3","15","199","331","0.410876","0.752266","2","0","1","0","0"
"excluding_h2218_h2239","sequence_family","type_sides_order_context","129","dimensions","18","3","15","199","331","0.362538","0.679758","2","0.156863","0.647059","0.172043","-0.048338"
"excluding_h2218_h2239","sequence_family","type_sides_order_context","129","side_context","18","3","15","199","331","0.26284","0.719033","2","0.196078","0.404412","0.129032","-0.148036"
"excluding_h2218_h2239","sequence_family","type_sides_order_context","130","frequency","18","3","15","197","331","0.410876","0.719033","2","0","1","0","0"
"excluding_h2218_h2239","sequence_family","type_sides_order_context","130","object","18","3","15","197","331","0.410876","0.752266","2","0","1","0","0"
"excluding_h2218_h2239","sequence_family","type_sides_order_context","130","dimensions","18","3","15","197","331","0.377644","0.679758","2","0.333333","0.529412","0.204301","-0.033233"
"excluding_h2218_h2239","sequence_family","type_sides_order_context","130","side_context","18","3","15","197","331","0.401813","0.755287","2","0.166667","0.713235","0.204301","-0.009063"
"excluding_h2218_h2239","sequence_family","type_sides_order_context","131","frequency","18","3","15","219","331","0.410876","0.719033","2","0","1","0","0"
"excluding_h2218_h2239","sequence_family","type_sides_order_context","131","object","18","3","15","219","331","0.410876","0.752266","2","0","1","0","0"
"excluding_h2218_h2239","sequence_family","type_sides_order_context","131","dimensions","18","3","15","219","331","0.36858","0.679758","2","0.22549","0.698529","0.043011","-0.042296"
"excluding_h2218_h2239","sequence_family","type_sides_order_context","131","side_context","18","3","15","219","331","0.383686","0.770393","2","0.127451","0.713235","0.182796","-0.02719"
"excluding_h2218_h2239","sequence_family","type_sides_order_context","132","frequency","18","3","15","200","331","0.410876","0.719033","2","0","1","0","0"
"excluding_h2218_h2239","sequence_family","type_sides_order_context","132","object","18","3","15","200","331","0.410876","0.752266","2","0","1","0","0"
"excluding_h2218_h2239","sequence_family","type_sides_order_context","132","dimensions","18","3","15","200","331","0.296073","0.655589","2","0","0.566176","0.225806","-0.114804"
"excluding_h2218_h2239","sequence_family","type_sides_order_context","132","side_context","18","3","15","200","331","0.410876","0.761329","2","0.205882","0.720588","0.182796","0"
"excluding_h2218_h2239","sequence_family","type_sides_order_context","133","frequency","18","3","15","208","331","0.410876","0.719033","2","0","1","0","0"
"excluding_h2218_h2239","sequence_family","type_sides_order_context","133","object","18","3","15","208","331","0.410876","0.752266","2","0","1","0","0"
"excluding_h2218_h2239","sequence_family","type_sides_order_context","133","dimensions","18","3","15","208","331","0.386707","0.722054","2","0.176471","0.639706","0.247312","-0.024169"
"excluding_h2218_h2239","sequence_family","type_sides_order_context","133","side_context","18","3","15","208","331","0.386707","0.749245","2","0.588235","0.375","0.182796","-0.024169"
"excluding_h2218_h2239","sequence_family","type_sides_order_context","134","frequency","18","3","15","201","331","0.410876","0.719033","2","0","1","0","0"
"excluding_h2218_h2239","sequence_family","type_sides_order_context","134","object","18","3","15","201","331","0.410876","0.752266","2","0","1","0","0"
"excluding_h2218_h2239","sequence_family","type_sides_order_context","134","dimensions","18","3","15","201","331","0.392749","0.731118","2","0.421569","0.507353","0.193548","-0.018127"
"excluding_h2218_h2239","sequence_family","type_sides_order_context","134","side_context","18","3","15","201","331","0.359517","0.746224","2","0.098039","0.676471","0.182796","-0.05136"
"excluding_h2218_h2239","sequence_family","type_sides_order_context","135","frequency","18","3","15","195","331","0.410876","0.719033","2","0","1","0","0"
"excluding_h2218_h2239","sequence_family","type_sides_order_context","135","object","18","3","15","195","331","0.410876","0.752266","2","0","1","0","0"
"excluding_h2218_h2239","sequence_family","type_sides_order_context","135","dimensions","18","3","15","195","331","0.314199","0.63142","2","0.137255","0.551471","0.16129","-0.096677"
"excluding_h2218_h2239","sequence_family","type_sides_order_context","135","side_context","18","3","15","195","331","0.401813","0.752266","2","0.186275","0.713235","0.182796","-0.009063"
"excluding_h2218_h2239","sequence_family","type_sides_order_context","136","frequency","18","3","15","198","331","0.410876","0.719033","2","0","1","0","0"
"excluding_h2218_h2239","sequence_family","type_sides_order_context","136","object","18","3","15","198","331","0.410876","0.752266","2","0","1","0","0"
"excluding_h2218_h2239","sequence_family","type_sides_order_context","136","dimensions","18","3","15","198","331","0.311178","0.731118","2","0.235294","0.433824","0.215054","-0.099698"
"excluding_h2218_h2239","sequence_family","type_sides_order_context","136","side_context","18","3","15","198","331","0.383686","0.755287","2","0.117647","0.720588","0.182796","-0.02719"
"excluding_h2218_h2239","sequence_family","type_sides_order_context","137","frequency","18","3","15","208","331","0.410876","0.719033","2","0","1","0","0"
"excluding_h2218_h2239","sequence_family","type_sides_order_context","137","object","18","3","15","208","331","0.410876","0.752266","2","0","1","0","0"
"excluding_h2218_h2239","sequence_family","type_sides_order_context","137","dimensions","18","3","15","208","331","0.335347","0.679758","2","0.313725","0.551471","0.043011","-0.075529"
"excluding_h2218_h2239","sequence_family","type_sides_order_context","137","side_context","18","3","15","208","331","0.404834","0.758308","2","0.205882","0.705882","0.182796","-0.006042"
"excluding_h2218_h2239","sequence_family","type_sides_order_context","138","frequency","18","3","15","203","331","0.410876","0.719033","2","0","1","0","0"
"excluding_h2218_h2239","sequence_family","type_sides_order_context","138","object","18","3","15","203","331","0.410876","0.752266","2","0","1","0","0"
"excluding_h2218_h2239","sequence_family","type_sides_order_context","138","dimensions","18","3","15","203","331","0.314199","0.725076","2","0.245098","0.411765","0.247312","-0.096677"
"excluding_h2218_h2239","sequence_family","type_sides_order_context","138","side_context","18","3","15","203","331","0.404834","0.779456","2","0.186275","0.720588","0.182796","-0.006042"
"excluding_h2218_h2239","sequence_family","type_sides_order_context","139","frequency","18","3","15","197","331","0.410876","0.719033","2","0","1","0","0"
"excluding_h2218_h2239","sequence_family","type_sides_order_context","139","object","18","3","15","197","331","0.410876","0.752266","2","0","1","0","0"
"excluding_h2218_h2239","sequence_family","type_sides_order_context","139","dimensions","18","3","15","197","331","0.359517","0.767372","2","0.156863","0.544118","0.311828","-0.05136"
"excluding_h2218_h2239","sequence_family","type_sides_order_context","139","side_context","18","3","15","197","331","0.413897","0.761329","2","0.205882","0.727941","0.182796","0.003021"
"excluding_h2218_h2239","sequence_family","type_sides_order_context","140","frequency","18","3","15","199","331","0.410876","0.719033","2","0","1","0","0"
"excluding_h2218_h2239","sequence_family","type_sides_order_context","140","object","18","3","15","199","331","0.410876","0.752266","2","0","1","0","0"
"excluding_h2218_h2239","sequence_family","type_sides_order_context","140","dimensions","18","3","15","199","331","0.356495","0.622356","2","0.058824","0.683824","0.204301","-0.054381"
"excluding_h2218_h2239","sequence_family","type_sides_order_context","140","side_context","18","3","15","199","331","0.380665","0.752266","2","0.098039","0.713235","0.204301","-0.030211"
"excluding_h2218_h2239","sequence_family","type_sides_order_context","141","frequency","18","3","15","198","331","0.410876","0.719033","2","0","1","0","0"
"excluding_h2218_h2239","sequence_family","type_sides_order_context","141","object","18","3","15","198","331","0.410876","0.752266","2","0","1","0","0"
"excluding_h2218_h2239","sequence_family","type_sides_order_context","141","dimensions","18","3","15","198","331","0.335347","0.722054","2","0.254902","0.433824","0.27957","-0.075529"
"excluding_h2218_h2239","sequence_family","type_sides_order_context","141","side_context","18","3","15","198","331","0.329305","0.758308","2","0.362745","0.404412","0.182796","-0.081571"
"excluding_h2218_h2239","sequence_family","type_sides_order_context","142","frequency","18","3","15","214","331","0.410876","0.719033","2","0","1","0","0"
"excluding_h2218_h2239","sequence_family","type_sides_order_context","142","object","18","3","15","214","331","0.410876","0.752266","2","0","1","0","0"
"excluding_h2218_h2239","sequence_family","type_sides_order_context","142","dimensions","18","3","15","214","331","0.350453","0.673716","2","0.156863","0.610294","0.182796","-0.060423"
"excluding_h2218_h2239","sequence_family","type_sides_order_context","142","side_context","18","3","15","214","331","0.326284","0.800604","2","0.372549","0.411765","0.150538","-0.084592"
"excluding_h2218_h2239","sequence_family","type_sides_order_context","143","frequency","18","3","15","208","331","0.410876","0.719033","2","0","1","0","0"
"excluding_h2218_h2239","sequence_family","type_sides_order_context","143","object","18","3","15","208","331","0.410876","0.752266","2","0","1","0","0"
"excluding_h2218_h2239","sequence_family","type_sides_order_context","143","dimensions","18","3","15","208","331","0.323263","0.643505","2","0.107843","0.551471","0.225806","-0.087613"
"excluding_h2218_h2239","sequence_family","type_sides_order_context","143","side_context","18","3","15","208","331","0.407855","0.758308","2","0.196078","0.720588","0.182796","-0.003021"
"excluding_h2218_h2239","sequence_family","type_sides_order_context","144","frequency","18","3","15","205","331","0.410876","0.719033","2","0","1","0","0"
"excluding_h2218_h2239","sequence_family","type_sides_order_context","144","object","18","3","15","205","331","0.410876","0.752266","2","0","1","0","0"
"excluding_h2218_h2239","sequence_family","type_sides_order_context","144","dimensions","18","3","15","205","331","0.374622","0.694864","2","0.245098","0.544118","0.268817","-0.036254"
"excluding_h2218_h2239","sequence_family","type_sides_order_context","144","side_context","18","3","15","205","331","0.374622","0.78852","2","0.490196","0.433824","0.16129","-0.036254"
"excluding_h2218_h2239","sequence_family","type_sides_order_context","145","frequency","18","3","15","216","331","0.410876","0.719033","2","0","1","0","0"
"excluding_h2218_h2239","sequence_family","type_sides_order_context","145","object","18","3","15","216","331","0.410876","0.752266","2","0","1","0","0"
"excluding_h2218_h2239","sequence_family","type_sides_order_context","145","dimensions","18","3","15","216","331","0.359517","0.740181","2","0.441176","0.323529","0.322581","-0.05136"
"excluding_h2218_h2239","sequence_family","type_sides_order_context","145","side_context","18","3","15","216","331","0.259819","0.755287","2","0.196078","0.360294","0.182796","-0.151057"
"excluding_h2218_h2239","sequence_family","type_sides_order_context","146","frequency","18","3","15","209","331","0.410876","0.719033","2","0","1","0","0"
"excluding_h2218_h2239","sequence_family","type_sides_order_context","146","object","18","3","15","209","331","0.410876","0.752266","2","0","1","0","0"
"excluding_h2218_h2239","sequence_family","type_sides_order_context","146","dimensions","18","3","15","209","331","0.450151","0.728097","2","0.215686","0.838235","0.139785","0.039275"
"excluding_h2218_h2239","sequence_family","type_sides_order_context","146","side_context","18","3","15","209","331","0.404834","0.749245","2","0.205882","0.705882","0.182796","-0.006042"
"excluding_h2218_h2239","sequence_family","type_sides_order_context","147","frequency","18","3","15","203","331","0.410876","0.719033","2","0","1","0","0"
"excluding_h2218_h2239","sequence_family","type_sides_order_context","147","object","18","3","15","203","331","0.410876","0.752266","2","0","1","0","0"
"excluding_h2218_h2239","sequence_family","type_sides_order_context","147","dimensions","18","3","15","203","331","0.392749","0.725076","2","0.294118","0.610294","0.182796","-0.018127"
"excluding_h2218_h2239","sequence_family","type_sides_order_context","147","side_context","18","3","15","203","331","0.34139","0.752266","2","0.372549","0.426471","0.182796","-0.069486"
"excluding_h2218_h2239","sequence_family","type_sides_order_context","148","frequency","18","3","15","216","331","0.410876","0.719033","2","0","1","0","0"
"excluding_h2218_h2239","sequence_family","type_sides_order_context","148","object","18","3","15","216","331","0.410876","0.752266","2","0","1","0","0"
"excluding_h2218_h2239","sequence_family","type_sides_order_context","148","dimensions","18","3","15","216","331","0.356495","0.731118","2","0.323529","0.544118","0.11828","-0.054381"
"excluding_h2218_h2239","sequence_family","type_sides_order_context","148","side_context","18","3","15","216","331","0.407855","0.740181","2","0.205882","0.713235","0.182796","-0.003021"
"excluding_h2218_h2239","sequence_family","type_sides_order_context","149","frequency","18","3","15","200","331","0.410876","0.719033","2","0","1","0","0"
"excluding_h2218_h2239","sequence_family","type_sides_order_context","149","object","18","3","15","200","331","0.410876","0.752266","2","0","1","0","0"
"excluding_h2218_h2239","sequence_family","type_sides_order_context","149","dimensions","18","3","15","200","331","0.386707","0.743202","2","0.264706","0.529412","0.311828","-0.024169"
"excluding_h2218_h2239","sequence_family","type_sides_order_context","149","side_context","18","3","15","200","331","0.413897","0.755287","2","0.215686","0.720588","0.182796","0.003021"
"excluding_h2218_h2239","sequence_family","type_sides_order_context","150","frequency","18","3","15","207","331","0.410876","0.719033","2","0","1","0","0"
"excluding_h2218_h2239","sequence_family","type_sides_order_context","150","object","18","3","15","207","331","0.410876","0.752266","2","0","1","0","0"
"excluding_h2218_h2239","sequence_family","type_sides_order_context","150","dimensions","18","3","15","207","331","0.344411","0.712991","2","0.470588","0.404412","0.11828","-0.066465"
"excluding_h2218_h2239","sequence_family","type_sides_order_context","150","side_context","18","3","15","207","331","0.386707","0.740181","2","0.578431","0.382353","0.182796","-0.024169"
"excluding_h2218_h2239","sequence_family","type_sides_order_context","151","frequency","18","3","15","198","331","0.410876","0.719033","2","0","1","0","0"
"excluding_h2218_h2239","sequence_family","type_sides_order_context","151","object","18","3","15","198","331","0.410876","0.752266","2","0","1","0","0"
"excluding_h2218_h2239","sequence_family","type_sides_order_context","151","dimensions","18","3","15","198","331","0.404834","0.664653","2","0.401961","0.632353","0.075269","-0.006042"
"excluding_h2218_h2239","sequence_family","type_sides_order_context","151","side_context","18","3","15","198","331","0.450151","0.791541","2","0.539216","0.566176","0.182796","0.039275"
"excluding_h2218_h2239","sequence_family","type_sides_order_context","152","frequency","18","3","15","198","331","0.410876","0.719033","2","0","1","0","0"
"excluding_h2218_h2239","sequence_family","type_sides_order_context","152","object","18","3","15","198","331","0.410876","0.752266","2","0","1","0","0"
"excluding_h2218_h2239","sequence_family","type_sides_order_context","152","dimensions","18","3","15","198","331","0.407855","0.719033","2","0.196078","0.573529","0.397849","-0.003021"
"excluding_h2218_h2239","sequence_family","type_sides_order_context","152","side_context","18","3","15","198","331","0.389728","0.776435","2","0.186275","0.5","0.451613","-0.021148"
"excluding_h2218_h2239","sequence_family","type_sides_order_context","153","frequency","18","3","15","205","331","0.410876","0.719033","2","0","1","0","0"
"excluding_h2218_h2239","sequence_family","type_sides_order_context","153","object","18","3","15","205","331","0.410876","0.752266","2","0","1","0","0"
"excluding_h2218_h2239","sequence_family","type_sides_order_context","153","dimensions","18","3","15","205","331","0.425982","0.719033","2","0.460784","0.529412","0.236559","0.015106"
"excluding_h2218_h2239","sequence_family","type_sides_order_context","153","side_context","18","3","15","205","331","0.253776","0.583082","2","0.107843","0.426471","0.16129","-0.1571"
"excluding_h2218_h2239","sequence_family","type_sides_order_context","154","frequency","18","3","15","205","331","0.410876","0.719033","2","0","1","0","0"
"excluding_h2218_h2239","sequence_family","type_sides_order_context","154","object","18","3","15","205","331","0.410876","0.752266","2","0","1","0","0"
"excluding_h2218_h2239","sequence_family","type_sides_order_context","154","dimensions","18","3","15","205","331","0.389728","0.676737","2","0.264706","0.632353","0.172043","-0.021148"
"excluding_h2218_h2239","sequence_family","type_sides_order_context","154","side_context","18","3","15","205","331","0.398792","0.758308","2","0.186275","0.705882","0.182796","-0.012085"
"excluding_h2218_h2239","sequence_family","type_sides_order_context","155","frequency","18","3","15","190","331","0.410876","0.719033","2","0","1","0","0"
"excluding_h2218_h2239","sequence_family","type_sides_order_context","155","object","18","3","15","190","331","0.410876","0.752266","2","0","1","0","0"
"excluding_h2218_h2239","sequence_family","type_sides_order_context","155","dimensions","18","3","15","190","331","0.416918","0.722054","2","0.235294","0.647059","0.27957","0.006042"
"excluding_h2218_h2239","sequence_family","type_sides_order_context","155","side_context","18","3","15","190","331","0.36858","0.78852","2","0.411765","0.448529","0.204301","-0.042296"
"excluding_h2218_h2239","sequence_family","type_sides_order_context","156","frequency","18","3","15","192","331","0.410876","0.719033","2","0","1","0","0"
"excluding_h2218_h2239","sequence_family","type_sides_order_context","156","object","18","3","15","192","331","0.410876","0.752266","2","0","1","0","0"
"excluding_h2218_h2239","sequence_family","type_sides_order_context","156","dimensions","18","3","15","192","331","0.305136","0.712991","2","0.176471","0.448529","0.236559","-0.10574"
"excluding_h2218_h2239","sequence_family","type_sides_order_context","156","side_context","18","3","15","192","331","0.407855","0.758308","2","0.196078","0.720588","0.182796","-0.003021"
"excluding_h2218_h2239","sequence_family","type_sides_order_context","157","frequency","18","3","15","175","331","0.410876","0.719033","2","0","1","0","0"
"excluding_h2218_h2239","sequence_family","type_sides_order_context","157","object","18","3","15","175","331","0.410876","0.752266","2","0","1","0","0"
"excluding_h2218_h2239","sequence_family","type_sides_order_context","157","dimensions","18","3","15","175","331","0.392749","0.691843","2","0.147059","0.566176","0.408602","-0.018127"
"excluding_h2218_h2239","sequence_family","type_sides_order_context","157","side_context","18","3","15","175","331","0.386707","0.761329","2","0.107843","0.735294","0.182796","-0.024169"
"excluding_h2218_h2239","sequence_family","type_sides_order_context","158","frequency","18","3","15","209","331","0.410876","0.719033","2","0","1","0","0"
"excluding_h2218_h2239","sequence_family","type_sides_order_context","158","object","18","3","15","209","331","0.410876","0.752266","2","0","1","0","0"
"excluding_h2218_h2239","sequence_family","type_sides_order_context","158","dimensions","18","3","15","209","331","0.404834","0.694864","2","0.352941","0.404412","0.462366","-0.006042"
"excluding_h2218_h2239","sequence_family","type_sides_order_context","158","side_context","18","3","15","209","331","0.374622","0.697885","2","0.196078","0.639706","0.182796","-0.036254"
"excluding_h2218_h2239","sequence_family","type_sides_order_context","159","frequency","18","3","15","194","331","0.410876","0.719033","2","0","1","0","0"
"excluding_h2218_h2239","sequence_family","type_sides_order_context","159","object","18","3","15","194","331","0.410876","0.752266","2","0","1","0","0"
"excluding_h2218_h2239","sequence_family","type_sides_order_context","159","dimensions","18","3","15","194","331","0.374622","0.76435","2","0.245098","0.433824","0.430108","-0.036254"
"excluding_h2218_h2239","sequence_family","type_sides_order_context","159","side_context","18","3","15","194","331","0.404834","0.749245","2","0.186275","0.720588","0.182796","-0.006042"
"excluding_h2218_h2239","sequence_family","type_sides_order_context","160","frequency","18","3","15","201","331","0.410876","0.719033","2","0","1","0","0"
"excluding_h2218_h2239","sequence_family","type_sides_order_context","160","object","18","3","15","201","331","0.410876","0.752266","2","0","1","0","0"
"excluding_h2218_h2239","sequence_family","type_sides_order_context","160","dimensions","18","3","15","201","331","0.416918","0.688822","2","0.382353","0.632353","0.139785","0.006042"
"excluding_h2218_h2239","sequence_family","type_sides_order_context","160","side_context","18","3","15","201","331","0.350453","0.76435","2","0.343137","0.470588","0.182796","-0.060423"
"excluding_h2218_h2239","sequence_family","type_sides_order_context","161","frequency","18","3","15","191","331","0.410876","0.719033","2","0","1","0","0"
"excluding_h2218_h2239","sequence_family","type_sides_order_context","161","object","18","3","15","191","331","0.410876","0.752266","2","0","1","0","0"
"excluding_h2218_h2239","sequence_family","type_sides_order_context","161","dimensions","18","3","15","191","331","0.283988","0.740181","2","0.088235","0.389706","0.344086","-0.126888"
"excluding_h2218_h2239","sequence_family","type_sides_order_context","161","side_context","18","3","15","191","331","0.407855","0.758308","2","0.215686","0.705882","0.182796","-0.003021"
"excluding_h2218_h2239","sequence_family","type_sides_order_context","162","frequency","18","3","15","204","331","0.410876","0.719033","2","0","1","0","0"
"excluding_h2218_h2239","sequence_family","type_sides_order_context","162","object","18","3","15","204","331","0.410876","0.752266","2","0","1","0","0"
"excluding_h2218_h2239","sequence_family","type_sides_order_context","162","dimensions","18","3","15","204","331","0.350453","0.700906","2","0.186275","0.529412","0.268817","-0.060423"
"excluding_h2218_h2239","sequence_family","type_sides_order_context","162","side_context","18","3","15","204","331","0.407855","0.746224","2","0.196078","0.720588","0.182796","-0.003021"
"excluding_h2218_h2239","sequence_family","type_sides_order_context","163","frequency","18","3","15","190","331","0.410876","0.719033","2","0","1","0","0"
"excluding_h2218_h2239","sequence_family","type_sides_order_context","163","object","18","3","15","190","331","0.410876","0.752266","2","0","1","0","0"
"excluding_h2218_h2239","sequence_family","type_sides_order_context","163","dimensions","18","3","15","190","331","0.299094","0.719033","2","0.127451","0.470588","0.236559","-0.111782"
"excluding_h2218_h2239","sequence_family","type_sides_order_context","163","side_context","18","3","15","190","331","0.410876","0.761329","2","0.196078","0.713235","0.204301","0"
"excluding_h2218_h2239","sequence_family","type_sides_order_context","164","frequency","18","3","15","212","331","0.410876","0.719033","2","0","1","0","0"
"excluding_h2218_h2239","sequence_family","type_sides_order_context","164","object","18","3","15","212","331","0.410876","0.752266","2","0","1","0","0"
"excluding_h2218_h2239","sequence_family","type_sides_order_context","164","dimensions","18","3","15","212","331","0.380665","0.743202","2","0.284314","0.492647","0.322581","-0.030211"
"excluding_h2218_h2239","sequence_family","type_sides_order_context","164","side_context","18","3","15","212","331","0.380665","0.676737","2","0.460784","0.455882","0.182796","-0.030211"
"excluding_h2218_h2239","sequence_family","type_sides_order_context","165","frequency","18","3","15","208","331","0.410876","0.719033","2","0","1","0","0"
"excluding_h2218_h2239","sequence_family","type_sides_order_context","165","object","18","3","15","208","331","0.410876","0.752266","2","0","1","0","0"
"excluding_h2218_h2239","sequence_family","type_sides_order_context","165","dimensions","18","3","15","208","331","0.296073","0.592145","2","0.196078","0.522059","0.075269","-0.114804"
"excluding_h2218_h2239","sequence_family","type_sides_order_context","165","side_context","18","3","15","208","331","0.277946","0.746224","2","0.078431","0.492647","0.182796","-0.132931"
"excluding_h2218_h2239","sequence_family","type_sides_order_context","166","frequency","18","3","15","209","331","0.410876","0.719033","2","0","1","0","0"
"excluding_h2218_h2239","sequence_family","type_sides_order_context","166","object","18","3","15","209","331","0.410876","0.752266","2","0","1","0","0"
"excluding_h2218_h2239","sequence_family","type_sides_order_context","166","dimensions","18","3","15","209","331","0.359517","0.755287","2","0.441176","0.308824","0.344086","-0.05136"
"excluding_h2218_h2239","sequence_family","type_sides_order_context","166","side_context","18","3","15","209","331","0.401813","0.682779","2","0.186275","0.713235","0.182796","-0.009063"
"excluding_h2218_h2239","sequence_family","type_sides_order_context","167","frequency","18","3","15","201","331","0.410876","0.719033","2","0","1","0","0"
"excluding_h2218_h2239","sequence_family","type_sides_order_context","167","object","18","3","15","201","331","0.410876","0.752266","2","0","1","0","0"
"excluding_h2218_h2239","sequence_family","type_sides_order_context","167","dimensions","18","3","15","201","331","0.329305","0.679758","2","0.254902","0.492647","0.172043","-0.081571"
"excluding_h2218_h2239","sequence_family","type_sides_order_context","167","side_context","18","3","15","201","331","0.386707","0.685801","2","0.460784","0.470588","0.182796","-0.024169"
"excluding_h2218_h2239","sequence_family","type_sides_order_context","168","frequency","18","3","15","214","331","0.410876","0.719033","2","0","1","0","0"
"excluding_h2218_h2239","sequence_family","type_sides_order_context","168","object","18","3","15","214","331","0.410876","0.752266","2","0","1","0","0"
"excluding_h2218_h2239","sequence_family","type_sides_order_context","168","dimensions","18","3","15","214","331","0.36858","0.670695","2","0.27451","0.602941","0.129032","-0.042296"
"excluding_h2218_h2239","sequence_family","type_sides_order_context","168","side_context","18","3","15","214","331","0.398792","0.740181","2","0.186275","0.705882","0.182796","-0.012085"
"excluding_h2218_h2239","sequence_family","type_sides_order_context","169","frequency","18","3","15","218","331","0.410876","0.719033","2","0","1","0","0"
"excluding_h2218_h2239","sequence_family","type_sides_order_context","169","object","18","3","15","218","331","0.410876","0.752266","2","0","1","0","0"
"excluding_h2218_h2239","sequence_family","type_sides_order_context","169","dimensions","18","3","15","218","331","0.36858","0.728097","2","0.343137","0.536765","0.150538","-0.042296"
"excluding_h2218_h2239","sequence_family","type_sides_order_context","169","side_context","18","3","15","218","331","0.350453","0.758308","2","0.137255","0.647059","0.150538","-0.060423"
"excluding_h2218_h2239","sequence_family","type_sides_order_context","170","frequency","18","3","15","200","331","0.410876","0.719033","2","0","1","0","0"
"excluding_h2218_h2239","sequence_family","type_sides_order_context","170","object","18","3","15","200","331","0.410876","0.752266","2","0","1","0","0"
"excluding_h2218_h2239","sequence_family","type_sides_order_context","170","dimensions","18","3","15","200","331","0.29003","0.655589","2","0.205882","0.507353","0.064516","-0.120846"
"excluding_h2218_h2239","sequence_family","type_sides_order_context","170","side_context","18","3","15","200","331","0.277946","0.73716","2","0.088235","0.477941","0.193548","-0.132931"
"excluding_h2218_h2239","sequence_family","type_sides_order_context","171","frequency","18","3","15","187","331","0.410876","0.719033","2","0","1","0","0"
"excluding_h2218_h2239","sequence_family","type_sides_order_context","171","object","18","3","15","187","331","0.410876","0.752266","2","0","1","0","0"
"excluding_h2218_h2239","sequence_family","type_sides_order_context","171","dimensions","18","3","15","187","331","0.359517","0.746224","2","0.352941","0.507353","0.150538","-0.05136"
"excluding_h2218_h2239","sequence_family","type_sides_order_context","171","side_context","18","3","15","187","331","0.383686","0.755287","2","0.137255","0.705882","0.182796","-0.02719"
"excluding_h2218_h2239","sequence_family","type_sides_order_context","172","frequency","18","3","15","207","331","0.410876","0.719033","2","0","1","0","0"
"excluding_h2218_h2239","sequence_family","type_sides_order_context","172","object","18","3","15","207","331","0.410876","0.752266","2","0","1","0","0"
"excluding_h2218_h2239","sequence_family","type_sides_order_context","172","dimensions","18","3","15","207","331","0.398792","0.628399","2","0.186275","0.713235","0.172043","-0.012085"
"excluding_h2218_h2239","sequence_family","type_sides_order_context","172","side_context","18","3","15","207","331","0.386707","0.749245","2","0.196078","0.661765","0.193548","-0.024169"
"excluding_h2218_h2239","sequence_family","type_sides_order_context","173","frequency","18","3","15","192","331","0.410876","0.719033","2","0","1","0","0"
"excluding_h2218_h2239","sequence_family","type_sides_order_context","173","object","18","3","15","192","331","0.410876","0.752266","2","0","1","0","0"
"excluding_h2218_h2239","sequence_family","type_sides_order_context","173","dimensions","18","3","15","192","331","0.374622","0.76435","2","0.215686","0.360294","0.569892","-0.036254"
"excluding_h2218_h2239","sequence_family","type_sides_order_context","173","side_context","18","3","15","192","331","0.407855","0.752266","2","0.215686","0.705882","0.182796","-0.003021"
"excluding_h2218_h2239","sequence_family","type_sides_order_context","174","frequency","18","3","15","204","331","0.410876","0.719033","2","0","1","0","0"
"excluding_h2218_h2239","sequence_family","type_sides_order_context","174","object","18","3","15","204","331","0.410876","0.752266","2","0","1","0","0"
"excluding_h2218_h2239","sequence_family","type_sides_order_context","174","dimensions","18","3","15","204","331","0.353474","0.703927","2","0.284314","0.514706","0.193548","-0.057402"
"excluding_h2218_h2239","sequence_family","type_sides_order_context","174","side_context","18","3","15","204","331","0.398792","0.755287","2","0.205882","0.691176","0.182796","-0.012085"
"excluding_h2218_h2239","sequence_family","type_sides_order_context","175","frequency","18","3","15","182","331","0.410876","0.719033","2","0","1","0","0"
"excluding_h2218_h2239","sequence_family","type_sides_order_context","175","object","18","3","15","182","331","0.410876","0.752266","2","0","1","0","0"
"excluding_h2218_h2239","sequence_family","type_sides_order_context","175","dimensions","18","3","15","182","331","0.383686","0.749245","2","0.392157","0.455882","0.268817","-0.02719"
"excluding_h2218_h2239","sequence_family","type_sides_order_context","175","side_context","18","3","15","182","331","0.356495","0.755287","2","0.147059","0.632353","0.182796","-0.054381"
"excluding_h2218_h2239","sequence_family","type_sides_order_context","176","frequency","18","3","15","181","331","0.410876","0.719033","2","0","1","0","0"
"excluding_h2218_h2239","sequence_family","type_sides_order_context","176","object","18","3","15","181","331","0.410876","0.752266","2","0","1","0","0"
"excluding_h2218_h2239","sequence_family","type_sides_order_context","176","dimensions","18","3","15","181","331","0.459215","0.749245","2","0.27451","0.617647","0.430108","0.048338"
"excluding_h2218_h2239","sequence_family","type_sides_order_context","176","side_context","18","3","15","181","331","0.380665","0.749245","2","0.460784","0.455882","0.182796","-0.030211"
"excluding_h2218_h2239","sequence_family","type_sides_order_context","177","frequency","18","3","15","205","331","0.410876","0.719033","2","0","1","0","0"
"excluding_h2218_h2239","sequence_family","type_sides_order_context","177","object","18","3","15","205","331","0.410876","0.752266","2","0","1","0","0"
"excluding_h2218_h2239","sequence_family","type_sides_order_context","177","dimensions","18","3","15","205","331","0.271903","0.682779","2","0.235294","0.397059","0.129032","-0.138973"
"excluding_h2218_h2239","sequence_family","type_sides_order_context","177","side_context","18","3","15","205","331","0.401813","0.755287","2","0.196078","0.705882","0.182796","-0.009063"
"excluding_h2218_h2239","sequence_family","type_sides_order_context","178","frequency","18","3","15","191","331","0.410876","0.719033","2","0","1","0","0"
"excluding_h2218_h2239","sequence_family","type_sides_order_context","178","object","18","3","15","191","331","0.410876","0.752266","2","0","1","0","0"
"excluding_h2218_h2239","sequence_family","type_sides_order_context","178","dimensions","18","3","15","191","331","0.410876","0.722054","2","0.323529","0.566176","0.27957","0"
"excluding_h2218_h2239","sequence_family","type_sides_order_context","178","side_context","18","3","15","191","331","0.422961","0.749245","2","0.617647","0.455882","0.16129","0.012085"
"excluding_h2218_h2239","sequence_family","type_sides_order_context","179","frequency","18","3","15","212","331","0.410876","0.719033","2","0","1","0","0"
"excluding_h2218_h2239","sequence_family","type_sides_order_context","179","object","18","3","15","212","331","0.410876","0.752266","2","0","1","0","0"
"excluding_h2218_h2239","sequence_family","type_sides_order_context","179","dimensions","18","3","15","212","331","0.429003","0.725076","2","0.480392","0.5","0.268817","0.018127"
"excluding_h2218_h2239","sequence_family","type_sides_order_context","179","side_context","18","3","15","212","331","0.416918","0.682779","2","0.215686","0.713235","0.204301","0.006042"
"excluding_h2218_h2239","sequence_family","type_sides_order_context","180","frequency","18","3","15","209","331","0.410876","0.719033","2","0","1","0","0"
"excluding_h2218_h2239","sequence_family","type_sides_order_context","180","object","18","3","15","209","331","0.410876","0.752266","2","0","1","0","0"
"excluding_h2218_h2239","sequence_family","type_sides_order_context","180","dimensions","18","3","15","209","331","0.441088","0.700906","2","0.352941","0.573529","0.344086","0.030211"
"excluding_h2218_h2239","sequence_family","type_sides_order_context","180","side_context","18","3","15","209","331","0.359517","0.755287","2","0.382353","0.448529","0.204301","-0.05136"
"excluding_h2218_h2239","sequence_family","type_sides_order_context","181","frequency","18","3","15","212","331","0.410876","0.719033","2","0","1","0","0"
"excluding_h2218_h2239","sequence_family","type_sides_order_context","181","object","18","3","15","212","331","0.410876","0.752266","2","0","1","0","0"
"excluding_h2218_h2239","sequence_family","type_sides_order_context","181","dimensions","18","3","15","212","331","0.362538","0.719033","2","0.382353","0.389706","0.301075","-0.048338"
"excluding_h2218_h2239","sequence_family","type_sides_order_context","181","side_context","18","3","15","212","331","0.398792","0.755287","2","0.235294","0.669118","0.182796","-0.012085"
"excluding_h2218_h2239","sequence_family","type_sides_order_context","182","frequency","18","3","15","204","331","0.410876","0.719033","2","0","1","0","0"
"excluding_h2218_h2239","sequence_family","type_sides_order_context","182","object","18","3","15","204","331","0.410876","0.752266","2","0","1","0","0"
"excluding_h2218_h2239","sequence_family","type_sides_order_context","182","dimensions","18","3","15","204","331","0.392749","0.719033","2","0.323529","0.676471","0.053763","-0.018127"
"excluding_h2218_h2239","sequence_family","type_sides_order_context","182","side_context","18","3","15","204","331","0.392749","0.755287","2","0.186275","0.691176","0.182796","-0.018127"
"excluding_h2218_h2239","sequence_family","type_sides_order_context","183","frequency","18","3","15","213","331","0.410876","0.719033","2","0","1","0","0"
"excluding_h2218_h2239","sequence_family","type_sides_order_context","183","object","18","3","15","213","331","0.410876","0.752266","2","0","1","0","0"
"excluding_h2218_h2239","sequence_family","type_sides_order_context","183","dimensions","18","3","15","213","331","0.350453","0.676737","2","0.411765","0.522059","0.032258","-0.060423"
"excluding_h2218_h2239","sequence_family","type_sides_order_context","183","side_context","18","3","15","213","331","0.407855","0.752266","2","0.205882","0.698529","0.204301","-0.003021"
"excluding_h2218_h2239","sequence_family","type_sides_order_context","184","frequency","18","3","15","197","331","0.410876","0.719033","2","0","1","0","0"
"excluding_h2218_h2239","sequence_family","type_sides_order_context","184","object","18","3","15","197","331","0.410876","0.752266","2","0","1","0","0"
"excluding_h2218_h2239","sequence_family","type_sides_order_context","184","dimensions","18","3","15","197","331","0.362538","0.700906","2","0.284314","0.654412","0.021505","-0.048338"
"excluding_h2218_h2239","sequence_family","type_sides_order_context","184","side_context","18","3","15","197","331","0.407855","0.743202","2","0.186275","0.713235","0.204301","-0.003021"
"excluding_h2218_h2239","sequence_family","type_sides_order_context","185","frequency","18","3","15","206","331","0.410876","0.719033","2","0","1","0","0"
"excluding_h2218_h2239","sequence_family","type_sides_order_context","185","object","18","3","15","206","331","0.410876","0.752266","2","0","1","0","0"
"excluding_h2218_h2239","sequence_family","type_sides_order_context","185","dimensions","18","3","15","206","331","0.356495","0.761329","2","0.470588","0.338235","0.258065","-0.054381"
"excluding_h2218_h2239","sequence_family","type_sides_order_context","185","side_context","18","3","15","206","331","0.356495","0.749245","2","0.509804","0.360294","0.182796","-0.054381"
"excluding_h2218_h2239","sequence_family","type_sides_order_context","186","frequency","18","3","15","209","331","0.410876","0.719033","2","0","1","0","0"
"excluding_h2218_h2239","sequence_family","type_sides_order_context","186","object","18","3","15","209","331","0.410876","0.752266","2","0","1","0","0"
"excluding_h2218_h2239","sequence_family","type_sides_order_context","186","dimensions","18","3","15","209","331","0.377644","0.734139","2","0.421569","0.367647","0.344086","-0.033233"
"excluding_h2218_h2239","sequence_family","type_sides_order_context","186","side_context","18","3","15","209","331","0.359517","0.746224","2","0.5","0.360294","0.204301","-0.05136"
"excluding_h2218_h2239","sequence_family","type_sides_order_context","187","frequency","18","3","15","214","331","0.410876","0.719033","2","0","1","0","0"
"excluding_h2218_h2239","sequence_family","type_sides_order_context","187","object","18","3","15","214","331","0.410876","0.752266","2","0","1","0","0"
"excluding_h2218_h2239","sequence_family","type_sides_order_context","187","dimensions","18","3","15","214","331","0.383686","0.673716","2","0.196078","0.676471","0.16129","-0.02719"
"excluding_h2218_h2239","sequence_family","type_sides_order_context","187","side_context","18","3","15","214","331","0.392749","0.679758","2","0.186275","0.705882","0.16129","-0.018127"
"excluding_h2218_h2239","sequence_family","type_sides_order_context","188","frequency","18","3","15","195","331","0.410876","0.719033","2","0","1","0","0"
"excluding_h2218_h2239","sequence_family","type_sides_order_context","188","object","18","3","15","195","331","0.410876","0.752266","2","0","1","0","0"
"excluding_h2218_h2239","sequence_family","type_sides_order_context","188","dimensions","18","3","15","195","331","0.34139","0.761329","2","0.382353","0.375","0.247312","-0.069486"
"excluding_h2218_h2239","sequence_family","type_sides_order_context","188","side_context","18","3","15","195","331","0.259819","0.694864","2","0.176471","0.397059","0.150538","-0.151057"
"excluding_h2218_h2239","sequence_family","type_sides_order_context","189","frequency","18","3","15","209","331","0.410876","0.719033","2","0","1","0","0"
"excluding_h2218_h2239","sequence_family","type_sides_order_context","189","object","18","3","15","209","331","0.410876","0.752266","2","0","1","0","0"
"excluding_h2218_h2239","sequence_family","type_sides_order_context","189","dimensions","18","3","15","209","331","0.365559","0.770393","2","0.392157","0.338235","0.376344","-0.045317"
"excluding_h2218_h2239","sequence_family","type_sides_order_context","189","side_context","18","3","15","209","331","0.39577","0.734139","2","0.186275","0.727941","0.139785","-0.015106"
"excluding_h2218_h2239","sequence_family","type_sides_order_context","190","frequency","18","3","15","202","331","0.410876","0.719033","2","0","1","0","0"
"excluding_h2218_h2239","sequence_family","type_sides_order_context","190","object","18","3","15","202","331","0.410876","0.752266","2","0","1","0","0"
"excluding_h2218_h2239","sequence_family","type_sides_order_context","190","dimensions","18","3","15","202","331","0.335347","0.703927","2","0.27451","0.352941","0.376344","-0.075529"
"excluding_h2218_h2239","sequence_family","type_sides_order_context","190","side_context","18","3","15","202","331","0.371601","0.779456","2","0.137255","0.676471","0.182796","-0.039275"
"excluding_h2218_h2239","sequence_family","type_sides_order_context","191","frequency","18","3","15","193","331","0.410876","0.719033","2","0","1","0","0"
"excluding_h2218_h2239","sequence_family","type_sides_order_context","191","object","18","3","15","193","331","0.410876","0.752266","2","0","1","0","0"
"excluding_h2218_h2239","sequence_family","type_sides_order_context","191","dimensions","18","3","15","193","331","0.416918","0.749245","2","0.529412","0.566176","0.075269","0.006042"
"excluding_h2218_h2239","sequence_family","type_sides_order_context","191","side_context","18","3","15","193","331","0.350453","0.773414","2","0.509804","0.345588","0.182796","-0.060423"
"excluding_h2218_h2239","sequence_family","type_sides_order_context","192","frequency","18","3","15","193","331","0.410876","0.719033","2","0","1","0","0"
"excluding_h2218_h2239","sequence_family","type_sides_order_context","192","object","18","3","15","193","331","0.410876","0.752266","2","0","1","0","0"
"excluding_h2218_h2239","sequence_family","type_sides_order_context","192","dimensions","18","3","15","193","331","0.335347","0.564955","2","0.186275","0.330882","0.505376","-0.075529"
"excluding_h2218_h2239","sequence_family","type_sides_order_context","192","side_context","18","3","15","193","331","0.386707","0.782477","2","0.490196","0.448529","0.182796","-0.024169"
"excluding_h2218_h2239","sequence_family","type_sides_order_context","193","frequency","18","3","15","217","331","0.410876","0.719033","2","0","1","0","0"
"excluding_h2218_h2239","sequence_family","type_sides_order_context","193","object","18","3","15","217","331","0.410876","0.752266","2","0","1","0","0"
"excluding_h2218_h2239","sequence_family","type_sides_order_context","193","dimensions","18","3","15","217","331","0.386707","0.688822","2","0.401961","0.536765","0.150538","-0.024169"
"excluding_h2218_h2239","sequence_family","type_sides_order_context","193","side_context","18","3","15","217","331","0.407855","0.761329","2","0.186275","0.713235","0.204301","-0.003021"
"excluding_h2218_h2239","sequence_family","type_sides_order_context","194","frequency","18","3","15","208","331","0.410876","0.719033","2","0","1","0","0"
"excluding_h2218_h2239","sequence_family","type_sides_order_context","194","object","18","3","15","208","331","0.410876","0.752266","2","0","1","0","0"
"excluding_h2218_h2239","sequence_family","type_sides_order_context","194","dimensions","18","3","15","208","331","0.407855","0.694864","2","0.245098","0.794118","0.021505","-0.003021"
"excluding_h2218_h2239","sequence_family","type_sides_order_context","194","side_context","18","3","15","208","331","0.404834","0.746224","2","0.186275","0.720588","0.182796","-0.006042"
"excluding_h2218_h2239","sequence_family","type_sides_order_context","195","frequency","18","3","15","199","331","0.410876","0.719033","2","0","1","0","0"
"excluding_h2218_h2239","sequence_family","type_sides_order_context","195","object","18","3","15","199","331","0.410876","0.752266","2","0","1","0","0"
"excluding_h2218_h2239","sequence_family","type_sides_order_context","195","dimensions","18","3","15","199","331","0.374622","0.728097","2","0.186275","0.551471","0.322581","-0.036254"
"excluding_h2218_h2239","sequence_family","type_sides_order_context","195","side_context","18","3","15","199","331","0.259819","0.761329","2","0.147059","0.382353","0.204301","-0.151057"
"excluding_h2218_h2239","sequence_family","type_sides_order_context","196","frequency","18","3","15","203","331","0.410876","0.719033","2","0","1","0","0"
"excluding_h2218_h2239","sequence_family","type_sides_order_context","196","object","18","3","15","203","331","0.410876","0.752266","2","0","1","0","0"
"excluding_h2218_h2239","sequence_family","type_sides_order_context","196","dimensions","18","3","15","203","331","0.410876","0.716012","2","0.186275","0.742647","0.172043","0"
"excluding_h2218_h2239","sequence_family","type_sides_order_context","196","side_context","18","3","15","203","331","0.398792","0.755287","2","0.186275","0.705882","0.182796","-0.012085"
"excluding_h2218_h2239","sequence_family","type_sides_order_context","197","frequency","18","3","15","191","331","0.410876","0.719033","2","0","1","0","0"
"excluding_h2218_h2239","sequence_family","type_sides_order_context","197","object","18","3","15","191","331","0.410876","0.752266","2","0","1","0","0"
"excluding_h2218_h2239","sequence_family","type_sides_order_context","197","dimensions","18","3","15","191","331","0.386707","0.731118","2","0.22549","0.617647","0.225806","-0.024169"
"excluding_h2218_h2239","sequence_family","type_sides_order_context","197","side_context","18","3","15","191","331","0.347432","0.734139","2","0.382353","0.433824","0.182796","-0.063444"
"excluding_h2218_h2239","sequence_family","type_sides_order_context","198","frequency","18","3","15","202","331","0.410876","0.719033","2","0","1","0","0"
"excluding_h2218_h2239","sequence_family","type_sides_order_context","198","object","18","3","15","202","331","0.410876","0.752266","2","0","1","0","0"
"excluding_h2218_h2239","sequence_family","type_sides_order_context","198","dimensions","18","3","15","202","331","0.386707","0.691843","2","0.284314","0.580882","0.215054","-0.024169"
"excluding_h2218_h2239","sequence_family","type_sides_order_context","198","side_context","18","3","15","202","331","0.401813","0.758308","2","0.186275","0.713235","0.182796","-0.009063"
"excluding_h2218_h2239","sequence_family","type_sides_order_context","199","frequency","18","3","15","216","331","0.410876","0.719033","2","0","1","0","0"
"excluding_h2218_h2239","sequence_family","type_sides_order_context","199","object","18","3","15","216","331","0.410876","0.752266","2","0","1","0","0"
"excluding_h2218_h2239","sequence_family","type_sides_order_context","199","dimensions","18","3","15","216","331","0.344411","0.70997","2","0.196078","0.639706","0.075269","-0.066465"
"excluding_h2218_h2239","sequence_family","type_sides_order_context","199","side_context","18","3","15","216","331","0.29003","0.758308","2","0.137255","0.477941","0.182796","-0.120846"
"excluding_h2218_h2239","sequence_family","type_sides_order_context","200","frequency","18","3","15","209","331","0.410876","0.719033","2","0","1","0","0"
"excluding_h2218_h2239","sequence_family","type_sides_order_context","200","object","18","3","15","209","331","0.410876","0.752266","2","0","1","0","0"
"excluding_h2218_h2239","sequence_family","type_sides_order_context","200","dimensions","18","3","15","209","331","0.332326","0.646526","2","0.22549","0.507353","0.193548","-0.07855"
"excluding_h2218_h2239","sequence_family","type_sides_order_context","200","side_context","18","3","15","209","331","0.398792","0.752266","2","0.205882","0.713235","0.150538","-0.012085"
"excluding_h2218_h2239","sequence_family","type_sides_order_context_relation","1","frequency","25","6","19","190","331","0.410876","0.719033","2","0","1","0","0"
"excluding_h2218_h2239","sequence_family","type_sides_order_context_relation","1","object","25","6","19","190","331","0.410876","0.752266","2","0","1","0","0"
"excluding_h2218_h2239","sequence_family","type_sides_order_context_relation","1","dimensions","25","6","19","190","331","0.350453","0.734139","2","0.215686","0.602941","0.129032","-0.060423"
"excluding_h2218_h2239","sequence_family","type_sides_order_context_relation","1","side_context","25","6","19","190","331","0.383686","0.767372","2","0.078431","0.507353","0.537634","-0.02719"
"excluding_h2218_h2239","sequence_family","type_sides_order_context_relation","2","frequency","25","6","19","178","331","0.410876","0.719033","2","0","1","0","0"
"excluding_h2218_h2239","sequence_family","type_sides_order_context_relation","2","object","25","6","19","178","331","0.410876","0.752266","2","0","1","0","0"
"excluding_h2218_h2239","sequence_family","type_sides_order_context_relation","2","dimensions","25","6","19","178","331","0.407855","0.758308","2","0.303922","0.389706","0.548387","-0.003021"
"excluding_h2218_h2239","sequence_family","type_sides_order_context_relation","2","side_context","25","6","19","178","331","0.398792","0.770393","2","0.205882","0.485294","0.483871","-0.012085"
"excluding_h2218_h2239","sequence_family","type_sides_order_context_relation","3","frequency","25","6","19","198","331","0.410876","0.719033","2","0","1","0","0"
"excluding_h2218_h2239","sequence_family","type_sides_order_context_relation","3","object","25","6","19","198","331","0.410876","0.752266","2","0","1","0","0"
"excluding_h2218_h2239","sequence_family","type_sides_order_context_relation","3","dimensions","25","6","19","198","331","0.323263","0.703927","2","0.205882","0.433824","0.290323","-0.087613"
"excluding_h2218_h2239","sequence_family","type_sides_order_context_relation","3","side_context","25","6","19","198","331","0.359517","0.761329","2","0.107843","0.5","0.430108","-0.05136"
"excluding_h2218_h2239","sequence_family","type_sides_order_context_relation","4","frequency","25","6","19","196","331","0.410876","0.719033","2","0","1","0","0"
"excluding_h2218_h2239","sequence_family","type_sides_order_context_relation","4","object","25","6","19","196","331","0.410876","0.752266","2","0","1","0","0"
"excluding_h2218_h2239","sequence_family","type_sides_order_context_relation","4","dimensions","25","6","19","196","331","0.435045","0.76435","2","0.509804","0.448529","0.333333","0.024169"
"excluding_h2218_h2239","sequence_family","type_sides_order_context_relation","4","side_context","25","6","19","196","331","0.374622","0.767372","2","0.098039","0.492647","0.505376","-0.036254"
"excluding_h2218_h2239","sequence_family","type_sides_order_context_relation","5","frequency","25","6","19","213","331","0.410876","0.719033","2","0","1","0","0"
"excluding_h2218_h2239","sequence_family","type_sides_order_context_relation","5","object","25","6","19","213","331","0.410876","0.752266","2","0","1","0","0"
"excluding_h2218_h2239","sequence_family","type_sides_order_context_relation","5","dimensions","25","6","19","213","331","0.356495","0.70997","2","0.205882","0.433824","0.408602","-0.054381"
"excluding_h2218_h2239","sequence_family","type_sides_order_context_relation","5","side_context","25","6","19","213","331","0.371601","0.76435","2","0.088235","0.492647","0.505376","-0.039275"
"excluding_h2218_h2239","sequence_family","type_sides_order_context_relation","6","frequency","25","6","19","209","331","0.410876","0.719033","2","0","1","0","0"
"excluding_h2218_h2239","sequence_family","type_sides_order_context_relation","6","object","25","6","19","209","331","0.410876","0.752266","2","0","1","0","0"
"excluding_h2218_h2239","sequence_family","type_sides_order_context_relation","6","dimensions","25","6","19","209","331","0.241692","0.70997","2","0.147059","0.360294","0.172043","-0.169184"
"excluding_h2218_h2239","sequence_family","type_sides_order_context_relation","6","side_context","25","6","19","209","331","0.39577","0.779456","2","0.107843","0.507353","0.548387","-0.015106"
"excluding_h2218_h2239","sequence_family","type_sides_order_context_relation","7","frequency","25","6","19","209","331","0.410876","0.719033","2","0","1","0","0"
"excluding_h2218_h2239","sequence_family","type_sides_order_context_relation","7","object","25","6","19","209","331","0.410876","0.752266","2","0","1","0","0"
"excluding_h2218_h2239","sequence_family","type_sides_order_context_relation","7","dimensions","25","6","19","209","331","0.392749","0.691843","2","0.176471","0.595588","0.333333","-0.018127"
"excluding_h2218_h2239","sequence_family","type_sides_order_context_relation","7","side_context","25","6","19","209","331","0.377644","0.761329","2","0.078431","0.5","0.526882","-0.033233"
"excluding_h2218_h2239","sequence_family","type_sides_order_context_relation","8","frequency","25","6","19","198","331","0.410876","0.719033","2","0","1","0","0"
"excluding_h2218_h2239","sequence_family","type_sides_order_context_relation","8","object","25","6","19","198","331","0.410876","0.752266","2","0","1","0","0"
"excluding_h2218_h2239","sequence_family","type_sides_order_context_relation","8","dimensions","25","6","19","198","331","0.293051","0.719033","2","0.235294","0.294118","0.354839","-0.117825"
"excluding_h2218_h2239","sequence_family","type_sides_order_context_relation","8","side_context","25","6","19","198","331","0.362538","0.770393","2","0.107843","0.5","0.44086","-0.048338"
"excluding_h2218_h2239","sequence_family","type_sides_order_context_relation","9","frequency","25","6","19","189","331","0.410876","0.719033","2","0","1","0","0"
"excluding_h2218_h2239","sequence_family","type_sides_order_context_relation","9","object","25","6","19","189","331","0.410876","0.752266","2","0","1","0","0"
"excluding_h2218_h2239","sequence_family","type_sides_order_context_relation","9","dimensions","25","6","19","189","331","0.404834","0.761329","2","0.529412","0.25","0.494624","-0.006042"
"excluding_h2218_h2239","sequence_family","type_sides_order_context_relation","9","side_context","25","6","19","189","331","0.380665","0.752266","2","0.088235","0.5","0.526882","-0.030211"
"excluding_h2218_h2239","sequence_family","type_sides_order_context_relation","10","frequency","25","6","19","205","331","0.410876","0.719033","2","0","1","0","0"
"excluding_h2218_h2239","sequence_family","type_sides_order_context_relation","10","object","25","6","19","205","331","0.410876","0.752266","2","0","1","0","0"
"excluding_h2218_h2239","sequence_family","type_sides_order_context_relation","10","dimensions","25","6","19","205","331","0.356495","0.728097","2","0.22549","0.536765","0.236559","-0.054381"
"excluding_h2218_h2239","sequence_family","type_sides_order_context_relation","10","side_context","25","6","19","205","331","0.383686","0.767372","2","0.078431","0.5","0.548387","-0.02719"
"excluding_h2218_h2239","sequence_family","type_sides_order_context_relation","11","frequency","25","6","19","202","331","0.410876","0.719033","2","0","1","0","0"
"excluding_h2218_h2239","sequence_family","type_sides_order_context_relation","11","object","25","6","19","202","331","0.410876","0.752266","2","0","1","0","0"
"excluding_h2218_h2239","sequence_family","type_sides_order_context_relation","11","dimensions","25","6","19","202","331","0.383686","0.70997","2","0.245098","0.463235","0.419355","-0.02719"
"excluding_h2218_h2239","sequence_family","type_sides_order_context_relation","11","side_context","25","6","19","202","331","0.362538","0.770393","2","0.078431","0.507353","0.462366","-0.048338"
"excluding_h2218_h2239","sequence_family","type_sides_order_context_relation","12","frequency","25","6","19","193","331","0.410876","0.719033","2","0","1","0","0"
"excluding_h2218_h2239","sequence_family","type_sides_order_context_relation","12","object","25","6","19","193","331","0.410876","0.752266","2","0","1","0","0"
"excluding_h2218_h2239","sequence_family","type_sides_order_context_relation","12","dimensions","25","6","19","193","331","0.344411","0.691843","2","0.127451","0.492647","0.365591","-0.066465"
"excluding_h2218_h2239","sequence_family","type_sides_order_context_relation","12","side_context","25","6","19","193","331","0.413897","0.746224","2","0.205882","0.492647","0.526882","0.003021"
"excluding_h2218_h2239","sequence_family","type_sides_order_context_relation","13","frequency","25","6","19","192","331","0.410876","0.719033","2","0","1","0","0"
"excluding_h2218_h2239","sequence_family","type_sides_order_context_relation","13","object","25","6","19","192","331","0.410876","0.752266","2","0","1","0","0"
"excluding_h2218_h2239","sequence_family","type_sides_order_context_relation","13","dimensions","25","6","19","192","331","0.314199","0.712991","2","0.156863","0.433824","0.311828","-0.096677"
"excluding_h2218_h2239","sequence_family","type_sides_order_context_relation","13","side_context","25","6","19","192","331","0.365559","0.776435","2","0.098039","0.514706","0.44086","-0.045317"
"excluding_h2218_h2239","sequence_family","type_sides_order_context_relation","14","frequency","25","6","19","206","331","0.410876","0.719033","2","0","1","0","0"
"excluding_h2218_h2239","sequence_family","type_sides_order_context_relation","14","object","25","6","19","206","331","0.410876","0.752266","2","0","1","0","0"
"excluding_h2218_h2239","sequence_family","type_sides_order_context_relation","14","dimensions","25","6","19","206","331","0.326284","0.746224","2","0.22549","0.426471","0.290323","-0.084592"
"excluding_h2218_h2239","sequence_family","type_sides_order_context_relation","14","side_context","25","6","19","206","331","0.380665","0.773414","2","0.117647","0.522059","0.462366","-0.030211"
"excluding_h2218_h2239","sequence_family","type_sides_order_context_relation","15","frequency","25","6","19","184","331","0.410876","0.719033","2","0","1","0","0"
"excluding_h2218_h2239","sequence_family","type_sides_order_context_relation","15","object","25","6","19","184","331","0.410876","0.752266","2","0","1","0","0"
"excluding_h2218_h2239","sequence_family","type_sides_order_context_relation","15","dimensions","25","6","19","184","331","0.432024","0.770393","2","0.205882","0.551471","0.505376","0.021148"
"excluding_h2218_h2239","sequence_family","type_sides_order_context_relation","15","side_context","25","6","19","184","331","0.356495","0.770393","2","0.098039","0.492647","0.44086","-0.054381"
"excluding_h2218_h2239","sequence_family","type_sides_order_context_relation","16","frequency","25","6","19","185","331","0.410876","0.719033","2","0","1","0","0"
"excluding_h2218_h2239","sequence_family","type_sides_order_context_relation","16","object","25","6","19","185","331","0.410876","0.752266","2","0","1","0","0"
"excluding_h2218_h2239","sequence_family","type_sides_order_context_relation","16","dimensions","25","6","19","185","331","0.344411","0.743202","2","0.186275","0.382353","0.462366","-0.066465"
"excluding_h2218_h2239","sequence_family","type_sides_order_context_relation","16","side_context","25","6","19","185","331","0.359517","0.770393","2","0.098039","0.5","0.44086","-0.05136"
"excluding_h2218_h2239","sequence_family","type_sides_order_context_relation","17","frequency","25","6","19","183","331","0.410876","0.719033","2","0","1","0","0"
"excluding_h2218_h2239","sequence_family","type_sides_order_context_relation","17","object","25","6","19","183","331","0.410876","0.752266","2","0","1","0","0"
"excluding_h2218_h2239","sequence_family","type_sides_order_context_relation","17","dimensions","25","6","19","183","331","0.359517","0.731118","2","0.186275","0.514706","0.322581","-0.05136"
"excluding_h2218_h2239","sequence_family","type_sides_order_context_relation","17","side_context","25","6","19","183","331","0.359517","0.767372","2","0.098039","0.5","0.44086","-0.05136"
"excluding_h2218_h2239","sequence_family","type_sides_order_context_relation","18","frequency","25","6","19","188","331","0.410876","0.719033","2","0","1","0","0"
"excluding_h2218_h2239","sequence_family","type_sides_order_context_relation","18","object","25","6","19","188","331","0.410876","0.752266","2","0","1","0","0"
"excluding_h2218_h2239","sequence_family","type_sides_order_context_relation","18","dimensions","25","6","19","188","331","0.34139","0.743202","2","0.137255","0.426471","0.44086","-0.069486"
"excluding_h2218_h2239","sequence_family","type_sides_order_context_relation","18","side_context","25","6","19","188","331","0.39577","0.76435","2","0.107843","0.507353","0.548387","-0.015106"
"excluding_h2218_h2239","sequence_family","type_sides_order_context_relation","19","frequency","25","6","19","192","331","0.410876","0.719033","2","0","1","0","0"
"excluding_h2218_h2239","sequence_family","type_sides_order_context_relation","19","object","25","6","19","192","331","0.410876","0.752266","2","0","1","0","0"
"excluding_h2218_h2239","sequence_family","type_sides_order_context_relation","19","dimensions","25","6","19","192","331","0.432024","0.761329","2","0.470588","0.389706","0.451613","0.021148"
"excluding_h2218_h2239","sequence_family","type_sides_order_context_relation","19","side_context","25","6","19","192","331","0.392749","0.76435","2","0.078431","0.507353","0.569892","-0.018127"
"excluding_h2218_h2239","sequence_family","type_sides_order_context_relation","20","frequency","25","6","19","178","331","0.410876","0.719033","2","0","1","0","0"
"excluding_h2218_h2239","sequence_family","type_sides_order_context_relation","20","object","25","6","19","178","331","0.410876","0.752266","2","0","1","0","0"
"excluding_h2218_h2239","sequence_family","type_sides_order_context_relation","20","dimensions","25","6","19","178","331","0.283988","0.734139","2","0.333333","0.25","0.27957","-0.126888"
"excluding_h2218_h2239","sequence_family","type_sides_order_context_relation","20","side_context","25","6","19","178","331","0.383686","0.76435","2","0.098039","0.492647","0.537634","-0.02719"
"excluding_h2218_h2239","sequence_family","type_sides_order_context_relation","21","frequency","25","6","19","200","331","0.410876","0.719033","2","0","1","0","0"
"excluding_h2218_h2239","sequence_family","type_sides_order_context_relation","21","object","25","6","19","200","331","0.410876","0.752266","2","0","1","0","0"
"excluding_h2218_h2239","sequence_family","type_sides_order_context_relation","21","dimensions","25","6","19","200","331","0.407855","0.719033","2","0.186275","0.602941","0.365591","-0.003021"
"excluding_h2218_h2239","sequence_family","type_sides_order_context_relation","21","side_context","25","6","19","200","331","0.374622","0.767372","2","0.107843","0.514706","0.462366","-0.036254"
"excluding_h2218_h2239","sequence_family","type_sides_order_context_relation","22","frequency","25","6","19","192","331","0.410876","0.719033","2","0","1","0","0"
"excluding_h2218_h2239","sequence_family","type_sides_order_context_relation","22","object","25","6","19","192","331","0.410876","0.752266","2","0","1","0","0"
"excluding_h2218_h2239","sequence_family","type_sides_order_context_relation","22","dimensions","25","6","19","192","331","0.386707","0.694864","2","0.313725","0.566176","0.204301","-0.024169"
"excluding_h2218_h2239","sequence_family","type_sides_order_context_relation","22","side_context","25","6","19","192","331","0.374622","0.76435","2","0.068627","0.5","0.526882","-0.036254"
"excluding_h2218_h2239","sequence_family","type_sides_order_context_relation","23","frequency","25","6","19","197","331","0.410876","0.719033","2","0","1","0","0"
"excluding_h2218_h2239","sequence_family","type_sides_order_context_relation","23","object","25","6","19","197","331","0.410876","0.752266","2","0","1","0","0"
"excluding_h2218_h2239","sequence_family","type_sides_order_context_relation","23","dimensions","25","6","19","197","331","0.389728","0.749245","2","0.284314","0.5","0.344086","-0.021148"
"excluding_h2218_h2239","sequence_family","type_sides_order_context_relation","23","side_context","25","6","19","197","331","0.377644","0.767372","2","0.078431","0.492647","0.537634","-0.033233"
"excluding_h2218_h2239","sequence_family","type_sides_order_context_relation","24","frequency","25","6","19","210","331","0.410876","0.719033","2","0","1","0","0"
"excluding_h2218_h2239","sequence_family","type_sides_order_context_relation","24","object","25","6","19","210","331","0.410876","0.752266","2","0","1","0","0"
"excluding_h2218_h2239","sequence_family","type_sides_order_context_relation","24","dimensions","25","6","19","210","331","0.314199","0.743202","2","0.264706","0.352941","0.311828","-0.096677"
"excluding_h2218_h2239","sequence_family","type_sides_order_context_relation","24","side_context","25","6","19","210","331","0.356495","0.767372","2","0.098039","0.5","0.430108","-0.054381"
"excluding_h2218_h2239","sequence_family","type_sides_order_context_relation","25","frequency","25","6","19","202","331","0.410876","0.719033","2","0","1","0","0"
"excluding_h2218_h2239","sequence_family","type_sides_order_context_relation","25","object","25","6","19","202","331","0.410876","0.752266","2","0","1","0","0"
"excluding_h2218_h2239","sequence_family","type_sides_order_context_relation","25","dimensions","25","6","19","202","331","0.359517","0.706949","2","0.343137","0.477941","0.204301","-0.05136"
"excluding_h2218_h2239","sequence_family","type_sides_order_context_relation","25","side_context","25","6","19","202","331","0.36858","0.76435","2","0.068627","0.492647","0.516129","-0.042296"
"excluding_h2218_h2239","sequence_family","type_sides_order_context_relation","26","frequency","25","6","19","188","331","0.410876","0.719033","2","0","1","0","0"
"excluding_h2218_h2239","sequence_family","type_sides_order_context_relation","26","object","25","6","19","188","331","0.410876","0.752266","2","0","1","0","0"
"excluding_h2218_h2239","sequence_family","type_sides_order_context_relation","26","dimensions","25","6","19","188","331","0.344411","0.676737","2","0.098039","0.632353","0.193548","-0.066465"
"excluding_h2218_h2239","sequence_family","type_sides_order_context_relation","26","side_context","25","6","19","188","331","0.386707","0.761329","2","0.078431","0.5","0.55914","-0.024169"
"excluding_h2218_h2239","sequence_family","type_sides_order_context_relation","27","frequency","25","6","19","201","331","0.410876","0.719033","2","0","1","0","0"
"excluding_h2218_h2239","sequence_family","type_sides_order_context_relation","27","object","25","6","19","201","331","0.410876","0.752266","2","0","1","0","0"
"excluding_h2218_h2239","sequence_family","type_sides_order_context_relation","27","dimensions","25","6","19","201","331","0.320242","0.655589","2","0.176471","0.522059","0.182796","-0.090634"
"excluding_h2218_h2239","sequence_family","type_sides_order_context_relation","27","side_context","25","6","19","201","331","0.389728","0.770393","2","0.088235","0.514706","0.537634","-0.021148"
"excluding_h2218_h2239","sequence_family","type_sides_order_context_relation","28","frequency","25","6","19","181","331","0.410876","0.719033","2","0","1","0","0"
"excluding_h2218_h2239","sequence_family","type_sides_order_context_relation","28","object","25","6","19","181","331","0.410876","0.752266","2","0","1","0","0"
"excluding_h2218_h2239","sequence_family","type_sides_order_context_relation","28","dimensions","25","6","19","181","331","0.365559","0.797583","2","0.127451","0.411765","0.55914","-0.045317"
"excluding_h2218_h2239","sequence_family","type_sides_order_context_relation","28","side_context","25","6","19","181","331","0.377644","0.770393","2","0.107843","0.514706","0.473118","-0.033233"
"excluding_h2218_h2239","sequence_family","type_sides_order_context_relation","29","frequency","25","6","19","181","331","0.410876","0.719033","2","0","1","0","0"
"excluding_h2218_h2239","sequence_family","type_sides_order_context_relation","29","object","25","6","19","181","331","0.410876","0.752266","2","0","1","0","0"
"excluding_h2218_h2239","sequence_family","type_sides_order_context_relation","29","dimensions","25","6","19","181","331","0.371601","0.655589","2","0.127451","0.566176","0.354839","-0.039275"
"excluding_h2218_h2239","sequence_family","type_sides_order_context_relation","29","side_context","25","6","19","181","331","0.377644","0.76435","2","0.078431","0.5","0.526882","-0.033233"
"excluding_h2218_h2239","sequence_family","type_sides_order_context_relation","30","frequency","25","6","19","194","331","0.410876","0.719033","2","0","1","0","0"
"excluding_h2218_h2239","sequence_family","type_sides_order_context_relation","30","object","25","6","19","194","331","0.410876","0.752266","2","0","1","0","0"
"excluding_h2218_h2239","sequence_family","type_sides_order_context_relation","30","dimensions","25","6","19","194","331","0.386707","0.719033","2","0.441176","0.507353","0.150538","-0.024169"
"excluding_h2218_h2239","sequence_family","type_sides_order_context_relation","30","side_context","25","6","19","194","331","0.371601","0.76435","2","0.068627","0.5","0.516129","-0.039275"
"excluding_h2218_h2239","sequence_family","type_sides_order_context_relation","31","frequency","25","6","19","201","331","0.410876","0.719033","2","0","1","0","0"
"excluding_h2218_h2239","sequence_family","type_sides_order_context_relation","31","object","25","6","19","201","331","0.410876","0.752266","2","0","1","0","0"
"excluding_h2218_h2239","sequence_family","type_sides_order_context_relation","31","dimensions","25","6","19","201","331","0.410876","0.743202","2","0.343137","0.602941","0.204301","0"
"excluding_h2218_h2239","sequence_family","type_sides_order_context_relation","31","side_context","25","6","19","201","331","0.392749","0.761329","2","0.098039","0.507353","0.548387","-0.018127"
"excluding_h2218_h2239","sequence_family","type_sides_order_context_relation","32","frequency","25","6","19","196","331","0.410876","0.719033","2","0","1","0","0"
"excluding_h2218_h2239","sequence_family","type_sides_order_context_relation","32","object","25","6","19","196","331","0.410876","0.752266","2","0","1","0","0"
"excluding_h2218_h2239","sequence_family","type_sides_order_context_relation","32","dimensions","25","6","19","196","331","0.380665","0.761329","2","0.578431","0.301471","0.27957","-0.030211"
"excluding_h2218_h2239","sequence_family","type_sides_order_context_relation","32","side_context","25","6","19","196","331","0.41994","0.697885","2","0.186275","0.485294","0.580645","0.009063"
"excluding_h2218_h2239","sequence_family","type_sides_order_context_relation","33","frequency","25","6","19","201","331","0.410876","0.719033","2","0","1","0","0"
"excluding_h2218_h2239","sequence_family","type_sides_order_context_relation","33","object","25","6","19","201","331","0.410876","0.752266","2","0","1","0","0"
"excluding_h2218_h2239","sequence_family","type_sides_order_context_relation","33","dimensions","25","6","19","201","331","0.365559","0.716012","2","0.401961","0.360294","0.333333","-0.045317"
"excluding_h2218_h2239","sequence_family","type_sides_order_context_relation","33","side_context","25","6","19","201","331","0.374622","0.755287","2","0.058824","0.5","0.537634","-0.036254"
"excluding_h2218_h2239","sequence_family","type_sides_order_context_relation","34","frequency","25","6","19","184","331","0.410876","0.719033","2","0","1","0","0"
"excluding_h2218_h2239","sequence_family","type_sides_order_context_relation","34","object","25","6","19","184","331","0.410876","0.752266","2","0","1","0","0"
"excluding_h2218_h2239","sequence_family","type_sides_order_context_relation","34","dimensions","25","6","19","184","331","0.365559","0.716012","2","0.362745","0.286765","0.483871","-0.045317"
"excluding_h2218_h2239","sequence_family","type_sides_order_context_relation","34","side_context","25","6","19","184","331","0.374622","0.767372","2","0.098039","0.492647","0.505376","-0.036254"
"excluding_h2218_h2239","sequence_family","type_sides_order_context_relation","35","frequency","25","6","19","202","331","0.410876","0.719033","2","0","1","0","0"
"excluding_h2218_h2239","sequence_family","type_sides_order_context_relation","35","object","25","6","19","202","331","0.410876","0.752266","2","0","1","0","0"
"excluding_h2218_h2239","sequence_family","type_sides_order_context_relation","35","dimensions","25","6","19","202","331","0.383686","0.728097","2","0.343137","0.463235","0.311828","-0.02719"
"excluding_h2218_h2239","sequence_family","type_sides_order_context_relation","35","side_context","25","6","19","202","331","0.39577","0.773414","2","0.098039","0.522059","0.537634","-0.015106"
"excluding_h2218_h2239","sequence_family","type_sides_order_context_relation","36","frequency","25","6","19","201","331","0.410876","0.719033","2","0","1","0","0"
"excluding_h2218_h2239","sequence_family","type_sides_order_context_relation","36","object","25","6","19","201","331","0.410876","0.752266","2","0","1","0","0"
"excluding_h2218_h2239","sequence_family","type_sides_order_context_relation","36","dimensions","25","6","19","201","331","0.374622","0.73716","2","0.303922","0.419118","0.387097","-0.036254"
"excluding_h2218_h2239","sequence_family","type_sides_order_context_relation","36","side_context","25","6","19","201","331","0.410876","0.767372","2","0.078431","0.551471","0.569892","0"
"excluding_h2218_h2239","sequence_family","type_sides_order_context_relation","37","frequency","25","6","19","197","331","0.410876","0.719033","2","0","1","0","0"
"excluding_h2218_h2239","sequence_family","type_sides_order_context_relation","37","object","25","6","19","197","331","0.410876","0.752266","2","0","1","0","0"
"excluding_h2218_h2239","sequence_family","type_sides_order_context_relation","37","dimensions","25","6","19","197","331","0.356495","0.712991","2","0.235294","0.492647","0.290323","-0.054381"
"excluding_h2218_h2239","sequence_family","type_sides_order_context_relation","37","side_context","25","6","19","197","331","0.374622","0.767372","2","0.088235","0.492647","0.516129","-0.036254"
"excluding_h2218_h2239","sequence_family","type_sides_order_context_relation","38","frequency","25","6","19","197","331","0.410876","0.719033","2","0","1","0","0"
"excluding_h2218_h2239","sequence_family","type_sides_order_context_relation","38","object","25","6","19","197","331","0.410876","0.752266","2","0","1","0","0"
"excluding_h2218_h2239","sequence_family","type_sides_order_context_relation","38","dimensions","25","6","19","197","331","0.383686","0.694864","2","0.196078","0.617647","0.247312","-0.02719"
"excluding_h2218_h2239","sequence_family","type_sides_order_context_relation","38","side_context","25","6","19","197","331","0.389728","0.761329","2","0.078431","0.507353","0.55914","-0.021148"
"excluding_h2218_h2239","sequence_family","type_sides_order_context_relation","39","frequency","25","6","19","195","331","0.410876","0.719033","2","0","1","0","0"
"excluding_h2218_h2239","sequence_family","type_sides_order_context_relation","39","object","25","6","19","195","331","0.410876","0.752266","2","0","1","0","0"
"excluding_h2218_h2239","sequence_family","type_sides_order_context_relation","39","dimensions","25","6","19","195","331","0.392749","0.734139","2","0.421569","0.441176","0.290323","-0.018127"
"excluding_h2218_h2239","sequence_family","type_sides_order_context_relation","39","side_context","25","6","19","195","331","0.380665","0.767372","2","0.088235","0.492647","0.537634","-0.030211"
"excluding_h2218_h2239","sequence_family","type_sides_order_context_relation","40","frequency","25","6","19","193","331","0.410876","0.719033","2","0","1","0","0"
"excluding_h2218_h2239","sequence_family","type_sides_order_context_relation","40","object","25","6","19","193","331","0.410876","0.752266","2","0","1","0","0"
"excluding_h2218_h2239","sequence_family","type_sides_order_context_relation","40","dimensions","25","6","19","193","331","0.386707","0.779456","2","0.127451","0.580882","0.387097","-0.024169"
"excluding_h2218_h2239","sequence_family","type_sides_order_context_relation","40","side_context","25","6","19","193","331","0.429003","0.749245","2","0.215686","0.507353","0.548387","0.018127"
"excluding_h2218_h2239","sequence_family","type_sides_order_context_relation","41","frequency","25","6","19","196","331","0.410876","0.719033","2","0","1","0","0"
"excluding_h2218_h2239","sequence_family","type_sides_order_context_relation","41","object","25","6","19","196","331","0.410876","0.752266","2","0","1","0","0"
"excluding_h2218_h2239","sequence_family","type_sides_order_context_relation","41","dimensions","25","6","19","196","331","0.374622","0.685801","2","0.313725","0.455882","0.322581","-0.036254"
"excluding_h2218_h2239","sequence_family","type_sides_order_context_relation","41","side_context","25","6","19","196","331","0.380665","0.770393","2","0.088235","0.5","0.526882","-0.030211"
"excluding_h2218_h2239","sequence_family","type_sides_order_context_relation","42","frequency","25","6","19","199","331","0.410876","0.719033","2","0","1","0","0"
"excluding_h2218_h2239","sequence_family","type_sides_order_context_relation","42","object","25","6","19","199","331","0.410876","0.752266","2","0","1","0","0"
"excluding_h2218_h2239","sequence_family","type_sides_order_context_relation","42","dimensions","25","6","19","199","331","0.362538","0.752266","2","0.509804","0.257353","0.354839","-0.048338"
"excluding_h2218_h2239","sequence_family","type_sides_order_context_relation","42","side_context","25","6","19","199","331","0.389728","0.779456","2","0.098039","0.5","0.548387","-0.021148"
"excluding_h2218_h2239","sequence_family","type_sides_order_context_relation","43","frequency","25","6","19","213","331","0.410876","0.719033","2","0","1","0","0"
"excluding_h2218_h2239","sequence_family","type_sides_order_context_relation","43","object","25","6","19","213","331","0.410876","0.752266","2","0","1","0","0"
"excluding_h2218_h2239","sequence_family","type_sides_order_context_relation","43","dimensions","25","6","19","213","331","0.371601","0.652568","2","0.166667","0.610294","0.247312","-0.039275"
"excluding_h2218_h2239","sequence_family","type_sides_order_context_relation","43","side_context","25","6","19","213","331","0.386707","0.773414","2","0.088235","0.507353","0.537634","-0.024169"
"excluding_h2218_h2239","sequence_family","type_sides_order_context_relation","44","frequency","25","6","19","200","331","0.410876","0.719033","2","0","1","0","0"
"excluding_h2218_h2239","sequence_family","type_sides_order_context_relation","44","object","25","6","19","200","331","0.410876","0.752266","2","0","1","0","0"
"excluding_h2218_h2239","sequence_family","type_sides_order_context_relation","44","dimensions","25","6","19","200","331","0.398792","0.706949","2","0.176471","0.632353","0.301075","-0.012085"
"excluding_h2218_h2239","sequence_family","type_sides_order_context_relation","44","side_context","25","6","19","200","331","0.371601","0.767372","2","0.068627","0.5","0.516129","-0.039275"
"excluding_h2218_h2239","sequence_family","type_sides_order_context_relation","45","frequency","25","6","19","194","331","0.410876","0.719033","2","0","1","0","0"
"excluding_h2218_h2239","sequence_family","type_sides_order_context_relation","45","object","25","6","19","194","331","0.410876","0.752266","2","0","1","0","0"
"excluding_h2218_h2239","sequence_family","type_sides_order_context_relation","45","dimensions","25","6","19","194","331","0.438066","0.691843","2","0.078431","0.595588","0.602151","0.02719"
"excluding_h2218_h2239","sequence_family","type_sides_order_context_relation","45","side_context","25","6","19","194","331","0.371601","0.770393","2","0.078431","0.5","0.505376","-0.039275"
"excluding_h2218_h2239","sequence_family","type_sides_order_context_relation","46","frequency","25","6","19","205","331","0.410876","0.719033","2","0","1","0","0"
"excluding_h2218_h2239","sequence_family","type_sides_order_context_relation","46","object","25","6","19","205","331","0.410876","0.752266","2","0","1","0","0"
"excluding_h2218_h2239","sequence_family","type_sides_order_context_relation","46","dimensions","25","6","19","205","331","0.371601","0.670695","2","0.088235","0.573529","0.387097","-0.039275"
"excluding_h2218_h2239","sequence_family","type_sides_order_context_relation","46","side_context","25","6","19","205","331","0.383686","0.770393","2","0.088235","0.507353","0.526882","-0.02719"
"excluding_h2218_h2239","sequence_family","type_sides_order_context_relation","47","frequency","25","6","19","184","331","0.410876","0.719033","2","0","1","0","0"
"excluding_h2218_h2239","sequence_family","type_sides_order_context_relation","47","object","25","6","19","184","331","0.410876","0.752266","2","0","1","0","0"
"excluding_h2218_h2239","sequence_family","type_sides_order_context_relation","47","dimensions","25","6","19","184","331","0.392749","0.728097","2","0.068627","0.661765","0.354839","-0.018127"
"excluding_h2218_h2239","sequence_family","type_sides_order_context_relation","47","side_context","25","6","19","184","331","0.383686","0.767372","2","0.098039","0.5","0.526882","-0.02719"
"excluding_h2218_h2239","sequence_family","type_sides_order_context_relation","48","frequency","25","6","19","192","331","0.410876","0.719033","2","0","1","0","0"
"excluding_h2218_h2239","sequence_family","type_sides_order_context_relation","48","object","25","6","19","192","331","0.410876","0.752266","2","0","1","0","0"
"excluding_h2218_h2239","sequence_family","type_sides_order_context_relation","48","dimensions","25","6","19","192","331","0.377644","0.712991","2","0.323529","0.5","0.258065","-0.033233"
"excluding_h2218_h2239","sequence_family","type_sides_order_context_relation","48","side_context","25","6","19","192","331","0.389728","0.767372","2","0.078431","0.514706","0.548387","-0.021148"
"excluding_h2218_h2239","sequence_family","type_sides_order_context_relation","49","frequency","25","6","19","191","331","0.410876","0.719033","2","0","1","0","0"
"excluding_h2218_h2239","sequence_family","type_sides_order_context_relation","49","object","25","6","19","191","331","0.410876","0.752266","2","0","1","0","0"
"excluding_h2218_h2239","sequence_family","type_sides_order_context_relation","49","dimensions","25","6","19","191","331","0.39577","0.743202","2","0.196078","0.477941","0.494624","-0.015106"
"excluding_h2218_h2239","sequence_family","type_sides_order_context_relation","49","side_context","25","6","19","191","331","0.386707","0.770393","2","0.068627","0.514706","0.548387","-0.024169"
"excluding_h2218_h2239","sequence_family","type_sides_order_context_relation","50","frequency","25","6","19","195","331","0.410876","0.719033","2","0","1","0","0"
"excluding_h2218_h2239","sequence_family","type_sides_order_context_relation","50","object","25","6","19","195","331","0.410876","0.752266","2","0","1","0","0"
"excluding_h2218_h2239","sequence_family","type_sides_order_context_relation","50","dimensions","25","6","19","195","331","0.374622","0.719033","2","0.333333","0.352941","0.451613","-0.036254"
"excluding_h2218_h2239","sequence_family","type_sides_order_context_relation","50","side_context","25","6","19","195","331","0.383686","0.78852","2","0.107843","0.492647","0.526882","-0.02719"
"excluding_h2218_h2239","sequence_family","type_sides_order_context_relation","51","frequency","25","6","19","203","331","0.410876","0.719033","2","0","1","0","0"
"excluding_h2218_h2239","sequence_family","type_sides_order_context_relation","51","object","25","6","19","203","331","0.410876","0.752266","2","0","1","0","0"
"excluding_h2218_h2239","sequence_family","type_sides_order_context_relation","51","dimensions","25","6","19","203","331","0.398792","0.770393","2","0.176471","0.433824","0.591398","-0.012085"
"excluding_h2218_h2239","sequence_family","type_sides_order_context_relation","51","side_context","25","6","19","203","331","0.401813","0.782477","2","0.088235","0.529412","0.55914","-0.009063"
"excluding_h2218_h2239","sequence_family","type_sides_order_context_relation","52","frequency","25","6","19","186","331","0.410876","0.719033","2","0","1","0","0"
"excluding_h2218_h2239","sequence_family","type_sides_order_context_relation","52","object","25","6","19","186","331","0.410876","0.752266","2","0","1","0","0"
"excluding_h2218_h2239","sequence_family","type_sides_order_context_relation","52","dimensions","25","6","19","186","331","0.386707","0.73716","2","0.176471","0.411765","0.580645","-0.024169"
"excluding_h2218_h2239","sequence_family","type_sides_order_context_relation","52","side_context","25","6","19","186","331","0.386707","0.773414","2","0.088235","0.507353","0.537634","-0.024169"
"excluding_h2218_h2239","sequence_family","type_sides_order_context_relation","53","frequency","25","6","19","199","331","0.410876","0.719033","2","0","1","0","0"
"excluding_h2218_h2239","sequence_family","type_sides_order_context_relation","53","object","25","6","19","199","331","0.410876","0.752266","2","0","1","0","0"
"excluding_h2218_h2239","sequence_family","type_sides_order_context_relation","53","dimensions","25","6","19","199","331","0.350453","0.676737","2","0.156863","0.625","0.16129","-0.060423"
"excluding_h2218_h2239","sequence_family","type_sides_order_context_relation","53","side_context","25","6","19","199","331","0.392749","0.773414","2","0.088235","0.514706","0.548387","-0.018127"
"excluding_h2218_h2239","sequence_family","type_sides_order_context_relation","54","frequency","25","6","19","190","331","0.410876","0.719033","2","0","1","0","0"
"excluding_h2218_h2239","sequence_family","type_sides_order_context_relation","54","object","25","6","19","190","331","0.410876","0.752266","2","0","1","0","0"
"excluding_h2218_h2239","sequence_family","type_sides_order_context_relation","54","dimensions","25","6","19","190","331","0.410876","0.740181","2","0.480392","0.375","0.387097","0"
"excluding_h2218_h2239","sequence_family","type_sides_order_context_relation","54","side_context","25","6","19","190","331","0.374622","0.770393","2","0.068627","0.514706","0.505376","-0.036254"
"excluding_h2218_h2239","sequence_family","type_sides_order_context_relation","55","frequency","25","6","19","186","331","0.410876","0.719033","2","0","1","0","0"
"excluding_h2218_h2239","sequence_family","type_sides_order_context_relation","55","object","25","6","19","186","331","0.410876","0.752266","2","0","1","0","0"
"excluding_h2218_h2239","sequence_family","type_sides_order_context_relation","55","dimensions","25","6","19","186","331","0.39577","0.661631","2","0.362745","0.529412","0.236559","-0.015106"
"excluding_h2218_h2239","sequence_family","type_sides_order_context_relation","55","side_context","25","6","19","186","331","0.374622","0.76435","2","0.078431","0.5","0.516129","-0.036254"
"excluding_h2218_h2239","sequence_family","type_sides_order_context_relation","56","frequency","25","6","19","194","331","0.410876","0.719033","2","0","1","0","0"
"excluding_h2218_h2239","sequence_family","type_sides_order_context_relation","56","object","25","6","19","194","331","0.410876","0.752266","2","0","1","0","0"
"excluding_h2218_h2239","sequence_family","type_sides_order_context_relation","56","dimensions","25","6","19","194","331","0.413897","0.734139","2","0.254902","0.419118","0.580645","0.003021"
"excluding_h2218_h2239","sequence_family","type_sides_order_context_relation","56","side_context","25","6","19","194","331","0.389728","0.779456","2","0.107843","0.507353","0.526882","-0.021148"
"excluding_h2218_h2239","sequence_family","type_sides_order_context_relation","57","frequency","25","6","19","188","331","0.410876","0.719033","2","0","1","0","0"
"excluding_h2218_h2239","sequence_family","type_sides_order_context_relation","57","object","25","6","19","188","331","0.410876","0.752266","2","0","1","0","0"
"excluding_h2218_h2239","sequence_family","type_sides_order_context_relation","57","dimensions","25","6","19","188","331","0.386707","0.694864","2","0.323529","0.419118","0.408602","-0.024169"
"excluding_h2218_h2239","sequence_family","type_sides_order_context_relation","57","side_context","25","6","19","188","331","0.380665","0.767372","2","0.098039","0.5","0.516129","-0.030211"
"excluding_h2218_h2239","sequence_family","type_sides_order_context_relation","58","frequency","25","6","19","181","331","0.410876","0.719033","2","0","1","0","0"
"excluding_h2218_h2239","sequence_family","type_sides_order_context_relation","58","object","25","6","19","181","331","0.410876","0.752266","2","0","1","0","0"
"excluding_h2218_h2239","sequence_family","type_sides_order_context_relation","58","dimensions","25","6","19","181","331","0.329305","0.682779","2","0.176471","0.595588","0.107527","-0.081571"
"excluding_h2218_h2239","sequence_family","type_sides_order_context_relation","58","side_context","25","6","19","181","331","0.371601","0.761329","2","0.088235","0.492647","0.505376","-0.039275"
"excluding_h2218_h2239","sequence_family","type_sides_order_context_relation","59","frequency","25","6","19","193","331","0.410876","0.719033","2","0","1","0","0"
"excluding_h2218_h2239","sequence_family","type_sides_order_context_relation","59","object","25","6","19","193","331","0.410876","0.752266","2","0","1","0","0"
"excluding_h2218_h2239","sequence_family","type_sides_order_context_relation","59","dimensions","25","6","19","193","331","0.371601","0.667674","2","0.22549","0.595588","0.204301","-0.039275"
"excluding_h2218_h2239","sequence_family","type_sides_order_context_relation","59","side_context","25","6","19","193","331","0.362538","0.776435","2","0.107843","0.5","0.44086","-0.048338"
"excluding_h2218_h2239","sequence_family","type_sides_order_context_relation","60","frequency","25","6","19","197","331","0.410876","0.719033","2","0","1","0","0"
"excluding_h2218_h2239","sequence_family","type_sides_order_context_relation","60","object","25","6","19","197","331","0.410876","0.752266","2","0","1","0","0"
"excluding_h2218_h2239","sequence_family","type_sides_order_context_relation","60","dimensions","25","6","19","197","331","0.404834","0.679758","2","0.117647","0.632353","0.387097","-0.006042"
"excluding_h2218_h2239","sequence_family","type_sides_order_context_relation","60","side_context","25","6","19","197","331","0.362538","0.761329","2","0.04902","0.5","0.505376","-0.048338"
"excluding_h2218_h2239","sequence_family","type_sides_order_context_relation","61","frequency","25","6","19","202","331","0.410876","0.719033","2","0","1","0","0"
"excluding_h2218_h2239","sequence_family","type_sides_order_context_relation","61","object","25","6","19","202","331","0.410876","0.752266","2","0","1","0","0"
"excluding_h2218_h2239","sequence_family","type_sides_order_context_relation","61","dimensions","25","6","19","202","331","0.392749","0.716012","2","0.156863","0.544118","0.430108","-0.018127"
"excluding_h2218_h2239","sequence_family","type_sides_order_context_relation","61","side_context","25","6","19","202","331","0.362538","0.773414","2","0.098039","0.5","0.451613","-0.048338"
"excluding_h2218_h2239","sequence_family","type_sides_order_context_relation","62","frequency","25","6","19","191","331","0.410876","0.719033","2","0","1","0","0"
"excluding_h2218_h2239","sequence_family","type_sides_order_context_relation","62","object","25","6","19","191","331","0.410876","0.752266","2","0","1","0","0"
"excluding_h2218_h2239","sequence_family","type_sides_order_context_relation","62","dimensions","25","6","19","191","331","0.398792","0.676737","2","0.284314","0.580882","0.258065","-0.012085"
"excluding_h2218_h2239","sequence_family","type_sides_order_context_relation","62","side_context","25","6","19","191","331","0.380665","0.770393","2","0.078431","0.5","0.537634","-0.030211"
"excluding_h2218_h2239","sequence_family","type_sides_order_context_relation","63","frequency","25","6","19","187","331","0.410876","0.719033","2","0","1","0","0"
"excluding_h2218_h2239","sequence_family","type_sides_order_context_relation","63","object","25","6","19","187","331","0.410876","0.752266","2","0","1","0","0"
"excluding_h2218_h2239","sequence_family","type_sides_order_context_relation","63","dimensions","25","6","19","187","331","0.453172","0.773414","2","0.343137","0.514706","0.483871","0.042296"
"excluding_h2218_h2239","sequence_family","type_sides_order_context_relation","63","side_context","25","6","19","187","331","0.407855","0.758308","2","0.078431","0.551471","0.55914","-0.003021"
"excluding_h2218_h2239","sequence_family","type_sides_order_context_relation","64","frequency","25","6","19","188","331","0.410876","0.719033","2","0","1","0","0"
"excluding_h2218_h2239","sequence_family","type_sides_order_context_relation","64","object","25","6","19","188","331","0.410876","0.752266","2","0","1","0","0"
"excluding_h2218_h2239","sequence_family","type_sides_order_context_relation","64","dimensions","25","6","19","188","331","0.332326","0.667674","2","0.343137","0.455882","0.139785","-0.07855"
"excluding_h2218_h2239","sequence_family","type_sides_order_context_relation","64","side_context","25","6","19","188","331","0.383686","0.770393","2","0.127451","0.492647","0.505376","-0.02719"
"excluding_h2218_h2239","sequence_family","type_sides_order_context_relation","65","frequency","25","6","19","204","331","0.410876","0.719033","2","0","1","0","0"
"excluding_h2218_h2239","sequence_family","type_sides_order_context_relation","65","object","25","6","19","204","331","0.410876","0.752266","2","0","1","0","0"
"excluding_h2218_h2239","sequence_family","type_sides_order_context_relation","65","dimensions","25","6","19","204","331","0.39577","0.706949","2","0.294118","0.617647","0.182796","-0.015106"
"excluding_h2218_h2239","sequence_family","type_sides_order_context_relation","65","side_context","25","6","19","204","331","0.392749","0.776435","2","0.107843","0.507353","0.537634","-0.018127"
"excluding_h2218_h2239","sequence_family","type_sides_order_context_relation","66","frequency","25","6","19","188","331","0.410876","0.719033","2","0","1","0","0"
"excluding_h2218_h2239","sequence_family","type_sides_order_context_relation","66","object","25","6","19","188","331","0.410876","0.752266","2","0","1","0","0"
"excluding_h2218_h2239","sequence_family","type_sides_order_context_relation","66","dimensions","25","6","19","188","331","0.365559","0.743202","2","0.137255","0.551471","0.344086","-0.045317"
"excluding_h2218_h2239","sequence_family","type_sides_order_context_relation","66","side_context","25","6","19","188","331","0.416918","0.740181","2","0.215686","0.492647","0.526882","0.006042"
"excluding_h2218_h2239","sequence_family","type_sides_order_context_relation","67","frequency","25","6","19","193","331","0.410876","0.719033","2","0","1","0","0"
"excluding_h2218_h2239","sequence_family","type_sides_order_context_relation","67","object","25","6","19","193","331","0.410876","0.752266","2","0","1","0","0"
"excluding_h2218_h2239","sequence_family","type_sides_order_context_relation","67","dimensions","25","6","19","193","331","0.283988","0.601208","2","0.078431","0.536765","0.139785","-0.126888"
"excluding_h2218_h2239","sequence_family","type_sides_order_context_relation","67","side_context","25","6","19","193","331","0.374622","0.770393","2","0.127451","0.507353","0.451613","-0.036254"
"excluding_h2218_h2239","sequence_family","type_sides_order_context_relation","68","frequency","25","6","19","201","331","0.410876","0.719033","2","0","1","0","0"
"excluding_h2218_h2239","sequence_family","type_sides_order_context_relation","68","object","25","6","19","201","331","0.410876","0.752266","2","0","1","0","0"
"excluding_h2218_h2239","sequence_family","type_sides_order_context_relation","68","dimensions","25","6","19","201","331","0.362538","0.725076","2","0.441176","0.448529","0.150538","-0.048338"
"excluding_h2218_h2239","sequence_family","type_sides_order_context_relation","68","side_context","25","6","19","201","331","0.377644","0.767372","2","0.068627","0.507353","0.526882","-0.033233"
"excluding_h2218_h2239","sequence_family","type_sides_order_context_relation","69","frequency","25","6","19","188","331","0.410876","0.719033","2","0","1","0","0"
"excluding_h2218_h2239","sequence_family","type_sides_order_context_relation","69","object","25","6","19","188","331","0.410876","0.752266","2","0","1","0","0"
"excluding_h2218_h2239","sequence_family","type_sides_order_context_relation","69","dimensions","25","6","19","188","331","0.350453","0.673716","2","0.04902","0.551471","0.387097","-0.060423"
"excluding_h2218_h2239","sequence_family","type_sides_order_context_relation","69","side_context","25","6","19","188","331","0.404834","0.791541","2","0.098039","0.536765","0.548387","-0.006042"
"excluding_h2218_h2239","sequence_family","type_sides_order_context_relation","70","frequency","25","6","19","204","331","0.410876","0.719033","2","0","1","0","0"
"excluding_h2218_h2239","sequence_family","type_sides_order_context_relation","70","object","25","6","19","204","331","0.410876","0.752266","2","0","1","0","0"
"excluding_h2218_h2239","sequence_family","type_sides_order_context_relation","70","dimensions","25","6","19","204","331","0.374622","0.697885","2","0.098039","0.5","0.494624","-0.036254"
"excluding_h2218_h2239","sequence_family","type_sides_order_context_relation","70","side_context","25","6","19","204","331","0.422961","0.746224","2","0.205882","0.5","0.548387","0.012085"
"excluding_h2218_h2239","sequence_family","type_sides_order_context_relation","71","frequency","25","6","19","188","331","0.410876","0.719033","2","0","1","0","0"
"excluding_h2218_h2239","sequence_family","type_sides_order_context_relation","71","object","25","6","19","188","331","0.410876","0.752266","2","0","1","0","0"
"excluding_h2218_h2239","sequence_family","type_sides_order_context_relation","71","dimensions","25","6","19","188","331","0.425982","0.700906","2","0.411765","0.573529","0.225806","0.015106"
"excluding_h2218_h2239","sequence_family","type_sides_order_context_relation","71","side_context","25","6","19","188","331","0.371601","0.770393","2","0.068627","0.5","0.516129","-0.039275"
"excluding_h2218_h2239","sequence_family","type_sides_order_context_relation","72","frequency","25","6","19","194","331","0.410876","0.719033","2","0","1","0","0"
"excluding_h2218_h2239","sequence_family","type_sides_order_context_relation","72","object","25","6","19","194","331","0.410876","0.752266","2","0","1","0","0"
"excluding_h2218_h2239","sequence_family","type_sides_order_context_relation","72","dimensions","25","6","19","194","331","0.359517","0.712991","2","0.245098","0.507353","0.268817","-0.05136"
"excluding_h2218_h2239","sequence_family","type_sides_order_context_relation","72","side_context","25","6","19","194","331","0.383686","0.767372","2","0.107843","0.492647","0.526882","-0.02719"
"excluding_h2218_h2239","sequence_family","type_sides_order_context_relation","73","frequency","25","6","19","187","331","0.410876","0.719033","2","0","1","0","0"
"excluding_h2218_h2239","sequence_family","type_sides_order_context_relation","73","object","25","6","19","187","331","0.410876","0.752266","2","0","1","0","0"
"excluding_h2218_h2239","sequence_family","type_sides_order_context_relation","73","dimensions","25","6","19","187","331","0.308157","0.667674","2","0.068627","0.625","0.107527","-0.102719"
"excluding_h2218_h2239","sequence_family","type_sides_order_context_relation","73","side_context","25","6","19","187","331","0.413897","0.731118","2","0.205882","0.492647","0.526882","0.003021"
"excluding_h2218_h2239","sequence_family","type_sides_order_context_relation","74","frequency","25","6","19","190","331","0.410876","0.719033","2","0","1","0","0"
"excluding_h2218_h2239","sequence_family","type_sides_order_context_relation","74","object","25","6","19","190","331","0.410876","0.752266","2","0","1","0","0"
"excluding_h2218_h2239","sequence_family","type_sides_order_context_relation","74","dimensions","25","6","19","190","331","0.347432","0.731118","2","0.166667","0.375","0.505376","-0.063444"
"excluding_h2218_h2239","sequence_family","type_sides_order_context_relation","74","side_context","25","6","19","190","331","0.380665","0.76435","2","0.088235","0.492647","0.537634","-0.030211"
"excluding_h2218_h2239","sequence_family","type_sides_order_context_relation","75","frequency","25","6","19","198","331","0.410876","0.719033","2","0","1","0","0"
"excluding_h2218_h2239","sequence_family","type_sides_order_context_relation","75","object","25","6","19","198","331","0.410876","0.752266","2","0","1","0","0"
"excluding_h2218_h2239","sequence_family","type_sides_order_context_relation","75","dimensions","25","6","19","198","331","0.410876","0.634441","2","0.264706","0.610294","0.27957","0"
"excluding_h2218_h2239","sequence_family","type_sides_order_context_relation","75","side_context","25","6","19","198","331","0.377644","0.78852","2","0.107843","0.492647","0.505376","-0.033233"
"excluding_h2218_h2239","sequence_family","type_sides_order_context_relation","76","frequency","25","6","19","203","331","0.410876","0.719033","2","0","1","0","0"
"excluding_h2218_h2239","sequence_family","type_sides_order_context_relation","76","object","25","6","19","203","331","0.410876","0.752266","2","0","1","0","0"
"excluding_h2218_h2239","sequence_family","type_sides_order_context_relation","76","dimensions","25","6","19","203","331","0.404834","0.758308","2","0.558824","0.507353","0.086022","-0.006042"
"excluding_h2218_h2239","sequence_family","type_sides_order_context_relation","76","side_context","25","6","19","203","331","0.39577","0.773414","2","0.098039","0.514706","0.548387","-0.015106"
"excluding_h2218_h2239","sequence_family","type_sides_order_context_relation","77","frequency","25","6","19","200","331","0.410876","0.719033","2","0","1","0","0"
"excluding_h2218_h2239","sequence_family","type_sides_order_context_relation","77","object","25","6","19","200","331","0.410876","0.752266","2","0","1","0","0"
"excluding_h2218_h2239","sequence_family","type_sides_order_context_relation","77","dimensions","25","6","19","200","331","0.338369","0.725076","2","0.22549","0.345588","0.451613","-0.072508"
"excluding_h2218_h2239","sequence_family","type_sides_order_context_relation","77","side_context","25","6","19","200","331","0.383686","0.76435","2","0.078431","0.5","0.548387","-0.02719"
"excluding_h2218_h2239","sequence_family","type_sides_order_context_relation","78","frequency","25","6","19","199","331","0.410876","0.719033","2","0","1","0","0"
"excluding_h2218_h2239","sequence_family","type_sides_order_context_relation","78","object","25","6","19","199","331","0.410876","0.752266","2","0","1","0","0"
"excluding_h2218_h2239","sequence_family","type_sides_order_context_relation","78","dimensions","25","6","19","199","331","0.416918","0.734139","2","0.245098","0.588235","0.354839","0.006042"
"excluding_h2218_h2239","sequence_family","type_sides_order_context_relation","78","side_context","25","6","19","199","331","0.377644","0.76435","2","0.078431","0.5","0.526882","-0.033233"
"excluding_h2218_h2239","sequence_family","type_sides_order_context_relation","79","frequency","25","6","19","204","331","0.410876","0.719033","2","0","1","0","0"
"excluding_h2218_h2239","sequence_family","type_sides_order_context_relation","79","object","25","6","19","204","331","0.410876","0.752266","2","0","1","0","0"
"excluding_h2218_h2239","sequence_family","type_sides_order_context_relation","79","dimensions","25","6","19","204","331","0.332326","0.740181","2","0.343137","0.301471","0.365591","-0.07855"
"excluding_h2218_h2239","sequence_family","type_sides_order_context_relation","79","side_context","25","6","19","204","331","0.389728","0.767372","2","0.088235","0.507353","0.548387","-0.021148"
"excluding_h2218_h2239","sequence_family","type_sides_order_context_relation","80","frequency","25","6","19","201","331","0.410876","0.719033","2","0","1","0","0"
"excluding_h2218_h2239","sequence_family","type_sides_order_context_relation","80","object","25","6","19","201","331","0.410876","0.752266","2","0","1","0","0"
"excluding_h2218_h2239","sequence_family","type_sides_order_context_relation","80","dimensions","25","6","19","201","331","0.371601","0.694864","2","0.333333","0.404412","0.365591","-0.039275"
"excluding_h2218_h2239","sequence_family","type_sides_order_context_relation","80","side_context","25","6","19","201","331","0.356495","0.770393","2","0.088235","0.5","0.44086","-0.054381"
"excluding_h2218_h2239","sequence_family","type_sides_order_context_relation","81","frequency","25","6","19","195","331","0.410876","0.719033","2","0","1","0","0"
"excluding_h2218_h2239","sequence_family","type_sides_order_context_relation","81","object","25","6","19","195","331","0.410876","0.752266","2","0","1","0","0"
"excluding_h2218_h2239","sequence_family","type_sides_order_context_relation","81","dimensions","25","6","19","195","331","0.438066","0.782477","2","0.519608","0.455882","0.322581","0.02719"
"excluding_h2218_h2239","sequence_family","type_sides_order_context_relation","81","side_context","25","6","19","195","331","0.374622","0.770393","2","0.098039","0.492647","0.505376","-0.036254"
"excluding_h2218_h2239","sequence_family","type_sides_order_context_relation","82","frequency","25","6","19","190","331","0.410876","0.719033","2","0","1","0","0"
"excluding_h2218_h2239","sequence_family","type_sides_order_context_relation","82","object","25","6","19","190","331","0.410876","0.752266","2","0","1","0","0"
"excluding_h2218_h2239","sequence_family","type_sides_order_context_relation","82","dimensions","25","6","19","190","331","0.39577","0.731118","2","0.392157","0.433824","0.344086","-0.015106"
"excluding_h2218_h2239","sequence_family","type_sides_order_context_relation","82","side_context","25","6","19","190","331","0.36858","0.773414","2","0.127451","0.492647","0.451613","-0.042296"
"excluding_h2218_h2239","sequence_family","type_sides_order_context_relation","83","frequency","25","6","19","199","331","0.410876","0.719033","2","0","1","0","0"
"excluding_h2218_h2239","sequence_family","type_sides_order_context_relation","83","object","25","6","19","199","331","0.410876","0.752266","2","0","1","0","0"
"excluding_h2218_h2239","sequence_family","type_sides_order_context_relation","83","dimensions","25","6","19","199","331","0.435045","0.758308","2","0.235294","0.544118","0.494624","0.024169"
"excluding_h2218_h2239","sequence_family","type_sides_order_context_relation","83","side_context","25","6","19","199","331","0.392749","0.767372","2","0.098039","0.5","0.55914","-0.018127"
"excluding_h2218_h2239","sequence_family","type_sides_order_context_relation","84","frequency","25","6","19","193","331","0.410876","0.719033","2","0","1","0","0"
"excluding_h2218_h2239","sequence_family","type_sides_order_context_relation","84","object","25","6","19","193","331","0.410876","0.752266","2","0","1","0","0"
"excluding_h2218_h2239","sequence_family","type_sides_order_context_relation","84","dimensions","25","6","19","193","331","0.362538","0.749245","2","0.166667","0.448529","0.451613","-0.048338"
"excluding_h2218_h2239","sequence_family","type_sides_order_context_relation","84","side_context","25","6","19","193","331","0.36858","0.767372","2","0.098039","0.507353","0.462366","-0.042296"
"excluding_h2218_h2239","sequence_family","type_sides_order_context_relation","85","frequency","25","6","19","192","331","0.410876","0.719033","2","0","1","0","0"
"excluding_h2218_h2239","sequence_family","type_sides_order_context_relation","85","object","25","6","19","192","331","0.410876","0.752266","2","0","1","0","0"
"excluding_h2218_h2239","sequence_family","type_sides_order_context_relation","85","dimensions","25","6","19","192","331","0.344411","0.758308","2","0.156863","0.433824","0.419355","-0.066465"
"excluding_h2218_h2239","sequence_family","type_sides_order_context_relation","85","side_context","25","6","19","192","331","0.416918","0.749245","2","0.205882","0.5","0.526882","0.006042"
"excluding_h2218_h2239","sequence_family","type_sides_order_context_relation","86","frequency","25","6","19","195","331","0.410876","0.719033","2","0","1","0","0"
"excluding_h2218_h2239","sequence_family","type_sides_order_context_relation","86","object","25","6","19","195","331","0.410876","0.752266","2","0","1","0","0"
"excluding_h2218_h2239","sequence_family","type_sides_order_context_relation","86","dimensions","25","6","19","195","331","0.413897","0.649547","2","0.392157","0.558824","0.225806","0.003021"
"excluding_h2218_h2239","sequence_family","type_sides_order_context_relation","86","side_context","25","6","19","195","331","0.374622","0.773414","2","0.127451","0.507353","0.451613","-0.036254"
"excluding_h2218_h2239","sequence_family","type_sides_order_context_relation","87","frequency","25","6","19","192","331","0.410876","0.719033","2","0","1","0","0"
"excluding_h2218_h2239","sequence_family","type_sides_order_context_relation","87","object","25","6","19","192","331","0.410876","0.752266","2","0","1","0","0"
"excluding_h2218_h2239","sequence_family","type_sides_order_context_relation","87","dimensions","25","6","19","192","331","0.302115","0.779456","2","0.176471","0.397059","0.301075","-0.108761"
"excluding_h2218_h2239","sequence_family","type_sides_order_context_relation","87","side_context","25","6","19","192","331","0.392749","0.773414","2","0.107843","0.5","0.548387","-0.018127"
"excluding_h2218_h2239","sequence_family","type_sides_order_context_relation","88","frequency","25","6","19","186","331","0.410876","0.719033","2","0","1","0","0"
"excluding_h2218_h2239","sequence_family","type_sides_order_context_relation","88","object","25","6","19","186","331","0.410876","0.752266","2","0","1","0","0"
"excluding_h2218_h2239","sequence_family","type_sides_order_context_relation","88","dimensions","25","6","19","186","331","0.362538","0.782477","2","0.352941","0.367647","0.365591","-0.048338"
"excluding_h2218_h2239","sequence_family","type_sides_order_context_relation","88","side_context","25","6","19","186","331","0.383686","0.770393","2","0.098039","0.5","0.526882","-0.02719"
"excluding_h2218_h2239","sequence_family","type_sides_order_context_relation","89","frequency","25","6","19","186","331","0.410876","0.719033","2","0","1","0","0"
"excluding_h2218_h2239","sequence_family","type_sides_order_context_relation","89","object","25","6","19","186","331","0.410876","0.752266","2","0","1","0","0"
"excluding_h2218_h2239","sequence_family","type_sides_order_context_relation","89","dimensions","25","6","19","186","331","0.401813","0.731118","2","0.441176","0.514706","0.193548","-0.009063"
"excluding_h2218_h2239","sequence_family","type_sides_order_context_relation","89","side_context","25","6","19","186","331","0.410876","0.746224","2","0.205882","0.492647","0.516129","0"
"excluding_h2218_h2239","sequence_family","type_sides_order_context_relation","90","frequency","25","6","19","199","331","0.410876","0.719033","2","0","1","0","0"
"excluding_h2218_h2239","sequence_family","type_sides_order_context_relation","90","object","25","6","19","199","331","0.410876","0.752266","2","0","1","0","0"
"excluding_h2218_h2239","sequence_family","type_sides_order_context_relation","90","dimensions","25","6","19","199","331","0.305136","0.746224","2","0.147059","0.25","0.55914","-0.10574"
"excluding_h2218_h2239","sequence_family","type_sides_order_context_relation","90","side_context","25","6","19","199","331","0.383686","0.76435","2","0.068627","0.514706","0.537634","-0.02719"
"excluding_h2218_h2239","sequence_family","type_sides_order_context_relation","91","frequency","25","6","19","194","331","0.410876","0.719033","2","0","1","0","0"
"excluding_h2218_h2239","sequence_family","type_sides_order_context_relation","91","object","25","6","19","194","331","0.410876","0.752266","2","0","1","0","0"
"excluding_h2218_h2239","sequence_family","type_sides_order_context_relation","91","dimensions","25","6","19","194","331","0.344411","0.728097","2","0.333333","0.566176","0.032258","-0.066465"
"excluding_h2218_h2239","sequence_family","type_sides_order_context_relation","91","side_context","25","6","19","194","331","0.359517","0.770393","2","0.098039","0.5","0.44086","-0.05136"
"excluding_h2218_h2239","sequence_family","type_sides_order_context_relation","92","frequency","25","6","19","194","331","0.410876","0.719033","2","0","1","0","0"
"excluding_h2218_h2239","sequence_family","type_sides_order_context_relation","92","object","25","6","19","194","331","0.410876","0.752266","2","0","1","0","0"
"excluding_h2218_h2239","sequence_family","type_sides_order_context_relation","92","dimensions","25","6","19","194","331","0.365559","0.694864","2","0.392157","0.323529","0.397849","-0.045317"
"excluding_h2218_h2239","sequence_family","type_sides_order_context_relation","92","side_context","25","6","19","194","331","0.429003","0.743202","2","0.215686","0.5","0.55914","0.018127"
"excluding_h2218_h2239","sequence_family","type_sides_order_context_relation","93","frequency","25","6","19","185","331","0.410876","0.719033","2","0","1","0","0"
"excluding_h2218_h2239","sequence_family","type_sides_order_context_relation","93","object","25","6","19","185","331","0.410876","0.752266","2","0","1","0","0"
"excluding_h2218_h2239","sequence_family","type_sides_order_context_relation","93","dimensions","25","6","19","185","331","0.365559","0.719033","2","0.264706","0.477941","0.311828","-0.045317"
"excluding_h2218_h2239","sequence_family","type_sides_order_context_relation","93","side_context","25","6","19","185","331","0.365559","0.761329","2","0.078431","0.507353","0.473118","-0.045317"
"excluding_h2218_h2239","sequence_family","type_sides_order_context_relation","94","frequency","25","6","19","191","331","0.410876","0.719033","2","0","1","0","0"
"excluding_h2218_h2239","sequence_family","type_sides_order_context_relation","94","object","25","6","19","191","331","0.410876","0.752266","2","0","1","0","0"
"excluding_h2218_h2239","sequence_family","type_sides_order_context_relation","94","dimensions","25","6","19","191","331","0.407855","0.725076","2","0.480392","0.375","0.376344","-0.003021"
"excluding_h2218_h2239","sequence_family","type_sides_order_context_relation","94","side_context","25","6","19","191","331","0.380665","0.767372","2","0.088235","0.5","0.526882","-0.030211"
"excluding_h2218_h2239","sequence_family","type_sides_order_context_relation","95","frequency","25","6","19","204","331","0.410876","0.719033","2","0","1","0","0"
"excluding_h2218_h2239","sequence_family","type_sides_order_context_relation","95","object","25","6","19","204","331","0.410876","0.752266","2","0","1","0","0"
"excluding_h2218_h2239","sequence_family","type_sides_order_context_relation","95","dimensions","25","6","19","204","331","0.41994","0.740181","2","0.264706","0.647059","0.258065","0.009063"
"excluding_h2218_h2239","sequence_family","type_sides_order_context_relation","95","side_context","25","6","19","204","331","0.383686","0.767372","2","0.088235","0.507353","0.526882","-0.02719"
"excluding_h2218_h2239","sequence_family","type_sides_order_context_relation","96","frequency","25","6","19","201","331","0.410876","0.719033","2","0","1","0","0"
"excluding_h2218_h2239","sequence_family","type_sides_order_context_relation","96","object","25","6","19","201","331","0.410876","0.752266","2","0","1","0","0"
"excluding_h2218_h2239","sequence_family","type_sides_order_context_relation","96","dimensions","25","6","19","201","331","0.407855","0.706949","2","0.117647","0.529412","0.548387","-0.003021"
"excluding_h2218_h2239","sequence_family","type_sides_order_context_relation","96","side_context","25","6","19","201","331","0.365559","0.76435","2","0.088235","0.507353","0.462366","-0.045317"
"excluding_h2218_h2239","sequence_family","type_sides_order_context_relation","97","frequency","25","6","19","191","331","0.410876","0.719033","2","0","1","0","0"
"excluding_h2218_h2239","sequence_family","type_sides_order_context_relation","97","object","25","6","19","191","331","0.410876","0.752266","2","0","1","0","0"
"excluding_h2218_h2239","sequence_family","type_sides_order_context_relation","97","dimensions","25","6","19","191","331","0.362538","0.691843","2","0.411765","0.529412","0.064516","-0.048338"
"excluding_h2218_h2239","sequence_family","type_sides_order_context_relation","97","side_context","25","6","19","191","331","0.425982","0.773414","2","0.117647","0.639706","0.451613","0.015106"
"excluding_h2218_h2239","sequence_family","type_sides_order_context_relation","98","frequency","25","6","19","199","331","0.410876","0.719033","2","0","1","0","0"
"excluding_h2218_h2239","sequence_family","type_sides_order_context_relation","98","object","25","6","19","199","331","0.410876","0.752266","2","0","1","0","0"
"excluding_h2218_h2239","sequence_family","type_sides_order_context_relation","98","dimensions","25","6","19","199","331","0.34139","0.773414","2","0.441176","0.294118","0.301075","-0.069486"
"excluding_h2218_h2239","sequence_family","type_sides_order_context_relation","98","side_context","25","6","19","199","331","0.359517","0.758308","2","0.098039","0.5","0.44086","-0.05136"
"excluding_h2218_h2239","sequence_family","type_sides_order_context_relation","99","frequency","25","6","19","192","331","0.410876","0.719033","2","0","1","0","0"
"excluding_h2218_h2239","sequence_family","type_sides_order_context_relation","99","object","25","6","19","192","331","0.410876","0.752266","2","0","1","0","0"
"excluding_h2218_h2239","sequence_family","type_sides_order_context_relation","99","dimensions","25","6","19","192","331","0.311178","0.70997","2","0.294118","0.367647","0.247312","-0.099698"
"excluding_h2218_h2239","sequence_family","type_sides_order_context_relation","99","side_context","25","6","19","192","331","0.36858","0.76435","2","0.107843","0.5","0.462366","-0.042296"
"excluding_h2218_h2239","sequence_family","type_sides_order_context_relation","100","frequency","25","6","19","192","331","0.410876","0.719033","2","0","1","0","0"
"excluding_h2218_h2239","sequence_family","type_sides_order_context_relation","100","object","25","6","19","192","331","0.410876","0.752266","2","0","1","0","0"
"excluding_h2218_h2239","sequence_family","type_sides_order_context_relation","100","dimensions","25","6","19","192","331","0.425982","0.731118","2","0.382353","0.375","0.548387","0.015106"
"excluding_h2218_h2239","sequence_family","type_sides_order_context_relation","100","side_context","25","6","19","192","331","0.380665","0.767372","2","0.078431","0.507353","0.526882","-0.030211"
"excluding_h2218_h2239","sequence_family","type_sides_order_context_relation","101","frequency","25","6","19","197","331","0.410876","0.719033","2","0","1","0","0"
"excluding_h2218_h2239","sequence_family","type_sides_order_context_relation","101","object","25","6","19","197","331","0.410876","0.752266","2","0","1","0","0"
"excluding_h2218_h2239","sequence_family","type_sides_order_context_relation","101","dimensions","25","6","19","197","331","0.36858","0.694864","2","0.215686","0.551471","0.268817","-0.042296"
"excluding_h2218_h2239","sequence_family","type_sides_order_context_relation","101","side_context","25","6","19","197","331","0.389728","0.767372","2","0.088235","0.5","0.55914","-0.021148"
"excluding_h2218_h2239","sequence_family","type_sides_order_context_relation","102","frequency","25","6","19","208","331","0.410876","0.719033","2","0","1","0","0"
"excluding_h2218_h2239","sequence_family","type_sides_order_context_relation","102","object","25","6","19","208","331","0.410876","0.752266","2","0","1","0","0"
"excluding_h2218_h2239","sequence_family","type_sides_order_context_relation","102","dimensions","25","6","19","208","331","0.383686","0.722054","2","0.245098","0.470588","0.408602","-0.02719"
"excluding_h2218_h2239","sequence_family","type_sides_order_context_relation","102","side_context","25","6","19","208","331","0.36858","0.767372","2","0.098039","0.507353","0.462366","-0.042296"
"excluding_h2218_h2239","sequence_family","type_sides_order_context_relation","103","frequency","25","6","19","209","331","0.410876","0.719033","2","0","1","0","0"
"excluding_h2218_h2239","sequence_family","type_sides_order_context_relation","103","object","25","6","19","209","331","0.410876","0.752266","2","0","1","0","0"
"excluding_h2218_h2239","sequence_family","type_sides_order_context_relation","103","dimensions","25","6","19","209","331","0.386707","0.746224","2","0.176471","0.529412","0.408602","-0.024169"
"excluding_h2218_h2239","sequence_family","type_sides_order_context_relation","103","side_context","25","6","19","209","331","0.386707","0.758308","2","0.078431","0.5","0.55914","-0.024169"
"excluding_h2218_h2239","sequence_family","type_sides_order_context_relation","104","frequency","25","6","19","204","331","0.410876","0.719033","2","0","1","0","0"
"excluding_h2218_h2239","sequence_family","type_sides_order_context_relation","104","object","25","6","19","204","331","0.410876","0.752266","2","0","1","0","0"
"excluding_h2218_h2239","sequence_family","type_sides_order_context_relation","104","dimensions","25","6","19","204","331","0.362538","0.752266","2","0.313725","0.536765","0.16129","-0.048338"
"excluding_h2218_h2239","sequence_family","type_sides_order_context_relation","104","side_context","25","6","19","204","331","0.359517","0.770393","2","0.107843","0.5","0.430108","-0.05136"
"excluding_h2218_h2239","sequence_family","type_sides_order_context_relation","105","frequency","25","6","19","183","331","0.410876","0.719033","2","0","1","0","0"
"excluding_h2218_h2239","sequence_family","type_sides_order_context_relation","105","object","25","6","19","183","331","0.410876","0.752266","2","0","1","0","0"
"excluding_h2218_h2239","sequence_family","type_sides_order_context_relation","105","dimensions","25","6","19","183","331","0.36858","0.731118","2","0.117647","0.411765","0.580645","-0.042296"
"excluding_h2218_h2239","sequence_family","type_sides_order_context_relation","105","side_context","25","6","19","183","331","0.392749","0.767372","2","0.107843","0.507353","0.537634","-0.018127"
"excluding_h2218_h2239","sequence_family","type_sides_order_context_relation","106","frequency","25","6","19","188","331","0.410876","0.719033","2","0","1","0","0"
"excluding_h2218_h2239","sequence_family","type_sides_order_context_relation","106","object","25","6","19","188","331","0.410876","0.752266","2","0","1","0","0"
"excluding_h2218_h2239","sequence_family","type_sides_order_context_relation","106","dimensions","25","6","19","188","331","0.383686","0.731118","2","0.264706","0.448529","0.419355","-0.02719"
"excluding_h2218_h2239","sequence_family","type_sides_order_context_relation","106","side_context","25","6","19","188","331","0.404834","0.770393","2","0.078431","0.544118","0.55914","-0.006042"
"excluding_h2218_h2239","sequence_family","type_sides_order_context_relation","107","frequency","25","6","19","207","331","0.410876","0.719033","2","0","1","0","0"
"excluding_h2218_h2239","sequence_family","type_sides_order_context_relation","107","object","25","6","19","207","331","0.410876","0.752266","2","0","1","0","0"
"excluding_h2218_h2239","sequence_family","type_sides_order_context_relation","107","dimensions","25","6","19","207","331","0.377644","0.700906","2","0.411765","0.338235","0.397849","-0.033233"
"excluding_h2218_h2239","sequence_family","type_sides_order_context_relation","107","side_context","25","6","19","207","331","0.398792","0.773414","2","0.107843","0.507353","0.55914","-0.012085"
"excluding_h2218_h2239","sequence_family","type_sides_order_context_relation","108","frequency","25","6","19","197","331","0.410876","0.719033","2","0","1","0","0"
"excluding_h2218_h2239","sequence_family","type_sides_order_context_relation","108","object","25","6","19","197","331","0.410876","0.752266","2","0","1","0","0"
"excluding_h2218_h2239","sequence_family","type_sides_order_context_relation","108","dimensions","25","6","19","197","331","0.438066","0.755287","2","0.284314","0.5","0.516129","0.02719"
"excluding_h2218_h2239","sequence_family","type_sides_order_context_relation","108","side_context","25","6","19","197","331","0.374622","0.767372","2","0.107843","0.5","0.483871","-0.036254"
"excluding_h2218_h2239","sequence_family","type_sides_order_context_relation","109","frequency","25","6","19","193","331","0.410876","0.719033","2","0","1","0","0"
"excluding_h2218_h2239","sequence_family","type_sides_order_context_relation","109","object","25","6","19","193","331","0.410876","0.752266","2","0","1","0","0"
"excluding_h2218_h2239","sequence_family","type_sides_order_context_relation","109","dimensions","25","6","19","193","331","0.41994","0.761329","2","0.45098","0.514706","0.247312","0.009063"
"excluding_h2218_h2239","sequence_family","type_sides_order_context_relation","109","side_context","25","6","19","193","331","0.429003","0.743202","2","0.215686","0.5","0.55914","0.018127"
"excluding_h2218_h2239","sequence_family","type_sides_order_context_relation","110","frequency","25","6","19","193","331","0.410876","0.719033","2","0","1","0","0"
"excluding_h2218_h2239","sequence_family","type_sides_order_context_relation","110","object","25","6","19","193","331","0.410876","0.752266","2","0","1","0","0"
"excluding_h2218_h2239","sequence_family","type_sides_order_context_relation","110","dimensions","25","6","19","193","331","0.359517","0.791541","2","0.460784","0.227941","0.44086","-0.05136"
"excluding_h2218_h2239","sequence_family","type_sides_order_context_relation","110","side_context","25","6","19","193","331","0.383686","0.770393","2","0.068627","0.522059","0.526882","-0.02719"
"excluding_h2218_h2239","sequence_family","type_sides_order_context_relation","111","frequency","25","6","19","181","331","0.410876","0.719033","2","0","1","0","0"
"excluding_h2218_h2239","sequence_family","type_sides_order_context_relation","111","object","25","6","19","181","331","0.410876","0.752266","2","0","1","0","0"
"excluding_h2218_h2239","sequence_family","type_sides_order_context_relation","111","dimensions","25","6","19","181","331","0.39577","0.688822","2","0.176471","0.558824","0.397849","-0.015106"
"excluding_h2218_h2239","sequence_family","type_sides_order_context_relation","111","side_context","25","6","19","181","331","0.425982","0.767372","2","0.205882","0.514706","0.537634","0.015106"
"excluding_h2218_h2239","sequence_family","type_sides_order_context_relation","112","frequency","25","6","19","183","331","0.410876","0.719033","2","0","1","0","0"
"excluding_h2218_h2239","sequence_family","type_sides_order_context_relation","112","object","25","6","19","183","331","0.410876","0.752266","2","0","1","0","0"
"excluding_h2218_h2239","sequence_family","type_sides_order_context_relation","112","dimensions","25","6","19","183","331","0.332326","0.712991","2","0.333333","0.330882","0.333333","-0.07855"
"excluding_h2218_h2239","sequence_family","type_sides_order_context_relation","112","side_context","25","6","19","183","331","0.413897","0.770393","2","0.205882","0.492647","0.526882","0.003021"
"excluding_h2218_h2239","sequence_family","type_sides_order_context_relation","113","frequency","25","6","19","188","331","0.410876","0.719033","2","0","1","0","0"
"excluding_h2218_h2239","sequence_family","type_sides_order_context_relation","113","object","25","6","19","188","331","0.410876","0.752266","2","0","1","0","0"
"excluding_h2218_h2239","sequence_family","type_sides_order_context_relation","113","dimensions","25","6","19","188","331","0.410876","0.740181","2","0.284314","0.544118","0.354839","0"
"excluding_h2218_h2239","sequence_family","type_sides_order_context_relation","113","side_context","25","6","19","188","331","0.386707","0.770393","2","0.088235","0.514706","0.526882","-0.024169"
"excluding_h2218_h2239","sequence_family","type_sides_order_context_relation","114","frequency","25","6","19","186","331","0.410876","0.719033","2","0","1","0","0"
"excluding_h2218_h2239","sequence_family","type_sides_order_context_relation","114","object","25","6","19","186","331","0.410876","0.752266","2","0","1","0","0"
"excluding_h2218_h2239","sequence_family","type_sides_order_context_relation","114","dimensions","25","6","19","186","331","0.425982","0.758308","2","0.284314","0.588235","0.344086","0.015106"
"excluding_h2218_h2239","sequence_family","type_sides_order_context_relation","114","side_context","25","6","19","186","331","0.371601","0.761329","2","0.088235","0.492647","0.505376","-0.039275"
"excluding_h2218_h2239","sequence_family","type_sides_order_context_relation","115","frequency","25","6","19","193","331","0.410876","0.719033","2","0","1","0","0"
"excluding_h2218_h2239","sequence_family","type_sides_order_context_relation","115","object","25","6","19","193","331","0.410876","0.752266","2","0","1","0","0"
"excluding_h2218_h2239","sequence_family","type_sides_order_context_relation","115","dimensions","25","6","19","193","331","0.404834","0.706949","2","0.196078","0.507353","0.483871","-0.006042"
"excluding_h2218_h2239","sequence_family","type_sides_order_context_relation","115","side_context","25","6","19","193","331","0.377644","0.76435","2","0.078431","0.5","0.526882","-0.033233"
"excluding_h2218_h2239","sequence_family","type_sides_order_context_relation","116","frequency","25","6","19","188","331","0.410876","0.719033","2","0","1","0","0"
"excluding_h2218_h2239","sequence_family","type_sides_order_context_relation","116","object","25","6","19","188","331","0.410876","0.752266","2","0","1","0","0"
"excluding_h2218_h2239","sequence_family","type_sides_order_context_relation","116","dimensions","25","6","19","188","331","0.39577","0.712991","2","0.137255","0.522059","0.494624","-0.015106"
"excluding_h2218_h2239","sequence_family","type_sides_order_context_relation","116","side_context","25","6","19","188","331","0.386707","0.76435","2","0.088235","0.5","0.548387","-0.024169"
"excluding_h2218_h2239","sequence_family","type_sides_order_context_relation","117","frequency","25","6","19","200","331","0.410876","0.719033","2","0","1","0","0"
"excluding_h2218_h2239","sequence_family","type_sides_order_context_relation","117","object","25","6","19","200","331","0.410876","0.752266","2","0","1","0","0"
"excluding_h2218_h2239","sequence_family","type_sides_order_context_relation","117","dimensions","25","6","19","200","331","0.350453","0.749245","2","0.313725","0.441176","0.258065","-0.060423"
"excluding_h2218_h2239","sequence_family","type_sides_order_context_relation","117","side_context","25","6","19","200","331","0.377644","0.76435","2","0.078431","0.5","0.526882","-0.033233"
"excluding_h2218_h2239","sequence_family","type_sides_order_context_relation","118","frequency","25","6","19","193","331","0.410876","0.719033","2","0","1","0","0"
"excluding_h2218_h2239","sequence_family","type_sides_order_context_relation","118","object","25","6","19","193","331","0.410876","0.752266","2","0","1","0","0"
"excluding_h2218_h2239","sequence_family","type_sides_order_context_relation","118","dimensions","25","6","19","193","331","0.323263","0.688822","2","0.235294","0.514706","0.139785","-0.087613"
"excluding_h2218_h2239","sequence_family","type_sides_order_context_relation","118","side_context","25","6","19","193","331","0.389728","0.770393","2","0.088235","0.507353","0.548387","-0.021148"
"excluding_h2218_h2239","sequence_family","type_sides_order_context_relation","119","frequency","25","6","19","185","331","0.410876","0.719033","2","0","1","0","0"
"excluding_h2218_h2239","sequence_family","type_sides_order_context_relation","119","object","25","6","19","185","331","0.410876","0.752266","2","0","1","0","0"
"excluding_h2218_h2239","sequence_family","type_sides_order_context_relation","119","dimensions","25","6","19","185","331","0.332326","0.655589","2","0.04902","0.617647","0.225806","-0.07855"
"excluding_h2218_h2239","sequence_family","type_sides_order_context_relation","119","side_context","25","6","19","185","331","0.389728","0.773414","2","0.098039","0.507353","0.537634","-0.021148"
"excluding_h2218_h2239","sequence_family","type_sides_order_context_relation","120","frequency","25","6","19","204","331","0.410876","0.719033","2","0","1","0","0"
"excluding_h2218_h2239","sequence_family","type_sides_order_context_relation","120","object","25","6","19","204","331","0.410876","0.752266","2","0","1","0","0"
"excluding_h2218_h2239","sequence_family","type_sides_order_context_relation","120","dimensions","25","6","19","204","331","0.425982","0.722054","2","0.205882","0.536765","0.505376","0.015106"
"excluding_h2218_h2239","sequence_family","type_sides_order_context_relation","120","side_context","25","6","19","204","331","0.36858","0.767372","2","0.107843","0.492647","0.473118","-0.042296"
"excluding_h2218_h2239","sequence_family","type_sides_order_context_relation","121","frequency","25","6","19","183","331","0.410876","0.719033","2","0","1","0","0"
"excluding_h2218_h2239","sequence_family","type_sides_order_context_relation","121","object","25","6","19","183","331","0.410876","0.752266","2","0","1","0","0"
"excluding_h2218_h2239","sequence_family","type_sides_order_context_relation","121","dimensions","25","6","19","183","331","0.392749","0.740181","2","0.352941","0.352941","0.494624","-0.018127"
"excluding_h2218_h2239","sequence_family","type_sides_order_context_relation","121","side_context","25","6","19","183","331","0.398792","0.770393","2","0.098039","0.514706","0.55914","-0.012085"
"excluding_h2218_h2239","sequence_family","type_sides_order_context_relation","122","frequency","25","6","19","209","331","0.410876","0.719033","2","0","1","0","0"
"excluding_h2218_h2239","sequence_family","type_sides_order_context_relation","122","object","25","6","19","209","331","0.410876","0.752266","2","0","1","0","0"
"excluding_h2218_h2239","sequence_family","type_sides_order_context_relation","122","dimensions","25","6","19","209","331","0.392749","0.688822","2","0.156863","0.551471","0.419355","-0.018127"
"excluding_h2218_h2239","sequence_family","type_sides_order_context_relation","122","side_context","25","6","19","209","331","0.401813","0.773414","2","0.088235","0.536765","0.548387","-0.009063"
"excluding_h2218_h2239","sequence_family","type_sides_order_context_relation","123","frequency","25","6","19","203","331","0.410876","0.719033","2","0","1","0","0"
"excluding_h2218_h2239","sequence_family","type_sides_order_context_relation","123","object","25","6","19","203","331","0.410876","0.752266","2","0","1","0","0"
"excluding_h2218_h2239","sequence_family","type_sides_order_context_relation","123","dimensions","25","6","19","203","331","0.353474","0.734139","2","0.147059","0.448529","0.44086","-0.057402"
"excluding_h2218_h2239","sequence_family","type_sides_order_context_relation","123","side_context","25","6","19","203","331","0.383686","0.773414","2","0.117647","0.522059","0.473118","-0.02719"
"excluding_h2218_h2239","sequence_family","type_sides_order_context_relation","124","frequency","25","6","19","198","331","0.410876","0.719033","2","0","1","0","0"
"excluding_h2218_h2239","sequence_family","type_sides_order_context_relation","124","object","25","6","19","198","331","0.410876","0.752266","2","0","1","0","0"
"excluding_h2218_h2239","sequence_family","type_sides_order_context_relation","124","dimensions","25","6","19","198","331","0.407855","0.70997","2","0.205882","0.588235","0.365591","-0.003021"
"excluding_h2218_h2239","sequence_family","type_sides_order_context_relation","124","side_context","25","6","19","198","331","0.380665","0.767372","2","0.098039","0.492647","0.526882","-0.030211"
"excluding_h2218_h2239","sequence_family","type_sides_order_context_relation","125","frequency","25","6","19","209","331","0.410876","0.719033","2","0","1","0","0"
"excluding_h2218_h2239","sequence_family","type_sides_order_context_relation","125","object","25","6","19","209","331","0.410876","0.752266","2","0","1","0","0"
"excluding_h2218_h2239","sequence_family","type_sides_order_context_relation","125","dimensions","25","6","19","209","331","0.380665","0.770393","2","0.254902","0.477941","0.376344","-0.030211"
"excluding_h2218_h2239","sequence_family","type_sides_order_context_relation","125","side_context","25","6","19","209","331","0.356495","0.776435","2","0.098039","0.5","0.430108","-0.054381"
"excluding_h2218_h2239","sequence_family","type_sides_order_context_relation","126","frequency","25","6","19","187","331","0.410876","0.719033","2","0","1","0","0"
"excluding_h2218_h2239","sequence_family","type_sides_order_context_relation","126","object","25","6","19","187","331","0.410876","0.752266","2","0","1","0","0"
"excluding_h2218_h2239","sequence_family","type_sides_order_context_relation","126","dimensions","25","6","19","187","331","0.332326","0.649547","2","0.088235","0.433824","0.451613","-0.07855"
"excluding_h2218_h2239","sequence_family","type_sides_order_context_relation","126","side_context","25","6","19","187","331","0.374622","0.770393","2","0.078431","0.5","0.516129","-0.036254"
"excluding_h2218_h2239","sequence_family","type_sides_order_context_relation","127","frequency","25","6","19","189","331","0.410876","0.719033","2","0","1","0","0"
"excluding_h2218_h2239","sequence_family","type_sides_order_context_relation","127","object","25","6","19","189","331","0.410876","0.752266","2","0","1","0","0"
"excluding_h2218_h2239","sequence_family","type_sides_order_context_relation","127","dimensions","25","6","19","189","331","0.296073","0.755287","2","0.235294","0.316176","0.333333","-0.114804"
"excluding_h2218_h2239","sequence_family","type_sides_order_context_relation","127","side_context","25","6","19","189","331","0.36858","0.78852","2","0.078431","0.492647","0.505376","-0.042296"
"excluding_h2218_h2239","sequence_family","type_sides_order_context_relation","128","frequency","25","6","19","210","331","0.410876","0.719033","2","0","1","0","0"
"excluding_h2218_h2239","sequence_family","type_sides_order_context_relation","128","object","25","6","19","210","331","0.410876","0.752266","2","0","1","0","0"
"excluding_h2218_h2239","sequence_family","type_sides_order_context_relation","128","dimensions","25","6","19","210","331","0.389728","0.712991","2","0.323529","0.669118","0.053763","-0.021148"
"excluding_h2218_h2239","sequence_family","type_sides_order_context_relation","128","side_context","25","6","19","210","331","0.371601","0.770393","2","0.107843","0.507353","0.462366","-0.039275"
"excluding_h2218_h2239","sequence_family","type_sides_order_context_relation","129","frequency","25","6","19","200","331","0.410876","0.719033","2","0","1","0","0"
"excluding_h2218_h2239","sequence_family","type_sides_order_context_relation","129","object","25","6","19","200","331","0.410876","0.752266","2","0","1","0","0"
"excluding_h2218_h2239","sequence_family","type_sides_order_context_relation","129","dimensions","25","6","19","200","331","0.283988","0.661631","2","0.098039","0.551471","0.096774","-0.126888"
"excluding_h2218_h2239","sequence_family","type_sides_order_context_relation","129","side_context","25","6","19","200","331","0.383686","0.776435","2","0.098039","0.507353","0.516129","-0.02719"
"excluding_h2218_h2239","sequence_family","type_sides_order_context_relation","130","frequency","25","6","19","187","331","0.410876","0.719033","2","0","1","0","0"
"excluding_h2218_h2239","sequence_family","type_sides_order_context_relation","130","object","25","6","19","187","331","0.410876","0.752266","2","0","1","0","0"
"excluding_h2218_h2239","sequence_family","type_sides_order_context_relation","130","dimensions","25","6","19","187","331","0.36858","0.749245","2","0.254902","0.397059","0.451613","-0.042296"
"excluding_h2218_h2239","sequence_family","type_sides_order_context_relation","130","side_context","25","6","19","187","331","0.39577","0.76435","2","0.098039","0.507353","0.55914","-0.015106"
"excluding_h2218_h2239","sequence_family","type_sides_order_context_relation","131","frequency","25","6","19","193","331","0.410876","0.719033","2","0","1","0","0"
"excluding_h2218_h2239","sequence_family","type_sides_order_context_relation","131","object","25","6","19","193","331","0.410876","0.752266","2","0","1","0","0"
"excluding_h2218_h2239","sequence_family","type_sides_order_context_relation","131","dimensions","25","6","19","193","331","0.350453","0.728097","2","0.333333","0.463235","0.204301","-0.060423"
"excluding_h2218_h2239","sequence_family","type_sides_order_context_relation","131","side_context","25","6","19","193","331","0.401813","0.794562","2","0.078431","0.536765","0.55914","-0.009063"
"excluding_h2218_h2239","sequence_family","type_sides_order_context_relation","132","frequency","25","6","19","194","331","0.410876","0.719033","2","0","1","0","0"
"excluding_h2218_h2239","sequence_family","type_sides_order_context_relation","132","object","25","6","19","194","331","0.410876","0.752266","2","0","1","0","0"
"excluding_h2218_h2239","sequence_family","type_sides_order_context_relation","132","dimensions","25","6","19","194","331","0.401813","0.740181","2","0.176471","0.588235","0.376344","-0.009063"
"excluding_h2218_h2239","sequence_family","type_sides_order_context_relation","132","side_context","25","6","19","194","331","0.371601","0.767372","2","0.088235","0.492647","0.505376","-0.039275"
"excluding_h2218_h2239","sequence_family","type_sides_order_context_relation","133","frequency","25","6","19","191","331","0.410876","0.719033","2","0","1","0","0"
"excluding_h2218_h2239","sequence_family","type_sides_order_context_relation","133","object","25","6","19","191","331","0.410876","0.752266","2","0","1","0","0"
"excluding_h2218_h2239","sequence_family","type_sides_order_context_relation","133","dimensions","25","6","19","191","331","0.407855","0.758308","2","0.421569","0.308824","0.537634","-0.003021"
"excluding_h2218_h2239","sequence_family","type_sides_order_context_relation","133","side_context","25","6","19","191","331","0.383686","0.767372","2","0.088235","0.5","0.537634","-0.02719"
"excluding_h2218_h2239","sequence_family","type_sides_order_context_relation","134","frequency","25","6","19","208","331","0.410876","0.719033","2","0","1","0","0"
"excluding_h2218_h2239","sequence_family","type_sides_order_context_relation","134","object","25","6","19","208","331","0.410876","0.752266","2","0","1","0","0"
"excluding_h2218_h2239","sequence_family","type_sides_order_context_relation","134","dimensions","25","6","19","208","331","0.365559","0.722054","2","0.382353","0.492647","0.16129","-0.045317"
"excluding_h2218_h2239","sequence_family","type_sides_order_context_relation","134","side_context","25","6","19","208","331","0.374622","0.761329","2","0.068627","0.5","0.526882","-0.036254"
"excluding_h2218_h2239","sequence_family","type_sides_order_context_relation","135","frequency","25","6","19","207","331","0.410876","0.719033","2","0","1","0","0"
"excluding_h2218_h2239","sequence_family","type_sides_order_context_relation","135","object","25","6","19","207","331","0.410876","0.752266","2","0","1","0","0"
"excluding_h2218_h2239","sequence_family","type_sides_order_context_relation","135","dimensions","25","6","19","207","331","0.329305","0.63142","2","0.27451","0.529412","0.096774","-0.081571"
"excluding_h2218_h2239","sequence_family","type_sides_order_context_relation","135","side_context","25","6","19","207","331","0.365559","0.776435","2","0.127451","0.492647","0.44086","-0.045317"
"excluding_h2218_h2239","sequence_family","type_sides_order_context_relation","136","frequency","25","6","19","193","331","0.410876","0.719033","2","0","1","0","0"
"excluding_h2218_h2239","sequence_family","type_sides_order_context_relation","136","object","25","6","19","193","331","0.410876","0.752266","2","0","1","0","0"
"excluding_h2218_h2239","sequence_family","type_sides_order_context_relation","136","dimensions","25","6","19","193","331","0.380665","0.679758","2","0.303922","0.632353","0.096774","-0.030211"
"excluding_h2218_h2239","sequence_family","type_sides_order_context_relation","136","side_context","25","6","19","193","331","0.386707","0.76435","2","0.078431","0.5","0.55914","-0.024169"
"excluding_h2218_h2239","sequence_family","type_sides_order_context_relation","137","frequency","25","6","19","182","331","0.410876","0.719033","2","0","1","0","0"
"excluding_h2218_h2239","sequence_family","type_sides_order_context_relation","137","object","25","6","19","182","331","0.410876","0.752266","2","0","1","0","0"
"excluding_h2218_h2239","sequence_family","type_sides_order_context_relation","137","dimensions","25","6","19","182","331","0.407855","0.719033","2","0.431373","0.316176","0.516129","-0.003021"
"excluding_h2218_h2239","sequence_family","type_sides_order_context_relation","137","side_context","25","6","19","182","331","0.404834","0.78852","2","0.088235","0.544118","0.548387","-0.006042"
"excluding_h2218_h2239","sequence_family","type_sides_order_context_relation","138","frequency","25","6","19","204","331","0.410876","0.719033","2","0","1","0","0"
"excluding_h2218_h2239","sequence_family","type_sides_order_context_relation","138","object","25","6","19","204","331","0.410876","0.752266","2","0","1","0","0"
"excluding_h2218_h2239","sequence_family","type_sides_order_context_relation","138","dimensions","25","6","19","204","331","0.347432","0.691843","2","0.254902","0.352941","0.44086","-0.063444"
"excluding_h2218_h2239","sequence_family","type_sides_order_context_relation","138","side_context","25","6","19","204","331","0.386707","0.761329","2","0.068627","0.507353","0.55914","-0.024169"
"excluding_h2218_h2239","sequence_family","type_sides_order_context_relation","139","frequency","25","6","19","192","331","0.410876","0.719033","2","0","1","0","0"
"excluding_h2218_h2239","sequence_family","type_sides_order_context_relation","139","object","25","6","19","192","331","0.410876","0.752266","2","0","1","0","0"
"excluding_h2218_h2239","sequence_family","type_sides_order_context_relation","139","dimensions","25","6","19","192","331","0.435045","0.685801","2","0.137255","0.595588","0.526882","0.024169"
"excluding_h2218_h2239","sequence_family","type_sides_order_context_relation","139","side_context","25","6","19","192","331","0.386707","0.773414","2","0.088235","0.507353","0.537634","-0.024169"
"excluding_h2218_h2239","sequence_family","type_sides_order_context_relation","140","frequency","25","6","19","189","331","0.410876","0.719033","2","0","1","0","0"
"excluding_h2218_h2239","sequence_family","type_sides_order_context_relation","140","object","25","6","19","189","331","0.410876","0.752266","2","0","1","0","0"
"excluding_h2218_h2239","sequence_family","type_sides_order_context_relation","140","dimensions","25","6","19","189","331","0.468278","0.803625","2","0.401961","0.5","0.494624","0.057402"
"excluding_h2218_h2239","sequence_family","type_sides_order_context_relation","140","side_context","25","6","19","189","331","0.389728","0.776435","2","0.098039","0.514706","0.526882","-0.021148"
"excluding_h2218_h2239","sequence_family","type_sides_order_context_relation","141","frequency","25","6","19","207","331","0.410876","0.719033","2","0","1","0","0"
"excluding_h2218_h2239","sequence_family","type_sides_order_context_relation","141","object","25","6","19","207","331","0.410876","0.752266","2","0","1","0","0"
"excluding_h2218_h2239","sequence_family","type_sides_order_context_relation","141","dimensions","25","6","19","207","331","0.386707","0.722054","2","0.245098","0.617647","0.204301","-0.024169"
"excluding_h2218_h2239","sequence_family","type_sides_order_context_relation","141","side_context","25","6","19","207","331","0.380665","0.773414","2","0.088235","0.5","0.526882","-0.030211"
"excluding_h2218_h2239","sequence_family","type_sides_order_context_relation","142","frequency","25","6","19","192","331","0.410876","0.719033","2","0","1","0","0"
"excluding_h2218_h2239","sequence_family","type_sides_order_context_relation","142","object","25","6","19","192","331","0.410876","0.752266","2","0","1","0","0"
"excluding_h2218_h2239","sequence_family","type_sides_order_context_relation","142","dimensions","25","6","19","192","331","0.380665","0.706949","2","0.22549","0.470588","0.419355","-0.030211"
"excluding_h2218_h2239","sequence_family","type_sides_order_context_relation","142","side_context","25","6","19","192","331","0.380665","0.761329","2","0.098039","0.492647","0.526882","-0.030211"
"excluding_h2218_h2239","sequence_family","type_sides_order_context_relation","143","frequency","25","6","19","189","331","0.410876","0.719033","2","0","1","0","0"
"excluding_h2218_h2239","sequence_family","type_sides_order_context_relation","143","object","25","6","19","189","331","0.410876","0.752266","2","0","1","0","0"
"excluding_h2218_h2239","sequence_family","type_sides_order_context_relation","143","dimensions","25","6","19","189","331","0.377644","0.703927","2","0.45098","0.397059","0.268817","-0.033233"
"excluding_h2218_h2239","sequence_family","type_sides_order_context_relation","143","side_context","25","6","19","189","331","0.383686","0.767372","2","0.078431","0.507353","0.537634","-0.02719"
"excluding_h2218_h2239","sequence_family","type_sides_order_context_relation","144","frequency","25","6","19","194","331","0.410876","0.719033","2","0","1","0","0"
"excluding_h2218_h2239","sequence_family","type_sides_order_context_relation","144","object","25","6","19","194","331","0.410876","0.752266","2","0","1","0","0"
"excluding_h2218_h2239","sequence_family","type_sides_order_context_relation","144","dimensions","25","6","19","194","331","0.377644","0.712991","2","0.27451","0.477941","0.344086","-0.033233"
"excluding_h2218_h2239","sequence_family","type_sides_order_context_relation","144","side_context","25","6","19","194","331","0.377644","0.761329","2","0.098039","0.5","0.505376","-0.033233"
"excluding_h2218_h2239","sequence_family","type_sides_order_context_relation","145","frequency","25","6","19","181","331","0.410876","0.719033","2","0","1","0","0"
"excluding_h2218_h2239","sequence_family","type_sides_order_context_relation","145","object","25","6","19","181","331","0.410876","0.752266","2","0","1","0","0"
"excluding_h2218_h2239","sequence_family","type_sides_order_context_relation","145","dimensions","25","6","19","181","331","0.401813","0.740181","2","0.519608","0.426471","0.236559","-0.009063"
"excluding_h2218_h2239","sequence_family","type_sides_order_context_relation","145","side_context","25","6","19","181","331","0.383686","0.76435","2","0.107843","0.492647","0.526882","-0.02719"
"excluding_h2218_h2239","sequence_family","type_sides_order_context_relation","146","frequency","25","6","19","205","331","0.410876","0.719033","2","0","1","0","0"
"excluding_h2218_h2239","sequence_family","type_sides_order_context_relation","146","object","25","6","19","205","331","0.410876","0.752266","2","0","1","0","0"
"excluding_h2218_h2239","sequence_family","type_sides_order_context_relation","146","dimensions","25","6","19","205","331","0.356495","0.749245","2","0.303922","0.389706","0.365591","-0.054381"
"excluding_h2218_h2239","sequence_family","type_sides_order_context_relation","146","side_context","25","6","19","205","331","0.386707","0.770393","2","0.088235","0.507353","0.537634","-0.024169"
"excluding_h2218_h2239","sequence_family","type_sides_order_context_relation","147","frequency","25","6","19","179","331","0.410876","0.719033","2","0","1","0","0"
"excluding_h2218_h2239","sequence_family","type_sides_order_context_relation","147","object","25","6","19","179","331","0.410876","0.752266","2","0","1","0","0"
"excluding_h2218_h2239","sequence_family","type_sides_order_context_relation","147","dimensions","25","6","19","179","331","0.377644","0.722054","2","0.323529","0.345588","0.483871","-0.033233"
"excluding_h2218_h2239","sequence_family","type_sides_order_context_relation","147","side_context","25","6","19","179","331","0.422961","0.752266","2","0.205882","0.5","0.548387","0.012085"
"excluding_h2218_h2239","sequence_family","type_sides_order_context_relation","148","frequency","25","6","19","200","331","0.410876","0.719033","2","0","1","0","0"
"excluding_h2218_h2239","sequence_family","type_sides_order_context_relation","148","object","25","6","19","200","331","0.410876","0.752266","2","0","1","0","0"
"excluding_h2218_h2239","sequence_family","type_sides_order_context_relation","148","dimensions","25","6","19","200","331","0.356495","0.782477","2","0.372549","0.338235","0.365591","-0.054381"
"excluding_h2218_h2239","sequence_family","type_sides_order_context_relation","148","side_context","25","6","19","200","331","0.386707","0.776435","2","0.088235","0.507353","0.537634","-0.024169"
"excluding_h2218_h2239","sequence_family","type_sides_order_context_relation","149","frequency","25","6","19","199","331","0.410876","0.719033","2","0","1","0","0"
"excluding_h2218_h2239","sequence_family","type_sides_order_context_relation","149","object","25","6","19","199","331","0.410876","0.752266","2","0","1","0","0"
"excluding_h2218_h2239","sequence_family","type_sides_order_context_relation","149","dimensions","25","6","19","199","331","0.404834","0.734139","2","0.245098","0.514706","0.419355","-0.006042"
"excluding_h2218_h2239","sequence_family","type_sides_order_context_relation","149","side_context","25","6","19","199","331","0.398792","0.773414","2","0.098039","0.514706","0.55914","-0.012085"
"excluding_h2218_h2239","sequence_family","type_sides_order_context_relation","150","frequency","25","6","19","166","331","0.410876","0.719033","2","0","1","0","0"
"excluding_h2218_h2239","sequence_family","type_sides_order_context_relation","150","object","25","6","19","166","331","0.410876","0.752266","2","0","1","0","0"
"excluding_h2218_h2239","sequence_family","type_sides_order_context_relation","150","dimensions","25","6","19","166","331","0.39577","0.734139","2","0.147059","0.514706","0.494624","-0.015106"
"excluding_h2218_h2239","sequence_family","type_sides_order_context_relation","150","side_context","25","6","19","166","331","0.377644","0.770393","2","0.058824","0.507353","0.537634","-0.033233"
"excluding_h2218_h2239","sequence_family","type_sides_order_context_relation","151","frequency","25","6","19","204","331","0.410876","0.719033","2","0","1","0","0"
"excluding_h2218_h2239","sequence_family","type_sides_order_context_relation","151","object","25","6","19","204","331","0.410876","0.752266","2","0","1","0","0"
"excluding_h2218_h2239","sequence_family","type_sides_order_context_relation","151","dimensions","25","6","19","204","331","0.383686","0.779456","2","0.254902","0.485294","0.376344","-0.02719"
"excluding_h2218_h2239","sequence_family","type_sides_order_context_relation","151","side_context","25","6","19","204","331","0.383686","0.770393","2","0.107843","0.492647","0.526882","-0.02719"
"excluding_h2218_h2239","sequence_family","type_sides_order_context_relation","152","frequency","25","6","19","184","331","0.410876","0.719033","2","0","1","0","0"
"excluding_h2218_h2239","sequence_family","type_sides_order_context_relation","152","object","25","6","19","184","331","0.410876","0.752266","2","0","1","0","0"
"excluding_h2218_h2239","sequence_family","type_sides_order_context_relation","152","dimensions","25","6","19","184","331","0.359517","0.716012","2","0.215686","0.448529","0.387097","-0.05136"
"excluding_h2218_h2239","sequence_family","type_sides_order_context_relation","152","side_context","25","6","19","184","331","0.374622","0.761329","2","0.078431","0.5","0.516129","-0.036254"
"excluding_h2218_h2239","sequence_family","type_sides_order_context_relation","153","frequency","25","6","19","187","331","0.410876","0.719033","2","0","1","0","0"
"excluding_h2218_h2239","sequence_family","type_sides_order_context_relation","153","object","25","6","19","187","331","0.410876","0.752266","2","0","1","0","0"
"excluding_h2218_h2239","sequence_family","type_sides_order_context_relation","153","dimensions","25","6","19","187","331","0.36858","0.734139","2","0.45098","0.205882","0.516129","-0.042296"
"excluding_h2218_h2239","sequence_family","type_sides_order_context_relation","153","side_context","25","6","19","187","331","0.365559","0.767372","2","0.127451","0.5","0.430108","-0.045317"
"excluding_h2218_h2239","sequence_family","type_sides_order_context_relation","154","frequency","25","6","19","192","331","0.410876","0.719033","2","0","1","0","0"
"excluding_h2218_h2239","sequence_family","type_sides_order_context_relation","154","object","25","6","19","192","331","0.410876","0.752266","2","0","1","0","0"
"excluding_h2218_h2239","sequence_family","type_sides_order_context_relation","154","dimensions","25","6","19","192","331","0.314199","0.691843","2","0.186275","0.389706","0.344086","-0.096677"
"excluding_h2218_h2239","sequence_family","type_sides_order_context_relation","154","side_context","25","6","19","192","331","0.380665","0.773414","2","0.098039","0.492647","0.526882","-0.030211"
"excluding_h2218_h2239","sequence_family","type_sides_order_context_relation","155","frequency","25","6","19","205","331","0.410876","0.719033","2","0","1","0","0"
"excluding_h2218_h2239","sequence_family","type_sides_order_context_relation","155","object","25","6","19","205","331","0.410876","0.752266","2","0","1","0","0"
"excluding_h2218_h2239","sequence_family","type_sides_order_context_relation","155","dimensions","25","6","19","205","331","0.311178","0.703927","2","0.107843","0.544118","0.193548","-0.099698"
"excluding_h2218_h2239","sequence_family","type_sides_order_context_relation","155","side_context","25","6","19","205","331","0.380665","0.761329","2","0.078431","0.5","0.537634","-0.030211"
"excluding_h2218_h2239","sequence_family","type_sides_order_context_relation","156","frequency","25","6","19","195","331","0.410876","0.719033","2","0","1","0","0"
"excluding_h2218_h2239","sequence_family","type_sides_order_context_relation","156","object","25","6","19","195","331","0.410876","0.752266","2","0","1","0","0"
"excluding_h2218_h2239","sequence_family","type_sides_order_context_relation","156","dimensions","25","6","19","195","331","0.308157","0.752266","2","0.284314","0.301471","0.344086","-0.102719"
"excluding_h2218_h2239","sequence_family","type_sides_order_context_relation","156","side_context","25","6","19","195","331","0.383686","0.755287","2","0.088235","0.5","0.537634","-0.02719"
"excluding_h2218_h2239","sequence_family","type_sides_order_context_relation","157","frequency","25","6","19","202","331","0.410876","0.719033","2","0","1","0","0"
"excluding_h2218_h2239","sequence_family","type_sides_order_context_relation","157","object","25","6","19","202","331","0.410876","0.752266","2","0","1","0","0"
"excluding_h2218_h2239","sequence_family","type_sides_order_context_relation","157","dimensions","25","6","19","202","331","0.314199","0.782477","2","0.323529","0.242647","0.408602","-0.096677"
"excluding_h2218_h2239","sequence_family","type_sides_order_context_relation","157","side_context","25","6","19","202","331","0.36858","0.770393","2","0.068627","0.5","0.505376","-0.042296"
"excluding_h2218_h2239","sequence_family","type_sides_order_context_relation","158","frequency","25","6","19","186","331","0.410876","0.719033","2","0","1","0","0"
"excluding_h2218_h2239","sequence_family","type_sides_order_context_relation","158","object","25","6","19","186","331","0.410876","0.752266","2","0","1","0","0"
"excluding_h2218_h2239","sequence_family","type_sides_order_context_relation","158","dimensions","25","6","19","186","331","0.389728","0.758308","2","0.372549","0.463235","0.301075","-0.021148"
"excluding_h2218_h2239","sequence_family","type_sides_order_context_relation","158","side_context","25","6","19","186","331","0.386707","0.770393","2","0.098039","0.5","0.537634","-0.024169"
"excluding_h2218_h2239","sequence_family","type_sides_order_context_relation","159","frequency","25","6","19","196","331","0.410876","0.719033","2","0","1","0","0"
"excluding_h2218_h2239","sequence_family","type_sides_order_context_relation","159","object","25","6","19","196","331","0.410876","0.752266","2","0","1","0","0"
"excluding_h2218_h2239","sequence_family","type_sides_order_context_relation","159","dimensions","25","6","19","196","331","0.389728","0.749245","2","0.264706","0.580882","0.247312","-0.021148"
"excluding_h2218_h2239","sequence_family","type_sides_order_context_relation","159","side_context","25","6","19","196","331","0.386707","0.767372","2","0.078431","0.507353","0.548387","-0.024169"
"excluding_h2218_h2239","sequence_family","type_sides_order_context_relation","160","frequency","25","6","19","183","331","0.410876","0.719033","2","0","1","0","0"
"excluding_h2218_h2239","sequence_family","type_sides_order_context_relation","160","object","25","6","19","183","331","0.410876","0.752266","2","0","1","0","0"
"excluding_h2218_h2239","sequence_family","type_sides_order_context_relation","160","dimensions","25","6","19","183","331","0.392749","0.685801","2","0.078431","0.610294","0.419355","-0.018127"
"excluding_h2218_h2239","sequence_family","type_sides_order_context_relation","160","side_context","25","6","19","183","331","0.386707","0.770393","2","0.088235","0.5","0.548387","-0.024169"
"excluding_h2218_h2239","sequence_family","type_sides_order_context_relation","161","frequency","25","6","19","198","331","0.410876","0.719033","2","0","1","0","0"
"excluding_h2218_h2239","sequence_family","type_sides_order_context_relation","161","object","25","6","19","198","331","0.410876","0.752266","2","0","1","0","0"
"excluding_h2218_h2239","sequence_family","type_sides_order_context_relation","161","dimensions","25","6","19","198","331","0.353474","0.73716","2","0.431373","0.375","0.236559","-0.057402"
"excluding_h2218_h2239","sequence_family","type_sides_order_context_relation","161","side_context","25","6","19","198","331","0.362538","0.767372","2","0.098039","0.5","0.451613","-0.048338"
"excluding_h2218_h2239","sequence_family","type_sides_order_context_relation","162","frequency","25","6","19","213","331","0.410876","0.719033","2","0","1","0","0"
"excluding_h2218_h2239","sequence_family","type_sides_order_context_relation","162","object","25","6","19","213","331","0.410876","0.752266","2","0","1","0","0"
"excluding_h2218_h2239","sequence_family","type_sides_order_context_relation","162","dimensions","25","6","19","213","331","0.398792","0.700906","2","0.156863","0.580882","0.397849","-0.012085"
"excluding_h2218_h2239","sequence_family","type_sides_order_context_relation","162","side_context","25","6","19","213","331","0.380665","0.770393","2","0.078431","0.507353","0.526882","-0.030211"
"excluding_h2218_h2239","sequence_family","type_sides_order_context_relation","163","frequency","25","6","19","197","331","0.410876","0.719033","2","0","1","0","0"
"excluding_h2218_h2239","sequence_family","type_sides_order_context_relation","163","object","25","6","19","197","331","0.410876","0.752266","2","0","1","0","0"
"excluding_h2218_h2239","sequence_family","type_sides_order_context_relation","163","dimensions","25","6","19","197","331","0.350453","0.776435","2","0.107843","0.551471","0.322581","-0.060423"
"excluding_h2218_h2239","sequence_family","type_sides_order_context_relation","163","side_context","25","6","19","197","331","0.365559","0.767372","2","0.088235","0.507353","0.462366","-0.045317"
"excluding_h2218_h2239","sequence_family","type_sides_order_context_relation","164","frequency","25","6","19","201","331","0.410876","0.719033","2","0","1","0","0"
"excluding_h2218_h2239","sequence_family","type_sides_order_context_relation","164","object","25","6","19","201","331","0.410876","0.752266","2","0","1","0","0"
"excluding_h2218_h2239","sequence_family","type_sides_order_context_relation","164","dimensions","25","6","19","201","331","0.39577","0.694864","2","0.176471","0.705882","0.182796","-0.015106"
"excluding_h2218_h2239","sequence_family","type_sides_order_context_relation","164","side_context","25","6","19","201","331","0.374622","0.767372","2","0.117647","0.5","0.473118","-0.036254"
"excluding_h2218_h2239","sequence_family","type_sides_order_context_relation","165","frequency","25","6","19","199","331","0.410876","0.719033","2","0","1","0","0"
"excluding_h2218_h2239","sequence_family","type_sides_order_context_relation","165","object","25","6","19","199","331","0.410876","0.752266","2","0","1","0","0"
"excluding_h2218_h2239","sequence_family","type_sides_order_context_relation","165","dimensions","25","6","19","199","331","0.356495","0.700906","2","0.156863","0.529412","0.322581","-0.054381"
"excluding_h2218_h2239","sequence_family","type_sides_order_context_relation","165","side_context","25","6","19","199","331","0.377644","0.770393","2","0.068627","0.514706","0.516129","-0.033233"
"excluding_h2218_h2239","sequence_family","type_sides_order_context_relation","166","frequency","25","6","19","186","331","0.410876","0.719033","2","0","1","0","0"
"excluding_h2218_h2239","sequence_family","type_sides_order_context_relation","166","object","25","6","19","186","331","0.410876","0.752266","2","0","1","0","0"
"excluding_h2218_h2239","sequence_family","type_sides_order_context_relation","166","dimensions","25","6","19","186","331","0.377644","0.70997","2","0.137255","0.514706","0.44086","-0.033233"
"excluding_h2218_h2239","sequence_family","type_sides_order_context_relation","166","side_context","25","6","19","186","331","0.416918","0.746224","2","0.215686","0.492647","0.526882","0.006042"
"excluding_h2218_h2239","sequence_family","type_sides_order_context_relation","167","frequency","25","6","19","195","331","0.410876","0.719033","2","0","1","0","0"
"excluding_h2218_h2239","sequence_family","type_sides_order_context_relation","167","object","25","6","19","195","331","0.410876","0.752266","2","0","1","0","0"
"excluding_h2218_h2239","sequence_family","type_sides_order_context_relation","167","dimensions","25","6","19","195","331","0.338369","0.779456","2","0.382353","0.301471","0.344086","-0.072508"
"excluding_h2218_h2239","sequence_family","type_sides_order_context_relation","167","side_context","25","6","19","195","331","0.377644","0.76435","2","0.078431","0.492647","0.537634","-0.033233"
"excluding_h2218_h2239","sequence_family","type_sides_order_context_relation","168","frequency","25","6","19","194","331","0.410876","0.719033","2","0","1","0","0"
"excluding_h2218_h2239","sequence_family","type_sides_order_context_relation","168","object","25","6","19","194","331","0.410876","0.752266","2","0","1","0","0"
"excluding_h2218_h2239","sequence_family","type_sides_order_context_relation","168","dimensions","25","6","19","194","331","0.335347","0.749245","2","0.392157","0.205882","0.462366","-0.075529"
"excluding_h2218_h2239","sequence_family","type_sides_order_context_relation","168","side_context","25","6","19","194","331","0.377644","0.770393","2","0.078431","0.5","0.526882","-0.033233"
"excluding_h2218_h2239","sequence_family","type_sides_order_context_relation","169","frequency","25","6","19","201","331","0.410876","0.719033","2","0","1","0","0"
"excluding_h2218_h2239","sequence_family","type_sides_order_context_relation","169","object","25","6","19","201","331","0.410876","0.752266","2","0","1","0","0"
"excluding_h2218_h2239","sequence_family","type_sides_order_context_relation","169","dimensions","25","6","19","201","331","0.377644","0.746224","2","0.313725","0.323529","0.526882","-0.033233"
"excluding_h2218_h2239","sequence_family","type_sides_order_context_relation","169","side_context","25","6","19","201","331","0.383686","0.758308","2","0.098039","0.492647","0.537634","-0.02719"
"excluding_h2218_h2239","sequence_family","type_sides_order_context_relation","170","frequency","25","6","19","186","331","0.410876","0.719033","2","0","1","0","0"
"excluding_h2218_h2239","sequence_family","type_sides_order_context_relation","170","object","25","6","19","186","331","0.410876","0.752266","2","0","1","0","0"
"excluding_h2218_h2239","sequence_family","type_sides_order_context_relation","170","dimensions","25","6","19","186","331","0.386707","0.734139","2","0.382353","0.522059","0.193548","-0.024169"
"excluding_h2218_h2239","sequence_family","type_sides_order_context_relation","170","side_context","25","6","19","186","331","0.371601","0.76435","2","0.107843","0.5","0.473118","-0.039275"
"excluding_h2218_h2239","sequence_family","type_sides_order_context_relation","171","frequency","25","6","19","193","331","0.410876","0.719033","2","0","1","0","0"
"excluding_h2218_h2239","sequence_family","type_sides_order_context_relation","171","object","25","6","19","193","331","0.410876","0.752266","2","0","1","0","0"
"excluding_h2218_h2239","sequence_family","type_sides_order_context_relation","171","dimensions","25","6","19","193","331","0.401813","0.740181","2","0.392157","0.477941","0.301075","-0.009063"
"excluding_h2218_h2239","sequence_family","type_sides_order_context_relation","171","side_context","25","6","19","193","331","0.374622","0.767372","2","0.098039","0.492647","0.505376","-0.036254"
"excluding_h2218_h2239","sequence_family","type_sides_order_context_relation","172","frequency","25","6","19","200","331","0.410876","0.719033","2","0","1","0","0"
"excluding_h2218_h2239","sequence_family","type_sides_order_context_relation","172","object","25","6","19","200","331","0.410876","0.752266","2","0","1","0","0"
"excluding_h2218_h2239","sequence_family","type_sides_order_context_relation","172","dimensions","25","6","19","200","331","0.347432","0.779456","2","0.490196","0.25","0.333333","-0.063444"
"excluding_h2218_h2239","sequence_family","type_sides_order_context_relation","172","side_context","25","6","19","200","331","0.374622","0.779456","2","0.117647","0.507353","0.462366","-0.036254"
"excluding_h2218_h2239","sequence_family","type_sides_order_context_relation","173","frequency","25","6","19","208","331","0.410876","0.719033","2","0","1","0","0"
"excluding_h2218_h2239","sequence_family","type_sides_order_context_relation","173","object","25","6","19","208","331","0.410876","0.752266","2","0","1","0","0"
"excluding_h2218_h2239","sequence_family","type_sides_order_context_relation","173","dimensions","25","6","19","208","331","0.39577","0.731118","2","0.127451","0.566176","0.44086","-0.015106"
"excluding_h2218_h2239","sequence_family","type_sides_order_context_relation","173","side_context","25","6","19","208","331","0.39577","0.76435","2","0.098039","0.514706","0.548387","-0.015106"
"excluding_h2218_h2239","sequence_family","type_sides_order_context_relation","174","frequency","25","6","19","195","331","0.410876","0.719033","2","0","1","0","0"
"excluding_h2218_h2239","sequence_family","type_sides_order_context_relation","174","object","25","6","19","195","331","0.410876","0.752266","2","0","1","0","0"
"excluding_h2218_h2239","sequence_family","type_sides_order_context_relation","174","dimensions","25","6","19","195","331","0.34139","0.664653","2","0.313725","0.411765","0.268817","-0.069486"
"excluding_h2218_h2239","sequence_family","type_sides_order_context_relation","174","side_context","25","6","19","195","331","0.374622","0.770393","2","0.068627","0.507353","0.516129","-0.036254"
"excluding_h2218_h2239","sequence_family","type_sides_order_context_relation","175","frequency","25","6","19","189","331","0.410876","0.719033","2","0","1","0","0"
"excluding_h2218_h2239","sequence_family","type_sides_order_context_relation","175","object","25","6","19","189","331","0.410876","0.752266","2","0","1","0","0"
"excluding_h2218_h2239","sequence_family","type_sides_order_context_relation","175","dimensions","25","6","19","189","331","0.377644","0.691843","2","0.411765","0.419118","0.27957","-0.033233"
"excluding_h2218_h2239","sequence_family","type_sides_order_context_relation","175","side_context","25","6","19","189","331","0.371601","0.773414","2","0.107843","0.514706","0.451613","-0.039275"
"excluding_h2218_h2239","sequence_family","type_sides_order_context_relation","176","frequency","25","6","19","208","331","0.410876","0.719033","2","0","1","0","0"
"excluding_h2218_h2239","sequence_family","type_sides_order_context_relation","176","object","25","6","19","208","331","0.410876","0.752266","2","0","1","0","0"
"excluding_h2218_h2239","sequence_family","type_sides_order_context_relation","176","dimensions","25","6","19","208","331","0.344411","0.749245","2","0.313725","0.389706","0.311828","-0.066465"
"excluding_h2218_h2239","sequence_family","type_sides_order_context_relation","176","side_context","25","6","19","208","331","0.386707","0.770393","2","0.088235","0.507353","0.537634","-0.024169"
"excluding_h2218_h2239","sequence_family","type_sides_order_context_relation","177","frequency","25","6","19","184","331","0.410876","0.719033","2","0","1","0","0"
"excluding_h2218_h2239","sequence_family","type_sides_order_context_relation","177","object","25","6","19","184","331","0.410876","0.752266","2","0","1","0","0"
"excluding_h2218_h2239","sequence_family","type_sides_order_context_relation","177","dimensions","25","6","19","184","331","0.416918","0.70997","2","0.313725","0.544118","0.344086","0.006042"
"excluding_h2218_h2239","sequence_family","type_sides_order_context_relation","177","side_context","25","6","19","184","331","0.359517","0.770393","2","0.088235","0.5","0.451613","-0.05136"
"excluding_h2218_h2239","sequence_family","type_sides_order_context_relation","178","frequency","25","6","19","193","331","0.410876","0.719033","2","0","1","0","0"
"excluding_h2218_h2239","sequence_family","type_sides_order_context_relation","178","object","25","6","19","193","331","0.410876","0.752266","2","0","1","0","0"
"excluding_h2218_h2239","sequence_family","type_sides_order_context_relation","178","dimensions","25","6","19","193","331","0.39577","0.740181","2","0.186275","0.625","0.290323","-0.015106"
"excluding_h2218_h2239","sequence_family","type_sides_order_context_relation","178","side_context","25","6","19","193","331","0.362538","0.770393","2","0.078431","0.514706","0.451613","-0.048338"
"excluding_h2218_h2239","sequence_family","type_sides_order_context_relation","179","frequency","25","6","19","185","331","0.410876","0.719033","2","0","1","0","0"
"excluding_h2218_h2239","sequence_family","type_sides_order_context_relation","179","object","25","6","19","185","331","0.410876","0.752266","2","0","1","0","0"
"excluding_h2218_h2239","sequence_family","type_sides_order_context_relation","179","dimensions","25","6","19","185","331","0.350453","0.740181","2","0.058824","0.419118","0.569892","-0.060423"
"excluding_h2218_h2239","sequence_family","type_sides_order_context_relation","179","side_context","25","6","19","185","331","0.386707","0.773414","2","0.098039","0.5","0.537634","-0.024169"
"excluding_h2218_h2239","sequence_family","type_sides_order_context_relation","180","frequency","25","6","19","183","331","0.410876","0.719033","2","0","1","0","0"
"excluding_h2218_h2239","sequence_family","type_sides_order_context_relation","180","object","25","6","19","183","331","0.410876","0.752266","2","0","1","0","0"
"excluding_h2218_h2239","sequence_family","type_sides_order_context_relation","180","dimensions","25","6","19","183","331","0.401813","0.746224","2","0.196078","0.573529","0.376344","-0.009063"
"excluding_h2218_h2239","sequence_family","type_sides_order_context_relation","180","side_context","25","6","19","183","331","0.39577","0.773414","2","0.107843","0.507353","0.548387","-0.015106"
"excluding_h2218_h2239","sequence_family","type_sides_order_context_relation","181","frequency","25","6","19","186","331","0.410876","0.719033","2","0","1","0","0"
"excluding_h2218_h2239","sequence_family","type_sides_order_context_relation","181","object","25","6","19","186","331","0.410876","0.752266","2","0","1","0","0"
"excluding_h2218_h2239","sequence_family","type_sides_order_context_relation","181","dimensions","25","6","19","186","331","0.404834","0.706949","2","0.333333","0.595588","0.204301","-0.006042"
"excluding_h2218_h2239","sequence_family","type_sides_order_context_relation","181","side_context","25","6","19","186","331","0.407855","0.664653","2","0.186275","0.492647","0.526882","-0.003021"
"excluding_h2218_h2239","sequence_family","type_sides_order_context_relation","182","frequency","25","6","19","193","331","0.410876","0.719033","2","0","1","0","0"
"excluding_h2218_h2239","sequence_family","type_sides_order_context_relation","182","object","25","6","19","193","331","0.410876","0.752266","2","0","1","0","0"
"excluding_h2218_h2239","sequence_family","type_sides_order_context_relation","182","dimensions","25","6","19","193","331","0.380665","0.722054","2","0.245098","0.625","0.172043","-0.030211"
"excluding_h2218_h2239","sequence_family","type_sides_order_context_relation","182","side_context","25","6","19","193","331","0.39577","0.767372","2","0.078431","0.522059","0.55914","-0.015106"
"excluding_h2218_h2239","sequence_family","type_sides_order_context_relation","183","frequency","25","6","19","199","331","0.410876","0.719033","2","0","1","0","0"
"excluding_h2218_h2239","sequence_family","type_sides_order_context_relation","183","object","25","6","19","199","331","0.410876","0.752266","2","0","1","0","0"
"excluding_h2218_h2239","sequence_family","type_sides_order_context_relation","183","dimensions","25","6","19","199","331","0.353474","0.73716","2","0.107843","0.566176","0.311828","-0.057402"
"excluding_h2218_h2239","sequence_family","type_sides_order_context_relation","183","side_context","25","6","19","199","331","0.371601","0.776435","2","0.117647","0.507353","0.451613","-0.039275"
"excluding_h2218_h2239","sequence_family","type_sides_order_context_relation","184","frequency","25","6","19","194","331","0.410876","0.719033","2","0","1","0","0"
"excluding_h2218_h2239","sequence_family","type_sides_order_context_relation","184","object","25","6","19","194","331","0.410876","0.752266","2","0","1","0","0"
"excluding_h2218_h2239","sequence_family","type_sides_order_context_relation","184","dimensions","25","6","19","194","331","0.332326","0.655589","2","0.156863","0.485294","0.301075","-0.07855"
"excluding_h2218_h2239","sequence_family","type_sides_order_context_relation","184","side_context","25","6","19","194","331","0.413897","0.746224","2","0.205882","0.492647","0.526882","0.003021"
"excluding_h2218_h2239","sequence_family","type_sides_order_context_relation","185","frequency","25","6","19","182","331","0.410876","0.719033","2","0","1","0","0"
"excluding_h2218_h2239","sequence_family","type_sides_order_context_relation","185","object","25","6","19","182","331","0.410876","0.752266","2","0","1","0","0"
"excluding_h2218_h2239","sequence_family","type_sides_order_context_relation","185","dimensions","25","6","19","182","331","0.305136","0.722054","2","0.22549","0.323529","0.365591","-0.10574"
"excluding_h2218_h2239","sequence_family","type_sides_order_context_relation","185","side_context","25","6","19","182","331","0.383686","0.76435","2","0.058824","0.514706","0.548387","-0.02719"
"excluding_h2218_h2239","sequence_family","type_sides_order_context_relation","186","frequency","25","6","19","189","331","0.410876","0.719033","2","0","1","0","0"
"excluding_h2218_h2239","sequence_family","type_sides_order_context_relation","186","object","25","6","19","189","331","0.410876","0.752266","2","0","1","0","0"
"excluding_h2218_h2239","sequence_family","type_sides_order_context_relation","186","dimensions","25","6","19","189","331","0.383686","0.697885","2","0.333333","0.551471","0.193548","-0.02719"
"excluding_h2218_h2239","sequence_family","type_sides_order_context_relation","186","side_context","25","6","19","189","331","0.392749","0.773414","2","0.098039","0.507353","0.548387","-0.018127"
"excluding_h2218_h2239","sequence_family","type_sides_order_context_relation","187","frequency","25","6","19","190","331","0.410876","0.719033","2","0","1","0","0"
"excluding_h2218_h2239","sequence_family","type_sides_order_context_relation","187","object","25","6","19","190","331","0.410876","0.752266","2","0","1","0","0"
"excluding_h2218_h2239","sequence_family","type_sides_order_context_relation","187","dimensions","25","6","19","190","331","0.392749","0.716012","2","0.333333","0.544118","0.236559","-0.018127"
"excluding_h2218_h2239","sequence_family","type_sides_order_context_relation","187","side_context","25","6","19","190","331","0.39577","0.773414","2","0.098039","0.514706","0.548387","-0.015106"
"excluding_h2218_h2239","sequence_family","type_sides_order_context_relation","188","frequency","25","6","19","207","331","0.410876","0.719033","2","0","1","0","0"
"excluding_h2218_h2239","sequence_family","type_sides_order_context_relation","188","object","25","6","19","207","331","0.410876","0.752266","2","0","1","0","0"
"excluding_h2218_h2239","sequence_family","type_sides_order_context_relation","188","dimensions","25","6","19","207","331","0.404834","0.740181","2","0.27451","0.5","0.408602","-0.006042"
"excluding_h2218_h2239","sequence_family","type_sides_order_context_relation","188","side_context","25","6","19","207","331","0.371601","0.770393","2","0.088235","0.522059","0.462366","-0.039275"
"excluding_h2218_h2239","sequence_family","type_sides_order_context_relation","189","frequency","25","6","19","196","331","0.410876","0.719033","2","0","1","0","0"
"excluding_h2218_h2239","sequence_family","type_sides_order_context_relation","189","object","25","6","19","196","331","0.410876","0.752266","2","0","1","0","0"
"excluding_h2218_h2239","sequence_family","type_sides_order_context_relation","189","dimensions","25","6","19","196","331","0.401813","0.688822","2","0.480392","0.485294","0.193548","-0.009063"
"excluding_h2218_h2239","sequence_family","type_sides_order_context_relation","189","side_context","25","6","19","196","331","0.36858","0.776435","2","0.107843","0.507353","0.451613","-0.042296"
"excluding_h2218_h2239","sequence_family","type_sides_order_context_relation","190","frequency","25","6","19","180","331","0.410876","0.719033","2","0","1","0","0"
"excluding_h2218_h2239","sequence_family","type_sides_order_context_relation","190","object","25","6","19","180","331","0.410876","0.752266","2","0","1","0","0"
"excluding_h2218_h2239","sequence_family","type_sides_order_context_relation","190","dimensions","25","6","19","180","331","0.347432","0.755287","2","0.166667","0.389706","0.483871","-0.063444"
"excluding_h2218_h2239","sequence_family","type_sides_order_context_relation","190","side_context","25","6","19","180","331","0.392749","0.76435","2","0.068627","0.514706","0.569892","-0.018127"
"excluding_h2218_h2239","sequence_family","type_sides_order_context_relation","191","frequency","25","6","19","201","331","0.410876","0.719033","2","0","1","0","0"
"excluding_h2218_h2239","sequence_family","type_sides_order_context_relation","191","object","25","6","19","201","331","0.410876","0.752266","2","0","1","0","0"
"excluding_h2218_h2239","sequence_family","type_sides_order_context_relation","191","dimensions","25","6","19","201","331","0.320242","0.758308","2","0.411765","0.279412","0.27957","-0.090634"
"excluding_h2218_h2239","sequence_family","type_sides_order_context_relation","191","side_context","25","6","19","201","331","0.36858","0.773414","2","0.098039","0.507353","0.462366","-0.042296"
"excluding_h2218_h2239","sequence_family","type_sides_order_context_relation","192","frequency","25","6","19","194","331","0.410876","0.719033","2","0","1","0","0"
"excluding_h2218_h2239","sequence_family","type_sides_order_context_relation","192","object","25","6","19","194","331","0.410876","0.752266","2","0","1","0","0"
"excluding_h2218_h2239","sequence_family","type_sides_order_context_relation","192","dimensions","25","6","19","194","331","0.320242","0.703927","2","0.078431","0.625","0.139785","-0.090634"
"excluding_h2218_h2239","sequence_family","type_sides_order_context_relation","192","side_context","25","6","19","194","331","0.386707","0.76435","2","0.078431","0.507353","0.548387","-0.024169"
"excluding_h2218_h2239","sequence_family","type_sides_order_context_relation","193","frequency","25","6","19","204","331","0.410876","0.719033","2","0","1","0","0"
"excluding_h2218_h2239","sequence_family","type_sides_order_context_relation","193","object","25","6","19","204","331","0.410876","0.752266","2","0","1","0","0"
"excluding_h2218_h2239","sequence_family","type_sides_order_context_relation","193","dimensions","25","6","19","204","331","0.377644","0.719033","2","0.264706","0.632353","0.129032","-0.033233"
"excluding_h2218_h2239","sequence_family","type_sides_order_context_relation","193","side_context","25","6","19","204","331","0.416918","0.740181","2","0.205882","0.492647","0.537634","0.006042"
"excluding_h2218_h2239","sequence_family","type_sides_order_context_relation","194","frequency","25","6","19","200","331","0.410876","0.719033","2","0","1","0","0"
"excluding_h2218_h2239","sequence_family","type_sides_order_context_relation","194","object","25","6","19","200","331","0.410876","0.752266","2","0","1","0","0"
"excluding_h2218_h2239","sequence_family","type_sides_order_context_relation","194","dimensions","25","6","19","200","331","0.374622","0.673716","2","0.284314","0.632353","0.096774","-0.036254"
"excluding_h2218_h2239","sequence_family","type_sides_order_context_relation","194","side_context","25","6","19","200","331","0.432024","0.746224","2","0.205882","0.485294","0.602151","0.021148"
"excluding_h2218_h2239","sequence_family","type_sides_order_context_relation","195","frequency","25","6","19","184","331","0.410876","0.719033","2","0","1","0","0"
"excluding_h2218_h2239","sequence_family","type_sides_order_context_relation","195","object","25","6","19","184","331","0.410876","0.752266","2","0","1","0","0"
"excluding_h2218_h2239","sequence_family","type_sides_order_context_relation","195","dimensions","25","6","19","184","331","0.36858","0.676737","2","0.029412","0.639706","0.344086","-0.042296"
"excluding_h2218_h2239","sequence_family","type_sides_order_context_relation","195","side_context","25","6","19","184","331","0.377644","0.76435","2","0.078431","0.5","0.526882","-0.033233"
"excluding_h2218_h2239","sequence_family","type_sides_order_context_relation","196","frequency","25","6","19","190","331","0.410876","0.719033","2","0","1","0","0"
"excluding_h2218_h2239","sequence_family","type_sides_order_context_relation","196","object","25","6","19","190","331","0.410876","0.752266","2","0","1","0","0"
"excluding_h2218_h2239","sequence_family","type_sides_order_context_relation","196","dimensions","25","6","19","190","331","0.311178","0.673716","2","0.264706","0.433824","0.182796","-0.099698"
"excluding_h2218_h2239","sequence_family","type_sides_order_context_relation","196","side_context","25","6","19","190","331","0.371601","0.776435","2","0.117647","0.507353","0.451613","-0.039275"
"excluding_h2218_h2239","sequence_family","type_sides_order_context_relation","197","frequency","25","6","19","199","331","0.410876","0.719033","2","0","1","0","0"
"excluding_h2218_h2239","sequence_family","type_sides_order_context_relation","197","object","25","6","19","199","331","0.410876","0.752266","2","0","1","0","0"
"excluding_h2218_h2239","sequence_family","type_sides_order_context_relation","197","dimensions","25","6","19","199","331","0.29003","0.667674","2","0.22549","0.514706","0.032258","-0.120846"
"excluding_h2218_h2239","sequence_family","type_sides_order_context_relation","197","side_context","25","6","19","199","331","0.392749","0.767372","2","0.088235","0.507353","0.55914","-0.018127"
"excluding_h2218_h2239","sequence_family","type_sides_order_context_relation","198","frequency","25","6","19","213","331","0.410876","0.719033","2","0","1","0","0"
"excluding_h2218_h2239","sequence_family","type_sides_order_context_relation","198","object","25","6","19","213","331","0.410876","0.752266","2","0","1","0","0"
"excluding_h2218_h2239","sequence_family","type_sides_order_context_relation","198","dimensions","25","6","19","213","331","0.377644","0.694864","2","0.166667","0.470588","0.473118","-0.033233"
"excluding_h2218_h2239","sequence_family","type_sides_order_context_relation","198","side_context","25","6","19","213","331","0.386707","0.770393","2","0.088235","0.507353","0.537634","-0.024169"
"excluding_h2218_h2239","sequence_family","type_sides_order_context_relation","199","frequency","25","6","19","206","331","0.410876","0.719033","2","0","1","0","0"
"excluding_h2218_h2239","sequence_family","type_sides_order_context_relation","199","object","25","6","19","206","331","0.410876","0.752266","2","0","1","0","0"
"excluding_h2218_h2239","sequence_family","type_sides_order_context_relation","199","dimensions","25","6","19","206","331","0.401813","0.743202","2","0.215686","0.558824","0.376344","-0.009063"
"excluding_h2218_h2239","sequence_family","type_sides_order_context_relation","199","side_context","25","6","19","206","331","0.416918","0.743202","2","0.205882","0.492647","0.537634","0.006042"
"excluding_h2218_h2239","sequence_family","type_sides_order_context_relation","200","frequency","25","6","19","200","331","0.410876","0.719033","2","0","1","0","0"
"excluding_h2218_h2239","sequence_family","type_sides_order_context_relation","200","object","25","6","19","200","331","0.410876","0.752266","2","0","1","0","0"
"excluding_h2218_h2239","sequence_family","type_sides_order_context_relation","200","dimensions","25","6","19","200","331","0.311178","0.70997","2","0.264706","0.485294","0.107527","-0.099698"
"excluding_h2218_h2239","sequence_family","type_sides_order_context_relation","200","side_context","25","6","19","200","331","0.356495","0.76435","2","0.078431","0.507353","0.44086","-0.054381"
