"target","shuffle_block","shuffle_fields","model","rows","labels","observed_accuracy","null_accuracy_mean","null_accuracy_p95","observed_minus_null_mean","null_iterations_ge_observed_accuracy","observed_macro_f1","null_macro_f1_mean","null_macro_f1_p95","observed_minus_null_macro_f1_mean","null_iterations_ge_observed_macro_f1","unchanged_label_share_mean"
"symbol","global","none","majority","952","10","0.310924","0.310924","0.310924","0","100","0.047436","0.047436","0.047436","0","100","0.165473"
"symbol","global","none","length","952","10","0.309874","0.305998","0.313025","0.003876","37","0.047314","0.050543","0.061428","-0.003229","63","0.165473"
"symbol","global","none","type","952","10","0.364496","0.303592","0.310924","0.060903","0","0.184591","0.052882","0.063951","0.131709","0","0.165473"
"symbol","global","none","site","952","10","0.317227","0.305473","0.313025","0.011754","1","0.068301","0.052859","0.064241","0.015442","2","0.165473"
"symbol","global","none","material","952","10","0.338235","0.306555","0.314128","0.031681","0","0.134005","0.050628","0.063045","0.083377","0","0.165473"
"symbol","global","none","shape","952","10","0.359244","0.303813","0.314076","0.055431","0","0.162968","0.053811","0.065746","0.109156","0","0.165473"
"symbol","global","none","direction","952","10","0.305672","0.309832","0.313025","-0.00416","87","0.04724","0.048218","0.055104","-0.000978","83","0.165473"
"symbol","global","none","edge_frame","952","10","0.282563","0.275252","0.294223","0.007311","23","0.091215","0.070688","0.08766","0.020528","3","0.165473"
"symbol","global","none","length_type_site","952","10","0.34979","0.273981","0.294118","0.075809","0","0.199227","0.071469","0.090786","0.127758","0","0.165473"
"symbol","global","none","material_shape","952","10","0.363445","0.29541","0.307773","0.068036","0","0.198043","0.058479","0.071068","0.139564","0","0.165473"
"symbol","global","none","token_nb","952","10","0.276261","0.270693","0.28167","0.005567","37","0.093696","0.073532","0.085977","0.020164","1","0.165473"
"symbol","length","length","majority","952","10","0.310924","0.310924","0.310924","0","100","0.047436","0.047436","0.047436","0","100","0.184527"
"symbol","length","length","length","952","10","0.309874","0.309874","0.309874","0","100","0.047314","0.047314","0.047314","0","100","0.184527"
"symbol","length","length","type","952","10","0.364496","0.304223","0.313025","0.060273","0","0.184591","0.053777","0.067932","0.130814","0","0.184527"
"symbol","length","length","site","952","10","0.317227","0.305095","0.314128","0.012132","1","0.068301","0.053166","0.065159","0.015135","1","0.184527"
"symbol","length","length","material","952","10","0.338235","0.307511","0.313025","0.030725","0","0.134005","0.050478","0.061291","0.083527","0","0.184527"
"symbol","length","length","shape","952","10","0.359244","0.302868","0.312027","0.056376","0","0.162968","0.054488","0.068314","0.10848","0","0.184527"
"symbol","length","length","direction","952","10","0.305672","0.309632","0.314076","-0.00396","93","0.04724","0.048915","0.056502","-0.001675","80","0.184527"
"symbol","length","length","edge_frame","952","10","0.282563","0.276282","0.294118","0.006282","21","0.091215","0.073021","0.094462","0.018194","6","0.184527"
"symbol","length","length","length_type_site","952","10","0.34979","0.278908","0.299422","0.070882","0","0.199227","0.072384","0.094816","0.126843","0","0.184527"
"symbol","length","length","material_shape","952","10","0.363445","0.296029","0.306723","0.067416","0","0.198043","0.061196","0.073045","0.136847","0","0.184527"
"symbol","length","length","token_nb","952","10","0.276261","0.273645","0.290966","0.002616","37","0.093696","0.076483","0.089364","0.017213","1","0.184527"
"symbol","type","type","majority","952","10","0.310924","0.310924","0.310924","0","100","0.047436","0.047436","0.047436","0","100","0.229517"
"symbol","type","type","length","952","10","0.309874","0.307174","0.313078","0.0027","41","0.047314","0.052001","0.065887","-0.004687","66","0.229517"
"symbol","type","type","type","952","10","0.364496","0.364496","0.364496","0","100","0.184591","0.184591","0.184591","0","100","0.229517"
"symbol","type","type","site","952","10","0.317227","0.30979","0.319328","0.007437","16","0.068301","0.064093","0.076431","0.004208","25","0.229517"
"symbol","type","type","material","952","10","0.338235","0.329727","0.338288","0.008508","7","0.134005","0.099382","0.113672","0.034623","0","0.229517"
"symbol","type","type","shape","952","10","0.359244","0.343729","0.353992","0.015515","0","0.162968","0.127542","0.15358","0.035426","0","0.229517"
"symbol","type","type","direction","952","10","0.305672","0.309653","0.315126","-0.003981","95","0.04724","0.052437","0.069847","-0.005197","84","0.229517"
"symbol","type","type","edge_frame","952","10","0.282563","0.27688","0.294118","0.005683","27","0.091215","0.07568","0.094121","0.015536","8","0.229517"
"symbol","type","type","length_type_site","952","10","0.34979","0.324475","0.341439","0.025315","0","0.199227","0.171562","0.195329","0.027664","4","0.229517"
"symbol","type","type","material_shape","952","10","0.363445","0.346176","0.358193","0.017269","0","0.198043","0.15263","0.178397","0.045414","0","0.229517"
"symbol","type","type","token_nb","952","10","0.276261","0.270494","0.287815","0.005767","33","0.093696","0.079726","0.094233","0.01397","7","0.229517"
"symbol","site","site","majority","952","10","0.310924","0.310924","0.310924","0","100","0.047436","0.047436","0.047436","0","100","0.197668"
"symbol","site","site","length","952","10","0.309874","0.305105","0.313025","0.004769","32","0.047314","0.051449","0.06418","-0.004136","56","0.197668"
"symbol","site","site","type","952","10","0.364496","0.309181","0.316176","0.055315","0","0.184591","0.056646","0.066556","0.127944","0","0.197668"
"symbol","site","site","site","952","10","0.317227","0.317227","0.317227","0","100","0.068301","0.068301","0.068301","0","100","0.197668"
"symbol","site","site","material","952","10","0.338235","0.309149","0.314076","0.029086","0","0.134005","0.051133","0.062385","0.082872","0","0.197668"
"symbol","site","site","shape","952","10","0.359244","0.30458","0.313078","0.054664","0","0.162968","0.054225","0.065796","0.108743","0","0.197668"
"symbol","site","site","direction","952","10","0.305672","0.309842","0.310924","-0.00417","89","0.04724","0.047694","0.047454","-0.000454","86","0.197668"
"symbol","site","site","edge_frame","952","10","0.282563","0.277521","0.293067","0.005042","37","0.091215","0.072562","0.088982","0.018654","5","0.197668"
"symbol","site","site","length_type_site","952","10","0.34979","0.286786","0.306723","0.063004","0","0.199227","0.08399","0.10917","0.115237","0","0.197668"
"symbol","site","site","material_shape","952","10","0.363445","0.297889","0.307773","0.065557","0","0.198043","0.063707","0.081144","0.134336","0","0.197668"
"symbol","site","site","token_nb","952","10","0.276261","0.272342","0.287868","0.003918","36","0.093696","0.076457","0.088181","0.017239","0","0.197668"
"symbol","type_site","type;site","majority","952","10","0.310924","0.310924","0.310924","0","100","0.047436","0.047436","0.047436","0","100","0.2677"
"symbol","type_site","type;site","length","952","10","0.309874","0.306134","0.312027","0.003739","36","0.047314","0.049596","0.058584","-0.002282","54","0.2677"
"symbol","type_site","type;site","type","952","10","0.364496","0.364496","0.364496","0","100","0.184591","0.184591","0.184591","0","100","0.2677"
"symbol","type_site","type;site","site","952","10","0.317227","0.317227","0.317227","0","100","0.068301","0.068301","0.068301","0","100","0.2677"
"symbol","type_site","type;site","material","952","10","0.338235","0.326282","0.335137","0.011954","2","0.134005","0.088458","0.106379","0.045547","0","0.2677"
"symbol","type_site","type;site","shape","952","10","0.359244","0.344254","0.351943","0.014989","0","0.162968","0.127312","0.152737","0.035656","2","0.2677"
"symbol","type_site","type;site","direction","952","10","0.305672","0.309979","0.315126","-0.004307","100","0.04724","0.052238","0.067635","-0.004997","85","0.2677"
"symbol","type_site","type;site","edge_frame","952","10","0.282563","0.276334","0.291019","0.006229","25","0.091215","0.076647","0.093951","0.014568","9","0.2677"
"symbol","type_site","type;site","length_type_site","952","10","0.34979","0.331639","0.348792","0.018151","5","0.199227","0.175942","0.205566","0.023285","11","0.2677"
"symbol","type_site","type;site","material_shape","952","10","0.363445","0.346943","0.357143","0.016502","0","0.198043","0.15548","0.178003","0.042563","0","0.2677"
"symbol","type_site","type;site","token_nb","952","10","0.276261","0.270609","0.286765","0.005651","28","0.093696","0.077772","0.095906","0.015924","7","0.2677"
"symbol","material","material","majority","952","10","0.310924","0.310924","0.310924","0","100","0.047436","0.047436","0.047436","0","100","0.19459"
"symbol","material","material","length","952","10","0.309874","0.307857","0.315126","0.002017","44","0.047314","0.051385","0.062298","-0.004072","60","0.19459"
"symbol","material","material","type","952","10","0.364496","0.318277","0.330882","0.046218","0","0.184591","0.084991","0.108452","0.0996","0","0.19459"
"symbol","material","material","site","952","10","0.317227","0.304433","0.314076","0.012794","1","0.068301","0.054822","0.065184","0.013478","4","0.19459"
"symbol","material","material","material","952","10","0.338235","0.338235","0.338235","0","100","0.134005","0.134005","0.134005","0","100","0.19459"
"symbol","material","material","shape","952","10","0.359244","0.310735","0.323529","0.048508","0","0.162968","0.075128","0.100336","0.087839","0","0.19459"
"symbol","material","material","direction","952","10","0.305672","0.310693","0.316176","-0.005021","97","0.04724","0.051868","0.059162","-0.004627","88","0.19459"
"symbol","material","material","edge_frame","952","10","0.282563","0.27688","0.29312","0.005683","28","0.091215","0.070688","0.087989","0.020528","3","0.19459"
"symbol","material","material","length_type_site","952","10","0.34979","0.290074","0.312132","0.059716","0","0.199227","0.098782","0.129385","0.100444","0","0.19459"
"symbol","material","material","material_shape","952","10","0.363445","0.320861","0.334034","0.042584","0","0.198043","0.111464","0.135489","0.086579","0","0.19459"
"symbol","material","material","token_nb","952","10","0.276261","0.271218","0.284716","0.005042","29","0.093696","0.075124","0.089258","0.018572","4","0.19459"
"symbol","shape","shape","majority","952","10","0.310924","0.310924","0.310924","0","100","0.047436","0.047436","0.047436","0","100","0.216586"
"symbol","shape","shape","length","952","10","0.309874","0.306786","0.314076","0.003088","38","0.047314","0.051187","0.061499","-0.003874","66","0.216586"
"symbol","shape","shape","type","952","10","0.364496","0.338782","0.349842","0.025714","0","0.184591","0.120475","0.154371","0.064116","0","0.216586"
"symbol","shape","shape","site","952","10","0.317227","0.304086","0.314128","0.013141","0","0.068301","0.055342","0.068701","0.012958","6","0.216586"
"symbol","shape","shape","material","952","10","0.338235","0.318298","0.330882","0.019937","0","0.134005","0.08612","0.112456","0.047885","0","0.216586"
"symbol","shape","shape","shape","952","10","0.359244","0.359244","0.359244","0","100","0.162968","0.162968","0.162968","0","100","0.216586"
"symbol","shape","shape","direction","952","10","0.305672","0.311334","0.317279","-0.005662","98","0.04724","0.053217","0.067798","-0.005977","93","0.216586"
"symbol","shape","shape","edge_frame","952","10","0.282563","0.275777","0.292017","0.006786","27","0.091215","0.074009","0.093781","0.017207","7","0.216586"
"symbol","shape","shape","length_type_site","952","10","0.34979","0.307626","0.327784","0.042164","0","0.199227","0.133988","0.164771","0.065239","0","0.216586"
"symbol","shape","shape","material_shape","952","10","0.363445","0.343424","0.351943","0.020021","0","0.198043","0.142043","0.160928","0.056","0","0.216586"
"symbol","shape","shape","token_nb","952","10","0.276261","0.269706","0.285767","0.006555","24","0.093696","0.076044","0.089377","0.017653","2","0.216586"
"symbol","direction","direction","majority","952","10","0.310924","0.310924","0.310924","0","100","0.047436","0.047436","0.047436","0","100","0.16813"
"symbol","direction","direction","length","952","10","0.309874","0.30667","0.314076","0.003204","36","0.047314","0.052002","0.062497","-0.004688","68","0.16813"
"symbol","direction","direction","type","952","10","0.364496","0.304275","0.313078","0.060221","0","0.184591","0.053789","0.066732","0.130801","0","0.16813"
"symbol","direction","direction","site","952","10","0.317227","0.304496","0.314076","0.012731","0","0.068301","0.051938","0.062793","0.016363","1","0.16813"
"symbol","direction","direction","material","952","10","0.338235","0.30792","0.313025","0.030315","0","0.134005","0.049678","0.060161","0.084327","0","0.16813"
"symbol","direction","direction","shape","952","10","0.359244","0.302889","0.312027","0.056355","0","0.162968","0.053665","0.066707","0.109302","0","0.16813"
"symbol","direction","direction","direction","952","10","0.305672","0.305672","0.305672","0","100","0.04724","0.04724","0.04724","0","100","0.16813"
"symbol","direction","direction","edge_frame","952","10","0.282563","0.275893","0.288866","0.00667","26","0.091215","0.07125","0.087674","0.019965","5","0.16813"
"symbol","direction","direction","length_type_site","952","10","0.34979","0.276061","0.295221","0.073729","0","0.199227","0.071041","0.089811","0.128186","0","0.16813"
"symbol","direction","direction","material_shape","952","10","0.363445","0.296082","0.307878","0.067363","0","0.198043","0.059292","0.077219","0.138751","0","0.16813"
"symbol","direction","direction","token_nb","952","10","0.276261","0.271145","0.288918","0.005116","30","0.093696","0.074071","0.086595","0.019625","0","0.16813"
"symbol","length_type_site","length;type;site","majority","952","10","0.310924","0.310924","0.310924","0","100","0.047436","0.047436","0.047436","0","100","0.331838"
"symbol","length_type_site","length;type;site","length","952","10","0.309874","0.309874","0.309874","0","100","0.047314","0.047314","0.047314","0","100","0.331838"
"symbol","length_type_site","length;type;site","type","952","10","0.364496","0.364496","0.364496","0","100","0.184591","0.184591","0.184591","0","100","0.331838"
"symbol","length_type_site","length;type;site","site","952","10","0.317227","0.317227","0.317227","0","100","0.068301","0.068301","0.068301","0","100","0.331838"
"symbol","length_type_site","length;type;site","material","952","10","0.338235","0.324716","0.336134","0.013519","0","0.134005","0.085923","0.104193","0.048082","0","0.331838"
"symbol","length_type_site","length;type;site","shape","952","10","0.359244","0.347206","0.355147","0.012038","1","0.162968","0.130162","0.15598","0.032805","1","0.331838"
"symbol","length_type_site","length;type;site","direction","952","10","0.305672","0.309905","0.315126","-0.004233","100","0.04724","0.052446","0.068119","-0.005205","87","0.331838"
"symbol","length_type_site","length;type;site","edge_frame","952","10","0.282563","0.278193","0.296218","0.00437","31","0.091215","0.083772","0.104753","0.007443","26","0.331838"
"symbol","length_type_site","length;type;site","length_type_site","952","10","0.34979","0.34979","0.34979","0","100","0.199227","0.199227","0.199227","0","100","0.331838"
"symbol","length_type_site","length;type;site","material_shape","952","10","0.363445","0.346334","0.356145","0.017111","0","0.198043","0.153632","0.179111","0.044411","0","0.331838"
"symbol","length_type_site","length;type;site","token_nb","952","10","0.276261","0.273876","0.292069","0.002384","39","0.093696","0.078618","0.095113","0.015078","6","0.331838"
"symbol","material_shape","material;shape","majority","952","10","0.310924","0.310924","0.310924","0","100","0.047436","0.047436","0.047436","0","100","0.254506"
"symbol","material_shape","material;shape","length","952","10","0.309874","0.306313","0.313025","0.003561","30","0.047314","0.049962","0.060759","-0.002648","54","0.254506"
"symbol","material_shape","material;shape","type","952","10","0.364496","0.359065","0.364496","0.005431","6","0.184591","0.175048","0.184397","0.009543","5","0.254506"
"symbol","material_shape","material;shape","site","952","10","0.317227","0.305221","0.316176","0.012006","3","0.068301","0.057331","0.069933","0.01097","7","0.254506"
"symbol","material_shape","material;shape","material","952","10","0.338235","0.338235","0.338235","0","100","0.134005","0.134005","0.134005","0","100","0.254506"
"symbol","material_shape","material;shape","shape","952","10","0.359244","0.359244","0.359244","0","100","0.162968","0.162968","0.162968","0","100","0.254506"
"symbol","material_shape","material;shape","direction","952","10","0.305672","0.310861","0.317227","-0.005189","98","0.04724","0.053446","0.071131","-0.006206","98","0.254506"
"symbol","material_shape","material;shape","edge_frame","952","10","0.282563","0.278529","0.29417","0.004034","36","0.091215","0.079616","0.097299","0.011599","13","0.254506"
"symbol","material_shape","material;shape","length_type_site","952","10","0.34979","0.319958","0.33834","0.029832","0","0.199227","0.159557","0.186698","0.03967","2","0.254506"
"symbol","material_shape","material;shape","material_shape","952","10","0.363445","0.363445","0.363445","0","100","0.198043","0.198043","0.198043","0","100","0.254506"
"symbol","material_shape","material;shape","token_nb","952","10","0.276261","0.268561","0.285714","0.0077","20","0.093696","0.077183","0.092427","0.016513","3","0.254506"
"symbol","edge_frame","edge_frame","majority","952","10","0.310924","0.310924","0.310924","0","100","0.047436","0.047436","0.047436","0","100","0.857447"
"symbol","edge_frame","edge_frame","length","952","10","0.309874","0.309874","0.309874","0","100","0.047314","0.047314","0.047314","0","100","0.857447"
"symbol","edge_frame","edge_frame","type","952","10","0.364496","0.355105","0.359244","0.009391","0","0.184591","0.173632","0.178997","0.010959","0","0.857447"
"symbol","edge_frame","edge_frame","site","952","10","0.317227","0.3177","0.324632","-0.000473","59","0.068301","0.068855","0.073209","-0.000554","47","0.857447"
"symbol","edge_frame","edge_frame","material","952","10","0.338235","0.334611","0.338235","0.003624","6","0.134005","0.133236","0.136126","0.000769","22","0.857447"
"symbol","edge_frame","edge_frame","shape","952","10","0.359244","0.347742","0.353992","0.011502","0","0.162968","0.148545","0.155973","0.014423","0","0.857447"
"symbol","edge_frame","edge_frame","direction","952","10","0.305672","0.309275","0.313025","-0.003603","100","0.04724","0.058787","0.070805","-0.011547","100","0.857447"
"symbol","edge_frame","edge_frame","edge_frame","952","10","0.282563","0.282563","0.282563","0","100","0.091215","0.091215","0.091215","0","100","0.857447"
"symbol","edge_frame","edge_frame","length_type_site","952","10","0.34979","0.328866","0.34354","0.020924","0","0.199227","0.195371","0.212227","0.003856","29","0.857447"
"symbol","edge_frame","edge_frame","material_shape","952","10","0.363445","0.351092","0.358193","0.012353","0","0.198043","0.182057","0.191216","0.015986","0","0.857447"
"symbol","edge_frame","edge_frame","token_nb","952","10","0.276261","0.276954","0.285714","-0.000693","69","0.093696","0.09216","0.096697","0.001536","31","0.857447"
"symbol","hard_proxy","length;type;site;shape;cult;material","majority","952","10","0.310924","0.310924","0.310924","0","100","0.047436","0.047436","0.047436","0","100","0.597542"
"symbol","hard_proxy","length;type;site;shape;cult;material","length","952","10","0.309874","0.309874","0.309874","0","100","0.047314","0.047314","0.047314","0","100","0.597542"
"symbol","hard_proxy","length;type;site;shape;cult;material","type","952","10","0.364496","0.364496","0.364496","0","100","0.184591","0.184591","0.184591","0","100","0.597542"
"symbol","hard_proxy","length;type;site;shape;cult;material","site","952","10","0.317227","0.317227","0.317227","0","100","0.068301","0.068301","0.068301","0","100","0.597542"
"symbol","hard_proxy","length;type;site;shape;cult;material","material","952","10","0.338235","0.338235","0.338235","0","100","0.134005","0.134005","0.134005","0","100","0.597542"
"symbol","hard_proxy","length;type;site;shape;cult;material","shape","952","10","0.359244","0.359244","0.359244","0","100","0.162968","0.162968","0.162968","0","100","0.597542"
"symbol","hard_proxy","length;type;site;shape;cult;material","direction","952","10","0.305672","0.314611","0.316176","-0.008939","100","0.04724","0.07048","0.074464","-0.02324","100","0.597542"
"symbol","hard_proxy","length;type;site;shape;cult;material","edge_frame","952","10","0.282563","0.283183","0.298372","-0.00062","50","0.091215","0.094502","0.112314","-0.003287","60","0.597542"
"symbol","hard_proxy","length;type;site;shape;cult;material","length_type_site","952","10","0.34979","0.34979","0.34979","0","100","0.199227","0.199227","0.199227","0","100","0.597542"
"symbol","hard_proxy","length;type;site;shape;cult;material","material_shape","952","10","0.363445","0.363445","0.363445","0","100","0.198043","0.198043","0.198043","0","100","0.597542"
"symbol","hard_proxy","length;type;site;shape;cult;material","token_nb","952","10","0.276261","0.278298","0.292069","-0.002038","62","0.093696","0.079886","0.092472","0.01381","2","0.597542"
"cult","global","none","majority","783","5","0.633461","0.633461","0.633461","0","100","0.155121","0.155121","0.155121","0","100","0.438416"
"cult","global","none","length","783","5","0.633461","0.632835","0.636015","0.000626","55","0.155121","0.155999","0.164074","-0.000878","56","0.438416"
"cult","global","none","type","783","5","0.653895","0.629898","0.633525","0.023997","0","0.217325","0.156835","0.167277","0.06049","0","0.438416"
"cult","global","none","site","783","5","0.624521","0.63083","0.634738","-0.006309","98","0.154625","0.156523","0.167718","-0.001899","69","0.438416"
"cult","global","none","material","783","5","0.65645","0.632822","0.633461","0.023627","0","0.21784","0.155464","0.155364","0.062376","0","0.438416"
"cult","global","none","shape","783","5","0.644955","0.627995","0.632248","0.01696","0","0.220616","0.1578","0.169295","0.062815","0","0.438416"
"cult","global","none","direction","783","5","0.633461","0.633372","0.633461","0.000089","98","0.155121","0.155108","0.155121","0.000013","98","0.438416"
"cult","global","none","edge_frame","783","5","0.592593","0.593614","0.607982","-0.001022","55","0.176647","0.174664","0.198029","0.001982","46","0.438416"
"cult","global","none","length_type_site","783","5","0.648787","0.608761","0.62069","0.040026","0","0.237241","0.16632","0.188541","0.070922","0","0.438416"
"cult","global","none","material_shape","783","5","0.655172","0.624023","0.62963","0.031149","0","0.222956","0.158815","0.177016","0.064141","0","0.438416"
"cult","global","none","token_nb","783","5","0.605364","0.599259","0.613027","0.006105","28","0.193756","0.170831","0.190904","0.022925","1","0.438416"
"cult","length","length","majority","783","5","0.633461","0.633461","0.633461","0","100","0.155121","0.155121","0.155121","0","100","0.44857"
"cult","length","length","length","783","5","0.633461","0.633461","0.633461","0","100","0.155121","0.155121","0.155121","0","100","0.44857"
"cult","length","length","type","783","5","0.653895","0.630268","0.634738","0.023627","0","0.217325","0.158121","0.170875","0.059203","0","0.44857"
"cult","length","length","site","783","5","0.624521","0.631022","0.636015","-0.006501","98","0.154625","0.156508","0.166757","-0.001884","70","0.44857"
"cult","length","length","material","783","5","0.65645","0.632759","0.633461","0.023691","0","0.21784","0.155182","0.155364","0.062658","0","0.44857"
"cult","length","length","shape","783","5","0.644955","0.626973","0.632184","0.017982","0","0.220616","0.157079","0.170356","0.063536","0","0.44857"
"cult","length","length","direction","783","5","0.633461","0.633397","0.633461","0.000064","99","0.155121","0.155114","0.155121","0.000007","99","0.44857"
"cult","length","length","edge_frame","783","5","0.592593","0.591967","0.605428","0.000626","52","0.176647","0.180243","0.209325","-0.003596","56","0.44857"
"cult","length","length","length_type_site","783","5","0.648787","0.609017","0.619476","0.03977","0","0.237241","0.168473","0.185646","0.068768","0","0.44857"
"cult","length","length","material_shape","783","5","0.655172","0.623844","0.630907","0.031328","0","0.222956","0.158974","0.169702","0.063982","0","0.44857"
"cult","length","length","token_nb","783","5","0.605364","0.600524","0.610536","0.00484","27","0.193756","0.171562","0.187888","0.022194","1","0.44857"
"cult","type","type","majority","783","5","0.633461","0.633461","0.633461","0","100","0.155121","0.155121","0.155121","0","100","0.472797"
"cult","type","type","length","783","5","0.633461","0.632452","0.633461","0.001009","48","0.155121","0.155175","0.155364","-0.000054","48","0.472797"
"cult","type","type","type","783","5","0.653895","0.653895","0.653895","0","100","0.217325","0.217325","0.217325","0","100","0.472797"
"cult","type","type","site","783","5","0.624521","0.63083","0.633461","-0.006309","98","0.154625","0.156444","0.167479","-0.00182","69","0.472797"
"cult","type","type","material","783","5","0.65645","0.65645","0.65645","0","100","0.21784","0.21784","0.21784","0","100","0.472797"
"cult","type","type","shape","783","5","0.644955","0.642695","0.650064","0.002261","36","0.220616","0.217064","0.225959","0.003551","27","0.472797"
"cult","type","type","direction","783","5","0.633461","0.633397","0.633461","0.000064","99","0.155121","0.155112","0.155121","0.00001","99","0.472797"
"cult","type","type","edge_frame","783","5","0.592593","0.593602","0.607982","-0.001009","62","0.176647","0.17411","0.205538","0.002537","41","0.472797"
"cult","type","type","length_type_site","783","5","0.648787","0.634559","0.644955","0.014227","0","0.237241","0.222579","0.241198","0.014663","10","0.472797"
"cult","type","type","material_shape","783","5","0.655172","0.649195","0.653959","0.005977","5","0.222956","0.217403","0.225023","0.005553","10","0.472797"
"cult","type","type","token_nb","783","5","0.605364","0.60447","0.615581","0.000894","47","0.193756","0.186403","0.204494","0.007354","25","0.472797"
"cult","site","site","majority","783","5","0.633461","0.633461","0.633461","0","100","0.155121","0.155121","0.155121","0","100","0.45447"
"cult","site","site","length","783","5","0.633461","0.63272","0.633461","0.000741","47","0.155121","0.155473","0.155364","-0.000352","47","0.45447"
"cult","site","site","type","783","5","0.653895","0.629106","0.634802","0.024789","0","0.217325","0.15874","0.172815","0.058584","0","0.45447"
"cult","site","site","site","783","5","0.624521","0.624521","0.624521","0","100","0.154625","0.154625","0.154625","0","100","0.45447"
"cult","site","site","material","783","5","0.65645","0.632708","0.636015","0.023742","0","0.21784","0.155955","0.16406","0.061885","0","0.45447"
"cult","site","site","shape","783","5","0.644955","0.62788","0.632184","0.017075","0","0.220616","0.159299","0.176881","0.061317","0","0.45447"
"cult","site","site","direction","783","5","0.633461","0.633308","0.633461","0.000153","97","0.155121","0.155705","0.155121","-0.000584","97","0.45447"
"cult","site","site","edge_frame","783","5","0.592593","0.591635","0.606641","0.000958","43","0.176647","0.174685","0.205168","0.001962","41","0.45447"
"cult","site","site","length_type_site","783","5","0.648787","0.612401","0.624521","0.036386","0","0.237241","0.168527","0.195229","0.068714","0","0.45447"
"cult","site","site","material_shape","783","5","0.655172","0.62295","0.62963","0.032222","0","0.222956","0.158734","0.176076","0.064222","0","0.45447"
"cult","site","site","token_nb","783","5","0.605364","0.600996","0.610536","0.004368","27","0.193756","0.171278","0.189465","0.022479","2","0.45447"
"cult","type_site","type;site","majority","783","5","0.633461","0.633461","0.633461","0","100","0.155121","0.155121","0.155121","0","100","0.493257"
"cult","type_site","type;site","length","783","5","0.633461","0.632567","0.633461","0.000894","50","0.155121","0.155023","0.155364","0.000098","50","0.493257"
"cult","type_site","type;site","type","783","5","0.653895","0.653895","0.653895","0","100","0.217325","0.217325","0.217325","0","100","0.493257"
"cult","type_site","type;site","site","783","5","0.624521","0.624521","0.624521","0","100","0.154625","0.154625","0.154625","0","100","0.493257"
"cult","type_site","type;site","material","783","5","0.65645","0.65645","0.65645","0","100","0.21784","0.21784","0.21784","0","100","0.493257"
"cult","type_site","type;site","shape","783","5","0.644955","0.639349","0.644955","0.005607","8","0.220616","0.215132","0.221269","0.005483","10","0.493257"
"cult","type_site","type;site","direction","783","5","0.633461","0.633461","0.633461","0","100","0.155121","0.155121","0.155121","0","100","0.493257"
"cult","type_site","type;site","edge_frame","783","5","0.592593","0.593142","0.606769","-0.000549","53","0.176647","0.175015","0.201365","0.001632","44","0.493257"
"cult","type_site","type;site","length_type_site","783","5","0.648787","0.640013","0.64751","0.008774","4","0.237241","0.223195","0.242077","0.014047","14","0.493257"
"cult","type_site","type;site","material_shape","783","5","0.655172","0.649183","0.652618","0.00599","2","0.222956","0.216656","0.222427","0.0063","3","0.493257"
"cult","type_site","type;site","token_nb","783","5","0.605364","0.604687","0.616922","0.000677","54","0.193756","0.186025","0.202236","0.007731","21","0.493257"
"cult","material","material","majority","783","5","0.633461","0.633461","0.633461","0","100","0.155121","0.155121","0.155121","0","100","0.467152"
"cult","material","material","length","783","5","0.633461","0.632682","0.633525","0.000779","48","0.155121","0.155643","0.155752","-0.000522","48","0.467152"
"cult","material","material","type","783","5","0.653895","0.651686","0.65645","0.002209","31","0.217325","0.217475","0.218422","-0.00015","30","0.467152"
"cult","material","material","site","783","5","0.624521","0.630702","0.633461","-0.006181","99","0.154625","0.15597","0.164234","-0.001345","68","0.467152"
"cult","material","material","material","783","5","0.65645","0.65645","0.65645","0","100","0.21784","0.21784","0.21784","0","100","0.467152"
"cult","material","material","shape","783","5","0.644955","0.642439","0.650064","0.002516","36","0.220616","0.215457","0.227721","0.005158","14","0.467152"
"cult","material","material","direction","783","5","0.633461","0.633461","0.633461","0","100","0.155121","0.155121","0.155121","0","100","0.467152"
"cult","material","material","edge_frame","783","5","0.592593","0.592516","0.607918","0.000077","54","0.176647","0.173593","0.195846","0.003054","39","0.467152"
"cult","material","material","length_type_site","783","5","0.648787","0.634304","0.643742","0.014483","4","0.237241","0.221749","0.243784","0.015492","13","0.467152"
"cult","material","material","material_shape","783","5","0.655172","0.649693","0.653895","0.005479","3","0.222956","0.220236","0.234341","0.00272","29","0.467152"
"cult","material","material","token_nb","783","5","0.605364","0.604777","0.619413","0.000587","50","0.193756","0.186664","0.208254","0.007092","29","0.467152"
"cult","shape","shape","majority","783","5","0.633461","0.633461","0.633461","0","100","0.155121","0.155121","0.155121","0","100","0.460958"
"cult","shape","shape","length","783","5","0.633461","0.63258","0.636015","0.000881","49","0.155121","0.156416","0.164352","-0.001295","50","0.460958"
"cult","shape","shape","type","783","5","0.653895","0.635121","0.643678","0.018774","0","0.217325","0.191801","0.206721","0.025524","2","0.460958"
"cult","shape","shape","site","783","5","0.624521","0.630587","0.634738","-0.006066","99","0.154625","0.156821","0.171102","-0.002196","72","0.460958"
"cult","shape","shape","material","783","5","0.65645","0.638736","0.646232","0.017714","0","0.21784","0.190972","0.203125","0.026868","0","0.460958"
"cult","shape","shape","shape","783","5","0.644955","0.644955","0.644955","0","100","0.220616","0.220616","0.220616","0","100","0.460958"
"cult","shape","shape","direction","783","5","0.633461","0.633359","0.633461","0.000102","98","0.155121","0.155106","0.155121","0.000015","98","0.460958"
"cult","shape","shape","edge_frame","783","5","0.592593","0.592209","0.601596","0.000383","55","0.176647","0.17188","0.194106","0.004767","34","0.460958"
"cult","shape","shape","length_type_site","783","5","0.648787","0.615926","0.62963","0.032861","0","0.237241","0.195451","0.223793","0.04179","1","0.460958"
"cult","shape","shape","material_shape","783","5","0.655172","0.637292","0.646232","0.01788","0","0.222956","0.201629","0.217632","0.021327","2","0.460958"
"cult","shape","shape","token_nb","783","5","0.605364","0.602248","0.613027","0.003116","36","0.193756","0.177159","0.200011","0.016597","13","0.460958"
"cult","direction","direction","majority","783","5","0.633461","0.633461","0.633461","0","100","0.155121","0.155121","0.155121","0","100","0.439579"
"cult","direction","direction","length","783","5","0.633461","0.632656","0.633461","0.000805","46","0.155121","0.155355","0.155364","-0.000233","47","0.439579"
"cult","direction","direction","type","783","5","0.653895","0.629502","0.633461","0.024393","0","0.217325","0.156954","0.168865","0.060371","0","0.439579"
"cult","direction","direction","site","783","5","0.624521","0.630217","0.633461","-0.005696","96","0.154625","0.155865","0.166802","-0.00124","63","0.439579"
"cult","direction","direction","material","783","5","0.65645","0.632861","0.633461","0.023589","0","0.21784","0.155115","0.155121","0.062725","0","0.439579"
"cult","direction","direction","shape","783","5","0.644955","0.628595","0.633461","0.01636","0","0.220616","0.158573","0.17215","0.062042","0","0.439579"
"cult","direction","direction","direction","783","5","0.633461","0.633461","0.633461","0","100","0.155121","0.155121","0.155121","0","100","0.439579"
"cult","direction","direction","edge_frame","783","5","0.592593","0.593129","0.607918","-0.000536","50","0.176647","0.17582","0.212697","0.000827","50","0.439579"
"cult","direction","direction","length_type_site","783","5","0.648787","0.607791","0.618199","0.040996","0","0.237241","0.165448","0.18507","0.071793","0","0.439579"
"cult","direction","direction","material_shape","783","5","0.655172","0.623716","0.62963","0.031456","0","0.222956","0.159202","0.171655","0.063755","0","0.439579"
"cult","direction","direction","token_nb","783","5","0.605364","0.599847","0.61175","0.005517","26","0.193756","0.171117","0.188762","0.02264","1","0.439579"
"cult","length_type_site","length;type;site","majority","783","5","0.633461","0.633461","0.633461","0","100","0.155121","0.155121","0.155121","0","100","0.528889"
"cult","length_type_site","length;type;site","length","783","5","0.633461","0.633461","0.633461","0","100","0.155121","0.155121","0.155121","0","100","0.528889"
"cult","length_type_site","length;type;site","type","783","5","0.653895","0.653895","0.653895","0","100","0.217325","0.217325","0.217325","0","100","0.528889"
"cult","length_type_site","length;type;site","site","783","5","0.624521","0.624521","0.624521","0","100","0.154625","0.154625","0.154625","0","100","0.528889"
"cult","length_type_site","length;type;site","material","783","5","0.65645","0.65645","0.65645","0","100","0.21784","0.21784","0.21784","0","100","0.528889"
"cult","length_type_site","length;type;site","shape","783","5","0.644955","0.640307","0.64751","0.004649","18","0.220616","0.215638","0.222212","0.004977","16","0.528889"
"cult","length_type_site","length;type;site","direction","783","5","0.633461","0.633461","0.633461","0","100","0.155121","0.155121","0.155121","0","100","0.528889"
"cult","length_type_site","length;type;site","edge_frame","783","5","0.592593","0.590549","0.607982","0.002043","44","0.176647","0.178295","0.203655","-0.001648","52","0.528889"
"cult","length_type_site","length;type;site","length_type_site","783","5","0.648787","0.648787","0.648787","0","100","0.237241","0.237241","0.237241","0","100","0.528889"
"cult","length_type_site","length;type;site","material_shape","783","5","0.655172","0.651047","0.65645","0.004125","16","0.222956","0.219815","0.229614","0.003141","18","0.528889"
"cult","length_type_site","length;type;site","token_nb","783","5","0.605364","0.602976","0.613091","0.002388","44","0.193756","0.18192","0.199102","0.011836","17","0.528889"
"cult","material_shape","material;shape","majority","783","5","0.633461","0.633461","0.633461","0","100","0.155121","0.155121","0.155121","0","100","0.484828"
"cult","material_shape","material;shape","length","783","5","0.633461","0.632695","0.636015","0.000766","48","0.155121","0.15578","0.163178","-0.000659","49","0.484828"
"cult","material_shape","material;shape","type","783","5","0.653895","0.655096","0.65645","-0.001201","100","0.217325","0.217506","0.217711","-0.000181","100","0.484828"
"cult","material_shape","material;shape","site","783","5","0.624521","0.630996","0.636015","-0.006475","100","0.154625","0.157892","0.169683","-0.003267","67","0.484828"
"cult","material_shape","material;shape","material","783","5","0.65645","0.65645","0.65645","0","100","0.21784","0.21784","0.21784","0","100","0.484828"
"cult","material_shape","material;shape","shape","783","5","0.644955","0.644955","0.644955","0","100","0.220616","0.220616","0.220616","0","100","0.484828"
"cult","material_shape","material;shape","direction","783","5","0.633461","0.633461","0.633461","0","100","0.155121","0.155121","0.155121","0","100","0.484828"
"cult","material_shape","material;shape","edge_frame","783","5","0.592593","0.593014","0.607982","-0.000421","50","0.176647","0.173038","0.202205","0.003609","31","0.484828"
"cult","material_shape","material;shape","length_type_site","783","5","0.648787","0.634304","0.643678","0.014483","2","0.237241","0.222346","0.251071","0.014895","14","0.484828"
"cult","material_shape","material;shape","material_shape","783","5","0.655172","0.655172","0.655172","0","100","0.222956","0.222956","0.222956","0","100","0.484828"
"cult","material_shape","material;shape","token_nb","783","5","0.605364","0.605696","0.618135","-0.000332","55","0.193756","0.18693","0.208457","0.006827","26","0.484828"
"cult","edge_frame","edge_frame","majority","783","5","0.633461","0.633461","0.633461","0","100","0.155121","0.155121","0.155121","0","100","0.904253"
"cult","edge_frame","edge_frame","length","783","5","0.633461","0.633461","0.633461","0","100","0.155121","0.155121","0.155121","0","100","0.904253"
"cult","edge_frame","edge_frame","type","783","5","0.653895","0.649745","0.653895","0.004151","12","0.217325","0.21125","0.217325","0.006075","8","0.904253"
"cult","edge_frame","edge_frame","site","783","5","0.624521","0.631724","0.633461","-0.007203","100","0.154625","0.155002","0.155416","-0.000378","98","0.904253"
"cult","edge_frame","edge_frame","material","783","5","0.65645","0.652554","0.65645","0.003895","10","0.21784","0.211758","0.21784","0.006082","10","0.904253"
"cult","edge_frame","edge_frame","shape","783","5","0.644955","0.634968","0.642401","0.009987","2","0.220616","0.203799","0.216705","0.016816","1","0.904253"
"cult","edge_frame","edge_frame","direction","783","5","0.633461","0.633461","0.633461","0","100","0.155121","0.155121","0.155121","0","100","0.904253"
"cult","edge_frame","edge_frame","edge_frame","783","5","0.592593","0.592593","0.592593","0","100","0.176647","0.176647","0.176647","0","100","0.904253"
"cult","edge_frame","edge_frame","length_type_site","783","5","0.648787","0.634253","0.641188","0.014534","0","0.237241","0.212057","0.231757","0.025185","0","0.904253"
"cult","edge_frame","edge_frame","material_shape","783","5","0.655172","0.649272","0.655172","0.0059","13","0.222956","0.2129","0.222956","0.010056","6","0.904253"
"cult","edge_frame","edge_frame","token_nb","783","5","0.605364","0.607114","0.613027","-0.00175","73","0.193756","0.197995","0.20787","-0.004238","77","0.904253"
"cult","hard_proxy","length;type;site;shape;symbol;material","majority","783","5","0.633461","0.633461","0.633461","0","100","0.155121","0.155121","0.155121","0","100","0.758825"
"cult","hard_proxy","length;type;site;shape;symbol;material","length","783","5","0.633461","0.633461","0.633461","0","100","0.155121","0.155121","0.155121","0","100","0.758825"
"cult","hard_proxy","length;type;site;shape;symbol;material","type","783","5","0.653895","0.653895","0.653895","0","100","0.217325","0.217325","0.217325","0","100","0.758825"
"cult","hard_proxy","length;type;site;shape;symbol;material","site","783","5","0.624521","0.624521","0.624521","0","100","0.154625","0.154625","0.154625","0","100","0.758825"
"cult","hard_proxy","length;type;site;shape;symbol;material","material","783","5","0.65645","0.65645","0.65645","0","100","0.21784","0.21784","0.21784","0","100","0.758825"
"cult","hard_proxy","length;type;site;shape;symbol;material","shape","783","5","0.644955","0.644955","0.644955","0","100","0.220616","0.220616","0.220616","0","100","0.758825"
"cult","hard_proxy","length;type;site;shape;symbol;material","direction","783","5","0.633461","0.633461","0.633461","0","100","0.155121","0.155121","0.155121","0","100","0.758825"
"cult","hard_proxy","length;type;site;shape;symbol;material","edge_frame","783","5","0.592593","0.593206","0.605364","-0.000613","63","0.176647","0.175054","0.204216","0.001592","42","0.758825"
"cult","hard_proxy","length;type;site;shape;symbol;material","length_type_site","783","5","0.648787","0.648787","0.648787","0","100","0.237241","0.237241","0.237241","0","100","0.758825"
"cult","hard_proxy","length;type;site;shape;symbol;material","material_shape","783","5","0.655172","0.655172","0.655172","0","100","0.222956","0.222956","0.222956","0","100","0.758825"
"cult","hard_proxy","length;type;site;shape;symbol;material","token_nb","783","5","0.605364","0.607101","0.615581","-0.001737","65","0.193756","0.182983","0.196245","0.010773","9","0.758825"
"material","global","none","majority","1563","4","0.756238","0.756238","0.756238","0","100","0.215301","0.215301","0.215301","0","100","0.594229"
"material","global","none","length","1563","4","0.756238","0.755163","0.756238","0.001075","27","0.215301","0.215605","0.220721","-0.000305","32","0.594229"
"material","global","none","type","1563","4","0.920026","0.753487","0.756238","0.166539","0","0.814666","0.217411","0.228468","0.597255","0","0.594229"
"material","global","none","site","1563","4","0.757518","0.75517","0.756238","0.002348","0","0.22226","0.215373","0.215458","0.006887","2","0.594229"
"material","global","none","shape","1563","4","0.779271","0.752994","0.75563","0.026276","0","0.409006","0.216906","0.227864","0.192101","0","0.594229"
"material","global","none","direction","1563","4","0.756238","0.756238","0.756238","0","100","0.215301","0.215301","0.215301","0","100","0.594229"
"material","global","none","edge_frame","1563","4","0.737044","0.717076","0.72492","0.019968","0","0.283753","0.234508","0.254728","0.049245","0","0.594229"
"material","global","none","length_type_site","1563","4","0.90595","0.735189","0.741523","0.170761","0","0.79172","0.225598","0.242187","0.566123","0","0.594229"
"material","global","none","token_nb","1563","4","0.736404","0.733448","0.738356","0.002956","27","0.325959","0.225904","0.236553","0.100055","0","0.594229"
"material","length","length","majority","1563","4","0.756238","0.756238","0.756238","0","100","0.215301","0.215301","0.215301","0","100","0.605995"
"material","length","length","length","1563","4","0.756238","0.756238","0.756238","0","100","0.215301","0.215301","0.215301","0","100","0.605995"
"material","length","length","type","1563","4","0.920026","0.753544","0.75627","0.166481","0","0.814666","0.217258","0.227151","0.597408","0","0.605995"
"material","length","length","site","1563","4","0.757518","0.755317","0.75691","0.002201","5","0.22226","0.215964","0.222162","0.006296","5","0.605995"
"material","length","length","shape","1563","4","0.779271","0.752175","0.755598","0.027095","0","0.409006","0.217773","0.227949","0.191233","0","0.605995"
"material","length","length","direction","1563","4","0.756238","0.756238","0.756238","0","100","0.215301","0.215301","0.215301","0","100","0.605995"
"material","length","length","edge_frame","1563","4","0.737044","0.720806","0.729367","0.016238","0","0.283753","0.234696","0.256345","0.049057","0","0.605995"
"material","length","length","length_type_site","1563","4","0.90595","0.73611","0.742834","0.16984","0","0.79172","0.232096","0.254323","0.559624","0","0.605995"
"material","length","length","token_nb","1563","4","0.736404","0.731964","0.738356","0.00444","15","0.325959","0.229798","0.243052","0.096161","0","0.605995"
"material","type","type","majority","1563","4","0.756238","0.756238","0.756238","0","100","0.215301","0.215301","0.215301","0","100","0.879424"
"material","type","type","length","1563","4","0.756238","0.756187","0.756238","0.000051","94","0.215301","0.215292","0.215301","0.000008","94","0.879424"
"material","type","type","type","1563","4","0.920026","0.920026","0.920026","0","100","0.814666","0.814666","0.814666","0","100","0.879424"
"material","type","type","site","1563","4","0.757518","0.75714","0.757518","0.000377","78","0.22226","0.220983","0.22226","0.001277","78","0.879424"
"material","type","type","shape","1563","4","0.779271","0.789315","0.799136","-0.010045","90","0.409006","0.422418","0.44733","-0.013412","78","0.879424"
"material","type","type","direction","1563","4","0.756238","0.756238","0.756238","0","100","0.215301","0.215301","0.215301","0","100","0.879424"
"material","type","type","edge_frame","1563","4","0.737044","0.734095","0.739603","0.002949","28","0.283753","0.279513","0.293034","0.00424","30","0.879424"
"material","type","type","length_type_site","1563","4","0.90595","0.901049","0.905342","0.004901","5","0.79172","0.7626","0.77525","0.02912","0","0.879424"
"material","type","type","token_nb","1563","4","0.736404","0.735438","0.740883","0.000966","41","0.325959","0.31466","0.330316","0.011299","18","0.879424"
"material","site","site","majority","1563","4","0.756238","0.756238","0.756238","0","100","0.215301","0.215301","0.215301","0","100","0.635266"
"material","site","site","length","1563","4","0.756238","0.755349","0.756238","0.000889","36","0.215301","0.215511","0.215359","-0.00021","39","0.635266"
"material","site","site","type","1563","4","0.920026","0.753724","0.757518","0.166302","0","0.814666","0.217737","0.227993","0.59693","0","0.635266"
"material","site","site","site","1563","4","0.757518","0.757518","0.757518","0","100","0.22226","0.22226","0.22226","0","100","0.635266"
"material","site","site","shape","1563","4","0.779271","0.751836","0.756878","0.027434","0","0.409006","0.224443","0.239531","0.184563","0","0.635266"
"material","site","site","direction","1563","4","0.756238","0.756238","0.756238","0","100","0.215301","0.215301","0.215301","0","100","0.635266"
"material","site","site","edge_frame","1563","4","0.737044","0.718868","0.726839","0.018177","0","0.283753","0.238805","0.26592","0.044948","0","0.635266"
"material","site","site","length_type_site","1563","4","0.90595","0.737358","0.75048","0.168592","0","0.79172","0.256295","0.289387","0.535425","0","0.635266"
"material","site","site","token_nb","1563","4","0.736404","0.729539","0.736436","0.006865","8","0.325959","0.234654","0.248706","0.091305","0","0.635266"
"material","type_site","type;site","majority","1563","4","0.756238","0.756238","0.756238","0","100","0.215301","0.215301","0.215301","0","100","0.890832"
"material","type_site","type;site","length","1563","4","0.756238","0.756155","0.756238","0.000083","92","0.215301","0.215287","0.215301","0.000013","92","0.890832"
"material","type_site","type;site","type","1563","4","0.920026","0.920026","0.920026","0","100","0.814666","0.814666","0.814666","0","100","0.890832"
"material","type_site","type;site","site","1563","4","0.757518","0.757518","0.757518","0","100","0.22226","0.22226","0.22226","0","100","0.890832"
"material","type_site","type;site","shape","1563","4","0.779271","0.786993","0.797185","-0.007722","84","0.409006","0.414065","0.444374","-0.005059","59","0.890832"
"material","type_site","type;site","direction","1563","4","0.756238","0.756238","0.756238","0","100","0.215301","0.215301","0.215301","0","100","0.890832"
"material","type_site","type;site","edge_frame","1563","4","0.737044","0.734114","0.740883","0.00293","24","0.283753","0.278222","0.294965","0.005531","28","0.890832"
"material","type_site","type;site","length_type_site","1563","4","0.90595","0.908311","0.911708","-0.002361","85","0.79172","0.797368","0.805731","-0.005647","85","0.890832"
"material","type_site","type;site","token_nb","1563","4","0.736404","0.734779","0.740915","0.001625","36","0.325959","0.317446","0.33399","0.008513","19","0.890832"
"material","shape","shape","majority","1563","4","0.756238","0.756238","0.756238","0","100","0.215301","0.215301","0.215301","0","100","0.733237"
"material","shape","shape","length","1563","4","0.756238","0.755707","0.756238","0.000531","38","0.215301","0.215437","0.215301","-0.000137","38","0.733237"
"material","shape","shape","type","1563","4","0.920026","0.771567","0.777351","0.148458","0","0.814666","0.32842","0.422807","0.486246","0","0.733237"
"material","shape","shape","site","1563","4","0.757518","0.756699","0.757518","0.000819","53","0.22226","0.219168","0.22226","0.003092","53","0.733237"
"material","shape","shape","shape","1563","4","0.779271","0.779271","0.779271","0","100","0.409006","0.409006","0.409006","0","100","0.733237"
"material","shape","shape","direction","1563","4","0.756238","0.756238","0.756238","0","100","0.215301","0.215301","0.215301","0","100","0.733237"
"material","shape","shape","edge_frame","1563","4","0.737044","0.726065","0.735125","0.010979","2","0.283753","0.242729","0.264764","0.041024","0","0.733237"
"material","shape","shape","length_type_site","1563","4","0.90595","0.752546","0.769674","0.153404","0","0.79172","0.355278","0.398454","0.436442","0","0.733237"
"material","shape","shape","token_nb","1563","4","0.736404","0.731606","0.738964","0.004798","18","0.325959","0.259922","0.27786","0.066037","0","0.733237"
"material","direction","direction","majority","1563","4","0.756238","0.756238","0.756238","0","100","0.215301","0.215301","0.215301","0","100","0.601158"
"material","direction","direction","length","1563","4","0.756238","0.755202","0.756238","0.001036","26","0.215301","0.215841","0.221952","-0.000541","33","0.601158"
"material","direction","direction","type","1563","4","0.920026","0.753576","0.755598","0.166449","0","0.814666","0.216656","0.223162","0.59801","0","0.601158"
"material","direction","direction","site","1563","4","0.757518","0.755509","0.757518","0.002009","7","0.22226","0.216434","0.220989","0.005827","2","0.601158"
"material","direction","direction","shape","1563","4","0.779271","0.752969","0.755598","0.026302","0","0.409006","0.217919","0.231069","0.191088","0","0.601158"
"material","direction","direction","direction","1563","4","0.756238","0.756238","0.756238","0","100","0.215301","0.215301","0.215301","0","100","0.601158"
"material","direction","direction","edge_frame","1563","4","0.737044","0.717825","0.728119","0.019219","0","0.283753","0.232244","0.254063","0.051509","0","0.601158"
"material","direction","direction","length_type_site","1563","4","0.90595","0.736238","0.744722","0.169712","0","0.79172","0.227779","0.252032","0.563941","0","0.601158"
"material","direction","direction","token_nb","1563","4","0.736404","0.732821","0.740243","0.003583","22","0.325959","0.226762","0.239663","0.099197","0","0.601158"
"material","length_type_site","length;type;site","majority","1563","4","0.756238","0.756238","0.756238","0","100","0.215301","0.215301","0.215301","0","100","0.897447"
"material","length_type_site","length;type;site","length","1563","4","0.756238","0.756238","0.756238","0","100","0.215301","0.215301","0.215301","0","100","0.897447"
"material","length_type_site","length;type;site","type","1563","4","0.920026","0.920026","0.920026","0","100","0.814666","0.814666","0.814666","0","100","0.897447"
"material","length_type_site","length;type;site","site","1563","4","0.757518","0.757518","0.757518","0","100","0.22226","0.22226","0.22226","0","100","0.897447"
"material","length_type_site","length;type;site","shape","1563","4","0.779271","0.784856","0.794658","-0.005585","75","0.409006","0.404933","0.435834","0.004074","35","0.897447"
"material","length_type_site","length;type;site","direction","1563","4","0.756238","0.756238","0.756238","0","100","0.215301","0.215301","0.215301","0","100","0.897447"
"material","length_type_site","length;type;site","edge_frame","1563","4","0.737044","0.734357","0.740243","0.002687","20","0.283753","0.278098","0.293482","0.005655","29","0.897447"
"material","length_type_site","length;type;site","length_type_site","1563","4","0.90595","0.90595","0.90595","0","100","0.79172","0.79172","0.79172","0","100","0.897447"
"material","length_type_site","length;type;site","token_nb","1563","4","0.736404","0.735125","0.741523","0.00128","37","0.325959","0.316454","0.330191","0.009505","16","0.897447"
"material","edge_frame","edge_frame","majority","1563","4","0.756238","0.756238","0.756238","0","100","0.215301","0.215301","0.215301","0","100","0.938087"
"material","edge_frame","edge_frame","length","1563","4","0.756238","0.756238","0.756238","0","100","0.215301","0.215301","0.215301","0","100","0.938087"
"material","edge_frame","edge_frame","type","1563","4","0.920026","0.874376","0.88103","0.045649","0","0.814666","0.735503","0.751819","0.079164","0","0.938087"
"material","edge_frame","edge_frame","site","1563","4","0.757518","0.757518","0.757518","0","100","0.22226","0.22226","0.22226","0","100","0.938087"
"material","edge_frame","edge_frame","shape","1563","4","0.779271","0.779123","0.78826","0.000147","55","0.409006","0.385715","0.419472","0.023291","20","0.938087"
"material","edge_frame","edge_frame","direction","1563","4","0.756238","0.756238","0.756238","0","100","0.215301","0.215301","0.215301","0","100","0.938087"
"material","edge_frame","edge_frame","edge_frame","1563","4","0.737044","0.737044","0.737044","0","100","0.283753","0.283753","0.283753","0","100","0.938087"
"material","edge_frame","edge_frame","length_type_site","1563","4","0.90595","0.870473","0.87652","0.035477","0","0.79172","0.730905","0.747839","0.060816","0","0.938087"
"material","edge_frame","edge_frame","token_nb","1563","4","0.736404","0.734856","0.738356","0.001548","24","0.325959","0.307636","0.323389","0.018323","5","0.938087"
"material","hard_proxy","length;type;site;shape","majority","1563","4","0.756238","0.756238","0.756238","0","100","0.215301","0.215301","0.215301","0","100","0.925272"
"material","hard_proxy","length;type;site;shape","length","1563","4","0.756238","0.756238","0.756238","0","100","0.215301","0.215301","0.215301","0","100","0.925272"
"material","hard_proxy","length;type;site;shape","type","1563","4","0.920026","0.920026","0.920026","0","100","0.814666","0.814666","0.814666","0","100","0.925272"
"material","hard_proxy","length;type;site;shape","site","1563","4","0.757518","0.757518","0.757518","0","100","0.22226","0.22226","0.22226","0","100","0.925272"
"material","hard_proxy","length;type;site;shape","shape","1563","4","0.779271","0.779271","0.779271","0","100","0.409006","0.409006","0.409006","0","100","0.925272"
"material","hard_proxy","length;type;site;shape","direction","1563","4","0.756238","0.756238","0.756238","0","100","0.215301","0.215301","0.215301","0","100","0.925272"
"material","hard_proxy","length;type;site;shape","edge_frame","1563","4","0.737044","0.736104","0.740915","0.00094","44","0.283753","0.282146","0.297301","0.001607","39","0.925272"
"material","hard_proxy","length;type;site;shape","length_type_site","1563","4","0.90595","0.90595","0.90595","0","100","0.79172","0.79172","0.79172","0","100","0.925272"
"material","hard_proxy","length;type;site;shape","token_nb","1563","4","0.736404","0.735899","0.740883","0.000505","45","0.325959","0.320481","0.332751","0.005478","21","0.925272"
"shape","global","none","majority","1604","6","0.635287","0.635287","0.635287","0","100","0.129495","0.129495","0.129495","0","100","0.459102"
"shape","global","none","length","1604","6","0.633416","0.633834","0.63591","-0.000418","76","0.12941","0.130267","0.134286","-0.000856","44","0.459102"
"shape","global","none","type","1604","6","0.84601","0.633111","0.635318","0.212899","0","0.45182","0.130649","0.134826","0.321171","0","0.459102"
"shape","global","none","site","1604","6","0.660848","0.632774","0.63591","0.028074","0","0.223904","0.131124","0.135949","0.092781","0","0.459102"
"shape","global","none","material","1604","6","0.698254","0.634676","0.636534","0.063579","0","0.218005","0.129887","0.132281","0.088119","0","0.459102"
"shape","global","none","direction","1604","6","0.640274","0.635287","0.635287","0.004988","0","0.153887","0.129495","0.129495","0.024392","0","0.459102"
"shape","global","none","edge_frame","1604","6","0.61783","0.587226","0.601683","0.030605","0","0.195692","0.149304","0.169222","0.046388","0","0.459102"
"shape","global","none","length_type_site","1604","6","0.835411","0.610125","0.623441","0.225287","0","0.411545","0.142566","0.160507","0.268979","0","0.459102"
"shape","global","none","token_nb","1604","6","0.67581","0.599096","0.609102","0.076714","0","0.237947","0.145504","0.154856","0.092443","0","0.459102"
"shape","length","length","majority","1604","6","0.635287","0.635287","0.635287","0","100","0.129495","0.129495","0.129495","0","100","0.472089"
"shape","length","length","length","1604","6","0.633416","0.633416","0.633416","0","100","0.12941","0.12941","0.12941","0","100","0.472089"
"shape","length","length","type","1604","6","0.84601","0.632743","0.635318","0.213267","0","0.45182","0.130421","0.134036","0.321399","0","0.472089"
"shape","length","length","site","1604","6","0.660848","0.632126","0.635287","0.028722","0","0.223904","0.130599","0.13574","0.093305","0","0.472089"
"shape","length","length","material","1604","6","0.698254","0.634395","0.63591","0.063859","0","0.218005","0.129785","0.13221","0.088221","0","0.472089"
"shape","length","length","direction","1604","6","0.640274","0.635287","0.635287","0.004988","0","0.153887","0.129495","0.129495","0.024392","0","0.472089"
"shape","length","length","edge_frame","1604","6","0.61783","0.591671","0.603522","0.02616","0","0.195692","0.150559","0.173846","0.045132","0","0.472089"
"shape","length","length","length_type_site","1604","6","0.835411","0.609776","0.621571","0.225636","0","0.411545","0.144485","0.162863","0.26706","0","0.472089"
"shape","length","length","token_nb","1604","6","0.67581","0.599283","0.608572","0.076527","0","0.237947","0.148568","0.15704","0.08938","0","0.472089"
"shape","type","type","majority","1604","6","0.635287","0.635287","0.635287","0","100","0.129495","0.129495","0.129495","0","100","0.797768"
"shape","type","type","length","1604","6","0.633416","0.633254","0.635287","0.000162","52","0.12941","0.133861","0.139119","-0.004451","77","0.797768"
"shape","type","type","type","1604","6","0.84601","0.84601","0.84601","0","100","0.45182","0.45182","0.45182","0","100","0.797768"
"shape","type","type","site","1604","6","0.660848","0.662924","0.667082","-0.002076","82","0.223904","0.221407","0.228509","0.002497","30","0.797768"
"shape","type","type","material","1604","6","0.698254","0.699813","0.703242","-0.001559","81","0.218005","0.217832","0.219753","0.000173","50","0.797768"
"shape","type","type","direction","1604","6","0.640274","0.632805","0.637781","0.007469","1","0.153887","0.1365","0.150657","0.017387","0","0.797768"
"shape","type","type","edge_frame","1604","6","0.61783","0.618329","0.625935","-0.000499","54","0.195692","0.172228","0.197259","0.023464","6","0.797768"
"shape","type","type","length_type_site","1604","6","0.835411","0.828273","0.839838","0.007138","22","0.411545","0.387939","0.417679","0.023606","13","0.797768"
"shape","type","type","token_nb","1604","6","0.67581","0.654751","0.665243","0.02106","0","0.237947","0.219442","0.234385","0.018506","3","0.797768"
"shape","site","site","majority","1604","6","0.635287","0.635287","0.635287","0","100","0.129495","0.129495","0.129495","0","100","0.536964"
"shape","site","site","length","1604","6","0.633416","0.634009","0.63591","-0.000592","80","0.12941","0.130029","0.132685","-0.000619","43","0.536964"
"shape","site","site","type","1604","6","0.84601","0.6349","0.647787","0.21111","0","0.45182","0.168821","0.199172","0.283","0","0.536964"
"shape","site","site","site","1604","6","0.660848","0.660848","0.660848","0","100","0.223904","0.223904","0.223904","0","100","0.536964"
"shape","site","site","material","1604","6","0.698254","0.631266","0.641521","0.066989","0","0.218005","0.142445","0.170175","0.07556","0","0.536964"
"shape","site","site","direction","1604","6","0.640274","0.634975","0.635287","0.005299","0","0.153887","0.129461","0.129495","0.024426","0","0.536964"
"shape","site","site","edge_frame","1604","6","0.61783","0.595574","0.605393","0.022257","0","0.195692","0.152754","0.177796","0.042938","0","0.536964"
"shape","site","site","length_type_site","1604","6","0.835411","0.638186","0.656546","0.197226","0","0.411545","0.207023","0.227232","0.204522","0","0.536964"
"shape","site","site","token_nb","1604","6","0.67581","0.601203","0.610973","0.074607","0","0.237947","0.155247","0.164788","0.0827","0","0.536964"
"shape","type_site","type;site","majority","1604","6","0.635287","0.635287","0.635287","0","100","0.129495","0.129495","0.129495","0","100","0.806185"
"shape","type_site","type;site","length","1604","6","0.633416","0.632949","0.635287","0.000468","41","0.12941","0.133965","0.138943","-0.004554","79","0.806185"
"shape","type_site","type;site","type","1604","6","0.84601","0.84601","0.84601","0","100","0.45182","0.45182","0.45182","0","100","0.806185"
"shape","type_site","type;site","site","1604","6","0.660848","0.660848","0.660848","0","100","0.223904","0.223904","0.223904","0","100","0.806185"
"shape","type_site","type;site","material","1604","6","0.698254","0.698772","0.701995","-0.000517","66","0.218005","0.217209","0.219468","0.000796","30","0.806185"
"shape","type_site","type;site","direction","1604","6","0.640274","0.633641","0.639027","0.006633","1","0.153887","0.139558","0.152269","0.014329","0","0.806185"
"shape","type_site","type;site","edge_frame","1604","6","0.61783","0.617837","0.624127","-0.000006","50","0.195692","0.171794","0.196848","0.023897","6","0.806185"
"shape","type_site","type;site","length_type_site","1604","6","0.835411","0.829314","0.840461","0.006097","25","0.411545","0.399757","0.436334","0.011788","26","0.806185"
"shape","type_site","type;site","token_nb","1604","6","0.67581","0.65409","0.665243","0.021721","0","0.237947","0.218496","0.233454","0.019451","2","0.806185"
"shape","material","material","majority","1604","6","0.635287","0.635287","0.635287","0","100","0.129495","0.129495","0.129495","0","100","0.547837"
"shape","material","material","length","1604","6","0.633416","0.634183","0.63591","-0.000767","75","0.12941","0.130097","0.132655","-0.000687","43","0.547837"
"shape","material","material","type","1604","6","0.84601","0.686714","0.693298","0.159296","0","0.45182","0.222062","0.245822","0.229758","0","0.547837"
"shape","material","material","site","1604","6","0.660848","0.633161","0.635318","0.027687","0","0.223904","0.130626","0.135742","0.093278","0","0.547837"
"shape","material","material","material","1604","6","0.698254","0.698254","0.698254","0","100","0.218005","0.218005","0.218005","0","100","0.547837"
"shape","material","material","direction","1604","6","0.640274","0.634888","0.635287","0.005387","0","0.153887","0.130254","0.129495","0.023633","0","0.547837"
"shape","material","material","edge_frame","1604","6","0.61783","0.595418","0.60611","0.022413","0","0.195692","0.153494","0.168538","0.042197","0","0.547837"
"shape","material","material","length_type_site","1604","6","0.835411","0.669221","0.682076","0.166191","0","0.411545","0.221897","0.243489","0.189648","0","0.547837"
"shape","material","material","token_nb","1604","6","0.67581","0.600586","0.611066","0.075224","0","0.237947","0.155607","0.168738","0.08234","0","0.547837"
"shape","direction","direction","majority","1604","6","0.635287","0.635287","0.635287","0","100","0.129495","0.129495","0.129495","0","100","0.464476"
"shape","direction","direction","length","1604","6","0.633416","0.633909","0.63591","-0.000493","73","0.12941","0.130005","0.133083","-0.000595","51","0.464476"
"shape","direction","direction","type","1604","6","0.84601","0.633186","0.63591","0.212824","0","0.45182","0.131229","0.137036","0.320592","0","0.464476"
"shape","direction","direction","site","1604","6","0.660848","0.632974","0.63591","0.027874","0","0.223904","0.131337","0.138098","0.092567","0","0.464476"
"shape","direction","direction","material","1604","6","0.698254","0.634857","0.636534","0.063398","0","0.218005","0.129852","0.132324","0.088153","0","0.464476"
"shape","direction","direction","direction","1604","6","0.640274","0.640274","0.640274","0","100","0.153887","0.153887","0.153887","0","100","0.464476"
"shape","direction","direction","edge_frame","1604","6","0.61783","0.588859","0.601652","0.028971","0","0.195692","0.149409","0.168265","0.046283","0","0.464476"
"shape","direction","direction","length_type_site","1604","6","0.835411","0.610087","0.619108","0.225324","0","0.411545","0.140988","0.159266","0.270557","0","0.464476"
"shape","direction","direction","token_nb","1604","6","0.67581","0.599719","0.609102","0.076091","0","0.237947","0.146717","0.157256","0.09123","0","0.464476"
"shape","length_type_site","length;type;site","majority","1604","6","0.635287","0.635287","0.635287","0","100","0.129495","0.129495","0.129495","0","100","0.829532"
"shape","length_type_site","length;type;site","length","1604","6","0.633416","0.633416","0.633416","0","100","0.12941","0.12941","0.12941","0","100","0.829532"
"shape","length_type_site","length;type;site","type","1604","6","0.84601","0.84601","0.84601","0","100","0.45182","0.45182","0.45182","0","100","0.829532"
"shape","length_type_site","length;type;site","site","1604","6","0.660848","0.660848","0.660848","0","100","0.223904","0.223904","0.223904","0","100","0.829532"
"shape","length_type_site","length;type;site","material","1604","6","0.698254","0.698815","0.701995","-0.000561","71","0.218005","0.217281","0.219603","0.000724","32","0.829532"
"shape","length_type_site","length;type;site","direction","1604","6","0.640274","0.635281","0.639682","0.004994","5","0.153887","0.14541","0.153084","0.008477","3","0.829532"
"shape","length_type_site","length;type;site","edge_frame","1604","6","0.61783","0.616415","0.625405","0.001415","40","0.195692","0.167495","0.188508","0.028197","3","0.829532"
"shape","length_type_site","length;type;site","length_type_site","1604","6","0.835411","0.835411","0.835411","0","100","0.411545","0.411545","0.411545","0","100","0.829532"
"shape","length_type_site","length;type;site","token_nb","1604","6","0.67581","0.658529","0.668329","0.017282","0","0.237947","0.21951","0.234178","0.018437","1","0.829532"
"shape","edge_frame","edge_frame","majority","1604","6","0.635287","0.635287","0.635287","0","100","0.129495","0.129495","0.129495","0","100","0.907606"
"shape","edge_frame","edge_frame","length","1604","6","0.633416","0.633416","0.633416","0","100","0.12941","0.12941","0.12941","0","100","0.907606"
"shape","edge_frame","edge_frame","type","1604","6","0.84601","0.777594","0.789277","0.068416","0","0.45182","0.369267","0.402554","0.082554","0","0.907606"
"shape","edge_frame","edge_frame","site","1604","6","0.660848","0.637899","0.64841","0.022949","0","0.223904","0.20945","0.219114","0.014454","0","0.907606"
"shape","edge_frame","edge_frame","material","1604","6","0.698254","0.675648","0.6827","0.022606","0","0.218005","0.201474","0.207571","0.016532","0","0.907606"
"shape","edge_frame","edge_frame","direction","1604","6","0.640274","0.638441","0.640929","0.001833","22","0.153887","0.151741","0.154024","0.002146","10","0.907606"
"shape","edge_frame","edge_frame","edge_frame","1604","6","0.61783","0.61783","0.61783","0","100","0.195692","0.195692","0.195692","0","100","0.907606"
"shape","edge_frame","edge_frame","length_type_site","1604","6","0.835411","0.777781","0.788653","0.057631","0","0.411545","0.357989","0.379565","0.053556","0","0.907606"
"shape","edge_frame","edge_frame","token_nb","1604","6","0.67581","0.668547","0.673348","0.007263","0","0.237947","0.227711","0.233848","0.010236","0","0.907606"
"shape","hard_proxy","length;type;site;material","majority","1604","6","0.635287","0.635287","0.635287","0","100","0.129495","0.129495","0.129495","0","100","0.849838"
"shape","hard_proxy","length;type;site;material","length","1604","6","0.633416","0.633416","0.633416","0","100","0.12941","0.12941","0.12941","0","100","0.849838"
"shape","hard_proxy","length;type;site;material","type","1604","6","0.84601","0.84601","0.84601","0","100","0.45182","0.45182","0.45182","0","100","0.849838"
"shape","hard_proxy","length;type;site;material","site","1604","6","0.660848","0.660848","0.660848","0","100","0.223904","0.223904","0.223904","0","100","0.849838"
"shape","hard_proxy","length;type;site;material","material","1604","6","0.698254","0.698254","0.698254","0","100","0.218005","0.218005","0.218005","0","100","0.849838"
"shape","hard_proxy","length;type;site;material","direction","1604","6","0.640274","0.636646","0.640305","0.003628","10","0.153887","0.1479","0.153214","0.005987","4","0.849838"
"shape","hard_proxy","length;type;site;material","edge_frame","1604","6","0.61783","0.617157","0.625343","0.000673","45","0.195692","0.170872","0.195843","0.02482","6","0.849838"
"shape","hard_proxy","length;type;site;material","length_type_site","1604","6","0.835411","0.835411","0.835411","0","100","0.411545","0.411545","0.411545","0","100","0.849838"
"shape","hard_proxy","length;type;site;material","token_nb","1604","6","0.67581","0.661415","0.670823","0.014395","0","0.237947","0.224064","0.242126","0.013883","8","0.849838"
"boss","global","none","majority","795","4","0.755975","0.755975","0.755975","0","100","0.215258","0.215258","0.215258","0","100","0.590918"
"boss","global","none","length","795","4","0.753459","0.755258","0.755975","-0.001799","93","0.215623","0.215351","0.215258","0.000272","3","0.590918"
"boss","global","none","type","795","4","0.803774","0.755409","0.755975","0.048365","0","0.389698","0.215374","0.215258","0.174324","0","0.590918"
"boss","global","none","site","795","4","0.766038","0.754881","0.757296","0.011157","0","0.285617","0.216336","0.226803","0.069281","0","0.590918"
"boss","global","none","material","795","4","0.754717","0.755057","0.755975","-0.00034","86","0.215054","0.215609","0.215567","-0.000555","86","0.590918"
"boss","global","none","shape","795","4","0.81761","0.753887","0.757233","0.063723","0","0.518146","0.216503","0.227182","0.301644","0","0.590918"
"boss","global","none","direction","795","4","0.755975","0.755925","0.755975","0.00005","99","0.215258","0.21525","0.215258","0.000008","99","0.590918"
"boss","global","none","edge_frame","795","4","0.734591","0.732289","0.742138","0.002302","40","0.237326","0.225914","0.247858","0.011412","24","0.590918"
"boss","global","none","length_type_site","795","4","0.803774","0.740302","0.748428","0.063472","0","0.481624","0.222559","0.245892","0.259065","0","0.590918"
"boss","global","none","material_shape","795","4","0.823899","0.751786","0.756038","0.072113","0","0.548158","0.216343","0.226614","0.331815","0","0.590918"
"boss","global","none","token_nb","795","4","0.724528","0.727321","0.73717","-0.002792","73","0.247964","0.227668","0.246024","0.020295","4","0.590918"
"boss","length","length","majority","795","4","0.755975","0.755975","0.755975","0","100","0.215258","0.215258","0.215258","0","100","0.602491"
"boss","length","length","length","795","4","0.753459","0.753459","0.753459","0","100","0.215623","0.215623","0.215623","0","100","0.602491"
"boss","length","length","type","795","4","0.803774","0.755346","0.755975","0.048428","0","0.389698","0.215571","0.215258","0.174128","0","0.602491"
"boss","length","length","site","795","4","0.766038","0.754994","0.755975","0.011044","0","0.285617","0.21589","0.216138","0.069728","0","0.602491"
"boss","length","length","material","795","4","0.754717","0.755283","0.757233","-0.000566","85","0.215054","0.215999","0.22648","-0.000945","85","0.602491"
"boss","length","length","shape","795","4","0.81761","0.754164","0.755975","0.063447","0","0.518146","0.215727","0.216261","0.30242","0","0.602491"
"boss","length","length","direction","795","4","0.755975","0.755975","0.755975","0","100","0.215258","0.215258","0.215258","0","100","0.602491"
"boss","length","length","edge_frame","795","4","0.734591","0.73166","0.740881","0.002931","36","0.237326","0.224359","0.248499","0.012967","20","0.602491"
"boss","length","length","length_type_site","795","4","0.803774","0.739748","0.748491","0.064025","0","0.481624","0.227756","0.260001","0.253868","0","0.602491"
"boss","length","length","material_shape","795","4","0.823899","0.752377","0.755975","0.071522","0","0.548158","0.215957","0.226394","0.332201","0","0.602491"
"boss","length","length","token_nb","795","4","0.724528","0.730101","0.739686","-0.005572","82","0.247964","0.228958","0.249449","0.019006","8","0.602491"
"boss","type","type","majority","795","4","0.755975","0.755975","0.755975","0","100","0.215258","0.215258","0.215258","0","100","0.706792"
"boss","type","type","length","795","4","0.753459","0.753434","0.755975","0.000025","69","0.215623","0.215218","0.215478","0.000405","5","0.706792"
"boss","type","type","type","795","4","0.803774","0.803774","0.803774","0","100","0.389698","0.389698","0.389698","0","100","0.706792"
"boss","type","type","site","795","4","0.766038","0.756264","0.758491","0.009774","0","0.285617","0.221572","0.235175","0.064045","0","0.706792"
"boss","type","type","material","795","4","0.754717","0.756478","0.758491","-0.001761","97","0.215054","0.222594","0.235175","-0.00754","97","0.706792"
"boss","type","type","shape","795","4","0.81761","0.792931","0.805094","0.024679","0","0.518146","0.400302","0.453093","0.117844","0","0.706792"
"boss","type","type","direction","795","4","0.755975","0.755925","0.755975","0.00005","99","0.215258","0.21525","0.215258","0.000008","99","0.706792"
"boss","type","type","edge_frame","795","4","0.734591","0.733069","0.743396","0.001522","46","0.237326","0.227648","0.249911","0.009678","27","0.706792"
"boss","type","type","length_type_site","795","4","0.803774","0.790327","0.805094","0.013447","8","0.481624","0.421011","0.478107","0.060612","4","0.706792"
"boss","type","type","material_shape","795","4","0.823899","0.792943","0.803836","0.030956","0","0.548158","0.406671","0.460807","0.141487","0","0.706792"
"boss","type","type","token_nb","795","4","0.724528","0.732528","0.740881","-0.008","95","0.247964","0.265344","0.29554","-0.017381","83","0.706792"
"boss","site","site","majority","795","4","0.755975","0.755975","0.755975","0","100","0.215258","0.215258","0.215258","0","100","0.619472"
"boss","site","site","length","795","4","0.753459","0.755245","0.755975","-0.001786","95","0.215623","0.215164","0.215258","0.000459","1","0.619472"
"boss","site","site","type","795","4","0.803774","0.75556","0.755975","0.048214","0","0.389698","0.215785","0.215724","0.173914","0","0.619472"
"boss","site","site","site","795","4","0.766038","0.766038","0.766038","0","100","0.285617","0.285617","0.285617","0","100","0.619472"
"boss","site","site","material","795","4","0.754717","0.756075","0.758491","-0.001358","91","0.215054","0.2198","0.226803","-0.004746","92","0.619472"
"boss","site","site","shape","795","4","0.81761","0.753836","0.755975","0.063774","0","0.518146","0.216095","0.226813","0.302052","0","0.619472"
"boss","site","site","direction","795","4","0.755975","0.755925","0.755975","0.00005","99","0.215258","0.21525","0.215258","0.000008","99","0.619472"
"boss","site","site","edge_frame","795","4","0.734591","0.732403","0.740943","0.002189","43","0.237326","0.225538","0.249943","0.011787","22","0.619472"
"boss","site","site","length_type_site","795","4","0.803774","0.745233","0.753522","0.058541","0","0.481624","0.258257","0.282466","0.223366","0","0.619472"
"boss","site","site","material_shape","795","4","0.823899","0.752667","0.758491","0.071233","0","0.548158","0.220522","0.231156","0.327636","0","0.619472"
"boss","site","site","token_nb","795","4","0.724528","0.730013","0.740943","-0.005484","83","0.247964","0.233803","0.255226","0.01416","10","0.619472"
"boss","type_site","type;site","majority","795","4","0.755975","0.755975","0.755975","0","100","0.215258","0.215258","0.215258","0","100","0.747057"
"boss","type_site","type;site","length","795","4","0.753459","0.75234","0.755975","0.001119","47","0.215623","0.214918","0.215258","0.000704","4","0.747057"
"boss","type_site","type;site","type","795","4","0.803774","0.803774","0.803774","0","100","0.389698","0.389698","0.389698","0","100","0.747057"
"boss","type_site","type;site","site","795","4","0.766038","0.766038","0.766038","0","100","0.285617","0.285617","0.285617","0","100","0.747057"
"boss","type_site","type;site","material","795","4","0.754717","0.755874","0.758491","-0.001157","93","0.215054","0.221203","0.232233","-0.00615","93","0.747057"
"boss","type_site","type;site","shape","795","4","0.81761","0.799421","0.810063","0.018189","0","0.518146","0.425967","0.463937","0.092179","0","0.747057"
"boss","type_site","type;site","direction","795","4","0.755975","0.755975","0.755975","0","100","0.215258","0.215258","0.215258","0","100","0.747057"
"boss","type_site","type;site","edge_frame","795","4","0.734591","0.731031","0.73717","0.00356","30","0.237326","0.223831","0.242943","0.013495","17","0.747057"
"boss","type_site","type;site","length_type_site","795","4","0.803774","0.809233","0.825157","-0.005459","79","0.481624","0.505855","0.555219","-0.024232","82","0.747057"
"boss","type_site","type;site","material_shape","795","4","0.823899","0.795786","0.807547","0.028113","0","0.548158","0.413097","0.467365","0.135061","0","0.747057"
"boss","type_site","type;site","token_nb","795","4","0.724528","0.732553","0.740881","-0.008025","94","0.247964","0.259946","0.288109","-0.011983","77","0.747057"
"boss","material","material","majority","795","4","0.755975","0.755975","0.755975","0","100","0.215258","0.215258","0.215258","0","100","0.595308"
"boss","material","material","length","795","4","0.753459","0.755409","0.755975","-0.00195","97","0.215623","0.215845","0.215279","-0.000223","5","0.595308"
"boss","material","material","type","795","4","0.803774","0.755333","0.755975","0.04844","0","0.389698","0.215556","0.215258","0.174142","0","0.595308"
"boss","material","material","site","795","4","0.766038","0.754994","0.755975","0.011044","0","0.285617","0.215464","0.215567","0.070154","0","0.595308"
"boss","material","material","material","795","4","0.754717","0.754717","0.754717","0","100","0.215054","0.215054","0.215054","0","100","0.595308"
"boss","material","material","shape","795","4","0.81761","0.753698","0.757233","0.063912","0","0.518146","0.216733","0.232039","0.301413","0","0.595308"
"boss","material","material","direction","795","4","0.755975","0.755899","0.755975","0.000075","98","0.215258","0.215613","0.215258","-0.000355","98","0.595308"
"boss","material","material","edge_frame","795","4","0.734591","0.731283","0.738428","0.003308","35","0.237326","0.225189","0.252795","0.012137","22","0.595308"
"boss","material","material","length_type_site","795","4","0.803774","0.741648","0.750943","0.062126","0","0.481624","0.222532","0.243806","0.259092","0","0.595308"
"boss","material","material","material_shape","795","4","0.823899","0.751799","0.754717","0.072101","0","0.548158","0.216778","0.231562","0.33138","0","0.595308"
"boss","material","material","token_nb","795","4","0.724528","0.727761","0.738365","-0.003233","75","0.247964","0.227611","0.248083","0.020352","6","0.595308"
"boss","shape","shape","majority","795","4","0.755975","0.755975","0.755975","0","100","0.215258","0.215258","0.215258","0","100","0.71239"
"boss","shape","shape","length","795","4","0.753459","0.753057","0.755975","0.000403","57","0.215623","0.215423","0.215478","0.000199","5","0.71239"
"boss","shape","shape","type","795","4","0.803774","0.799572","0.803774","0.004201","17","0.389698","0.391614","0.426886","-0.001916","11","0.71239"
"boss","shape","shape","site","795","4","0.766038","0.756415","0.758491","0.009623","0","0.285617","0.223031","0.235175","0.062587","0","0.71239"
"boss","shape","shape","material","795","4","0.754717","0.756679","0.758491","-0.001962","96","0.215054","0.224177","0.232233","-0.009123","96","0.71239"
"boss","shape","shape","shape","795","4","0.81761","0.81761","0.81761","0","100","0.518146","0.518146","0.518146","0","100","0.71239"
"boss","shape","shape","direction","795","4","0.755975","0.755975","0.755975","0","100","0.215258","0.215258","0.215258","0","100","0.71239"
"boss","shape","shape","edge_frame","795","4","0.734591","0.734818","0.743396","-0.000226","62","0.237326","0.229212","0.25178","0.008114","25","0.71239"
"boss","shape","shape","length_type_site","795","4","0.803774","0.78395","0.8","0.019824","1","0.481624","0.406756","0.46462","0.074868","1","0.71239"
"boss","shape","shape","material_shape","795","4","0.823899","0.813434","0.820126","0.010465","0","0.548158","0.490421","0.516588","0.057737","0","0.71239"
"boss","shape","shape","token_nb","795","4","0.724528","0.733296","0.742201","-0.008767","96","0.247964","0.268901","0.294254","-0.020938","87","0.71239"
"boss","direction","direction","majority","795","4","0.755975","0.755975","0.755975","0","100","0.215258","0.215258","0.215258","0","100","0.592566"
"boss","direction","direction","length","795","4","0.753459","0.755308","0.755975","-0.001849","96","0.215623","0.215344","0.215258","0.000279","1","0.592566"
"boss","direction","direction","type","795","4","0.803774","0.754994","0.755975","0.04878","0","0.389698","0.216322","0.216663","0.173376","0","0.592566"
"boss","direction","direction","site","795","4","0.766038","0.754956","0.755975","0.011082","0","0.285617","0.215698","0.215363","0.069919","0","0.592566"
"boss","direction","direction","material","795","4","0.754717","0.755082","0.755975","-0.000365","87","0.215054","0.215578","0.215567","-0.000524","87","0.592566"
"boss","direction","direction","shape","795","4","0.81761","0.753836","0.757233","0.063774","0","0.518146","0.21653","0.232119","0.301616","0","0.592566"
"boss","direction","direction","direction","795","4","0.755975","0.755975","0.755975","0","100","0.215258","0.215258","0.215258","0","100","0.592566"
"boss","direction","direction","edge_frame","795","4","0.734591","0.730969","0.739686","0.003623","31","0.237326","0.224174","0.247501","0.013151","16","0.592566"
"boss","direction","direction","length_type_site","795","4","0.803774","0.740969","0.749686","0.062805","0","0.481624","0.222402","0.248597","0.259221","0","0.592566"
"boss","direction","direction","material_shape","795","4","0.823899","0.752","0.756038","0.071899","0","0.548158","0.217679","0.232042","0.330479","0","0.592566"
"boss","direction","direction","token_nb","795","4","0.724528","0.72795","0.739623","-0.003421","72","0.247964","0.228157","0.251766","0.019807","8","0.592566"
"boss","length_type_site","length;type;site","majority","795","4","0.755975","0.755975","0.755975","0","100","0.215258","0.215258","0.215258","0","100","0.786428"
"boss","length_type_site","length;type;site","length","795","4","0.753459","0.753459","0.753459","0","100","0.215623","0.215623","0.215623","0","100","0.786428"
"boss","length_type_site","length;type;site","type","795","4","0.803774","0.803774","0.803774","0","100","0.389698","0.389698","0.389698","0","100","0.786428"
"boss","length_type_site","length;type;site","site","795","4","0.766038","0.766038","0.766038","0","100","0.285617","0.285617","0.285617","0","100","0.786428"
"boss","length_type_site","length;type;site","material","795","4","0.754717","0.754327","0.754717","0.00039","69","0.215054","0.21499","0.215054","0.000063","69","0.786428"
"boss","length_type_site","length;type;site","shape","795","4","0.81761","0.802164","0.811321","0.015447","0","0.518146","0.440598","0.488403","0.077548","0","0.786428"
"boss","length_type_site","length;type;site","direction","795","4","0.755975","0.755975","0.755975","0","100","0.215258","0.215258","0.215258","0","100","0.786428"
"boss","length_type_site","length;type;site","edge_frame","795","4","0.734591","0.734113","0.743396","0.000478","51","0.237326","0.235566","0.253532","0.00176","40","0.786428"
"boss","length_type_site","length;type;site","length_type_site","795","4","0.803774","0.803774","0.803774","0","100","0.481624","0.481624","0.481624","0","100","0.786428"
"boss","length_type_site","length;type;site","material_shape","795","4","0.823899","0.802566","0.812642","0.021333","0","0.548158","0.455696","0.503301","0.092462","0","0.786428"
"boss","length_type_site","length;type;site","token_nb","795","4","0.724528","0.732277","0.739686","-0.007748","97","0.247964","0.263906","0.289555","-0.015942","87","0.786428"
"boss","material_shape","material;shape","majority","795","4","0.755975","0.755975","0.755975","0","100","0.215258","0.215258","0.215258","0","100","0.725673"
"boss","material_shape","material;shape","length","795","4","0.753459","0.752528","0.755975","0.000931","45","0.215623","0.215471","0.215672","0.000151","7","0.725673"
"boss","material_shape","material;shape","type","795","4","0.803774","0.800667","0.802579","0.003107","5","0.389698","0.388831","0.389325","0.000867","1","0.725673"
"boss","material_shape","material;shape","site","795","4","0.766038","0.757333","0.758491","0.008704","0","0.285617","0.22767","0.232233","0.057948","0","0.725673"
"boss","material_shape","material;shape","material","795","4","0.754717","0.754717","0.754717","0","100","0.215054","0.215054","0.215054","0","100","0.725673"
"boss","material_shape","material;shape","shape","795","4","0.81761","0.81761","0.81761","0","100","0.518146","0.518146","0.518146","0","100","0.725673"
"boss","material_shape","material;shape","direction","795","4","0.755975","0.755975","0.755975","0","100","0.215258","0.215258","0.215258","0","100","0.725673"
"boss","material_shape","material;shape","edge_frame","795","4","0.734591","0.735912","0.745912","-0.001321","66","0.237326","0.233856","0.259198","0.003469","44","0.725673"
"boss","material_shape","material;shape","length_type_site","795","4","0.803774","0.785874","0.798742","0.017899","1","0.481624","0.407033","0.467466","0.07459","1","0.725673"
"boss","material_shape","material;shape","material_shape","795","4","0.823899","0.823899","0.823899","0","100","0.548158","0.548158","0.548158","0","100","0.725673"
"boss","material_shape","material;shape","token_nb","795","4","0.724528","0.731836","0.740881","-0.007308","86","0.247964","0.259968","0.288606","-0.012005","76","0.725673"
"boss","edge_frame","edge_frame","majority","795","4","0.755975","0.755975","0.755975","0","100","0.215258","0.215258","0.215258","0","100","0.936025"
"boss","edge_frame","edge_frame","length","795","4","0.753459","0.753459","0.753459","0","100","0.215623","0.215623","0.215623","0","100","0.936025"
"boss","edge_frame","edge_frame","type","795","4","0.803774","0.776327","0.784906","0.027447","0","0.389698","0.348159","0.365115","0.041539","0","0.936025"
"boss","edge_frame","edge_frame","site","795","4","0.766038","0.763509","0.764843","0.002528","5","0.285617","0.281016","0.285272","0.004601","5","0.936025"
"boss","edge_frame","edge_frame","material","795","4","0.754717","0.755421","0.755975","-0.000704","100","0.215054","0.215168","0.215258","-0.000114","100","0.936025"
"boss","edge_frame","edge_frame","shape","795","4","0.81761","0.787648","0.797484","0.029962","0","0.518146","0.448122","0.481592","0.070024","0","0.936025"
"boss","edge_frame","edge_frame","direction","795","4","0.755975","0.755975","0.755975","0","100","0.215258","0.215258","0.215258","0","100","0.936025"
"boss","edge_frame","edge_frame","edge_frame","795","4","0.734591","0.734591","0.734591","0","100","0.237326","0.237326","0.237326","0","100","0.936025"
"boss","edge_frame","edge_frame","length_type_site","795","4","0.803774","0.775874","0.783774","0.027899","0","0.481624","0.423261","0.445708","0.058362","0","0.936025"
"boss","edge_frame","edge_frame","material_shape","795","4","0.823899","0.797472","0.806289","0.026428","0","0.548158","0.490925","0.515533","0.057233","0","0.936025"
"boss","edge_frame","edge_frame","token_nb","795","4","0.724528","0.725849","0.729623","-0.001321","79","0.247964","0.249974","0.266752","-0.002011","57","0.936025"
"boss","hard_proxy","length;type;site;material;shape","majority","795","4","0.755975","0.755975","0.755975","0","100","0.215258","0.215258","0.215258","0","100","0.820277"
"boss","hard_proxy","length;type;site;material;shape","length","795","4","0.753459","0.753459","0.753459","0","100","0.215623","0.215623","0.215623","0","100","0.820277"
"boss","hard_proxy","length;type;site;material;shape","type","795","4","0.803774","0.803774","0.803774","0","100","0.389698","0.389698","0.389698","0","100","0.820277"
"boss","hard_proxy","length;type;site;material;shape","site","795","4","0.766038","0.766038","0.766038","0","100","0.285617","0.285617","0.285617","0","100","0.820277"
"boss","hard_proxy","length;type;site;material;shape","material","795","4","0.754717","0.754717","0.754717","0","100","0.215054","0.215054","0.215054","0","100","0.820277"
"boss","hard_proxy","length;type;site;material;shape","shape","795","4","0.81761","0.81761","0.81761","0","100","0.518146","0.518146","0.518146","0","100","0.820277"
"boss","hard_proxy","length;type;site;material;shape","direction","795","4","0.755975","0.755975","0.755975","0","100","0.215258","0.215258","0.215258","0","100","0.820277"
"boss","hard_proxy","length;type;site;material;shape","edge_frame","795","4","0.734591","0.73322","0.739686","0.001371","41","0.237326","0.233814","0.24797","0.003511","36","0.820277"
"boss","hard_proxy","length;type;site;material;shape","length_type_site","795","4","0.803774","0.803774","0.803774","0","100","0.481624","0.481624","0.481624","0","100","0.820277"
"boss","hard_proxy","length;type;site;material;shape","material_shape","795","4","0.823899","0.823899","0.823899","0","100","0.548158","0.548158","0.548158","0","100","0.820277"
"boss","hard_proxy","length;type;site;material;shape","token_nb","795","4","0.724528","0.732969","0.740881","-0.00844","95","0.247964","0.267943","0.286799","-0.019979","94","0.820277"
"type","global","none","majority","1710","6","0.578947","0.578947","0.578947","0","100","0.122222","0.122222","0.122222","0","100","0.385579"
"type","global","none","length","1710","6","0.576608","0.578064","0.580117","-0.001456","90","0.126549","0.122926","0.125891","0.003622","5","0.385579"
"type","global","none","site","1710","6","0.611111","0.576982","0.579532","0.034129","0","0.238855","0.124007","0.129047","0.114847","0","0.385579"
"type","global","none","material","1710","6","0.725731","0.578199","0.579532","0.147532","0","0.438163","0.122698","0.125766","0.315465","0","0.385579"
"type","global","none","shape","1710","6","0.808187","0.574965","0.578947","0.233222","0","0.547912","0.124438","0.130894","0.423474","0","0.385579"
"type","global","none","direction","1710","6","0.587135","0.578947","0.578947","0.008187","0","0.15278","0.122222","0.122222","0.030557","0","0.385579"
"type","global","none","edge_frame","1710","6","0.569006","0.539327","0.550351","0.029678","0","0.199605","0.14278","0.167098","0.056825","0","0.385579"
"type","global","none","material_shape","1710","6","0.896491","0.568234","0.574854","0.328257","0","0.844181","0.127156","0.135898","0.717025","0","0.385579"
"type","global","none","token_nb","1710","6","0.621637","0.545532","0.552632","0.076105","0","0.305709","0.140484","0.151991","0.165225","0","0.385579"
"type","length","length","majority","1710","6","0.578947","0.578947","0.578947","0","100","0.122222","0.122222","0.122222","0","100","0.411374"
"type","length","length","length","1710","6","0.576608","0.576608","0.576608","0","100","0.126549","0.126549","0.126549","0","100","0.411374"
"type","length","length","site","1710","6","0.611111","0.576754","0.578947","0.034357","0","0.238855","0.123492","0.128663","0.115362","0","0.411374"
"type","length","length","material","1710","6","0.725731","0.578304","0.579561","0.147427","0","0.438163","0.122647","0.125519","0.315516","0","0.411374"
"type","length","length","shape","1710","6","0.808187","0.574386","0.578392","0.233801","0","0.547912","0.126578","0.138932","0.421334","0","0.411374"
"type","length","length","direction","1710","6","0.587135","0.578947","0.578947","0.008187","0","0.15278","0.122222","0.122222","0.030557","0","0.411374"
"type","length","length","edge_frame","1710","6","0.569006","0.542684","0.555585","0.026322","0","0.199605","0.145508","0.164333","0.054097","1","0.411374"
"type","length","length","material_shape","1710","6","0.896491","0.567427","0.573129","0.329064","0","0.844181","0.13198","0.144753","0.712201","0","0.411374"
"type","length","length","token_nb","1710","6","0.621637","0.544234","0.55617","0.077404","0","0.305709","0.146554","0.159375","0.159155","0","0.411374"
"type","site","site","majority","1710","6","0.578947","0.578947","0.578947","0","100","0.122222","0.122222","0.122222","0","100","0.486848"
"type","site","site","length","1710","6","0.576608","0.578281","0.579532","-0.001673","97","0.126549","0.122686","0.125537","0.003862","4","0.486848"
"type","site","site","site","1710","6","0.611111","0.611111","0.611111","0","100","0.238855","0.238855","0.238855","0","100","0.486848"
"type","site","site","material","1710","6","0.725731","0.576708","0.584211","0.149023","0","0.438163","0.134278","0.170982","0.303885","0","0.486848"
"type","site","site","shape","1710","6","0.808187","0.576327","0.587719","0.23186","0","0.547912","0.147809","0.165843","0.400103","0","0.486848"
"type","site","site","direction","1710","6","0.587135","0.578801","0.578947","0.008333","0","0.15278","0.122202","0.122222","0.030577","0","0.486848"
"type","site","site","edge_frame","1710","6","0.569006","0.545023","0.555","0.023982","0","0.199605","0.149068","0.166816","0.050537","0","0.486848"
"type","site","site","material_shape","1710","6","0.896491","0.573678","0.586579","0.322813","0","0.844181","0.170673","0.193421","0.673508","0","0.486848"
"type","site","site","token_nb","1710","6","0.621637","0.546193","0.555556","0.075444","0","0.305709","0.154873","0.167738","0.150836","0","0.486848"
"type","material","material","majority","1710","6","0.578947","0.578947","0.578947","0","100","0.122222","0.122222","0.122222","0","100","0.578322"
"type","material","material","length","1710","6","0.576608","0.578029","0.578947","-0.001421","96","0.126549","0.122311","0.122538","0.004237","2","0.578322"
"type","material","material","site","1710","6","0.611111","0.577936","0.580731","0.033175","0","0.238855","0.126068","0.141349","0.112787","0","0.578322"
"type","material","material","material","1710","6","0.725731","0.725731","0.725731","0","100","0.438163","0.438163","0.438163","0","100","0.578322"
"type","material","material","shape","1710","6","0.808187","0.598906","0.607018","0.209281","0","0.547912","0.190244","0.199071","0.357668","0","0.578322"
"type","material","material","direction","1710","6","0.587135","0.575947","0.583041","0.011187","1","0.15278","0.129413","0.152679","0.023366","4","0.578322"
"type","material","material","edge_frame","1710","6","0.569006","0.545982","0.556754","0.023023","0","0.199605","0.164455","0.184719","0.035149","0","0.578322"
"type","material","material","material_shape","1710","6","0.896491","0.709772","0.716374","0.186719","0","0.844181","0.435653","0.472609","0.408529","0","0.578322"
"type","material","material","token_nb","1710","6","0.621637","0.553047","0.564327","0.068591","0","0.305709","0.187355","0.200559","0.118354","0","0.578322"
"type","shape","shape","majority","1710","6","0.578947","0.578947","0.578947","0","100","0.122222","0.122222","0.122222","0","100","0.764532"
"type","shape","shape","length","1710","6","0.576608","0.576936","0.578363","-0.000327","76","0.126549","0.123118","0.12535","0.00343","3","0.764532"
"type","shape","shape","site","1710","6","0.611111","0.596298","0.60117","0.014813","0","0.238855","0.222409","0.232548","0.016445","0","0.764532"
"type","shape","shape","material","1710","6","0.725731","0.638082","0.645029","0.087649","0","0.438163","0.210712","0.219329","0.227451","0","0.764532"
"type","shape","shape","shape","1710","6","0.808187","0.808187","0.808187","0","100","0.547912","0.547912","0.547912","0","100","0.764532"
"type","shape","shape","direction","1710","6","0.587135","0.579719","0.584795","0.007415","0","0.15278","0.139866","0.149918","0.012914","2","0.764532"
"type","shape","shape","edge_frame","1710","6","0.569006","0.561368","0.56962","0.007637","9","0.199605","0.163351","0.182104","0.036254","0","0.764532"
"type","shape","shape","material_shape","1710","6","0.896491","0.790994","0.801754","0.105497","0","0.844181","0.534979","0.561071","0.309203","0","0.764532"
"type","shape","shape","token_nb","1710","6","0.621637","0.590883","0.599474","0.030754","0","0.305709","0.219537","0.236223","0.086172","0","0.764532"
"type","direction","direction","majority","1710","6","0.578947","0.578947","0.578947","0","100","0.122222","0.122222","0.122222","0","100","0.395643"
"type","direction","direction","length","1710","6","0.576608","0.57824","0.579532","-0.001632","96","0.126549","0.122689","0.125532","0.00386","4","0.395643"
"type","direction","direction","site","1710","6","0.611111","0.577374","0.579561","0.033737","0","0.238855","0.124278","0.130828","0.114577","0","0.395643"
"type","direction","direction","material","1710","6","0.725731","0.578193","0.579532","0.147538","0","0.438163","0.122804","0.126626","0.315359","0","0.395643"
"type","direction","direction","shape","1710","6","0.808187","0.574526","0.578977","0.233661","0","0.547912","0.126662","0.137401","0.42125","0","0.395643"
"type","direction","direction","direction","1710","6","0.587135","0.587135","0.587135","0","100","0.15278","0.15278","0.15278","0","100","0.395643"
"type","direction","direction","edge_frame","1710","6","0.569006","0.53983","0.552047","0.029175","0","0.199605","0.142177","0.158072","0.057427","0","0.395643"
"type","direction","direction","material_shape","1710","6","0.896491","0.568257","0.576023","0.328234","0","0.844181","0.129526","0.140797","0.714656","0","0.395643"
"type","direction","direction","token_nb","1710","6","0.621637","0.545865","0.55383","0.075772","0","0.305709","0.139571","0.149351","0.166138","0","0.395643"
"type","material_shape","material;shape","majority","1710","6","0.578947","0.578947","0.578947","0","100","0.122222","0.122222","0.122222","0","100","0.893795"
"type","material_shape","material;shape","length","1710","6","0.576608","0.576906","0.578947","-0.000298","65","0.126549","0.124288","0.126954","0.00226","19","0.893795"
"type","material_shape","material;shape","site","1710","6","0.611111","0.606953","0.609942","0.004158","4","0.238855","0.232729","0.240459","0.006126","11","0.893795"
"type","material_shape","material;shape","material","1710","6","0.725731","0.725731","0.725731","0","100","0.438163","0.438163","0.438163","0","100","0.893795"
"type","material_shape","material;shape","shape","1710","6","0.808187","0.808187","0.808187","0","100","0.547912","0.547912","0.547912","0","100","0.893795"
"type","material_shape","material;shape","direction","1710","6","0.587135","0.584649","0.587135","0.002485","7","0.15278","0.149684","0.15187","0.003095","3","0.893795"
"type","material_shape","material;shape","edge_frame","1710","6","0.569006","0.567298","0.573099","0.001708","32","0.199605","0.183415","0.195478","0.01619","1","0.893795"
"type","material_shape","material;shape","material_shape","1710","6","0.896491","0.896491","0.896491","0","100","0.844181","0.844181","0.844181","0","100","0.893795"
"type","material_shape","material;shape","token_nb","1710","6","0.621637","0.605567","0.61348","0.01607","0","0.305709","0.269436","0.285259","0.036273","0","0.893795"
"type","edge_frame","edge_frame","majority","1710","6","0.578947","0.578947","0.578947","0","100","0.122222","0.122222","0.122222","0","100","0.899772"
"type","edge_frame","edge_frame","length","1710","6","0.576608","0.576608","0.576608","0","100","0.126549","0.126549","0.126549","0","100","0.899772"
"type","edge_frame","edge_frame","site","1710","6","0.611111","0.589333","0.594737","0.021778","0","0.238855","0.227605","0.231743","0.01125","0","0.899772"
"type","edge_frame","edge_frame","material","1710","6","0.725731","0.689515","0.695322","0.036216","0","0.438163","0.388229","0.39813","0.049934","0","0.899772"
"type","edge_frame","edge_frame","shape","1710","6","0.808187","0.737485","0.746813","0.070702","0","0.547912","0.487859","0.501313","0.060053","0","0.899772"
"type","edge_frame","edge_frame","direction","1710","6","0.587135","0.583643","0.58655","0.003491","3","0.15278","0.149777","0.152653","0.003002","4","0.899772"
"type","edge_frame","edge_frame","edge_frame","1710","6","0.569006","0.569006","0.569006","0","100","0.199605","0.199605","0.199605","0","100","0.899772"
"type","edge_frame","edge_frame","material_shape","1710","6","0.896491","0.80962","0.820526","0.086871","0","0.844181","0.738752","0.755125","0.105429","0","0.899772"
"type","edge_frame","edge_frame","token_nb","1710","6","0.621637","0.620181","0.626316","0.001456","38","0.305709","0.291324","0.300971","0.014385","0","0.899772"
"type","hard_proxy","length;site;material;shape","majority","1710","6","0.578947","0.578947","0.578947","0","100","0.122222","0.122222","0.122222","0","100","0.950333"
"type","hard_proxy","length;site;material;shape","length","1710","6","0.576608","0.576608","0.576608","0","100","0.126549","0.126549","0.126549","0","100","0.950333"
"type","hard_proxy","length;site;material;shape","site","1710","6","0.611111","0.611111","0.611111","0","100","0.238855","0.238855","0.238855","0","100","0.950333"
"type","hard_proxy","length;site;material;shape","material","1710","6","0.725731","0.725731","0.725731","0","100","0.438163","0.438163","0.438163","0","100","0.950333"
"type","hard_proxy","length;site;material;shape","shape","1710","6","0.808187","0.808187","0.808187","0","100","0.547912","0.547912","0.547912","0","100","0.950333"
"type","hard_proxy","length;site;material;shape","direction","1710","6","0.587135","0.585444","0.587135","0.00169","9","0.15278","0.150338","0.15278","0.002441","8","0.950333"
"type","hard_proxy","length;site;material;shape","edge_frame","1710","6","0.569006","0.568281","0.572544","0.000725","46","0.199605","0.192101","0.200496","0.007504","9","0.950333"
"type","hard_proxy","length;site;material;shape","material_shape","1710","6","0.896491","0.896491","0.896491","0","100","0.844181","0.844181","0.844181","0","100","0.950333"
"type","hard_proxy","length;site;material;shape","token_nb","1710","6","0.621637","0.613474","0.619327","0.008164","0","0.305709","0.288968","0.298182","0.016741","0","0.950333"
"horizontal_bin","global","none","majority","1682","4","0.39893","0.39893","0.39893","0","100","0.142584","0.142584","0.142584","0","100","0.32044"
"horizontal_bin","global","none","length","1682","4","0.479786","0.382705","0.415725","0.097081","0","0.323563","0.197225","0.230809","0.126338","0","0.32044"
"horizontal_bin","global","none","type","1682","4","0.463734","0.390886","0.409721","0.072848","0","0.269767","0.180118","0.220574","0.089649","0","0.32044"
"horizontal_bin","global","none","site","1682","4","0.478002","0.395874","0.408472","0.082128","0","0.269435","0.167189","0.228216","0.102247","0","0.32044"
"horizontal_bin","global","none","material","1682","4","0.422711","0.39434","0.408472","0.028371","0","0.236029","0.175779","0.210206","0.06025","0","0.32044"
"horizontal_bin","global","none","shape","1682","4","0.417955","0.39173","0.413823","0.026225","1","0.277023","0.18071","0.220409","0.096313","0","0.32044"
"horizontal_bin","global","none","direction","1682","4","0.39893","0.397628","0.40431","0.001302","87","0.142584","0.147154","0.166074","-0.00457","87","0.32044"
"horizontal_bin","global","none","edge_frame","1682","4","0.4239","0.379762","0.394233","0.044138","0","0.240879","0.196838","0.217281","0.044041","0","0.32044"
"horizontal_bin","global","none","length_type_site","1682","4","0.485731","0.383038","0.412039","0.102693","0","0.413637","0.221752","0.246501","0.191886","0","0.32044"
"horizontal_bin","global","none","material_shape","1682","4","0.471463","0.390428","0.412634","0.081034","0","0.30223","0.197037","0.222098","0.105193","0","0.32044"
"horizontal_bin","global","none","token_nb","1682","4","0.444114","0.375083","0.394798","0.069031","0","0.314026","0.231235","0.247239","0.082791","0","0.32044"
"horizontal_bin","length","length","majority","1682","4","0.39893","0.39893","0.39893","0","100","0.142584","0.142584","0.142584","0","100","0.3744"
"horizontal_bin","length","length","length","1682","4","0.479786","0.479786","0.479786","0","100","0.323563","0.323563","0.323563","0","100","0.3744"
"horizontal_bin","length","length","type","1682","4","0.463734","0.395428","0.419798","0.068306","0","0.269767","0.208341","0.240946","0.061427","0","0.3744"
"horizontal_bin","length","length","site","1682","4","0.478002","0.398983","0.419917","0.079019","0","0.269435","0.209246","0.240828","0.060189","0","0.3744"
"horizontal_bin","length","length","material","1682","4","0.422711","0.394834","0.407878","0.027878","0","0.236029","0.171006","0.224598","0.065023","0","0.3744"
"horizontal_bin","length","length","shape","1682","4","0.417955","0.383026","0.413912","0.034929","3","0.277023","0.192681","0.235648","0.084342","0","0.3744"
"horizontal_bin","length","length","direction","1682","4","0.39893","0.398835","0.39893","0.000095","99","0.142584","0.143163","0.142584","-0.000579","99","0.3744"
"horizontal_bin","length","length","edge_frame","1682","4","0.4239","0.400957","0.419293","0.022943","4","0.240879","0.221676","0.251173","0.019203","10","0.3744"
"horizontal_bin","length","length","length_type_site","1682","4","0.485731","0.460488","0.481599","0.025244","3","0.413637","0.324739","0.357125","0.088898","0","0.3744"
"horizontal_bin","length","length","material_shape","1682","4","0.471463","0.387931","0.416171","0.083532","0","0.30223","0.214425","0.248226","0.087805","0","0.3744"
"horizontal_bin","length","length","token_nb","1682","4","0.444114","0.394501","0.416766","0.049614","0","0.314026","0.26334","0.285145","0.050686","0","0.3744"
"horizontal_bin","type","type","majority","1682","4","0.39893","0.39893","0.39893","0","100","0.142584","0.142584","0.142584","0","100","0.383698"
"horizontal_bin","type","type","length","1682","4","0.479786","0.399732","0.429994","0.080054","0","0.323563","0.216669","0.241006","0.106894","0","0.383698"
"horizontal_bin","type","type","type","1682","4","0.463734","0.463734","0.463734","0","100","0.269767","0.269767","0.269767","0","100","0.383698"
"horizontal_bin","type","type","site","1682","4","0.478002","0.435208","0.451902","0.042794","0","0.269435","0.246502","0.256487","0.022933","2","0.383698"
"horizontal_bin","type","type","material","1682","4","0.422711","0.398187","0.421552","0.024524","4","0.236029","0.191893","0.240413","0.044136","17","0.383698"
"horizontal_bin","type","type","shape","1682","4","0.417955","0.438044","0.450684","-0.020089","94","0.277023","0.283146","0.323214","-0.006123","54","0.383698"
"horizontal_bin","type","type","direction","1682","4","0.39893","0.398948","0.39893","-0.000018","100","0.142584","0.142778","0.142584","-0.000194","100","0.383698"
"horizontal_bin","type","type","edge_frame","1682","4","0.4239","0.389851","0.407878","0.034049","0","0.240879","0.217889","0.246501","0.02299","8","0.383698"
"horizontal_bin","type","type","length_type_site","1682","4","0.485731","0.427503","0.457937","0.058228","0","0.413637","0.299679","0.357589","0.113958","0","0.383698"
"horizontal_bin","type","type","material_shape","1682","4","0.471463","0.438347","0.456034","0.033115","0","0.30223","0.291496","0.328389","0.010734","33","0.383698"
"horizontal_bin","type","type","token_nb","1682","4","0.444114","0.393644","0.416825","0.05047","0","0.314026","0.262979","0.286435","0.051047","0","0.383698"
"horizontal_bin","site","site","majority","1682","4","0.39893","0.39893","0.39893","0","100","0.142584","0.142584","0.142584","0","100","0.363692"
"horizontal_bin","site","site","length","1682","4","0.479786","0.396831","0.425178","0.082955","0","0.323563","0.209402","0.238624","0.114161","0","0.363692"
"horizontal_bin","site","site","type","1682","4","0.463734","0.424221","0.439388","0.039512","0","0.269767","0.236498","0.24742","0.033269","0","0.363692"
"horizontal_bin","site","site","site","1682","4","0.478002","0.478002","0.478002","0","100","0.269435","0.269435","0.269435","0","100","0.363692"
"horizontal_bin","site","site","material","1682","4","0.422711","0.400178","0.42396","0.022533","6","0.236029","0.205117","0.233326","0.030911","2","0.363692"
"horizontal_bin","site","site","shape","1682","4","0.417955","0.418472","0.433413","-0.000517","58","0.277023","0.240393","0.255878","0.036629","0","0.363692"
"horizontal_bin","site","site","direction","1682","4","0.39893","0.398811","0.39893","0.000119","99","0.142584","0.142962","0.142584","-0.000378","99","0.363692"
"horizontal_bin","site","site","edge_frame","1682","4","0.4239","0.383597","0.399524","0.040303","0","0.240879","0.202496","0.221866","0.038383","0","0.363692"
"horizontal_bin","site","site","length_type_site","1682","4","0.485731","0.448537","0.46852","0.037194","0","0.413637","0.274047","0.305329","0.13959","0","0.363692"
"horizontal_bin","site","site","material_shape","1682","4","0.471463","0.416159","0.439477","0.055303","0","0.30223","0.250543","0.276342","0.051687","0","0.363692"
"horizontal_bin","site","site","token_nb","1682","4","0.444114","0.380856","0.398365","0.063258","0","0.314026","0.238152","0.255276","0.075874","0","0.363692"
"horizontal_bin","type_site","type;site","majority","1682","4","0.39893","0.39893","0.39893","0","100","0.142584","0.142584","0.142584","0","100","0.416724"
"horizontal_bin","type_site","type;site","length","1682","4","0.479786","0.413365","0.436385","0.066421","0","0.323563","0.226005","0.250584","0.097558","0","0.416724"
"horizontal_bin","type_site","type;site","type","1682","4","0.463734","0.463734","0.463734","0","100","0.269767","0.269767","0.269767","0","100","0.416724"
"horizontal_bin","type_site","type;site","site","1682","4","0.478002","0.478002","0.478002","0","100","0.269435","0.269435","0.269435","0","100","0.416724"
"horizontal_bin","type_site","type;site","material","1682","4","0.422711","0.390737","0.422146","0.031974","5","0.236029","0.203762","0.241547","0.032267","44","0.416724"
"horizontal_bin","type_site","type;site","shape","1682","4","0.417955","0.436266","0.447741","-0.018312","92","0.277023","0.278389","0.314072","-0.001366","52","0.416724"
"horizontal_bin","type_site","type;site","direction","1682","4","0.39893","0.39893","0.39893","0","100","0.142584","0.142584","0.142584","0","100","0.416724"
"horizontal_bin","type_site","type;site","edge_frame","1682","4","0.4239","0.390725","0.406718","0.033175","0","0.240879","0.215702","0.240378","0.025177","5","0.416724"
"horizontal_bin","type_site","type;site","length_type_site","1682","4","0.485731","0.458615","0.482848","0.027117","4","0.413637","0.323122","0.378049","0.090515","0","0.416724"
"horizontal_bin","type_site","type;site","material_shape","1682","4","0.471463","0.44321","0.457848","0.028252","0","0.30223","0.294535","0.329042","0.007695","34","0.416724"
"horizontal_bin","type_site","type;site","token_nb","1682","4","0.444114","0.396706","0.418549","0.047408","0","0.314026","0.265092","0.288116","0.048934","0","0.416724"
"horizontal_bin","material","material","majority","1682","4","0.39893","0.39893","0.39893","0","100","0.142584","0.142584","0.142584","0","100","0.34591"
"horizontal_bin","material","material","length","1682","4","0.479786","0.390488","0.419203","0.089298","0","0.323563","0.202536","0.232561","0.121027","0","0.34591"
"horizontal_bin","material","material","type","1682","4","0.463734","0.389982","0.425684","0.073751","0","0.269767","0.21045","0.249533","0.059317","0","0.34591"
"horizontal_bin","material","material","site","1682","4","0.478002","0.399804","0.419144","0.078199","0","0.269435","0.204503","0.239709","0.064932","0","0.34591"
"horizontal_bin","material","material","material","1682","4","0.422711","0.422711","0.422711","0","100","0.236029","0.236029","0.236029","0","100","0.34591"
"horizontal_bin","material","material","shape","1682","4","0.417955","0.373092","0.410345","0.044863","1","0.277023","0.18998","0.249444","0.087043","0","0.34591"
"horizontal_bin","material","material","direction","1682","4","0.39893","0.398008","0.39893","0.000922","94","0.142584","0.142551","0.142584","0.000033","94","0.34591"
"horizontal_bin","material","material","edge_frame","1682","4","0.4239","0.381379","0.396581","0.042521","0","0.240879","0.198425","0.216972","0.042454","0","0.34591"
"horizontal_bin","material","material","length_type_site","1682","4","0.485731","0.391801","0.427021","0.09393","0","0.413637","0.236768","0.264881","0.17687","0","0.34591"
"horizontal_bin","material","material","material_shape","1682","4","0.471463","0.393454","0.426338","0.078008","0","0.30223","0.236828","0.275674","0.065401","0","0.34591"
"horizontal_bin","material","material","token_nb","1682","4","0.444114","0.37365","0.395392","0.070464","0","0.314026","0.231099","0.247753","0.082927","0","0.34591"
"horizontal_bin","shape","shape","majority","1682","4","0.39893","0.39893","0.39893","0","100","0.142584","0.142584","0.142584","0","100","0.369417"
"horizontal_bin","shape","shape","length","1682","4","0.479786","0.390547","0.418609","0.089239","0","0.323563","0.200227","0.230268","0.123336","0","0.369417"
"horizontal_bin","shape","shape","type","1682","4","0.463734","0.427967","0.436474","0.035767","0","0.269767","0.246311","0.258657","0.023456","0","0.369417"
"horizontal_bin","shape","shape","site","1682","4","0.478002","0.405612","0.4239","0.07239","0","0.269435","0.217821","0.242874","0.051615","0","0.369417"
"horizontal_bin","shape","shape","material","1682","4","0.422711","0.386159","0.411415","0.036552","0","0.236029","0.186595","0.229779","0.049434","0","0.369417"
"horizontal_bin","shape","shape","shape","1682","4","0.417955","0.417955","0.417955","0","100","0.277023","0.277023","0.277023","0","100","0.369417"
"horizontal_bin","shape","shape","direction","1682","4","0.39893","0.39896","0.39893","-0.00003","100","0.142584","0.14295","0.142584","-0.000366","100","0.369417"
"horizontal_bin","shape","shape","edge_frame","1682","4","0.4239","0.382081","0.401338","0.041819","0","0.240879","0.204608","0.227603","0.036271","0","0.369417"
"horizontal_bin","shape","shape","length_type_site","1682","4","0.485731","0.401956","0.436445","0.083775","0","0.413637","0.261042","0.298562","0.152595","0","0.369417"
"horizontal_bin","shape","shape","material_shape","1682","4","0.471463","0.426968","0.444144","0.044495","0","0.30223","0.302925","0.341306","-0.000696","48","0.369417"
"horizontal_bin","shape","shape","token_nb","1682","4","0.444114","0.379792","0.398365","0.064322","0","0.314026","0.242996","0.257566","0.07103","0","0.369417"
"horizontal_bin","direction","direction","majority","1682","4","0.39893","0.39893","0.39893","0","100","0.142584","0.142584","0.142584","0","100","0.33019"
"horizontal_bin","direction","direction","length","1682","4","0.479786","0.387687","0.417955","0.092099","0","0.323563","0.200699","0.234786","0.122864","0","0.33019"
"horizontal_bin","direction","direction","type","1682","4","0.463734","0.394191","0.41201","0.069542","0","0.269767","0.182922","0.227559","0.086845","0","0.33019"
"horizontal_bin","direction","direction","site","1682","4","0.478002","0.393734","0.409661","0.084269","0","0.269435","0.165004","0.23032","0.104431","0","0.33019"
"horizontal_bin","direction","direction","material","1682","4","0.422711","0.388603","0.409096","0.034108","0","0.236029","0.166717","0.212018","0.069312","0","0.33019"
"horizontal_bin","direction","direction","shape","1682","4","0.417955","0.388674","0.411445","0.029281","0","0.277023","0.181866","0.225685","0.095157","0","0.33019"
"horizontal_bin","direction","direction","direction","1682","4","0.39893","0.39893","0.39893","0","100","0.142584","0.142584","0.142584","0","100","0.33019"
"horizontal_bin","direction","direction","edge_frame","1682","4","0.4239","0.382229","0.399584","0.041671","0","0.240879","0.19923","0.221279","0.041649","0","0.33019"
"horizontal_bin","direction","direction","length_type_site","1682","4","0.485731","0.384215","0.416795","0.101516","0","0.413637","0.223742","0.250427","0.189896","0","0.33019"
"horizontal_bin","direction","direction","material_shape","1682","4","0.471463","0.386635","0.410226","0.084828","0","0.30223","0.201831","0.235873","0.100399","0","0.33019"
"horizontal_bin","direction","direction","token_nb","1682","4","0.444114","0.372901","0.393579","0.071213","0","0.314026","0.230437","0.244952","0.083589","0","0.33019"
"horizontal_bin","length_type_site","length;type;site","majority","1682","4","0.39893","0.39893","0.39893","0","100","0.142584","0.142584","0.142584","0","100","0.489067"
"horizontal_bin","length_type_site","length;type;site","length","1682","4","0.479786","0.479786","0.479786","0","100","0.323563","0.323563","0.323563","0","100","0.489067"
"horizontal_bin","length_type_site","length;type;site","type","1682","4","0.463734","0.463734","0.463734","0","100","0.269767","0.269767","0.269767","0","100","0.489067"
"horizontal_bin","length_type_site","length;type;site","site","1682","4","0.478002","0.478002","0.478002","0","100","0.269435","0.269435","0.269435","0","100","0.489067"
"horizontal_bin","length_type_site","length;type;site","material","1682","4","0.422711","0.395452","0.42393","0.027259","9","0.236029","0.218662","0.242661","0.017367","56","0.489067"
"horizontal_bin","length_type_site","length;type;site","shape","1682","4","0.417955","0.433151","0.445422","-0.015196","88","0.277023","0.286281","0.330118","-0.009258","58","0.489067"
"horizontal_bin","length_type_site","length;type;site","direction","1682","4","0.39893","0.39893","0.39893","0","100","0.142584","0.142584","0.142584","0","100","0.489067"
"horizontal_bin","length_type_site","length;type;site","edge_frame","1682","4","0.4239","0.40327","0.420957","0.02063","0","0.240879","0.229636","0.254185","0.011243","22","0.489067"
"horizontal_bin","length_type_site","length;type;site","length_type_site","1682","4","0.485731","0.485731","0.485731","0","100","0.413637","0.413637","0.413637","0","100","0.489067"
"horizontal_bin","length_type_site","length;type;site","material_shape","1682","4","0.471463","0.442687","0.462039","0.028775","0","0.30223","0.298638","0.33871","0.003591","44","0.489067"
"horizontal_bin","length_type_site","length;type;site","token_nb","1682","4","0.444114","0.421011","0.444144","0.023103","6","0.314026","0.300477","0.322059","0.013549","16","0.489067"
"horizontal_bin","material_shape","material;shape","majority","1682","4","0.39893","0.39893","0.39893","0","100","0.142584","0.142584","0.142584","0","100","0.412866"
"horizontal_bin","material_shape","material;shape","length","1682","4","0.479786","0.407402","0.428686","0.072384","0","0.323563","0.221938","0.240322","0.101625","0","0.412866"
"horizontal_bin","material_shape","material;shape","type","1682","4","0.463734","0.449929","0.454221","0.013805","0","0.269767","0.266884","0.273894","0.002883","27","0.412866"
"horizontal_bin","material_shape","material;shape","site","1682","4","0.478002","0.432931","0.446492","0.045071","0","0.269435","0.244489","0.25339","0.024946","0","0.412866"
"horizontal_bin","material_shape","material;shape","material","1682","4","0.422711","0.422711","0.422711","0","100","0.236029","0.236029","0.236029","0","100","0.412866"
"horizontal_bin","material_shape","material;shape","shape","1682","4","0.417955","0.417955","0.417955","0","100","0.277023","0.277023","0.277023","0","100","0.412866"
"horizontal_bin","material_shape","material;shape","direction","1682","4","0.39893","0.398781","0.39893","0.000149","99","0.142584","0.142561","0.142584","0.000023","99","0.412866"
"horizontal_bin","material_shape","material;shape","edge_frame","1682","4","0.4239","0.387533","0.402021","0.036367","0","0.240879","0.209752","0.231733","0.031127","1","0.412866"
"horizontal_bin","material_shape","material;shape","length_type_site","1682","4","0.485731","0.42082","0.447771","0.064911","0","0.413637","0.281358","0.321422","0.132279","0","0.412866"
"horizontal_bin","material_shape","material;shape","material_shape","1682","4","0.471463","0.471463","0.471463","0","100","0.30223","0.30223","0.30223","0","100","0.412866"
"horizontal_bin","material_shape","material;shape","token_nb","1682","4","0.444114","0.388561","0.411445","0.055553","0","0.314026","0.251918","0.269915","0.062108","0","0.412866"
"horizontal_bin","edge_frame","edge_frame","majority","1682","4","0.39893","0.39893","0.39893","0","100","0.142584","0.142584","0.142584","0","100","0.866463"
"horizontal_bin","edge_frame","edge_frame","length","1682","4","0.479786","0.479786","0.479786","0","100","0.323563","0.323563","0.323563","0","100","0.866463"
"horizontal_bin","edge_frame","edge_frame","type","1682","4","0.463734","0.453817","0.458977","0.009917","1","0.269767","0.25898","0.26582","0.010788","0","0.866463"
"horizontal_bin","edge_frame","edge_frame","site","1682","4","0.478002","0.461326","0.469679","0.016677","0","0.269435","0.260084","0.264751","0.009351","0","0.866463"
"horizontal_bin","edge_frame","edge_frame","material","1682","4","0.422711","0.383561","0.419768","0.03915","1","0.236029","0.190685","0.231242","0.045343","1","0.866463"
"horizontal_bin","edge_frame","edge_frame","shape","1682","4","0.417955","0.428127","0.438169","-0.010172","92","0.277023","0.280232","0.306384","-0.003209","64","0.866463"
"horizontal_bin","edge_frame","edge_frame","direction","1682","4","0.39893","0.39893","0.39893","0","100","0.142584","0.142584","0.142584","0","100","0.866463"
"horizontal_bin","edge_frame","edge_frame","edge_frame","1682","4","0.4239","0.4239","0.4239","0","100","0.240879","0.240879","0.240879","0","100","0.866463"
"horizontal_bin","edge_frame","edge_frame","length_type_site","1682","4","0.485731","0.480499","0.499405","0.005232","47","0.413637","0.413457","0.447272","0.000181","51","0.866463"
"horizontal_bin","edge_frame","edge_frame","material_shape","1682","4","0.471463","0.450868","0.463169","0.020595","0","0.30223","0.302409","0.329607","-0.000179","54","0.866463"
"horizontal_bin","edge_frame","edge_frame","token_nb","1682","4","0.444114","0.429994","0.442331","0.01412","1","0.314026","0.304281","0.313915","0.009745","5","0.866463"
"horizontal_bin","hard_proxy","length;type;site;material;shape;direction","majority","1682","4","0.39893","0.39893","0.39893","0","100","0.142584","0.142584","0.142584","0","100","0.591356"
"horizontal_bin","hard_proxy","length;type;site;material;shape;direction","length","1682","4","0.479786","0.479786","0.479786","0","100","0.323563","0.323563","0.323563","0","100","0.591356"
"horizontal_bin","hard_proxy","length;type;site;material;shape;direction","type","1682","4","0.463734","0.463734","0.463734","0","100","0.269767","0.269767","0.269767","0","100","0.591356"
"horizontal_bin","hard_proxy","length;type;site;material;shape;direction","site","1682","4","0.478002","0.478002","0.478002","0","100","0.269435","0.269435","0.269435","0","100","0.591356"
"horizontal_bin","hard_proxy","length;type;site;material;shape;direction","material","1682","4","0.422711","0.422711","0.422711","0","100","0.236029","0.236029","0.236029","0","100","0.591356"
"horizontal_bin","hard_proxy","length;type;site;material;shape;direction","shape","1682","4","0.417955","0.417955","0.417955","0","100","0.277023","0.277023","0.277023","0","100","0.591356"
"horizontal_bin","hard_proxy","length;type;site;material;shape;direction","direction","1682","4","0.39893","0.39893","0.39893","0","100","0.142584","0.142584","0.142584","0","100","0.591356"
"horizontal_bin","hard_proxy","length;type;site;material;shape;direction","edge_frame","1682","4","0.4239","0.407402","0.42393","0.016498","6","0.240879","0.232814","0.253771","0.008065","26","0.591356"
"horizontal_bin","hard_proxy","length;type;site;material;shape;direction","length_type_site","1682","4","0.485731","0.485731","0.485731","0","100","0.413637","0.413637","0.413637","0","100","0.591356"
"horizontal_bin","hard_proxy","length;type;site;material;shape;direction","material_shape","1682","4","0.471463","0.471463","0.471463","0","100","0.30223","0.30223","0.30223","0","100","0.591356"
"horizontal_bin","hard_proxy","length;type;site;material;shape;direction","token_nb","1682","4","0.444114","0.429851","0.451843","0.014263","11","0.314026","0.30975","0.331369","0.004276","37","0.591356"
"vertical_bin","global","none","majority","1609","4","0.356122","0.356122","0.356122","0","100","0.131302","0.131302","0.131302","0","100","0.272846"
"vertical_bin","global","none","length","1609","4","0.386576","0.347595","0.361094","0.038981","0","0.266937","0.160058","0.207624","0.106878","0","0.272846"
"vertical_bin","global","none","type","1609","4","0.623369","0.349571","0.359851","0.273797","0","0.504473","0.151654","0.18859","0.352819","0","0.272846"
"vertical_bin","global","none","site","1609","4","0.473586","0.35092","0.358639","0.122666","0","0.33133","0.14572","0.167495","0.185609","0","0.272846"
"vertical_bin","global","none","material","1609","4","0.443132","0.349149","0.361746","0.093984","0","0.328816","0.149279","0.184971","0.179538","0","0.272846"
"vertical_bin","global","none","shape","1609","4","0.569919","0.34821","0.361715","0.221709","0","0.439571","0.157314","0.180184","0.282257","0","0.272846"
"vertical_bin","global","none","direction","1609","4","0.372281","0.354848","0.35926","0.017433","0","0.180971","0.136122","0.156356","0.044849","0","0.272846"
"vertical_bin","global","none","edge_frame","1609","4","0.357986","0.330211","0.346271","0.027775","1","0.234146","0.196872","0.218677","0.037274","1","0.272846"
"vertical_bin","global","none","length_type_site","1609","4","0.627098","0.3156","0.350031","0.311498","0","0.562599","0.210159","0.242322","0.352441","0","0.272846"
"vertical_bin","global","none","material_shape","1609","4","0.597265","0.337825","0.356743","0.259441","0","0.475754","0.184431","0.21394","0.291322","0","0.272846"
"vertical_bin","global","none","token_nb","1609","4","0.465507","0.317713","0.337539","0.147794","0","0.430971","0.230713","0.251452","0.200258","0","0.272846"
"vertical_bin","length","length","majority","1609","4","0.356122","0.356122","0.356122","0","100","0.131302","0.131302","0.131302","0","100","0.309758"
"vertical_bin","length","length","length","1609","4","0.386576","0.386576","0.386576","0","100","0.266937","0.266937","0.266937","0","100","0.309758"
"vertical_bin","length","length","type","1609","4","0.623369","0.349888","0.366718","0.27348","0","0.504473","0.167112","0.210554","0.33736","0","0.309758"
"vertical_bin","length","length","site","1609","4","0.473586","0.347812","0.361715","0.125774","0","0.33133","0.147507","0.171065","0.183823","0","0.309758"
"vertical_bin","length","length","material","1609","4","0.443132","0.348968","0.363642","0.094164","0","0.328816","0.157069","0.192299","0.171747","0","0.309758"
"vertical_bin","length","length","shape","1609","4","0.569919","0.350367","0.364885","0.219553","0","0.439571","0.172008","0.216528","0.267563","0","0.309758"
"vertical_bin","length","length","direction","1609","4","0.372281","0.355879","0.361746","0.016401","0","0.180971","0.147118","0.165433","0.033852","0","0.309758"
"vertical_bin","length","length","edge_frame","1609","4","0.357986","0.33353","0.351771","0.024456","1","0.234146","0.20075","0.220107","0.033396","1","0.309758"
"vertical_bin","length","length","length_type_site","1609","4","0.627098","0.360019","0.388626","0.267079","0","0.562599","0.300133","0.335798","0.262466","0","0.309758"
"vertical_bin","length","length","material_shape","1609","4","0.597265","0.341697","0.364885","0.255569","0","0.475754","0.193835","0.22658","0.281918","0","0.309758"
"vertical_bin","length","length","token_nb","1609","4","0.465507","0.32371","0.341206","0.141796","0","0.430971","0.251766","0.272151","0.179205","0","0.309758"
"vertical_bin","type","type","majority","1609","4","0.356122","0.356122","0.356122","0","100","0.131302","0.131302","0.131302","0","100","0.51133"
"vertical_bin","type","type","length","1609","4","0.386576","0.345345","0.367309","0.041231","0","0.266937","0.176096","0.233636","0.090841","1","0.51133"
"vertical_bin","type","type","type","1609","4","0.623369","0.623369","0.623369","0","100","0.504473","0.504473","0.504473","0","100","0.51133"
"vertical_bin","type","type","site","1609","4","0.473586","0.452244","0.464326","0.021342","0","0.33133","0.317788","0.336297","0.013542","9","0.51133"
"vertical_bin","type","type","material","1609","4","0.443132","0.423499","0.436948","0.019633","2","0.328816","0.29983","0.316998","0.028986","0","0.51133"
"vertical_bin","type","type","shape","1609","4","0.569919","0.555898","0.564947","0.014021","0","0.439571","0.428322","0.442942","0.011249","13","0.51133"
"vertical_bin","type","type","direction","1609","4","0.372281","0.366625","0.371069","0.005656","2","0.180971","0.172791","0.180818","0.008179","5","0.51133"
"vertical_bin","type","type","edge_frame","1609","4","0.357986","0.354114","0.369826","0.003872","35","0.234146","0.232501","0.252221","0.001646","44","0.51133"
"vertical_bin","type","type","length_type_site","1609","4","0.627098","0.588782","0.604723","0.038316","0","0.562599","0.489702","0.521448","0.072897","0","0.51133"
"vertical_bin","type","type","material_shape","1609","4","0.597265","0.564021","0.57862","0.033244","0","0.475754","0.442188","0.460643","0.033565","0","0.51133"
"vertical_bin","type","type","token_nb","1609","4","0.465507","0.401765","0.417713","0.063741","0","0.430971","0.347451","0.369236","0.08352","0","0.51133"
"vertical_bin","site","site","majority","1609","4","0.356122","0.356122","0.356122","0","100","0.131302","0.131302","0.131302","0","100","0.354661"
"vertical_bin","site","site","length","1609","4","0.386576","0.348216","0.368583","0.038359","0","0.266937","0.168085","0.209122","0.098851","0","0.354661"
"vertical_bin","site","site","type","1609","4","0.623369","0.40532","0.420199","0.218048","0","0.504473","0.266653","0.309426","0.23782","0","0.354661"
"vertical_bin","site","site","site","1609","4","0.473586","0.473586","0.473586","0","100","0.33133","0.33133","0.33133","0","100","0.354661"
"vertical_bin","site","site","material","1609","4","0.443132","0.374686","0.389776","0.068446","0","0.328816","0.233285","0.268446","0.095531","0","0.354661"
"vertical_bin","site","site","shape","1609","4","0.569919","0.379105","0.397794","0.190814","0","0.439571","0.25762","0.288069","0.181951","0","0.354661"
"vertical_bin","site","site","direction","1609","4","0.372281","0.357185","0.364201","0.015096","0","0.180971","0.155","0.171793","0.025971","0","0.354661"
"vertical_bin","site","site","edge_frame","1609","4","0.357986","0.337601","0.352424","0.020385","2","0.234146","0.206264","0.227105","0.027882","1","0.354661"
"vertical_bin","site","site","length_type_site","1609","4","0.627098","0.439938","0.459323","0.18716","0","0.562599","0.335658","0.358951","0.226941","0","0.354661"
"vertical_bin","site","site","material_shape","1609","4","0.597265","0.381585","0.404723","0.215681","0","0.475754","0.268634","0.299978","0.20712","0","0.354661"
"vertical_bin","site","site","token_nb","1609","4","0.465507","0.325923","0.348726","0.139584","0","0.430971","0.25498","0.277749","0.175991","0","0.354661"
"vertical_bin","type_site","type;site","majority","1609","4","0.356122","0.356122","0.356122","0","100","0.131302","0.131302","0.131302","0","100","0.542952"
"vertical_bin","type_site","type;site","length","1609","4","0.386576","0.338564","0.364295","0.048011","0","0.266937","0.177051","0.232303","0.089885","0","0.542952"
"vertical_bin","type_site","type;site","type","1609","4","0.623369","0.623369","0.623369","0","100","0.504473","0.504473","0.504473","0","100","0.542952"
"vertical_bin","type_site","type;site","site","1609","4","0.473586","0.473586","0.473586","0","100","0.33133","0.33133","0.33133","0","100","0.542952"
"vertical_bin","type_site","type;site","material","1609","4","0.443132","0.430808","0.443163","0.012324","6","0.328816","0.311139","0.325191","0.017677","1","0.542952"
"vertical_bin","type_site","type;site","shape","1609","4","0.569919","0.558819","0.567433","0.0111","3","0.439571","0.427369","0.437","0.012202","2","0.542952"
"vertical_bin","type_site","type;site","direction","1609","4","0.372281","0.369043","0.372902","0.003238","9","0.180971","0.178602","0.184004","0.002369","27","0.542952"
"vertical_bin","type_site","type;site","edge_frame","1609","4","0.357986","0.352505","0.366718","0.005482","31","0.234146","0.230832","0.249287","0.003314","43","0.542952"
"vertical_bin","type_site","type;site","length_type_site","1609","4","0.627098","0.609857","0.622126","0.017241","0","0.562599","0.513741","0.53415","0.048858","0","0.542952"
"vertical_bin","type_site","type;site","material_shape","1609","4","0.597265","0.571386","0.583002","0.025879","0","0.475754","0.448132","0.462948","0.027622","1","0.542952"
"vertical_bin","type_site","type;site","token_nb","1609","4","0.465507","0.408633","0.424487","0.056874","0","0.430971","0.353011","0.369503","0.07796","0","0.542952"
"vertical_bin","material","material","majority","1609","4","0.356122","0.356122","0.356122","0","100","0.131302","0.131302","0.131302","0","100","0.324525"
"vertical_bin","material","material","length","1609","4","0.386576","0.348334","0.366718","0.038241","0","0.266937","0.163635","0.203228","0.103302","0","0.324525"
"vertical_bin","material","material","type","1609","4","0.623369","0.409459","0.418272","0.213909","0","0.504473","0.257072","0.295043","0.2474","0","0.324525"
"vertical_bin","material","material","site","1609","4","0.473586","0.357054","0.377284","0.116532","0","0.33133","0.204621","0.231774","0.126709","0","0.324525"
"vertical_bin","material","material","material","1609","4","0.443132","0.443132","0.443132","0","100","0.328816","0.328816","0.328816","0","100","0.324525"
"vertical_bin","material","material","shape","1609","4","0.569919","0.364052","0.382256","0.205867","0","0.439571","0.213807","0.255644","0.225764","0","0.324525"
"vertical_bin","material","material","direction","1609","4","0.372281","0.359447","0.366718","0.012834","0","0.180971","0.154486","0.165927","0.026485","0","0.324525"
"vertical_bin","material","material","edge_frame","1609","4","0.357986","0.335103","0.351181","0.022884","1","0.234146","0.203146","0.221894","0.031001","1","0.324525"
"vertical_bin","material","material","length_type_site","1609","4","0.627098","0.374046","0.399658","0.253052","0","0.562599","0.277352","0.306694","0.285247","0","0.324525"
"vertical_bin","material","material","material_shape","1609","4","0.597265","0.424984","0.435115","0.172281","0","0.475754","0.310287","0.328909","0.165467","0","0.324525"
"vertical_bin","material","material","token_nb","1609","4","0.465507","0.321156","0.343101","0.144351","0","0.430971","0.242727","0.264121","0.188244","0","0.324525"
"vertical_bin","shape","shape","majority","1609","4","0.356122","0.356122","0.356122","0","100","0.131302","0.131302","0.131302","0","100","0.454549"
"vertical_bin","shape","shape","length","1609","4","0.386576","0.347924","0.367961","0.038651","0","0.266937","0.183271","0.220471","0.083666","0","0.454549"
"vertical_bin","shape","shape","type","1609","4","0.623369","0.545277","0.556246","0.078092","0","0.504473","0.421274","0.435873","0.083199","0","0.454549"
"vertical_bin","shape","shape","site","1609","4","0.473586","0.405606","0.423275","0.06798","0","0.33133","0.264546","0.29603","0.066783","0","0.454549"
"vertical_bin","shape","shape","material","1609","4","0.443132","0.407054","0.423928","0.036078","0","0.328816","0.278835","0.31096","0.049981","0","0.454549"
"vertical_bin","shape","shape","shape","1609","4","0.569919","0.569919","0.569919","0","100","0.439571","0.439571","0.439571","0","100","0.454549"
"vertical_bin","shape","shape","direction","1609","4","0.372281","0.363884","0.369795","0.008397","0","0.180971","0.164789","0.174647","0.016182","0","0.454549"
"vertical_bin","shape","shape","edge_frame","1609","4","0.357986","0.345687","0.362989","0.0123","12","0.234146","0.216489","0.235643","0.017657","7","0.454549"
"vertical_bin","shape","shape","length_type_site","1609","4","0.627098","0.515196","0.533872","0.111902","0","0.562599","0.407671","0.439319","0.154928","0","0.454549"
"vertical_bin","shape","shape","material_shape","1609","4","0.597265","0.554027","0.566843","0.043238","0","0.475754","0.43101","0.451948","0.044744","0","0.454549"
"vertical_bin","shape","shape","token_nb","1609","4","0.465507","0.375768","0.389714","0.089739","0","0.430971","0.304241","0.321102","0.12673","0","0.454549"
"vertical_bin","direction","direction","majority","1609","4","0.356122","0.356122","0.356122","0","100","0.131302","0.131302","0.131302","0","100","0.280553"
"vertical_bin","direction","direction","length","1609","4","0.386576","0.346172","0.361715","0.040404","0","0.266937","0.157835","0.197607","0.109102","0","0.280553"
"vertical_bin","direction","direction","type","1609","4","0.623369","0.348937","0.361778","0.274431","0","0.504473","0.154817","0.195937","0.349655","0","0.280553"
"vertical_bin","direction","direction","site","1609","4","0.473586","0.351827","0.362368","0.121759","0","0.33133","0.151649","0.174288","0.179681","0","0.280553"
"vertical_bin","direction","direction","material","1609","4","0.443132","0.352791","0.364823","0.090342","0","0.328816","0.155963","0.19353","0.172853","0","0.280553"
"vertical_bin","direction","direction","shape","1609","4","0.569919","0.35074","0.361746","0.21918","0","0.439571","0.16401","0.193792","0.27556","0","0.280553"
"vertical_bin","direction","direction","direction","1609","4","0.372281","0.372281","0.372281","0","100","0.180971","0.180971","0.180971","0","100","0.280553"
"vertical_bin","direction","direction","edge_frame","1609","4","0.357986","0.332268","0.351802","0.025718","1","0.234146","0.19928","0.221663","0.034866","1","0.280553"
"vertical_bin","direction","direction","length_type_site","1609","4","0.627098","0.323965","0.351802","0.303132","0","0.562599","0.220409","0.250479","0.34219","0","0.280553"
"vertical_bin","direction","direction","material_shape","1609","4","0.597265","0.341927","0.364885","0.255339","0","0.475754","0.189071","0.222242","0.286683","0","0.280553"
"vertical_bin","direction","direction","token_nb","1609","4","0.465507","0.312585","0.333126","0.152921","0","0.430971","0.22771","0.250398","0.203261","0","0.280553"
"vertical_bin","length_type_site","length;type;site","majority","1609","4","0.356122","0.356122","0.356122","0","100","0.131302","0.131302","0.131302","0","100","0.59363"
"vertical_bin","length_type_site","length;type;site","length","1609","4","0.386576","0.386576","0.386576","0","100","0.266937","0.266937","0.266937","0","100","0.59363"
"vertical_bin","length_type_site","length;type;site","type","1609","4","0.623369","0.623369","0.623369","0","100","0.504473","0.504473","0.504473","0","100","0.59363"
"vertical_bin","length_type_site","length;type;site","site","1609","4","0.473586","0.473586","0.473586","0","100","0.33133","0.33133","0.33133","0","100","0.59363"
"vertical_bin","length_type_site","length;type;site","material","1609","4","0.443132","0.436116","0.443785","0.007017","8","0.328816","0.317142","0.327126","0.011674","4","0.59363"
"vertical_bin","length_type_site","length;type;site","shape","1609","4","0.569919","0.560218","0.566874","0.009702","0","0.439571","0.4283","0.436453","0.01127","0","0.59363"
"vertical_bin","length_type_site","length;type;site","direction","1609","4","0.372281","0.369204","0.372902","0.003076","15","0.180971","0.177202","0.183389","0.003769","27","0.59363"
"vertical_bin","length_type_site","length;type;site","edge_frame","1609","4","0.357986","0.354313","0.365475","0.003673","37","0.234146","0.227423","0.244536","0.006723","27","0.59363"
"vertical_bin","length_type_site","length;type;site","length_type_site","1609","4","0.627098","0.627098","0.627098","0","100","0.562599","0.562599","0.562599","0","100","0.59363"
"vertical_bin","length_type_site","length;type;site","material_shape","1609","4","0.597265","0.571541","0.583686","0.025724","0","0.475754","0.447789","0.464328","0.027964","0","0.59363"
"vertical_bin","length_type_site","length;type;site","token_nb","1609","4","0.465507","0.419254","0.433841","0.046252","0","0.430971","0.369126","0.385538","0.061845","0","0.59363"
"vertical_bin","material_shape","material;shape","majority","1609","4","0.356122","0.356122","0.356122","0","100","0.131302","0.131302","0.131302","0","100","0.509708"
"vertical_bin","material_shape","material;shape","length","1609","4","0.386576","0.344773","0.368552","0.041802","0","0.266937","0.187533","0.229517","0.079404","2","0.509708"
"vertical_bin","material_shape","material;shape","type","1609","4","0.623369","0.574543","0.58238","0.048825","0","0.504473","0.448597","0.458234","0.055875","0","0.509708"
"vertical_bin","material_shape","material;shape","site","1609","4","0.473586","0.43294","0.445649","0.040646","0","0.33133","0.29412","0.316962","0.037209","0","0.509708"
"vertical_bin","material_shape","material;shape","material","1609","4","0.443132","0.443132","0.443132","0","100","0.328816","0.328816","0.328816","0","100","0.509708"
"vertical_bin","material_shape","material;shape","shape","1609","4","0.569919","0.569919","0.569919","0","100","0.439571","0.439571","0.439571","0","100","0.509708"
"vertical_bin","material_shape","material;shape","direction","1609","4","0.372281","0.364966","0.369826","0.007315","0","0.180971","0.165324","0.177646","0.015646","0","0.509708"
"vertical_bin","material_shape","material;shape","edge_frame","1609","4","0.357986","0.35046","0.366066","0.007526","26","0.234146","0.223275","0.243523","0.010871","23","0.509708"
"vertical_bin","material_shape","material;shape","length_type_site","1609","4","0.627098","0.543114","0.560006","0.083984","0","0.562599","0.433086","0.460151","0.129513","0","0.509708"
"vertical_bin","material_shape","material;shape","material_shape","1609","4","0.597265","0.597265","0.597265","0","100","0.475754","0.475754","0.475754","0","100","0.509708"
"vertical_bin","material_shape","material;shape","token_nb","1609","4","0.465507","0.382169","0.402175","0.083337","0","0.430971","0.319255","0.342448","0.111716","0","0.509708"
"vertical_bin","edge_frame","edge_frame","majority","1609","4","0.356122","0.356122","0.356122","0","100","0.131302","0.131302","0.131302","0","100","0.863903"
"vertical_bin","edge_frame","edge_frame","length","1609","4","0.386576","0.386576","0.386576","0","100","0.266937","0.266937","0.266937","0","100","0.863903"
"vertical_bin","edge_frame","edge_frame","type","1609","4","0.623369","0.575594","0.583592","0.047775","0","0.504473","0.461974","0.469552","0.042499","0","0.863903"
"vertical_bin","edge_frame","edge_frame","site","1609","4","0.473586","0.451852","0.458111","0.021734","0","0.33133","0.315374","0.319884","0.015956","0","0.863903"
"vertical_bin","edge_frame","edge_frame","material","1609","4","0.443132","0.428061","0.43381","0.015071","0","0.328816","0.315181","0.320031","0.013635","0","0.863903"
"vertical_bin","edge_frame","edge_frame","shape","1609","4","0.569919","0.526656","0.537011","0.043263","0","0.439571","0.40246","0.412154","0.03711","0","0.863903"
"vertical_bin","edge_frame","edge_frame","direction","1609","4","0.372281","0.370491","0.37169","0.00179","5","0.180971","0.1784","0.181824","0.002571","6","0.863903"
"vertical_bin","edge_frame","edge_frame","edge_frame","1609","4","0.357986","0.357986","0.357986","0","100","0.234146","0.234146","0.234146","0","100","0.863903"
"vertical_bin","edge_frame","edge_frame","length_type_site","1609","4","0.627098","0.572909","0.589248","0.054189","0","0.562599","0.519207","0.538345","0.043393","0","0.863903"
"vertical_bin","edge_frame","edge_frame","material_shape","1609","4","0.597265","0.545227","0.557489","0.052039","0","0.475754","0.430526","0.44307","0.045227","0","0.863903"
"vertical_bin","edge_frame","edge_frame","token_nb","1609","4","0.465507","0.448341","0.458701","0.017166","0","0.430971","0.415663","0.424296","0.015308","1","0.863903"
"vertical_bin","hard_proxy","length;type;site;material;shape;direction","majority","1609","4","0.356122","0.356122","0.356122","0","100","0.131302","0.131302","0.131302","0","100","0.662455"
"vertical_bin","hard_proxy","length;type;site;material;shape;direction","length","1609","4","0.386576","0.386576","0.386576","0","100","0.266937","0.266937","0.266937","0","100","0.662455"
"vertical_bin","hard_proxy","length;type;site;material;shape;direction","type","1609","4","0.623369","0.623369","0.623369","0","100","0.504473","0.504473","0.504473","0","100","0.662455"
"vertical_bin","hard_proxy","length;type;site;material;shape;direction","site","1609","4","0.473586","0.473586","0.473586","0","100","0.33133","0.33133","0.33133","0","100","0.662455"
"vertical_bin","hard_proxy","length;type;site;material;shape;direction","material","1609","4","0.443132","0.443132","0.443132","0","100","0.328816","0.328816","0.328816","0","100","0.662455"
"vertical_bin","hard_proxy","length;type;site;material;shape;direction","shape","1609","4","0.569919","0.569919","0.569919","0","100","0.439571","0.439571","0.439571","0","100","0.662455"
"vertical_bin","hard_proxy","length;type;site;material;shape;direction","direction","1609","4","0.372281","0.372281","0.372281","0","100","0.180971","0.180971","0.180971","0","100","0.662455"
"vertical_bin","hard_proxy","length;type;site;material;shape;direction","edge_frame","1609","4","0.357986","0.355681","0.370447","0.002306","44","0.234146","0.228232","0.248035","0.005914","31","0.662455"
"vertical_bin","hard_proxy","length;type;site;material;shape;direction","length_type_site","1609","4","0.627098","0.627098","0.627098","0","100","0.562599","0.562599","0.562599","0","100","0.662455"
"vertical_bin","hard_proxy","length;type;site;material;shape;direction","material_shape","1609","4","0.597265","0.597265","0.597265","0","100","0.475754","0.475754","0.475754","0","100","0.662455"
"vertical_bin","hard_proxy","length;type;site;material;shape;direction","token_nb","1609","4","0.465507","0.426874","0.438222","0.038633","0","0.430971","0.375269","0.394453","0.055702","0","0.662455"
"thickness_bin","global","none","majority","844","4","0.436019","0.436019","0.436019","0","100","0.151815","0.151815","0.151815","0","100","0.349882"
"thickness_bin","global","none","length","844","4","0.492891","0.411872","0.457346","0.081019","0","0.26395","0.200324","0.244344","0.063625","1","0.349882"
"thickness_bin","global","none","type","844","4","0.558057","0.424265","0.445557","0.133791","0","0.394243","0.182947","0.228072","0.211296","0","0.349882"
"thickness_bin","global","none","site","844","4","0.56872","0.427251","0.443187","0.141469","0","0.338809","0.169263","0.1961","0.169546","0","0.349882"
"thickness_bin","global","none","material","844","4","0.490521","0.430616","0.447927","0.059905","0","0.28818","0.181813","0.221227","0.106367","0","0.349882"
"thickness_bin","global","none","shape","844","4","0.515403","0.427145","0.452607","0.088258","0","0.316715","0.186678","0.229666","0.130037","0","0.349882"
"thickness_bin","global","none","direction","844","4","0.452607","0.435083","0.442062","0.017524","0","0.181304","0.157105","0.177517","0.024199","0","0.349882"
"thickness_bin","global","none","edge_frame","844","4","0.418246","0.415557","0.433709","0.00269","45","0.203793","0.201345","0.2305","0.002448","35","0.349882"
"thickness_bin","global","none","length_type_site","844","4","0.554502","0.397666","0.443424","0.156836","0","0.416074","0.228094","0.261934","0.18798","0","0.349882"
"thickness_bin","global","none","material_shape","844","4","0.531991","0.411327","0.446742","0.120664","0","0.377156","0.204557","0.238833","0.172599","0","0.349882"
"thickness_bin","global","none","token_nb","844","4","0.482227","0.401955","0.436078","0.080273","0","0.310822","0.234062","0.259402","0.076761","0","0.349882"
"thickness_bin","length","length","majority","844","4","0.436019","0.436019","0.436019","0","100","0.151815","0.151815","0.151815","0","100","0.390498"
"thickness_bin","length","length","length","844","4","0.492891","0.492891","0.492891","0","100","0.26395","0.26395","0.26395","0","100","0.390498"
"thickness_bin","length","length","type","844","4","0.558057","0.439751","0.46564","0.118306","0","0.394243","0.213765","0.253217","0.180478","0","0.390498"
"thickness_bin","length","length","site","844","4","0.56872","0.437654","0.464573","0.131066","0","0.338809","0.220672","0.256934","0.118137","0","0.390498"
"thickness_bin","length","length","material","844","4","0.490521","0.436398","0.45859","0.054123","0","0.28818","0.201276","0.22981","0.086904","0","0.390498"
"thickness_bin","length","length","shape","844","4","0.515403","0.432251","0.454976","0.083152","0","0.316715","0.207484","0.246658","0.109232","0","0.390498"
"thickness_bin","length","length","direction","844","4","0.452607","0.437701","0.449052","0.014905","2","0.181304","0.167575","0.181597","0.01373","6","0.390498"
"thickness_bin","length","length","edge_frame","844","4","0.418246","0.417417","0.437263","0.000829","45","0.203793","0.202458","0.228154","0.001335","44","0.390498"
"thickness_bin","length","length","length_type_site","844","4","0.554502","0.457915","0.491765","0.096588","0","0.416074","0.270787","0.30955","0.145287","0","0.390498"
"thickness_bin","length","length","material_shape","844","4","0.531991","0.429597","0.459716","0.102393","0","0.377156","0.226269","0.25957","0.150887","0","0.390498"
"thickness_bin","length","length","token_nb","844","4","0.482227","0.416967","0.4516","0.065261","0","0.310822","0.244075","0.270164","0.066748","0","0.390498"
"thickness_bin","type","type","majority","844","4","0.436019","0.436019","0.436019","0","100","0.151815","0.151815","0.151815","0","100","0.443934"
"thickness_bin","type","type","length","844","4","0.492891","0.427855","0.472749","0.065036","0","0.26395","0.224093","0.255996","0.039857","1","0.443934"
"thickness_bin","type","type","type","844","4","0.558057","0.558057","0.558057","0","100","0.394243","0.394243","0.394243","0","100","0.443934"
"thickness_bin","type","type","site","844","4","0.56872","0.49532","0.514218","0.0734","0","0.338809","0.258964","0.271188","0.079845","0","0.443934"
"thickness_bin","type","type","material","844","4","0.490521","0.503116","0.515521","-0.012595","89","0.28818","0.293364","0.303933","-0.005184","82","0.443934"
"thickness_bin","type","type","shape","844","4","0.515403","0.50096","0.517832","0.014443","13","0.316715","0.291921","0.330186","0.024794","10","0.443934"
"thickness_bin","type","type","direction","844","4","0.452607","0.441363","0.451422","0.011244","3","0.181304","0.171404","0.181887","0.0099","9","0.443934"
"thickness_bin","type","type","edge_frame","844","4","0.418246","0.425877","0.444313","-0.00763","78","0.203793","0.21538","0.243158","-0.011587","74","0.443934"
"thickness_bin","type","type","length_type_site","844","4","0.554502","0.518649","0.545083","0.035853","2","0.416074","0.368046","0.397045","0.048028","1","0.443934"
"thickness_bin","type","type","material_shape","844","4","0.531991","0.507073","0.528495","0.024917","4","0.377156","0.347077","0.368938","0.030079","3","0.443934"
"thickness_bin","type","type","token_nb","844","4","0.482227","0.422761","0.447867","0.059467","0","0.310822","0.262855","0.282637","0.047967","0","0.443934"
"thickness_bin","site","site","majority","844","4","0.436019","0.436019","0.436019","0","100","0.151815","0.151815","0.151815","0","100","0.447441"
"thickness_bin","site","site","length","844","4","0.492891","0.448081","0.473934","0.04481","0","0.26395","0.240551","0.259071","0.023398","1","0.447441"
"thickness_bin","site","site","type","844","4","0.558057","0.502429","0.522512","0.055628","0","0.394243","0.265658","0.300882","0.128586","0","0.447441"
"thickness_bin","site","site","site","844","4","0.56872","0.56872","0.56872","0","100","0.338809","0.338809","0.338809","0","100","0.447441"
"thickness_bin","site","site","material","844","4","0.490521","0.480652","0.498993","0.00987","24","0.28818","0.245908","0.259088","0.042271","1","0.447441"
"thickness_bin","site","site","shape","844","4","0.515403","0.480332","0.509597","0.035071","3","0.316715","0.270302","0.298519","0.046413","0","0.447441"
"thickness_bin","site","site","direction","844","4","0.452607","0.447678","0.456161","0.004929","24","0.181304","0.178889","0.190247","0.002415","32","0.447441"
"thickness_bin","site","site","edge_frame","844","4","0.418246","0.418815","0.438389","-0.000569","54","0.203793","0.202649","0.226871","0.001144","46","0.447441"
"thickness_bin","site","site","length_type_site","844","4","0.554502","0.520853","0.554562","0.033649","6","0.416074","0.354277","0.408002","0.061797","2","0.447441"
"thickness_bin","site","site","material_shape","844","4","0.531991","0.480509","0.502429","0.051481","0","0.377156","0.287159","0.320278","0.089997","0","0.447441"
"thickness_bin","site","site","token_nb","844","4","0.482227","0.419633","0.449111","0.062595","0","0.310822","0.252621","0.275313","0.058202","0","0.447441"
"thickness_bin","type_site","type;site","majority","844","4","0.436019","0.436019","0.436019","0","100","0.151815","0.151815","0.151815","0","100","0.503886"
"thickness_bin","type_site","type;site","length","844","4","0.492891","0.445095","0.48827","0.047796","3","0.26395","0.237945","0.269502","0.026005","10","0.503886"
"thickness_bin","type_site","type;site","type","844","4","0.558057","0.558057","0.558057","0","100","0.394243","0.394243","0.394243","0","100","0.503886"
"thickness_bin","type_site","type;site","site","844","4","0.56872","0.56872","0.56872","0","100","0.338809","0.338809","0.338809","0","100","0.503886"
"thickness_bin","type_site","type;site","material","844","4","0.490521","0.512855","0.523815","-0.022334","95","0.28818","0.303491","0.312201","-0.015311","95","0.503886"
"thickness_bin","type_site","type;site","shape","844","4","0.515403","0.497701","0.514277","0.017701","5","0.316715","0.282834","0.314158","0.033882","4","0.503886"
"thickness_bin","type_site","type;site","direction","844","4","0.452607","0.450936","0.458531","0.001671","48","0.181304","0.181014","0.188416","0.00029","51","0.503886"
"thickness_bin","type_site","type;site","edge_frame","844","4","0.418246","0.424408","0.442002","-0.006161","69","0.203793","0.209243","0.236858","-0.00545","57","0.503886"
"thickness_bin","type_site","type;site","length_type_site","844","4","0.554502","0.558507","0.580569","-0.004005","65","0.416074","0.414801","0.450771","0.001273","45","0.503886"
"thickness_bin","type_site","type;site","material_shape","844","4","0.531991","0.508886","0.533294","0.023104","7","0.377156","0.345708","0.374615","0.031448","4","0.503886"
"thickness_bin","type_site","type;site","token_nb","844","4","0.482227","0.431896","0.456161","0.050332","0","0.310822","0.267371","0.288701","0.043452","1","0.503886"
"thickness_bin","material","material","majority","844","4","0.436019","0.436019","0.436019","0","100","0.151815","0.151815","0.151815","0","100","0.393827"
"thickness_bin","material","material","length","844","4","0.492891","0.414467","0.45622","0.078424","0","0.26395","0.209812","0.246655","0.054138","0","0.393827"
"thickness_bin","material","material","type","844","4","0.558057","0.503874","0.515462","0.054182","0","0.394243","0.290712","0.304016","0.103531","0","0.393827"
"thickness_bin","material","material","site","844","4","0.56872","0.453732","0.477607","0.114988","0","0.338809","0.241267","0.259511","0.097542","0","0.393827"
"thickness_bin","material","material","material","844","4","0.490521","0.490521","0.490521","0","100","0.28818","0.28818","0.28818","0","100","0.393827"
"thickness_bin","material","material","shape","844","4","0.515403","0.458246","0.485841","0.057156","0","0.316715","0.245245","0.268112","0.07147","0","0.393827"
"thickness_bin","material","material","direction","844","4","0.452607","0.439171","0.451481","0.013436","5","0.181304","0.169442","0.183839","0.011862","11","0.393827"
"thickness_bin","material","material","edge_frame","844","4","0.418246","0.418531","0.437382","-0.000284","52","0.203793","0.204397","0.230824","-0.000604","49","0.393827"
"thickness_bin","material","material","length_type_site","844","4","0.554502","0.464194","0.49295","0.090308","0","0.416074","0.278686","0.309903","0.137387","0","0.393827"
"thickness_bin","material","material","material_shape","844","4","0.531991","0.48468","0.503673","0.04731","0","0.377156","0.28572","0.312296","0.091436","0","0.393827"
"thickness_bin","material","material","token_nb","844","4","0.482227","0.407464","0.435012","0.074763","0","0.310822","0.240463","0.264147","0.070359","0","0.393827"
"thickness_bin","shape","shape","majority","844","4","0.436019","0.436019","0.436019","0","100","0.151815","0.151815","0.151815","0","100","0.428092"
"thickness_bin","shape","shape","length","844","4","0.492891","0.412678","0.45859","0.080213","0","0.26395","0.207496","0.247601","0.056454","0","0.428092"
"thickness_bin","shape","shape","type","844","4","0.558057","0.485711","0.504799","0.072346","0","0.394243","0.26792","0.325936","0.126324","0","0.428092"
"thickness_bin","shape","shape","site","844","4","0.56872","0.475012","0.494076","0.093709","0","0.338809","0.248222","0.259151","0.090587","0","0.428092"
"thickness_bin","shape","shape","material","844","4","0.490521","0.459182","0.479917","0.031339","1","0.28818","0.224497","0.251759","0.063682","1","0.428092"
"thickness_bin","shape","shape","shape","844","4","0.515403","0.515403","0.515403","0","100","0.316715","0.316715","0.316715","0","100","0.428092"
"thickness_bin","shape","shape","direction","844","4","0.452607","0.436955","0.449052","0.015652","0","0.181304","0.165974","0.182072","0.01533","7","0.428092"
"thickness_bin","shape","shape","edge_frame","844","4","0.418246","0.425344","0.447867","-0.007097","70","0.203793","0.220674","0.249677","-0.016881","83","0.428092"
"thickness_bin","shape","shape","length_type_site","844","4","0.554502","0.453839","0.486967","0.100664","0","0.416074","0.300305","0.342782","0.115769","0","0.428092"
"thickness_bin","shape","shape","material_shape","844","4","0.531991","0.497938","0.518957","0.034052","0","0.377156","0.310451","0.341519","0.066704","0","0.428092"
"thickness_bin","shape","shape","token_nb","844","4","0.482227","0.415912","0.445735","0.066315","0","0.310822","0.259873","0.288248","0.050949","0","0.428092"
"thickness_bin","direction","direction","majority","844","4","0.436019","0.436019","0.436019","0","100","0.151815","0.151815","0.151815","0","100","0.357453"
"thickness_bin","direction","direction","length","844","4","0.492891","0.419443","0.457583","0.073448","0","0.26395","0.208643","0.245442","0.055307","0","0.357453"
"thickness_bin","direction","direction","type","844","4","0.558057","0.424206","0.457464","0.133851","0","0.394243","0.190592","0.241577","0.203652","0","0.357453"
"thickness_bin","direction","direction","site","844","4","0.56872","0.429159","0.453791","0.139562","0","0.338809","0.18928","0.242043","0.149529","0","0.357453"
"thickness_bin","direction","direction","material","844","4","0.490521","0.430604","0.458649","0.059917","0","0.28818","0.1878","0.230272","0.10038","0","0.357453"
"thickness_bin","direction","direction","shape","844","4","0.515403","0.428685","0.458649","0.086718","0","0.316715","0.191132","0.2402","0.125584","0","0.357453"
"thickness_bin","direction","direction","direction","844","4","0.452607","0.452607","0.452607","0","100","0.181304","0.181304","0.181304","0","100","0.357453"
"thickness_bin","direction","direction","edge_frame","844","4","0.418246","0.416422","0.437204","0.001825","46","0.203793","0.200331","0.225668","0.003462","33","0.357453"
"thickness_bin","direction","direction","length_type_site","844","4","0.554502","0.402666","0.444491","0.151836","0","0.416074","0.229647","0.264937","0.186427","0","0.357453"
"thickness_bin","direction","direction","material_shape","844","4","0.531991","0.415344","0.453851","0.116647","0","0.377156","0.206379","0.242782","0.170777","0","0.357453"
"thickness_bin","direction","direction","token_nb","844","4","0.482227","0.39827","0.43128","0.083957","0","0.310822","0.231922","0.254765","0.0789","0","0.357453"
"thickness_bin","length_type_site","length;type;site","majority","844","4","0.436019","0.436019","0.436019","0","100","0.151815","0.151815","0.151815","0","100","0.572808"
"thickness_bin","length_type_site","length;type;site","length","844","4","0.492891","0.492891","0.492891","0","100","0.26395","0.26395","0.26395","0","100","0.572808"
"thickness_bin","length_type_site","length;type;site","type","844","4","0.558057","0.558057","0.558057","0","100","0.394243","0.394243","0.394243","0","100","0.572808"
"thickness_bin","length_type_site","length;type;site","site","844","4","0.56872","0.56872","0.56872","0","100","0.338809","0.338809","0.338809","0","100","0.572808"
"thickness_bin","length_type_site","length;type;site","material","844","4","0.490521","0.510367","0.521386","-0.019846","93","0.28818","0.302222","0.310271","-0.014042","91","0.572808"
"thickness_bin","length_type_site","length;type;site","shape","844","4","0.515403","0.507168","0.524941","0.008235","27","0.316715","0.292568","0.326674","0.024147","14","0.572808"
"thickness_bin","length_type_site","length;type;site","direction","844","4","0.452607","0.455249","0.462145","-0.002642","75","0.181304","0.184454","0.190701","-0.00315","80","0.572808"
"thickness_bin","length_type_site","length;type;site","edge_frame","844","4","0.418246","0.433863","0.455036","-0.015616","91","0.203793","0.219068","0.247721","-0.015274","81","0.572808"
"thickness_bin","length_type_site","length;type;site","length_type_site","844","4","0.554502","0.554502","0.554502","0","100","0.416074","0.416074","0.416074","0","100","0.572808"
"thickness_bin","length_type_site","length;type;site","material_shape","844","4","0.531991","0.512524","0.535604","0.019467","9","0.377156","0.349022","0.378752","0.028134","6","0.572808"
"thickness_bin","length_type_site","length;type;site","token_nb","844","4","0.482227","0.450118","0.483412","0.032109","7","0.310822","0.277674","0.301693","0.033148","0","0.572808"
"thickness_bin","material_shape","material;shape","majority","844","4","0.436019","0.436019","0.436019","0","100","0.151815","0.151815","0.151815","0","100","0.477583"
"thickness_bin","material_shape","material;shape","length","844","4","0.492891","0.421031","0.464514","0.07186","0","0.26395","0.214263","0.25222","0.049687","0","0.477583"
"thickness_bin","material_shape","material;shape","type","844","4","0.558057","0.52","0.533235","0.038057","0","0.394243","0.350545","0.386916","0.043699","1","0.477583"
"thickness_bin","material_shape","material;shape","site","844","4","0.56872","0.487618","0.504799","0.081102","0","0.338809","0.258741","0.273249","0.080068","0","0.477583"
"thickness_bin","material_shape","material;shape","material","844","4","0.490521","0.490521","0.490521","0","100","0.28818","0.28818","0.28818","0","100","0.477583"
"thickness_bin","material_shape","material;shape","shape","844","4","0.515403","0.515403","0.515403","0","100","0.316715","0.316715","0.316715","0","100","0.477583"
"thickness_bin","material_shape","material;shape","direction","844","4","0.452607","0.443235","0.451422","0.009372","4","0.181304","0.174071","0.182853","0.007233","7","0.477583"
"thickness_bin","material_shape","material;shape","edge_frame","844","4","0.418246","0.427678","0.453851","-0.009431","80","0.203793","0.220167","0.249359","-0.016373","84","0.477583"
"thickness_bin","material_shape","material;shape","length_type_site","844","4","0.554502","0.482334","0.516884","0.072168","0","0.416074","0.331708","0.376081","0.084366","1","0.477583"
"thickness_bin","material_shape","material;shape","material_shape","844","4","0.531991","0.531991","0.531991","0","100","0.377156","0.377156","0.377156","0","100","0.477583"
"thickness_bin","material_shape","material;shape","token_nb","844","4","0.482227","0.420972","0.451422","0.061256","0","0.310822","0.262851","0.286399","0.047972","0","0.477583"
"thickness_bin","edge_frame","edge_frame","majority","844","4","0.436019","0.436019","0.436019","0","100","0.151815","0.151815","0.151815","0","100","0.898211"
"thickness_bin","edge_frame","edge_frame","length","844","4","0.492891","0.492891","0.492891","0","100","0.26395","0.26395","0.26395","0","100","0.898211"
"thickness_bin","edge_frame","edge_frame","type","844","4","0.558057","0.540509","0.549763","0.017547","0","0.394243","0.377169","0.387113","0.017074","0","0.898211"
"thickness_bin","edge_frame","edge_frame","site","844","4","0.56872","0.547464","0.559301","0.021256","0","0.338809","0.297919","0.332194","0.04089","0","0.898211"
"thickness_bin","edge_frame","edge_frame","material","844","4","0.490521","0.491244","0.504799","-0.000723","68","0.28818","0.282144","0.292263","0.006035","17","0.898211"
"thickness_bin","edge_frame","edge_frame","shape","844","4","0.515403","0.507156","0.520201","0.008246","22","0.316715","0.303239","0.321403","0.013476","17","0.898211"
"thickness_bin","edge_frame","edge_frame","direction","844","4","0.452607","0.450972","0.454976","0.001635","39","0.181304","0.180835","0.184129","0.000469","40","0.898211"
"thickness_bin","edge_frame","edge_frame","edge_frame","844","4","0.418246","0.418246","0.418246","0","100","0.203793","0.203793","0.203793","0","100","0.898211"
"thickness_bin","edge_frame","edge_frame","length_type_site","844","4","0.554502","0.553223","0.57109","0.00128","57","0.416074","0.398642","0.427267","0.017432","17","0.898211"
"thickness_bin","edge_frame","edge_frame","material_shape","844","4","0.531991","0.512263","0.527251","0.019727","0","0.377156","0.355364","0.369978","0.021792","0","0.898211"
"thickness_bin","edge_frame","edge_frame","token_nb","844","4","0.482227","0.47814","0.490521","0.004088","39","0.310822","0.308222","0.31594","0.0026","33","0.898211"
"thickness_bin","hard_proxy","length;type;site;material;shape;direction","majority","844","4","0.436019","0.436019","0.436019","0","100","0.151815","0.151815","0.151815","0","100","0.670462"
"thickness_bin","hard_proxy","length;type;site;material;shape;direction","length","844","4","0.492891","0.492891","0.492891","0","100","0.26395","0.26395","0.26395","0","100","0.670462"
"thickness_bin","hard_proxy","length;type;site;material;shape;direction","type","844","4","0.558057","0.558057","0.558057","0","100","0.394243","0.394243","0.394243","0","100","0.670462"
"thickness_bin","hard_proxy","length;type;site;material;shape;direction","site","844","4","0.56872","0.56872","0.56872","0","100","0.338809","0.338809","0.338809","0","100","0.670462"
"thickness_bin","hard_proxy","length;type;site;material;shape;direction","material","844","4","0.490521","0.490521","0.490521","0","100","0.28818","0.28818","0.28818","0","100","0.670462"
"thickness_bin","hard_proxy","length;type;site;material;shape;direction","shape","844","4","0.515403","0.515403","0.515403","0","100","0.316715","0.316715","0.316715","0","100","0.670462"
"thickness_bin","hard_proxy","length;type;site;material;shape;direction","direction","844","4","0.452607","0.452607","0.452607","0","100","0.181304","0.181304","0.181304","0","100","0.670462"
"thickness_bin","hard_proxy","length;type;site;material;shape;direction","edge_frame","844","4","0.418246","0.433697","0.453851","-0.01545","90","0.203793","0.219285","0.240345","-0.015492","93","0.670462"
"thickness_bin","hard_proxy","length;type;site;material;shape;direction","length_type_site","844","4","0.554502","0.554502","0.554502","0","100","0.416074","0.416074","0.416074","0","100","0.670462"
"thickness_bin","hard_proxy","length;type;site;material;shape;direction","material_shape","844","4","0.531991","0.531991","0.531991","0","100","0.377156","0.377156","0.377156","0","100","0.670462"
"thickness_bin","hard_proxy","length;type;site;material;shape;direction","token_nb","844","4","0.482227","0.463152","0.490581","0.019076","17","0.310822","0.279823","0.305734","0.030999","4","0.670462"
"area_bin","global","none","majority","1600","4","0.37375","0.37375","0.37375","0","100","0.136033","0.136033","0.136033","0","100","0.282612"
"area_bin","global","none","length","1600","4","0.410625","0.366425","0.38125","0.0442","0","0.319395","0.157929","0.202901","0.161466","0","0.282612"
"area_bin","global","none","type","1600","4","0.558125","0.369213","0.3775","0.188912","0","0.439392","0.155829","0.189797","0.283563","0","0.282612"
"area_bin","global","none","site","1600","4","0.490625","0.370337","0.378125","0.120288","0","0.33911","0.150953","0.170479","0.188157","0","0.282612"
"area_bin","global","none","material","1600","4","0.40875","0.36685","0.378125","0.0419","0","0.283561","0.149918","0.184366","0.133643","0","0.282612"
"area_bin","global","none","shape","1600","4","0.51375","0.366469","0.37875","0.147281","0","0.372811","0.164704","0.196624","0.208107","0","0.282612"
"area_bin","global","none","direction","1600","4","0.395625","0.373481","0.3775","0.022144","0","0.193109","0.140673","0.162062","0.052436","0","0.282612"
"area_bin","global","none","edge_frame","1600","4","0.356875","0.3463","0.362719","0.010575","12","0.210031","0.200311","0.222663","0.00972","20","0.282612"
"area_bin","global","none","length_type_site","1600","4","0.588125","0.338794","0.365063","0.249331","0","0.537279","0.216467","0.247234","0.320812","0","0.282612"
"area_bin","global","none","material_shape","1600","4","0.555","0.358244","0.37625","0.196756","0","0.434952","0.185341","0.215112","0.24961","0","0.282612"
"area_bin","global","none","token_nb","1600","4","0.441875","0.327669","0.350688","0.114206","0","0.384212","0.225763","0.248283","0.158449","0","0.282612"
"area_bin","length","length","majority","1600","4","0.37375","0.37375","0.37375","0","100","0.136033","0.136033","0.136033","0","100","0.326406"
"area_bin","length","length","length","1600","4","0.410625","0.410625","0.410625","0","100","0.319395","0.319395","0.319395","0","100","0.326406"
"area_bin","length","length","type","1600","4","0.558125","0.374781","0.388844","0.183344","0","0.439392","0.186644","0.223945","0.252748","0","0.326406"
"area_bin","length","length","site","1600","4","0.490625","0.36855","0.38125","0.122075","0","0.33911","0.157326","0.222892","0.181784","0","0.326406"
"area_bin","length","length","material","1600","4","0.40875","0.37015","0.38625","0.0386","0","0.283561","0.164983","0.202642","0.118578","0","0.326406"
"area_bin","length","length","shape","1600","4","0.51375","0.367656","0.385094","0.146094","0","0.372811","0.175592","0.222837","0.19722","0","0.326406"
"area_bin","length","length","direction","1600","4","0.395625","0.375219","0.381938","0.020406","0","0.193109","0.155325","0.172054","0.037784","0","0.326406"
"area_bin","length","length","edge_frame","1600","4","0.356875","0.352213","0.36575","0.004662","34","0.210031","0.206347","0.22993","0.003684","36","0.326406"
"area_bin","length","length","length_type_site","1600","4","0.588125","0.381138","0.416313","0.206987","0","0.537279","0.31165","0.349935","0.225628","0","0.326406"
"area_bin","length","length","material_shape","1600","4","0.555","0.361925","0.381312","0.193075","0","0.434952","0.202408","0.240581","0.232543","0","0.326406"
"area_bin","length","length","token_nb","1600","4","0.441875","0.347563","0.365625","0.094312","0","0.384212","0.251966","0.272112","0.132247","0","0.326406"
"area_bin","type","type","majority","1600","4","0.37375","0.37375","0.37375","0","100","0.136033","0.136033","0.136033","0","100","0.446031"
"area_bin","type","type","length","1600","4","0.410625","0.364731","0.381875","0.045894","0","0.319395","0.170707","0.218307","0.148688","0","0.446031"
"area_bin","type","type","type","1600","4","0.558125","0.558125","0.558125","0","100","0.439392","0.439392","0.439392","0","100","0.446031"
"area_bin","type","type","site","1600","4","0.490625","0.455188","0.466313","0.035437","0","0.33911","0.30161","0.321064","0.0375","1","0.446031"
"area_bin","type","type","material","1600","4","0.40875","0.4254","0.435","-0.01665","94","0.283561","0.27367","0.303376","0.009891","41","0.446031"
"area_bin","type","type","shape","1600","4","0.51375","0.507625","0.51625","0.006125","18","0.372811","0.373905","0.384201","-0.001094","59","0.446031"
"area_bin","type","type","direction","1600","4","0.395625","0.384025","0.389375","0.0116","0","0.193109","0.17781","0.184805","0.015299","0","0.446031"
"area_bin","type","type","edge_frame","1600","4","0.356875","0.371631","0.387531","-0.014756","97","0.210031","0.237591","0.264046","-0.02756","100","0.446031"
"area_bin","type","type","length_type_site","1600","4","0.588125","0.525269","0.543812","0.062856","0","0.537279","0.420202","0.44519","0.117077","0","0.446031"
"area_bin","type","type","material_shape","1600","4","0.555","0.516162","0.527531","0.038838","0","0.434952","0.387986","0.402817","0.046966","0","0.446031"
"area_bin","type","type","token_nb","1600","4","0.441875","0.394413","0.412625","0.047462","0","0.384212","0.322394","0.342057","0.061818","0","0.446031"
"area_bin","site","site","majority","1600","4","0.37375","0.37375","0.37375","0","100","0.136033","0.136033","0.136033","0","100","0.367544"
"area_bin","site","site","length","1600","4","0.410625","0.365462","0.380625","0.045163","0","0.319395","0.167566","0.203848","0.151829","0","0.367544"
"area_bin","site","site","type","1600","4","0.558125","0.425563","0.4375","0.132562","0","0.439392","0.269","0.283456","0.170392","0","0.367544"
"area_bin","site","site","site","1600","4","0.490625","0.490625","0.490625","0","100","0.33911","0.33911","0.33911","0","100","0.367544"
"area_bin","site","site","material","1600","4","0.40875","0.389531","0.402594","0.019219","1","0.283561","0.222789","0.261658","0.060772","0","0.367544"
"area_bin","site","site","shape","1600","4","0.51375","0.3972","0.411906","0.11655","0","0.372811","0.254297","0.280621","0.118515","0","0.367544"
"area_bin","site","site","direction","1600","4","0.395625","0.376869","0.383781","0.018756","0","0.193109","0.163549","0.176278","0.029559","0","0.367544"
"area_bin","site","site","edge_frame","1600","4","0.356875","0.3531","0.367594","0.003775","35","0.210031","0.207818","0.23248","0.002213","40","0.367544"
"area_bin","site","site","length_type_site","1600","4","0.588125","0.461","0.477625","0.127125","0","0.537279","0.341456","0.366181","0.195823","0","0.367544"
"area_bin","site","site","material_shape","1600","4","0.555","0.401125","0.421969","0.153875","0","0.434952","0.269378","0.303162","0.165574","0","0.367544"
"area_bin","site","site","token_nb","1600","4","0.441875","0.347569","0.369469","0.094306","0","0.384212","0.259821","0.281152","0.124391","0","0.367544"
"area_bin","type_site","type;site","majority","1600","4","0.37375","0.37375","0.37375","0","100","0.136033","0.136033","0.136033","0","100","0.4785"
"area_bin","type_site","type;site","length","1600","4","0.410625","0.363019","0.382656","0.047606","0","0.319395","0.189003","0.263209","0.130391","0","0.4785"
"area_bin","type_site","type;site","type","1600","4","0.558125","0.558125","0.558125","0","100","0.439392","0.439392","0.439392","0","100","0.4785"
"area_bin","type_site","type;site","site","1600","4","0.490625","0.490625","0.490625","0","100","0.33911","0.33911","0.33911","0","100","0.4785"
"area_bin","type_site","type;site","material","1600","4","0.40875","0.425038","0.436313","-0.016288","89","0.283561","0.275091","0.30852","0.00847","30","0.4785"
"area_bin","type_site","type;site","shape","1600","4","0.51375","0.508869","0.516937","0.004881","19","0.372811","0.375786","0.384995","-0.002975","72","0.4785"
"area_bin","type_site","type;site","direction","1600","4","0.395625","0.388431","0.391906","0.007194","0","0.193109","0.18411","0.190096","0.008999","1","0.4785"
"area_bin","type_site","type;site","edge_frame","1600","4","0.356875","0.368294","0.380656","-0.011419","89","0.210031","0.232252","0.250368","-0.022221","99","0.4785"
"area_bin","type_site","type;site","length_type_site","1600","4","0.588125","0.547131","0.561875","0.040994","0","0.537279","0.44812","0.471421","0.089159","0","0.4785"
"area_bin","type_site","type;site","material_shape","1600","4","0.555","0.520919","0.532531","0.034081","0","0.434952","0.393624","0.409414","0.041328","0","0.4785"
"area_bin","type_site","type;site","token_nb","1600","4","0.441875","0.398444","0.416406","0.043431","0","0.384212","0.325967","0.344558","0.058245","0","0.4785"
"area_bin","material","material","majority","1600","4","0.37375","0.37375","0.37375","0","100","0.136033","0.136033","0.136033","0","100","0.332425"
"area_bin","material","material","length","1600","4","0.410625","0.366287","0.380625","0.044338","0","0.319395","0.163305","0.203626","0.156089","0","0.332425"
"area_bin","material","material","type","1600","4","0.558125","0.420469","0.428125","0.137656","0","0.439392","0.256492","0.285688","0.1829","0","0.332425"
"area_bin","material","material","site","1600","4","0.490625","0.366469","0.382063","0.124156","0","0.33911","0.175312","0.227011","0.163798","0","0.332425"
"area_bin","material","material","material","1600","4","0.40875","0.40875","0.40875","0","100","0.283561","0.283561","0.283561","0","100","0.332425"
"area_bin","material","material","shape","1600","4","0.51375","0.371588","0.391937","0.142162","0","0.372811","0.191846","0.219423","0.180965","0","0.332425"
"area_bin","material","material","direction","1600","4","0.395625","0.374213","0.381281","0.021413","0","0.193109","0.155944","0.171245","0.037164","0","0.332425"
"area_bin","material","material","edge_frame","1600","4","0.356875","0.349569","0.364406","0.007306","22","0.210031","0.204286","0.224893","0.005745","32","0.332425"
"area_bin","material","material","length_type_site","1600","4","0.588125","0.388756","0.415625","0.199369","0","0.537279","0.28209","0.312864","0.255188","0","0.332425"
"area_bin","material","material","material_shape","1600","4","0.555","0.426781","0.44125","0.128219","0","0.434952","0.295372","0.313192","0.13958","0","0.332425"
"area_bin","material","material","token_nb","1600","4","0.441875","0.336831","0.358125","0.105044","0","0.384212","0.240614","0.254768","0.143598","0","0.332425"
"area_bin","shape","shape","majority","1600","4","0.37375","0.37375","0.37375","0","100","0.136033","0.136033","0.136033","0","100","0.397744"
"area_bin","shape","shape","length","1600","4","0.410625","0.364006","0.380625","0.046619","0","0.319395","0.158823","0.207114","0.160572","0","0.397744"
"area_bin","shape","shape","type","1600","4","0.558125","0.494812","0.505687","0.063313","0","0.439392","0.372429","0.384165","0.066962","0","0.397744"
"area_bin","shape","shape","site","1600","4","0.490625","0.410394","0.421906","0.080231","0","0.33911","0.265797","0.284148","0.073313","0","0.397744"
"area_bin","shape","shape","material","1600","4","0.40875","0.411744","0.423781","-0.002994","71","0.283561","0.253251","0.290451","0.03031","9","0.397744"
"area_bin","shape","shape","shape","1600","4","0.51375","0.51375","0.51375","0","100","0.372811","0.372811","0.372811","0","100","0.397744"
"area_bin","shape","shape","direction","1600","4","0.395625","0.379581","0.385625","0.016044","0","0.193109","0.171381","0.180543","0.021728","0","0.397744"
"area_bin","shape","shape","edge_frame","1600","4","0.356875","0.355681","0.371906","0.001194","50","0.210031","0.214339","0.23706","-0.004309","60","0.397744"
"area_bin","shape","shape","length_type_site","1600","4","0.588125","0.468438","0.487563","0.119687","0","0.537279","0.353895","0.381079","0.183383","0","0.397744"
"area_bin","shape","shape","material_shape","1600","4","0.555","0.506975","0.516281","0.048025","0","0.434952","0.376332","0.388295","0.05862","0","0.397744"
"area_bin","shape","shape","token_nb","1600","4","0.441875","0.369419","0.387688","0.072456","0","0.384212","0.28813","0.308328","0.096082","0","0.397744"
"area_bin","direction","direction","majority","1600","4","0.37375","0.37375","0.37375","0","100","0.136033","0.136033","0.136033","0","100","0.294588"
"area_bin","direction","direction","length","1600","4","0.410625","0.368837","0.380063","0.041788","0","0.319395","0.160188","0.209232","0.159206","0","0.294588"
"area_bin","direction","direction","type","1600","4","0.558125","0.369287","0.380031","0.188837","0","0.439392","0.159469","0.197348","0.279923","0","0.294588"
"area_bin","direction","direction","site","1600","4","0.490625","0.372388","0.38125","0.118237","0","0.33911","0.155193","0.175562","0.183917","0","0.294588"
"area_bin","direction","direction","material","1600","4","0.40875","0.370287","0.379406","0.038463","0","0.283561","0.158543","0.195365","0.125019","0","0.294588"
"area_bin","direction","direction","shape","1600","4","0.51375","0.363512","0.38","0.150238","0","0.372811","0.166527","0.201366","0.206285","0","0.294588"
"area_bin","direction","direction","direction","1600","4","0.395625","0.395625","0.395625","0","100","0.193109","0.193109","0.193109","0","100","0.294588"
"area_bin","direction","direction","edge_frame","1600","4","0.356875","0.34615","0.364406","0.010725","15","0.210031","0.199408","0.220315","0.010623","22","0.294588"
"area_bin","direction","direction","length_type_site","1600","4","0.588125","0.341094","0.371875","0.247031","0","0.537279","0.219308","0.245514","0.317971","0","0.294588"
"area_bin","direction","direction","material_shape","1600","4","0.555","0.359806","0.378281","0.195194","0","0.434952","0.192469","0.226145","0.242483","0","0.294588"
"area_bin","direction","direction","token_nb","1600","4","0.441875","0.330163","0.350094","0.111712","0","0.384212","0.227434","0.247852","0.156778","0","0.294588"
"area_bin","length_type_site","length;type;site","majority","1600","4","0.37375","0.37375","0.37375","0","100","0.136033","0.136033","0.136033","0","100","0.548363"
"area_bin","length_type_site","length;type;site","length","1600","4","0.410625","0.410625","0.410625","0","100","0.319395","0.319395","0.319395","0","100","0.548363"
"area_bin","length_type_site","length;type;site","type","1600","4","0.558125","0.558125","0.558125","0","100","0.439392","0.439392","0.439392","0","100","0.548363"
"area_bin","length_type_site","length;type;site","site","1600","4","0.490625","0.490625","0.490625","0","100","0.33911","0.33911","0.33911","0","100","0.548363"
"area_bin","length_type_site","length;type;site","material","1600","4","0.40875","0.428919","0.441906","-0.020169","88","0.283561","0.288229","0.314874","-0.004667","52","0.548363"
"area_bin","length_type_site","length;type;site","shape","1600","4","0.51375","0.509263","0.51625","0.004487","16","0.372811","0.373046","0.381956","-0.000235","56","0.548363"
"area_bin","length_type_site","length;type;site","direction","1600","4","0.395625","0.389994","0.393156","0.005631","0","0.193109","0.185345","0.191353","0.007764","1","0.548363"
"area_bin","length_type_site","length;type;site","edge_frame","1600","4","0.356875","0.372569","0.38625","-0.015694","96","0.210031","0.236071","0.258056","-0.02604","99","0.548363"
"area_bin","length_type_site","length;type;site","length_type_site","1600","4","0.588125","0.588125","0.588125","0","100","0.537279","0.537279","0.537279","0","100","0.548363"
"area_bin","length_type_site","length;type;site","material_shape","1600","4","0.555","0.5228","0.534375","0.0322","0","0.434952","0.395556","0.409076","0.039396","0","0.548363"
"area_bin","length_type_site","length;type;site","token_nb","1600","4","0.441875","0.41365","0.429406","0.028225","0","0.384212","0.341587","0.359405","0.042625","0","0.548363"
"area_bin","material_shape","material;shape","majority","1600","4","0.37375","0.37375","0.37375","0","100","0.136033","0.136033","0.136033","0","100","0.456725"
"area_bin","material_shape","material;shape","length","1600","4","0.410625","0.361262","0.381906","0.049363","0","0.319395","0.160973","0.214141","0.158422","0","0.456725"
"area_bin","material_shape","material;shape","type","1600","4","0.558125","0.523856","0.53125","0.034269","0","0.439392","0.399169","0.407249","0.040223","0","0.456725"
"area_bin","material_shape","material;shape","site","1600","4","0.490625","0.439994","0.451906","0.050631","0","0.33911","0.293019","0.311976","0.04609","0","0.456725"
"area_bin","material_shape","material;shape","material","1600","4","0.40875","0.40875","0.40875","0","100","0.283561","0.283561","0.283561","0","100","0.456725"
"area_bin","material_shape","material;shape","shape","1600","4","0.51375","0.51375","0.51375","0","100","0.372811","0.372811","0.372811","0","100","0.456725"
"area_bin","material_shape","material;shape","direction","1600","4","0.395625","0.384062","0.38875","0.011563","0","0.193109","0.179724","0.18531","0.013385","1","0.456725"
"area_bin","material_shape","material;shape","edge_frame","1600","4","0.356875","0.365425","0.379375","-0.00855","88","0.210031","0.227454","0.248401","-0.017423","93","0.456725"
"area_bin","material_shape","material;shape","length_type_site","1600","4","0.588125","0.496162","0.511906","0.091963","0","0.537279","0.377528","0.40944","0.15975","0","0.456725"
"area_bin","material_shape","material;shape","material_shape","1600","4","0.555","0.555","0.555","0","100","0.434952","0.434952","0.434952","0","100","0.456725"
"area_bin","material_shape","material;shape","token_nb","1600","4","0.441875","0.381844","0.400688","0.060031","0","0.384212","0.303746","0.322186","0.080466","0","0.456725"
"area_bin","edge_frame","edge_frame","majority","1600","4","0.37375","0.37375","0.37375","0","100","0.136033","0.136033","0.136033","0","100","0.864669"
"area_bin","edge_frame","edge_frame","length","1600","4","0.410625","0.410625","0.410625","0","100","0.319395","0.319395","0.319395","0","100","0.864669"
"area_bin","edge_frame","edge_frame","type","1600","4","0.558125","0.530063","0.537531","0.028062","0","0.439392","0.414245","0.422475","0.025147","0","0.864669"
"area_bin","edge_frame","edge_frame","site","1600","4","0.490625","0.473706","0.4825","0.016919","0","0.33911","0.325092","0.333514","0.014018","0","0.864669"
"area_bin","edge_frame","edge_frame","material","1600","4","0.40875","0.434188","0.442531","-0.025438","94","0.283561","0.287568","0.295814","-0.004007","80","0.864669"
"area_bin","edge_frame","edge_frame","shape","1600","4","0.51375","0.485975","0.494406","0.027775","0","0.372811","0.351657","0.360271","0.021154","0","0.864669"
"area_bin","edge_frame","edge_frame","direction","1600","4","0.395625","0.392994","0.395625","0.002631","7","0.193109","0.189577","0.193109","0.003532","6","0.864669"
"area_bin","edge_frame","edge_frame","edge_frame","1600","4","0.356875","0.356875","0.356875","0","100","0.210031","0.210031","0.210031","0","100","0.864669"
"area_bin","edge_frame","edge_frame","length_type_site","1600","4","0.588125","0.543531","0.560875","0.044594","0","0.537279","0.50101","0.52849","0.036268","1","0.864669"
"area_bin","edge_frame","edge_frame","material_shape","1600","4","0.555","0.521556","0.530656","0.033444","0","0.434952","0.402869","0.412518","0.032083","0","0.864669"
"area_bin","edge_frame","edge_frame","token_nb","1600","4","0.441875","0.434187","0.443781","0.007688","11","0.384212","0.370979","0.381315","0.013233","1","0.864669"
"area_bin","hard_proxy","length;type;site;material;shape;direction","majority","1600","4","0.37375","0.37375","0.37375","0","100","0.136033","0.136033","0.136033","0","100","0.631906"
"area_bin","hard_proxy","length;type;site;material;shape;direction","length","1600","4","0.410625","0.410625","0.410625","0","100","0.319395","0.319395","0.319395","0","100","0.631906"
"area_bin","hard_proxy","length;type;site;material;shape;direction","type","1600","4","0.558125","0.558125","0.558125","0","100","0.439392","0.439392","0.439392","0","100","0.631906"
"area_bin","hard_proxy","length;type;site;material;shape;direction","site","1600","4","0.490625","0.490625","0.490625","0","100","0.33911","0.33911","0.33911","0","100","0.631906"
"area_bin","hard_proxy","length;type;site;material;shape;direction","material","1600","4","0.40875","0.40875","0.40875","0","100","0.283561","0.283561","0.283561","0","100","0.631906"
"area_bin","hard_proxy","length;type;site;material;shape;direction","shape","1600","4","0.51375","0.51375","0.51375","0","100","0.372811","0.372811","0.372811","0","100","0.631906"
"area_bin","hard_proxy","length;type;site;material;shape;direction","direction","1600","4","0.395625","0.395625","0.395625","0","100","0.193109","0.193109","0.193109","0","100","0.631906"
"area_bin","hard_proxy","length;type;site;material;shape;direction","edge_frame","1600","4","0.356875","0.369969","0.381906","-0.013094","95","0.210031","0.231421","0.245171","-0.02139","97","0.631906"
"area_bin","hard_proxy","length;type;site;material;shape;direction","length_type_site","1600","4","0.588125","0.588125","0.588125","0","100","0.537279","0.537279","0.537279","0","100","0.631906"
"area_bin","hard_proxy","length;type;site;material;shape;direction","material_shape","1600","4","0.555","0.555","0.555","0","100","0.434952","0.434952","0.434952","0","100","0.631906"
"area_bin","hard_proxy","length;type;site;material;shape;direction","token_nb","1600","4","0.441875","0.425144","0.442563","0.016731","6","0.384212","0.349287","0.366904","0.034925","0","0.631906"
"aspect_bin","global","none","majority","1595","3","0.618182","0.618182","0.618182","0","100","0.254682","0.254682","0.254682","0","100","0.456056"
"aspect_bin","global","none","length","1595","3","0.619436","0.617517","0.619436","0.001918","9","0.260683","0.255606","0.261047","0.005078","9","0.456056"
"aspect_bin","global","none","type","1595","3","0.817555","0.616759","0.620063","0.200796","0","0.702411","0.257186","0.264578","0.445226","0","0.456056"
"aspect_bin","global","none","site","1595","3","0.62069","0.616426","0.618809","0.004263","1","0.263876","0.255752","0.262116","0.008124","4","0.456056"
"aspect_bin","global","none","material","1595","3","0.674608","0.617461","0.619467","0.057147","0","0.48799","0.255542","0.262251","0.232448","0","0.456056"
"aspect_bin","global","none","shape","1595","3","0.821944","0.615028","0.619467","0.206915","0","0.708238","0.260123","0.273654","0.448115","0","0.456056"
"aspect_bin","global","none","direction","1595","3","0.618182","0.618182","0.618182","0","100","0.254682","0.254682","0.254682","0","100","0.456056"
"aspect_bin","global","none","edge_frame","1595","3","0.618809","0.589009","0.600094","0.029799","0","0.354972","0.284849","0.306681","0.070123","0","0.456056"
"aspect_bin","global","none","length_type_site","1595","3","0.828213","0.603749","0.613824","0.224464","0","0.740582","0.271942","0.294956","0.468641","0","0.456056"
"aspect_bin","global","none","material_shape","1595","3","0.838245","0.611216","0.616301","0.227028","0","0.721551","0.265437","0.282628","0.456114","0","0.456056"
"aspect_bin","global","none","token_nb","1595","3","0.638871","0.57694","0.588746","0.061931","0","0.459526","0.298411","0.317056","0.161115","0","0.456056"
"aspect_bin","length","length","majority","1595","3","0.618182","0.618182","0.618182","0","100","0.254682","0.254682","0.254682","0","100","0.4739"
"aspect_bin","length","length","length","1595","3","0.619436","0.619436","0.619436","0","100","0.260683","0.260683","0.260683","0","100","0.4739"
"aspect_bin","length","length","type","1595","3","0.817555","0.616414","0.61884","0.201141","0","0.702411","0.257215","0.265217","0.445196","0","0.4739"
"aspect_bin","length","length","site","1595","3","0.62069","0.616602","0.618809","0.004088","2","0.263876","0.256593","0.264253","0.007283","7","0.4739"
"aspect_bin","length","length","material","1595","3","0.674608","0.617724","0.619436","0.056884","0","0.48799","0.255354","0.260898","0.232637","0","0.4739"
"aspect_bin","length","length","shape","1595","3","0.821944","0.614082","0.618871","0.207862","0","0.708238","0.260216","0.27377","0.448022","0","0.4739"
"aspect_bin","length","length","direction","1595","3","0.618182","0.617994","0.618182","0.000188","99","0.254682","0.254646","0.254682","0.000036","99","0.4739"
"aspect_bin","length","length","edge_frame","1595","3","0.618809","0.591386","0.601254","0.027423","0","0.354972","0.291938","0.314384","0.063034","0","0.4739"
"aspect_bin","length","length","length_type_site","1595","3","0.828213","0.602621","0.612539","0.225592","0","0.740582","0.278517","0.308005","0.462066","0","0.4739"
"aspect_bin","length","length","material_shape","1595","3","0.838245","0.610458","0.618182","0.227787","0","0.721551","0.267017","0.291577","0.454534","0","0.4739"
"aspect_bin","length","length","token_nb","1595","3","0.638871","0.573718","0.585643","0.065154","0","0.459526","0.30583","0.324813","0.153696","0","0.4739"
"aspect_bin","type","type","majority","1595","3","0.618182","0.618182","0.618182","0","100","0.254682","0.254682","0.254682","0","100","0.773085"
"aspect_bin","type","type","length","1595","3","0.619436","0.618169","0.619436","0.001266","34","0.260683","0.25681","0.260683","0.003874","34","0.773085"
"aspect_bin","type","type","type","1595","3","0.817555","0.817555","0.817555","0","100","0.702411","0.702411","0.702411","0","100","0.773085"
"aspect_bin","type","type","site","1595","3","0.62069","0.598821","0.622602","0.021868","29","0.263876","0.281602","0.411867","-0.017726","25","0.773085"
"aspect_bin","type","type","material","1595","3","0.674608","0.658652","0.66837","0.015956","0","0.48799","0.445196","0.473726","0.042794","0","0.773085"
"aspect_bin","type","type","shape","1595","3","0.821944","0.784176","0.796897","0.037768","0","0.708238","0.601343","0.638211","0.106895","0","0.773085"
"aspect_bin","type","type","direction","1595","3","0.618182","0.616188","0.623824","0.001994","78","0.254682","0.280389","0.316136","-0.025707","82","0.773085"
"aspect_bin","type","type","edge_frame","1595","3","0.618809","0.607887","0.616928","0.010922","3","0.354972","0.320304","0.342726","0.034667","0","0.773085"
"aspect_bin","type","type","length_type_site","1595","3","0.828213","0.792194","0.810188","0.036019","0","0.740582","0.668637","0.704792","0.071945","0","0.773085"
"aspect_bin","type","type","material_shape","1595","3","0.838245","0.786439","0.801254","0.051806","0","0.721551","0.635497","0.673643","0.086054","0","0.773085"
"aspect_bin","type","type","token_nb","1595","3","0.638871","0.620614","0.631348","0.018257","0","0.459526","0.422259","0.445938","0.037267","0","0.773085"
"aspect_bin","site","site","majority","1595","3","0.618182","0.618182","0.618182","0","100","0.254682","0.254682","0.254682","0","100","0.529392"
"aspect_bin","site","site","length","1595","3","0.619436","0.617599","0.61884","0.001837","5","0.260683","0.255128","0.260507","0.005556","4","0.529392"
"aspect_bin","site","site","type","1595","3","0.817555","0.615085","0.623229","0.20247","0","0.702411","0.286908","0.349093","0.415503","0","0.529392"
"aspect_bin","site","site","site","1595","3","0.62069","0.62069","0.62069","0","100","0.263876","0.263876","0.263876","0","100","0.529392"
"aspect_bin","site","site","material","1595","3","0.674608","0.616257","0.618809","0.058351","0","0.48799","0.255496","0.258826","0.232495","0","0.529392"
"aspect_bin","site","site","shape","1595","3","0.821944","0.616828","0.624483","0.205116","0","0.708238","0.286199","0.317641","0.42204","0","0.529392"
"aspect_bin","site","site","direction","1595","3","0.618182","0.618019","0.618182","0.000163","99","0.254682","0.25466","0.254682","0.000021","99","0.529392"
"aspect_bin","site","site","edge_frame","1595","3","0.618809","0.595097","0.60815","0.023712","0","0.354972","0.295973","0.322017","0.058998","0","0.529392"
"aspect_bin","site","site","length_type_site","1595","3","0.828213","0.607141","0.633323","0.221072","0","0.740582","0.401948","0.443046","0.338635","0","0.529392"
"aspect_bin","site","site","material_shape","1595","3","0.838245","0.611774","0.624483","0.22647","0","0.721551","0.31272","0.358791","0.408831","0","0.529392"
"aspect_bin","site","site","token_nb","1595","3","0.638871","0.574157","0.588715","0.064715","0","0.459526","0.312262","0.337285","0.147264","0","0.529392"
"aspect_bin","type_site","type;site","majority","1595","3","0.618182","0.618182","0.618182","0","100","0.254682","0.254682","0.254682","0","100","0.796119"
"aspect_bin","type_site","type;site","length","1595","3","0.619436","0.618508","0.619436","0.000928","51","0.260683","0.257944","0.260683","0.002739","51","0.796119"
"aspect_bin","type_site","type;site","type","1595","3","0.817555","0.817555","0.817555","0","100","0.702411","0.702411","0.702411","0","100","0.796119"
"aspect_bin","type_site","type;site","site","1595","3","0.62069","0.62069","0.62069","0","100","0.263876","0.263876","0.263876","0","100","0.796119"
"aspect_bin","type_site","type;site","material","1595","3","0.674608","0.656639","0.668339","0.017969","0","0.48799","0.442509","0.470136","0.045481","0","0.796119"
"aspect_bin","type_site","type;site","shape","1595","3","0.821944","0.78452","0.796238","0.037423","0","0.708238","0.591909","0.647849","0.116329","0","0.796119"
"aspect_bin","type_site","type;site","direction","1595","3","0.618182","0.615611","0.621317","0.002571","82","0.254682","0.264337","0.315015","-0.009656","82","0.796119"
"aspect_bin","type_site","type;site","edge_frame","1595","3","0.618809","0.60906","0.618182","0.009749","4","0.354972","0.322641","0.345661","0.03233","2","0.796119"
"aspect_bin","type_site","type;site","length_type_site","1595","3","0.828213","0.804056","0.822006","0.024157","0","0.740582","0.694638","0.725831","0.045944","0","0.796119"
"aspect_bin","type_site","type;site","material_shape","1595","3","0.838245","0.786075","0.802508","0.052169","0","0.721551","0.637538","0.676548","0.084013","0","0.796119"
"aspect_bin","type_site","type;site","token_nb","1595","3","0.638871","0.619379","0.630752","0.019492","1","0.459526","0.42091","0.445966","0.038616","0","0.796119"
"aspect_bin","material","material","majority","1595","3","0.618182","0.618182","0.618182","0","100","0.254682","0.254682","0.254682","0","100","0.529793"
"aspect_bin","material","material","length","1595","3","0.619436","0.617893","0.619436","0.001542","6","0.260683","0.255332","0.261868","0.005351","7","0.529793"
"aspect_bin","material","material","type","1595","3","0.817555","0.644031","0.656458","0.173524","0","0.702411","0.421347","0.44054","0.281064","0","0.529793"
"aspect_bin","material","material","site","1595","3","0.62069","0.617078","0.619436","0.003611","2","0.263876","0.257332","0.263569","0.006544","5","0.529793"
"aspect_bin","material","material","material","1595","3","0.674608","0.674608","0.674608","0","100","0.48799","0.48799","0.48799","0","100","0.529793"
"aspect_bin","material","material","shape","1595","3","0.821944","0.616006","0.627022","0.205937","0","0.708238","0.295328","0.334638","0.41291","0","0.529793"
"aspect_bin","material","material","direction","1595","3","0.618182","0.617843","0.618182","0.000339","98","0.254682","0.254595","0.254682","0.000087","98","0.529793"
"aspect_bin","material","material","edge_frame","1595","3","0.618809","0.591969","0.601881","0.02684","0","0.354972","0.290706","0.31099","0.064266","0","0.529793"
"aspect_bin","material","material","length_type_site","1595","3","0.828213","0.632263","0.650219","0.19595","0","0.740582","0.415578","0.451087","0.325004","0","0.529793"
"aspect_bin","material","material","material_shape","1595","3","0.838245","0.65911","0.6721","0.179135","0","0.721551","0.455556","0.480117","0.265996","0","0.529793"
"aspect_bin","material","material","token_nb","1595","3","0.638871","0.574583","0.587492","0.064288","0","0.459526","0.309949","0.334586","0.149578","0","0.529793"
"aspect_bin","shape","shape","majority","1595","3","0.618182","0.618182","0.618182","0","100","0.254682","0.254682","0.254682","0","100","0.79348"
"aspect_bin","shape","shape","length","1595","3","0.619436","0.618019","0.619436","0.001417","28","0.260683","0.256476","0.262065","0.004207","28","0.79348"
"aspect_bin","shape","shape","type","1595","3","0.817555","0.781204","0.797492","0.036351","0","0.702411","0.603687","0.664829","0.098724","0","0.79348"
"aspect_bin","shape","shape","site","1595","3","0.62069","0.610671","0.62884","0.010019","71","0.263876","0.36054","0.42008","-0.096663","71","0.79348"
"aspect_bin","shape","shape","material","1595","3","0.674608","0.650188","0.660219","0.02442","0","0.48799","0.414024","0.454551","0.073966","0","0.79348"
"aspect_bin","shape","shape","shape","1595","3","0.821944","0.821944","0.821944","0","100","0.708238","0.708238","0.708238","0","100","0.79348"
"aspect_bin","shape","shape","direction","1595","3","0.618182","0.614464","0.622571","0.003718","67","0.254682","0.284077","0.315321","-0.029395","71","0.79348"
"aspect_bin","shape","shape","edge_frame","1595","3","0.618809","0.606633","0.615078","0.012176","2","0.354972","0.316838","0.337043","0.038133","0","0.79348"
"aspect_bin","shape","shape","length_type_site","1595","3","0.828213","0.771373","0.792508","0.05684","0","0.740582","0.61699","0.666266","0.123592","0","0.79348"
"aspect_bin","shape","shape","material_shape","1595","3","0.838245","0.803517","0.823824","0.034727","0","0.721551","0.672267","0.711028","0.049284","0","0.79348"
"aspect_bin","shape","shape","token_nb","1595","3","0.638871","0.618207","0.628871","0.020665","0","0.459526","0.411107","0.431521","0.04842","0","0.79348"
"aspect_bin","direction","direction","majority","1595","3","0.618182","0.618182","0.618182","0","100","0.254682","0.254682","0.254682","0","100","0.459398"
"aspect_bin","direction","direction","length","1595","3","0.619436","0.617611","0.619436","0.001824","9","0.260683","0.25557","0.262495","0.005114","9","0.459398"
"aspect_bin","direction","direction","type","1595","3","0.817555","0.616583","0.619436","0.200972","0","0.702411","0.257354","0.26631","0.445058","0","0.459398"
"aspect_bin","direction","direction","site","1595","3","0.62069","0.616652","0.618809","0.004038","1","0.263876","0.257493","0.263604","0.006383","5","0.459398"
"aspect_bin","direction","direction","material","1595","3","0.674608","0.617329","0.619436","0.057279","0","0.48799","0.255932","0.266339","0.232059","0","0.459398"
"aspect_bin","direction","direction","shape","1595","3","0.821944","0.614251","0.618809","0.207693","0","0.708238","0.260032","0.275929","0.448206","0","0.459398"
"aspect_bin","direction","direction","direction","1595","3","0.618182","0.618182","0.618182","0","100","0.254682","0.254682","0.254682","0","100","0.459398"
"aspect_bin","direction","direction","edge_frame","1595","3","0.618809","0.590577","0.600752","0.028232","0","0.354972","0.284878","0.305854","0.070094","0","0.459398"
"aspect_bin","direction","direction","length_type_site","1595","3","0.828213","0.604502","0.613793","0.223712","0","0.740582","0.271788","0.291885","0.468795","0","0.459398"
"aspect_bin","direction","direction","material_shape","1595","3","0.838245","0.610953","0.618182","0.227292","0","0.721551","0.266481","0.289127","0.45507","0","0.459398"
"aspect_bin","direction","direction","token_nb","1595","3","0.638871","0.574878","0.586207","0.063994","0","0.459526","0.29612","0.314967","0.163407","0","0.459398"
"aspect_bin","length_type_site","length;type;site","majority","1595","3","0.618182","0.618182","0.618182","0","100","0.254682","0.254682","0.254682","0","100","0.824765"
"aspect_bin","length_type_site","length;type;site","length","1595","3","0.619436","0.619436","0.619436","0","100","0.260683","0.260683","0.260683","0","100","0.824765"
"aspect_bin","length_type_site","length;type;site","type","1595","3","0.817555","0.817555","0.817555","0","100","0.702411","0.702411","0.702411","0","100","0.824765"
"aspect_bin","length_type_site","length;type;site","site","1595","3","0.62069","0.62069","0.62069","0","100","0.263876","0.263876","0.263876","0","100","0.824765"
"aspect_bin","length_type_site","length;type;site","material","1595","3","0.674608","0.660997","0.670219","0.013611","1","0.48799","0.45489","0.479079","0.0331","1","0.824765"
"aspect_bin","length_type_site","length;type;site","shape","1595","3","0.821944","0.789718","0.8","0.032226","0","0.708238","0.597402","0.63576","0.110836","0","0.824765"
"aspect_bin","length_type_site","length;type;site","direction","1595","3","0.618182","0.616326","0.620094","0.001856","87","0.254682","0.26406","0.312836","-0.009378","87","0.824765"
"aspect_bin","length_type_site","length;type;site","edge_frame","1595","3","0.618809","0.612019","0.618871","0.00679","7","0.354972","0.329319","0.348959","0.025653","2","0.824765"
"aspect_bin","length_type_site","length;type;site","length_type_site","1595","3","0.828213","0.828213","0.828213","0","100","0.740582","0.740582","0.740582","0","100","0.824765"
"aspect_bin","length_type_site","length;type;site","material_shape","1595","3","0.838245","0.794784","0.811348","0.043461","0","0.721551","0.6506","0.690189","0.070951","0","0.824765"
"aspect_bin","length_type_site","length;type;site","token_nb","1595","3","0.638871","0.624038","0.636395","0.014834","1","0.459526","0.433127","0.454723","0.026399","5","0.824765"
"aspect_bin","material_shape","material;shape","majority","1595","3","0.618182","0.618182","0.618182","0","100","0.254682","0.254682","0.254682","0","100","0.817473"
"aspect_bin","material_shape","material;shape","length","1595","3","0.619436","0.617818","0.619436","0.001618","18","0.260683","0.255821","0.260683","0.004863","18","0.817473"
"aspect_bin","material_shape","material;shape","type","1595","3","0.817555","0.79131","0.803762","0.026245","0","0.702411","0.615148","0.679634","0.087263","0","0.817473"
"aspect_bin","material_shape","material;shape","site","1595","3","0.62069","0.603191","0.627649","0.017498","73","0.263876","0.361107","0.418592","-0.097231","69","0.817473"
"aspect_bin","material_shape","material;shape","material","1595","3","0.674608","0.674608","0.674608","0","100","0.48799","0.48799","0.48799","0","100","0.817473"
"aspect_bin","material_shape","material;shape","shape","1595","3","0.821944","0.821944","0.821944","0","100","0.708238","0.708238","0.708238","0","100","0.817473"
"aspect_bin","material_shape","material;shape","direction","1595","3","0.618182","0.614796","0.622571","0.003386","72","0.254682","0.279267","0.316676","-0.024586","74","0.817473"
"aspect_bin","material_shape","material;shape","edge_frame","1595","3","0.618809","0.607599","0.616364","0.01121","4","0.354972","0.321734","0.343654","0.033237","1","0.817473"
"aspect_bin","material_shape","material;shape","length_type_site","1595","3","0.828213","0.775944","0.801254","0.05227","0","0.740582","0.633377","0.678204","0.107205","0","0.817473"
"aspect_bin","material_shape","material;shape","material_shape","1595","3","0.838245","0.838245","0.838245","0","100","0.721551","0.721551","0.721551","0","100","0.817473"
"aspect_bin","material_shape","material;shape","token_nb","1595","3","0.638871","0.619292","0.62953","0.01958","1","0.459526","0.411983","0.436555","0.047544","0","0.817473"
"aspect_bin","edge_frame","edge_frame","majority","1595","3","0.618182","0.618182","0.618182","0","100","0.254682","0.254682","0.254682","0","100","0.900226"
"aspect_bin","edge_frame","edge_frame","length","1595","3","0.619436","0.619436","0.619436","0","100","0.260683","0.260683","0.260683","0","100","0.900226"
"aspect_bin","edge_frame","edge_frame","type","1595","3","0.817555","0.747981","0.759279","0.069574","0","0.702411","0.625161","0.64361","0.07725","0","0.900226"
"aspect_bin","edge_frame","edge_frame","site","1595","3","0.62069","0.617824","0.619436","0.002865","2","0.263876","0.25689","0.259586","0.006986","2","0.900226"
"aspect_bin","edge_frame","edge_frame","material","1595","3","0.674608","0.646213","0.657053","0.028395","0","0.48799","0.443248","0.463471","0.044743","0","0.900226"
"aspect_bin","edge_frame","edge_frame","shape","1595","3","0.821944","0.741229","0.761755","0.080715","0","0.708238","0.606738","0.642499","0.1015","0","0.900226"
"aspect_bin","edge_frame","edge_frame","direction","1595","3","0.618182","0.618006","0.618182","0.000176","99","0.254682","0.254636","0.254682","0.000045","99","0.900226"
"aspect_bin","edge_frame","edge_frame","edge_frame","1595","3","0.618809","0.618809","0.618809","0","100","0.354972","0.354972","0.354972","0","100","0.900226"
"aspect_bin","edge_frame","edge_frame","length_type_site","1595","3","0.828213","0.762408","0.777492","0.065806","0","0.740582","0.65967","0.68185","0.080912","0","0.900226"
"aspect_bin","edge_frame","edge_frame","material_shape","1595","3","0.838245","0.760608","0.774295","0.077636","0","0.721551","0.63284","0.653829","0.088711","0","0.900226"
"aspect_bin","edge_frame","edge_frame","token_nb","1595","3","0.638871","0.634552","0.640752","0.00432","17","0.459526","0.451675","0.464006","0.007851","14","0.900226"
"aspect_bin","hard_proxy","length;type;site;material;shape;direction","majority","1595","3","0.618182","0.618182","0.618182","0","100","0.254682","0.254682","0.254682","0","100","0.895636"
"aspect_bin","hard_proxy","length;type;site;material;shape;direction","length","1595","3","0.619436","0.619436","0.619436","0","100","0.260683","0.260683","0.260683","0","100","0.895636"
"aspect_bin","hard_proxy","length;type;site;material;shape;direction","type","1595","3","0.817555","0.817555","0.817555","0","100","0.702411","0.702411","0.702411","0","100","0.895636"
"aspect_bin","hard_proxy","length;type;site;material;shape;direction","site","1595","3","0.62069","0.62069","0.62069","0","100","0.263876","0.263876","0.263876","0","100","0.895636"
"aspect_bin","hard_proxy","length;type;site;material;shape;direction","material","1595","3","0.674608","0.674608","0.674608","0","100","0.48799","0.48799","0.48799","0","100","0.895636"
"aspect_bin","hard_proxy","length;type;site;material;shape;direction","shape","1595","3","0.821944","0.821944","0.821944","0","100","0.708238","0.708238","0.708238","0","100","0.895636"
"aspect_bin","hard_proxy","length;type;site;material;shape;direction","direction","1595","3","0.618182","0.618182","0.618182","0","100","0.254682","0.254682","0.254682","0","100","0.895636"
"aspect_bin","hard_proxy","length;type;site;material;shape;direction","edge_frame","1595","3","0.618809","0.611248","0.619467","0.007561","9","0.354972","0.332695","0.354712","0.022277","5","0.895636"
"aspect_bin","hard_proxy","length;type;site;material;shape;direction","length_type_site","1595","3","0.828213","0.828213","0.828213","0","100","0.740582","0.740582","0.740582","0","100","0.895636"
"aspect_bin","hard_proxy","length;type;site;material;shape;direction","material_shape","1595","3","0.838245","0.838245","0.838245","0","100","0.721551","0.721551","0.721551","0","100","0.895636"
"aspect_bin","hard_proxy","length;type;site;material;shape;direction","token_nb","1595","3","0.638871","0.629386","0.638871","0.009486","6","0.459526","0.438706","0.456068","0.02082","2","0.895636"
