"source_row_id","cisi","cisi_prefix","is_h2218_h2239","region","site","period","phase","material","shape","preservation","type","sides","direction","class","sign_count","horizontal_mm","vertical_mm","thickness_mm","text","tokens","target_signs_present","adjacent_target_patterns","exact_text_class","same_cisi_texts","has_companion_861_003","has_companion_156_003","has_companion_154_003","has_companion_400_740_176","accepted_decipherment_claim"
"7.1","Ad-2","other","0","Lower Indus","Allahdino","-","-","Steatite","square","complete","SEAL:S","1","R/L","SC","4","23","25","14","+368-390-125-033+","368 390 125 033","033","","non_exact_or_longer","+368-390-125-033+","0","0","0","0","0"
"8.1","Ad-3","other","0","Lower Indus","Allahdino","-","-","Steatite","square","complete","SEAL:S","1","R/L","MT","5","20","21","13","+740-904-033-705-235+","740 904 033 705 235","033","","non_exact_or_longer","+740-904-033-705-235+","0","0","0","0","0"
"10.1","Ad-5","other","0","Lower Indus","Allahdino","-","-","Steatite","square","complete","SEAL:S","1","R/L","SS","3","17","18","5","+156-460-510+","156 460 510","156","","non_exact_or_longer","+156-460-510+","0","0","0","0","0"
"17.1","Ai-7","other","0","Lower Indus","Amri","-","-","Clay","-","complete","POT:T:g","1","L/R","PN","2","0","0","0","+390-034+","390 034","034","","non_exact_or_longer","+390-034+","0","0","0","0","0"
"63.1","C-64","C","0","Lower Indus","Chanhu-daro","-","-","Steatite","square","chipped","SEAL:S","1","R/L","??","5","25.7","25.7","11.9","]000-220-838-033-705-240+","000 220 838 033 705 240","033","","non_exact_or_longer","]000-220-838-033-705-240+","0","0","0","0","0"
"89.1","C-1","C","0","Lower Indus","Chanhu-daro","-","-","Steatite","square","complete","SEAL:S","1","R/L","LC","9","50","52.8","15.5","+031-840-140-740-101-002-365-287-034+","031 840 140 740 101 002 365 287 034","034","","non_exact_or_longer","+031-840-140-740-101-002-365-287-034+","0","0","0","0","0"
"95.1","C-7","C","0","Lower Indus","Chanhu-daro","-","-","Steatite","square","fragment","SEAL:S","1","R/L","??","6","22.9","13.2","0 - 9.9","+520-033-705-240-798-002-000[","520 033 705 240 798 002 000","033","","non_exact_or_longer","+520-033-705-240-798-002-000[","0","0","0","0","0"
"97.1","C-9","C","0","Lower Indus","Chanhu-daro","-","-","Steatite","square","complete","SEAL:S","1","R/L","LC","6","27.9","27.7","0 - 15.5","+151-233-803-033-705-240+","151 233 803 033 705 240","033","","non_exact_or_longer","+151-233-803-033-705-240+","0","0","0","0","0"
"108.1","C-21","C","0","Lower Indus","Chanhu-daro","-","-","Steatite","square","complete","SEAL:S","1","R/L","SS","2","11.4","11.4","0 - 7.6","+156-230+","156 230","156","","non_exact_or_longer","+156-230+","0","0","0","0","0"
"128.1","-","-","0","Gujarat/Kutch","Dholavira","-","-","Steatite","square","complete","SEAL:S","1","R/L","SS","2","20","20","1.3","+156-019+","156 019","156","","non_exact_or_longer","+156-019+","0","0","0","0","0"
"134.1","-","-","0","Gujarat/Kutch","Dholavira","-","-","Steatite","rectangular","complete","SEAL:R","1","R/L","SC","4","19","17","9","+154-388-717-705+","154 388 717 705","154","","non_exact_or_longer","+154-388-717-705+","0","0","0","0","0"
"138.1","-","-","0","Gujarat/Kutch","Dholavira","-","-","Steatite","cuboid-convex","complete","SEAL:R","1","R/L","MT","4","23.6","12.6","4.5 - 8.1","+520-033-706-233+","520 033 706 233","033","","non_exact_or_longer","+520-033-706-233+","0","0","0","0","0"
"140.1","-","-","0","Gujarat/Kutch","Dholavira","-","-","Clay","-","fragment","TAG","1","R/L","UC","2","15","17","6","+520-033[","520 033","033","","non_exact_or_longer","+520-033[","0","0","0","0","0"
"162.1","H-1189","H","0","Inter-Riverine","Harappa","-","-","Steatite","rectangular","complete","TAB:I","2","R/L","??","1","14","7.6","0","]033-000-000+","033 000 000","033","","non_exact_or_longer","+033-255+;]033-000-000+","0","0","0","0","0"
"162.2","H-1189","H","0","Inter-Riverine","Harappa","-","-","Steatite","rectangular","complete","TAB:I","2","R/L","ZN","2","14","7.6","0","+033-255+","033 255","033","","non_exact_or_longer","+033-255+;]033-000-000+","0","0","0","0","0"
"172.1","H-1460","H","0","Inter-Riverine","Harappa","-","-","Clay","-","fragment","POT:T:g","1","-","??","1","0","0","0","]034-000+","034 000","034","","non_exact_or_longer","]034-000+","0","0","0","0","0"
"176.1","H-1085","H","0","Inter-Riverine","Harappa","-","-","Clay","-","fragment","POT:T:s","1","R/L","ZN","2","0","0","0","+235-033+","235 033","033","","non_exact_or_longer","+235-033+","0","0","0","0","0"
"177.1","-","-","0","Inter-Riverine","Harappa","-","-","Clay","-","fragment","POT:T:g","1","-","??","3","0","0","0","]000-055-033-033+","000 055 033 033","033","","non_exact_or_longer","]000-055-033-033+","0","0","0","0","0"
"178.1","-","-","0","Inter-Riverine","Harappa","-","-","Faience","rectangular-rounded","complete","TAB:B","1","-","??","1","26.7","11.4","0","+000-000-033+","000 000 033","033","","non_exact_or_longer","+000-000-033+","0","0","0","0","0"
"182.1","H-1461","H","0","Inter-Riverine","Harappa","-","-","Clay","-","fragment","POT:T:g","1","NR","TS","1","0","0","0","+156+","156","156","","non_exact_or_longer","+156+","0","0","0","0","0"
"198.2","H-1138","H","0","Inter-Riverine","Harappa","-","-","Faience","rectangular","complete","TAB:B","2","R/L","VN","2","21.6","11.4","0","+700-034+","700 034","034","700_034","+700-034+","+700-034+;+740-603-240-060-692+","0","0","0","0","0"
"200.1","H-1400","H","0","Inter-Riverine","Harappa","-","-","Clay","-","fragment","POT:T:g","1","R/L","UC","4","0","0","0","+031-034-060-692[","031 034 060 692","034","","non_exact_or_longer","+031-034-060-692[","0","0","0","0","0"
"212.1","-","-","0","Inter-Riverine","Harappa","-","-","Faience","cylindrical","complete","TAB:B","2","R/L","VN","2","15.2","0","0","+700-033+","700 033","033","700_033","+700-033+","+700-033+","0","0","0","0","0"
"213.1","H-1369","H","0","Inter-Riverine","Harappa","-","-","-","-","fragment","POT:T:g","1","-","??","2","0","0","0","+034-000-033+","034 000 033","033;034","","non_exact_or_longer","+034-000-033+","0","0","0","0","0"
"214.1","H-1494","H","0","Inter-Riverine","Harappa","-","Stratum II","Clay","-","fragment","POT:T:g","1","-","??","1","0","0","0","]000-033[","000 033","033","","non_exact_or_longer","]000-033[","0","0","0","0","0"
"218.2","H-1177","H","0","Inter-Riverine","Harappa","-","Stratum IV","Steatite","-","fragment","TAB:I","2","R/L","SC","2","0","0","0","+033-720+","033 720","033","","non_exact_or_longer","+000-000-740-519+;+033-720+","0","0","0","0","0"
"220.1","H-1142","H","0","Inter-Riverine","Harappa","-","Stratum II","Faience","oval","complete","TAB:B","1","L/R","MT","4","16.5","7.6","0","+400-154-440-220+","400 154 440 220","154","","non_exact_or_longer","+400-154-440-220+","0","0","0","0","0"
"222.3","H-1354","H","0","Inter-Riverine","Harappa","-","Stratum V","Steatite","rectangular","complete","TAB:I","3","R/L","VN","2","16.3","6.4","0","+700-034+","700 034","034","700_034","+700-034+","+700-034+;+740-714-840-799+;+824-032-578-415+","0","0","0","0","0"
"225.2","-","-","0","Inter-Riverine","Harappa","-","-","Faience","circular","complete","TAB:B","2","R/L","VN","2","0","0","0","+700-033+","700 033","033","700_033","+700-033+","+700-033+","0","0","0","0","0"
"234.2","-","-","0","Inter-Riverine","Harappa","-","Stratum VI","Steatite","rectangular-round","complete","TAB:I","2","R/L","SS","4","17.8","8.9","0","+400-156-435-255+","400 156 435 255","156","","non_exact_or_longer","+400-156-435-255+","0","0","0","0","0"
"242.1","H-1362","H","0","Inter-Riverine","Harappa","-","Stratum I","Clay","-","fragment","POT:T:g","1","-","UC","1","177.8","127","0","+156[","156","156","","non_exact_or_longer","+156[","0","0","0","0","0"
"244.1","-","-","0","Inter-Riverine","Harappa","-","-","Steatite","semi-circular","fragment","MISC","1","R/L","SS","4","8.9","5.8","0","+156-384-031-400+","156 384 031 400","156","","non_exact_or_longer","+156-384-031-400+","0","0","0","0","0"
"257.1","H-1309","H","0","Inter-Riverine","Harappa","-","Stratum VI","Steatite","rectangular-round","complete","TAB:I","2","L/R","SP","5","16.5","7.6","0","+156-176-741-060-920+","156 176 741 060 920","156","","non_exact_or_longer","+156-176-741-060-920+;+700-032+","0","0","0","0","0"
"258.2","H-1121","H","0","Inter-Riverine","Harappa","-","Stratum VI","Faience","rectangular","complete","TAB:B","2","L/R","??","4","14","7.1","0","+700-033-711-817-000+","700 033 711 817 000","033","700_033","non_exact_or_longer","+400-520-220-016+;+700-033-711-817-000+","0","0","0","0","0"
"260.1","-","-","0","Inter-Riverine","Harappa","-","-","Steatite","oval","complete","TAB:I","2","R/L","VN","2","15.2","7.6","0","+700-033+","700 033","033","700_033","+700-033+","+700-033+","0","0","0","0","0"
"262.2","H-1196","H","0","Inter-Riverine","Harappa","-","Stratum VI","Steatite","rectangular","fragment","TAB:I","2","R/L","UC","2","0","7.6","0","]700-033","700 033","033","700_033","non_exact_or_longer","]000-001-031-790+;]700-033","0","0","0","0","0"
"263.1","H-1293","H","0","Inter-Riverine","Harappa","-","Stratum VI","Steatite","rectangular","slightly chipped","TAB:I","2","R/L","UC","2","11.9","7.6","0","+700-034[","700 034","034","700_034","non_exact_or_longer","+700-034[;]742-217+","0","0","0","0","0"
"264.1","H-1287","H","0","Inter-Riverine","Harappa","-","-","Steatite","rectangular","complete","TAB:I","2","R/L","SC","4","15.2","8.9","0","+400-156-140-032+","400 156 140 032","156","","non_exact_or_longer","+400-156-140-032+;+700-033+","0","0","0","0","0"
"264.2","H-1287","H","0","Inter-Riverine","Harappa","-","-","Steatite","rectangular","complete","TAB:I","2","R/L","VN","2","15.2","8.9","0","+700-033+","700 033","033","700_033","+700-033+","+400-156-140-032+;+700-033+","0","0","0","0","0"
"265.2","H-1273","H","0","Inter-Riverine","Harappa","-","Stratum VII","Steatite","rectangular","complete","TAB:I","2","R/L","VN","2","11.4","7.1","0","+700-034+","700 034","034","700_034","+700-034+","+400-740-176+;+700-034+","0","0","0","1","0"
"268.1","H-1188","H","0","Inter-Riverine","Harappa","-","Stratum VI","Steatite","rectangular","complete","TAB:I","2","R/L","VN","2","16.5","8","0","+700-033+","700 033","033","700_033","+700-033+","+700-033+;+869-000+","0","0","0","0","0"
"274.1","-","-","0","Inter-Riverine","Harappa","-","Stratum V","Steatite","prism","complete","TAB:I","2","R/L","SS","3","14.7","9.7","0","+154-435-255+","154 435 255","154","","non_exact_or_longer","+154-435-255+","0","0","0","0","0"
"274.2","-","-","0","Inter-Riverine","Harappa","-","Stratum V","Steatite","prism","complete","TAB:I","2","R/L","VN","2","14.7","9.7","0","+700-034+","700 034","034","700_034","+700-034+","+700-034+","0","0","0","0","0"
"283.1","H-1349","H","0","Inter-Riverine","Harappa","-","-","Steatite","prism","fragment","TAB:I","2","R/L","UC","2","0","6.6","0","]033-700+","033 700","033","033_700","non_exact_or_longer","+080-000[;]033-700+","0","0","0","0","0"
"285.2","-","-","0","Inter-Riverine","Harappa","-","Stratum V","Steatite","rectangular","fragment","TAB:I","2","R/L","??","1","6.9","0","0","]000-033+","000 033","033","","non_exact_or_longer","]000-033+","0","0","0","0","0"
"286.1","H-1272","H","0","Inter-Riverine","Harappa","-","Stratum V","Steatite","-","fragment","TAB:I","2","R/L","??","1","0","9.1","0","]000-033+","000 033","033","","non_exact_or_longer","+740-000[;]000-033+","0","0","0","0","0"
"290.1","H-1112","H","0","Inter-Riverine","Harappa","-","Stratum I","Faience","cylindrical","partly damaged","TAB:B","2","R/L","NV","2","11.4","0","0","+033-700+","033 700","033","033_700","+033-700+","+033-700+;+520-000-255+","0","0","0","0","0"
"300.2","-","-","0","Inter-Riverine","Harappa","-","Stratum II","-","rectangular","complete","TAB:B","2","R/L","LC","6","15.7","7.4","0","+700-033-711-335-575-413+","700 033 711 335 575 413","033","700_033","non_exact_or_longer","+700-033-711-335-575-413+","0","0","0","0","0"
"304.1","H-1190","H","0","Inter-Riverine","Harappa","-","Stratum III","Steatite","rectangular","chipped","TAB:I","2","R/L","UC","3","15.2","7.6","0","+416-590-033[","416 590 033","033","","non_exact_or_longer","+255-033[;+416-590-033[","0","0","0","0","0"
"304.2","H-1190","H","0","Inter-Riverine","Harappa","-","Stratum III","Steatite","rectangular","chipped","TAB:I","2","R/L","UC","2","15.2","7.6","0","+255-033[","255 033","033","","non_exact_or_longer","+255-033[;+416-590-033[","0","0","0","0","0"
"307.2","H-1122","H","0","Inter-Riverine","Harappa","-","-","Faience","rectangular","fragment","TAB:B","2","-","UC","1","0","8.9","0","]034+","034","034","","non_exact_or_longer","]000-760-382+;]034+","0","0","0","0","0"
"308.1","-","-","0","Inter-Riverine","Harappa","-","Stratum IV","Steatite","fish","complete","TAB:I","2","R/L","VN","2","15.2","7.1","0","+700-033+","700 033","033","700_033","+700-033+","+700-033+","0","0","0","0","0"
"310.1","H-911","H","0","Inter-Riverine","Harappa","-","Stratum IV","Steatite","rectangular","complete","TAB:I","2","R/L","SC","3","15.2","8.9","0","+416-590-033+","416 590 033","033","","non_exact_or_longer","+033-255+;+416-590-033+","0","0","0","0","0"
"310.2","H-911","H","0","Inter-Riverine","Harappa","-","Stratum IV","Steatite","rectangular","complete","TAB:I","2","R/L","ZN","2","15.2","8.9","0","+033-255+","033 255","033","","non_exact_or_longer","+033-255+;+416-590-033+","0","0","0","0","0"
"316.2","-","-","0","Inter-Riverine","Harappa","-","-","Faience","rectangular","complete","TAB:B","2","R/L","NV","2","17.8","10.2","0","+033-700+","033 700","033","033_700","+033-700+","+033-700+","0","0","0","0","0"
"322.1","H-1027","H","0","Inter-Riverine","Harappa","-","Stratum II","Steatite","square","complete","SEAL:S","1","R/L","MT","6","30.5","30.5","0","+520-033-706-231-415-803+","520 033 706 231 415 803","033","","non_exact_or_longer","+520-033-706-231-415-803+","0","0","0","0","0"
"329.1","-","-","0","Inter-Riverine","Harappa","3","-","Clay","-","fragment","POT:T:g","1","R/L","UC","2","0","0","0","]155-033+","155 033","033","","non_exact_or_longer","]155-033+","0","0","0","0","0"
"334.1","-","-","0","Inter-Riverine","Harappa","3","-","Clay","-","fragment","POT:T:g","1","NR","NU","1","0","0","0","+034+","034","034","","non_exact_or_longer","+034+","0","0","0","0","0"
"337.1","-","-","0","Inter-Riverine","Harappa","3","-","Clay","-","fragment","POT:T:g","1","NR","NU","1","0","0","0","+033+","033","033","","non_exact_or_longer","+033+","0","0","0","0","0"
"347.1","-","-","0","Inter-Riverine","Harappa","2","-","Clay","-","fragment","POT:T:g","1","NR","NU","1","0","0","0","+033+","033","033","","non_exact_or_longer","+033+","0","0","0","0","0"
"354.1","-","-","0","Inter-Riverine","Harappa","3","-","Clay","-","fragment","POT:T:g","1","NR","NU","1","0","0","0","+033+","033","033","","non_exact_or_longer","+033+","0","0","0","0","0"
"359.1","-","-","0","Inter-Riverine","Harappa","3","-","Clay","-","fragment","POT:T:g","1","NR","NU","1","0","0","0","+033+","033","033","","non_exact_or_longer","+033+","0","0","0","0","0"
"373.1","H-1924","H","0","Inter-Riverine","Harappa","3","B/C","Faience","circular","complete","TAB:B","2","R/L","NV","2","0","0","2.7","+033-700+","033 700","033","033_700","+033-700+","+033-700+;+550-003-435+","0","0","0","0","0"
"375.2","H-1881","H","0","Inter-Riverine","Harappa","3","B/C","Faience","rectangular","complete","TAB:B","2","R/L","SC","4","16","8.3","3","+415-700-033-171+","415 700 033 171","033","700_033","non_exact_or_longer","+415-700-033-171+;+700-036+","0","0","0","0","0"
"376.1","H-1800","H","0","Inter-Riverine","Harappa","3","B","Faience","rectangular","fragment","TAB:B","2","R/L","UC","2","0","8.3","5.3","+700-033[","700 033","033","700_033","non_exact_or_longer","+400-740-390-000[;+700-033[","0","0","0","0","0"
"377.1","H-1878","H","0","Inter-Riverine","Harappa","3","B/C","Faience","rectangular","complete","TAB:B","2","-","NV","2","12","12","1.7","+033-700+","033 700","033","033_700","+033-700+","+033-700+;+167-705+","0","0","0","0","0"
"380.1","H-1848","H","0","Inter-Riverine","Harappa","3","B/C","Faience","rectangular","fragment","TAB:B","2","-","??","1","0","10.7","3.8","]000-034+","000 034","034","","non_exact_or_longer","+740-636-000[;]000-034+","0","0","0","0","0"
"382.1","H-1894","H","0","Inter-Riverine","Harappa","3","B/C","Faience","rectangular","complete","TAB:B","2","R/L","VN","2","14.4","7","2.7","+700-034+","700 034","034","700_034","+700-034+","+400-740-061-140+;+700-034+","0","0","0","0","0"
"388.1","H-1874","H","0","Inter-Riverine","Harappa","3","B","Faience","rectangular","complete","TAB:B","2","R/L","VN","2","14.8","9","3.4","+700-034+","700 034","034","700_034","+700-034+","+002-220-455-000+;+700-034+","0","0","0","0","0"
"390.2","H-2063","H","0","Inter-Riverine","Harappa","3","B/C","Steatite","rectangular","complete","TAB:I","2","R/L","SS","4","14","8","3.3","+400-156-435-255+","400 156 435 255","156","","non_exact_or_longer","+400-156-435-255+;+868-706-590+","0","0","0","0","0"
"392.1","H-1858","H","0","Inter-Riverine","Harappa","3","B/C","Faience","rectangular","complete","TAB:B","2","R/L","NV","2","14.4","7.4","4","+033-700+","033 700","033","033_700","+033-700+","+033-700+;+400-137+","0","0","0","0","0"
"393.1","H-1981","H","0","Inter-Riverine","Harappa","3","B/C","Clay","rectangular","complete","TAB:B","2","R/L","VN","2","26.5","10","8","+700-034+","700 034","034","700_034","+700-034+","+000-004-745-590+;+700-034+","0","0","0","0","0"
"394.1","H-1987","H","0","Inter-Riverine","Harappa","3","B/C","Clay","rectangular","complete","TAB:B","2","R/L","VN","2","23.2","9.2","7","+700-034+","700 034","034","700_034","+700-034+","+390-004-455-371-741-590+;+700-034+","0","0","0","0","0"
"395.1","H-1994","H","0","Inter-Riverine","Harappa","3","B/C","Clay","cylindrical","complete","TAB:B","2","-","VN","2","23","0","8","+700-033+","700 033","033","700_033","+700-033+","+200-705-380+;+700-033+","0","0","0","0","0"
"396.1","H-1877","H","0","Inter-Riverine","Harappa","3","B/C","Faience","rectangular","complete","TAB:B","2","R/L","NV","2","14.5","8.2","1.8","+034-700+","034 700","034","034_700","+034-700+","+034-700+;+400-775-516+","0","0","0","0","0"
"397.1","H-2141","H","0","Inter-Riverine","Harappa","3","B/C","Steatite","rectangular","complete","TAB:I","2","R/L","VN","2","14","7.8","2.8","+700-034+","700 034","034","700_034","+700-034+","+565-740-176-231+;+700-034+","0","0","0","0","0"
"402.1","H-2015","H","0","Inter-Riverine","Harappa","3","B/C","Clay","rectangular-round","fragment","TAB:B","2","L/R","??","3","38","18","5","+033-705-235-000+","033 705 235 000","033","","non_exact_or_longer","+033-705-235-000+;+520-033-705-235-832-002-817+","0","0","0","0","0"
"402.2","H-2015","H","0","Inter-Riverine","Harappa","3","B/C","Clay","rectangular-round","fragment","TAB:B","2","L/R","LP","7","38","18","5","+520-033-705-235-832-002-817+","520 033 705 235 832 002 817","033","","non_exact_or_longer","+033-705-235-000+;+520-033-705-235-832-002-817+","0","0","0","0","0"
"406.1","H-1895","H","0","Inter-Riverine","Harappa","3","B/C","Faience","oval","complete","TAB:B","2","L/R","VN","2","13.5","8.8","2","+700-034+","700 034","034","700_034","+700-034+","+400-740-100-240+;+700-034+","0","0","0","0","0"
"407.1","H-2213","H","0","Inter-Riverine","Harappa","3","B/C","Steatite","prism","complete","TAB:I","3","R/L","VN","2","16.7","7.3","0","+700-033+","700 033","033","700_033","+700-033+","+700-033+;+740-760-840-799+;+824-032-578-415+","0","0","0","0","0"
"410.1","H-1897","H","0","Inter-Riverine","Harappa","3","B/C","Faience","isosceles trapezoid","complete","TAB:B","2","R/L","NV","2","15.5","7","2.1","+033-700+","033 700","033","033_700","+033-700+","+033-700+;+400-740-904-240+","0","0","0","0","0"
"412.1","H-2014","H","0","Inter-Riverine","Harappa","3","B/C","Clay","-","fragment","TAB:B","2","L/R","UC","3","0","19","4","+033-705-235[","033 705 235","033","","non_exact_or_longer","+033-705-235[;]000-832-002-817+","0","0","0","0","0"
"414.1","H-1915","H","0","Inter-Riverine","Harappa","3","B/C","Faience","rectangular","complete","TAB:B","2","R/L","VN","2","18.3","7.3","4.4","+700-033+","700 033","033","700_033","+700-033+","+032-920-491+;+700-033+","0","0","0","0","0"
"415.1","H-1832","H","0","Inter-Riverine","Harappa","3","B/C","Faience","rectangular","complete","TAB:B","2","R/L","VN","2","24","9","3.5","+700-034+","700 034","034","700_034","+700-034+","+400-297-352-892-590-740-176+;+700-034+","0","0","0","0","0"
"418.1","H-2140","H","0","Inter-Riverine","Harappa","3","B/C","Steatite","rectangular","complete","TAB:I","2","R/L","VN","2","14","8","2.5","+700-034+","700 034","034","700_034","+700-034+","+565-740-176-231+;+700-034+","0","0","0","0","0"
"419.1","H-1898","H","0","Inter-Riverine","Harappa","3","B/C","Faience","isosceles trapezoid","complete","TAB:B","2","R/L","VN","2","15","6.8","2.7","+700-033+","700 033","033","700_033","+700-033+","+400-368-741+;+700-033+","0","0","0","0","0"
"422.1","H-1943","H","0","Inter-Riverine","Harappa","3","B/C","Faience","prism","complete","TAB:B","2","R/L","VN","2","12.8","6.6","0","+700-034+","700 034","034","700_034","+700-034+","+700-034+;+740-384-031+","0","0","0","0","0"
"424.1","H-1845","H","0","Inter-Riverine","Harappa","3","B/C","Faience","rectangular","complete","TAB:B","2","R/L","VN","2","23.6","11.5","3","+700-034+","700 034","034","700_034","+700-034+","+700-034+;+740-642-240-060-692+","0","0","0","0","0"
"425.1","H-2125","H","0","Inter-Riverine","Harappa","3","B/C","Steatite","rectangular","complete","TAB:I","2","R/L","VN","2","18.3","9","2.5","+700-033+","700 033","033","700_033","+700-033+","+700-033+;+740-143-067+","0","0","0","0","0"
"427.1","H-1854","H","0","Inter-Riverine","Harappa","3","B/C","Faience","rectangular","complete","TAB:B","2","R/L","VN","2","15.3","8.3","2.1 - 3.3","+700-034+","700 034","034","700_034","+700-034+","+400-740-717+;+700-034+","0","0","0","0","0"
"433.2","H-1905","H","0","Inter-Riverine","Harappa","3","B/C","Faience","notched oval","complete","TAB:B","2","R/L","VN","2","14.5","9.3","1.8 - 3.5","+700-033+","700 033","033","700_033","+700-033+","+700-033+;+740-843+","0","0","0","0","0"
"434.1","H-2570","H","0","Inter-Riverine","Harappa","3","B/C","Bone","cylindrical","complete","ROD","1","R/L","VN","3","42.4","0","0","+700-034-001+","700 034 001","034","700_034","non_exact_or_longer","+700-034-001+","0","0","0","0","0"
"437.1","H-1912","H","0","Inter-Riverine","Harappa","3","B","Faience","leaf","complete","TAB:B","2","L/R","VN","2","13.6","11.7","3","+033-700+","033 700","033","033_700","+033-700+","+033-700+;+520-240+","0","0","0","0","0"
"446.1","-","-","0","Inter-Riverine","Harappa","3","C","Clay","-","fragment","POT:T:g","1","NR","NU","1","0","0","0","+033+","033","033","","non_exact_or_longer","+033+","0","0","0","0","0"
"447.1","H-2018","H","0","Inter-Riverine","Harappa","3","B","Clay","rectangular","complete","TAB:B","1","-","SC","2","16","9.5","6.3","+033-820+","033 820","033","","non_exact_or_longer","+033-820+","0","0","0","0","0"
"449.1","H-1914","H","0","Inter-Riverine","Harappa","3","B","Faience","fish","fragment","TAB:B","2","-","??","1","0","13","2.6","+033-000[","033 000","033","","non_exact_or_longer","+033-000[;+740-642[","0","0","0","0","0"
"451.1","H-1843","H","0","Inter-Riverine","Harappa","3","B","Faience","rectangular","fragment","TAB:B","2","R/L","UC","2","0","7.5","2","]700-034+","700 034","034","700_034","non_exact_or_longer","+740-690-000[;]700-034+","0","0","0","0","0"
"456.1","H-2191","H","0","Inter-Riverine","Harappa","3","B","Steatite","leaf","partly damaged","TAB:I","1","-","NV","2","15","9.4","2.5","+033-700+","033 700","033","033_700","+033-700+","+033-700+","0","0","0","0","0"
"458.1","H-1940","H","0","Inter-Riverine","Harappa","3","B","Faience","prism","complete","TAB:B","2","L/R","VN","2","15","7.5","0","+700-033+","700 033","033","700_033","+700-033+","+400-740-067-100+;+700-033+","0","0","0","0","0"
"462.1","H-1826","H","0","Inter-Riverine","Harappa","3","B","Faience","rectangular","fragment","TAB:B","2","-","UC","1","0","8","0","]034[","034","034","","non_exact_or_longer","]034[;]740-176[","0","0","0","0","0"
"467.1","H-1825","H","0","Inter-Riverine","Harappa","3","B","Faience","rectangular","complete","TAB:B","2","L/R","VN","2","14","7.7","2.5","+700-034+","700 034","034","700_034","+700-034+","+700-034+;+740-176-220+","0","0","0","0","0"
"468.1","H-1876","H","0","Inter-Riverine","Harappa","3","B","Faience","rectangular","complete","TAB:B","2","R/L","NV","2","15","9","3","+034-700+","034 700","034","034_700","+034-700+","+034-700+;+400-775-516+","0","0","0","0","0"
"470.1","H-2215","H","0","Inter-Riverine","Harappa","3","B","Steatite","prism","complete","TAB:I","3","R/L","VN","2","7.5","10","0","+700-033+","700 033","033","700_033","+700-033+","+000+;+156+;+700-033+","0","0","0","0","0"
"470.2","H-2215","H","0","Inter-Riverine","Harappa","3","B","Steatite","prism","complete","TAB:I","3","-","TS","1","7.5","10","0","+156+","156","156","","non_exact_or_longer","+000+;+156+;+700-033+","0","0","0","0","0"
"475.1","H-1948","H","0","Inter-Riverine","Harappa","3","C","Faience","prism","fragment","TAB:B","3","-","UC","1","8","9","0","]034[","034","034","","non_exact_or_longer","]000[;]034[;]740-440-920[","0","0","0","0","0"
"476.1","H-2094","H","0","Inter-Riverine","Harappa","3","C","Steatite","rectangular","complete","TAB:I","2","R/L","VN","2","12.6","7","2.5","+700-034+","700 034","034","700_034","+700-034+","+002-861-416+;+700-034+","0","0","0","0","0"
"480.1","H-1850","H","0","Inter-Riverine","Harappa","3","B/C","Faience","rectangular","complete","TAB:B","2","R/L","VN","2","17","9","2.2 - 2.8","+700-034+","700 034","034","700_034","+700-034+","+400-740-760-382+;+700-034+","0","0","0","0","0"
"482.1","H-2351","H","0","Inter-Riverine","Harappa","3","-","Clay","-","fragment","POT:T:g","1","R/L","??","2","0","0","0","+154-032-000+","154 032 000","154","","non_exact_or_longer","+154-032-000+","0","0","0","0","0"
"484.1","H-2246","H","0","Inter-Riverine","Harappa","3","C","Steatite","rectangular","complete","TAB:I","3","R/L","VN","2","14.5","5.5","3.1","+700-034+","700 034","034","700_034","+700-034+","+700-034+;+740-760-840-799+;+824-032-578-415+","0","0","0","0","0"
"487.1","H-1796","H","0","Inter-Riverine","Harappa","3","C","Faience","rectangular","complete","TAB:B","1","-","VN","2","14","7.8","4","+700-033+","700 033","033","700_033","+700-033+","+700-033+","0","0","0","0","0"
"488.1","H-2097","H","0","Inter-Riverine","Harappa","3","C","Steatite","rectangular","complete","TAB:I","2","R/L","NV","2","14.5","7.8","3.5","+034-700+","034 700","034","034_700","+034-700+","+002-861-416+;+034-700+","0","0","0","0","0"
"498.1","H-1921","H","0","Inter-Riverine","Harappa","-","-","-","circular","fragment","TAB:B","2","R/L","VX","3","0","0","0","+125-700-033+","125 700 033","033","700_033","non_exact_or_longer","+125-700-033+;]000-740-233-240+","0","0","0","0","0"
"499.1","H-1862","H","0","Inter-Riverine","Harappa","-","-","-","rectangular","complete","TAB:B","2","L/R","VX","4","22.8","9.7","0","+700-033-368-091+","700 033 368 091","033","700_033","non_exact_or_longer","+700-033-368-091+;+700-033-400-740-388+","0","0","0","0","0"
"499.2","H-1862","H","0","Inter-Riverine","Harappa","-","-","-","rectangular","complete","TAB:B","2","L/R","VX","5","22.8","9.7","0","+700-033-400-740-388+","700 033 400 740 388","033","700_033","non_exact_or_longer","+700-033-368-091+;+700-033-400-740-388+","0","0","0","0","0"
"506.1","H-1867","H","0","Inter-Riverine","Harappa","3","B","Faience","rectangular","complete","TAB:B","2","R/L","VN","2","16","8","0","+700-034+","700 034","034","700_034","+700-034+","+151-740-221+;+700-034+","0","0","0","0","0"
"508.1","H-1869","H","0","Inter-Riverine","Harappa","3","B","Faience","rectangular","complete","TAB:B","2","R/L","VN","2","15.5","7","0","+700-034+","700 034","034","700_034","+700-034+","+151-740-222+;+700-034+","0","0","0","0","0"
"509.1","H-1868","H","0","Inter-Riverine","Harappa","3","B","Faience","rectangular","complete","TAB:B","2","R/L","VN","2","15.5","7","0","+700-034+","700 034","034","700_034","+700-034+","+151-740-222+;+700-034+","0","0","0","0","0"
"512.1","H-1816","H","0","Inter-Riverine","Harappa","3","B","-","rectangular","complete","TAB:B","2","R/L","??","5","19.5","9","0","+740-033-000-335-575-413+","740 033 000 335 575 413","033","","non_exact_or_longer","+400-525-550-033-705-240+;+740-033-000-335-575-413+","0","0","0","0","0"
"512.2","H-1816","H","0","Inter-Riverine","Harappa","3","B","-","rectangular","complete","TAB:B","2","R/L","MT","6","19.5","9","0","+400-525-550-033-705-240+","400 525 550 033 705 240","033","","non_exact_or_longer","+400-525-550-033-705-240+;+740-033-000-335-575-413+","0","0","0","0","0"
"515.1","H-1908","H","0","Inter-Riverine","Harappa","3","B/C","Faience","semi-circular","complete","TAB:B","2","R/L","VN","2","14","6","0","+700-033+","700 033","033","700_033","+700-033+","+520-240+;+700-033+","0","0","0","0","0"
"516.1","H-1938","H","0","Inter-Riverine","Harappa","3","B","-","prism","complete","TAB:B","2","R/L","NV","2","18","10.5","0","+033-700+","033 700","033","033_700","+033-700+","+033-700+;+740-690-435-255+","0","0","0","0","0"
"518.1","H-2095","H","0","Inter-Riverine","Harappa","3","B","-","rectangular","complete","TAB:I","2","R/L","VN","2","17","7.5","0","+700-034+","700 034","034","700_034","+700-034+","+002-861-416+;+700-034+","0","0","0","0","0"
"530.1","H-1677","H","0","Inter-Riverine","Harappa","3","B/C","Steatite","square","partly damaged","SEAL:S","1","R/L","SS","2","21.3","19.8","7 - 13.1","+156-140+","156 140","156","","non_exact_or_longer","+156-140+","0","0","0","0","0"
"532.2","H-2069","H","0","Inter-Riverine","Harappa","3","B/C","Steatite","rectangular","complete","TAB:I","2","R/L","VX","5","17.1","9.4","3","+700-034-400-525-550+","700 034 400 525 550","034","700_034","non_exact_or_longer","+700-034-400-525-550+;+868-705-590+","0","0","0","0","0"
"540.1","-","-","0","Inter-Riverine","Harappa","3","-","Clay","-","fragment","POT:T:g","1","-","??","1","0","0","0","+034-000+","034 000","034","","non_exact_or_longer","+034-000+","0","0","0","0","0"
"542.1","-","-","0","Inter-Riverine","Harappa","3","-","Clay","-","fragment","POT:T:g","1","R/L","AN","2","0","0","0","+111-033+","111 033","033","","non_exact_or_longer","+111-033+","0","0","0","0","0"
"544.1","H-2115","H","0","Inter-Riverine","Harappa","3","B/C","Steatite","rectangular","complete","TAB:I","2","R/L","VN","2","17","10","3.5","+700-033+","700 033","033","700_033","+700-033+","+400-740-032-028+;+700-033+","0","0","0","0","0"
"549.1","H-2208","H","0","Inter-Riverine","Harappa","3","B/C","Steatite","prism","complete","TAB:I","2","R/L","NV","2","14.5","7.5","0","+034-700+","034 700","034","034_700","+034-700+","+034-700+;+400-740-032-027+","0","0","0","0","0"
"550.1","H-1822","H","0","Inter-Riverine","Harappa","3","-","Faience","cuboid","complete","TAB:B","2","R/L","VN","2","17.5","10.5","3.5","+700-033+","700 033","033","700_033","+700-033+","+400-740-176-519+;+700-033+","0","0","0","0","0"
"560.1","H-1873","H","0","Inter-Riverine","Harappa","-","-","Faience","rectangular","complete","TAB:B","2","R/L","VN","2","13.7","8.3","3.3","+700-033+","700 033","033","700_033","+700-033+","+400-236-233+;+700-033+","0","0","0","0","0"
"561.1","H-1815","H","0","Inter-Riverine","Harappa","-","-","Faience","rectangular-round","chipped","TAB:B","2","L/R","??","4","18.3","8.3","4.2","]525-550-033-705-000+","525 550 033 705 000","033","","non_exact_or_longer","+033-711-335-575-413+;]525-550-033-705-000+","0","0","0","0","0"
"561.2","H-1815","H","0","Inter-Riverine","Harappa","-","-","Faience","rectangular-round","chipped","TAB:B","2","L/R","SC","5","18.3","8.3","4.2","+033-711-335-575-413+","033 711 335 575 413","033","","non_exact_or_longer","+033-711-335-575-413+;]525-550-033-705-000+","0","0","0","0","0"
"563.1","H-1949","H","0","Inter-Riverine","Harappa","-","-","Faience","prism","fragment","TAB:B","1","NR","UC","1","0","7.5","0","]033+","033","033","","non_exact_or_longer","]033+","0","0","0","0","0"
"578.1","H-2197","H","0","Inter-Riverine","Harappa","3","B/C","Steatite","circular","complete","TAB:I","2","R/L","VN","2","0","0","3.6","+700-033+","700 033","033","700_033","+700-033+","+400-090-740-100-390-231+;+700-033+","0","0","0","0","0"
"581.1","H-1990","H","0","Inter-Riverine","Harappa","3","B/C","Clay","rectangular","complete","TAB:B","2","R/L","SC","5","22","8.4","6.5","+851-740-705-924-156+","851 740 705 924 156","156","","non_exact_or_longer","+700-033-711-335-575-413+;+851-740-705-924-156+","0","0","0","0","0"
"581.2","H-1990","H","0","Inter-Riverine","Harappa","3","B/C","Clay","rectangular","complete","TAB:B","2","R/L","LC","6","22","8.4","6.5","+700-033-711-335-575-413+","700 033 711 335 575 413","033","700_033","non_exact_or_longer","+700-033-711-335-575-413+;+851-740-705-924-156+","0","0","0","0","0"
"592.1","H-1999","H","0","Inter-Riverine","Harappa","3","B/C","Clay","twisted cuboid","complete","TAB:B","1","R/L","SS","4","23.6","23.6","2","+400-154-806-467+","400 154 806 467","154","","non_exact_or_longer","+400-154-806-467+","0","0","0","0","0"
"593.1","H-1839","H","0","Inter-Riverine","Harappa","3","B/C","Faience","rectangular","complete","TAB:B","2","R/L","VN","2","18.5","9.8","3.9","+700-033+","700 033","033","700_033","+700-033+","+700-033+;+740-100-175-630-705+","0","0","0","0","0"
"596.2","H-2139","H","0","Inter-Riverine","Harappa","3","B/C","Steatite","rectangular","complete","TAB:I","2","R/L","MT","5","15","8.6","3.6","+740-176-033-705-235+","740 176 033 705 235","033","","non_exact_or_longer","+700-032+;+740-176-033-705-235+","0","0","0","0","0"
"598.1","H-1859","H","0","Inter-Riverine","Harappa","3","B/C","Faience","rectangular","complete","TAB:B","2","R/L","NV","2","13.5","7.4","4.8","+033-700+","033 700","033","033_700","+033-700+","+033-700+;+400-137+","0","0","0","0","0"
"605.1","H-2265","H","0","Inter-Riverine","Harappa","3","-","Clay","-","fragment","POT:T:g","1","R/L","??","4","0","0","0","]300-490-999-390-033-000[","300 490 999 390 033 000","033","","non_exact_or_longer","]300-490-999-390-033-000[","0","0","0","0","0"
"609.1","-","-","0","Inter-Riverine","Harappa","-","-","Clay","-","fragment","POsT:T:g","1","R/L","SC","2","0","0","0","+034-705+","034 705","034","","non_exact_or_longer","+034-705+","0","0","0","0","0"
"612.1","-","-","0","Inter-Riverine","Harappa","-","-","Clay","-","fragment","POT:T:g","1","NR","NU","1","0","0","0","+033+","033","033","","non_exact_or_longer","+033+","0","0","0","0","0"
"621.2","-","-","0","Inter-Riverine","Harappa","-","-","Steatite","rectangular","complete","TAB:I","2","R/L","VN","2","13.5","8","3","+700-034+","700 034","034","700_034","+700-034+","+700-034+","0","0","0","0","0"
"624.1","H-1817","H","0","Inter-Riverine","Harappa","3","-","Faience","rectangular","complete","TAB:B","2","R/L","VN","2","13.5","8","3.3","+700-034+","700 034","034","700_034","+700-034+","+400-525-554+;+700-034+","0","0","0","0","0"
"626.1","H-1662","H","0","Inter-Riverine","Harappa","3","B/C","Steatite","square","partly damaged","SEAL:S","1","R/L","2L","8","30.4","31.7","7.6","+033-033/740-142-061-140-002-546+","033 033 740 142 061 140 002 546","033","","non_exact_or_longer","+033-033/740-142-061-140-002-546+","0","0","0","0","0"
"628.2","H-1899","H","0","Inter-Riverine","Harappa","3","-","Faience","rectangular-round","complete","TAB:B","2","R/L","SS","3","13.5","8.8","3.5","+520-033-033+","520 033 033","033","","non_exact_or_longer","+032-032-700+;+520-033-033+","0","0","0","0","0"
"629.2","H-1801","H","0","Inter-Riverine","Harappa","3","B/C","Faience","rectangular","chipped","TAB:B","2","R/L","??","2","13.3","9","5.1","]000-033-605+","000 033 605","033","","non_exact_or_longer","+740-390-590-741[;]000-033-605+","0","0","0","0","0"
"630.1","H-2207","H","0","Inter-Riverine","Harappa","3","B/C","Steatite","prism","complete","TAB:I","2","R/L","VN","3","15","7.5","0","+700-031-033+","700 031 033","033","","non_exact_or_longer","+400-740-032-027+;+700-031-033+","0","0","0","0","0"
"631.1","H-1842","H","0","Inter-Riverine","Harappa","3","B/C","Faience","rectangular","complete","TAB:B","2","R/L","NV","2","18.4","9.2","4.9","+033-700+","033 700","033","033_700","+033-700+","+033-700+;+740-690-435-176-233-803+","0","0","0","0","0"
"635.1","H-1814","H","0","Inter-Riverine","Harappa","3","B/C","Faience","rectangular","complete","TAB:B","2","R/L","MT","6","18.4","9.4","4.3","+400-525-550-033-705-240+","400 525 550 033 705 240","033","","non_exact_or_longer","+400-525-550-033-705-240+;+740-033-711-335-575-413+","0","0","0","0","0"
"635.2","H-1814","H","0","Inter-Riverine","Harappa","3","B/C","Faience","rectangular","complete","TAB:B","2","R/L","LC","6","18.4","9.4","4.3","+740-033-711-335-575-413+","740 033 711 335 575 413","033","","non_exact_or_longer","+400-525-550-033-705-240+;+740-033-711-335-575-413+","0","0","0","0","0"
"636.2","H-1884","H","0","Inter-Riverine","Harappa","3","B/C","Faience","rectangular","fragment","TAB:B","2","-","UC","1","0","7.5","5.6","]033+","033","033","","non_exact_or_longer","]000-490+;]033+","0","0","0","0","0"
"637.1","H-1860","H","0","Inter-Riverine","Harappa","3","B/C","Faience","rectangular","complete","TAB:B","2","R/L","VN","2","13.5","8","4","+700-034+","700 034","034","700_034","+700-034+","+400-097+;+700-034+","0","0","0","0","0"
"638.1","H-2209","H","0","Inter-Riverine","Harappa","3","B/C","Steatite","prism","complete","TAB:I","2","R/L","VN","2","16","7","0","+700-033+","700 033","033","700_033","+700-033+","+400-740-032-025+;+700-033+","0","0","0","0","0"
"641.1","H-2205","H","0","Inter-Riverine","Harappa","3","B/C","Steatite","prism","fragment","TAB:I","2","R/L","UC","1","0","7.5","0","]034+","034","034","","non_exact_or_longer","]034+;]740-032-027+","0","0","0","0","0"
"642.2","H-2105","H","0","Inter-Riverine","Harappa","3","B/C","Steatite","rectangular","complete","TAB:I","2","R/L","VN","2","11.5","7.5","3","+700-034+","700 034","034","700_034","+700-034+","+137+;+700-034+","0","0","0","0","0"
"646.1","H-1824","H","0","Inter-Riverine","Harappa","3","B/C","Faience","rectangular","complete","TAB:B","2","R/L","VN","2","15.7","7.3","4.3","+700-034+","700 034","034","700_034","+700-034+","+700-034+;+740-176-031-060-201+","0","0","0","0","0"
"647.1","H-2062","H","0","Inter-Riverine","Harappa","3","B/C","Steatite","rectangular","complete","TAB:I","2","R/L","SS","4","16.5","8.5","3.5","+400-156-435-255+","400 156 435 255","156","","non_exact_or_longer","+400-156-435-255+;+868-705-590+","0","0","0","0","0"
"648.1","H-2106","H","0","Inter-Riverine","Harappa","3","B/C","Steatite","rectangular","chipped","TAB:I","2","-","UC","1","12","7.5","3","]034+","034","034","","non_exact_or_longer","]034+;]137+","0","0","0","0","0"
"649.1","H-1823","H","0","Inter-Riverine","Harappa","3","B?","Faience","rectangular","complete","TAB:B","2","R/L","VN","2","13.5","7.5","3.2","+700-034+","700 034","034","700_034","+700-034+","+400-740-798-365-415-001+;+700-034+","0","0","0","0","0"
"653.1","H-1813","H","0","Inter-Riverine","Harappa","3","B/C","Faience","rectangular","complete","TAB:B","2","R/L","MT","6","19.2","9.6","4.1","+400-525-550-033-705-220+","400 525 550 033 705 220","033","","non_exact_or_longer","+400-525-550-033-705-220+;+700-033-711-335-575-413+","0","0","0","0","0"
"653.2","H-1813","H","0","Inter-Riverine","Harappa","3","B/C","Faience","rectangular","complete","TAB:B","2","R/L","LC","6","19.2","9.6","4.1","+700-033-711-335-575-413+","700 033 711 335 575 413","033","700_033","non_exact_or_longer","+400-525-550-033-705-220+;+700-033-711-335-575-413+","0","0","0","0","0"
"657.1","H-2179","H","0","Inter-Riverine","Harappa","3","B/C","Steatite","-","fragment","TAB:I","1","-","UC","1","0","0","0","]033[","033","033","","non_exact_or_longer","]033[","0","0","0","0","0"
"659.1","H-2204","H","0","Inter-Riverine","Harappa","3","B/C","Steatite","prism","complete","TAB:I","2","R/L","VN","2","19","7.3","0","+700-034+","700 034","034","700_034","+700-034+","+400-740-032-027+;+700-034+","0","0","0","0","0"
"660.1","H-1875","H","0","Inter-Riverine","Harappa","3","B/C","Faience","rectangular","fragment","TAB:B","2","-","UC","1","0","9","3","]033+","033","033","","non_exact_or_longer","+400-775[;]033+","0","0","0","0","0"
"665.1","H-2096","H","0","Inter-Riverine","Harappa","3","B/C","-","rectangular","complete","TAB:I","2","R/L","VN","2","13.5","8","0","+700-034+","700 034","034","700_034","+700-034+","+002-861-416+;+700-034+","0","0","0","0","0"
"668.1","H-1672","H","0","Inter-Riverine","Harappa","3","B/C","Steatite","square","complete","SEAL:S","1","R/L","SC","5","23.1","23.1","6.6 - 11.8","+740-400-142-061-033+","740 400 142 061 033","033","","non_exact_or_longer","+740-400-142-061-033+","0","0","0","0","0"
"671.2","H-2066","H","0","Inter-Riverine","Harappa","3","B/C","Steatite","rectangular","complete","TAB:I","2","L/R","SS","4","17.2","9","3.5","+400-156-435-255+","400 156 435 255","156","","non_exact_or_longer","+400-156-435-255+;+868-706-590+","0","0","0","0","0"
"672.1","H-2214","H","0","Inter-Riverine","Harappa","3","B/C","Steatite","prism","complete","TAB:I","3","R/L","VN","2","14.5","6.5","0","+700-033+","700 033","033","700_033","+700-033+","+700-033+;+740-760-840-799+;+876-032-578-415+","0","0","0","0","0"
"675.1","H-1903","H","0","Inter-Riverine","Harappa","3","B/C","Faience","hexagonal","complete","TAB:B","2","R/L","VN","2","20.3","10.7","2.8","+033-700+","033 700","033","033_700","+033-700+","+033-700+;+740-923-235+","0","0","0","0","0"
"686.1","H-1846","H","0","Inter-Riverine","Harappa","-","-","Faience","rectangular","complete","TAB:B","2","R/L","VN","2","23.5","11","5","+700-034+","700 034","034","700_034","+700-034+","+700-034+;+740-603-240-060-692+","0","0","0","0","0"
"687.1","H-1989","H","0","Inter-Riverine","Harappa","3","B/C","Clay","rectangular","complete","TAB:B","2","R/L","SC","5","22","9.2","6.3","+851-740-705-924-156+","851 740 705 924 156","156","","non_exact_or_longer","+700-033-711-335-575-413+;+851-740-705-924-156+","0","0","0","0","0"
"687.2","H-1989","H","0","Inter-Riverine","Harappa","3","B/C","Clay","rectangular","complete","TAB:B","2","R/L","LC","6","22","9.2","6.3","+700-033-711-335-575-413+","700 033 711 335 575 413","033","700_033","non_exact_or_longer","+700-033-711-335-575-413+;+851-740-705-924-156+","0","0","0","0","0"
"689.1","H-1988","H","0","Inter-Riverine","Harappa","3","B/C","Clay","rectangular","complete","TAB:B","2","R/L","SC","5","23.1","9.4","6.3","+851-740-705-924-156+","851 740 705 924 156","156","","non_exact_or_longer","+700-033-711-335-575-413+;+851-740-705-924-156+","0","0","0","0","0"
"689.2","H-1988","H","0","Inter-Riverine","Harappa","3","B/C","Clay","rectangular","complete","TAB:B","2","R/L","LC","6","23.1","9.4","6.3","+700-033-711-335-575-413+","700 033 711 335 575 413","033","700_033","non_exact_or_longer","+700-033-711-335-575-413+;+851-740-705-924-156+","0","0","0","0","0"
"690.1","H-1982","H","0","Inter-Riverine","Harappa","3","B","Clay","cylindrical","complete","TAB:B","2","R/L","VN","2","28.1","0","8","+700-034+","700 034","034","700_034","+700-034+","+390-000-742-000+;+700-034+","0","0","0","0","0"
"693.1","H-2238","H","1","Inter-Riverine","Harappa","3","B/C","Steatite","prism","complete","TAB:I","3","R/L","VN","2","11","6.9","0","+700-033+","700 033","033","700_033","+700-033+","+156-003+;+700-033+;+861-003+","1","1","0","0","0"
"693.3","H-2238","H","1","Inter-Riverine","Harappa","3","B/C","Steatite","prism","complete","TAB:I","3","R/L","SS","2","11","6.9","0","+156-003+","156 003","156","156_003","+156-003+","+156-003+;+700-033+;+861-003+","1","1","0","0","0"
"696.1","H-2138","H","0","Inter-Riverine","Harappa","3","C","Steatite","rectangular","fragment","TAB:I","2","-","UC","1","0","7.7","2.8","]034+","034","034","","non_exact_or_longer","]000-740-176+;]034+","0","0","0","0","0"
"698.1","H-2126","H","0","Inter-Riverine","Harappa","3","B","Steatite","rectangular","fragment","TAB:I","2","-","UC","1","0","8.4","3.1","]033[","033","033","","non_exact_or_longer","]000-061[;]033[","0","0","0","0","0"
"699.1","H-1856","H","0","Inter-Riverine","Harappa","2/3","-","Faience","rectangular","complete","TAB:B","2","-","NV","2","16","7.8","2","+033-700+","033 700","033","033_700","+033-700+","+033-700+;+951-090+","0","0","0","0","0"
"701.1","H-2272","H","0","Inter-Riverine","Harappa","3","-","Clay","-","complete","POT:T:g","1","R/L","NV","2","0","0","0","+033-700+","033 700","033","033_700","+033-700+","+033-700+","0","0","0","0","0"
"704.1","H-2261","H","0","Inter-Riverine","Harappa","3","-","Clay","-","fragment","POT:T:g","1","-","??","1","0","0","0","+000-000/033[","000 000 033","033","","non_exact_or_longer","+000-000/033[","0","0","0","0","0"
"706.1","-","-","0","Inter-Riverine","Harappa","3","-","Clay","-","fragment","POT:T:g","1","NR","NU","1","0","0","0","+033+","033","033","","non_exact_or_longer","+033+","0","0","0","0","0"
"708.1","H-2268","H","0","Inter-Riverine","Harappa","3","-","Clay","-","fragment","POT:T:g","1","R/L","??","3","0","0","0","+740-495-000-034+","740 495 000 034","034","","non_exact_or_longer","+740-495-000-034+","0","0","0","0","0"
"711.1","-","-","0","Inter-Riverine","Harappa","-","-","Clay","-","fragment","POT:T:g","1","NR","NU","1","0","0","0","+034+","034","034","","non_exact_or_longer","+034+","0","0","0","0","0"
"717.1","-","-","0","Inter-Riverine","Harappa","-","-","Clay","-","fragment","POT:T:g","1","-","NV","2","0","0","0","+033-700+","033 700","033","033_700","+033-700+","+033-700+","0","0","0","0","0"
"718.1","-","-","0","Inter-Riverine","Harappa","-","-","Clay","-","fragment","POT:T:g","1","R/L","MT","5","0","0","0","+740-175-415-033-001+","740 175 415 033 001","033","","non_exact_or_longer","+740-175-415-033-001+","0","0","0","0","0"
"721.1","-","-","0","Inter-Riverine","Harappa","3","-","Clay","-","fragment","POT:T:g","1","NR","NU","1","0","0","0","+033+","033","033","","non_exact_or_longer","+033+","0","0","0","0","0"
"725.1","-","-","0","Inter-Riverine","Harappa","-","-","Clay","-","fragment","POT:T:g","1","R/L","??","2","0","0","0","]000-700-033+","000 700 033","033","700_033","non_exact_or_longer","]000-700-033+","0","0","0","0","0"
"728.2","-","-","0","Inter-Riverine","Harappa","-","-","Clay","-","complete","POT:T:g","2","NR","NU","1","0","0","0","+034+","034","034","","non_exact_or_longer","+034+","0","0","0","0","0"
"731.1","H-1670","H","0","Inter-Riverine","Harappa","3","B/C","Steatite","square","complete","SEAL:S","1","R/L","LP","7","29.2","28.8","6.8 - 14.5","+740-760-033-033-240-002-824+","740 760 033 033 240 002 824","033","","non_exact_or_longer","+740-760-033-033-240-002-824+","0","0","0","0","0"
"732.1","H-2131","H","0","Inter-Riverine","Harappa","3","C","Steatite","rectangular","complete","TAB:I","2","R/L","VN","2","14","8.2","2.6","+700-033+","700 033","033","700_033","+700-033+","+368-900+;+700-033+","0","0","0","0","0"
"738.1","H-2074","H","0","Inter-Riverine","Harappa","3","B","Steatite","rectangular","fragment","TAB:I","2","R/L","UC","4","0","7.5","3","+700-034-690-365[","700 034 690 365","034","700_034","non_exact_or_longer","+700-034-690-365[;+740-760-000[","0","0","0","0","0"
"740.2","-","-","0","Inter-Riverine","Harappa","-","-","Steatite","rectangular","complete","TAB:I","2","R/L","VN","2","13","6.5","2.5","+700-034+","700 034","034","700_034","+700-034+","+700-034+","0","0","0","0","0"
"742.2","H-1810","H","0","Inter-Riverine","Harappa","3","C","Faience","rectangular","complete","TAB:B","2","R/L","SC","5","27","11.8","4.8","+033-711-335-575-413+","033 711 335 575 413","033","","non_exact_or_longer","+033-711-335-575-413+;+740-048-741-851+","0","0","0","0","0"
"743.2","H-1907","H","0","Inter-Riverine","Harappa","3","B/C","Faience","heart","complete","TAB:B","2","R/L","VN","2","11","8","2.5","+700-034+","700 034","034","700_034","+700-034+","+520-240+;+700-034+","0","0","0","0","0"
"744.1","H-1993","H","0","Inter-Riverine","Harappa","3","C","Clay","rectangular","complete","TAB:B","2","R/L","VN","2","29.2","10.7","6.2","+700-033+","700 033","033","700_033","+700-033+","+700-033+;+740-000-220-004-002-390-095+","0","0","0","0","0"
"751.1","H-1872","H","0","Inter-Riverine","Harappa","3","C","Faience","rectangular","complete","TAB:B","2","R/L","VN","2","13.9","8","4.2","+700-033+","700 033","033","700_033","+700-033+","+400-236-220+;+700-033+","0","0","0","0","0"
"752.1","H-2143","H","0","Inter-Riverine","Harappa","3","B","-","rectangular","complete","TAB:I","2","R/L","VN","2","13.5","6.5","0","+700-034+","700 034","034","700_034","+700-034+","+090-740-792+;+700-034+","0","0","0","0","0"
"755.1","H-1947","H","0","Inter-Riverine","Harappa","3","B/C","Faience","prism","complete","TAB:B","3","R/L","VN","2","19","8","0","+700-033+","700 033","033","700_033","+700-033+","+700-033+;+740-000-031+;+740-630-000+","0","0","0","0","0"
"758.2","H-1768","H","0","Inter-Riverine","Harappa","3","B/C","Faience","square","complete","TAB:B","2","R/L","VN","2","11.2","11.2","2","+700-033+","700 033","033","700_033","+700-033+","+144+;+700-033+","0","0","0","0","0"
"762.1","H-2098","H","0","Inter-Riverine","Harappa","3","B/C","Steatite","rectangular","chipped","TAB:I","2","-","NV","2","15","9","3.3","+034-700+","034 700","034","034_700","+034-700+","+034-700+;]861-416+","0","0","0","0","0"
"769.2","H-2239","H","1","Inter-Riverine","Harappa","3","B/C","Steatite","prism","complete","TAB:I","3","R/L","VN","2","9.5","6.2","0","+700-034+","700 034","034","700_034","+700-034+","+156-003+;+700-034+;+861-003+","1","1","0","0","0"
"769.3","H-2239","H","1","Inter-Riverine","Harappa","3","B/C","Steatite","prism","complete","TAB:I","3","R/L","SS","2","9.5","6.2","0","+156-003+","156 003","156","156_003","+156-003+","+156-003+;+700-034+;+861-003+","1","1","0","0","0"
"772.1","H-1831","H","0","Inter-Riverine","Harappa","3","B/C","Faience","rectangular","slightly chipped","TAB:B","2","R/L","VN","2","12.5","6","3.5 - 4.8","+700-034+","700 034","034","700_034","+700-034+","+156-176+;+700-034+","0","0","0","0","0"
"772.2","H-1831","H","0","Inter-Riverine","Harappa","3","B/C","Faience","rectangular","slightly chipped","TAB:B","2","R/L","SS","2","12.5","6","3.5 - 4.8","+156-176+","156 176","156","","non_exact_or_longer","+156-176+;+700-034+","0","0","0","0","0"
"773.1","H-1830","H","0","Inter-Riverine","Harappa","3","B/C","Faience","rectangular","complete","TAB:B","2","R/L","VN","2","11.2","6.5","5","+700-034+","700 034","034","700_034","+700-034+","+156-176+;+700-034+","0","0","0","0","0"
"773.2","H-1830","H","0","Inter-Riverine","Harappa","3","B/C","Faience","rectangular","complete","TAB:B","2","R/L","SS","2","11.2","6.5","5","+156-176+","156 176","156","","non_exact_or_longer","+156-176+;+700-034+","0","0","0","0","0"
"774.1","H-1861","H","0","Inter-Riverine","Harappa","3","B/C","Faience","rectangular","complete","TAB:B","2","R/L","VN","2","13.2","7.2","3.8","+700-033+","700 033","033","700_033","+700-033+","+368-091+;+700-033+","0","0","0","0","0"
"780.1","H-1844","H","0","Inter-Riverine","Harappa","3","B","Faience","rectangular","complete","TAB:B","2","R/L","VN","2","12.6","7.5","3","+700-034+","700 034","034","700_034","+700-034+","+400-154-690+;+700-034+","0","0","0","0","0"
"780.2","H-1844","H","0","Inter-Riverine","Harappa","3","B","Faience","rectangular","complete","TAB:B","2","R/L","SC","3","12.6","7.5","3","+400-154-690+","400 154 690","154","","non_exact_or_longer","+400-154-690+;+700-034+","0","0","0","0","0"
"784.1","H-1871","H","0","Inter-Riverine","Harappa","3","B/C","Faience","rectangular","complete","TAB:B","2","R/L","VN","2","13","7.2","0","+700-034+","700 034","034","700_034","+700-034+","+151-740-235+;+700-034+","0","0","0","0","0"
"786.1","H-2099","H","0","Inter-Riverine","Harappa","3","C","Steatite","rectangular","complete","TAB:I","2","R/L","ZN","2","13","7","2.6","+255-033+","255 033","033","","non_exact_or_longer","+255-033+;+416-590-033+","0","0","0","0","0"
"786.2","H-2099","H","0","Inter-Riverine","Harappa","3","C","Steatite","rectangular","complete","TAB:I","2","R/L","SC","3","13","7","2.6","+416-590-033+","416 590 033","033","","non_exact_or_longer","+255-033+;+416-590-033+","0","0","0","0","0"
"791.1","H-1807","H","0","Inter-Riverine","Harappa","3","B","Faience","rectangular","fragment","TAB:B","2","-","UC","1","0","7","3","]034+","034","034","","non_exact_or_longer","+235-840[;]034+","0","0","0","0","0"
"792.2","H-1835","H","0","Inter-Riverine","Harappa","3","B/C","Faience","rectangular","fragment","TAB:B","2","-","UC","1","0","5.3","3.3","]033[","033","033","","non_exact_or_longer","]033[;]436-032-923[","0","0","0","0","0"
"794.1","H-2237","H","1","Inter-Riverine","Harappa","3","B","Steatite","prism","complete","TAB:I","3","R/L","VN","2","10","6.5","0","+700-034+","700 034","034","700_034","+700-034+","+154-003+;+700-034+;+861-003+","1","0","1","0","0"
"794.3","H-2237","H","1","Inter-Riverine","Harappa","3","B","Steatite","prism","complete","TAB:I","3","R/L","SS","2","10","6.5","0","+154-003+","154 003","154","154_003","+154-003+","+154-003+;+700-034+;+861-003+","1","0","1","0","0"
"802.1","-","-","0","Inter-Riverine","Harappa","-","-","Clay","unusual","complete","MISC","1","NR","NU","1","0","0","0","+033+","033","033","","non_exact_or_longer","+033+","0","0","0","0","0"
"803.1","H-1911","H","0","Inter-Riverine","Harappa","3","B","Faience","-","fragment","TAB:B","2","-","UC","1","0","0","3","+034[","034","034","","non_exact_or_longer","+034[;]033-000+","0","0","0","0","0"
"803.2","H-1911","H","0","Inter-Riverine","Harappa","3","B","Faience","-","fragment","TAB:B","2","-","??","1","0","0","3","]033-000+","033 000","033","","non_exact_or_longer","+034[;]033-000+","0","0","0","0","0"
"804.2","H-2064","H","0","Inter-Riverine","Harappa","3","B","Steatite","rectangular","fragment","TAB:I","2","R/L","UC","3","0","9.8","3","]156-435-255+","156 435 255","156","","non_exact_or_longer","+868-706[;]156-435-255+","0","0","0","0","0"
"805.1","H-1788","H","0","Inter-Riverine","Harappa","3","B/C","Faience","rectangular","complete","TAB:B","1","R/L","SP","5","27.2","13.3","5","+154-806-470-002-861+","154 806 470 002 861","154","","non_exact_or_longer","+154-806-470-002-861+","0","0","0","0","0"
"809.1","H-1731","H","0","Inter-Riverine","Harappa","3","C","Clay","-","fragment","POT:T:s","1","R/L","??","2","0","0","0","]154-806-000[","154 806 000","154","","non_exact_or_longer","]154-806-000[","0","0","0","0","0"
"810.1","H-1682","H","0","Inter-Riverine","Harappa","3","B/C","Steatite","square","complete","SEAL:S","1","R/L","SC","4","20.4","19.8","6.2 - 10.3","+154-003-617-033+","154 003 617 033","033;154","154_003","non_exact_or_longer","+154-003-617-033+","0","0","0","0","0"
"812.1","H-2155","H","0","Inter-Riverine","Harappa","3","B/C","Steatite","rectangular","complete","TAB:I","2","R/L","VN","2","9.2","7.1","2.7","+700-034+","700 034","034","700_034","+700-034+","+400-236+;+700-034+","0","0","0","0","0"
"814.2","H-2134","H","0","Inter-Riverine","Harappa","3","B","Steatite","rectangular","complete","TAB:I","2","-","VN","2","14","8.5","2.5","+700-034+","700 034","034","700_034","+700-034+","+001-480-388-032+;+700-034+","0","0","0","0","0"
"815.1","H-2154","H","0","Inter-Riverine","Harappa","3","B/C","Steatite","rectangular","complete","TAB:I","2","R/L","NV","2","14","6","3.4","+034-700+","034 700","034","034_700","+034-700+","+034-700+;+400-226+","0","0","0","0","0"
"818.1","H-2285","H","0","Inter-Riverine","Harappa","3","B","Clay","-","fragment","POT:T:g","1","-","UC","2","0","0","0","]034-031[","034 031","034","","non_exact_or_longer","]034-031[","0","0","0","0","0"
"819.1","-","-","0","Inter-Riverine","Harappa","-","-","Ivory","rectangular","chipped","ROD","1","-","??","1","0","0","0","+033-000-000-000[","033 000 000 000","033","","non_exact_or_longer","+033-000-000-000[","0","0","0","0","0"
"823.1","H-2130","H","0","Inter-Riverine","Harappa","3","C","Steatite","rectangular","complete","TAB:I","2","R/L","VN","2","14.2","8.4","2.8","+700-034+","700 034","034","700_034","+700-034+","+365-900+;+700-034+","0","0","0","0","0"
"824.2","H-1775","H","0","Inter-Riverine","Harappa","3","B/C","Faience","rectangular","complete","TAB:B","2","R/L","??","3","32","12","6.1","+220-000-700-033+","220 000 700 033","033","700_033","non_exact_or_longer","+220-000-700-033+;+740-100-415-176-792-102+","0","0","0","0","0"
"827.1","H-2145","H","0","Inter-Riverine","Harappa","3","B","Steatite","rectangular","complete","TAB:I","2","-","VN","2","10.3","7","2.3","+700-034+","700 034","034","700_034","+700-034+","+074-220-415+;+700-034+","0","0","0","0","0"
"831.1","H-1880","H","0","Inter-Riverine","Harappa","3","B","Faience","rectangular","complete","TAB:B","2","R/L","NV","2","13.3","8","2.7","+034-700+","034 700","034","034_700","+034-700+","+034-700+;+520-033-033+","0","0","0","0","0"
"831.2","H-1880","H","0","Inter-Riverine","Harappa","3","B","Faience","rectangular","complete","TAB:B","2","R/L","SS","3","13.3","8","2.7","+520-033-033+","520 033 033","033","","non_exact_or_longer","+034-700+;+520-033-033+","0","0","0","0","0"
"832.2","H-2229","H","1","Inter-Riverine","Harappa","3","B","Steatite","prism","complete","TAB:I","3","R/L","VN","2","10","6","0","+700-034+","700 034","034","700_034","+700-034+","+156-003+;+700-034+;+861-003+","1","1","0","0","0"
"832.3","H-2229","H","1","Inter-Riverine","Harappa","3","B","Steatite","prism","complete","TAB:I","3","R/L","SS","2","10","6","0","+156-003+","156 003","156","156_003","+156-003+","+156-003+;+700-034+;+861-003+","1","1","0","0","0"
"833.2","H-2159","H","0","Inter-Riverine","Harappa","3","B","Steatite","-","fragment","TAB:I","2","-","??","2","0","0","2.4","]400-033-000[","400 033 000","033","","non_exact_or_longer","]000-484-000[;]400-033-000[","0","0","0","0","0"
"844.1","H-2221","H","1","Inter-Riverine","Harappa","3","-","Steatite","prism","complete","TAB:I","3","R/L","VN","2","12.2","7.2","0","+700-034+","700 034","034","700_034","+700-034+","+156-003+;+700-034+;+861-003+","1","1","0","0","0"
"844.3","H-2221","H","1","Inter-Riverine","Harappa","3","-","Steatite","prism","complete","TAB:I","3","R/L","SS","2","12.2","7.2","0","+156-003+","156 003","156","156_003","+156-003+","+156-003+;+700-034+;+861-003+","1","1","0","0","0"
"845.2","H-2222","H","1","Inter-Riverine","Harappa","3","-","Steatite","prism","complete","TAB:I","3","R/L","VN","2","12.2","7.2","0","+700-034+","700 034","034","700_034","+700-034+","+156-003+;+700-034+;+861-003+","1","1","0","0","0"
"845.3","H-2222","H","1","Inter-Riverine","Harappa","3","-","Steatite","prism","complete","TAB:I","3","R/L","SS","2","12.2","7.2","0","+156-003+","156 003","156","156_003","+156-003+","+156-003+;+700-034+;+861-003+","1","1","0","0","0"
"846.2","H-2223","H","1","Inter-Riverine","Harappa","3","-","Steatite","prism","complete","TAB:I","3","R/L","VN","2","11.2","7.5","0","+700-034+","700 034","034","700_034","+700-034+","+156-003+;+700-034+;+861-003+","1","1","0","0","0"
"846.3","H-2223","H","1","Inter-Riverine","Harappa","3","-","Steatite","prism","complete","TAB:I","3","R/L","SS","2","11.2","7.5","0","+156-003+","156 003","156","156_003","+156-003+","+156-003+;+700-034+;+861-003+","1","1","0","0","0"
"847.2","H-2236","H","1","Inter-Riverine","Harappa","3","-","steatite","prism","complete","TAB:I","3","R/L","VN","2","9","5.9","0","+700-034+","700 034","034","700_034","+700-034+","+156-003+;+700-034+;+861-003+","1","1","0","0","0"
"847.3","H-2236","H","1","Inter-Riverine","Harappa","3","-","steatite","prism","complete","TAB:I","3","R/L","SS","2","9","5.9","0","+156-003+","156 003","156","156_003","+156-003+","+156-003+;+700-034+;+861-003+","1","1","0","0","0"
"850.1","H-2230","H","1","Inter-Riverine","Harappa","3","-","Steatite","prism","complete","TAB:I","3","R/L","VN","2","10","7.2","0","+700-034+","700 034","034","700_034","+700-034+","+156-003+;+700-034+;+861-003+","1","1","0","0","0"
"850.3","H-2230","H","1","Inter-Riverine","Harappa","3","-","Steatite","prism","complete","TAB:I","3","R/L","SS","2","10","7.2","0","+156-003+","156 003","156","156_003","+156-003+","+156-003+;+700-034+;+861-003+","1","1","0","0","0"
"851.2","H-2220","H","1","Inter-Riverine","Harappa","3","-","Steatite","prism","slightly chipped","TAB:I","3","R/L","VN","2","12","8.2","0","+700-034+","700 034","034","700_034","+700-034+","+156-003+;+700-034+;+861-003+","1","1","0","0","0"
"851.3","H-2220","H","1","Inter-Riverine","Harappa","3","-","Steatite","prism","slightly chipped","TAB:I","3","R/L","SS","2","12","8.2","0","+156-003+","156 003","156","156_003","+156-003+","+156-003+;+700-034+;+861-003+","1","1","0","0","0"
"852.1","H-2226","H","1","Inter-Riverine","Harappa","3","-","Steatite","prism","complete","TAB:I","3","R/L","VN","2","11","7","0","+700-034+","700 034","034","700_034","+700-034+","+156-003+;+700-034+;+861-003+","1","1","0","0","0"
"852.3","H-2226","H","1","Inter-Riverine","Harappa","3","-","Steatite","prism","complete","TAB:I","3","R/L","SS","2","11","7","0","+156-003+","156 003","156","156_003","+156-003+","+156-003+;+700-034+;+861-003+","1","1","0","0","0"
"853.1","H-2227","H","1","Inter-Riverine","Harappa","3","-","Steatite","prism","complete","TAB:I","3","R/L","VN","2","12.5","7.2","0","+700-034+","700 034","034","700_034","+700-034+","+156-003+;+700-034+;+861-003+","1","1","0","0","0"
"853.3","H-2227","H","1","Inter-Riverine","Harappa","3","-","Steatite","prism","complete","TAB:I","3","R/L","SS","2","12.5","7.2","0","+156-003+","156 003","156","156_003","+156-003+","+156-003+;+700-034+;+861-003+","1","1","0","0","0"
"854.2","H-2225","H","1","Inter-Riverine","Harappa","3","-","Steatite","prism","complete","TAB:I","3","R/L","VN","2","12","7.5","0","+700-034+","700 034","034","700_034","+700-034+","+156-003+;+700-034+;+861-003+","1","1","0","0","0"
"854.3","H-2225","H","1","Inter-Riverine","Harappa","3","-","Steatite","prism","complete","TAB:I","3","R/L","SS","2","12","7.5","0","+156-003+","156 003","156","156_003","+156-003+","+156-003+;+700-034+;+861-003+","1","1","0","0","0"
"855.1","H-2228","H","1","Inter-Riverine","Harappa","3","-","Steatite","prism","complete","TAB:I","3","R/L","VN","2","11.8","6.5","0","+700-034+","700 034","034","700_034","+700-034+","+156-003+;+700-034+;+861-003+","1","1","0","0","0"
"855.3","H-2228","H","1","Inter-Riverine","Harappa","3","-","Steatite","prism","complete","TAB:I","3","R/L","SS","2","11.8","6.5","0","+156-003+","156 003","156","156_003","+156-003+","+156-003+;+700-034+;+861-003+","1","1","0","0","0"
"856.2","H-2219","H","1","Inter-Riverine","Harappa","3","-","Steatite","prism","complete","TAB:I","3","R/L","VN","2","12","7.5","0","+700-034+","700 034","034","700_034","+700-034+","+156-003+;+700-034+;+861-003+","1","1","0","0","0"
"856.3","H-2219","H","1","Inter-Riverine","Harappa","3","-","Steatite","prism","complete","TAB:I","3","R/L","SS","2","12","7.5","0","+156-003+","156 003","156","156_003","+156-003+","+156-003+;+700-034+;+861-003+","1","1","0","0","0"
"857.2","H-2224","H","1","Inter-Riverine","Harappa","3","-","Steatite","prism","complete","TAB:I","3","R/L","VN","2","12","7","0","+700-034+","700 034","034","700_034","+700-034+","+156-003+;+700-034+;+861-003+","1","1","0","0","0"
"857.3","H-2224","H","1","Inter-Riverine","Harappa","3","-","Steatite","prism","complete","TAB:I","3","R/L","SS","2","12","7","0","+156-003+","156 003","156","156_003","+156-003+","+156-003+;+700-034+;+861-003+","1","1","0","0","0"
"858.2","H-2218","H","1","Inter-Riverine","Harappa","3","-","Steatite","prism","complete","TAB:I","3","R/L","VN","2","12.5","8","0","+700-034+","700 034","034","700_034","+700-034+","+156-003+;+700-034+;+861-003+","1","1","0","0","0"
"858.3","H-2218","H","1","Inter-Riverine","Harappa","3","-","Steatite","prism","complete","TAB:I","3","R/L","SS","2","12.5","8","0","+156-003+","156 003","156","156_003","+156-003+","+156-003+;+700-034+;+861-003+","1","1","0","0","0"
"859.2","H-2231","H","1","Inter-Riverine","Harappa","3","-","Steatite","prism","complete","TAB:I","3","R/L","VN","2","10","7","0","+700-034+","700 034","034","700_034","+700-034+","+156-003+;+700-034+;+861-003+","1","1","0","0","0"
"859.3","H-2231","H","1","Inter-Riverine","Harappa","3","-","Steatite","prism","complete","TAB:I","3","R/L","SS","2","10","7","0","+156-003+","156 003","156","156_003","+156-003+","+156-003+;+700-034+;+861-003+","1","1","0","0","0"
"860.2","H-2232","H","1","Inter-Riverine","Harappa","3","-","Steatite","prism","complete","TAB:I","3","R/L","VN","2","9.2","5.8","0","+700-034+","700 034","034","700_034","+700-034+","+156-003+;+700-034+;+861-003+","1","1","0","0","0"
"860.3","H-2232","H","1","Inter-Riverine","Harappa","3","-","Steatite","prism","complete","TAB:I","3","R/L","SS","2","9.2","5.8","0","+156-003+","156 003","156","156_003","+156-003+","+156-003+;+700-034+;+861-003+","1","1","0","0","0"
"861.2","H-2234","H","1","Inter-Riverine","Harappa","3","-","Steatite","prism","complete","TAB:I","3","R/L","VN","2","9","6.5","0","+700-034+","700 034","034","700_034","+700-034+","+156-003+;+700-034+;+861-003+","1","1","0","0","0"
"861.3","H-2234","H","1","Inter-Riverine","Harappa","3","-","Steatite","prism","complete","TAB:I","3","R/L","SS","2","9","6.5","0","+156-003+","156 003","156","156_003","+156-003+","+156-003+;+700-034+;+861-003+","1","1","0","0","0"
"862.1","H-2070","H","0","Inter-Riverine","Harappa","3","-","Steatite","rectangular","complete","TAB:I","2","R/L","VN","2","13.2","8","2.4","+700-034+","700 034","034","700_034","+700-034+","+400-740-817-276+;+700-034+","0","0","0","0","0"
"863.1","H-1896","H","0","Inter-Riverine","Harappa","3","B","Faience","oval","complete","TAB:B","2","R/L","VN","2","16","11","3.2","+700-033+","700 033","033","700_033","+700-033+","+400-892-831+;+700-033+","0","0","0","0","0"
"864.1","H-1925","H","0","Inter-Riverine","Harappa","3","C","Faience","circular","complete","TAB:B","2","-","NV","2","0","0","3","+033-700+","033 700","033","033_700","+033-700+","+033-700+;+516-775+","0","0","0","0","0"
"866.1","H-2133","H","0","Inter-Riverine","Harappa","3","C","Steatite","rectangular","complete","TAB:I","2","-","VN","2","13.6","7","3","+700-034+","700 034","034","700_034","+700-034+","+031-480-388-032+;+700-034+","0","0","0","0","0"
"867.1","H-1812","H","0","Inter-Riverine","Harappa","3","C","Faience","rectangular","chipped","TAB:B","2","R/L","MT","6","0","9.5","4.4","+400-525-550-033-705-240+","400 525 550 033 705 240","033","","non_exact_or_longer","+400-525-550-033-705-240+;+700-033-711-335-575-413+","0","0","0","0","0"
"867.2","H-1812","H","0","Inter-Riverine","Harappa","3","C","Faience","rectangular","chipped","TAB:B","2","R/L","LC","6","0","9.5","4.4","+700-033-711-335-575-413+","700 033 711 335 575 413","033","700_033","non_exact_or_longer","+400-525-550-033-705-240+;+700-033-711-335-575-413+","0","0","0","0","0"
"868.2","H-1802","H","0","Inter-Riverine","Harappa","3","C","Faience","rectangular","fragment","TAB:B","2","R/L","UC","2","0","8.7","5","]033-605+","033 605","033","","non_exact_or_longer","+740-390-590[;]033-605+","0","0","0","0","0"
"869.1","H-1995","H","0","Inter-Riverine","Harappa","3","B/C","Clay","cylindrical","complete","TAB:B","2","R/L","VN","2","28.4","0","9","+700-033+","700 033","033","700_033","+700-033+","+400-151-142+;+700-033+","0","0","0","0","0"
"870.1","H-2235","H","1","Inter-Riverine","Harappa","3","-","Steatite","prism","complete","TAB:I","3","R/L","VN","2","11","6","0","+700-034+","700 034","034","700_034","+700-034+","+156-003+;+700-034+;+861-003+","1","1","0","0","0"
"870.3","H-2235","H","1","Inter-Riverine","Harappa","3","-","Steatite","prism","complete","TAB:I","3","R/L","SS","2","11","6","0","+156-003+","156 003","156","156_003","+156-003+","+156-003+;+700-034+;+861-003+","1","1","0","0","0"
"871.1","H-2206","H","0","Inter-Riverine","Harappa","3","-","Steatite","prism","chipped","TAB:I","2","R/L","VN","2","0","7","0","+700-034+","700 034","034","700_034","+700-034+","+700-034+;+740-032-025+","0","0","0","0","0"
"872.1","H-2067","H","0","Inter-Riverine","Harappa","3","-","Steatite","rectangular","fragment","TAB:I","2","-","UC","1","0","8.2","3","+154[","154","154","","non_exact_or_longer","+154[;]706-590+","0","0","0","0","0"
"876.2","H-1879","H","0","Inter-Riverine","Harappa","3","B","Faience","rectangular","complete","TAB:B","2","R/L","SS","3","13.4","7.2","2.5","+520-033-033+","520 033 033","033","","non_exact_or_longer","+032-032-700+;+520-033-033+","0","0","0","0","0"
"878.1","H-2233","H","1","Inter-Riverine","Harappa","3","B","Steatite","prism","complete","TAB:I","3","R/L","VN","2","10","6.5","0","+700-034+","700 034","034","700_034","+700-034+","+156-003+;+700-034+;+861-003+","1","1","0","0","0"
"878.3","H-2233","H","1","Inter-Riverine","Harappa","3","B","Steatite","prism","complete","TAB:I","3","R/L","SS","2","10","6.5","0","+156-003+","156 003","156","156_003","+156-003+","+156-003+;+700-034+;+861-003+","1","1","0","0","0"
"879.1","H-1833","H","0","Inter-Riverine","Harappa","3","B","Faience","rectangular","chipped","TAB:B","2","NR","NU","1","12","8","3.8","+034+","034","034","","non_exact_or_longer","+034+;+400-000-000+","0","0","0","0","0"
"890.1","H-1829","H","0","Inter-Riverine","Harappa","3","C","Faience","rectangular","complete","TAB:B","2","R/L","SS","2","12.6","7","4.5","+156-176+","156 176","156","","non_exact_or_longer","+156-176+;+700-034+","0","0","0","0","0"
"890.2","H-1829","H","0","Inter-Riverine","Harappa","3","C","Faience","rectangular","complete","TAB:B","2","R/L","VN","2","12.6","7","4.5","+700-034+","700 034","034","700_034","+700-034+","+156-176+;+700-034+","0","0","0","0","0"
"895.1","H-1828","H","0","Inter-Riverine","Harappa","3","C","Faience","rectangular","complete","TAB:B","2","R/L","SS","2","12.5","7","5","+156-176+","156 176","156","","non_exact_or_longer","+156-176+;+700-034+","0","0","0","0","0"
"895.2","H-1828","H","0","Inter-Riverine","Harappa","3","C","Faience","rectangular","complete","TAB:B","2","R/L","VN","2","12.5","7","5","+700-034+","700 034","034","700_034","+700-034+","+156-176+;+700-034+","0","0","0","0","0"
"901.1","H-1870","H","0","Inter-Riverine","Harappa","3","-","Faience","rectangular","complete","TAB:B","2","R/L","VN","2","16","9","3.7","+700-034+","700 034","034","700_034","+700-034+","+158-221+;+700-034+","0","0","0","0","0"
"916.1","H-1811","H","0","Inter-Riverine","Harappa","-","-","Faience","rectangular","complete","TAB:B","2","R/L","MT","6","20.3","9.5","4.2","+400-525-550-033-705-240+","400 525 550 033 705 240","033","","non_exact_or_longer","+400-525-550-033-705-240+;+700-033-711-335-575-413+","0","0","0","0","0"
"916.2","H-1811","H","0","Inter-Riverine","Harappa","-","-","Faience","rectangular","complete","TAB:B","2","R/L","LC","6","20.3","9.5","4.2","+700-033-711-335-575-413+","700 033 711 335 575 413","033","700_033","non_exact_or_longer","+400-525-550-033-705-240+;+700-033-711-335-575-413+","0","0","0","0","0"
"917.1","H-1933","H","0","Inter-Riverine","Harappa","-","-","Faience","prism","complete","TAB:B","2","R/L","VN","2","17.7","9","0","+700-033+","700 033","033","700_033","+700-033+","+400-520-400-352+;+700-033+","0","0","0","0","0"
"919.1","H-2044","H","0","Inter-Riverine","Harappa","3","C","Steatite","-","fragment","TAB:I","1","R/L","UC","2","0","8.1","2.3","]156-031+","156 031","156","","non_exact_or_longer","]156-031+","0","0","0","0","0"
"921.1","H-1929","H","0","Inter-Riverine","Harappa","3","B/C","Faience","prism","complete","TAB:B","2","R/L","VN","2","15","9","0","+700-033+","700 033","033","700_033","+700-033+","+400-740-061-140+;+700-033+","0","0","0","0","0"
"930.1","H-1883","H","0","Inter-Riverine","Harappa","3","B/C","Faience","rectangular","complete","TAB:B","2","R/L","VN","2","13.3","7","2","+700-033+","700 033","033","700_033","+700-033+","+700-033+;+740-790-032+","0","0","0","0","0"
"938.1","H-1937","H","0","Inter-Riverine","Harappa","3","-","Faience","prism","complete","TAB:B","2","R/L","NV","2","17.7","9.5","0","+034-700+","034 700","034","034_700","+034-700+","+034-700+;+740-690-435-255+","0","0","0","0","0"
"940.1","H-1720","H","0","Inter-Riverine","Harappa","3","B/C","Clay","-","fragment","TAG:L","2","R/L","UC","7","0","0","0","+033-413-893-405-090-405-326[","033 413 893 405 090 405 326","033","","non_exact_or_longer","+033-413-893-405-090-405-326[;]000-792[","0","0","0","0","0"
"944.1","H-1890","H","0","Inter-Riverine","Harappa","3","C","Faience","rectangular-round","fragment","TAB:B","1","-","??","1","0","11.2","4.5","+000-033-000[","000 033 000","033","","non_exact_or_longer","+000-033-000[","0","0","0","0","0"
"945.1","H-2142","H","0","Inter-Riverine","Harappa","3","C","Steatite","rectangular","complete","TAB:B","2","L/R","VN","2","13.8","8","2.3","+700-033+","700 033","033","700_033","+700-033+","+526-550-233+;+700-033+","0","0","0","0","0"
"946.1","H-1886","H","0","Inter-Riverine","Harappa","3","C","Faience","rectangular","fragment","TAB:B","2","-","UC","1","0","8.5","2","]034+","034","034","","non_exact_or_longer","+400-740[;]034+","0","0","0","0","0"
"948.1","H-2340","H","0","Inter-Riverine","Harappa","3","C","Clay","-","fragment","POT:T:g","1","-","??","3","0","0","0","+407-033-127-000[","407 033 127 000","033","","non_exact_or_longer","+407-033-127-000[","0","0","0","0","0"
"949.2","H-1986","H","0","Inter-Riverine","Harappa","3","C","Clay","rectangular-round","fragment","TAB:B","2","-","NV","2","0","11.5","6","+033-700+","033 700","033","033_700","+033-700+","+033-700+;]716-605+","0","0","0","0","0"
"961.1","-","-","0","Inter-Riverine","Harappa","3","-","Clay","-","fragment","POT:T:g","1","NR","NU","1","0","0","0","+033+","033","033","","non_exact_or_longer","+033+","0","0","0","0","0"
"979.1","-","-","0","Inter-Riverine","Harappa","2","-","Clay","-","fragment","POT:T:g","1","-","??","1","0","0","0","+000/034+","000 034","034","","non_exact_or_longer","+000/034+","0","0","0","0","0"
"990.1","H-2286","H","0","Inter-Riverine","Harappa","3","-","Clay","-","fragment","POT:T:g","1","NR","NU","1","0","0","0","+034+","034","034","","non_exact_or_longer","+034+","0","0","0","0","0"
"991.1","H-1554","H","0","Inter-Riverine","Harappa","2/3","-","Clay","-","fragment","POT:T:g","1","-","UC","1","0","0","0","+033[","033","033","","non_exact_or_longer","+033[","0","0","0","0","0"
"994.1","H-1547","H","0","Inter-Riverine","Harappa","2","-","Clay","-","fragment","POT:T:g","1","-","NU","2","0","0","0","+034-698+","034 698","034","","non_exact_or_longer","+034-698+","0","0","0","0","0"
"997.1","-","-","0","Inter-Riverine","Harappa","3","-","Clay","-","fragment","POT:T:g","1","NR","NU","1","0","0","0","+033+","033","033","","non_exact_or_longer","+033+","0","0","0","0","0"
"1017.1","H-1737","H","0","Inter-Riverine","Harappa","3","C","Clay","rectangular","chipped","POT:T:s","1","R/L","ZN","2","0","13","0","+220-033+","220 033","033","","non_exact_or_longer","+220-033+","0","0","0","0","0"
"1018.1","H-2102","H","0","Inter-Riverine","Harappa","3","C","Steatite","rectangular","complete","TAB:I","2","R/L","VN","2","13.6","7.5","2.5","+700-034+","700 034","034","700_034","+700-034+","+137-413+;+700-034+","0","0","0","0","0"
"1024.1","H-1851","H","0","Inter-Riverine","Harappa","3","C","Faience","rectangular","complete","TAB:B","2","R/L","NV","2","17.3","9","1","+033-700+","033 700","033","033_700","+033-700+","+033-700+;+740-803-892-031-002-861+","0","0","0","0","0"
"1025.1","H-2178","H","0","Inter-Riverine","Harappa","3","B/C","Steatite","-","fragment","TAB:I","2","-","UC","1","0","12","2","]033+","033","033","","non_exact_or_longer","]033+;]220-415+","0","0","0","0","0"
"1030.1","H-1739","H","0","Inter-Riverine","Harappa","3","C","Clay","rectangular","fragment","POT:T:s","1","R/L","UC","3","0","15.5","0","]034-002-817[","034 002 817","034","","non_exact_or_longer","]034-002-817[","0","0","0","0","0"
"1032.1","H-1736","H","0","Inter-Riverine","Harappa","3","C","Clay","rectangular","complete","POT:T:s","1","R/L","ZN","2","16","12","0","+220-033+","220 033","033","","non_exact_or_longer","+220-033+","0","0","0","0","0"
"1046.1","-","-","0","Inter-Riverine","Harappa","3","-","Clay","-","fragment","POT:T:g","1","-","??","4","0","0","0","+035/032-001-000/033+","035 032 001 000 033","033","","non_exact_or_longer","+035/032-001-000/033+","0","0","0","0","0"
"1050.2","H-1154","H","0","Inter-Riverine","Harappa","-","Stratum III","Faience","prism","fragment","TAB:B","2","R/L","??","1","12.7","7.6","0","]000-033[","000 033","033","","non_exact_or_longer","]000-033[;]740-436-255[","0","0","0","0","0"
"1051.2","H-1182","H","0","Inter-Riverine","Harappa","-","Stratum II","Steatite","rectangular","slightly chipped","TAB:I","2","SYM","NU","2","12.7","7.1","0","+033-033+","033 033","033","","non_exact_or_longer","+033-033+;+400-740-817-175+","0","0","0","0","0"
"1052.2","-","-","0","Inter-Riverine","Harappa","-","Stratum II","Steatite","rectangular","complete","TAB:I","2","R/L","VN","2","12.7","7.6","0","+700-034+","700 034","034","700_034","+700-034+","+700-034+","0","0","0","0","0"
"1057.2","H-733","H","0","Inter-Riverine","Harappa","-","Stratum III","Faience","cylindrical","complete","TAB:B","2","R/L","VN","2","20.3","0","0","+700-033+","700 033","033","700_033","+700-033+","+700-033+;+740-390-590-240+","0","0","0","0","0"
"1058.2","H-1308","H","0","Inter-Riverine","Harappa","-","Stratum III","Steatite","rectangular","complete","TAB:I","2","L/R","VN","2","17.8","10.2","0","+700-033+","700 033","033","700_033","+700-033+","+700-033+;+740-690-636-240+","0","0","0","0","0"
"1059.1","-","-","0","Inter-Riverine","Harappa","-","Stratum IV","Stone","-","complete","MISC","1","SYM","NU","2","0","0","0","+033-034+","033 034","033;034","","non_exact_or_longer","+033-034+","0","0","0","0","0"
"1069.1","H-8","H","0","Inter-Riverine","Harappa","-","-","Steatite","square","complete","SEAL:S","1","R/L","LP","10","66","66","0","+354-001-740-405-590-033-706-002-690-921+","354 001 740 405 590 033 706 002 690 921","033","","non_exact_or_longer","+354-001-740-405-590-033-706-002-690-921+","0","0","0","0","0"
"1084.1","H-24","H","0","Inter-Riverine","Harappa","-","Stratum II","Steatite","square","complete","SEAL:S","1","R/L","MS","6","36.8","36.8","0","+740-626-176-033-705-233+","740 626 176 033 705 233","033","","non_exact_or_longer","+740-626-176-033-705-233+","0","0","0","0","0"
"1085.1","H-25","H","0","Inter-Riverine","Harappa","-","Stratum II ","Steatite","square","complete","SEAL:S","1","R/L","LP","8","39.4","39.4","0","+740-900-003-806-033-705-235-055+","740 900 003 806 033 705 235 055","033","","non_exact_or_longer","+740-900-003-806-033-705-235-055+","0","0","0","0","0"
"1087.1","H-27","H","0","Inter-Riverine","Harappa","-","Stratum III","Steatite","square","complete","SEAL:S","1","R/L","MS","7","38.1","38.1","0","+154-806-468-001-740-877-032+","154 806 468 001 740 877 032","154","","non_exact_or_longer","+154-806-468-001-740-877-032+","0","0","0","0","0"
"1090.1","H-30","H","0","Inter-Riverine","Harappa","-","Stratum III","Steatite","square","partly damaged","SEAL:S","1","R/L","??","4","31.8","31.8","0","+740-760-033-706-000-000[","740 760 033 706 000 000","033","","non_exact_or_longer","+740-760-033-706-000-000[","0","0","0","0","0"
"1097.1","H-38","H","0","Inter-Riverine","Harappa","-","Stratum V","Steatite","square","complete","SEAL:S","1","R/L","SS","2","31.8","31.8","0","+156-803+","156 803","156","","non_exact_or_longer","+156-803+","0","0","0","0","0"
"1103.1","H-44","H","0","Inter-Riverine","Harappa","-","Stratum IV","Steatite","square","complete","SEAL:S","1","R/L","LP","9","33","33","0","+520-033-706-235-798-803-002-031-892+","520 033 706 235 798 803 002 031 892","033","","non_exact_or_longer","+520-033-706-235-798-803-002-031-892+","0","0","0","0","0"
"1112.1","H-53","H","0","Inter-Riverine","Harappa","-","-","-","square","complete","SEAL:S","1","R/L","SS","3","30","30","0","+520-033-706+","520 033 706","033","","non_exact_or_longer","+520-033-706+","0","0","0","0","0"
"1138.1","H-81","H","0","Inter-Riverine","Harappa","-","-","-","square","complete","SEAL:S","1","R/L","SS","2","20","20","0","+156-003+","156 003","156","156_003","+156-003+","+156-003+","0","1","0","0","0"
"1148.1","H-92","H","0","Inter-Riverine","Harappa","-","Stratum VI","Steatite","square","complete","SEAL:S","1","R/L","LP","7","20.3","20.3","0","+156-176-518-220-416-002-615+","156 176 518 220 416 002 615","156","","non_exact_or_longer","+156-176-518-220-416-002-615+","0","0","0","0","0"
"1167.1","H-1019","H","0","Inter-Riverine","Harappa","-","-","-","square","complete","BEAD","1","NR","NU","1","0","0","0","+033+","033","033","","non_exact_or_longer","+033+","0","0","0","0","0"
"1169.1","H-103","H","0","Inter-Riverine","Harappa","-","-","Steatite","square","complete","SEAL:S","1","R/L","3L","10","38.1","38.1","0","+159-097/520-033-705/740-717-220-415-806+","159 097 520 033 705 740 717 220 415 806","033","","non_exact_or_longer","+159-097/520-033-705/740-717-220-415-806+","0","0","0","0","0"
"1171.1","H-130","H","0","Inter-Riverine","Harappa","-","-","-","rectangular","complete","SEAL:R","1","R/L","LP","12","60","16","0","+409-032-845-033-705-231-806-002-595-812-125-717+","409 032 845 033 705 231 806 002 595 812 125 717","033","","non_exact_or_longer","+409-032-845-033-705-231-806-002-595-812-125-717+","0","0","0","0","0"
"1172.1","H-131","H","0","Inter-Riverine","Harappa","-","-","Steatite","cuboid-convex","fragment","SEAL:R","1","R/L","??","12","0","19.1","7 - 15","+740-032-840-233-240-033-706-055-002-595-575-794-000+","740 032 840 233 240 033 706 055 002 595 575 794 000","033","","non_exact_or_longer","+740-032-840-233-240-033-706-055-002-595-575-794-000+","0","0","0","0","0"
"1173.1","H-132","H","0","Inter-Riverine","Harappa","-","-","-","rectangular","complete","SEAL:R","1","R/L","MS","9","54","15","0","+154-806-471-407-845-740-233-231-798+","154 806 471 407 845 740 233 231 798","154","","non_exact_or_longer","+154-806-471-407-845-740-233-231-798+","0","0","0","0","0"
"1177.1","H-136","H","0","Inter-Riverine","Harappa","-","Stratum III","Steatite","cuboid-convex","fragment","SEAL:R","1","R/L","??","5","58.4","16.5","4 - 11","+405-585-033-705-235-000[","405 585 033 705 235 000","033","","non_exact_or_longer","+405-585-033-705-235-000[","0","0","0","0","0"
"1178.1","H-137","H","0","Inter-Riverine","Harappa","-","-","-","rectangular","complete","SEAL:R","1","R/L","LP","8","39","14","0","+740-443-388-033-705-233-002-817+","740 443 388 033 705 233 002 817","033","","non_exact_or_longer","+740-443-388-033-705-233-002-817+","0","0","0","0","0"
"1184.1","H-143","H","0","Inter-Riverine","Harappa","-","-","Terracotta","rectangular","complete","SEAL:R","1","R/L","MS","7","30","14","0","+154-806-469-001-740-877-032+","154 806 469 001 740 877 032","154","","non_exact_or_longer","+154-806-469-001-740-877-032+","0","0","0","0","0"
"1187.1","H-146","H","0","Inter-Riverine","Harappa","-","-","Steatite","cuboid-convex","complete","SEAL:R","1","R/L","SS","4","19.1","12.7","0","+154-806-467-031+","154 806 467 031","154","","non_exact_or_longer","+154-806-467-031+","0","0","0","0","0"
"1190.1","H-149","H","0","Inter-Riverine","Harappa","-","-","Steatite","cuboid-convex","complete","SEAL:R","1","R/L","LP","9","41.9","12.7","0","+405-061-033-706-794-630-220-002-820+","405 061 033 706 794 630 220 002 820","033","","non_exact_or_longer","+405-061-033-706-794-630-220-002-820+","0","0","0","0","0"
"1193.1","H-152","H","0","Inter-Riverine","Harappa","-","-","-","rectangular","complete","SEAL:R","1","R/L","SS","3","27","12","0","+154-806-468+","154 806 468","154","","non_exact_or_longer","+154-806-468+","0","0","0","0","0"
"1195.1","H-154","H","0","Inter-Riverine","Harappa","-","Stratum III","Steatite","cuboid-convex","complete","SEAL:R","1","R/L","MS","5","24.1","10.2","0","+154-806-467-013-817+","154 806 467 013 817","154","","non_exact_or_longer","+154-806-467-013-817+","0","0","0","0","0"
"1198.1","H-157","H","0","Inter-Riverine","Harappa","-","-","Steatite","cuboid-convex","complete","SEAL:R","1","R/L","SS","3","21.6","10.2","0","+154-615-503+","154 615 503","154","","non_exact_or_longer","+154-615-503+","0","0","0","0","0"
"1199.1","H-158","H","0","Inter-Riverine","Harappa","-","-","Steatite","cuboid-convex","complete","SEAL:R","1","R/L","MS","7","20.3","7.6","0","+154-806-472-001-740-405-590+","154 806 472 001 740 405 590","154","","non_exact_or_longer","+154-806-472-001-740-405-590+","0","0","0","0","0"
"1201.1","H-160","H","0","Inter-Riverine","Harappa","-","Stratum I","Steatite","plano-convex","complete","SEAL:R","2","R/L","SS","4","21.6","10.2","0","+400-154-806-468+","400 154 806 468","154","","non_exact_or_longer","+090-017+;+400-154-806-468+","0","0","0","0","0"
"1211.1","H-177","H","0","Inter-Riverine","Harappa","-","-","Faience","rectangular","complete","TAB:B","1","R/L","SP","7","25.4","12.7","0","+700-033-151-706-031-002-817+","700 033 151 706 031 002 817","033","700_033","non_exact_or_longer","+700-033-151-706-031-002-817+","0","0","0","0","0"
"1228.1","H-197","H","0","Inter-Riverine","Harappa","-","-","-","cylindrical","complete","TAB:B","1","R/L","SS","2","28","0","0","+142-033+","142 033","033","","non_exact_or_longer","+142-033+","0","0","0","0","0"
"1229.1","H-198","H","0","Inter-Riverine","Harappa","-","-","-","cylindrical","complete","TAB:B","1","R/L","SS","2","27","0","0","+142-033+","142 033","033","","non_exact_or_longer","+142-033+","0","0","0","0","0"
"1236.2","H-205","H","0","Inter-Riverine","Harappa","-","Stratum VI","Faience","rectangular","complete","TAB:B","2","R/L","LC","6","23.6","11.4","0","+700-033-711-335-575-413+","700 033 711 335 575 413","033","700_033","non_exact_or_longer","+700-033-711-335-575-413+;+740-048-741-850+","0","0","0","0","0"
"1237.2","H-206","H","0","Inter-Riverine","Harappa","-","Stratum III","-","rectangular","complete","TAB:B","2","R/L","VN","2","21.6","10.2","0","+700-033+","700 033","033","700_033","+700-033+","+700-033+;+740-642-240-204-705-621+","0","0","0","0","0"
"1242.2","H-211","H","0","Inter-Riverine","Harappa","-","-","-","rectangular","complete","TAB:B","2","R/L","NV","2","20","9","0","+033-700+","033 700","033","033_700","+033-700+","+033-700+;+400-740-898-617+","0","0","0","0","0"
"1243.1","H-212","H","0","Inter-Riverine","Harappa","-","Stratum V","Faience","rectangular","complete","TAB:B","2","R/L","SC","3","14","7.1","0","+400-156-118+","400 156 118","156","","non_exact_or_longer","+032-700+;+400-156-118+","0","0","0","0","0"
"1246.1","H-215","H","0","Inter-Riverine","Harappa","-","-","-","rectangular","complete","TAB:B","2","R/L","VN","2","18","9","0","+700-034+","700 034","034","700_034","+700-034+","+400-137+;+700-034+","0","0","0","0","0"
"1247.2","H-216","H","0","Inter-Riverine","Harappa","-","-","-","rectangular","complete","TAB:B","2","L/R","VN","2","19","9.5","0","+700-033+","700 033","033","700_033","+700-033+","+700-033+;+740-337-484+","0","0","0","0","0"
"1249.2","H-218","H","0","Inter-Riverine","Harappa","-","-","-","rectangular","complete","TAB:B","2","R/L","VN","2","14","9","0","+700-033+","700 033","033","700_033","+700-033+","+700-033+;+740-336-176+","0","0","0","0","0"
"1250.2","H-219","H","0","Inter-Riverine","Harappa","-","-","-","rectangular","complete","TAB:B","2","R/L","VN","2","17","7.5","0","+700-033+","700 033","033","700_033","+700-033+","+415-035-171+;+700-033+","0","0","0","0","0"
"1256.2","H-229","H","0","Inter-Riverine","Harappa","-","Stratum III","Faience","oval","complete","TAB:B","2","R/L","VN","2","16.5","11.4","0","+700-033+","700 033","033","700_033","+700-033+","+400-740-892-617+;+700-033+","0","0","0","0","0"
"1258.2","H-231","H","0","Inter-Riverine","Harappa","-","Stratum III","Faience","elliptical","complete","TAB:B","2","R/L","VN","2","22.9","8.9","0","+700-033+","700 033","033","700_033","+700-033+","+520-220-240-002-820+;+700-033+","0","0","0","0","0"
"1260.2","H-233","H","0","Inter-Riverine","Harappa","-","Stratum V","Faience","crescent","complete","TAB:B","2","R/L","VN","2","26.7","0","0","+700-033+","700 033","033","700_033","+700-033+","+400-740-176+;+700-033+","0","0","0","1","0"
"1263.2","H-237","H","0","Inter-Riverine","Harappa","-","-","-","fish","complete","TAB:B","2","L/R","VN","2","21","11","0","+700-033+","700 033","033","700_033","+700-033+","+700-033+;+740-642-240-060-692+","0","0","0","0","0"
"1264.2","H-239","H","0","Inter-Riverine","Harappa","-","Stratum IV","Faience","triangular","complete","TAB:B","2","R/L","VN","2","17.8","0","0","+700-033+","700 033","033","700_033","+700-033+","+390-060/740-500-091+;+700-033+","0","0","0","0","0"
"1269.2","H-244","H","0","Inter-Riverine","Harappa","-","-","Faience","circular","complete","TAB:B","2","NR","NU","1","0","0","0","+034+","034","034","","non_exact_or_longer","+034+;+104-002-820+","0","0","0","0","0"
"1270.2","H-245","H","0","Inter-Riverine","Harappa","-","Stratum II","Faience","circular","complete","TAB:B","2","R/L","VN","2","0","0","0","+700-033+","700 033","033","700_033","+700-033+","+400-807-740-219+;+700-033+","0","0","0","0","0"
"1271.2","H-246","H","0","Inter-Riverine","Harappa","-","-","-","circular","complete","TAB:B","2","R/L","VX","3","0","0","0","+125-700-033+","125 700 033","033","700_033","non_exact_or_longer","+125-700-033+;+400-804-000-233-240+","0","0","0","0","0"
"1273.2","H-248","H","0","Inter-Riverine","Harappa","-","Stratum IV","Faience","circular","complete","TAB:B","2","R/L","VN","2","0","0","0","+700-033+","700 033","033","700_033","+700-033+","+400-740-920-320-233-240-798+;+700-033+","0","0","0","0","0"
"1274.1","H-249","H","0","Inter-Riverine","Harappa","-","Stratum III","Faience","circular","complete","TAB:B","2","R/L","NV","2","0","0","0","+033-700+","033 700","033","033_700","+033-700+","+033-700+;+520-233+","0","0","0","0","0"
"1293.1","H-268","H","0","Inter-Riverine","Harappa","-","Stratum IV","Steatite","square","slightly chipped","SEAL:S","1","R/L","LP","10","45.7","45.7","0","+740-585-017-033-706-803-002-220-455-920+","740 585 017 033 706 803 002 220 455 920","033","","non_exact_or_longer","+740-585-017-033-706-803-002-220-455-920+","0","0","0","0","0"
"1307.2","H-285","H","0","Inter-Riverine","Harappa","-","Stratum III","Steatite","rectangular","fragment","TAB:I","2","R/L","VN","2","11.4","11.4","0","+700-034+","700 034","034","700_034","+700-034+","+700-034+;+740-382-002[","0","0","0","0","0"
"1310.1","H-288","H","0","Inter-Riverine","Harappa","-","-","-","rectangular","slightly chipped","TAB:I","1","R/L","SS","2","9","5","0","+156-003+","156 003","156","156_003","+156-003+","+156-003+","0","1","0","0","0"
"1318.2","H-296","H","0","Inter-Riverine","Harappa","-","-","Steatite","rectangular","complete","TAB:I","2","R/L","VN","2","17.8","9.1","0","+700-033+","700 033","033","700_033","+700-033+","+400-740-575-017-920+;+700-033+","0","0","0","0","0"
"1319.2","H-297","H","0","Inter-Riverine","Harappa","-","-","-","rectangular","complete","TAB:I","2","R/L","VN","2","20","9","0","+700-034+","700 034","034","700_034","+700-034+","+400-151-336-630-706+;+700-034+","0","0","0","0","0"
"1321.2","H-299","H","0","Inter-Riverine","Harappa","-","-","-","rectangular","slightly chipped","TAB:I","2","L/R","SS","4","18","9","0","+400-156-435-255+","400 156 435 255","156","","non_exact_or_longer","+400-156-435-255+;+868-706-590+","0","0","0","0","0"
"1325.2","H-303","H","0","Inter-Riverine","Harappa","-","Stratum II","Steatite","rectangular","complete","TAB:I","2","R/L","VN","2","15.2","8.9","0","+700-033+","700 033","033","700_033","+700-033+","+400-740-032-027+;+700-033+","0","0","0","0","0"
"1328.2","H-306","H","0","Inter-Riverine","Harappa","-","-","-","rectangular","complete","TAB:I","2","R/L","VN","2","15","7","0","+700-033+","700 033","033","700_033","+700-033+","+700-033+;+740-032-840+","0","0","0","0","0"
"1329.2","H-307","H","0","Inter-Riverine","Harappa","-","Stratum V","Steatite","rectangular","slightly chipped","TAB:I","2","R/L","VN","2","12.7","6.4","0","+700-034+","700 034","034","700_034","+700-034+","+368-900+;+700-034+","0","0","0","0","0"
"1330.2","H-308","H","0","Inter-Riverine","Harappa","-","Stratum V","Steatite","rectangular","complete","TAB:I","2","R/L","VN","2","11.4","6.4","0","+700-034+","700 034","034","700_034","+700-034+","+400-740-176+;+700-034+","0","0","0","1","0"
"1331.2","H-309","H","0","Inter-Riverine","Harappa","-","-","Steatite","rectangular","complete","TAB:I","2","R/L","VN","2","8.9","6.4","0","+700-033+","700 033","033","700_033","+700-033+","+400-740-176+;+700-033+","0","0","0","1","0"
"1333.2","H-311","H","0","Inter-Riverine","Harappa","-","Stratum VI","Steatite","rectangular-rounded","complete","TAB:I","2","R/L","VN","2","15.2","7.6","0","+700-033+","700 033","033","700_033","+700-033+","+400-740-178+;+700-033+","0","0","0","0","0"
"1334.2","H-312","H","0","Inter-Riverine","Harappa","-","Stratum VI","Steatite","elliptical","complete","TAB:I","2","R/L","VN","2","14","7.6","0","+700-034+","700 034","034","700_034","+700-034+","+400-740-176+;+700-034+","0","0","0","1","0"
"1335.2","H-313","H","0","Inter-Riverine","Harappa","-","Stratum VI","Steatite","oval","complete","TAB:I","2","R/L","VN","2","14","7.6","0","+700-034+","700 034","034","700_034","+700-034+","+400-740-176+;+700-034+","0","0","0","1","0"
"1336.2","H-314","H","0","Inter-Riverine","Harappa","-","Stratum V","Steatite","oval","complete","TAB:I","2","R/L","VN","2","12.7","6.9","0","+700-034+","700 034","034","700_034","+700-034+","+400-740-176+;+700-034+","0","0","0","1","0"
"1338.2","H-316","H","0","Inter-Riverine","Harappa","-","Stratum VI","Steatite","oval","complete","TAB:I","2","R/L","VN","2","14.5","7.1","0","+700-033+","700 033","033","700_033","+700-033+","+400-740-176+;+700-033+","0","0","0","1","0"
"1339.2","H-317","H","0","Inter-Riverine","Harappa","-","-","Steatite","oval","slightly chipped","TAB:I","2","R/L","VN","2","11.4","5.8","0","+700-034+","700 034","034","700_034","+700-034+","+400-740-176+;+700-034+","0","0","0","1","0"
"1340.2","H-318","H","0","Inter-Riverine","Harappa","-","-","Steatite","oval","fragment","TAB:I","2","-","UC","1","0","6.6","0","]033+","033","033","","non_exact_or_longer","+400-740-000[;]033+","0","0","0","0","0"
"1341.2","H-319","H","0","Inter-Riverine","Harappa","-","Stratum IV","Steatite","oval","complete","TAB:I","2","R/L","VN","2","13.2","7.6","0","+700-034+","700 034","034","700_034","+700-034+","+520-220-415+;+700-034+","0","0","0","0","0"
"1342.2","H-320","H","0","Inter-Riverine","Harappa","-","-","Steatite","oval","complete","TAB:I","2","R/L","VN","2","14","7.6","0","+700-034+","700 034","034","700_034","+700-034+","+520-240-000+;+700-034+","0","0","0","0","0"
"1345.2","H-323","H","0","Inter-Riverine","Harappa","-","Stratum VI","Steatite","rectangular-round","complete","TAB:I","2","R/L","NV","2","16.5","8.9","0","+033-700+","033 700","033","033_700","+033-700+","+033-700+;+740-100-240+","0","0","0","0","0"
"1346.1","H-324","H","0","Inter-Riverine","Harappa","-","-","Steatite","rectangular-round","complete","TAB:I","2","R/L","SS","4","14","7.6","0","+400-156-384-031+","400 156 384 031","156","","non_exact_or_longer","+400-156-384-031+;+700-034+","0","0","0","0","0"
"1346.2","H-324","H","0","Inter-Riverine","Harappa","-","-","Steatite","rectangular-round","complete","TAB:I","2","R/L","VN","2","14","7.6","0","+700-034+","700 034","034","700_034","+700-034+","+400-156-384-031+;+700-034+","0","0","0","0","0"
"1348.2","H-326","H","0","Inter-Riverine","Harappa","-","Stratum V","Steatite","notched oval","complete","TAB:I","2","R/L","VN","2","15.2","10.2","0","+700-033+","700 033","033","700_033","+700-033+","+700-033+;+740-840-013+","0","0","0","0","0"
"1349.1","H-327","H","0","Inter-Riverine","Harappa","-","-","-","crescent","complete","TAB:I","2","R/L","??","1","16","0","0","+156-000-000+","156 000 000","156","","non_exact_or_longer","+156-000-000+;+700-032+","0","0","0","0","0"
"1351.2","H-329","H","0","Inter-Riverine","Harappa","-","-","-","fish","complete","TAB:I","2","R/L","VN","2","15","8","0","+700-033+","700 033","033","700_033","+700-033+","+520-220+;+700-033+","0","0","0","0","0"
"1356.1","H-335","H","0","Inter-Riverine","Harappa","-","Stratum V","Steatite","hare","complete","TAB:I","1","R/L","PN","2","12.7","10.2","0","+390-034+","390 034","034","","non_exact_or_longer","+390-034+","0","0","0","0","0"
"1363.2","H-343","H","0","Inter-Riverine","Harappa","-","-","Steatite","circular","complete","TAB:I","2","R/L","VN","2","0","0","0","+700-033+","700 033","033","700_033","+700-033+","+700-033+;+740-861-877+","0","0","0","0","0"
"1364.2","H-344","H","0","Inter-Riverine","Harappa","-","-","Steatite","circular","complete","TAB:I","2","R/L","VN","2","0","0","0","+700-033+","700 033","033","700_033","+700-033+","+526-550-220+;+700-033+","0","0","0","0","0"
"1365.2","H-345","H","0","Inter-Riverine","Harappa","-","Stratum II","Steatite","circular","complete","TAB:I","2","R/L","VN","2","0","0","0","+700-033+","700 033","033","700_033","+700-033+","+090-740-362+;+700-033+","0","0","0","0","0"
"1369.2","H-350","H","0","Inter-Riverine","Harappa","-","-","Steatite","prism","complete","TAB:I","2","R/L","VN","2","17.8","8.9","0","+700-034+","700 034","034","700_034","+700-034+","+700-034+;+740-690-642-240+","0","0","0","0","0"
"1370.2","H-351","H","0","Inter-Riverine","Harappa","-","Stratum VI","Steatite","prism","complete","TAB:I","2","R/L","VN","2","15.2","7.6","0","+700-034+","700 034","034","700_034","+700-034+","+400-740-032-060-013+;+700-034+","0","0","0","0","0"
"1371.2","H-352","H","0","Inter-Riverine","Harappa","-","Stratum V","Steatite","prism","slightly chipped","SEAL:R","2","R/L","VN","2","15.2","7.6","0","+700-033+","700 033","033","700_033","+700-033+","+400-740-176+;+700-033+","0","0","0","1","0"
"1372.2","H-353","H","0","Inter-Riverine","Harappa","-","Stratum V","Steatite","prism","complete","TAB:I","2","R/L","VN","2","15.2","6.4","0","+700-033+","700 033","033","700_033","+700-033+","+400-740-176+;+700-033+","0","0","0","1","0"
"1373.2","H-354","H","0","Inter-Riverine","Harappa","-","Stratum V","Steatite","prism","complete","SEAL:R","2","R/L","VN","2","15.2","7.6","0","+700-033+","700 033","033","700_033","+700-033+","+400-740-176+;+700-033+","0","0","0","1","0"
"1374.2","H-355","H","0","Inter-Riverine","Harappa","-","-","-","prism","complete","TAB:I","3","R/L","VN","2","15.5","5.8","0","+700-033+","700 033","033","700_033","+700-033+","+400-740-176+;+700-033+","0","0","0","1","0"
"1374.3","H-355","H","0","Inter-Riverine","Harappa","-","-","-","prism","complete","TAB:I","3","R/L","VN","2","15.5","5.8","0","+700-033+","700 033","033","700_033","+700-033+","+400-740-176+;+700-033+","0","0","0","1","0"
"1375.1","H-356","H","0","Inter-Riverine","Harappa","-","Stratum VI","-","prism","complete","TAB:I","2","R/L","VN","2","16","6","0","+700-033+","700 033","033","700_033","+700-033+","+400-740-176+;+700-033+","0","0","0","1","0"
"1376.2","H-357","H","0","Inter-Riverine","Harappa","-","Stratum V","Steatite","prism","chipped","TAB:I","2","R/L","VN","2","11.9","8.1","0","+700-033+","700 033","033","700_033","+700-033+","+400-740-176+;+700-033+","0","0","0","1","0"
"1377.1","H-358","H","0","Inter-Riverine","Harappa","-","Stratum IV","Steatite","prism","slightly chipped","TAB:I","3","R/L","SS","4","15.2","7.6","0","+400-156-435-255+","400 156 435 255","156","","non_exact_or_longer","+034-700+;+400-156-435-255+;+740-000+","0","0","0","0","0"
"1377.2","H-358","H","0","Inter-Riverine","Harappa","-","Stratum IV","Steatite","prism","slightly chipped","TAB:I","3","R/L","NV","2","15.2","7.6","0","+034-700+","034 700","034","034_700","+034-700+","+034-700+;+400-156-435-255+;+740-000+","0","0","0","0","0"
"1382.2","H-363","H","0","Inter-Riverine","Harappa","-","-","-","rectangular","complete","TAB:I","3","R/L","VN","2","16","5","3.5","+700-034+","700 034","034","700_034","+700-034+","+565-741-263+;+692-892+;+700-034+","0","0","0","0","0"
"1385.1","H-366","H","0","Inter-Riverine","Harappa","-","Stratum IV","Steatite","cuboid","complete","TAB:I","1","R/L","AN","2","10.2","10.2","5.1","+154-003+","154 003","154","154_003","+154-003+","+154-003+","0","0","1","0","0"
"1386.2","H-367","H","0","Inter-Riverine","Harappa","-","Stratum IV","Steatite","cuboid","complete","SEAL:R","2","NR","NU","1","11.4","6.4","5.6","+033+","033","033","","non_exact_or_longer","+033+;+700+","0","0","0","0","0"
"1387.1","H-368","H","0","Inter-Riverine","Harappa","-","Stratum II","Steatite","cylindrical","fragment","SEAL:CY","1","R/L","SS","4","0","7.1","0","+400-156-384-031+","400 156 384 031","156","","non_exact_or_longer","+400-156-384-031+","0","0","0","0","0"
"1388.1","H-369","H","0","Inter-Riverine","Harappa","-","Stratum III","Steatite","cylindrical","fragment","SEAL:CY","2","L/R","LC","7","0","6.4","0","+368-033-705-031-741-390-741+","368 033 705 031 741 390 741","033","","non_exact_or_longer","+368-033-705-031-741-390-741+;+700-033+","0","0","0","0","0"
"1388.2","H-369","H","0","Inter-Riverine","Harappa","-","Stratum III","Steatite","cylindrical","fragment","SEAL:CY","2","R/L","VN","2","0","6.4","0","+700-033+","700 033","033","700_033","+700-033+","+368-033-705-031-741-390-741+;+700-033+","0","0","0","0","0"
"1391.1","H-372","H","0","Inter-Riverine","Harappa","-","-","Clay","-","complete","POT:T:g","1","R/L","VN","2","0","0","0","+700-033+","700 033","033","700_033","+700-033+","+700-033+","0","0","0","0","0"
"1392.1","H-373","H","0","Inter-Riverine","Harappa","-","-","-","-","complete","POT:T:g","1","NR","NU","1","0","0","0","+033+","033","033","","non_exact_or_longer","+033+","0","0","0","0","0"
"1398.1","H-383","H","0","Inter-Riverine","Harappa","-","Stratum II","Steatite","square","complete","SEAL:S","1","R/L","??","6","36.8","36.8","0","+740-585-017-033-705-002-000+","740 585 017 033 705 002 000","033","","non_exact_or_longer","+740-585-017-033-705-002-000+","0","0","0","0","0"
"1401.1","H-388","H","0","Inter-Riverine","Harappa","-","-","-","square","complete","SEAL:S","1","R/L","LP","7","38","39","0","+520-033-706-231-806-002-817+","520 033 706 231 806 002 817","033","","non_exact_or_longer","+520-033-706-231-806-002-817+","0","0","0","0","0"
"1445.1","H-455","H","0","Inter-Riverine","Harappa","-","Stratum IV","Steatite","square","chipped","SEAL:S","1","R/L","IT","6","26.7","26.7","0","+520-033-705-002-172-032+","520 033 705 002 172 032","033","","non_exact_or_longer","+520-033-705-002-172-032+","0","0","0","0","0"
"1446.1","H-456","H","0","Inter-Riverine","Harappa","-","Stratum III","Steatite","square","complete","SEAL:S","1","R/L","IT","6","26.7","26.7","0","+520-033-706-002-817-808+","520 033 706 002 817 808","033","","non_exact_or_longer","+520-033-706-002-817-808+","0","0","0","0","0"
"1478.1","H-499","H","0","Inter-Riverine","Harappa","-","-","-","square","complete","SEAL:S","1","R/L","SS","2","19","19","0","+156-003+","156 003","156","156_003","+156-003+","+156-003+","0","1","0","0","0"
"1493.1","H-516","H","0","Inter-Riverine","Harappa","-","Stratum III","Steatite","square","complete","SEAL:S","1","R/L","SS","2","20.3","20.3","0","+156-031+","156 031","156","","non_exact_or_longer","+156-031+","0","0","0","0","0"
"1496.1","H-519","H","0","Inter-Riverine","Harappa","-","Stratum IV","Steatite","square","complete","SEAL:S","1","R/L","IT","5","17.8","17.8","0","+740-904-033-741-700+","740 904 033 741 700","033","","non_exact_or_longer","+740-904-033-741-700+","0","0","0","0","0"
"1502.1","H-531","H","0","Inter-Riverine","Harappa","-","Stratum V","Steatite","square","fragment","SEAL:S","1","R/L","UC","4","35.1","35.1","0","]482-520-033-705[","482 520 033 705","033","","non_exact_or_longer","]482-520-033-705[","0","0","0","0","0"
"1508.1","H-545","H","0","Inter-Riverine","Harappa","-","-","Steatite","square","fragment","SEAL:S","1","R/L","??","1","0","0","0","+156-000[","156 000","156","","non_exact_or_longer","+156-000[","0","0","0","0","0"
"1510.1","H-550","H","0","Inter-Riverine","Harappa","-","Stratum I","Steatite","square","fragment","SEAL:S","1","R/L","SC","4","19.1","19.1","0","+520-033-706-031+","520 033 706 031","033","","non_exact_or_longer","+520-033-706-031+","0","0","0","0","0"
"1511.1","H-551","H","0","Inter-Riverine","Harappa","-","Stratum VI","Steatite","square","fragment","SEAL:S","1","-","UC","1","20.3","20.3","0","]156[","156","156","","non_exact_or_longer","]156[","0","0","0","0","0"
"1514.1","H-559","H","0","Inter-Riverine","Harappa","-","Stratum IV","Steatite","square","fragment","SEAL:S","1","R/L","??","1","22.9","22.9","0","]156-000[","156 000","156","","non_exact_or_longer","]156-000[","0","0","0","0","0"
"1534.1","H-589","H","0","Inter-Riverine","Harappa","-","Stratum V","Steatite","square","complete","SEAL:S","1","R/L","SC","4","17.8","0","0","+740-900-005-033+","740 900 005 033","033","","non_exact_or_longer","+740-900-005-033+","0","0","0","0","0"
"1557.1","H-642","H","0","Inter-Riverine","Harappa","-","-","Steatite","cuboid-convex","complete","SEAL:R","1","R/L","LC","6","38.1","21.6","7.2 - 13","+001-304-354-125-812-033+","001 304 354 125 812 033","033","","non_exact_or_longer","+001-304-354-125-812-033+","0","0","0","0","0"
"1558.1","H-643","H","0","Inter-Riverine","Harappa","-","Stratum III","Steatite","cuboid-convex","fragment","SEAL:R","1","R/L","??","3","36.8","17.8","4 - 12","+154-388-717-000+","154 388 717 000","154","","non_exact_or_longer","+154-388-717-000+","0","0","0","0","0"
"1561.1","H-646","H","0","Inter-Riverine","Harappa","-","-","-","rectangular","fragment","SEAL:R","1","R/L","??","4","0","0","0","+000-033-033-060-692+","000 033 033 060 692","033","","non_exact_or_longer","+000-033-033-060-692+","0","0","0","0","0"
"1564.1","H-649","H","0","Inter-Riverine","Harappa","-","Stratum II","Steatite","cuboid-convex","complete","SEAL:R","1","R/L","LP","8","33.9","14","0","+520-033-705-233-240-806-002-820+","520 033 705 233 240 806 002 820","033","","non_exact_or_longer","+520-033-705-233-240-806-002-820+","0","0","0","0","0"
"1575.1","H-660","H","0","Inter-Riverine","Harappa","-","-","-","cuboid-convex","complete","SEAL:R","1","R/L","MT","6","29","13","0","+520-095-033-706-240-798+","520 095 033 706 240 798","033","","non_exact_or_longer","+520-095-033-706-240-798+","0","0","0","0","0"
"1585.1","H-670","H","0","Inter-Riverine","Harappa","-","Stratum II","Steatite","cuboid-convex","complete","SEAL:R","1","R/L","SS","3","15.2","10.2","0","+154-806-468+","154 806 468","154","","non_exact_or_longer","+154-806-468+","0","0","0","0","0"
"1588.1","H-681","H","0","Inter-Riverine","Harappa","-","-","-","cuboid-convex","complete","SEAL:R","1","R/L","SS","3","0","15","0 - 9","+154-806-468+","154 806 468","154","","non_exact_or_longer","+154-806-468+","0","0","0","0","0"
"1607.2","H-702","H","0","Inter-Riverine","Harappa","-","Stratum IV","Faience","rectangular","complete","TAB:B","2","R/L","VN","2","16.5","8.9","0","+700-033+","700 033","033","700_033","+700-033+","+137-002-820+;+700-033+","0","0","0","0","0"
"1608.2","H-703","H","0","Inter-Riverine","Harappa","-","Stratum III","Faience","rectangular","fragment","TAB:B","2","R/L","VN","2","0","10.2","0","+700-033+","700 033","033","700_033","+700-033+","+700-033+;]435-255-055+","0","0","0","0","0"
"1609.2","H-704","H","0","Inter-Riverine","Harappa","-","Stratum III","Faience","cylindrical","fragment","TAB:B","3","-","??","1","12.7","0","0","]000-000-034[","000 000 034","034","","non_exact_or_longer","+000-700+;]000-000-034[;]000-833+","0","0","0","0","0"
"1611.1","H-706","H","0","Inter-Riverine","Harappa","-","Stratum III","Faience","rectangular","complete","TAB:B","1","R/L","VX","5","21.6","7.6","0","+700-033-137-002-820+","700 033 137 002 820","033","700_033","non_exact_or_longer","+700-033-137-002-820+","0","0","0","0","0"
"1617.2","H-713","H","0","Inter-Riverine","Harappa","-","-","-","rectangular","fragment","TAB:B","2","R/L","UC","2","0","0","0","+156-388[","156 388","156","","non_exact_or_longer","+156-388[;]240-000+","0","0","0","0","0"
"1633.2","H-734","H","0","Inter-Riverine","Harappa","-","-","-","cylindrical","complete","TAB:B","2","R/L","VN","2","21","0","0","+700-033+","700 033","033","700_033","+700-033+","+700-033+;+740-390-590-240+","0","0","0","0","0"
"1634.2","H-735","H","0","Inter-Riverine","Harappa","-","-","-","cylindrical","chipped","TAB:B","2","-","VN","2","17","0","0","+700-033+","700 033","033","700_033","+700-033+","+000-003-741-060-920+;+700-033+","0","0","0","0","0"
"1653.1","H-761","H","0","Inter-Riverine","Harappa","-","-","-","rectangular","complete","TAB:B","2","R/L","SS","4","26.5","17","0","+400-156-435-255+","400 156 435 255","156","","non_exact_or_longer","+400-154-440-220+;+400-156-435-255+","0","0","0","0","0"
"1653.2","H-761","H","0","Inter-Riverine","Harappa","-","-","-","rectangular","complete","TAB:B","2","R/L","MT","4","26.5","17","0","+400-154-440-220+","400 154 440 220","154","","non_exact_or_longer","+400-154-440-220+;+400-156-435-255+","0","0","0","0","0"
"1659.2","H-767","H","0","Inter-Riverine","Harappa","-","Stratum IV","Clay","plano-convex","complete","TAB:B","2","R/L","VN","2","27.9","8.9","0","+700-033+","700 033","033","700_033","+700-033+","+400-740-220-415-798+;+700-033+","0","0","0","0","0"
"1660.1","H-768","H","0","Inter-Riverine","Harappa","-","Stratum II","Faience","rectangular","complete","TAB:B","2","R/L","??","6","21.6","10.2","0","+400-740-033-705-233-235-000+","400 740 033 705 233 235 000","033","","non_exact_or_longer","+400-740-033-705-233-235-000+;+700-032+","0","0","0","0","0"
"1662.2","H-770","H","0","Inter-Riverine","Harappa","-","Stratum VI","Faience","rectangular","complete","TAB:B","2","R/L","VN","2","19.1","10.2","0","+700-033+","700 033","033","700_033","+700-033+","+151-840-416+;+700-033+","0","0","0","0","0"
"1663.2","H-771","H","0","Inter-Riverine","Harappa","-","Stratum VI","Faience","rectangular","complete","TAB:B","2","R/L","VN","2","16.5","8.9","0","+700-034+","700 034","034","700_034","+700-034+","+032-257-840+;+700-034+","0","0","0","0","0"
"1664.1","H-772","H","0","Inter-Riverine","Harappa","-","-","Faience","-","fragment","TAB:B","1","-","??","3","0","10.2","0","+000-700-033-711[","000 700 033 711","033","700_033","non_exact_or_longer","+000-700-033-711[","0","0","0","0","0"
"1665.2","H-773","H","0","Inter-Riverine","Harappa","-","-","Faience","plano-convex","complete","TAB:B","2","R/L","SC","5","20.3","8.9","0","+700-033-711-335-575-413+","700 033 711 335 575 413","033","700_033","non_exact_or_longer","+700-033-711-335-575-413+;+740-798-803-002-390-530-741+","0","0","0","0","0"
"1666.1","H-774","H","0","Inter-Riverine","Harappa","-","Stratum II","Faience","rectangular","complete","TAB:B","2","R/L","MT","6","19.1","8.9","0","+400-525-550-033-705-240+","400 525 550 033 705 240","033","","non_exact_or_longer","+400-525-550-033-705-240+;+700-033-711-335-575-413+","0","0","0","0","0"
"1666.2","H-774","H","0","Inter-Riverine","Harappa","-","Stratum II","Faience","rectangular","complete","TAB:B","2","R/L","LC","6","19.1","8.9","0","+700-033-711-335-575-413+","700 033 711 335 575 413","033","700_033","non_exact_or_longer","+400-525-550-033-705-240+;+700-033-711-335-575-413+","0","0","0","0","0"
"1667.2","H-776","H","0","Inter-Riverine","Harappa","-","Stratum III","Faience","rectangular","complete","TAB:B","2","R/L","NV","2","20.3","9.4","0","+033-700+","033 700","033","033_700","+033-700+","+033-700+;+740-803-741-031-032-716+","0","0","0","0","0"
"1671.2","H-780","H","0","Inter-Riverine","Harappa","-","Stratum VI","Faience","rectangular","complete","TAB:B","2","R/L","VN","2","16.5","10.2","0","+700-034+","700 034","034","700_034","+700-034+","+700-034+;+740-400-142-061+","0","0","0","0","0"
"1672.1","H-781","H","0","Inter-Riverine","Harappa","-","-","-","rectangular","complete","TAB:B","2","R/L","NV","2","17","9.5","0","+033-700+","033 700","033","033_700","+033-700+","+033-700+;+740-904-240+","0","0","0","0","0"
"1674.2","H-783","H","0","Inter-Riverine","Harappa","-","Stratum IV","Clay","cylindrical","complete","TAB:B","2","R/L","VN","2","20.3","8.9","0","+700-033+","700 033","033","700_033","+700-033+","+400-740-690-000+;+700-033+","0","0","0","0","0"
"1676.1","H-785","H","0","Inter-Riverine","Harappa","-","Stratum III","Steatite","rectangular","complete","TAB:B","2","R/L","VN","2","15.2","7.1","0","+700-034+","700 034","034","700_034","+700-034+","+700-034+;+740-255-000+","0","0","0","0","0"
"1678.2","H-787","H","0","Inter-Riverine","Harappa","-","-","-","rectangular","complete","TAB:B","2","L/R","VX","5","14.5","8","0","+400-740-176-700-033+","400 740 176 700 033","033","700_033","non_exact_or_longer","+400-740-176-700-033+;+824-892-413+","0","0","0","0","0"
"1679.2","H-788","H","0","Inter-Riverine","Harappa","-","Stratum VI","Faience","rectangular","complete","TAB:B","2","R/L","VN","2","12.7","7.6","0","+700-034+","700 034","034","700_034","+700-034+","+700-034+;+740-255-000+","0","0","0","0","0"
"1680.2","H-789","H","0","Inter-Riverine","Harappa","-","Stratum VI","Faience","rectangular","complete","TAB:B","2","R/L","NV","2","16.5","8.9","0","+033-700+","033 700","033","033_700","+033-700+","+033-700+;+400-520-220-016+","0","0","0","0","0"
"1681.1","H-790","H","0","Inter-Riverine","Harappa","-","Stratum I","Faience","rectangular","complete","TAB:B","2","R/L","SS","4","15.2","8.9","0","+400-740-384-033+","400 740 384 033","033","","non_exact_or_longer","+400-740-384-033+;+700-033+","0","0","0","0","0"
"1681.2","H-790","H","0","Inter-Riverine","Harappa","-","Stratum I","Faience","rectangular","complete","TAB:B","2","R/L","VN","2","15.2","8.9","0","+700-033+","700 033","033","700_033","+700-033+","+400-740-384-033+;+700-033+","0","0","0","0","0"
"1683.1","H-792","H","0","Inter-Riverine","Harappa","-","Stratum VI","Faience","rectangular","complete","TAB:B","2","R/L","SS","3","14.5","7.6","0","+400-154-896+","400 154 896","154","","non_exact_or_longer","+033-700+;+400-154-896+","0","0","0","0","0"
"1683.2","H-792","H","0","Inter-Riverine","Harappa","-","Stratum VI","Faience","rectangular","complete","TAB:B","2","R/L","NV","2","14.5","7.6","0","+033-700+","033 700","033","033_700","+033-700+","+033-700+;+400-154-896+","0","0","0","0","0"
"1684.1","H-793","H","0","Inter-Riverine","Harappa","-","Stratum III","Faience","rectangular","complete","TAB:B","2","R/L","SS","3","14.7","7.6","0","+400-154-896+","400 154 896","154","","non_exact_or_longer","+033-700+;+400-154-896+","0","0","0","0","0"
"1684.2","H-793","H","0","Inter-Riverine","Harappa","-","Stratum III","Faience","rectangular","complete","TAB:B","2","R/L","NV","2","14.7","7.6","0","+033-700+","033 700","033","033_700","+033-700+","+033-700+;+400-154-896+","0","0","0","0","0"
"1686.1","H-795","H","0","Inter-Riverine","Harappa","-","-","-","cylindrical","complete","TAB:B","2","R/L","NV","2","16","0","0","+033-700+","033 700","033","033_700","+033-700+","+033-700+;+442-000-220-000+","0","0","0","0","0"
"1689.2","H-798","H","0","Inter-Riverine","Harappa","-","Stratum VI","Faience","rectangular","complete","TAB:B","2","R/L","VN","2","15.2","7.6","0","+700-033+","700 033","033","700_033","+700-033+","+158-999-792+;+700-033+","0","0","0","0","0"
"1690.2","H-799","H","0","Inter-Riverine","Harappa","-","Stratum IV","Faience","rectangular","complete","TAB:B","2","R/L","VN","2","16.5","8.9","0","+700-033+","700 033","033","700_033","+700-033+","+032-820-100-415+;+700-033+","0","0","0","0","0"
"1691.2","H-800","H","0","Inter-Riverine","Harappa","-","Stratum II","Faience","plano-convex","complete","TAB:B","2","R/L","VN","2","17.8","7.6","0","+700-033+","700 033","033","700_033","+700-033+","+700-033+;+740-337-692-490+","0","0","0","0","0"
"1701.2","H-812","H","0","Inter-Riverine","Harappa","-","Stratum III","Faience","twisted rectangular","complete","TAB:B","2","R/L","NV","2","16.5","7.6","0","+033-700+","033 700","033","033_700","+033-700+","+033-700+;+368-035+","0","0","0","0","0"
"1705.2","H-816","H","0","Inter-Riverine","Harappa","-","Stratum II","Faience","hexagonal","complete","TAB:B","2","R/L","NV","2","7.6","7.6","0","+033-700+","033 700","033","033_700","+033-700+","+033-700+;+400-740-390-590+","0","0","0","0","0"
"1707.2","H-818","H","0","Inter-Riverine","Harappa","-","Stratum III","Faience","notched oval","complete","TAB:B","2","R/L","VN","2","17.8","10.2","0","+700-033+","700 033","033","700_033","+700-033+","+700-033+;+740-336-018+","0","0","0","0","0"
"1708.2","H-819","H","0","Inter-Riverine","Harappa","-","-","-","heart","complete","TAB:B","2","R/L","VN","2","0","0","0","+700-034+","700 034","034","700_034","+700-034+","+520-240+;+700-034+","0","0","0","0","0"
"1710.1","H-821","H","0","Inter-Riverine","Harappa","-","-","-","fish","complete","TAB:B","2","L/R","VN","2","23","14","0","+700-033+","700 033","033","700_033","+700-033+","+700-033+;+740-642-240-001-692+","0","0","0","0","0"
"1711.1","H-822","H","0","Inter-Riverine","Harappa","-","-","-","fish","complete","TAB:B","2","L/R","VN","2","24","11.5","0","+700-033+","700 033","033","700_033","+700-033+","+700-033+;+740-642-240-001-692+","0","0","0","0","0"
"1712.1","H-823","H","0","Inter-Riverine","Harappa","-","-","-","rectangular","complete","TAB:B","2","R/L","VN","2","23.5","11","0","+700-034+","700 034","034","700_034","+700-034+","+700-034+;+740-636-240-060-692+","0","0","0","0","0"
"1714.2","H-824","H","0","Inter-Riverine","Harappa","-","-","-","oval","fragment","TAB:B","2","R/L","UC","2","0","10.5","0","]033-700+","033 700","033","033_700","non_exact_or_longer","]033-700+;]240-060-692+","0","0","0","0","0"
"1716.1","H-827","H","0","Inter-Riverine","Harappa","-","-","-","cylindrical","complete","TAB:B","2","R/L","VN","2","18","0","0","+700-033+","700 033","033","700_033","+700-033+","+000-000-000+;+700-033+","0","0","0","0","0"
"1720.2","H-834","H","0","Inter-Riverine","Harappa","-","Stratum V","Faience","circular","complete","TAB:B","2","R/L","VN","2","0","0","0","+700-033+","700 033","033","700_033","+700-033+","+400-740-690-436-255+;+700-033+","0","0","0","0","0"
"1724.2","H-838","H","0","Inter-Riverine","Harappa","-","Stratum IV","Faience","circular","complete","TAB:B","2","R/L","VN","2","0","0","0","+700-033+","700 033","033","700_033","+700-033+","+700-033+;+740-615-495-002-817+","0","0","0","0","0"
"1730.2","H-844","H","0","Inter-Riverine","Harappa","-","","-","prism","fragment","TAB:B","2","-","UC","1","0","11","0","]033+","033","033","","non_exact_or_longer","+740-840-002+;]033+","0","0","0","0","0"
"1732.2","H-846","H","0","Inter-Riverine","Harappa","-","-","Faience","prism","complete","TAB:B","2","R/L","VN","2","15.2","6.4","0","+700-033+","700 033","033","700_033","+700-033+","+400-740-100-031-705+;+700-033+","0","0","0","0","0"
"1733.2","H-847","H","0","Inter-Riverine","Harappa","-","Stratum VI","Faience","prism","complete","TAB:B","3","R/L","VN","2","16.5","7.1","0","+700-033+","700 033","033","700_033","+700-033+","+000-690-000+;+700-033+;+740-100-415+","0","0","0","0","0"
"1734.2","H-848","H","0","Inter-Riverine","Harappa","-","Stratum II","Faience","prism","complete","TAB:B","2","R/L","VN","2","17.8","10.2","0","+700-033+","700 033","033","700_033","+700-033+","+700-033+;+740-100-000-000+","0","0","0","0","0"
"1737.1","H-851","H","0","Inter-Riverine","Harappa","-","Stratum VI","Faience","conical","fragment","TAB:B","2","-","UC","1","14","7.6","0","+033[","033","033","","non_exact_or_longer","+000-000-000+;+033[","0","0","0","0","0"
"1739.2","H-853","H","0","Inter-Riverine","Harappa","-","-","-","prism","complete","TAB:B","2","R/L","NV","2","14","6","0","+034-700+","034 700","034","034_700","+034-700+","+034-700+;+740-177-231+","0","0","0","0","0"
"1741.2","H-857","H","0","Inter-Riverine","Harappa","-","-","-","prism","complete","TAB:B","2","R/L","VN","2","16","7","0","+700-033+","700 033","033","700_033","+700-033+","+700-033+;+740-390-590-235+","0","0","0","0","0"
"1759.2","H-876","H","0","Inter-Riverine","Harappa","-","Stratum I","Steatite","cylindrical","complete","TAB:B","2","R/L","VN","2","22","0","0","+700-033+","700 033","033","700_033","+700-033+","+200-705-380+;+700-033+","0","0","0","0","0"
"1773.1","H-891","H","0","Inter-Riverine","Harappa","-","Stratum IV","Steatite","rectangular","slightly chipped","TAB:I","2","R/L","VN","2","16.5","7.6","0","+700-033+","700 033","033","700_033","+700-033+","+400-740-590-017-000+;+700-033+","0","0","0","0","0"
"1774.2","H-892","H","0","Inter-Riverine","Harappa","-","Stratum V","Steatite","rectangular","complete","TAB:I","2","R/L","NV","2","17.8","10.2","0","+034-700+","034 700","034","034_700","+034-700+","+034-700+;+400-740-336-176+","0","0","0","0","0"
"1775.2","H-893","H","0","Inter-Riverine","Harappa","-","Stratum VI","Steatite","rectangular","chipped","TAB:I","2","R/L","VN","2","14","7.6","0","+700-034+","700 034","034","700_034","+700-034+","+400-740-337+;+700-034+","0","0","0","0","0"
"1778.2","H-896","H","0","Inter-Riverine","Harappa","-","Stratum V","Steatite","rectangular","complete","TAB:I","2","R/L","SS","4","15.2","8.9","364","+400-156-435-255+","400 156 435 255","156","","non_exact_or_longer","+400-156-435-255+;+868-705-590+","0","0","0","0","0"
"1779.2","H-1181","H","0","Inter-Riverine","Harappa","-","Stratum III","Steatite","rectangular","complete","TAB:I","2","R/L","SS","4","16.5","7.6","0","+400-156-435-255+","400 156 435 255","156","","non_exact_or_longer","+400-156-435-255+;+868-706-590+","0","0","0","0","0"
"1780.2","H-898","H","0","Inter-Riverine","Harappa","-","Stratum VI","Steatite","rectangular","fragment","TAB:I","2","R/L","UC","3","10.9","7.6","0","]156-435-255+","156 435 255","156","","non_exact_or_longer","]156-435-255+;]590+","0","0","0","0","0"
"1782.2","H-900","H","0","Inter-Riverine","Harappa","-","Stratum IV","Steatite","rectangular","chipped","TAB:I","2","R/L","VN","2","12.7","7.1","0","+700-033+","700 033","033","700_033","+700-033+","+400-740-817-491+;+700-033+","0","0","0","0","0"
"1785.2","H-903","H","0","Inter-Riverine","Harappa","-","Stratum VI","Steatite","rectangular","complete","TAB:I","2","R/L","VX","5","15.2","8.1","0","+700-034-690-368-817+","700 034 690 368 817","034","700_034","non_exact_or_longer","+700-034-690-368-817+;+740-760-240+","0","0","0","0","0"
"1786.2","H-904","H","0","Inter-Riverine","Harappa","-","Stratum I","Steatite","rectangular","complete","TAB:I","2","R/L","VX","6","16.5","7.1","0","+700-033-900-645-368-817+","700 033 900 645 368 817","033","700_033","non_exact_or_longer","+700-033-900-645-368-817+;+740-032-840-002+","0","0","0","0","0"
"1792.2","H-910","H","0","Inter-Riverine","Harappa","-","Stratum II","Steatite","rectangular","complete","TAB:I","2","R/L","VN","2","14.7","7.6","0","+700-034+","700 034","034","700_034","+700-034+","+002-861-416+;+700-034+","0","0","0","0","0"
"1794.1","H-914","H","0","Inter-Riverine","Harappa","-","Stratum V","Steatite","rectangular","chipped","TAB:I","2","R/L","??","2","15.2","8.9","0","+415-033-000+","415 033 000","033","","non_exact_or_longer","+415-033-000+;+700-033+","0","0","0","0","0"
"1794.2","H-914","H","0","Inter-Riverine","Harappa","-","Stratum V","Steatite","rectangular","chipped","TAB:I","2","R/L","VN","2","15.2","8.9","0","+700-033+","700 033","033","700_033","+700-033+","+415-033-000+;+700-033+","0","0","0","0","0"
"1796.2","H-916","H","0","Inter-Riverine","Harappa","-","Stratum V","Steatite","rectangular","complete","TAB:I","2","R/L","VN","2","15.2","7.6","0","+700-033+","700 033","033","700_033","+700-033+","+400-740-032-059+;+700-033+","0","0","0","0","0"
"1804.2","H-924","H","0","Inter-Riverine","Harappa","-","-","-","rectangular","complete","TAB:I","2","R/L","VN","2","14","8","0","+700-033+","700 033","033","700_033","+700-033+","+700-033+;+740-840-013+","0","0","0","0","0"
"1805.2","H-925","H","0","Inter-Riverine","Harappa","-","Stratum IV","Steatite","rectangular","complete","TAB:I","2","R/L","VN","2","14","7.6","0","+700-033+","700 033","033","700_033","+700-033+","+700-033+;+740-840-013+","0","0","0","0","0"
"1807.1","H-927","H","0","Inter-Riverine","Harappa","-","Stratum V","Steatite","rectangular","complete","TAB:I","2","R/L","VN","2","14.5","7.6","0","+700-033+","700 033","033","700_033","+700-033+","+368-900+;+700-033+","0","0","0","0","0"
"1808.1","H-928","H","0","Inter-Riverine","Harappa","-","Stratum VI","Steatite","rectangular","complete","TAB:I","2","R/L","VN","2","12.7","6.4","0","+700-033+","700 033","033","700_033","+700-033+","+368-900+;+700-033+","0","0","0","0","0"
"1809.1","H-929","H","0","Inter-Riverine","Harappa","-","Stratum V","Steatite","rectangular","complete","TAB:I","2","R/L","VN","2","11.4","7.6","0","+700-033+","700 033","033","700_033","+700-033+","+368-900+;+700-033+","0","0","0","0","0"
"1811.2","H-931","H","0","Inter-Riverine","Harappa","-","Stratum VI","Steatite","rectangular","complete","TAB:I","2","R/L","NV","2","12.2","6.6","0","+033-700+","033 700","033","033_700","+033-700+","+000-000-000+;+033-700+","0","0","0","0","0"
"1813.1","H-933","H","0","Inter-Riverine","Harappa","-","-","-","rectangular","complete","TAB:I","2","R/L","NV","2","14","8","0","+034-700+","034 700","034","034_700","+034-700+","+034-700+;+400-740-176+","0","0","0","1","0"
"1814.1","H-934","H","0","Inter-Riverine","Harappa","-","Stratum IV","Steatite","rectangular","complete","TAB:I","2","R/L","VN","2","12.7","8.9","0","+700-033+","700 033","033","700_033","+700-033+","+400-740-176+;+700-033+","0","0","0","1","0"
"1815.2","H-935","H","0","Inter-Riverine","Harappa","-","Stratum V","Steatite","rectangular","complete","TAB:I","2","R/L","VN","2","10.2","6.4","0","+700-033+","700 033","033","700_033","+700-033+","+400-740-176+;+700-033+","0","0","0","1","0"
"1816.2","H-936","H","0","Inter-Riverine","Harappa","-","Stratum V","Steatite","rectangular","complete","TAB:I","2","R/L","VN","2","7.6","11.9","0","+700-034+","700 034","034","700_034","+700-034+","+400-740-176+;+700-034+","0","0","0","1","0"
"1817.2","H-937","H","0","Inter-Riverine","Harappa","-","-","Steatite","rectangular","fragment","TAB:I","2","R/L","??","1","0","7","0","+000-033+","000 033","033","","non_exact_or_longer","+000-033+;+400-740-176+","0","0","0","1","0"
"1818.2","H-938","H","0","Inter-Riverine","Harappa","-","Stratum IV","Steatite","rectangular","complete","TAB:I","2","R/L","NV","2","14","7.6","0","+034-700+","034 700","034","034_700","+034-700+","+034-700+;+520-220-415+","0","0","0","0","0"
"1819.1","H-939","H","0","Inter-Riverine","Harappa","-","Stratum IV","Steatite","rectangular","complete","TAB:I","2","L/R","VN","2","15.2","7.6","0","+700-034+","700 034","034","700_034","+700-034+","+520-220-415+;+700-034+","0","0","0","0","0"
"1822.2","H-942","H","0","Inter-Riverine","Harappa","-","Stratum IV","Steatite","rectangular","complete","TAB:I","2","R/L","NV","2","12.7","7.1","0","+033-700+","033 700","033","033_700","+033-700+","+033-700+;+520-220-016+","0","0","0","0","0"
"1825.2","H-945","H","0","Inter-Riverine","Harappa","-","Stratum VI","Steatite","rectangular","complete","TAB:I","2","R/L","NV","2","14","6.4","0","+034-700+","034 700","034","034_700","+034-700+","+034-700+;+400-234+","0","0","0","0","0"
"1826.1","H-946","H","0","Inter-Riverine","Harappa","-","Stratum VI","Steatite","rectangular","complete","TAB:I","2","R/L","VN","2","13.2","6.4","0","+700-034+","700 034","034","700_034","+700-034+","+400-234+;+700-034+","0","0","0","0","0"
"1827.2","H-947","H","0","Inter-Riverine","Harappa","-","-","Steatite","rectangular","complete","TAB:I","2","R/L","VN","2","10.2","5.8","0","+700-034+","700 034","034","700_034","+700-034+","+400-236+;+700-034+","0","0","0","0","0"
"1828.2","H-948","H","0","Inter-Riverine","Harappa","-","Stratum VI","Steatite","rectangular","complete","TAB:I","2","R/L","VN","2","15.2","7.6","0","+700-033+","700 033","033","700_033","+700-033+","+400-151-229+;+700-033+","0","0","0","0","0"
"1829.1","H-949","H","0","Inter-Riverine","Harappa","-","Stratum IV","Steatite","rectangular","complete","TAB:I","2","R/L","VN","2","17.8","7.6","0","+700-033+","700 033","033","700_033","+700-033+","+151-229+;+700-033+","0","0","0","0","0"
"1830.2","H-950","H","0","Inter-Riverine","Harappa","-","Stratum VI","Steatite","rectangular","complete","TAB:I","2","R/L","NV","2","16","8.9","0","+033-700+","033 700","033","033_700","+033-700+","+033-700+;+710-455-220-032+","0","0","0","0","0"
"1831.2","H-951","H","0","Inter-Riverine","Harappa","-","Stratum IV","Steatite","rectangular","complete","TAB:I","2","R/L","VN","2","14","7.6","0","+700-033+","700 033","033","700_033","+700-033+","+388-134-368-590+;+700-033+","0","0","0","0","0"
"1832.2","H-952","H","0","Inter-Riverine","Harappa","-","-","Steatite","rectangular","complete","TAB:I","2","R/L","VN","2","11.4","7.1","0","+700-034+","700 034","034","700_034","+700-034+","+700-034+;+740-564+","0","0","0","0","0"
"1833.1","H-953","H","0","Inter-Riverine","Harappa","-","-","-","rectangular","complete","TAB:I","2","R/L","VN","2","11.5","7","0","+700-034+","700 034","034","700_034","+700-034+","+000-550-556+;+700-034+","0","0","0","0","0"
"1836.2","H-959","H","0","Inter-Riverine","Harappa","-","Stratum VI","Steatite","oval","complete","TAB:I","2","R/L","VN","2","15.2","7.6","0","+700-033+","700 033","033","700_033","+700-033+","+400-740-178+;+700-033+","0","0","0","0","0"
"1837.1","H-960","H","0","Inter-Riverine","Harappa","-","Stratum V","Steatite","oval","complete","TAB:I","2","R/L","VN","2","10.2","7.6","0","+700-034+","700 034","034","700_034","+700-034+","+400-740-176+;+700-034+","0","0","0","1","0"
"1838.2","H-961","H","0","Inter-Riverine","Harappa","-","-","Steatite","rectangular-rounded","slightly chipped","TAB:I","2","R/L","VN","2","16","7.6","0","+700-033+","700 033","033","700_033","+700-033+","+000-740-176+;+700-033+","0","0","0","0","0"
"1841.1","H-964","H","0","Inter-Riverine","Harappa","-","-","Steatite","rectangular-rounded","fragment","TAB:I","2","R/L","??","1","0","7","0","]000-034+","000 034","034","","non_exact_or_longer","+400-740-000[;]000-034+","0","0","0","0","0"
"1853.2","H-976","H","0","Inter-Riverine","Harappa","-","-","Steatite","prism","complete","TAB:I","2","R/L","VN","2","10.2","7.6","0","+700-033+","700 033","033","700_033","+700-033+","+400-137+;+700-033+","0","0","0","0","0"
"1854.2","H-977","H","0","Inter-Riverine","Harappa","-","Stratum IV","Steatite","prism","fragment","TAB:I","2","R/L","??","1","0","7.6","0","]000-034+","000 034","034","","non_exact_or_longer","+400-740-032-000[;]000-034+","0","0","0","0","0"
"1855.2","H-978","H","0","Inter-Riverine","Harappa","-","Stratum V","Steatite","prism","complete","TAB:I","2","R/L","VN","2","15.2","6.4","0","+700-033+","700 033","033","700_033","+700-033+","+400-740-176+;+700-033+","0","0","0","1","0"
"1856.1","H-979","H","0","Inter-Riverine","Harappa","-","-","-","prism","slightly chipped","TAB:I","2","R/L","VN","2","16.5","7","0","+700-033+","700 033","033","700_033","+700-033+","+400-740-176+;+700-033+","0","0","0","1","0"
"1858.2","H-982","H","0","Inter-Riverine","Harappa","-","Stratum V","Steatite","prism","complete","SEAL:R","2","R/L","VN","2","14","6.4","0","+700-034+","700 034","034","700_034","+700-034+","+700-034+;+740-388-031+","0","0","0","0","0"
"1859.2","H-983","H","0","Inter-Riverine","Harappa","-","Stratum VI","Steatite","prism","complete","TAB:I","2","R/L","VN","2","15.2","6.4","0","+700-034+","700 034","034","700_034","+700-034+","+400-740-637-240+;+700-034+","0","0","0","0","0"
"1861.1","H-985","H","0","Inter-Riverine","Harappa","-","Stratum VI","-","prism","slightly chipped","TAB:I","2","R/L","VN","2","15.2","6.4","0","+700-034+","700 034","034","700_034","+700-034+","+156-435-255+;+700-034+","0","0","0","0","0"
"1861.2","H-985","H","0","Inter-Riverine","Harappa","-","Stratum VI","-","prism","slightly chipped","TAB:I","2","R/L","SS","3","15.2","6.4","0","+156-435-255+","156 435 255","156","","non_exact_or_longer","+156-435-255+;+700-034+","0","0","0","0","0"
"1862.2","H-986","H","0","Inter-Riverine","Harappa","-","-","Steatite","prism","fragment","TAB:I","3","R/L","VN","2","16.5","6.4","0","+700-033+","700 033","033","700_033","+700-033+","+000-000-000+;+000-000-000-000-000-000+;+700-033+","0","0","0","0","0"
"1863.2","H-987","H","0","Inter-Riverine","Harappa","-","Stratum V","Steatite","prism","complete","TAB:I","3","R/L","VN","2","16.5","6.4","0","+700-033+","700 033","033","700_033","+700-033+","+400-740-176+;+690-365-817+;+700-033+","0","0","0","1","0"
"1865.1","H-990","H","0","Inter-Riverine","Harappa","-","-","Clay","-","fragment","POT:T:g","1","NR","NU","1","0","0","0","+033+","033","033","","non_exact_or_longer","+033+","0","0","0","0","0"
"1866.1","H-992","H","0","Inter-Riverine","Harappa","-","-","Clay","-","fragment","POT:T:g","1","-","??","2","0","0","0","+820-033-000[","820 033 000","033","","non_exact_or_longer","+820-033-000[","0","0","0","0","0"
"1896.1","K-22","K","0","Inter-Riverine","Kalibangan","2","Middle","Steatite","square","complete","SEAL:S","1","R/L","SC","4","22.5","22.5","7 - 11","+866-151-033-033+","866 151 033 033","033","","non_exact_or_longer","+866-151-033-033+","0","0","0","0","0"
"1897.1","K-23","K","0","Inter-Riverine","Kalibangan","2","Late","Steatite","square","complete","SEAL:S","1","R/L","IT","5","21.5","21.5","7 - 13","+740-441-002-820-033+","740 441 002 820 033","033","","non_exact_or_longer","+740-441-002-820-033+","0","0","0","0","0"
"1921.1","K-60","K","0","Inter-Riverine","Kalibangan","2","Late","Terracotta","rectangular","complete","SEAL:R","1","-","SS","3","38","17","0 - 23","+390-143-033+","390 143 033","033","","non_exact_or_longer","+390-143-033+","0","0","0","0","0"
"1934.2","K-77","K","0","Inter-Riverine","Kalibangan","-","-","Faience","cuboid","fragment","TAB:B","2","-","UC","1","0","10.5","4","]033[","033","033","","non_exact_or_longer","+400-740-000[;]033[","0","0","0","0","0"
"1936.1","K-80","K","0","Inter-Riverine","Kalibangan","-","-","-","square","slightly chipped","TAG:L","1","R/L","??","5","30","30","0","+156-031-060-368-206-000+","156 031 060 368 206 000","156","","non_exact_or_longer","+156-031-060-368-206-000+","0","0","0","0","0"
"1940.1","K-85","K","0","Inter-Riverine","Kalibangan","2","Late","-","-","complete","TAG:L","1","R/L","IT","4","27","27","0","+520-033-002-861+","520 033 002 861","033","","non_exact_or_longer","+520-033-002-861+","0","0","0","0","0"
"1944.2","K-89","K","0","Inter-Riverine","Kalibangan","-","-","-","-","fragment","TAG:L","4","R/L","??","3","0","0","0","+000-033-705-000-002-000+","000 033 705 000 002 000","033","","non_exact_or_longer","+000-033-705-000-002-000+;+000-491-000-000-000+;+001-350-002-595-390-000+;+090-740-362-002-360-832+","0","0","0","0","0"
"1949.1","K-95","K","0","Inter-Riverine","Kalibangan","-","-","Clay","-","fragment","POT:T:g","1","-","??","2","0","0","0","]000-227-033-000[","000 227 033 000","033","","non_exact_or_longer","]000-227-033-000[","0","0","0","0","0"
"1950.1","K-96","K","0","Inter-Riverine","Kalibangan","-","-","-","-","fragment","POT:T:g","1","R/L","??","4","0","0","0","]033-220-520-032-000[","033 220 520 032 000","033","","non_exact_or_longer","]033-220-520-032-000[","0","0","0","0","0"
"1968.1","Krs-1","other","0","Gujarat/Kutch","Khirsara","-","-","-","cuboid-convex","complete","SEAL:R","1","R/L","LC","10","42","13","4 - 12","+215-001-480-306-813-033-060-413-346-706+","215 001 480 306 813 033 060 413 346 706","033","","non_exact_or_longer","+215-001-480-306-813-033-060-413-346-706+","0","0","0","0","0"
"1974.1","Kd-9","other","0","Lower Indus","Kot-Diji","-","-","Clay","-","fragment","POT:T:g","1","-","AN","2","0","0","0","+033-095+","033 095","033","","non_exact_or_longer","+033-095+","0","0","0","0","0"
"1978.1","Kd-14","other","0","Lower Indus","Kot-Diji","-","-","Clay","-","fragment","POT:T:g","1","-","NU","2","0","0","0","+033-003+","033 003","033","","non_exact_or_longer","+033-003+","0","0","0","0","0"
"1989.1","L-10","L","0","Gujarat/Kutch","Lothal","-","III","Steatite","square","partly damaged","SEAL:S","1","R/L","??","8","35.6","35.6","0","+520-033-705-233-240-460-491-002-000+","520 033 705 233 240 460 491 002 000","033","","non_exact_or_longer","+520-033-705-233-240-460-491-002-000+","0","0","0","0","0"
"1994.1","L-16","L","0","Gujarat/Kutch","Lothal","Layer13","II","Steatite","square","complete","SEAL:S","1","R/L","AN","2","25.4","25.4","0","+154-004+","154 004","154","","non_exact_or_longer","+154-004+","0","0","0","0","0"
"1999.1","L-21","L","0","Gujarat/Kutch","Lothal","Layer 4","III","Steatite","square","complete","SEAL:S","1","R/L","IT","4","25.4","25.4","0","+156-142-060-820+","156 142 060 820","156","","non_exact_or_longer","+156-142-060-820+","0","0","0","0","0"
"2014.1","L-42","L","0","Gujarat/Kutch","Lothal","-","-","-","square","complete","SEAL:S","1","R/L","SS","2","17","17","0","+156-003+","156 003","156","156_003","+156-003+","+156-003+","0","1","0","0","0"
"2054.1","L-102","L","0","Gujarat/Kutch","Lothal","Layer 3","IV","Steatite","cuboid","complete","SEAL:R","1","R/L","AN","2","34.8","19.1","0","+154-005+","154 005","154","","non_exact_or_longer","+154-005+","0","0","0","0","0"
"2088.1","L-146","L","0","Gujarat/Kutch","Lothal","Layer 8","IV","Clay","-","fragment","TAG:O","1","R/L","SS","3","44.5","25.4","0","+520-033-705+","520 033 705","033","","non_exact_or_longer","+520-033-705+","0","0","0","0","0"
"2110.3","L-188","L","0","Gujarat/Kutch","Lothal","Layer 3","III","Clay","-","fragment","TAG","3","R/L","??","1","31.8","19.1","0","+033-000[","033 000","033","","non_exact_or_longer","+033-000[;+520-000[;+740-000[","0","0","0","0","0"
"2137.1","L-221","L","0","Gujarat/Kutch","Lothal","-","-","-","-","fragment","POT:T:g","1","R/L","UC","2","0","0","0","+154-118[","154 118","154","","non_exact_or_longer","+154-118[","0","0","0","0","0"
"2149.1","L-271","L","0","Gujarat/Kutch","Lothal","-","-","-","-","fragment","POT:T:g","1","L/R","MT","3","0","0","0","+156-031-240+","156 031 240","156","","non_exact_or_longer","+156-031-240+","0","0","0","0","0"
"2154.1","-","-","0","Lower Indus","Mohenjo-daro","-","-","Steatite","-","fragment","SEAL","1","R/L","??","1","0","0","0","]000-033-000[","000 033 000","033","","non_exact_or_longer","]000-033-000[","0","0","0","0","0"
"2178.1","M-1696","M","0","Lower Indus","Mohenjo-daro","-","-","Steatite","square","complete","SEAL:S","1","R/L","LP","7","29.2","29.2","0","+520-033-705-220-415-002-861+","520 033 705 220 415 002 861","033","","non_exact_or_longer","+520-033-705-220-415-002-861+","0","0","0","0","0"
"2193.1","M-1766","M","0","Lower Indus","Mohenjo-daro","-","-","Steatite","square","complete","SEAL:S","1","R/L","LP","9","27.9","27.9","0","+740-032-845-240-002-269-892-810-033+","740 032 845 240 002 269 892 810 033","033","","non_exact_or_longer","+740-032-845-240-002-269-892-810-033+","0","0","0","0","0"
"2202.1","M-2005","M","0","Lower Indus","Mohenjo-daro","-","-","Clay","-","fragment","POT:T:g","1","R/L","??","4","0","0","0","+808-033-002-000-031+","808 033 002 000 031","033","","non_exact_or_longer","+808-033-002-000-031+","0","0","0","0","0"
"2217.1","-","-","0","Lower Indus","Mohenjo-daro","Late","I","Steatite","rectangular","fragment","SEAL:R","1","R/L","??","3","19.6","12.4","7.6","]000-033-706-806[","000 033 706 806","033","","non_exact_or_longer","]000-033-706-806[","0","0","0","0","0"
"2223.1","M-1986","M","0","Lower Indus","Mohenjo-daro","Late","I","Steatite","rectangular","fragment","SEAL:R","1","R/L","SS","3","16.8","7.6","6.1","+154-806-468+","154 806 468","154","","non_exact_or_longer","+154-806-468+","0","0","0","0","0"
"2231.1","M-1688","M","0","Lower Indus","Mohenjo-daro","Late","II","Steatite","square","complete","SEAL:S","1","R/L","LC","12","31.2","31.2","0.7","+125-435-255-002-286-220-031-012-031-455-033-590+","125 435 255 002 286 220 031 012 031 455 033 590","033","","non_exact_or_longer","+125-435-255-002-286-220-031-012-031-455-033-590+","0","0","0","0","0"
"2245.1","M-1890","M","0","Lower Indus","Mohenjo-daro","Late","III","Steatite","square","chipped","SEAL:S","1","R/L","UC","5","22.4","22.4","7.1","+520-033-705-240-235[","520 033 705 240 235","033","","non_exact_or_longer","+520-033-705-240-235[","0","0","0","0","0"
"2255.1","M-1765","M","0","Lower Indus","Mohenjo-daro","Late","II","Steatite","square","complete","SEAL:S","1","R/L","LC","9","25.9","25.7","7.6","+215-031-480-140-632-705-002-093-033+","215 031 480 140 632 705 002 093 033","033","","non_exact_or_longer","+215-031-480-140-632-705-002-093-033+","0","0","0","0","0"
"2269.1","M-1963","M","0","Lower Indus","Mohenjo-daro","-","-","Steatite","rectangular","chipped","SEAL:R","1","L/R","??","2","22.9","12.7","0","+000-034-104+","000 034 104","034","","non_exact_or_longer","+000-034-104+","0","0","0","0","0"
"2305.1","M-1828","M","0","Lower Indus","Mohenjo-daro","Intermediate","I","Steatite","square","complete","SEAL:S","1","R/L","SS","2","22.1","21.6","7.9","+156-142+","156 142","156","","non_exact_or_longer","+156-142+","0","0","0","0","0"
"2307.1","M-1779","M","0","Lower Indus","Mohenjo-daro","Intermediate","II","Steatite","square","chipped","SEAL:S","1","R/L","SS","2","25.4","25.4","6.9","+156-003+","156 003","156","156_003","+156-003+","+156-003+","0","1","0","0","0"
"2310.1","M-1810","M","0","Lower Indus","Mohenjo-daro","Intermediate","III","Steatite","square","complete","SEAL:S","1","R/L","MS","7","21.1","20.8","7.1","+740-100-140-003-002-156-920+","740 100 140 003 002 156 920","156","","non_exact_or_longer","+740-100-140-003-002-156-920+","0","0","0","0","0"
"2325.1","M-1735","M","0","Lower Indus","Mohenjo-daro","Intermediate","III","Steatite","square","complete","SEAL:S","1","R/L","SS","2","25.4","24.9","7.1","+156-031+","156 031","156","","non_exact_or_longer","+156-031+","0","0","0","0","0"
"2326.1","M-1967","M","0","Lower Indus","Mohenjo-daro","Intermediate","I","Steatite","rectangular","chipped","SEAL:R","1","R/L","UC","5","27.9","15.2","10.2","+520-033-705-002-585[","520 033 705 002 585","033","","non_exact_or_longer","+520-033-705-002-585[","0","0","0","0","0"
"2357.1","M-1928","M","0","Lower Indus","Mohenjo-daro","Intermediate","III","Steatite","square","complete","SEAL:S","2","R/L","SS","3","33.5","33.5","9.9","+156-003-031+","156 003 031","156","156_003","non_exact_or_longer","+000-233-220-002-861+;+156-003-031+;+850-031+","0","0","0","0","0"
"2359.1","M-1693","M","0","Lower Indus","Mohenjo-daro","Intermediate","III","Steatite","square","complete","SEAL:S","1","R/L","LP","7","31.8","31.8","10.2","+527-555-033-706-235-002-817+","527 555 033 706 235 002 817","033","","non_exact_or_longer","+527-555-033-706-235-002-817+","0","0","0","0","0"
"2360.1","M-1971","M","0","Lower Indus","Mohenjo-daro","Intermediate","III","Steatite","rectangular","complete","SEAL:R","1","R/L","??","6","35.8","12.4","8.4","+000-550-033-706-220-415-798+","000 550 033 706 220 415 798","033","","non_exact_or_longer","+000-550-033-706-220-415-798+","0","0","0","0","0"
"2364.1","M-1893","M","0","Lower Indus","Mohenjo-daro","Intermediate","III","Steatite","square","complete","SEAL:S","1","R/L","CT","4","35.1","35.1","9.7","+740-927-033-817+","740 927 033 817","033","","non_exact_or_longer","+740-927-033-817+","0","0","0","0","0"
"2385.1","M-1715","M","0","Lower Indus","Mohenjo-daro","Intermediate","II","Steatite","square","complete","SEAL:S","1","R/L","IT","6","30","30","6.4","+740-923-033-705-060-692+","740 923 033 705 060 692","033","","non_exact_or_longer","+740-923-033-705-060-692+","0","0","0","0","0"
"2402.1","M-1901","M","0","Lower Indus","Mohenjo-daro","Intermediate","III","Steatite","square","complete","SEAL:S","1","R/L","2L","6","29.2","29.2","8.1 - 16.8","+151-061/156-002-252-692+","151 061 156 002 252 692","156","","non_exact_or_longer","+151-061/156-002-252-692+","0","0","0","0","0"
"2407.1","M-1888","M","0","Lower Indus","Mohenjo-daro","Intermediate","III","Steatite","square","complete","SEAL:S","1","R/L","SS","3","21.8","21.8","6.6","+156-003-877+","156 003 877","156","156_003","non_exact_or_longer","+156-003-877+","0","0","0","0","0"
"2416.1","-","-","0","Lower Indus","Mohenjo-daro","-","-","Faience","circular","complete","TAB:B","1","R/L","??","5","0","0","0 - 7.6","+740-390-590-033-705-000+","740 390 590 033 705 000","033","","non_exact_or_longer","+740-390-590-033-705-000+","0","0","0","0","0"
"2422.1","M-1954","M","0","Lower Indus","Mohenjo-daro","-","-","Steatite","rectangular","complete","SEAL:R","1","R/L","LP","12","41.9","15.2","0","+740-407-590-031-752-033-705-220-415-798-002-861+","740 407 590 031 752 033 705 220 415 798 002 861","033","","non_exact_or_longer","+740-407-590-031-752-033-705-220-415-798-002-861+","0","0","0","0","0"
"2443.1","M-1957","M","0","Lower Indus","Mohenjo-daro","-","-","Steatite","rectangular","complete","SEAL:R","1","R/L","IT","5","30.5","14","0","+154-806-474-013-820+","154 806 474 013 820","154","","non_exact_or_longer","+154-806-474-013-820+","0","0","0","0","0"
"2445.1","M-1978","M","0","Lower Indus","Mohenjo-daro","-","-","Steatite","rectangular","complete","SEAL:R","1","R/L","SC","5","24.1","7.6","0","+405-061-033-705-236+","405 061 033 705 236","033","","non_exact_or_longer","+405-061-033-705-236+","0","0","0","0","0"
"2463.1","M-1834","M","0","Lower Indus","Mohenjo-daro","-","-","Steatite","square","complete","SEAL:S","1","R/L","2L","9","21.6","21.6","0","+450-617-033/740-463-510-741-252-791+","450 617 033 740 463 510 741 252 791","033","","non_exact_or_longer","+450-617-033/740-463-510-741-252-791+","0","0","0","0","0"
"2473.1","M-1665","M","0","Lower Indus","Mohenjo-daro","-","-","Steatite","square","chipped","SEAL:S","1","R/L","LP","9","38.1","38.1","0","+520-033-705-233-240-002-610-125-032+","520 033 705 233 240 002 610 125 032","033","","non_exact_or_longer","+520-033-705-233-240-002-610-125-032+","0","0","0","0","0"
"2478.1","M-1906","M","0","Lower Indus","Mohenjo-daro","-","-","Steatite","square","complete","SEAL:S","1","R/L","LP","7","33","33","0","+520-033-705-233-235-060-820+","520 033 705 233 235 060 820","033","","non_exact_or_longer","+520-033-705-233-235-060-820+","0","0","0","0","0"
"2486.1","M-1723","M","0","Lower Indus","Mohenjo-daro","-","-","Steatite","square","complete","SEAL:S","1","R/L","LT","6","30.5","30.5","0","+740-032-840-033-705-798+","740 032 840 033 705 798","033","","non_exact_or_longer","+740-032-840-033-705-798+","0","0","0","0","0"
"2488.2","-","-","0","Lower Indus","Mohenjo-daro","-","-","Copper","rectangular","complete","TAB:C","2","R/L","MS","5","25","19","0","+001-740-923-033-705+","001 740 923 033 705","033","","non_exact_or_longer","+001-740-923-033-705+","0","0","0","0","0"
"2521.1","M-1785","M","0","Lower Indus","Mohenjo-daro","-","-","Steatite","square","fragment","SEAL:S","1","R/L","2L","7","24.1","0","0","+906-200/740-100-415-033-702+","906 200 740 100 415 033 702","033","","non_exact_or_longer","+906-200/740-100-415-033-702+","0","0","0","0","0"
"2523.1","-","-","0","Lower Indus","Mohenjo-daro","-","-","Copper","rectangular","complete","TAB:C","1","R/L","LT","7","35","21","0","+407-585-033-705-233-235-806+","407 585 033 705 233 235 806","033","","non_exact_or_longer","+407-585-033-705-233-235-806+","0","0","0","0","0"
"2526.1","M-1662","M","0","Lower Indus","Mohenjo-daro","Intermediate","III","Steatite","square","partly damaged","SEAL:S","1","R/L","??","7","47","47","0","+520-033-706-233-002-817-192-000+","520 033 706 233 002 817 192 000","033","","non_exact_or_longer","+520-033-706-233-002-817-192-000+","0","0","0","0","0"
"2527.1","M-2104","M","0","Lower Indus","Mohenjo-daro","-","-","Ivory","-","complete","ROD","1","R/L","VX","4","0","7.6","0","+151-097-700-034+","151 097 700 034","034","700_034","non_exact_or_longer","+151-097-700-034+","0","0","0","0","0"
"2533.1","M-4","M","0","Lower Indus","Mohenjo-daro","-","-","Steatite","square","complete","SEAL:S","1","R/L","LC","9","45.2","44","13.6 - 19","+298-465-033-705-231-002-564-617-033+","298 465 033 705 231 002 564 617 033","033","","non_exact_or_longer","+298-465-033-705-231-002-564-617-033+","0","0","0","0","0"
"2539.1","M-10","M","0","Lower Indus","Mohenjo-daro","-","-","Steatite","square","partly damaged","SEAL:S","1","R/L","LP","11","48.3","48.3","12.9 - 20.6","+405-061-070-032-033-706-235-806-002-267-455+","405 061 070 032 033 706 235 806 002 267 455","033","","non_exact_or_longer","+405-061-070-032-033-706-235-806-002-267-455+","0","0","0","0","0"
"2572.1","M-44","M","0","Lower Indus","Mohenjo-daro","-","-","Steatite","square","complete","SEAL:S","1","R/L","LP","8","32","31","0","+740-760-033-705-803-002-920-317+","740 760 033 705 803 002 920 317","033","","non_exact_or_longer","+740-760-033-705-803-002-920-317+","0","0","0","0","0"
"2578.1","M-50","M","0","Lower Indus","Mohenjo-daro","-","-","Steatite","square","complete","SEAL:S","1","R/L","LP","9","30.5","30.5","0","+740-585-017-033-705-240-798-002-820+","740 585 017 033 705 240 798 002 820","033","","non_exact_or_longer","+740-585-017-033-705-240-798-002-820+","0","0","0","0","0"
"2582.1","M-54","M","0","Lower Indus","Mohenjo-daro","Intermediate","I","Steatite","square","complete","SEAL:S","1","R/L","LP","7","33","33","8.4","+236-240-033-705-798-002-820+","236 240 033 705 798 002 820","033","","non_exact_or_longer","+236-240-033-705-798-002-820+","0","0","0","0","0"
"2592.1","M-64","M","0","Lower Indus","Mohenjo-daro","Intermediate","II","Steatite","square","complete","SEAL:S","1","R/L","IT","6","33.5","32.3","8.4","+520-033-706-060-220-004+","520 033 706 060 220 004","033","","non_exact_or_longer","+520-033-706-060-220-004+","0","0","0","0","0"
"2607.1","M-80","M","0","Lower Indus","Mohenjo-daro","Intermediate","III","Steatite","square","complete","SEAL:S","1","R/L","IT","5","24.6","24.6","7.4 - 19.4","+156-003-060-368-817+","156 003 060 368 817","156","156_003","non_exact_or_longer","+156-003-060-368-817+","0","0","0","0","0"
"2613.1","M-86","M","0","Lower Indus","Mohenjo-daro","Late","III","Steatite","square","complete","SEAL:S","1","R/L","LP","7","30","30","7.6","+520-033-705-231-002-820-700+","520 033 705 231 002 820 700","033","","non_exact_or_longer","+520-033-705-231-002-820-700+","0","0","0","0","0"
"2620.1","M-93","M","0","Lower Indus","Mohenjo-daro","Intermediate","I","Steatite","square","complete","SEAL:S","1","R/L","SP","5","23.6","23.6","6.4","+156-003-240-741-345+","156 003 240 741 345","156","156_003","non_exact_or_longer","+156-003-240-741-345+","0","0","0","0","0"
"2623.1","M-96","M","0","Lower Indus","Mohenjo-daro","Late","I","Steatite","square","complete","SEAL:S","1","R/L","SS","2","26.7","26.2","7.6","+156-004+","156 004","156","","non_exact_or_longer","+156-004+","0","0","0","0","0"
"2624.1","M-97","M","0","Lower Indus","Mohenjo-daro","Intermediate","III","Steatite","square","complete","SEAL:S","1","R/L","SS","3","25.1","24.9","8.1","+156-435-255+","156 435 255","156","","non_exact_or_longer","+156-435-255+","0","0","0","0","0"
"2629.1","M-102","M","0","Lower Indus","Mohenjo-daro","-","-","Steatite","square","complete","SEAL:S","1","R/L","SS","4","35.6","15.2","0","+154-003-900-545+","154 003 900 545","154","154_003","non_exact_or_longer","+154-003-900-545+","0","0","0","0","0"
"2644.1","M-117","M","0","Lower Indus","Mohenjo-daro","-","-","Steatite","square","complete","SEAL:S","1","R/L","LP","8","25.4","25.4","0","+520-033-705-220-803-055-002-820+","520 033 705 220 803 055 002 820","033","","non_exact_or_longer","+520-033-705-220-803-055-002-820+","0","0","0","0","0"
"2645.1","M-118","M","0","Lower Indus","Mohenjo-daro","-","-","Steatite","square","complete","SEAL:S","1","R/L","LP","8","25.4","25.4","0","+740-772-033-705-233-803-002-861+","740 772 033 705 233 803 002 861","033","","non_exact_or_longer","+740-772-033-705-233-803-002-861+","0","0","0","0","0"
"2649.1","M-122","M","0","Lower Indus","Mohenjo-daro","Late","I","Steatite","square","complete","SEAL:S","1","R/L","SS","3","28.2","28.2","7.9","+520-033-705+","520 033 705","033","","non_exact_or_longer","+520-033-705+","0","0","0","0","0"
"2659.1","M-132","M","0","Lower Indus","Mohenjo-daro","Late","II","Steatite","square","complete","SEAL:S","1","R/L","SS","3","24.9","25.4","7.6","+156-003-545+","156 003 545","156","156_003","non_exact_or_longer","+156-003-545+","0","0","0","0","0"
"2662.1","M-135","M","0","Lower Indus","Mohenjo-daro","-","-","Steatite","square","complete","SEAL:S","1","R/L","SS","4","27.9","27.9","0","+520-033-705-031+","520 033 705 031","033","","non_exact_or_longer","+520-033-705-031+","0","0","0","0","0"
"2666.1","M-139","M","0","Lower Indus","Mohenjo-daro","Late","III","Steatite","square","complete","SEAL:S","1","R/L","SC","5","24.1","24.1","7.4","+033-832-236-741-361+","033 832 236 741 361","033","","non_exact_or_longer","+033-832-236-741-361+","0","0","0","0","0"
"2692.1","M-167","M","0","Lower Indus","Mohenjo-daro","-","-","Steatite","square","fragment","SEAL:S","1","R/L","??","3","23","23","0","+156-000-368-780+","156 000 368 780","156","","non_exact_or_longer","+156-000-368-780+","0","0","0","0","0"
"2712.1","M-187","M","0","Lower Indus","Mohenjo-daro","Intermediate","I","Steatite","square","complete","SEAL:S","1","R/L","SS","2","19.8","19.8","5.6","+156-005+","156 005","156","","non_exact_or_longer","+156-005+","0","0","0","0","0"
"2713.1","M-188","M","0","Lower Indus","Mohenjo-daro","-","-","Steatite","square","complete","SEAL:S","1","R/L","SS","2","19.1","19.1","0","+156-031+","156 031","156","","non_exact_or_longer","+156-031+","0","0","0","0","0"
"2715.1","M-190","M","0","Lower Indus","Mohenjo-daro","-","-","Steatite","square","complete","SEAL:S","1","R/L","SS","2","21.6","21.6","0","+156-843+","156 843","156","","non_exact_or_longer","+156-843+","0","0","0","0","0"
"2718.1","M-193","M","0","Lower Indus","Mohenjo-daro","Late","II","Steatite","square","complete","SEAL:S","1","R/L","SS","2","18.3","18","5.8","+156-005+","156 005","156","","non_exact_or_longer","+156-005+","0","0","0","0","0"
"2736.1","M-212","M","0","Lower Indus","Mohenjo-daro","Intermediate","III","Steatite","square","complete","SEAL:S","1","R/L","2L","4","21.6","21.1","6.4","+413-033/740-388+","413 033 740 388","033","","non_exact_or_longer","+413-033/740-388+","0","0","0","0","0"
"2739.1","M-215","M","0","Lower Indus","Mohenjo-daro","-","-","Steatite","square","complete","SEAL:S","1","R/L","SS","2","19","18","0","+151-033+","151 033","033","","non_exact_or_longer","+151-033+","0","0","0","0","0"
"2753.1","M-229","M","0","Lower Indus","Mohenjo-daro","-","-","Steatite","square","complete","SEAL:S","1","R/L","SS","2","16","16","0","+156-031+","156 031","156","","non_exact_or_longer","+156-031+","0","0","0","0","0"
"2759.1","M-236","M","0","Lower Indus","Mohenjo-daro","Late","II","Steatite","square","complete","SEAL:S","1","R/L","MT","6","31.8","31.8","8.4","+520-033-706-240-233-803+","520 033 706 240 233 803","033","","non_exact_or_longer","+520-033-706-240-233-803+","0","0","0","0","0"
"2797.1","M-276","M","0","Lower Indus","Mohenjo-daro","-","-","Steatite","square","complete","SEAL:S","1","R/L","SS","4","22","22","0","+520-033-705-176+","520 033 705 176","033","","non_exact_or_longer","+520-033-705-176+","0","0","0","0","0"
"2803.1","M-282","M","0","Lower Indus","Mohenjo-daro","Intermediate","I","Steatite","square","complete","SEAL:S","1","R/L","IT","4","24.1","23.4","7.4","+156-142-368-817+","156 142 368 817","156","","non_exact_or_longer","+156-142-368-817+","0","0","0","0","0"
"2822.1","M-303","M","0","Lower Indus","Mohenjo-daro","Intermediate","I","Steatite","square","complete","SEAL:S","1","R/L","IT","5","30.5","30.5","7.6","+520-033-705-060-820+","520 033 705 060 820","033","","non_exact_or_longer","+520-033-705-060-820+","0","0","0","0","0"
"2832.1","M-314","M","0","Lower Indus","Mohenjo-daro","-","-","Steatite","square","complete","SEAL:S","1","R/L","3L","17","25.4","24.1","0","+953-817-390-125-308-809-033/740-760-706-466/520-231-240-235-002-820+","953 817 390 125 308 809 033 740 760 706 466 520 231 240 235 002 820","033","","non_exact_or_longer","+953-817-390-125-308-809-033/740-760-706-466/520-231-240-235-002-820+","0","0","0","0","0"
"2833.1","M-315","M","0","Lower Indus","Mohenjo-daro","-","-","Steatite","square","slightly chipped","SEAL:S","1","R/L","LC","6","27.9","27.9","0","+390-034-002-374-228-741+","390 034 002 374 228 741","034","","non_exact_or_longer","+390-034-002-374-228-741+","0","0","0","0","0"
"2837.1","M-319","M","0","Lower Indus","Mohenjo-daro","Late","III","Steatite","square","slightly chipped","SEAL:S","1","R/L","MT","6","28.2","29.2","10.7 - 16","+740-812-033-240-220-032+","740 812 033 240 220 032","033","","non_exact_or_longer","+740-812-033-240-220-032+","0","0","0","0","0"
"2848.2","M-330","M","0","Lower Indus","Mohenjo-daro","-","-","Steatite","square","complete","SEAL:S","2","R/L","SS","2","17.8","17.8","3 - 3","+156-176+","156 176","156","","non_exact_or_longer","+002-861-698+;+156-176+","0","0","0","0","0"
"2851.1","M-355","M","0","Lower Indus","Mohenjo-daro","Early","I","Steatite","cuboid-convex","complete","SEAL:R","1","R/L","LP","13","55.1","15","10.2","+740-877-032-033-705-231-235-002-861-360-520-919-140+","740 877 032 033 705 231 235 002 861 360 520 919 140","033","","non_exact_or_longer","+740-877-032-033-705-231-235-002-861-360-520-919-140+","0","0","0","0","0"
"2861.1","M-365","M","0","Lower Indus","Mohenjo-daro","Late","III","Steatite","cuboid-convex","complete","SEAL:R","1","R/L","LP","8","40.6","15","8.9","+527-550-033-705-220-415-060-550+","527 550 033 705 220 415 060 550","033","","non_exact_or_longer","+527-550-033-705-220-415-060-550+","0","0","0","0","0"
"2867.1","M-371","M","0","Lower Indus","Mohenjo-daro","Intermediate","II","Steatite","cuboid-convex","complete","SEAL:R","1","R/L","MS","7","36.1","14","11.7","+617-142-384-032-154-806-467+","617 142 384 032 154 806 467","154","","non_exact_or_longer","+617-142-384-032-154-806-467+","0","0","0","0","0"
"2875.1","M-379","M","0","Lower Indus","Mohenjo-daro","Late","III","Steatite","cuboid-convex","complete","SEAL:R","1","R/L","SS","4","32.8","11.4","8.9","+154-798-463-353+","154 798 463 353","154","","non_exact_or_longer","+154-798-463-353+","0","0","0","0","0"
"2890.1","M-394","M","0","Lower Indus","Mohenjo-daro","Late","III","Steatite","cuboid-convex","complete","SEAL:R","1","R/L","MS","5","30.5","11.7","8.6","+740-752-001-033-706+","740 752 001 033 706","033","","non_exact_or_longer","+740-752-001-033-706+","0","0","0","0","0"
"2895.1","M-399","M","0","Lower Indus","Mohenjo-daro","-","-","Steatite","cuboid-convex","complete","SEAL:R","1","R/L","LT","5","26.7","8.9","0","+740-055-033-706-235+","740 055 033 706 235","033","","non_exact_or_longer","+740-055-033-706-235+","0","0","0","0","0"
"2898.1","M-402","M","0","Lower Indus","Mohenjo-daro","Intermediate","I","Steatite","cuboid-convex","complete","SEAL:R","1","R/L","LC","7","29","11.2","9.4","+494-615-179-100-001-033-426+","494 615 179 100 001 033 426","033","","non_exact_or_longer","+494-615-179-100-001-033-426+","0","0","0","0","0"
"2907.1","M-411","M","0","Lower Indus","Mohenjo-daro","-","-","Steatite","cuboid","complete","SEAL:R","1","R/L","LP","7","41.9","17.8","0","+390-840-233-240-744-033-272+","390 840 233 240 744 033 272","033","","non_exact_or_longer","+390-840-233-240-744-033-272+","0","0","0","0","0"
"2919.1","H-2584","H","0","Inter-Riverine","Harappa","-","-","Clay","-","fragment","TAG:R","1","R/L","UC","6","0","0","0","]806-468-520-095-033-705[","806 468 520 095 033 705","033","","non_exact_or_longer","+527-550-231-798[;]690-435-255-055[;]806-468-520-095-033-705[","0","0","0","0","0"
"2923.1","M-429","M","0","Lower Indus","Mohenjo-daro","Intermediate","III","Clay","circular","complete","TAG:L","1","R/L","SS","2","20.8","0","7.4","+156-003+","156 003","156","156_003","+156-003+","+156-003+","0","1","0","0","0"
"2924.1","M-430","M","0","Lower Indus","Mohenjo-daro","-","-","-","circular","complete","TAB:B","1","R/L","??","5","0","0","7.5","+740-390-590-033-705-000+","740 390 590 033 705 000","033","","non_exact_or_longer","+740-390-590-033-705-000+","0","0","0","0","0"
"2925.1","M-431","M","0","Lower Indus","Mohenjo-daro","-","-","-","circular","complete","TAB:B","1","R/L","MS","5","0","0","0","+740-390-590-033-705+","740 390 590 033 705","033","","non_exact_or_longer","+740-390-590-033-705+","0","0","0","0","0"
"2926.1","M-432","M","0","Lower Indus","Mohenjo-daro","-","-","Paste","circular","complete","TAB:B","1","R/L","MS","5","17.8","0","0 - 8.1","+740-390-590-033-705+","740 390 590 033 705","033","","non_exact_or_longer","+740-390-590-033-705+","0","0","0","0","0"
"2927.1","M-433","M","0","Lower Indus","Mohenjo-daro","-","-","-","circular","complete","TAB:B","1","R/L","??","5","0","0","0","+740-390-590-033-705-000+","740 390 590 033 705 000","033","","non_exact_or_longer","+740-390-590-033-705-000+","0","0","0","0","0"
"3001.1","M-527","M","0","Lower Indus","Mohenjo-daro","-","-","Copper","rectangular-round","complete","TAB:C","1","R/L","MS","5","35.5","21","0","+001-740-923-033-706+","001 740 923 033 706","033","","non_exact_or_longer","+001-740-923-033-706+","0","0","0","0","0"
"3002.1","M-528","M","0","Lower Indus","Mohenjo-daro","-","-","Copper","rectangular","complete","TAB:C","1","R/L","MS","5","36","24","0","+001-740-923-033-706+","001 740 923 033 706","033","","non_exact_or_longer","+001-740-923-033-706+","0","0","0","0","0"
"3003.1","M-529","M","0","Lower Indus","Mohenjo-daro","-","-","Copper","rectangular","complete","TAB:C","1","R/L","MS","5","37","20.5","0","+001-740-923-033-706+","001 740 923 033 706","033","","non_exact_or_longer","+001-740-923-033-706+","0","0","0","0","0"
"3004.1","M-530","M","0","Lower Indus","Mohenjo-daro","-","-","Copper","rectangular-round","complete","TAB:C","1","R/L","MS","5","36","21","0","+001-740-923-033-706+","001 740 923 033 706","033","","non_exact_or_longer","+001-740-923-033-706+","0","0","0","0","0"
"3006.1","M-534","M","0","Lower Indus","Mohenjo-daro","-","-","Copper","rectangular","complete","TAB:C","1","R/L","LC","7","33","26.5","0","+407-321-407-845-033-705-235+","407 321 407 845 033 705 235","033","","non_exact_or_longer","+407-321-407-845-033-705-235+","0","0","0","0","0"
"3007.1","M-535","M","0","Lower Indus","Mohenjo-daro","-","-","Copper","rectangular","complete","TAB:C","1","R/L","LC","7","34","26","0","+407-321-407-845-033-705-235+","407 321 407 845 033 705 235","033","","non_exact_or_longer","+407-321-407-845-033-705-235+","0","0","0","0","0"
"3008.1","M-536","M","0","Lower Indus","Mohenjo-daro","-","-","Copper","rectangular","complete","TAB:C","1","R/L","LC","7","32","25","0","+407-321-407-845-033-705-235+","407 321 407 845 033 705 235","033","","non_exact_or_longer","+407-321-407-845-033-705-235+","0","0","0","0","0"
"3009.1","M-537","M","0","Lower Indus","Mohenjo-daro","-","-","Copper","rectangular","chipped","TAB:C","1","R/L","LC","7","34.5","23","0","+407-321-407-845-033-705-235+","407 321 407 845 033 705 235","033","","non_exact_or_longer","+407-321-407-845-033-705-235+","0","0","0","0","0"
"3010.1","M-538","M","0","Lower Indus","Mohenjo-daro","-","-","Copper","rectangular","complete","TAB:C","1","R/L","LC","7","33","23.5","0","+407-321-407-845-033-705-235+","407 321 407 845 033 705 235","033","","non_exact_or_longer","+407-321-407-845-033-705-235+","0","0","0","0","0"
"3011.1","M-539","M","0","Lower Indus","Mohenjo-daro","-","-","Copper","rectangular","complete","TAB:C","1","R/L","LC","7","33","27","0","+407-321-407-845-033-705-235+","407 321 407 845 033 705 235","033","","non_exact_or_longer","+407-321-407-845-033-705-235+","0","0","0","0","0"
"3013.1","M-541","M","0","Lower Indus","Mohenjo-daro","-","-","Copper","rectangular","complete","TAB:C","1","R/L","LC","7","33","25","0","+407-321-407-845-033-705-235+","407 321 407 845 033 705 235","033","","non_exact_or_longer","+407-321-407-845-033-705-235+","0","0","0","0","0"
"3014.1","M-542","M","0","Lower Indus","Mohenjo-daro","-","-","Copper","rectangular","slightly chipped","TAB:C","1","R/L","LC","7","0","0","0","+407-321-407-845-033-705-235+","407 321 407 845 033 705 235","033","","non_exact_or_longer","+407-321-407-845-033-705-235+","0","0","0","0","0"
"3058.1","M-593","M","0","Lower Indus","Mohenjo-daro","-","-","Copper","rectangular","complete","TAB:C","2","R/L","LC","7","31","16","0","+407-321-407-845-033-705-235+","407 321 407 845 033 705 235","033","","non_exact_or_longer","+407-321-407-845-033-705-235+;+753+","0","0","0","0","0"
"3067.2","M-606","M","0","Lower Indus","Mohenjo-daro","Intermediate","II","Copper","rectangular","complete","TAB:C","2","R/L","LT","7","36.8","14","3.3","+740-100-904-033-705-231-798+","740 100 904 033 705 231 798","033","","non_exact_or_longer","+740-100-904-033-705-231-798+;+957+","0","0","0","0","0"
"3073.1","M-621","M","0","Lower Indus","Mohenjo-daro","Intermediate","I","Steatite","square","fragment","SEAL:S","1","R/L","UC","6","44.5","44.5","12.7","]033-706-233-220-001-820+","033 706 233 220 001 820","033","","non_exact_or_longer","]033-706-233-220-001-820+","0","0","0","0","0"
"3081.1","M-631","M","0","Lower Indus","Mohenjo-daro","-","-","Steatite","square","complete","SEAL:S","1","R/L","LP","8","50.8","50.8","15.6 - 23.5","+520-033-706-240-220-032-368-263+","520 033 706 240 220 032 368 263","033","","non_exact_or_longer","+520-033-706-240-220-032-368-263+","0","0","0","0","0"
"3109.1","M-670","M","0","Lower Indus","Mohenjo-daro","-","-","Steatite","square","complete","SEAL:S","1","R/L","MS","6","41.9","40.6","0","+154-031-001-520-033-705+","154 031 001 520 033 705","033;154","","non_exact_or_longer","+154-031-001-520-033-705+","0","0","0","0","0"
"3113.1","M-674","M","0","Lower Indus","Mohenjo-daro","-","-","Steatite","square","slightly chipped","SEAL:S","1","R/L","MT","5","36.8","35.6","0","+520-033-706-220-415+","520 033 706 220 415","033","","non_exact_or_longer","+520-033-706-220-415+","0","0","0","0","0"
"3114.1","M-675","M","0","Lower Indus","Mohenjo-daro","Late","III","Steatite","square","complete","SEAL:S","1","R/L","LP","9","39.6","39.4","12.7","+740-388-807-033-706-233-235-168-032+","740 388 807 033 706 233 235 168 032","033","","non_exact_or_longer","+740-388-807-033-706-233-235-168-032+","0","0","0","0","0"
"3115.1","M-677","M","0","Lower Indus","Mohenjo-daro","-","-","-","square","slightly chipped","SEAL:S","1","R/L","LP","11","35.5","35","10 - 16.5","+740-923-070-032-033-706-231-242-002-861-901+","740 923 070 032 033 706 231 242 002 861 901","033","","non_exact_or_longer","+740-923-070-032-033-706-231-242-002-861-901+","0","0","0","0","0"
"3121.1","M-685","M","0","Lower Indus","Mohenjo-daro","-","-","Steatite","square","fragment","SEAL:S","1","R/L","UC","2","0","0","0","]034-204+","034 204","034","","non_exact_or_longer","]034-204+","0","0","0","0","0"
"3139.1","M-714","M","0","Lower Indus","Mohenjo-daro","Intermediate","II","Steatite","square","partly damaged","SEAL:S","1","R/L","LP","11","31.8","29.2","7.6","+740-585-017-033-705-233-798-803-002-861-603+","740 585 017 033 705 233 798 803 002 861 603","033","","non_exact_or_longer","+740-585-017-033-705-233-798-803-002-861-603+","0","0","0","0","0"
"3154.1","M-730","M","0","Lower Indus","Mohenjo-daro","-","-","-","square","complete","SEAL:S","1","R/L","LP","7","29","29.5","0","+740-384-090-351-741-033-272+","740 384 090 351 741 033 272","033","","non_exact_or_longer","+740-384-090-351-741-033-272+","0","0","0","0","0"
"3158.1","M-734","M","0","Lower Indus","Mohenjo-daro","-","-","Steatite","square","complete","SEAL:S","1","R/L","SC","5","30.5","30.5","0","+033-033-368-390-590+","033 033 368 390 590","033","","non_exact_or_longer","+033-033-368-390-590+","0","0","0","0","0"
"3176.1","M-753","M","0","Lower Indus","Mohenjo-daro","Intermediate","III","Steatite","square","complete","SEAL:S","1","R/L","SS","4","33.8","33.8","10.2","+520-033-706-806+","520 033 706 806","033","","non_exact_or_longer","+520-033-706-806+","0","0","0","0","0"
"3180.1","M-757","M","0","Lower Indus","Mohenjo-daro","Intermediate","II","Steatite","square","chipped","SEAL:S","1","R/L","MT","6","29.2","28.4","7.6","+520-033-705-233-235-808+","520 033 705 233 235 808","033","","non_exact_or_longer","+520-033-705-233-235-808+","0","0","0","0","0"
"3194.1","M-780","M","0","Lower Indus","Mohenjo-daro","-","-","Steatite","square","fragment","SEAL:S","1","R/L","IT","5","30.5","0","0","+740-773-156-002-820+","740 773 156 002 820","156","","non_exact_or_longer","+740-773-156-002-820+","0","0","0","0","0"
"3195.1","M-781","M","0","Lower Indus","Mohenjo-daro","Late","III","Steatite","square","chipped","SEAL:S","1","R/L","IT","5","29.2","29.2","8.1","+520-033-706-002-861+","520 033 706 002 861","033","","non_exact_or_longer","+520-033-706-002-861+","0","0","0","0","0"
"3209.1","M-795","M","0","Lower Indus","Mohenjo-daro","-","-","Steatite","square","complete","SEAL:S","1","R/L","IT","4","22.9","22.9","0","+156-260-002-817+","156 260 002 817","156","","non_exact_or_longer","+156-260-002-817+","0","0","0","0","0"
"3227.1","M-814","M","0","Lower Indus","Mohenjo-daro","Intermediate","I","Steatite","square","complete","SEAL:S","1","R/L","LT","7","28.2","27.9","8.6","+740-176-033-705-240-235-803+","740 176 033 705 240 235 803","033","","non_exact_or_longer","+740-176-033-705-240-235-803+","0","0","0","0","0"
"3250.1","M-838","M","0","Lower Indus","Mohenjo-daro","Intermediate","I","Steatite","square","slightly chipped","SEAL:S","1","R/L","SS","2","24.4","0","7.4","+156-003+","156 003","156","156_003","+156-003+","+156-003+","0","1","0","0","0"
"3252.1","M-840","M","0","Lower Indus","Mohenjo-daro","Intermediate","III","Steatite","square","complete","SEAL:S","1","R/L","LC","8","24.1","23.6","8.9","+046-031-033-705-233-001-920-374+","046 031 033 705 233 001 920 374","033","","non_exact_or_longer","+046-031-033-705-233-001-920-374+","0","0","0","0","0"
"3264.1","M-852","M","0","Lower Indus","Mohenjo-daro","Intermediate","I","Steatite","square","chipped","SEAL:S","1","R/L","LC","6","24.1","24.1","7.6","+892-590-794-732-033-853+","892 590 794 732 033 853","033","","non_exact_or_longer","+892-590-794-732-033-853+","0","0","0","0","0"
"3271.1","M-860","M","0","Lower Indus","Mohenjo-daro","-","-","-","square","slightly chipped","SEAL:S","1","R/L","MT","4","28","28","0","+520-033-705-240+","520 033 705 240","033","","non_exact_or_longer","+520-033-705-240+","0","0","0","0","0"
"3278.1","M-868","M","0","Lower Indus","Mohenjo-daro","-","-","-","square","complete","SEAL:S","1","R/L","LP","7","27","27.5","0","+520-033-705-231-220-002-817+","520 033 705 231 220 002 817","033","","non_exact_or_longer","+520-033-705-231-220-002-817+","0","0","0","0","0"
"3282.1","M-873","M","0","Lower Indus","Mohenjo-daro","-","-","Steatite","square","chipped","SEAL:S","1","R/L","SP","6","26.7","0","0","+520-033-705-231-060-550+","520 033 705 231 060 550","033","","non_exact_or_longer","+520-033-705-231-060-550+","0","0","0","0","0"
"3304.1","M-899","M","0","Lower Indus","Mohenjo-daro","Late","III","Steatite","square","complete","SEAL:S","1","R/L","SC","3","26.7","26.7","8.1","+154-160-363+","154 160 363","154","","non_exact_or_longer","+154-160-363+","0","0","0","0","0"
"3316.1","M-919","M","0","Lower Indus","Mohenjo-daro","Intermediate","I","Steatite","square","complete","SEAL:S","1","R/L","SS","2","22.6","22.6","7.6","+156-003+","156 003","156","156_003","+156-003+","+156-003+","0","1","0","0","0"
"3351.1","M-956","M","0","Lower Indus","Mohenjo-daro","-","-","Steatite","square","complete","SEAL:S","1","R/L","MT","5","24.1","24.1","0","+400-520-033-705-233+","400 520 033 705 233","033","","non_exact_or_longer","+400-520-033-705-233+","0","0","0","0","0"
"3354.1","M-959","M","0","Lower Indus","Mohenjo-daro","-","-","Steatite","square","fragment","SEAL:S","1","R/L","MT","5","22.9","22.9","0","+520-033-705-236-803+","520 033 705 236 803","033","","non_exact_or_longer","+520-033-705-236-803+","0","0","0","0","0"
"3378.1","M-985","M","0","Lower Indus","Mohenjo-daro","-","-","-","square","fragment","SEAL:S","1","R/L","MT","7","22","0","0","+520-070-033-705-233-235-803+","520 070 033 705 233 235 803","033","","non_exact_or_longer","+520-070-033-705-233-235-803+","0","0","0","0","0"
"3383.1","M-991","M","0","Lower Indus","Mohenjo-daro","Late","III","Steatite","square","complete","SEAL:S","1","R/L","SS","3","17.8","17.8","5.1","+156-031-133+","156 031 133","156","","non_exact_or_longer","+156-031-133+","0","0","0","0","0"
"3387.1","M-995","M","0","Lower Indus","Mohenjo-daro","-","-","-","square","slightly chipped","SEAL:S","1","R/L","SS","2","17","17","0","+156-031+","156 031","156","","non_exact_or_longer","+156-031+","0","0","0","0","0"
"3442.1","M-1068","M","0","Lower Indus","Mohenjo-daro","-","-","-","square","fragment","SEAL:S","1","R/L","UC","4","0","0","0","+520-033-705-240[","520 033 705 240","033","","non_exact_or_longer","+520-033-705-240[","0","0","0","0","0"
"3447.1","M-1073","M","0","Lower Indus","Mohenjo-daro","-","-","-","-","fragment","SEAL","1","R/L","??","2","0","0","0","]740-033-000[","740 033 000","033","","non_exact_or_longer","]740-033-000[","0","0","0","0","0"
"3453.1","M-1079","M","0","Lower Indus","Mohenjo-daro","Early","I","Steatite","square","complete","SEAL:S","1","R/L","MT","6","30.2","30","8.6","+740-760-033-706-233-803+","740 760 033 706 233 803","033","","non_exact_or_longer","+740-760-033-706-233-803+","0","0","0","0","0"
"3454.1","M-1080","M","0","Lower Indus","Mohenjo-daro","-","-","Steatite","square","complete","SEAL:S","1","R/L","SS","3","30.5","30.5","0","+617-550-033+","617 550 033","033","","non_exact_or_longer","+617-550-033+","0","0","0","0","0"
"3465.1","M-1091","M","0","Lower Indus","Mohenjo-daro","-","-","-","square","complete","SEAL:S","1","R/L","LC","6","23.5","22.5","0","+241-156-590-706-794-732+","241 156 590 706 794 732","156","","non_exact_or_longer","+241-156-590-706-794-732+","0","0","0","0","0"
"3494.1","M-1123","M","0","Lower Indus","Mohenjo-daro","Intermediate","I","Steatite","square","complete","SEAL:S","1","R/L","SC","2","24.6","22.9","8 - 14.5","+156-389+","156 389","156","","non_exact_or_longer","+156-389+","0","0","0","0","0"
"3516.1","M-1155","M","0","Lower Indus","Mohenjo-daro","Intermediate","III","Steatite","square","complete","SEAL:S","1","R/L","MS","6","31.8","31.8","8.9","+740-760-335-002-033-705+","740 760 335 002 033 705","033","","non_exact_or_longer","+740-760-335-002-033-705+","0","0","0","0","0"
"3529.1","M-1169","M","0","Lower Indus","Mohenjo-daro","Late","I","Steatite","square","complete","SEAL:S","1","R/L","2L","11","34.5","34.5","9.7","+520-033-705-220-032/231-072-002-270-633-032+","520 033 705 220 032 231 072 002 270 633 032","033","","non_exact_or_longer","+520-033-705-220-032/231-072-002-270-633-032+","0","0","0","0","0"
"3531.1","M-1173","M","0","Lower Indus","Mohenjo-daro","Late","III?","Steatite","square","fragment","SEAL:S","1","R/L","??","5","0","0","0","]000-033-032-920-140-545+","000 033 032 920 140 545","033","","non_exact_or_longer","]000-033-032-920-140-545+","0","0","0","0","0"
"3556.1","M-1206","M","0","Lower Indus","Mohenjo-daro","Late","III","Steatite","square","complete","SEAL:S","2","R/L","MT","3","33","30.5","7 - 14","+520-220-034+","520 220 034","034","","non_exact_or_longer","+520-220-034+;+740-690-435-255-002-861+","0","0","0","0","0"
"3561.1","M-1226","M","0","Lower Indus","Mohenjo-daro","-","-","Steatite","square","complete","SEAL:S","1","R/L","LP","7","25.4","25.4","10 - 10","+520-033-705-235-233-002-817+","520 033 705 235 233 002 817","033","","non_exact_or_longer","+520-033-705-235-233-002-817+","0","0","0","0","0"
"3564.1","M-1232","M","0","Lower Indus","Mohenjo-daro","Intermediate","II","Steatite","square","complete","SEAL:S","1","L/R","SS","2","26.7","22.9","13.2","+156-003+","156 003","156","156_003","+156-003+","+156-003+","0","1","0","0","0"
"3565.5","M-1233","M","0","Lower Indus","Mohenjo-daro","Intermediate","I","Steatite","square","complete","SEAL:S","5","R/L","VX","4","23.4","23.4","8.9","+033-700-850-002+","033 700 850 002","033","033_700","non_exact_or_longer","+000+;+000-740+;+033-700-850-002+;+402-741-575+;+820+","0","0","0","0","0"
"3566.1","M-1235","M","0","Lower Indus","Mohenjo-daro","Intermediate","I","Steatite","-","fragment","MISC","2","R/L","SS","2","40.6","0","0","+156-031+","156 031","156","","non_exact_or_longer","+156-031+","0","0","0","0","0"
"3566.2","M-1235","M","0","Lower Indus","Mohenjo-daro","Intermediate","I","Steatite","-","fragment","MISC","2","L/R","SS","2","40.6","0","0","+156-031+","156 031","156","","non_exact_or_longer","+156-031+","0","0","0","0","0"
"3576.1","M-1269","M","0","Lower Indus","Mohenjo-daro","-","-","-","rectangular","complete","SEAL:R","1","R/L","MT","5","0","16","0","+520-033-706-240-235+","520 033 706 240 235","033","","non_exact_or_longer","+520-033-706-240-235+","0","0","0","0","0"
"3577.1","M-1270","M","0","Lower Indus","Mohenjo-daro","-","-","Steatite","rectangular","complete","SEAL:R","1","R/L","SS","4","36.8","15.2","0","+154-388-717-706+","154 388 717 706","154","","non_exact_or_longer","+154-388-717-706+","0","0","0","0","0"
"3604.1","M-1299","M","0","Lower Indus","Mohenjo-daro","-","-","Steatite","rectangular","complete","SEAL:R","1","R/L","LP","7","15.2","6.4","0","+527-550-033-705-233-002-817+","527 550 033 705 233 002 817","033","","non_exact_or_longer","+527-550-033-705-233-002-817+","0","0","0","0","0"
"3622.1","M-1317","M","0","Lower Indus","Mohenjo-daro","-","-","-","cuboid-convex","complete","SEAL:R","1","R/L","SS","2","18","8","3 - 5","+154-070+","154 070","154","","non_exact_or_longer","+154-070+","0","0","0","0","0"
"3628.1","M-1323","M","0","Lower Indus","Mohenjo-daro","-","-","-","cuboid-convex","complete","SEAL:R","1","R/L","LT","7","41","11.5","2.5 - 7","+740-798-405-590-033-706-806+","740 798 405 590 033 706 806","033","","non_exact_or_longer","+740-798-405-590-033-706-806+","0","0","0","0","0"
"3633.1","M-1328","M","0","Lower Indus","Mohenjo-daro","Intermediate","I","Steatite","cuboid-convex","partly damaged","SEAL:R","1","R/L","UC","6","33","12.2","8.9","+740-388-807-033-705-233[","740 388 807 033 705 233","033","","non_exact_or_longer","+740-388-807-033-705-233[","0","0","0","0","0"
"3639.1","M-1334","M","0","Lower Indus","Mohenjo-daro","Late","III","Steatite","cuboid-convex","fragment","SEAL:R","1","R/L","??","4","27.9","11.4","7.9","+154-806-468-001-000[","154 806 468 001 000","154","","non_exact_or_longer","+154-806-468-001-000[","0","0","0","0","0"
"3643.1","M-1338","M","0","Lower Indus","Mohenjo-daro","Late ","I","Steatite","cuboid-convex","fragment","SEAL:R","1","R/L","??","3","0","8.9","1 - 4.5","+154-388-717-000[","154 388 717 000","154","","non_exact_or_longer","+154-388-717-000[","0","0","0","0","0"
"3655.1","M-1355","M","0","Lower Indus","Mohenjo-daro","Intermediate","III","Faience","cuboid","fragment","SEAL:R","1","R/L","??","4","25.4","12.2","9.9","]000-727-033-705-838+","000 727 033 705 838","033","","non_exact_or_longer","]000-727-033-705-838+","0","0","0","0","0"
"3658.1","M-1359","M","0","Lower Indus","Mohenjo-daro","Intermediate","III","Steatite","-","fragment","SEAL","1","R/L","SS","3","31.2","20.3","10.2","+520-033-705+","520 033 705","033","","non_exact_or_longer","+520-033-705+","0","0","0","0","0"
"3663.2","M-1364","M","0","Lower Indus","Mohenjo-daro","Intermediate","III","Steatite","rectangular","fragment","SEAL:R","2","R/L","??","4","26.7","18.5","11.7","+740-923-033-705-000[","740 923 033 705 000","033","","non_exact_or_longer","+405-003-060-820+;+740-923-033-705-000[","0","0","0","0","0"
"3671.1","M-1372","M","0","Lower Indus","Mohenjo-daro","-","-","Clay","rectangular","complete","POT:T:s","1","R/L","SS","2","0","140","0","+154-101+","154 101","154","","non_exact_or_longer","+154-101+","0","0","0","0","0"
"3672.1","M-1374","M","0","Lower Indus","Mohenjo-daro","-","-","Clay","-","complete","POT:T:s","1","R/L","??","2","0","0","0","+000-700-033-000+","000 700 033 000","033","700_033","non_exact_or_longer","+000-700-033-000+","0","0","0","0","0"
"3673.1","M-1375","M","0","Lower Indus","Mohenjo-daro","-","-","Steatite","-","complete","POT:T:s","1","R/L","SC","4","0","0","0","+790-032-033-705+","790 032 033 705","033","","non_exact_or_longer","+790-032-033-705+","0","0","0","0","0"
"3683.1","M-1388","M","0","Lower Indus","Mohenjo-daro","Intermediate","II","Clay","circular","complete","TAG:L","1","R/L","SS","2","22.1","0","6.4","+156-003+","156 003","156","156_003","+156-003+","+156-003+","0","1","0","0","0"
"3688.1","M-1396","M","0","Lower Indus","Mohenjo-daro","-","-","Clay","-","chipped","TAB:B","1","R/L","SS","5","30.5","19.1","12.7","+520-033-705-803-853+","520 033 705 803 853","033","","non_exact_or_longer","+520-033-705-803-853+","0","0","0","0","0"
"3697.1","M-1408","M","0","Lower Indus","Mohenjo-daro","Late","II","Clay","cuboid","complete","TAB:B","1","R/L","SS","4","29.2","12.7","7.6","+400-740-033-503+","400 740 033 503","033","","non_exact_or_longer","+400-740-033-503+","0","0","0","0","0"
"3747.1","M-1482","M","0","Lower Indus","Mohenjo-daro","-","-","Copper","rectangular","complete","TAB:C","1","R/L","MS","4","32.5","22.5","0","+740-923-033-706+","740 923 033 706","033","","non_exact_or_longer","+740-923-033-706+","0","0","0","0","0"
"3748.1","M-1483","M","0","Lower Indus","Mohenjo-daro","-","-","Copper","rectangular","complete","TAB:C","1","R/L","MS","4","35.5","22.5","0","+740-923-033-706+","740 923 033 706","033","","non_exact_or_longer","+740-923-033-706+","0","0","0","0","0"
"3749.1","M-1484","M","0","Lower Indus","Mohenjo-daro","-","-","Copper","rectangular","complete","TAB:C","1","R/L","MS","4","35","22","0","+740-923-033-706+","740 923 033 706","033","","non_exact_or_longer","+740-923-033-706+","0","0","0","0","0"
"3750.1","M-1485","M","0","Lower Indus","Mohenjo-daro","-","-","Copper","rectangular","chipped","TAB:C","1","R/L","MS","4","36","25","0","+740-923-033-706+","740 923 033 706","033","","non_exact_or_longer","+740-923-033-706+","0","0","0","0","0"
"3751.1","M-1486","M","0","Lower Indus","Mohenjo-daro","-","-","Copper","rectangular","chipped","TAB:C","1","R/L","MS","4","32","20","0","+740-923-033-706+","740 923 033 706","033","","non_exact_or_longer","+740-923-033-706+","0","0","0","0","0"
"3752.1","M-1488","M","0","Lower Indus","Mohenjo-daro","-","-","Copper","rectangular","partly damaged","TAB:C","1","R/L","MS","4","0","26","0","+740-923-033-706+","740 923 033 706","033","","non_exact_or_longer","+740-923-033-706+","0","0","0","0","0"
"3753.1","M-1491","M","0","Lower Indus","Mohenjo-daro","-","-","Copper","rectangular","complete","TAB:C","1","R/L","LC","7","32.5","25.5","0","+407-321-407-845-033-705-235+","407 321 407 845 033 705 235","033","","non_exact_or_longer","+407-321-407-845-033-705-235+","0","0","0","0","0"
"3754.1","M-1492","M","0","Lower Indus","Mohenjo-daro","-","-","Copper","rectangular-round","slightly chipped","TAB:C","1","R/L","LC","7","34","25.5","0","+407-321-407-845-033-705-235+","407 321 407 845 033 705 235","033","","non_exact_or_longer","+407-321-407-845-033-705-235+","0","0","0","0","0"
"3755.1","M-1493","M","0","Lower Indus","Mohenjo-daro","-","-","Copper","rectangular","complete","TAB:C","1","R/L","LC","7","32","25","0","+407-321-407-845-033-705-235+","407 321 407 845 033 705 235","033","","non_exact_or_longer","+407-321-407-845-033-705-235+","0","0","0","0","0"
"3756.1","M-1494","M","0","Lower Indus","Mohenjo-daro","-","-","Copper","rectangular","fragment","TAB:C","1","R/L","LC","7","0","23","0","+407-321-407-845-033-705-235+","407 321 407 845 033 705 235","033","","non_exact_or_longer","+407-321-407-845-033-705-235+","0","0","0","0","0"
"3776.1","M-1523","M","0","Lower Indus","Mohenjo-daro","-","-","Copper","rectangular","complete","TAB:C","1","R/L","LT","7","35","22","0","+407-585-033-705-233-235-806+","407 585 033 705 233 235 806","033","","non_exact_or_longer","+407-585-033-705-233-235-806+","0","0","0","0","0"
"3777.1","M-1524","M","0","Lower Indus","Mohenjo-daro","-","-","Copper","rectangular","complete","TAB:C","1","R/L","LT","7","39.5","24","0","+407-585-033-705-233-235-806+","407 585 033 705 233 235 806","033","","non_exact_or_longer","+407-585-033-705-233-235-806+","0","0","0","0","0"
"3787.1","M-1547","M","0","Lower Indus","Mohenjo-daro","-","-","Copper","rectangular","complete","TAB:C","2","R/L","LC","7","31","15","0","+407-321-407-845-033-705-235+","407 321 407 845 033 705 235","033","","non_exact_or_longer","+407-321-407-845-033-705-235+;+753+","0","0","0","0","0"
"3797.2","M-1568","M","0","Lower Indus","Mohenjo-daro","-","-","Copper","rectangular","complete","TAB:C","2","R/L","LT","7","37.5","15","0","+740-100-904-033-705-231-798+","740 100 904 033 705 231 798","033","","non_exact_or_longer","+740-100-904-033-705-231-798+;+957+","0","0","0","0","0"
"3804.1","M-1580","M","0","Lower Indus","Mohenjo-daro","-","-","Clay","-","fragment","POT:T:g","1","-","UC","3","0","0","0","]035-033-005+","035 033 005","033","","non_exact_or_longer","]035-033-005+","0","0","0","0","0"
"3806.1","M-1583","M","0","Lower Indus","Mohenjo-daro","-","-","Clay","-","fragment","POT:T:g","1","-","??","1","0","0","0","]000-033+","000 033","033","","non_exact_or_longer","]000-033+","0","0","0","0","0"
"3807.1","M-1584","M","0","Lower Indus","Mohenjo-daro","-","-","Clay","-","fragment","POT:T:g","1","NR","NU","1","0","0","0","+034+","034","034","","non_exact_or_longer","+034+","0","0","0","0","0"
"3808.1","M-1585","M","0","Lower Indus","Mohenjo-daro","-","-","Clay","-","fragment","POT:T:g","1","NR","NU","1","0","0","0","+033+","033","033","","non_exact_or_longer","+033+","0","0","0","0","0"
"3813.1","M-1596","M","0","Lower Indus","Mohenjo-daro","Intermediate","I","Clay","-","complete","POT:T:g","1","-","SC","3","0","0","0","+104-033-615+","104 033 615","033","","non_exact_or_longer","+104-033-615+","0","0","0","0","0"
"3820.1","M-1626","M","0","Lower Indus","Mohenjo-daro","-","-","Clay","-","partly damaged","POT:T:g","2","L/R","SS","2","0","0","0","+151-033+","151 033","033","","non_exact_or_longer","+151-033+","0","0","0","0","0"
"3820.2","M-1626","M","0","Lower Indus","Mohenjo-daro","-","-","Clay","-","partly damaged","POT:T:g","2","L/R","SS","2","0","0","0","+151-033+","151 033","033","","non_exact_or_longer","+151-033+","0","0","0","0","0"
"3832.2","M-1639","M","0","Lower Indus","Mohenjo-daro","-","-","Stoneware","-","fragment","BNGL","2","NR","NU","1","0","0","0","+033+","033","033","","non_exact_or_longer","+033+;+920-130-511+","0","0","0","0","0"
"3840.1","M-1650","M","0","Lower Indus","Mohenjo-daro","-","-","Ivory","-","complete","ROD","1","R/L","??","6","0","0","0","+400-740-760-032-033-000-550+","400 740 760 032 033 000 550","033","","non_exact_or_longer","+400-740-760-032-033-000-550+","0","0","0","0","0"
"3856.1","Ns-8","other","0","Lower Indus","Nausharo","3","B","Steatite","square","complete","SEAL:S","1","R/L","SS","3","24","24","0","+740-033-495+","740 033 495","033","","non_exact_or_longer","+740-033-495+","0","0","0","0","0"
"3871.1","-","-","0","Eastern Headwaters","Rupar","-","-","Clay","-","fragment","POT:T:g","1","R/L","??","3","0","0","0","+000-590-220-033+","000 590 220 033","033","","non_exact_or_longer","+000-590-220-033+","0","0","0","0","0"
"3909.1","M-1698","M","0","Lower Indus","Mohenjo-daro","-","-","-","square","complete","SEAL:S","1","R/L","LP","7","32.5","32.5","0","+740-482-033-705-002-861-803+","740 482 033 705 002 861 803","033","","non_exact_or_longer","+740-482-033-705-002-861-803+","0","0","0","0","0"
"3932.1","H-2137","H","0","Inter-Riverine","Harappa","3","B/C","Steatite","rectangular","complete","TAB:I","2","R/L","VN","2","13","8","2.5","+700-034+","700 034","034","700_034","+700-034+","+700-034+;+740-100-176+","0","0","0","0","0"
"3934.1","H-2282","H","0","Inter-Riverine","Harappa","3/4","-","Clay","-","fragment","POT:T:g","1","R/L","NU","3","0","0","0","+034-032-032+","034 032 032","034","","non_exact_or_longer","+034-032-032+","0","0","0","0","0"
"3935.1","H-2283","H","0","Inter-Riverine","Harappa","3","-","Clay","-","fragment","POT:T:g","1","R/L","NU","2","0","0","0","+034-999-034+","034 999 034","034","","non_exact_or_longer","+034-999-034+","0","0","0","0","0"
"3937.1","H-2289","H","0","Inter-Riverine","Harappa","3","-","Clay","-","fragment","POT:T:g","1","NR","NU","1","0","0","0","+033+","033","033","","non_exact_or_longer","+033+","0","0","0","0","0"
"3938.1","H-2263","H","0","Inter-Riverine","Harappa","3","B","Clay","-","complete","POT:T:g","1","NR","NU","1","0","0","0","+034+","034","034","","non_exact_or_longer","+034+","0","0","0","0","0"
"3962.2","H-1116","H","0","Inter-Riverine","Harappa","-","-","-","-","fragment","TAB:B","2","-","UC","1","0","12","0","]033+","033","033","","non_exact_or_longer","]033+;]240-550+","0","0","0","0","0"
"3968.2","H-1120","H","0","Inter-Riverine","Harappa","-","-","-","rectangular","complete","TAB:B","2","R/L","VN","2","16","8","0","+700-034+","700 034","034","700_034","+700-034+","+700-034+;+740-000-000-705+","0","0","0","0","0"
"3969.2","H-1124","H","0","Inter-Riverine","Harappa","-","-","-","rectangular","complete","TAB:B","2","R/L","VN","2","14","9","0","+700-033+","700 033","033","700_033","+700-033+","+400-236-220+;+700-033+","0","0","0","0","0"
"3985.1","M-1736","M","0","Lower Indus","Mohenjo-daro","-","-","-","square","complete","SEAL:S","1","R/L","LP","8","25","24","0","+520-033-705-235-240-741-903-903+","520 033 705 235 240 741 903 903","033","","non_exact_or_longer","+520-033-705-235-240-741-903-903+","0","0","0","0","0"
"3993.1","M-1835","M","0","Lower Indus","Mohenjo-daro","-","-","-","square","complete","SEAL:S","1","R/L","LP","6","22","22","0","+154-900-004-001-390-032+","154 900 004 001 390 032","154","","non_exact_or_longer","+154-900-004-001-390-032+","0","0","0","0","0"
"3994.1","M-1840","M","0","Lower Indus","Mohenjo-daro","-","-","-","square","complete","SEAL:S","1","R/L","??","2","22","22","0","+000-000-033-033+","000 000 033 033","033","","non_exact_or_longer","+000-000-033-033+","0","0","0","0","0"
"4005.1","M-1958","M","0","Lower Indus","Mohenjo-daro","-","-","-","rectangular","complete","SEAL:R","1","R/L","LC","6","38","17","0","+740-903-850-033-706-235+","740 903 850 033 706 235","033","","non_exact_or_longer","+740-903-850-033-706-235+","0","0","0","0","0"
"4023.1","M-2042","M","0","Lower Indus","Mohenjo-daro","-","-","Copper","rectangular","slightly chipped","TAB:C","1","R/L","MS","4","34","20","0","+740-923-033-706+","740 923 033 706","033","","non_exact_or_longer","+740-923-033-706+","0","0","0","0","0"
"4052.1","H-897","H","0","Inter-Riverine","Harappa","-","-","-","rectangular","complete","TAB:I","2","R/L","SS","4","16","8","0","+400-156-435-255+","400 156 435 255","156","","non_exact_or_longer","+400-156-435-255+;+868-706-590+","0","0","0","0","0"
"4057.2","H-1194","H","0","Inter-Riverine","Harappa","-","-","-","-","fragment","TAB:I","2","-","??","1","0","0","0","]000-033[","000 033","033","","non_exact_or_longer","]000-033[;]617-000[","0","0","0","0","0"
"4058.1","H-1197","H","0","Inter-Riverine","Harappa","-","-","-","-","fragment","TAB:I","2","-","UC","1","0","0","0","+033[","033","033","","non_exact_or_longer","+033[;]000-000[","0","0","0","0","0"
"4059.2","H-1198","H","0","Inter-Riverine","Harappa","-","-","-","rectangular","complete","TAB:I","2","R/L","VN","2","15","9.5","0","+700-033+","700 033","033","700_033","+700-033+","+700-033+;+740-061-001-031-820+","0","0","0","0","0"
"4066.2","H-1270","H","0","Inter-Riverine","Harappa","-","Stratum V","Steatite","rectangular","chipped","TAB:I","2","R/L","VN","2","12.7","6.9","0","+700-033+","700 033","033","700_033","+700-033+","+368-000+;+700-033+","0","0","0","0","0"
"4069.2","H-1284","H","0","Inter-Riverine","Harappa","-","-","-","rectangular","complete","TAB:I","2","L/R","VN","2","13","7","0","+700-034+","700 034","034","700_034","+700-034+","+520-220-415+;+700-034+","0","0","0","0","0"
"4071.2","H-1291","H","0","Inter-Riverine","Harappa","-","-","-","rectangular","fragment","TAB:I","2","R/L","??","1","0","0","0","]000-033+","000 033","033","","non_exact_or_longer","]000-033+;]000-390-590[","0","0","0","0","0"
"4073.2","H-1302","H","0","Inter-Riverine","Harappa","-","Stratum VI","Steatite","oval","complete","TAB:I","2","R/L","VN","2","14","6.4","0","+700-033+","700 033","033","700_033","+700-033+","+400-740-176+;+700-033+","0","0","0","1","0"
"4074.2","H-1295","H","0","Inter-Riverine","Harappa","-","-","-","rectangular","complete","TAB:I","2","R/L","VN","2","14","8","0","+700-033+","700 033","033","700_033","+700-033+","+000-000-000+;+700-033+","0","0","0","0","0"
"4075.1","H-1296","H","0","Inter-Riverine","Harappa","-","-","-","-","fragment","TAB:I","1","-","UC","1","0","0","0","]034[","034","034","","non_exact_or_longer","]034[","0","0","0","0","0"
"4077.2","H-1303","H","0","Inter-Riverine","Harappa","-","Stratum VI","Steatite","oval","complete","TAB:I","2","R/L","VN","2","13.2","7.6","0","+700-033+","700 033","033","700_033","+700-033+","+400-740-176+;+700-033+","0","0","0","1","0"
"4079.2","H-1306","H","0","Inter-Riverine","Harappa","-","-","-","oval","fragment","TAB:I","2","-","UC","1","0","8","0","]033[","033","033","","non_exact_or_longer","+400-740[;]033[","0","0","0","0","0"
"4085.2","H-1344","H","0","Inter-Riverine","Harappa","-","-","-","prism","complete","TAB:I","2","R/L","VN","2","14","8","0","+700-033+","700 033","033","700_033","+700-033+","+400-740-176+;+700-033+","0","0","0","1","0"
"4086.2","H-1345","H","0","Inter-Riverine","Harappa","-","Stratum V","Steatite","prism","complete","TAB:I","2","R/L","VN","2","14.5","6.4","0","+700-033+","700 033","033","700_033","+700-033+","+400-740-176+;+700-033+","0","0","0","1","0"
"4087.2","H-1346","H","0","Inter-Riverine","Harappa","-","Stratum V","Steatite","prism","slightly chipped","TAB:I","2","R/L","VN","2","10.2","6.4","0","+700-033+","700 033","033","700_033","+700-033+","+400-740-176+;+700-033+","0","0","0","1","0"
"4088.2","H-1347","H","0","Inter-Riverine","Harappa","-","Stratum V","Steatite","prism","chipped","TAB:I","2","R/L","VN","2","0","7.6","0","+700-033+","700 033","033","700_033","+700-033+","+400-740-176+;+700-033+","0","0","0","1","0"
"4089.2","H-1348","H","0","Inter-Riverine","Harappa","-","-","Steatite","prism","chipped","TAB:I","2","R/L","VN","2","0","6.4","0","+700-033+","700 033","033","700_033","+700-033+","+700-033+;]740-176+","0","0","0","0","0"
"4102.1","H-1376","H","0","Inter-Riverine","Harappa","-","-","Clay","-","fragment","POT:T:g","1","NR","NU","1","0","0","0","+033+","033","033","","non_exact_or_longer","+033+","0","0","0","0","0"
"4103.1","H-1378","H","0","Inter-Riverine","Harappa","-","-","Clay","-","fragment","POT:T:g","1","-","UC","1","0","0","0","+033[","033","033","","non_exact_or_longer","+033[","0","0","0","0","0"
"4104.1","H-1380","H","0","Inter-Riverine","Harappa","-","-","Clay","-","fragment","POT:T:g","1","NR","NU","1","0","0","0","+033+","033","033","","non_exact_or_longer","+033+","0","0","0","0","0"
"4105.1","H-1381","H","0","Inter-Riverine","Harappa","-","-","Clay","-","fragment","POT:T:g","1","NR","NU","1","0","0","0","+033+","033","033","","non_exact_or_longer","+033+","0","0","0","0","0"
"4124.1","H-1459","H","0","Inter-Riverine","Harappa","-","-","Clay","-","slightly chipped","POT:T:g","1","R/L","SC","2","0","0","0","+482-033+","482 033","033","","non_exact_or_longer","+482-033+","0","0","0","0","0"
"4133.1","H-1493","H","0","Inter-Riverine","Harappa","-","-","Clay","-","fragment","POT:T:g","1","-","UC","1","0","0","0","]034+","034","034","","non_exact_or_longer","]034+","0","0","0","0","0"
"4134.1","H-1496","H","0","Inter-Riverine","Harappa","-","-","Clay","-","fragment","POT:T:g","1","NR","NU","1","0","0","0","+034+","034","034","","non_exact_or_longer","+034+","0","0","0","0","0"
"4135.1","H-1497","H","0","Inter-Riverine","Harappa","-","-","Clay","-","fragment","POT:T:g","1","NR","NU","1","0","0","0","+033+","033","033","","non_exact_or_longer","+033+","0","0","0","0","0"
"4137.1","H-1505","H","0","Inter-Riverine","Harappa","-","-","Stone","-","fragment","MISC","1","NR","NU","1","0","0","0","+033+","033","033","","non_exact_or_longer","+033+","0","0","0","0","0"
"4148.1","-","-","0","Eastern Headwaters","Rakhigarhi","-","-","-","-","fragment","SEAL:S","1","R/L","??","7","0","0","0","+740-690-435-255-002-267-000-033+","740 690 435 255 002 267 000 033","033","","non_exact_or_longer","+740-690-435-255-002-267-000-033+","0","0","0","0","0"
"4149.1","-","-","0","Gujarat/Kutch","Dholavira","4/5","-","-","square","chipped","SEAL:S","1","R/L","SS","3","18.1","18","6 - 10.3","+520-033-033+","520 033 033","033","","non_exact_or_longer","+520-033-033+","0","0","0","0","0"
"4151.1","-","-","0","Gujarat/Kutch","Dholavira","5","-","Steatite","square","complete","SEAL:S","1","R/L","??","3","29","28","4 - 13","+455-861-000-000-033+","455 861 000 000 033","033","","non_exact_or_longer","+455-861-000-000-033+","0","0","0","0","0"
"4167.1","-","-","0","Gujarat/Kutch","Dholavira","-","-","Steatite","rectangular","slightly chipped","SEAL:R","1","R/L","SS","3","21.8","14.1","10.2","+520-033-706+","520 033 706","033","","non_exact_or_longer","+520-033-706+","0","0","0","0","0"
"4175.1","-","-","0","Gujarat/Kutch","Dholavira","-","-","-","square","chipped","SEAL:S","1","R/L","SP","5","24.2","24.9","6.7 - 10.8","+156-142-741-060-920+","156 142 741 060 920","156","","non_exact_or_longer","+156-142-741-060-920+","0","0","0","0","0"
"4194.1","-","-","0","Gujarat/Kutch","Dholavira","-","-","-","rectangular","complete","SEAL:R","1","R/L","MS","7","30","7","0","+154-806-472-013-220-455-806+","154 806 472 013 220 455 806","154","","non_exact_or_longer","+154-806-472-013-220-455-806+","0","0","0","0","0"
"4210.1","-","-","0","Gujarat/Kutch","Dholavira","4","-","Steatite","-","fragment","SEAL:S","1","R/L","UC","5","0","0","5.4","+520-033-705-235-803[","520 033 705 235 803","033","","non_exact_or_longer","+520-033-705-235-803[","0","0","0","0","0"
"4218.1","-","-","0","Gujarat/Kutch","Dholavira","4/5","-","Steatite","-","fragment","SEAL:S","1","R/L","??","4","0","0","6.2","]000-350-125-812-033+","000 350 125 812 033","033","","non_exact_or_longer","]000-350-125-812-033+","0","0","0","0","0"
"4225.1","-","-","0","Gujarat/Kutch","Dholavira","5","-","Steatite","square","complete","SEAL:S","1","R/L","SS","2","21.2","21","7.1 - 12.9","+156-019+","156 019","156","","non_exact_or_longer","+156-019+","0","0","0","0","0"
"4244.1","-","-","0","Gujarat/Kutch","Dholavira","5","-","Steatite","-","chipped","MISC","1","R/L","IM","6","0","0","23.4","+033-705-233-235-002-457+","033 705 233 235 002 457","033","","non_exact_or_longer","+033-705-233-235-002-457+","0","0","0","0","0"
"4258.1","-","-","0","Gujarat/Kutch","Dholavira","6","-","-","rectangular","complete","TAB:I","1","R/L","SC","2","27.2","15.1","11","+892-033+","892 033","033","","non_exact_or_longer","+892-033+","0","0","0","0","0"
"4262.1","-","-","0","Gujarat/Kutch","Dholavira","6","-","-","rectangular","chipped","TAB:I","1","R/L","UC","2","16.7","10.5","2.7 - 6","+400-033[","400 033","033","","non_exact_or_longer","+400-033[","0","0","0","0","0"
"4264.1","-","-","0","Gujarat/Kutch","Dholavira","6","-","Steatite","rectangular","fragment","SEAL:R","1","R/L","??","3","0","8.3","2.6","]000-590-820-033+","000 590 820 033","033","","non_exact_or_longer","]000-590-820-033+","0","0","0","0","0"
"4279.1","-","-","0","Gujarat/Kutch","Dholavira","6","-","-","rectangular","complete","TAB:I","1","NR","NU","1","0","0","0","+033+","033","033","","non_exact_or_longer","+033+","0","0","0","0","0"
"4290.2","-","-","0","Inter-Riverine","Rajanpur","-","-","-","rectangular","complete","TAB:B","2","R/L","VN","2","0","0","0","+700-033+","700 033","033","700_033","+700-033+","+700-033+","0","0","0","0","0"
"4301.1","-","-","0","Gujarat/Kutch","Dholavira","-","-","-","circular","fragment","TAG","1","R/L","SC","2","0","0","0","+136-033+","136 033","033","","non_exact_or_longer","+136-033+","0","0","0","0","0"
"4339.1","-","-","0","Gujarat/Kutch","Dholavira","-","-","Clay","-","fragment","TAG","1","R/L","UC","2","0","0","0","+094-033[","094 033","033","","non_exact_or_longer","+094-033[","0","0","0","0","0"
"4676.1","H-1087","H","0","Inter-Riverine","Harappa","-","-","Clay","-","complete","POT:T:s","1","R/L","NU","2","0","0","0","+066-033+","066 033","033","","non_exact_or_longer","+066-033+","0","0","0","0","0"
"4950.1","M-1405","M","0","Lower Indus","Mohenjo-daro","Intermediate","III","Clay","cuboid","chipped","TAB:B","1","-","UC","1","0","0","0","+156[","156","156","","non_exact_or_longer","+156[","0","0","0","0","0"
"4952.1","-","-","0","Lower Indus","Mohenjo-daro","Intermediate","III","Faience","cuboid","chipped","TAG:C","1","-","??","1","0","0","0","+034-000+","034 000","034","","non_exact_or_longer","+034-000+","0","0","0","0","0"
"5146.1","M-1487","M","0","Lower Indus","Mohenjo-daro","-","-","Copper","rectangular","chipped","TAB:C","1","R/L","??","1","32","25","0","+000-000-033-000+","000 000 033 000","033","","non_exact_or_longer","+000-000-033-000+","0","0","0","0","0"
"5216.1","-","-","0","Gujarat/Kutch","Gola Dhoro (Bagasra)","-","-","-","square","complete","SEAL:S","1","R/L","LP","7","26.6","26.2","0","+090-740-100-415-240-820-033+","090 740 100 415 240 820 033","033","","non_exact_or_longer","+090-740-100-415-240-820-033+","0","0","0","0","0"
"5224.1","-","-","0","Other","Unknown","-","-","-","circular","complete","SEAL:C","1","R/L","??","5","0","0","6.5 - 12","+000-061-032-001-220-033-000+","000 061 032 001 220 033 000","033","","non_exact_or_longer","+000-061-032-001-220-033-000+","0","0","0","0","0"
"5228.1","-","-","0","Persian Gulf","Karzakan","-","-","-","circular","complete","SEAL:C","1","R/L","SC","4","0","0","7 - 11.3","+033-001-032-091+","033 001 032 091","033","","non_exact_or_longer","+033-001-032-091+","0","0","0","0","0"
"5242.1","-","-","0","Lower Indus","Lakhanjo-daro","-","-","Terracotta","T-shaped","complete","TAB:B","2","NR","TS","1","45","11","10","+156+","156","156","","non_exact_or_longer","+156+","0","0","0","0","0"
"5250.1","-","-","0","Lower Indus","Lakhanjo-daro","-","-","Clay","-","fragment","POT:T:g","1","-","UC","2","0","0","0","+033-033[","033 033","033","","non_exact_or_longer","+033-033[","0","0","0","0","0"
"5288.1","K-163","K","0","Inter-Riverine","Kalibangan","2","-","Clay","-","fragment","POT:T:g","1","-","UC","1","58","41","7","]033[","033","033","","non_exact_or_longer","]033[","0","0","0","0","0"
"5289.1","K-164","K","0","Inter-Riverine","Kalibangan","2","Late","Clay","-","fragment","POT:T:g","1","-","UC","1","51","28","7","]033+","033","033","","non_exact_or_longer","]033+","0","0","0","0","0"
"5293.1","K-168","K","0","Inter-Riverine","Kalibangan","2","-","Clay","-","fragment","POT:T:g","1","-","UC","1","0","0","0","]034+","034","034","","non_exact_or_longer","]034+","0","0","0","0","0"
"5294.1","K-169","K","0","Inter-Riverine","Kalibangan","2","Late","Clay","-","fragment","POT:T:g","1","-","UC","1","0","0","0","+034[","034","034","","non_exact_or_longer","+034[","0","0","0","0","0"
"5297.1","K-172","K","0","Inter-Riverine","Kalibangan","2","Late","Clay","-","fragment","POT:T:g","1","-","??","1","0","0","0","]000-033+","000 033","033","","non_exact_or_longer","]000-033+","0","0","0","0","0"
"5298.1","K-173","K","0","Inter-Riverine","Kalibangan","2","Late","Clay","-","fragment","POT:T:g","1","-","UC","3","132","75","10 - 28","]033-033-003+","033 033 003","033","","non_exact_or_longer","]033-033-003+","0","0","0","0","0"
"5299.1","K-174","K","0","Inter-Riverine","Kalibangan","2","Late","Clay","-","fragment","POT:T:g","1","SYM","NU","2","112","46","5 - 19","+034-999-034+","034 999 034","034","","non_exact_or_longer","+034-999-034+","0","0","0","0","0"
"5301.1","K-176","K","0","Inter-Riverine","Kalibangan","2","Late","Clay","-","fragment","POT:T:g","1","-","UC","2","79","61","8 - 15","]007-034[","007 034","034","","non_exact_or_longer","]007-034[","0","0","0","0","0"
"5308.1","K-183","K","0","Inter-Riverine","Kalibangan","2","Late","Clay","-","fragment","POT:T:g","1","SYM","NU","3","78","61","10 - 14","+034-033-033+","034 033 033","033;034","","non_exact_or_longer","+034-033-033+","0","0","0","0","0"
"5367.1","Ns-66","other","0","Lower Indus","Nausharo","3","-","Clay","-","complete","POT:T:g","1","R/L","??","8","0","0","0","+033-999-400-090-740-100-000-002-892-000-002+","033 999 400 090 740 100 000 002 892 000 002","033","","non_exact_or_longer","+033-999-400-090-740-100-000-002-892-000-002+","0","0","0","0","0"
"5373.1","Ns-72","other","0","Lower Indus","Nausharo","3","-","Clay","-","fragment","POT:T:g","1","NR","NU","1","0","0","0","+034+","034","034","","non_exact_or_longer","+034+","0","0","0","0","0"
"5395.1","-","-","0","Lower Indus","Mohenjo-daro","-","-","Clay","-","fragment","POT:T:g","1","-","AN","2","0","0","0","+033-155+","033 155","033","","non_exact_or_longer","+033-155+","0","0","0","0","0"
"5419.1","-","-","0","Inter-Riverine","Derawar Ther","-","-","Clay","-","fragment","POT:T:g","1","NR","NU","1","0","0","0","+034+","034","034","","non_exact_or_longer","+034+","0","0","0","0","0"
"5470.2","H-1304","H","0","Inter-Riverine","Harappa","-","Stratum VI","-","oval","fragment","TAB:I","2","R/L","VN","2","14.5","0","0","+700-033+","700 033","033","700_033","+700-033+","+400-740-176+;+700-033+","0","0","0","1","0"
"5482.1","K-232","K","0","Inter-Riverine","Kalibangan","2","-","Terracotta","-","partly damaged","POT:T:g","1","NR","NU","1","0","0","0","+033+","033","033","","non_exact_or_longer","+033+","0","0","0","0","0"
"5532.1","M-2066","M","0","Lower Indus","Mohenjo-daro","-","-","Ceramic","-","complete","POT:T:g","1","L/R","??","2","600","580","0","+000-004-033+","000 004 033","033","","non_exact_or_longer","+000-004-033+","0","0","0","0","0"
"5542.1","-","-","0","Lower Indus","Bala-kot","-","-","Ceramic","-","fragment","POT:T:p","1","R/L","SS","2","0","0","0","+820-033+","820 033","033","","non_exact_or_longer","+820-033+","0","0","0","0","0"
"5573.1","-","-","0","Other","Unknown","-","-","-","square","complete","SEAL:S","1","R/L","IT","6","0","0","0","+520-033-033-741-572-368+","520 033 033 741 572 368","033","","non_exact_or_longer","+520-033-033-741-572-368+","0","0","0","0","0"
"5586.1","-","-","0","Other","Unknown","-","-","-","-","-","SEAL:R","1","R/L","LP","7","19","8","0","+740-154-017-060-130-035-171+","740 154 017 060 130 035 171","154","","non_exact_or_longer","+740-154-017-060-130-035-171+","0","0","0","0","0"
