"id","cisi","side_index","sides","site","type","material","shape","complete","direction","token_count","status","short_mark_candidate","long_text_candidate","horizontal_bin","vertical_bin","thickness_bin","text"
"3895.1","?-6","1","2","Unknown","TAB:B","-","rectangular","Y","R/L","5","clean_side_row","false","true","h_000_015","v_000_010","-","+740-702-061-002-817+"
"3895.2","?-6","2","2","Unknown","TAB:B","-","rectangular","Y","R/L","2","clean_side_row","true","false","h_000_015","v_000_010","-","+700-032+"
"121.1","C-40","1","2","Chanhu-daro","IMPL","Copper","-","Y","R/L","8","clean_side_row","false","true","h_gt_035","v_gt_030","th_003_007","+390-095-909-005-825-776-220-016+"
"121.2","C-40","2","2","Chanhu-daro","IMPL","Copper","-","N","R/L","8","usable_uncertain_side_row","false","false","h_gt_035","v_gt_030","th_003_007","+740-000-835-240-235-031-900-066+"
"5272.1","C-94","1","1","Chanhu-daro","MISC","Copper","axe","Y","R/L","3","clean_side_row","false","false","h_gt_035","v_gt_030","th_007_012","+740-463-503+"
"5272.2","C-94","2","1","Chanhu-daro","MISC","Copper","axe","Y","NR","1","usable_uncertain_side_row","false","false","h_gt_035","v_gt_030","th_007_012","+909+"
"1156.1","H-1001","1","2","Harappa","POT:T:g","Clay","-","N","-","2","audit_only_side_row","false","false","-","-","-","]000-740["
"1156.2","H-1001","2","2","Harappa","POT:T:g","Clay","-","N","-","2","audit_only_side_row","false","false","-","-","-","]000-000["
"1168.1","H-102","1","2","Harappa","SEAL:S","-","square","Y","R/L","2","clean_side_row","true","false","h_025_035","v_020_030","th_007_012","+741-861+"
"1168.2","H-102","2","2","Harappa","SEAL:S","-","square","Y","R/L","5","clean_side_row","false","true","h_025_035","v_020_030","th_007_012","+740-630-240-741-861+"
"3959.1","H-1100","1","2","Harappa","TAB:B","-","rectangular","Y","R/L","5","clean_side_row","false","true","h_025_035","v_010_020","-","+740-904-240-002-817+"
"3959.2","H-1100","2","2","Harappa","TAB:B","-","rectangular","Y","R/L","2","clean_side_row","true","false","h_025_035","v_010_020","-","+700-032+"
"273.1","H-1102","1","2","Harappa","TAB:B","Faience","rectangular","Y","R/L","3","clean_side_row","false","true","h_015_025","v_010_020","-","+400-740-382+"
"273.2","H-1102","2","2","Harappa","TAB:B","Faience","rectangular","Y","R/L","2","clean_side_row","true","false","h_015_025","v_010_020","-","+700-032+"
"290.1","H-1112","1","2","Harappa","TAB:B","Faience","cylindrical","Y","R/L","2","clean_side_row","true","false","h_000_015","-","-","+033-700+"
"290.2","H-1112","2","2","Harappa","TAB:B","Faience","cylindrical","N","R/L","3","usable_uncertain_side_row","false","false","h_000_015","-","-","+520-000-255+"
"305.1","H-1113","1","2","Harappa","TAB:B","Faience","square","Y","NR","1","usable_uncertain_side_row","false","false","h_000_015","v_010_020","-","+413+"
"305.2","H-1113","2","2","Harappa","TAB:B","Faience","square","Y","NR","1","usable_uncertain_side_row","false","false","h_000_015","v_010_020","-","+692+"
"3962.1","H-1116","1","2","Harappa","TAB:B","-","-","-","R/L","2","audit_only_side_row","false","false","-","v_010_020","-","]240-550+"
"3962.2","H-1116","2","2","Harappa","TAB:B","-","-","-","-","1","audit_only_side_row","false","false","-","v_010_020","-","]033+"
"226.1","H-1119","1","2","Harappa","TAB:B","Faience","cylindrical","N","-","3","usable_uncertain_side_row","false","false","h_015_025","-","-","+000-000-000+"
"226.2","H-1119","2","2","Harappa","TAB:B","Faience","cylindrical","N","R/L","3","usable_uncertain_side_row","false","false","h_015_025","-","-","+400-032-000+"
"3968.1","H-1120","1","2","Harappa","TAB:B","-","rectangular","N","R/L","4","usable_uncertain_side_row","false","false","h_015_025","v_000_010","-","+740-000-000-705+"
"3968.2","H-1120","2","2","Harappa","TAB:B","-","rectangular","Y","R/L","2","clean_side_row","true","false","h_015_025","v_000_010","-","+700-034+"
"258.1","H-1121","1","2","Harappa","TAB:B","Faience","rectangular","Y","L/R","4","clean_side_row","false","true","h_000_015","v_000_010","-","+400-520-220-016+"
"258.2","H-1121","2","2","Harappa","TAB:B","Faience","rectangular","N","L/R","5","usable_uncertain_side_row","false","false","h_000_015","v_000_010","-","+700-033-711-817-000+"
"307.1","H-1122","1","2","Harappa","TAB:B","Faience","rectangular","N","R/L","3","audit_only_side_row","false","false","-","v_000_010","-","]000-760-382+"
"307.2","H-1122","2","2","Harappa","TAB:B","Faience","rectangular","-","-","1","audit_only_side_row","false","false","-","v_000_010","-","]034+"
"313.1","H-1123","1","2","Harappa","TAB:B","Faience","rectangular","Y","R/L","3","clean_side_row","false","true","h_015_025","v_000_010","-","+525-550-220+"
"313.2","H-1123","2","2","Harappa","TAB:B","Faience","rectangular","Y","R/L","2","clean_side_row","true","false","h_015_025","v_000_010","-","+700-032+"
"3969.1","H-1124","1","2","Harappa","TAB:B","-","rectangular","Y","R/L","3","clean_side_row","false","true","h_000_015","v_000_010","-","+400-236-220+"
"3969.2","H-1124","2","2","Harappa","TAB:B","-","rectangular","Y","R/L","2","clean_side_row","true","false","h_000_015","v_000_010","-","+700-033+"
"3949.1","H-1126","1","2","Harappa","TAB:B","-","plano-convex","Y","R/L","2","clean_side_row","true","false","h_000_015","v_000_010","-","+740-850+"
"3949.2","H-1126","2","2","Harappa","TAB:B","-","plano-convex","Y","R/L","2","clean_side_row","true","false","h_000_015","v_000_010","-","+740-850+"
"4532.1","H-1127","1","2","Harappa","TAB:I","Faience","rectangular","N","-","2","audit_only_side_row","false","false","-","-","-","+000-000["
"4532.2","H-1127","2","2","Harappa","TAB:I","Faience","rectangular","N","-","1","usable_uncertain_side_row","false","false","-","-","-","+000+"
"163.1","H-1128","1","2","Harappa","TAB:B","Faience","-","N","-","2","audit_only_side_row","false","false","-","v_010_020","-","]000-032["
"163.2","H-1128","2","2","Harappa","TAB:B","Faience","-","N","-","2","audit_only_side_row","false","false","-","v_010_020","-","]740-000["
"3970.1","H-1130","1","2","Harappa","TAB:B","-","rectangular-round","Y","R/L","5","clean_side_row","false","true","h_025_035","-","-","+740-482-240-002-861+"
"3970.2","H-1130","2","2","Harappa","TAB:B","-","rectangular-round","Y","R/L","4","clean_side_row","false","true","h_025_035","-","-","+740-176-220-235+"
"3971.1","H-1131","1","2","Harappa","TAB:B","-","twisted rectangular","Y","R/L","5","clean_side_row","false","true","h_025_035","-","-","+740-482-240-002-861+"
"3971.2","H-1131","2","2","Harappa","TAB:B","-","twisted rectangular","Y","R/L","4","clean_side_row","false","true","h_025_035","-","-","+740-176-220-235+"
"3972.1","H-1132","1","2","Harappa","TAB:B","-","rectangular-rounded","N","R/L","3","audit_only_side_row","false","false","h_025_035","-","-","+740-482-000["
"3972.2","H-1132","2","2","Harappa","TAB:B","-","rectangular-rounded","N","R/L","4","audit_only_side_row","false","false","h_025_035","-","-","+000-000-000-000["
"249.1","H-1133","1","2","Harappa","TAB:B","Faience","conical","Y","R/L","3","clean_side_row","false","true","h_015_025","v_000_010","-","+400-892-831+"
"249.2","H-1133","2","2","Harappa","TAB:B","Faience","conical","Y","R/L","2","clean_side_row","true","false","h_015_025","v_000_010","-","+700-032+"
"3973.1","H-1134","1","2","Harappa","TAB:B","-","conical","N","R/L","3","usable_uncertain_side_row","false","false","h_015_025","v_000_010","-","+400-892-000+"
"3973.2","H-1134","2","2","Harappa","TAB:B","-","conical","Y","R/L","2","clean_side_row","true","false","h_015_025","v_000_010","-","+700-032+"
"3974.1","H-1135","1","1","Harappa","TAB:B","-","-","-","-","2","audit_only_side_row","false","false","-","-","-","]176-519+"
"3974.2","H-1135","2","1","Harappa","TAB:B","-","-","-","-","1","audit_only_side_row","false","false","-","-","-","]032+"
"4437.1","H-1136","1","2","Harappa","TAB:B","Faience","-","-","R/L","1","audit_only_side_row","false","false","-","-","-","]416+"
"4437.2","H-1136","2","2","Harappa","TAB:B","Faience","-","-","R/L","2","audit_only_side_row","false","false","-","-","-","+740-000["
"198.1","H-1138","1","2","Harappa","TAB:B","Faience","rectangular","Y","R/L","5","clean_side_row","false","true","h_015_025","v_010_020","-","+740-603-240-060-692+"
"198.2","H-1138","2","2","Harappa","TAB:B","Faience","rectangular","Y","R/L","2","clean_side_row","true","false","h_015_025","v_010_020","-","+700-034+"
"3976.1","H-1140","1","2","Harappa","TAB:B","-","fish","Y","R/L","3","clean_side_row","false","true","h_015_025","v_000_010","-","+690-368-817+"
"3976.2","H-1140","2","2","Harappa","TAB:B","-","fish","Y","R/L","4","clean_side_row","false","true","h_015_025","v_000_010","-","+740-032-840-679+"
"4935.1","H-1141","1","2","Harappa","TAB:B","-","fish","Y","R/L","3","clean_side_row","false","true","h_015_025","v_000_010","-","+690-368-817+"
"4935.2","H-1141","2","2","Harappa","TAB:B","-","fish","Y","R/L","4","clean_side_row","false","true","h_015_025","v_000_010","-","+740-032-840-679+"
"682.1","H-1146","1","2","Harappa","TAB:B","-","circular","Y","R/L","2","clean_side_row","true","false","-","-","-","+700-032+"
"682.2","H-1146","2","2","Harappa","TAB:B","-","circular","Y","R/L","4","clean_side_row","false","true","-","-","-","+526-554-002-820+"
"247.1","H-1147","1","2","Harappa","TAB:B","Faience","circular","-","R/L","2","audit_only_side_row","false","false","-","v_010_020","-","+400-142["
"247.2","H-1147","2","2","Harappa","TAB:B","Faience","circular","N","-","1","audit_only_side_row","false","false","-","v_010_020","-","]000+"
"3980.1","H-1150","1","3","Harappa","TAB:B","-","prism","Y","NR","1","usable_uncertain_side_row","false","false","h_015_025","v_010_020","-","+742+"
"3980.2","H-1150","2","3","Harappa","TAB:B","-","prism","Y","NR","1","usable_uncertain_side_row","false","false","h_015_025","v_010_020","-","+742+"
"3980.3","H-1150","3","3","Harappa","TAB:B","-","prism","Y","NR","1","usable_uncertain_side_row","false","false","h_015_025","v_010_020","-","+742+"
"302.1","H-1152","1","2","Harappa","TAB:B","Faience","prism","-","R/L","2","audit_only_side_row","false","false","-","v_010_020","-","]740-840["
"302.2","H-1152","2","2","Harappa","TAB:B","Faience","prism","-","R/L","2","audit_only_side_row","false","false","-","v_010_020","-","]220-700["
"3982.1","H-1153","1","2","Harappa","TAB:B","Ceramic","prism","N","L/R","5","usable_uncertain_side_row","false","false","h_015_025","v_000_010","-","+740-000-000-000-000+"
"3982.2","H-1153","2","2","Harappa","TAB:B","Ceramic","prism","Y","R/L","2","clean_side_row","true","false","h_015_025","v_000_010","-","+700-032+"
"1050.1","H-1154","1","2","Harappa","TAB:B","Faience","prism","-","R/L","3","audit_only_side_row","false","false","h_000_015","v_000_010","-","]740-436-255["
"1050.2","H-1154","2","2","Harappa","TAB:B","Faience","prism","N","R/L","2","audit_only_side_row","false","false","h_000_015","v_000_010","-","]000-033["
"270.1","H-1156","1","2","Harappa","TAB:B","Steatite","rectangular","Y","-","3","usable_uncertain_side_row","false","false","h_000_015","v_000_010","-","+200-705-380+"
"270.2","H-1156","2","2","Harappa","TAB:B","Steatite","rectangular","Y","R/L","2","clean_side_row","true","false","h_000_015","v_000_010","-","+700-032+"
"250.1","H-1166","1","2","Harappa","TAB:I","Steatite","rectangular","Y","NR","1","usable_uncertain_side_row","false","false","h_000_015","v_000_010","-","+220+"
"250.2","H-1166","2","2","Harappa","TAB:I","Steatite","rectangular","Y","R/L","2","clean_side_row","true","false","h_000_015","v_000_010","-","+167-705+"
"241.1","H-1173","1","2","Harappa","TAB:I","Steatite","-","-","R/L","2","audit_only_side_row","false","false","h_000_015","v_000_010","-","]742-851["
"241.2","H-1173","2","2","Harappa","TAB:I","Steatite","-","N","R/L","3","audit_only_side_row","false","false","h_000_015","v_000_010","-","+400-575-000["
"252.1","H-1174","1","2","Harappa","TAB:I","Steatite","-","-","-","1","audit_only_side_row","false","false","-","v_000_010","-","]220["
"252.2","H-1174","2","2","Harappa","TAB:I","Steatite","-","N","-","1","audit_only_side_row","false","false","-","v_000_010","-","]000["
"243.1","H-1175","1","2","Harappa","TAB:I","Steatite","-","-","R/L","2","audit_only_side_row","false","false","h_000_015","v_000_010","-","]019-798["
"243.2","H-1175","2","2","Harappa","TAB:I","Steatite","-","N","-","1","usable_uncertain_side_row","false","false","h_000_015","v_000_010","-","+000+"
"218.1","H-1177","1","2","Harappa","TAB:I","Steatite","-","N","R/L","4","usable_uncertain_side_row","false","false","-","-","-","+000-000-740-519+"
"218.2","H-1177","2","2","Harappa","TAB:I","Steatite","-","Y","R/L","2","clean_side_row","true","false","-","-","-","+033-720+"
"4031.1","H-1178","1","2","Harappa","TAB:I","-","rectangular","Y","R/L","4","clean_side_row","false","true","h_015_025","v_000_010","-","+400-740-636-240+"
"4031.2","H-1178","2","2","Harappa","TAB:I","-","rectangular","Y","R/L","2","clean_side_row","true","false","h_015_025","v_000_010","-","+700-125+"
"287.1","H-1179","1","2","Harappa","TAB:I","Steatite","-","N","-","2","audit_only_side_row","false","false","-","-","-","+000-000["
"287.2","H-1179","2","2","Harappa","TAB:I","Steatite","-","N","L/R","4","audit_only_side_row","false","false","-","-","-","+868-435-255-000["
"4053.1","H-1180","1","2","Harappa","TAB:I","-","-","N","R/L","2","audit_only_side_row","false","false","-","-","-","]000-255["
"4053.2","H-1180","2","2","Harappa","TAB:I","-","-","N","-","2","audit_only_side_row","false","false","-","-","-","]000-000["
"1779.1","H-1181","1","2","Harappa","TAB:I","Steatite","rectangular","Y","R/L","3","clean_side_row","false","true","h_015_025","v_000_010","-","+868-706-590+"
"1779.2","H-1181","2","2","Harappa","TAB:I","Steatite","rectangular","Y","R/L","4","clean_side_row","false","true","h_015_025","v_000_010","-","+400-156-435-255+"
"1051.1","H-1182","1","2","Harappa","TAB:I","Steatite","rectangular","Y","R/L","4","clean_side_row","false","true","h_000_015","v_000_010","-","+400-740-817-175+"
"1051.2","H-1182","2","2","Harappa","TAB:I","Steatite","rectangular","Y","SYM","2","usable_uncertain_side_row","false","false","h_000_015","v_000_010","-","+033-033+"
"277.1","H-1184","1","2","Harappa","TAB:I","Steatite","rectangular","N","R/L","3","audit_only_side_row","false","false","h_000_015","v_000_010","-","]000-892-413+"
"277.2","H-1184","2","2","Harappa","TAB:I","Steatite","rectangular","-","R/L","2","audit_only_side_row","false","false","h_000_015","v_000_010","-","+520-220["
"4055.1","H-1185","1","2","Harappa","TAB:I","-","-","N","-","1","audit_only_side_row","false","false","-","-","-","]000["
"4055.2","H-1185","2","2","Harappa","TAB:I","-","-","N","R/L","2","audit_only_side_row","false","false","-","-","-","]171-000["
"295.1","H-1187","1","2","Harappa","TAB:I","Steatite","rectangular-round","Y","R/L","3","clean_side_row","false","true","h_000_015","v_000_010","-","+824-892-413+"
"295.2","H-1187","2","2","Harappa","TAB:I","Steatite","rectangular-round","Y","R/L","2","clean_side_row","true","false","h_000_015","v_000_010","-","+740-924+"
"268.1","H-1188","1","2","Harappa","TAB:I","Steatite","rectangular","Y","R/L","2","clean_side_row","true","false","h_015_025","v_000_010","-","+700-033+"
"268.2","H-1188","2","2","Harappa","TAB:I","Steatite","rectangular","N","R/L","2","usable_uncertain_side_row","false","false","h_015_025","v_000_010","-","+869-000+"
"162.1","H-1189","1","2","Harappa","TAB:I","Steatite","rectangular","N","R/L","3","audit_only_side_row","false","false","h_000_015","v_000_010","-","]033-000-000+"
"162.2","H-1189","2","2","Harappa","TAB:I","Steatite","rectangular","Y","R/L","2","clean_side_row","true","false","h_000_015","v_000_010","-","+033-255+"
"304.1","H-1190","1","2","Harappa","TAB:I","Steatite","rectangular","-","R/L","3","audit_only_side_row","false","false","h_015_025","v_000_010","-","+416-590-033["
"304.2","H-1190","2","2","Harappa","TAB:I","Steatite","rectangular","-","R/L","2","audit_only_side_row","false","false","h_015_025","v_000_010","-","+255-033["
"4056.1","H-1191","1","2","Harappa","TAB:I","-","rectangular","Y","R/L","5","clean_side_row","false","true","h_015_025","v_000_010","-","+400-740-760-220-416+"
"4056.2","H-1191","2","2","Harappa","TAB:I","-","rectangular","Y","R/L","3","clean_side_row","false","true","h_015_025","v_000_010","-","+220-700-004+"
"311.1","H-1192","1","2","Harappa","TAB:I","Steatite","rectangular","Y","R/L","5","clean_side_row","false","true","h_015_025","v_000_010","-","+400-740-767-220-416+"
"311.2","H-1192","2","2","Harappa","TAB:I","Steatite","rectangular","Y","R/L","3","clean_side_row","false","true","h_015_025","v_000_010","-","+700-220-004+"
"211.1","H-1193","1","2","Harappa","TAB:I","Steatite","-","-","-","1","audit_only_side_row","false","false","-","-","-","]700+"
"211.2","H-1193","2","2","Harappa","TAB:I","Steatite","-","N","-","1","audit_only_side_row","false","false","-","-","-","]000["
"4057.1","H-1194","1","2","Harappa","TAB:I","-","-","N","-","2","audit_only_side_row","false","false","-","-","-","]617-000["
"4057.2","H-1194","2","2","Harappa","TAB:I","-","-","N","-","2","audit_only_side_row","false","false","-","-","-","]000-033["
"262.1","H-1196","1","2","Harappa","TAB:I","Steatite","rectangular","N","R/L","4","audit_only_side_row","false","false","-","v_000_010","-","]000-001-031-790+"
"262.2","H-1196","2","2","Harappa","TAB:I","Steatite","rectangular","-","R/L","2","audit_only_side_row","false","false","-","v_000_010","-","]700-033"
"4058.1","H-1197","1","2","Harappa","TAB:I","-","-","-","-","1","audit_only_side_row","false","false","-","-","-","+033["
"4058.2","H-1197","2","2","Harappa","TAB:I","-","-","N","-","2","audit_only_side_row","false","false","-","-","-","]000-000["
"4059.1","H-1198","1","2","Harappa","TAB:I","-","rectangular","Y","R/L","5","clean_side_row","false","true","h_000_015","v_000_010","-","+740-061-001-031-820+"
"4059.2","H-1198","2","2","Harappa","TAB:I","-","rectangular","Y","R/L","2","clean_side_row","true","false","h_000_015","v_000_010","-","+700-033+"
"4063.1","H-1261","1","2","Harappa","TAB:I","-","-","N","R/L","3","audit_only_side_row","false","false","-","v_000_010","-","]000-840-000+"
"4063.2","H-1261","2","2","Harappa","TAB:I","-","-","N","R/L","2","audit_only_side_row","false","false","-","v_000_010","-","+700-000["
"4064.1","H-1262","1","2","Harappa","TAB:I","-","-","N","R/L","2","audit_only_side_row","false","false","-","-","-","+740-000["
"4064.2","H-1262","2","2","Harappa","TAB:I","-","-","N","-","1","audit_only_side_row","false","false","-","-","-","+000["
"4065.1","H-1269","1","2","Harappa","TAB:I","-","-","N","R/L","2","audit_only_side_row","false","false","-","v_000_010","-","]000-000["
"4065.2","H-1269","2","2","Harappa","TAB:I","-","-","-","R/L","2","audit_only_side_row","false","false","-","v_000_010","-","]700-032["
"4066.1","H-1270","1","2","Harappa","TAB:I","Steatite","rectangular","N","R/L","2","usable_uncertain_side_row","false","false","h_000_015","v_000_010","-","+368-000+"
"4066.2","H-1270","2","2","Harappa","TAB:I","Steatite","rectangular","Y","R/L","2","clean_side_row","true","false","h_000_015","v_000_010","-","+700-033+"
"286.1","H-1272","1","2","Harappa","TAB:I","Steatite","-","N","R/L","2","audit_only_side_row","false","false","-","v_000_010","-","]000-033+"
"286.2","H-1272","2","2","Harappa","TAB:I","Steatite","-","N","R/L","2","audit_only_side_row","false","false","-","v_000_010","-","+740-000["
"265.1","H-1273","1","2","Harappa","TAB:I","Steatite","rectangular","Y","R/L","3","clean_side_row","false","true","h_000_015","v_000_010","-","+400-740-176+"
"265.2","H-1273","2","2","Harappa","TAB:I","Steatite","rectangular","Y","R/L","2","clean_side_row","true","false","h_000_015","v_000_010","-","+700-034+"
"184.1","H-1274","1","2","Harappa","TAB:I","Steatite","-","N","R/L","2","audit_only_side_row","false","false","h_000_015","v_000_010","-","]000-176+"
"184.2","H-1274","2","2","Harappa","TAB:I","Steatite","-","N","-","2","audit_only_side_row","false","false","h_000_015","v_000_010","-","]000-700+"
"4062.1","H-1275","1","2","Harappa","TAB:I","-","-","-","R/L","2","audit_only_side_row","false","false","-","v_000_010","-","]740-176["
"4062.2","H-1275","2","2","Harappa","TAB:I","-","-","-","R/L","2","audit_only_side_row","false","false","-","v_000_010","-","]700-032["
"301.1","H-1278","1","2","Harappa","TAB:I","Steatite","rectangular","-","R/L","2","audit_only_side_row","false","false","-","v_000_010","-","+700-031["
"301.2","H-1278","2","2","Harappa","TAB:I","Steatite","rectangular","N","L/R","3","audit_only_side_row","false","false","-","v_000_010","-","+400-740-000["
"4067.1","H-1279","1","2","Harappa","TAB:I","-","-","-","R/L","2","audit_only_side_row","false","false","-","v_000_010","-","+400-740["
"4067.2","H-1279","2","2","Harappa","TAB:I","-","-","N","-","1","audit_only_side_row","false","false","-","v_000_010","-","]000+"
"4068.1","H-1281","1","2","Harappa","TAB:I","Steatite","rectangular","Y","R/L","2","clean_side_row","true","false","h_000_015","v_000_010","-","+700-032+"
"4068.2","H-1281","2","2","Harappa","TAB:I","Steatite","rectangular","N","-","1","audit_only_side_row","false","false","h_000_015","v_000_010","-","+000["
"187.1","H-1282","1","2","Harappa","TAB:I","Steatite","-","-","-","1","audit_only_side_row","false","false","-","v_000_010","-","]615["
"187.2","H-1282","2","2","Harappa","TAB:I","Steatite","-","-","-","1","audit_only_side_row","false","false","-","v_000_010","-","]220["
"4069.1","H-1284","1","2","Harappa","TAB:I","-","rectangular","Y","L/R","3","clean_local_parse_row_source_pending","false","true","h_000_015","v_000_010","-","+520-220-415+"
"4069.2","H-1284","2","2","Harappa","TAB:I","-","rectangular","Y","L/R","2","clean_local_parse_row_source_pending","true","false","h_000_015","v_000_010","-","+700-034+"
"4070.1","H-1286","1","2","Harappa","TAB:I","-","-","N","R/L","2","audit_only_side_row","false","false","-","-","-","+400-000["
"4070.2","H-1286","2","2","Harappa","TAB:I","-","-","N","-","1","audit_only_side_row","false","false","-","-","-","]000+"
"264.1","H-1287","1","2","Harappa","TAB:I","Steatite","rectangular","Y","R/L","4","clean_side_row","false","true","h_015_025","v_000_010","-","+400-156-140-032+"
"264.2","H-1287","2","2","Harappa","TAB:I","Steatite","rectangular","Y","R/L","2","clean_side_row","true","false","h_015_025","v_000_010","-","+700-033+"
"271.1","H-1289","1","2","Harappa","TAB:I","Steatite","-","-","-","2","audit_only_side_row","false","false","-","-","-","]455-710+"
"271.2","H-1289","2","2","Harappa","TAB:I","Steatite","-","N","-","1","audit_only_side_row","false","false","-","-","-","]000+"
"4071.1","H-1291","1","2","Harappa","TAB:I","-","rectangular","N","R/L","3","audit_only_side_row","false","false","-","-","-","]000-390-590["
"4071.2","H-1291","2","2","Harappa","TAB:I","-","rectangular","N","R/L","2","audit_only_side_row","false","false","-","-","-","]000-033+"
"263.1","H-1293","1","2","Harappa","TAB:I","Steatite","rectangular","-","R/L","2","audit_only_side_row","false","false","h_000_015","v_000_010","-","+700-034["
"263.2","H-1293","2","2","Harappa","TAB:I","Steatite","rectangular","-","R/L","2","audit_only_side_row","false","false","h_000_015","v_000_010","-","]742-217+"
"1061.1","H-1294","1","2","Harappa","TAB:I","Steatite","rectangular","Y","R/L","3","clean_side_row","false","true","h_015_025","v_000_010","-","+527-550-233+"
"1061.2","H-1294","2","2","Harappa","TAB:I","Steatite","rectangular","Y","R/L","2","clean_side_row","true","false","h_015_025","v_000_010","-","+700-032+"
"4074.1","H-1295","1","2","Harappa","TAB:I","-","rectangular","N","-","3","usable_uncertain_side_row","false","false","h_000_015","v_000_010","-","+000-000-000+"
"4074.2","H-1295","2","2","Harappa","TAB:I","-","rectangular","Y","R/L","2","clean_side_row","true","false","h_000_015","v_000_010","-","+700-033+"
"4073.1","H-1302","1","2","Harappa","TAB:I","Steatite","oval","Y","L/R","3","clean_side_row","false","true","h_000_015","v_000_010","-","+400-740-176+"
"4073.2","H-1302","2","2","Harappa","TAB:I","Steatite","oval","Y","R/L","2","clean_side_row","true","false","h_000_015","v_000_010","-","+700-033+"
"4077.1","H-1303","1","2","Harappa","TAB:I","Steatite","oval","Y","L/R","3","clean_side_row","false","true","h_000_015","v_000_010","-","+400-740-176+"
"4077.2","H-1303","2","2","Harappa","TAB:I","Steatite","oval","Y","R/L","2","clean_side_row","true","false","h_000_015","v_000_010","-","+700-033+"
"5470.1","H-1304","1","2","Harappa","TAB:I","-","oval","Y","R/L","3","clean_side_row","false","true","h_000_015","-","-","+400-740-176+"
"5470.2","H-1304","2","2","Harappa","TAB:I","-","oval","Y","R/L","2","clean_side_row","true","false","h_000_015","-","-","+700-033+"
"4078.1","H-1305","1","2","Harappa","TAB:I","Steatite","-","N","R/L","3","usable_uncertain_side_row","false","false","-","-","-","+400-000-705+"
"4078.2","H-1305","2","2","Harappa","TAB:I","Steatite","-","N","R/L","2","usable_uncertain_side_row","false","false","-","-","-","+000-000+"
"4079.1","H-1306","1","2","Harappa","TAB:I","-","oval","-","R/L","2","audit_only_side_row","false","false","-","v_000_010","-","+400-740["
"4079.2","H-1306","2","2","Harappa","TAB:I","-","oval","-","-","1","audit_only_side_row","false","false","-","v_000_010","-","]033["
"1058.1","H-1308","1","2","Harappa","TAB:I","Steatite","rectangular","Y","L/R","4","clean_side_row","false","true","h_015_025","v_010_020","-","+740-690-636-240+"
"1058.2","H-1308","2","2","Harappa","TAB:I","Steatite","rectangular","Y","L/R","2","clean_side_row","true","false","h_015_025","v_010_020","-","+700-033+"
"257.1","H-1309","1","2","Harappa","TAB:I","Steatite","rectangular-round","Y","L/R","5","clean_side_row","false","true","h_015_025","v_000_010","-","+156-176-741-060-920+"
"257.2","H-1309","2","2","Harappa","TAB:I","Steatite","rectangular-round","Y","L/R","2","clean_side_row","true","false","h_015_025","v_000_010","-","+700-032+"
"210.1","H-1310","1","2","Harappa","TAB:I","Steatite","-","-","L/R","2","audit_only_side_row","false","false","h_000_015","-","-","+527-550["
"210.2","H-1310","2","2","Harappa","TAB:I","Steatite","-","-","-","1","audit_only_side_row","false","false","h_000_015","-","-","]700+"
"229.1","H-1312","1","2","Harappa","TAB:I","Steatite","oval","Y","R/L","5","clean_side_row","false","true","h_000_015","v_000_010","-","+740-031-904-001-032+"
"229.2","H-1312","2","2","Harappa","TAB:I","Steatite","oval","Y","R/L","2","clean_side_row","true","false","h_000_015","v_000_010","-","+700-032+"
"4081.1","H-1313","1","2","Harappa","TAB:I","Steatite","elliptical","N","R/L","3","usable_uncertain_side_row","false","false","h_000_015","v_000_010","th_000_003","+740-840-000+"
"4081.2","H-1313","2","2","Harappa","TAB:I","Steatite","elliptical","Y","R/L","2","clean_side_row","true","false","h_000_015","v_000_010","th_000_003","+700-032+"
"5445.1","H-1314","1","2","Harappa","TAB:I","-","triangular","N","-","2","audit_only_side_row","false","false","-","-","-","]000-013+"
"5445.2","H-1314","2","2","Harappa","TAB:I","-","triangular","N","-","1","audit_only_side_row","false","false","-","-","-","+000["
"207.1","H-1318","1","2","Harappa","TAB:I","Steatite","-","N","R/L","2","audit_only_side_row","false","false","-","-","-","+740-000["
"207.2","H-1318","2","2","Harappa","TAB:I","Steatite","-","-","-","1","audit_only_side_row","false","false","-","-","-","+700["
"255.1","H-1319","1","2","Harappa","TAB:I","Steatite","notched oval","Y","R/L","2","clean_side_row","true","false","h_015_025","v_000_010","-","+700-032+"
"255.2","H-1319","2","2","Harappa","TAB:I","Steatite","notched oval","Y","R/L","2","clean_side_row","true","false","h_015_025","v_000_010","-","+400-678+"
"4072.1","H-1320","1","2","Harappa","TAB:I","-","notched oval","Y","R/L","2","clean_side_row","true","false","h_015_025","v_000_010","-","+400-678+"
"4072.2","H-1320","2","2","Harappa","TAB:I","-","notched oval","Y","R/L","2","clean_side_row","true","false","h_015_025","v_000_010","-","+700-032+"
"317.1","H-1321","1","2","Harappa","TAB:B","Steatite","notched oval","Y","R/L","3","clean_side_row","false","true","h_015_025","v_010_020","-","+400-226-032+"
"317.2","H-1321","2","2","Harappa","TAB:B","Steatite","notched oval","Y","R/L","2","clean_side_row","true","false","h_015_025","v_010_020","-","+700-032+"
"1056.1","H-1323","1","2","Harappa","TAB:I","Steatite","oval","-","-","1","audit_only_side_row","false","false","-","v_000_010","-","]690["
"1056.2","H-1323","2","2","Harappa","TAB:I","Steatite","oval","-","-","1","audit_only_side_row","false","false","-","v_000_010","-","]817+"
"1054.1","H-1325","1","2","Harappa","TAB:I","Steatite","fish","Y","R/L","3","clean_side_row","false","true","h_015_025","v_000_010","-","+690-368-817+"
"1054.2","H-1325","2","2","Harappa","TAB:I","Steatite","fish","N","R/L","4","usable_uncertain_side_row","false","false","h_015_025","v_000_010","-","+740-032-165-000+"
"282.1","H-1330","1","2","Harappa","TAB:I","Steatite","circular","Y","R/L","2","clean_side_row","true","false","-","-","-","+700-032+"
"282.2","H-1330","2","2","Harappa","TAB:I","Steatite","circular","Y","R/L","2","clean_side_row","true","false","-","-","-","+520-220+"
"239.1","H-1339","1","2","Harappa","TAB:B","Steatite","-","N","L/R","3","audit_only_side_row","false","false","-","-","-","]400-090-000["
"239.2","H-1339","2","2","Harappa","TAB:B","Steatite","-","N","-","3","audit_only_side_row","false","false","-","-","-","]000-000-000["
"4085.1","H-1344","1","2","Harappa","TAB:I","-","prism","Y","R/L","3","clean_side_row","false","true","h_000_015","v_000_010","-","+400-740-176+"
"4085.2","H-1344","2","2","Harappa","TAB:I","-","prism","Y","R/L","2","clean_side_row","true","false","h_000_015","v_000_010","-","+700-033+"
"4086.1","H-1345","1","2","Harappa","TAB:I","Steatite","prism","Y","R/L","3","clean_side_row","false","true","h_000_015","v_000_010","-","+400-740-176+"
"4086.2","H-1345","2","2","Harappa","TAB:I","Steatite","prism","Y","R/L","2","clean_side_row","true","false","h_000_015","v_000_010","-","+700-033+"
"4087.1","H-1346","1","2","Harappa","TAB:I","Steatite","prism","Y","R/L","3","clean_side_row","false","true","h_000_015","v_000_010","-","+400-740-176+"
"4087.2","H-1346","2","2","Harappa","TAB:I","Steatite","prism","Y","R/L","2","clean_side_row","true","false","h_000_015","v_000_010","-","+700-033+"
"4088.1","H-1347","1","2","Harappa","TAB:I","Steatite","prism","Y","R/L","3","clean_side_row","false","true","-","v_000_010","-","+400-740-176+"
"4088.2","H-1347","2","2","Harappa","TAB:I","Steatite","prism","Y","R/L","2","clean_side_row","true","false","-","v_000_010","-","+700-033+"
"4089.1","H-1348","1","2","Harappa","TAB:I","Steatite","prism","-","R/L","2","audit_only_side_row","false","false","-","v_000_010","-","]740-176+"
"4089.2","H-1348","2","2","Harappa","TAB:I","Steatite","prism","Y","R/L","2","clean_side_row","true","false","-","v_000_010","-","+700-033+"
"283.1","H-1349","1","2","Harappa","TAB:I","Steatite","prism","-","R/L","2","audit_only_side_row","false","false","-","v_000_010","-","]033-700+"
"283.2","H-1349","2","2","Harappa","TAB:I","Steatite","prism","N","-","2","audit_only_side_row","false","false","-","v_000_010","-","+080-000["
"1049.1","H-1353","1","3","Harappa","TAB:B","Steatite","prism","N","-","5","usable_uncertain_side_row","false","false","h_000_015","-","-","+000-142-480-000-617+"
"1049.2","H-1353","2","3","Harappa","TAB:B","Steatite","prism","Y","-","2","usable_uncertain_side_row","false","false","h_000_015","-","-","+032-700+"
"1049.3","H-1353","3","3","Harappa","TAB:B","Steatite","prism","N","-","3","usable_uncertain_side_row","false","false","h_000_015","-","-","+700-000-000+"
"222.1","H-1354","1","3","Harappa","TAB:I","Steatite","rectangular","Y","R/L","4","clean_side_row","false","true","h_015_025","v_000_010","-","+824-032-578-415+"
"222.2","H-1354","2","3","Harappa","TAB:I","Steatite","rectangular","Y","R/L","4","clean_side_row","false","true","h_015_025","v_000_010","-","+740-714-840-799+"
"222.3","H-1354","3","3","Harappa","TAB:I","Steatite","rectangular","Y","R/L","2","clean_side_row","true","false","h_015_025","v_000_010","-","+700-034+"
"1201.1","H-160","1","2","Harappa","SEAL:R","Steatite","plano-convex","Y","R/L","4","clean_side_row","false","true","h_015_025","v_010_020","-","+400-154-806-468+"
"1201.2","H-160","2","2","Harappa","SEAL:R","Steatite","plano-convex","Y","R/L","2","clean_side_row","true","false","h_015_025","v_010_020","-","+090-017+"
"940.1","H-1720","1","2","Harappa","TAG:L","Clay","-","-","R/L","7","audit_only_side_row","false","false","-","-","-","+033-413-893-405-090-405-326["
"940.2","H-1720","2","2","Harappa","TAG:L","Clay","-","N","-","2","audit_only_side_row","false","false","-","-","-","]000-792["
"517.1","H-1722","1","2","Harappa","TAG","-","-","N","R/L","4","audit_only_side_row","false","false","-","-","-","+520-220-415-000["
"517.2","H-1722","2","2","Harappa","TAG","-","-","N","R/L","2","audit_only_side_row","false","false","-","-","-","]000-220["
"758.1","H-1768","1","2","Harappa","TAB:B","Faience","square","Y","NR","1","usable_uncertain_side_row","false","false","h_000_015","v_010_020","th_000_003","+144+"
"758.2","H-1768","2","2","Harappa","TAB:B","Faience","square","Y","R/L","2","clean_side_row","true","false","h_000_015","v_010_020","th_000_003","+700-033+"
"371.1","H-1771","1","2","Harappa","TAB:B","Faience","rectangular","Y","L/R","2","clean_side_row","true","false","h_015_025","v_000_010","th_000_003","+700-032+"
"371.2","H-1771","2","2","Harappa","TAB:B","Faience","rectangular","Y","L/R","4","clean_side_row","false","true","h_015_025","v_000_010","th_000_003","+740-031-001-140+"
"400.1","H-1772","1","2","Harappa","TAB:B","Faience","rectangular","Y","R/L","2","clean_side_row","true","false","h_015_025","v_000_010","th_000_003","+700-032+"
"400.2","H-1772","2","2","Harappa","TAB:B","Faience","rectangular","Y","L/R","4","clean_side_row","false","true","h_015_025","v_000_010","th_000_003","+740-031-001-140+"
"383.1","H-1773","1","2","Harappa","TAB:B","Faience","rectangular","Y","L/R","2","clean_side_row","true","false","h_015_025","v_000_010","th_000_003","+700-032+"
"383.2","H-1773","2","2","Harappa","TAB:B","Faience","rectangular","Y","L/R","4","clean_side_row","false","true","h_015_025","v_000_010","th_000_003","+740-031-001-140+"
"1021.1","H-1774","1","2","Harappa","TAB:B","Faience","rectangular","Y","R/L","5","clean_side_row","false","true","h_015_025","v_010_020","th_003_007","+400-740-335-482-175+"
"1021.2","H-1774","2","2","Harappa","TAB:B","Faience","rectangular","Y","R/L","2","clean_side_row","true","false","h_015_025","v_010_020","th_003_007","+700-032+"
"824.1","H-1775","1","2","Harappa","TAB:B","Faience","rectangular","Y","R/L","6","clean_side_row","false","true","h_025_035","v_010_020","th_003_007","+740-100-415-176-792-102+"
"824.2","H-1775","2","2","Harappa","TAB:B","Faience","rectangular","N","R/L","4","usable_uncertain_side_row","false","false","h_025_035","v_010_020","th_003_007","+220-000-700-033+"
"568.1","H-1777","1","2","Harappa","TAB:B","Faience","cylindrical","-","-","1","audit_only_side_row","false","false","-","-","th_007_012","]220+"
"568.2","H-1777","2","2","Harappa","TAB:B","Faience","cylindrical","N","-","3","audit_only_side_row","false","false","-","-","th_007_012","]000-000-000["
"1023.1","H-1793","1","2","Harappa","TAB:B","Faience","cylindrical","Y","R/L","4","clean_side_row","false","true","h_015_025","v_010_020","th_007_012","+740-752-482-240+"
"1023.2","H-1793","2","2","Harappa","TAB:B","Faience","cylindrical","Y","R/L","2","clean_side_row","true","false","h_015_025","v_010_020","th_007_012","+700-745+"
"570.1","H-1797","1","2","Harappa","TAB:B","Faience","rectangular","Y","L/R","2","clean_side_row","true","false","h_015_025","v_000_010","th_003_007","+032-700+"
"570.2","H-1797","2","2","Harappa","TAB:B","Faience","rectangular","Y","L/R","5","clean_side_row","false","true","h_015_025","v_000_010","th_003_007","+740-690-435-255-055+"
"495.1","H-1798","1","2","Harappa","TAB:B","Faience","rectangular","N","-","4","usable_uncertain_side_row","false","false","h_015_025","v_000_010","th_003_007","+000-000-000-000+"
"495.2","H-1798","2","2","Harappa","TAB:B","Faience","rectangular","N","R/L","5","usable_uncertain_side_row","false","false","h_015_025","v_000_010","th_003_007","+400-711-000-000-000+"
"1214.1","H-180","1","2","Harappa","TAB:B","Clay","rectangular","Y","R/L","6","clean_side_row","false","true","h_gt_035","v_010_020","-","+151-390-590-741-330-368+"
"1214.2","H-180","2","2","Harappa","TAB:B","Clay","rectangular","Y","R/L","6","clean_side_row","false","true","h_gt_035","v_010_020","-","+151-390-590-741-330-368+"
"376.1","H-1800","1","2","Harappa","TAB:B","Faience","rectangular","-","R/L","2","audit_only_side_row","false","false","-","v_000_010","th_003_007","+700-033["
"376.2","H-1800","2","2","Harappa","TAB:B","Faience","rectangular","N","R/L","4","audit_only_side_row","false","false","-","v_000_010","th_003_007","+400-740-390-000["
"629.1","H-1801","1","2","Harappa","TAB:B","Faience","rectangular","-","R/L","4","audit_only_side_row","false","false","h_000_015","v_000_010","th_003_007","+740-390-590-741["
"629.2","H-1801","2","2","Harappa","TAB:B","Faience","rectangular","N","R/L","3","audit_only_side_row","false","false","h_000_015","v_000_010","th_003_007","]000-033-605+"
"868.1","H-1802","1","2","Harappa","TAB:B","Faience","rectangular","-","R/L","3","audit_only_side_row","false","false","-","v_000_010","th_003_007","+740-390-590["
"868.2","H-1802","2","2","Harappa","TAB:B","Faience","rectangular","-","R/L","2","audit_only_side_row","false","false","-","v_000_010","th_003_007","]033-605+"
"562.1","H-1803","1","2","Harappa","TAB:B","Faience","-","N","-","2","audit_only_side_row","false","false","-","v_000_010","th_003_007","]000-700["
"562.2","H-1803","2","2","Harappa","TAB:B","Faience","-","N","-","2","audit_only_side_row","false","false","-","v_000_010","th_003_007","]590-000["
"477.1","H-1804","1","2","Harappa","TAB:B","Faience","rectangular","Y","R/L","2","clean_side_row","true","false","h_000_015","v_000_010","th_003_007","+700-032+"
"477.2","H-1804","2","2","Harappa","TAB:B","Faience","rectangular","N","-","2","usable_uncertain_side_row","false","false","h_000_015","v_000_010","th_003_007","+000-591+"
"947.1","H-1805","1","2","Harappa","TAB:B","Faience","-","N","-","2","audit_only_side_row","false","false","-","v_010_020","th_000_003","]700-000["
"947.2","H-1805","2","2","Harappa","TAB:B","Faience","-","N","-","3","audit_only_side_row","false","false","-","v_010_020","th_000_003","]705-220-000["
"1006.1","H-1806","1","2","Harappa","TAB:B","Faience","-","-","-","1","audit_only_side_row","false","false","-","v_000_010","th_000_003","]700+"
"1006.2","H-1806","2","2","Harappa","TAB:B","Faience","-","-","-","1","audit_only_side_row","false","false","-","v_000_010","th_000_003","]840+"
"791.1","H-1807","1","2","Harappa","TAB:B","Faience","rectangular","-","-","1","audit_only_side_row","false","false","-","v_000_010","th_000_003","]034+"
"791.2","H-1807","2","2","Harappa","TAB:B","Faience","rectangular","-","-","2","audit_only_side_row","false","false","-","v_000_010","th_000_003","+235-840["
"742.1","H-1810","1","2","Harappa","TAB:B","Faience","rectangular","Y","R/L","4","clean_side_row","false","true","h_025_035","v_010_020","th_003_007","+740-048-741-851+"
"742.2","H-1810","2","2","Harappa","TAB:B","Faience","rectangular","Y","R/L","5","clean_side_row","false","true","h_025_035","v_010_020","th_003_007","+033-711-335-575-413+"
"916.1","H-1811","1","2","Harappa","TAB:B","Faience","rectangular","Y","R/L","6","clean_side_row","false","true","h_015_025","v_000_010","th_003_007","+400-525-550-033-705-240+"
"916.2","H-1811","2","2","Harappa","TAB:B","Faience","rectangular","Y","R/L","6","clean_side_row","false","true","h_015_025","v_000_010","th_003_007","+700-033-711-335-575-413+"
"867.1","H-1812","1","2","Harappa","TAB:B","Faience","rectangular","Y","R/L","6","clean_side_row","false","true","-","v_000_010","th_003_007","+400-525-550-033-705-240+"
"867.2","H-1812","2","2","Harappa","TAB:B","Faience","rectangular","Y","R/L","6","clean_side_row","false","true","-","v_000_010","th_003_007","+700-033-711-335-575-413+"
"653.1","H-1813","1","2","Harappa","TAB:B","Faience","rectangular","Y","R/L","6","clean_side_row","false","true","h_015_025","v_000_010","th_003_007","+400-525-550-033-705-220+"
"653.2","H-1813","2","2","Harappa","TAB:B","Faience","rectangular","Y","R/L","6","clean_side_row","false","true","h_015_025","v_000_010","th_003_007","+700-033-711-335-575-413+"
"635.1","H-1814","1","2","Harappa","TAB:B","Faience","rectangular","Y","R/L","6","clean_side_row","false","true","h_015_025","v_000_010","th_003_007","+400-525-550-033-705-240+"
"635.2","H-1814","2","2","Harappa","TAB:B","Faience","rectangular","Y","R/L","6","clean_side_row","false","true","h_015_025","v_000_010","th_003_007","+740-033-711-335-575-413+"
"561.1","H-1815","1","2","Harappa","TAB:B","Faience","rectangular-round","N","L/R","5","audit_only_side_row","false","false","h_015_025","v_000_010","th_003_007","]525-550-033-705-000+"
"561.2","H-1815","2","2","Harappa","TAB:B","Faience","rectangular-round","Y","L/R","5","clean_side_row","false","true","h_015_025","v_000_010","th_003_007","+033-711-335-575-413+"
"512.1","H-1816","1","2","Harappa","TAB:B","-","rectangular","N","R/L","6","usable_uncertain_side_row","false","false","h_015_025","v_000_010","-","+740-033-000-335-575-413+"
"512.2","H-1816","2","2","Harappa","TAB:B","-","rectangular","Y","R/L","6","clean_side_row","false","true","h_015_025","v_000_010","-","+400-525-550-033-705-240+"
"624.1","H-1817","1","2","Harappa","TAB:B","Faience","rectangular","Y","R/L","2","clean_side_row","true","false","h_000_015","v_000_010","th_003_007","+700-034+"
"624.2","H-1817","2","2","Harappa","TAB:B","Faience","rectangular","Y","R/L","3","clean_side_row","false","true","h_000_015","v_000_010","th_003_007","+400-525-554+"
"655.1","H-1818","1","2","Harappa","TAB:B","Faience","rectangular","N","-","5","usable_uncertain_side_row","false","false","-","v_000_010","th_003_007","+000-711-335-575-413+"
"655.2","H-1818","2","2","Harappa","TAB:B","Faience","rectangular","-","-","3","audit_only_side_row","false","false","-","v_000_010","th_003_007","]519-742-849+"
"584.1","H-1819","1","2","Harappa","TAB:B","Faience","rectangular","N","R/L","5","usable_uncertain_side_row","false","false","-","v_000_010","th_003_007","+000-711-335-575-413+"
"584.2","H-1819","2","2","Harappa","TAB:B","Faience","rectangular","-","R/L","3","audit_only_side_row","false","false","-","v_000_010","th_003_007","]519-742-849+"
"1215.1","H-182","1","2","Harappa","TAB:B","Faience","rectangular","Y","R/L","3","clean_side_row","false","true","h_gt_035","v_000_010","-","+740-032-840+"
"1215.2","H-182","2","2","Harappa","TAB:B","Faience","rectangular","Y","R/L","3","clean_side_row","false","true","h_gt_035","v_000_010","-","+740-032-840+"
"432.1","H-1820","1","2","Harappa","TAB:B","Faience","plano-convex","-","R/L","4","audit_only_side_row","false","false","-","v_000_010","-","]711-335-575-413+"
"432.2","H-1820","2","2","Harappa","TAB:B","Faience","plano-convex","-","R/L","3","audit_only_side_row","false","false","-","v_000_010","-","]519-742-849+"
"582.1","H-1821","1","2","Harappa","TAB:B","Faience","rectangular","-","R/L","3","audit_only_side_row","false","false","-","v_000_010","th_003_007","+740-519-741["
"582.2","H-1821","2","2","Harappa","TAB:B","Faience","rectangular","N","R/L","5","audit_only_side_row","false","false","-","v_000_010","th_003_007","]000-711-335-575-413+"
"550.1","H-1822","1","2","Harappa","TAB:B","Faience","cuboid","Y","R/L","2","clean_side_row","true","false","h_015_025","v_010_020","th_003_007","+700-033+"
"550.2","H-1822","2","2","Harappa","TAB:B","Faience","cuboid","Y","L/R","4","clean_side_row","false","true","h_015_025","v_010_020","th_003_007","+400-740-176-519+"
"649.1","H-1823","1","2","Harappa","TAB:B","Faience","rectangular","Y","R/L","2","clean_side_row","true","false","h_000_015","v_000_010","th_003_007","+700-034+"
"649.2","H-1823","2","2","Harappa","TAB:B","Faience","rectangular","Y","L/R","6","clean_side_row","false","true","h_000_015","v_000_010","th_003_007","+400-740-798-365-415-001+"
"646.1","H-1824","1","2","Harappa","TAB:B","Faience","rectangular","Y","R/L","2","clean_side_row","true","false","h_015_025","v_000_010","th_003_007","+700-034+"
"646.2","H-1824","2","2","Harappa","TAB:B","Faience","rectangular","Y","R/L","5","clean_side_row","false","true","h_015_025","v_000_010","th_003_007","+740-176-031-060-201+"
"467.1","H-1825","1","2","Harappa","TAB:B","Faience","rectangular","Y","L/R","2","clean_side_row","true","false","h_000_015","v_000_010","th_000_003","+700-034+"
"467.2","H-1825","2","2","Harappa","TAB:B","Faience","rectangular","Y","L/R","3","clean_side_row","false","true","h_000_015","v_000_010","th_000_003","+740-176-220+"
"462.1","H-1826","1","2","Harappa","TAB:B","Faience","rectangular","-","-","1","audit_only_side_row","false","false","-","v_000_010","-","]034["
"462.2","H-1826","2","2","Harappa","TAB:B","Faience","rectangular","-","L/R","2","audit_only_side_row","false","false","-","v_000_010","-","]740-176["
"463.1","H-1827","1","2","Harappa","TAB:B","Faience","rectangular","Y","R/L","5","clean_side_row","false","true","h_015_025","v_000_010","th_000_003","+700-032-690-368-817+"
"463.2","H-1827","2","2","Harappa","TAB:B","Faience","rectangular","Y","R/L","3","clean_side_row","false","true","h_015_025","v_000_010","th_000_003","+400-740-176+"
"895.1","H-1828","1","2","Harappa","TAB:B","Faience","rectangular","Y","R/L","2","clean_side_row","true","false","h_000_015","v_000_010","th_003_007","+156-176+"
"895.2","H-1828","2","2","Harappa","TAB:B","Faience","rectangular","Y","R/L","2","clean_side_row","true","false","h_000_015","v_000_010","th_003_007","+700-034+"
"890.1","H-1829","1","2","Harappa","TAB:B","Faience","rectangular","Y","R/L","2","clean_side_row","true","false","h_000_015","v_000_010","th_003_007","+156-176+"
"890.2","H-1829","2","2","Harappa","TAB:B","Faience","rectangular","Y","R/L","2","clean_side_row","true","false","h_000_015","v_000_010","th_003_007","+700-034+"
"773.1","H-1830","1","2","Harappa","TAB:B","Faience","rectangular","Y","R/L","2","clean_side_row","true","false","h_000_015","v_000_010","th_003_007","+700-034+"
"773.2","H-1830","2","2","Harappa","TAB:B","Faience","rectangular","Y","R/L","2","clean_side_row","true","false","h_000_015","v_000_010","th_003_007","+156-176+"
"772.1","H-1831","1","2","Harappa","TAB:B","Faience","rectangular","Y","R/L","2","clean_side_row","true","false","h_000_015","v_000_010","th_003_007","+700-034+"
"772.2","H-1831","2","2","Harappa","TAB:B","Faience","rectangular","Y","R/L","2","clean_side_row","true","false","h_000_015","v_000_010","th_003_007","+156-176+"
"415.1","H-1832","1","2","Harappa","TAB:B","Faience","rectangular","Y","R/L","2","clean_side_row","true","false","h_015_025","v_000_010","th_003_007","+700-034+"
"415.2","H-1832","2","2","Harappa","TAB:B","Faience","rectangular","Y","R/L","7","clean_side_row","false","true","h_015_025","v_000_010","th_003_007","+400-297-352-892-590-740-176+"
"879.1","H-1833","1","2","Harappa","TAB:B","Faience","rectangular","Y","NR","1","usable_uncertain_side_row","false","false","h_000_015","v_000_010","th_003_007","+034+"
"879.2","H-1833","2","2","Harappa","TAB:B","Faience","rectangular","N","R/L","3","usable_uncertain_side_row","false","false","h_000_015","v_000_010","th_003_007","+400-000-000+"
"559.1","H-1834","1","2","Harappa","TAB:B","Faience","rectangular","Y","R/L","3","clean_side_row","false","true","h_000_015","v_000_010","th_003_007","+740-388-031+"
"559.2","H-1834","2","2","Harappa","TAB:B","Faience","rectangular","Y","R/L","4","clean_side_row","false","true","h_000_015","v_000_010","th_003_007","+298-350-892-590+"
"792.1","H-1835","1","2","Harappa","TAB:B","Faience","rectangular","-","-","3","audit_only_side_row","false","false","-","v_000_010","th_003_007","]436-032-923["
"792.2","H-1835","2","2","Harappa","TAB:B","Faience","rectangular","-","-","1","audit_only_side_row","false","false","-","v_000_010","th_003_007","]033["
"497.1","H-1836","1","2","Harappa","TAB:B","Faience","rectangular","Y","R/L","2","clean_side_row","true","false","h_000_015","v_000_010","th_000_003","+700-032+"
"497.2","H-1836","2","2","Harappa","TAB:B","Faience","rectangular","N","R/L","4","usable_uncertain_side_row","false","false","h_000_015","v_000_010","th_000_003","+400-740-000-792+"
"928.1","H-1837","1","2","Harappa","TAB:B","Faience","rectangular","N","R/L","3","audit_only_side_row","false","false","-","v_010_020","th_007_012","+220-000-700["
"928.2","H-1837","2","2","Harappa","TAB:B","Faience","rectangular","N","R/L","5","audit_only_side_row","false","false","-","v_010_020","th_007_012","]000-415-176-792-085+"
"925.1","H-1838","1","2","Harappa","TAB:B","Faience","rectangular","N","R/L","4","usable_uncertain_side_row","false","false","-","v_000_010","th_003_007","+000-415-176-000+"
"925.2","H-1838","2","2","Harappa","TAB:B","Faience","rectangular","N","R/L","4","usable_uncertain_side_row","false","false","-","v_000_010","th_003_007","+220-000-000-000+"
"593.1","H-1839","1","2","Harappa","TAB:B","Faience","rectangular","Y","R/L","2","clean_side_row","true","false","h_015_025","v_000_010","th_003_007","+700-033+"
"593.2","H-1839","2","2","Harappa","TAB:B","Faience","rectangular","Y","R/L","5","clean_side_row","false","true","h_015_025","v_000_010","th_003_007","+740-100-175-630-705+"
"788.1","H-1840","1","2","Harappa","TAB:B","Faience","rectangular","Y","R/L","6","clean_side_row","false","true","h_015_025","v_010_020","th_003_007","+090-740-255-705-060-550+"
"788.2","H-1840","2","2","Harappa","TAB:B","Faience","rectangular","Y","L/R","3","clean_side_row","false","true","h_015_025","v_010_020","th_003_007","+317-272-637+"
"652.1","H-1841","1","2","Harappa","TAB:B","Faience","rectangular","Y","R/L","2","clean_side_row","true","false","-","v_000_010","th_003_007","+700-032+"
"652.2","H-1841","2","2","Harappa","TAB:B","Faience","rectangular","Y","R/L","4","clean_side_row","false","true","-","v_000_010","th_003_007","+740-540-204-255+"
"631.1","H-1842","1","2","Harappa","TAB:B","Faience","rectangular","Y","R/L","2","clean_side_row","true","false","h_015_025","v_000_010","th_003_007","+033-700+"
"631.2","H-1842","2","2","Harappa","TAB:B","Faience","rectangular","Y","R/L","6","clean_side_row","false","true","h_015_025","v_000_010","th_003_007","+740-690-435-176-233-803+"
"451.1","H-1843","1","2","Harappa","TAB:B","Faience","rectangular","-","R/L","2","audit_only_side_row","false","false","-","v_000_010","th_000_003","]700-034+"
"451.2","H-1843","2","2","Harappa","TAB:B","Faience","rectangular","N","R/L","3","audit_only_side_row","false","false","-","v_000_010","th_000_003","+740-690-000["
"780.1","H-1844","1","2","Harappa","TAB:B","Faience","rectangular","Y","R/L","2","clean_side_row","true","false","h_000_015","v_000_010","th_000_003","+700-034+"
"780.2","H-1844","2","2","Harappa","TAB:B","Faience","rectangular","Y","R/L","3","clean_side_row","false","true","h_000_015","v_000_010","th_000_003","+400-154-690+"
"424.1","H-1845","1","2","Harappa","TAB:B","Faience","rectangular","Y","R/L","2","clean_side_row","true","false","h_015_025","v_010_020","th_000_003","+700-034+"
"424.2","H-1845","2","2","Harappa","TAB:B","Faience","rectangular","Y","R/L","5","clean_side_row","false","true","h_015_025","v_010_020","th_000_003","+740-642-240-060-692+"
"686.1","H-1846","1","2","Harappa","TAB:B","Faience","rectangular","Y","R/L","2","clean_side_row","true","false","h_015_025","v_010_020","th_003_007","+700-034+"
"686.2","H-1846","2","2","Harappa","TAB:B","Faience","rectangular","Y","R/L","5","clean_side_row","false","true","h_015_025","v_010_020","th_003_007","+740-603-240-060-692+"
"387.1","H-1847","1","2","Harappa","TAB:B","Faience","rectangular","N","-","2","audit_only_side_row","false","false","-","v_010_020","th_000_003","]000-700+"
"387.2","H-1847","2","2","Harappa","TAB:B","Faience","rectangular","N","-","3","audit_only_side_row","false","false","-","v_010_020","th_000_003","]000-000-000+"
"380.1","H-1848","1","2","Harappa","TAB:B","Faience","rectangular","N","-","2","audit_only_side_row","false","false","-","v_010_020","th_003_007","]000-034+"
"380.2","H-1848","2","2","Harappa","TAB:B","Faience","rectangular","N","R/L","3","audit_only_side_row","false","false","-","v_010_020","th_003_007","+740-636-000["
"650.1","H-1849","1","2","Harappa","TAB:B","Faience","rectangular","N","-","2","audit_only_side_row","false","false","-","v_000_010","th_003_007","+700-000["
"650.2","H-1849","2","2","Harappa","TAB:B","Faience","rectangular","-","R/L","3","audit_only_side_row","false","false","-","v_000_010","th_003_007","+400-740-636["
"480.1","H-1850","1","2","Harappa","TAB:B","Faience","rectangular","Y","R/L","2","clean_side_row","true","false","h_015_025","v_000_010","th_000_003","+700-034+"
"480.2","H-1850","2","2","Harappa","TAB:B","Faience","rectangular","Y","R/L","4","clean_side_row","false","true","h_015_025","v_000_010","th_000_003","+400-740-760-382+"
"1024.1","H-1851","1","2","Harappa","TAB:B","Faience","rectangular","Y","R/L","2","clean_side_row","true","false","h_015_025","v_000_010","th_000_003","+033-700+"
"1024.2","H-1851","2","2","Harappa","TAB:B","Faience","rectangular","Y","R/L","6","clean_side_row","false","true","h_015_025","v_000_010","th_000_003","+740-803-892-031-002-861+"
"571.1","H-1852","1","2","Harappa","TAB:B","Faience","rectangular","-","R/L","2","audit_only_side_row","false","false","-","v_000_010","th_003_007","+740-806["
"571.2","H-1852","2","2","Harappa","TAB:B","Faience","rectangular","N","-","2","audit_only_side_row","false","false","-","v_000_010","th_003_007","]000-000+"
"386.1","H-1853","1","2","Harappa","TAB:B","Faience","rectangular","Y","R/L","2","clean_side_row","true","false","h_015_025","v_010_020","th_000_003","+700-032+"
"386.2","H-1853","2","2","Harappa","TAB:B","Faience","rectangular","Y","R/L","3","clean_side_row","false","true","h_015_025","v_010_020","th_000_003","+400-617-829+"
"427.1","H-1854","1","2","Harappa","TAB:B","Faience","rectangular","Y","R/L","2","clean_side_row","true","false","h_015_025","v_000_010","th_000_003","+700-034+"
"427.2","H-1854","2","2","Harappa","TAB:B","Faience","rectangular","Y","R/L","3","clean_side_row","false","true","h_015_025","v_000_010","th_000_003","+400-740-717+"
"557.1","H-1855","1","2","Harappa","TAB:B","Faience","rectangular","Y","R/L","2","clean_side_row","true","false","h_015_025","v_000_010","th_003_007","+032-700+"
"557.2","H-1855","2","2","Harappa","TAB:B","Faience","rectangular","Y","R/L","3","clean_side_row","false","true","h_015_025","v_000_010","th_003_007","+400-153-118+"
"699.1","H-1856","1","2","Harappa","TAB:B","Faience","rectangular","Y","-","2","usable_uncertain_side_row","false","false","h_015_025","v_000_010","th_000_003","+033-700+"
"699.2","H-1856","2","2","Harappa","TAB:B","Faience","rectangular","Y","-","2","usable_uncertain_side_row","false","false","h_015_025","v_000_010","th_000_003","+951-090+"
"875.1","H-1857","1","2","Harappa","TAB:B","Faience","rectangular","-","-","1","audit_only_side_row","false","false","-","v_000_010","th_000_003","+700["
"875.2","H-1857","2","2","Harappa","TAB:B","Faience","rectangular","-","-","1","audit_only_side_row","false","false","-","v_000_010","th_000_003","+090["
"392.1","H-1858","1","2","Harappa","TAB:B","Faience","rectangular","Y","R/L","2","clean_side_row","true","false","h_000_015","v_000_010","th_003_007","+033-700+"
"392.2","H-1858","2","2","Harappa","TAB:B","Faience","rectangular","Y","R/L","2","clean_side_row","true","false","h_000_015","v_000_010","th_003_007","+400-137+"
"598.1","H-1859","1","2","Harappa","TAB:B","Faience","rectangular","Y","R/L","2","clean_side_row","true","false","h_000_015","v_000_010","th_003_007","+033-700+"
"598.2","H-1859","2","2","Harappa","TAB:B","Faience","rectangular","Y","R/L","2","clean_side_row","true","false","h_000_015","v_000_010","th_003_007","+400-137+"
"637.1","H-1860","1","2","Harappa","TAB:B","Faience","rectangular","Y","R/L","2","clean_side_row","true","false","h_000_015","v_000_010","th_003_007","+700-034+"
"637.2","H-1860","2","2","Harappa","TAB:B","Faience","rectangular","Y","R/L","2","clean_side_row","true","false","h_000_015","v_000_010","th_003_007","+400-097+"
"774.1","H-1861","1","2","Harappa","TAB:B","Faience","rectangular","Y","R/L","2","clean_side_row","true","false","h_000_015","v_000_010","th_003_007","+700-033+"
"774.2","H-1861","2","2","Harappa","TAB:B","Faience","rectangular","Y","R/L","2","clean_side_row","true","false","h_000_015","v_000_010","th_003_007","+368-091+"
"499.1","H-1862","1","2","Harappa","TAB:B","-","rectangular","Y","L/R","4","clean_side_row","false","true","h_015_025","v_000_010","-","+700-033-368-091+"
"499.2","H-1862","2","2","Harappa","TAB:B","-","rectangular","Y","L/R","5","clean_side_row","false","true","h_015_025","v_000_010","-","+700-033-400-740-388+"
"654.1","H-1863","1","2","Harappa","TAB:B","Faience","rectangular","Y","L/R","3","clean_side_row","false","true","h_000_015","v_010_020","th_003_007","+400-740-388+"
"654.2","H-1863","2","2","Harappa","TAB:B","Faience","rectangular","Y","L/R","2","clean_side_row","true","false","h_000_015","v_010_020","th_003_007","+368-091+"
"599.1","H-1864","1","2","Harappa","TAB:B","Faience","rectangular","Y","R/L","2","clean_side_row","true","false","h_015_025","v_010_020","th_003_007","+032-700+"
"599.2","H-1864","2","2","Harappa","TAB:B","Faience","rectangular","Y","R/L","5","clean_side_row","false","true","h_015_025","v_010_020","th_003_007","+740-142-062-002-817+"
"411.1","H-1865","1","2","Harappa","TAB:B","Faience","rectangular","Y","R/L","2","clean_side_row","true","false","h_000_015","v_000_010","th_000_003","+700-032+"
"411.2","H-1865","2","2","Harappa","TAB:B","Faience","rectangular","N","R/L","5","usable_uncertain_side_row","false","false","h_000_015","v_000_010","th_000_003","+740-702-061-002-000+"
"438.1","H-1866","1","2","Harappa","TAB:B","Faience","rectangular","N","R/L","3","usable_uncertain_side_row","false","false","h_000_015","v_000_010","th_003_007","+000-100-415+"
"438.2","H-1866","2","2","Harappa","TAB:B","Faience","rectangular","Y","R/L","3","clean_side_row","false","true","h_000_015","v_000_010","th_003_007","+824-892-413+"
"506.1","H-1867","1","2","Harappa","TAB:B","Faience","rectangular","Y","R/L","2","clean_side_row","true","false","h_015_025","v_000_010","-","+700-034+"
"506.2","H-1867","2","2","Harappa","TAB:B","Faience","rectangular","Y","R/L","3","clean_side_row","false","true","h_015_025","v_000_010","-","+151-740-221+"
"509.1","H-1868","1","2","Harappa","TAB:B","Faience","rectangular","Y","R/L","2","clean_side_row","true","false","h_015_025","v_000_010","-","+700-034+"
"509.2","H-1868","2","2","Harappa","TAB:B","Faience","rectangular","Y","R/L","3","clean_side_row","false","true","h_015_025","v_000_010","-","+151-740-222+"
"508.1","H-1869","1","2","Harappa","TAB:B","Faience","rectangular","Y","R/L","2","clean_side_row","true","false","h_015_025","v_000_010","-","+700-034+"
"508.2","H-1869","2","2","Harappa","TAB:B","Faience","rectangular","Y","R/L","3","clean_side_row","false","true","h_015_025","v_000_010","-","+151-740-222+"
"901.1","H-1870","1","2","Harappa","TAB:B","Faience","rectangular","Y","R/L","2","clean_side_row","true","false","h_015_025","v_000_010","th_003_007","+700-034+"
"901.2","H-1870","2","2","Harappa","TAB:B","Faience","rectangular","Y","R/L","2","clean_side_row","true","false","h_015_025","v_000_010","th_003_007","+158-221+"
"784.1","H-1871","1","2","Harappa","TAB:B","Faience","rectangular","Y","R/L","2","clean_side_row","true","false","h_000_015","v_000_010","-","+700-034+"
"784.2","H-1871","2","2","Harappa","TAB:B","Faience","rectangular","Y","R/L","3","clean_side_row","false","true","h_000_015","v_000_010","-","+151-740-235+"
"751.1","H-1872","1","2","Harappa","TAB:B","Faience","rectangular","Y","R/L","2","clean_side_row","true","false","h_000_015","v_000_010","th_003_007","+700-033+"
"751.2","H-1872","2","2","Harappa","TAB:B","Faience","rectangular","Y","R/L","3","clean_side_row","false","true","h_000_015","v_000_010","th_003_007","+400-236-220+"
"560.1","H-1873","1","2","Harappa","TAB:B","Faience","rectangular","Y","R/L","2","clean_side_row","true","false","h_000_015","v_000_010","th_003_007","+700-033+"
"560.2","H-1873","2","2","Harappa","TAB:B","Faience","rectangular","Y","R/L","3","clean_side_row","false","true","h_000_015","v_000_010","th_003_007","+400-236-233+"
"388.1","H-1874","1","2","Harappa","TAB:B","Faience","rectangular","Y","R/L","2","clean_side_row","true","false","h_000_015","v_000_010","th_003_007","+700-034+"
"388.2","H-1874","2","2","Harappa","TAB:B","Faience","rectangular","N","R/L","4","usable_uncertain_side_row","false","false","h_000_015","v_000_010","th_003_007","+002-220-455-000+"
"660.1","H-1875","1","2","Harappa","TAB:B","Faience","rectangular","-","-","1","audit_only_side_row","false","false","-","v_000_010","th_000_003","]033+"
"660.2","H-1875","2","2","Harappa","TAB:B","Faience","rectangular","-","R/L","2","audit_only_side_row","false","false","-","v_000_010","th_000_003","+400-775["
"468.1","H-1876","1","2","Harappa","TAB:B","Faience","rectangular","Y","R/L","2","clean_side_row","true","false","h_000_015","v_000_010","th_000_003","+034-700+"
"468.2","H-1876","2","2","Harappa","TAB:B","Faience","rectangular","Y","R/L","3","clean_side_row","false","true","h_000_015","v_000_010","th_000_003","+400-775-516+"
"396.1","H-1877","1","2","Harappa","TAB:B","Faience","rectangular","Y","R/L","2","clean_side_row","true","false","h_000_015","v_000_010","th_000_003","+034-700+"
"396.2","H-1877","2","2","Harappa","TAB:B","Faience","rectangular","Y","R/L","3","clean_side_row","false","true","h_000_015","v_000_010","th_000_003","+400-775-516+"
"377.1","H-1878","1","2","Harappa","TAB:B","Faience","rectangular","Y","-","2","usable_uncertain_side_row","false","false","h_000_015","v_010_020","th_000_003","+033-700+"
"377.2","H-1878","2","2","Harappa","TAB:B","Faience","rectangular","Y","R/L","2","clean_side_row","true","false","h_000_015","v_010_020","th_000_003","+167-705+"
"876.1","H-1879","1","2","Harappa","TAB:B","Faience","rectangular","Y","R/L","3","clean_side_row","false","true","h_000_015","v_000_010","th_000_003","+032-032-700+"
"876.2","H-1879","2","2","Harappa","TAB:B","Faience","rectangular","Y","R/L","3","clean_side_row","false","true","h_000_015","v_000_010","th_000_003","+520-033-033+"
"831.1","H-1880","1","2","Harappa","TAB:B","Faience","rectangular","Y","R/L","2","clean_side_row","true","false","h_000_015","v_000_010","th_000_003","+034-700+"
"831.2","H-1880","2","2","Harappa","TAB:B","Faience","rectangular","Y","R/L","3","clean_side_row","false","true","h_000_015","v_000_010","th_000_003","+520-033-033+"
"375.1","H-1881","1","2","Harappa","TAB:B","Faience","rectangular","Y","R/L","2","clean_side_row","true","false","h_015_025","v_000_010","th_000_003","+700-036+"
"375.2","H-1881","2","2","Harappa","TAB:B","Faience","rectangular","Y","R/L","4","clean_side_row","false","true","h_015_025","v_000_010","th_000_003","+415-700-033-171+"
"466.1","H-1882","1","2","Harappa","TAB:B","Faience","rectangular","Y","R/L","2","clean_side_row","true","false","h_000_015","v_000_010","th_003_007","+002-820+"
"466.2","H-1882","2","2","Harappa","TAB:B","Faience","rectangular","Y","R/L","2","clean_side_row","true","false","h_000_015","v_000_010","th_003_007","+861-003+"
"930.1","H-1883","1","2","Harappa","TAB:B","Faience","rectangular","Y","R/L","2","clean_side_row","true","false","h_000_015","v_000_010","th_000_003","+700-033+"
"930.2","H-1883","2","2","Harappa","TAB:B","Faience","rectangular","Y","L/R","3","clean_side_row","false","true","h_000_015","v_000_010","th_000_003","+740-790-032+"
"636.1","H-1884","1","2","Harappa","TAB:B","Faience","rectangular","N","-","2","audit_only_side_row","false","false","-","v_000_010","th_003_007","]000-490+"
"636.2","H-1884","2","2","Harappa","TAB:B","Faience","rectangular","-","-","1","audit_only_side_row","false","false","-","v_000_010","th_003_007","]033+"
"813.1","H-1885","1","2","Harappa","TAB:B","Faience","rectangular","N","-","1","audit_only_side_row","false","false","-","-","th_003_007","+000["
"813.2","H-1885","2","2","Harappa","TAB:B","Faience","rectangular","N","R/L","2","audit_only_side_row","false","false","-","-","th_003_007","+400-000["
"946.1","H-1886","1","2","Harappa","TAB:B","Faience","rectangular","-","-","1","audit_only_side_row","false","false","-","v_000_010","th_000_003","]034+"
"946.2","H-1886","2","2","Harappa","TAB:B","Faience","rectangular","-","R/L","2","audit_only_side_row","false","false","-","v_000_010","th_000_003","+400-740["
"936.1","H-1887","1","2","Harappa","TAB:B","Faience","rectangular","N","-","1","audit_only_side_row","false","false","-","v_000_010","th_000_003","]000+"
"936.2","H-1887","2","2","Harappa","TAB:B","Faience","rectangular","N","L/R","3","audit_only_side_row","false","false","-","v_000_010","th_000_003","+400-740-000["
"478.1","H-1888","1","2","Harappa","TAB:B","Faience","-","-","R/L","1","audit_only_side_row","false","false","-","v_000_010","th_000_003","+700["
"478.2","H-1888","2","2","Harappa","TAB:B","Faience","-","-","R/L","1","audit_only_side_row","false","false","-","v_000_010","th_000_003","+400["
"595.1","H-1892","1","2","Harappa","TAB:B","Faience","rectangular","N","R/L","3","usable_uncertain_side_row","false","false","h_015_025","v_010_020","th_003_007","+220-000-700+"
"595.2","H-1892","2","2","Harappa","TAB:B","Faience","rectangular","Y","R/L","2","clean_side_row","true","false","h_015_025","v_010_020","th_003_007","+400-698+"
"374.1","H-1893","1","2","Harappa","TAB:B","Faience","rectangular","N","R/L","5","usable_uncertain_side_row","false","false","h_015_025","v_000_010","th_000_003","+000-151-097-001-820+"
"374.2","H-1893","2","2","Harappa","TAB:B","Faience","rectangular","Y","R/L","4","clean_side_row","false","true","h_015_025","v_000_010","th_000_003","+390-003-060-550+"
"382.1","H-1894","1","2","Harappa","TAB:B","Faience","rectangular","Y","R/L","2","clean_side_row","true","false","h_000_015","v_000_010","th_000_003","+700-034+"
"382.2","H-1894","2","2","Harappa","TAB:B","Faience","rectangular","Y","R/L","4","clean_side_row","false","true","h_000_015","v_000_010","th_000_003","+400-740-061-140+"
"406.1","H-1895","1","2","Harappa","TAB:B","Faience","oval","Y","L/R","2","clean_side_row","true","false","h_000_015","v_000_010","th_000_003","+700-034+"
"406.2","H-1895","2","2","Harappa","TAB:B","Faience","oval","Y","L/R","4","clean_side_row","false","true","h_000_015","v_000_010","th_000_003","+400-740-100-240+"
"863.1","H-1896","1","2","Harappa","TAB:B","Faience","oval","Y","R/L","2","clean_side_row","true","false","h_015_025","v_010_020","th_003_007","+700-033+"
"863.2","H-1896","2","2","Harappa","TAB:B","Faience","oval","Y","R/L","3","clean_side_row","false","true","h_015_025","v_010_020","th_003_007","+400-892-831+"
"410.1","H-1897","1","2","Harappa","TAB:B","Faience","isosceles trapezoid","Y","R/L","2","clean_side_row","true","false","h_015_025","v_000_010","th_000_003","+033-700+"
"410.2","H-1897","2","2","Harappa","TAB:B","Faience","isosceles trapezoid","Y","R/L","4","clean_side_row","false","true","h_015_025","v_000_010","th_000_003","+400-740-904-240+"
"419.1","H-1898","1","2","Harappa","TAB:B","Faience","isosceles trapezoid","Y","R/L","2","clean_side_row","true","false","h_000_015","v_000_010","th_000_003","+700-033+"
"419.2","H-1898","2","2","Harappa","TAB:B","Faience","isosceles trapezoid","Y","R/L","3","clean_side_row","false","true","h_000_015","v_000_010","th_000_003","+400-368-741+"
"628.1","H-1899","1","2","Harappa","TAB:B","Faience","rectangular-round","Y","R/L","3","clean_side_row","false","true","h_000_015","v_000_010","th_003_007","+032-032-700+"
"628.2","H-1899","2","2","Harappa","TAB:B","Faience","rectangular-round","Y","R/L","3","clean_side_row","false","true","h_000_015","v_000_010","th_003_007","+520-033-033+"
"381.1","H-1900","1","2","Harappa","TAB:B","Faience","-","N","-","1","audit_only_side_row","false","false","-","v_010_020","th_000_003","+000["
"381.2","H-1900","2","2","Harappa","TAB:B","Faience","-","N","R/L","3","audit_only_side_row","false","false","-","v_010_020","th_000_003","]000-060-692+"
"399.1","H-1901","1","2","Harappa","TAB:B","Faience","-","-","-","1","audit_only_side_row","false","false","-","v_010_020","th_000_003","]032["
"399.2","H-1901","2","2","Harappa","TAB:B","Faience","-","-","R/L","2","audit_only_side_row","false","false","-","v_010_020","th_000_003","]060-692+"
"922.1","H-1902","1","2","Harappa","TAB:B","Faience","rectangular-notched","Y","R/L","2","clean_side_row","true","false","h_000_015","v_000_010","th_000_003","+700-032+"
"922.2","H-1902","2","2","Harappa","TAB:B","Faience","rectangular-notched","Y","R/L","3","clean_side_row","false","true","h_000_015","v_000_010","th_000_003","+158-003-494+"
"675.1","H-1903","1","2","Harappa","TAB:B","Faience","hexagonal","Y","R/L","2","clean_side_row","true","false","h_015_025","v_010_020","th_000_003","+033-700+"
"675.2","H-1903","2","2","Harappa","TAB:B","Faience","hexagonal","Y","R/L","3","clean_side_row","false","true","h_015_025","v_010_020","th_000_003","+740-923-235+"
"433.1","H-1905","1","2","Harappa","TAB:B","Faience","notched oval","Y","L/R","2","clean_side_row","true","false","h_000_015","v_000_010","th_000_003","+740-843+"
"433.2","H-1905","2","2","Harappa","TAB:B","Faience","notched oval","Y","R/L","2","clean_side_row","true","false","h_000_015","v_000_010","th_000_003","+700-033+"
"554.1","H-1906","1","2","Harappa","TAB:B","Faience","heart","Y","R/L","2","clean_side_row","true","false","-","-","th_003_007","+700-032+"
"554.2","H-1906","2","2","Harappa","TAB:B","Faience","heart","Y","R/L","5","clean_side_row","false","true","-","-","th_003_007","+400-090-740-400-090+"
"743.1","H-1907","1","2","Harappa","TAB:B","Faience","heart","Y","R/L","2","clean_side_row","true","false","h_000_015","v_000_010","th_000_003","+520-240+"
"743.2","H-1907","2","2","Harappa","TAB:B","Faience","heart","Y","R/L","2","clean_side_row","true","false","h_000_015","v_000_010","th_000_003","+700-034+"
"515.1","H-1908","1","2","Harappa","TAB:B","Faience","semi-circular","Y","R/L","2","clean_side_row","true","false","h_000_015","v_000_010","-","+700-033+"
"515.2","H-1908","2","2","Harappa","TAB:B","Faience","semi-circular","Y","R/L","2","clean_side_row","true","false","h_000_015","v_000_010","-","+520-240+"
"453.1","H-1909","1","2","Harappa","TAB:B","Faience","semi-circular","Y","R/L","2","clean_side_row","true","false","h_015_025","v_000_010","th_000_003","+700-032+"
"453.2","H-1909","2","2","Harappa","TAB:B","Faience","semi-circular","Y","R/L","3","clean_side_row","false","true","h_015_025","v_000_010","th_000_003","+740-817-491+"
"474.1","H-1910","1","2","Harappa","TAB:B","Faience","semi-circular","N","L/R","2","audit_only_side_row","false","false","-","v_000_010","th_000_003","]000-700+"
"474.2","H-1910","2","2","Harappa","TAB:B","Faience","semi-circular","N","L/R","3","audit_only_side_row","false","false","-","v_000_010","th_000_003","]740-176-000["
"803.1","H-1911","1","2","Harappa","TAB:B","Faience","-","-","-","1","audit_only_side_row","false","false","-","-","th_000_003","+034["
"803.2","H-1911","2","2","Harappa","TAB:B","Faience","-","N","-","2","audit_only_side_row","false","false","-","-","th_000_003","]033-000+"
"437.1","H-1912","1","2","Harappa","TAB:B","Faience","leaf","Y","L/R","2","clean_side_row","true","false","h_000_015","v_010_020","th_000_003","+033-700+"
"437.2","H-1912","2","2","Harappa","TAB:B","Faience","leaf","Y","L/R","2","clean_side_row","true","false","h_000_015","v_010_020","th_000_003","+520-240+"
"449.1","H-1914","1","2","Harappa","TAB:B","Faience","fish","N","-","2","audit_only_side_row","false","false","-","v_010_020","th_000_003","+033-000["
"449.2","H-1914","2","2","Harappa","TAB:B","Faience","fish","-","L/R","2","audit_only_side_row","false","false","-","v_010_020","th_000_003","+740-642["
"414.1","H-1915","1","2","Harappa","TAB:B","Faience","rectangular","Y","R/L","2","clean_side_row","true","false","h_015_025","v_000_010","th_003_007","+700-033+"
"414.2","H-1915","2","2","Harappa","TAB:B","Faience","rectangular","Y","R/L","3","clean_side_row","false","true","h_015_025","v_000_010","th_003_007","+032-920-491+"
"510.1","H-1916","1","2","Harappa","TAB:B","Faience","triangular","Y","R/L","2","clean_side_row","true","false","h_015_025","v_010_020","-","+700-004+"
"510.2","H-1916","2","2","Harappa","TAB:B","Faience","triangular","Y","R/L","4","clean_side_row","false","true","h_015_025","v_010_020","-","+520-070-255-832+"
"627.1","H-1917","1","2","Harappa","TAB:B","Faience","triangular","Y","R/L","2","clean_side_row","true","false","h_000_015","v_010_020","th_003_007","+700-004+"
"627.2","H-1917","2","2","Harappa","TAB:B","Faience","triangular","Y","R/L","3","clean_side_row","false","true","h_000_015","v_010_020","th_003_007","+400-151-097+"
"450.1","H-1918","1","2","Harappa","TAB:B","Faience","-","N","-","1","audit_only_side_row","false","false","-","-","th_000_003","]000+"
"450.2","H-1918","2","2","Harappa","TAB:B","Faience","-","N","-","2","audit_only_side_row","false","false","-","-","th_000_003","]000-090+"
"461.1","H-1919","1","2","Harappa","TAB:B","Faience","prism","Y","R/L","2","clean_side_row","true","false","h_000_015","v_000_010","-","+700-031+"
"461.2","H-1919","2","2","Harappa","TAB:B","Faience","prism","Y","R/L","2","clean_side_row","true","false","h_000_015","v_000_010","-","+740-892+"
"498.1","H-1921","1","2","Harappa","TAB:B","-","circular","Y","R/L","3","clean_side_row","false","true","-","-","-","+125-700-033+"
"498.2","H-1921","2","2","Harappa","TAB:B","-","circular","N","R/L","4","audit_only_side_row","false","false","-","-","-","]000-740-233-240+"
"569.1","H-1922","1","2","Harappa","TAB:B","Faience","circular","Y","R/L","2","clean_side_row","true","false","-","-","th_000_003","+700-032+"
"569.2","H-1922","2","2","Harappa","TAB:B","Faience","circular","Y","R/L","7","clean_side_row","false","true","-","-","th_000_003","+400-740-920-320-233-240-798+"
"567.1","H-1923","1","2","Harappa","TAB:B","Faience","circular","Y","R/L","2","clean_side_row","true","false","-","-","th_003_007","+700-032+"
"567.2","H-1923","2","2","Harappa","TAB:B","Faience","circular","Y","R/L","4","clean_side_row","false","true","-","-","th_003_007","+400-740-032-840+"
"373.1","H-1924","1","2","Harappa","TAB:B","Faience","circular","Y","R/L","2","clean_side_row","true","false","-","-","th_000_003","+033-700+"
"373.2","H-1924","2","2","Harappa","TAB:B","Faience","circular","Y","R/L","3","clean_side_row","false","true","-","-","th_000_003","+550-003-435+"
"864.1","H-1925","1","2","Harappa","TAB:B","Faience","circular","Y","-","2","usable_uncertain_side_row","false","false","-","-","th_000_003","+033-700+"
"864.2","H-1925","2","2","Harappa","TAB:B","Faience","circular","Y","-","2","usable_uncertain_side_row","false","false","-","-","th_000_003","+516-775+"
"921.1","H-1929","1","2","Harappa","TAB:B","Faience","prism","Y","R/L","2","clean_side_row","true","false","h_000_015","v_000_010","-","+700-033+"
"921.2","H-1929","2","2","Harappa","TAB:B","Faience","prism","Y","R/L","4","clean_side_row","false","true","h_000_015","v_000_010","-","+400-740-061-140+"
"771.1","H-1930","1","2","Harappa","TAB:B","Faience","prism","Y","R/L","3","clean_side_row","false","true","h_015_025","v_000_010","-","+032-700-601+"
"771.2","H-1930","2","2","Harappa","TAB:B","Faience","prism","Y","R/L","5","clean_side_row","false","true","h_015_025","v_000_010","-","+408-817-920-002-861+"
"548.1","H-1931","1","2","Harappa","TAB:B","Faience","prism","Y","R/L","2","clean_side_row","true","false","h_015_025","v_000_010","-","+700-032+"
"548.2","H-1931","2","2","Harappa","TAB:B","Faience","prism","Y","R/L","4","clean_side_row","false","true","h_015_025","v_000_010","-","+400-740-176-791+"
"504.1","H-1932","1","2","Harappa","TAB:B","-","prism","Y","R/L","2","clean_side_row","true","false","h_015_025","v_000_010","-","+032-700+"
"504.2","H-1932","2","2","Harappa","TAB:B","-","prism","N","R/L","5","usable_uncertain_side_row","false","false","h_015_025","v_000_010","-","+400-740-000-832-000+"
"917.1","H-1933","1","2","Harappa","TAB:B","Faience","prism","Y","R/L","2","clean_side_row","true","false","h_015_025","v_000_010","-","+700-033+"
"917.2","H-1933","2","2","Harappa","TAB:B","Faience","prism","Y","R/L","4","clean_side_row","false","true","h_015_025","v_000_010","-","+400-520-400-352+"
"765.1","H-1936","1","2","Harappa","TAB:B","Faience","prism","Y","L/R","2","clean_side_row","true","false","h_015_025","v_000_010","-","+700-032+"
"765.2","H-1936","2","2","Harappa","TAB:B","Faience","prism","Y","L/R","3","clean_side_row","false","true","h_015_025","v_000_010","-","+511-032-142+"
"938.1","H-1937","1","2","Harappa","TAB:B","Faience","prism","Y","R/L","2","clean_side_row","true","false","h_015_025","v_000_010","-","+034-700+"
"938.2","H-1937","2","2","Harappa","TAB:B","Faience","prism","Y","R/L","4","clean_side_row","false","true","h_015_025","v_000_010","-","+740-690-435-255+"
"516.1","H-1938","1","2","Harappa","TAB:B","-","prism","Y","R/L","2","clean_side_row","true","false","h_015_025","v_010_020","-","+033-700+"
"516.2","H-1938","2","2","Harappa","TAB:B","-","prism","Y","R/L","4","clean_side_row","false","true","h_015_025","v_010_020","-","+740-690-435-255+"
"556.1","H-1939","1","2","Harappa","TAB:B","Faience","prism","Y","R/L","3","clean_side_row","false","true","h_015_025","v_000_010","-","+824-892-413+"
"556.2","H-1939","2","2","Harappa","TAB:B","Faience","prism","Y","R/L","3","clean_side_row","false","true","h_015_025","v_000_010","-","+400-740-141+"
"458.1","H-1940","1","2","Harappa","TAB:B","Faience","prism","Y","L/R","2","clean_side_row","true","false","h_000_015","v_000_010","-","+700-033+"
"458.2","H-1940","2","2","Harappa","TAB:B","Faience","prism","Y","L/R","4","clean_side_row","false","true","h_000_015","v_000_010","-","+400-740-067-100+"
"927.1","H-1941","1","2","Harappa","TAB:B","Faience","prism","Y","R/L","2","clean_side_row","true","false","h_000_015","v_000_010","-","+700-032+"
"927.2","H-1941","2","2","Harappa","TAB:B","Faience","prism","Y","R/L","3","clean_side_row","false","true","h_000_015","v_000_010","-","+400-236-220+"
"409.1","H-1942","1","2","Harappa","TAB:B","Faience","prism","Y","R/L","2","clean_side_row","true","false","h_015_025","v_000_010","-","+032-700+"
"409.2","H-1942","2","2","Harappa","TAB:B","Faience","prism","Y","R/L","4","clean_side_row","false","true","h_015_025","v_000_010","-","+405-035-002-861+"
"422.1","H-1943","1","2","Harappa","TAB:B","Faience","prism","Y","R/L","2","clean_side_row","true","false","h_000_015","v_000_010","-","+700-034+"
"422.2","H-1943","2","2","Harappa","TAB:B","Faience","prism","Y","R/L","3","clean_side_row","false","true","h_000_015","v_000_010","-","+740-384-031+"
"923.1","H-1945","1","2","Harappa","TAB:B","Faience","prism","Y","R/L","2","clean_side_row","true","false","h_015_025","v_000_010","-","+032-700+"
"923.2","H-1945","2","2","Harappa","TAB:B","Faience","prism","Y","R/L","5","clean_side_row","false","true","h_015_025","v_000_010","-","+400-740-388-717-705+"
"658.1","H-1946","1","3","Harappa","TAB:B","Faience","prism","Y","R/L","2","clean_side_row","true","false","h_015_025","v_000_010","-","+700-014+"
"658.2","H-1946","2","3","Harappa","TAB:B","Faience","prism","Y","NR","1","usable_uncertain_side_row","false","false","h_015_025","v_000_010","-","+144+"
"658.3","H-1946","3","3","Harappa","TAB:B","Faience","prism","Y","R/L","2","clean_side_row","true","false","h_015_025","v_000_010","-","+700-125+"
"755.1","H-1947","1","3","Harappa","TAB:B","Faience","prism","Y","R/L","2","clean_side_row","true","false","h_015_025","v_000_010","-","+700-033+"
"755.2","H-1947","2","3","Harappa","TAB:B","Faience","prism","N","R/L","3","usable_uncertain_side_row","false","false","h_015_025","v_000_010","-","+740-000-031+"
"755.3","H-1947","3","3","Harappa","TAB:B","Faience","prism","N","R/L","3","usable_uncertain_side_row","false","false","h_015_025","v_000_010","-","+740-630-000+"
"475.1","H-1948","1","3","Harappa","TAB:B","Faience","prism","-","-","1","audit_only_side_row","false","false","h_000_015","v_000_010","-","]034["
"475.2","H-1948","2","3","Harappa","TAB:B","Faience","prism","-","R/L","3","audit_only_side_row","false","false","h_000_015","v_000_010","-","]740-440-920["
"475.3","H-1948","3","3","Harappa","TAB:B","Faience","prism","N","-","1","audit_only_side_row","false","false","h_000_015","v_000_010","-","]000["
"485.1","H-1953","1","2","Harappa","TAB:B","Clay","rectangular","Y","R/L","3","clean_side_row","false","true","h_015_025","v_010_020","th_003_007","+700-032-220+"
"485.2","H-1953","2","2","Harappa","TAB:B","Clay","rectangular","Y","R/L","5","clean_side_row","false","true","h_015_025","v_010_020","th_003_007","+520-220-415-240-803+"
"1227.1","H-196","1","3","Harappa","TAB:B","Faience","cylindrical","Y","R/L","4","clean_side_row","false","true","h_025_035","-","-","+407-590-740-072+"
"1227.2","H-196","2","3","Harappa","TAB:B","Faience","cylindrical","Y","R/L","2","clean_side_row","true","false","h_025_035","-","-","+167-706+"
"1227.3","H-196","3","3","Harappa","TAB:B","Faience","cylindrical","Y","R/L","4","clean_side_row","false","true","h_025_035","-","-","+032-700-100-001+"
"915.1","H-1968","1","2","Harappa","TAB:B","Clay","rectangular","-","NR","1","audit_only_side_row","false","false","-","v_010_020","th_003_007","]135["
"915.2","H-1968","2","2","Harappa","TAB:B","Clay","rectangular","-","-","3","audit_only_side_row","false","false","-","v_010_020","th_003_007","+920-318-233["
"535.1","H-1977","1","2","Harappa","TAB:B","Clay","rectangular","Y","R/L","3","clean_side_row","false","true","h_015_025","v_000_010","th_003_007","+740-032-840+"
"535.2","H-1977","2","2","Harappa","TAB:B","Clay","rectangular","Y","R/L","3","clean_side_row","false","true","h_015_025","v_000_010","th_003_007","+740-032-840+"
"393.1","H-1981","1","2","Harappa","TAB:B","Clay","rectangular","Y","R/L","2","clean_side_row","true","false","h_025_035","v_000_010","th_007_012","+700-034+"
"393.2","H-1981","2","2","Harappa","TAB:B","Clay","rectangular","N","R/L","4","usable_uncertain_side_row","false","false","h_025_035","v_000_010","th_007_012","+000-004-745-590+"
"690.1","H-1982","1","2","Harappa","TAB:B","Clay","cylindrical","Y","R/L","2","clean_side_row","true","false","h_025_035","-","th_007_012","+700-034+"
"690.2","H-1982","2","2","Harappa","TAB:B","Clay","cylindrical","N","R/L","4","usable_uncertain_side_row","false","false","h_025_035","-","th_007_012","+390-000-742-000+"
"1003.1","H-1985","1","2","Harappa","TAB:B","Clay","rectangular-round","-","-","1","audit_only_side_row","false","false","-","v_010_020","th_003_007","]240+"
"1003.2","H-1985","2","2","Harappa","TAB:B","Clay","rectangular-round","N","-","2","audit_only_side_row","false","false","-","v_010_020","th_003_007","+463-000["
"949.1","H-1986","1","2","Harappa","TAB:B","Clay","rectangular-round","-","-","2","audit_only_side_row","false","false","-","v_010_020","th_003_007","]716-605+"
"949.2","H-1986","2","2","Harappa","TAB:B","Clay","rectangular-round","Y","-","2","usable_uncertain_side_row","false","false","-","v_010_020","th_003_007","+033-700+"
"394.1","H-1987","1","2","Harappa","TAB:B","Clay","rectangular","Y","R/L","2","clean_side_row","true","false","h_015_025","v_000_010","th_003_007","+700-034+"
"394.2","H-1987","2","2","Harappa","TAB:B","Clay","rectangular","Y","R/L","6","clean_side_row","false","true","h_015_025","v_000_010","th_003_007","+390-004-455-371-741-590+"
"689.1","H-1988","1","2","Harappa","TAB:B","Clay","rectangular","Y","R/L","5","clean_side_row","false","true","h_015_025","v_000_010","th_003_007","+851-740-705-924-156+"
"689.2","H-1988","2","2","Harappa","TAB:B","Clay","rectangular","Y","R/L","6","clean_side_row","false","true","h_015_025","v_000_010","th_003_007","+700-033-711-335-575-413+"
"687.1","H-1989","1","2","Harappa","TAB:B","Clay","rectangular","Y","R/L","5","clean_side_row","false","true","h_015_025","v_000_010","th_003_007","+851-740-705-924-156+"
"687.2","H-1989","2","2","Harappa","TAB:B","Clay","rectangular","Y","R/L","6","clean_side_row","false","true","h_015_025","v_000_010","th_003_007","+700-033-711-335-575-413+"
"1230.1","H-199","1","2","Harappa","TAB:B","Faience","cylindrical","Y","R/L","4","clean_side_row","false","true","h_025_035","-","-","+740-752-482-240+"
"1230.2","H-199","2","2","Harappa","TAB:B","Faience","cylindrical","N","R/L","4","usable_uncertain_side_row","false","false","h_025_035","-","-","+000-000-000-745+"
"581.1","H-1990","1","2","Harappa","TAB:B","Clay","rectangular","Y","R/L","5","clean_side_row","false","true","h_015_025","v_000_010","th_003_007","+851-740-705-924-156+"
"581.2","H-1990","2","2","Harappa","TAB:B","Clay","rectangular","Y","R/L","6","clean_side_row","false","true","h_015_025","v_000_010","th_003_007","+700-033-711-335-575-413+"
"459.1","H-1991","1","2","Harappa","TAB:B","Clay","cylindrical","Y","R/L","3","clean_side_row","false","true","h_015_025","-","th_003_007","+824-892-413+"
"459.2","H-1991","2","2","Harappa","TAB:B","Clay","cylindrical","Y","R/L","3","clean_side_row","false","true","h_015_025","-","th_003_007","+740-100-415+"
"913.1","H-1992","1","2","Harappa","TAB:B","Faience","cylindrical","Y","R/L","3","clean_side_row","false","true","h_015_025","-","th_003_007","+520-220-415+"
"913.2","H-1992","2","2","Harappa","TAB:B","Faience","cylindrical","Y","R/L","3","clean_side_row","false","true","h_015_025","-","th_003_007","+520-220-415+"
"744.1","H-1993","1","2","Harappa","TAB:B","Clay","rectangular","Y","R/L","2","clean_side_row","true","false","h_025_035","v_010_020","th_003_007","+700-033+"
"744.2","H-1993","2","2","Harappa","TAB:B","Clay","rectangular","N","R/L","7","usable_uncertain_side_row","false","false","h_025_035","v_010_020","th_003_007","+740-000-220-004-002-390-095+"
"395.1","H-1994","1","2","Harappa","TAB:B","Clay","cylindrical","Y","-","2","usable_uncertain_side_row","false","false","h_015_025","-","th_007_012","+700-033+"
"395.2","H-1994","2","2","Harappa","TAB:B","Clay","cylindrical","Y","-","3","usable_uncertain_side_row","false","false","h_015_025","-","th_007_012","+200-705-380+"
"869.1","H-1995","1","2","Harappa","TAB:B","Clay","cylindrical","Y","R/L","2","clean_side_row","true","false","h_025_035","-","th_007_012","+700-033+"
"869.2","H-1995","2","2","Harappa","TAB:B","Clay","cylindrical","Y","R/L","3","clean_side_row","false","true","h_025_035","-","th_007_012","+400-151-142+"
"1231.1","H-200","1","2","Harappa","TAB:B","Faience","cylindrical","Y","R/L","4","clean_side_row","false","true","h_025_035","v_010_020","-","+740-752-482-240+"
"1231.2","H-200","2","2","Harappa","TAB:B","Faience","cylindrical","N","R/L","4","usable_uncertain_side_row","false","false","h_025_035","v_010_020","-","+000-000-000-745+"
"580.1","H-2006","1","2","Harappa","TAB:B","Clay","twisted rectangular","Y","NR","1","usable_uncertain_side_row","false","false","-","v_010_020","th_003_007","+700+"
"580.2","H-2006","2","2","Harappa","TAB:B","Clay","twisted rectangular","N","R/L","5","usable_uncertain_side_row","false","false","-","v_010_020","th_003_007","+740-752-175-000-000+"
"661.1","H-2007","1","2","Harappa","TAB:B","Clay","twisted rectangular","N","-","3","usable_uncertain_side_row","false","false","h_025_035","v_000_010","th_003_007","+000-000-140+"
"661.2","H-2007","2","2","Harappa","TAB:B","Clay","twisted rectangular","N","-","3","usable_uncertain_side_row","false","false","h_025_035","v_000_010","th_003_007","+000-705-590+"
"1232.1","H-201","1","2","Harappa","TAB:B","-","cylindrical","Y","R/L","4","clean_side_row","false","true","h_015_025","v_010_020","-","+740-752-482-240+"
"1232.2","H-201","2","2","Harappa","TAB:B","-","cylindrical","N","R/L","4","usable_uncertain_side_row","false","false","h_015_025","v_010_020","-","+000-000-000-745+"
"729.1","H-2010","1","2","Harappa","TAB:B","Faience","oval","Y","R/L","4","clean_side_row","false","true","h_025_035","v_010_020","-","+740-176-220-235+"
"729.2","H-2010","2","2","Harappa","TAB:B","Faience","oval","Y","R/L","5","clean_side_row","false","true","h_025_035","v_010_020","-","+740-482-240-002-861+"
"937.1","H-2011","1","2","Harappa","TAB:B","Clay","elliptical","Y","R/L","4","clean_side_row","false","true","h_025_035","v_010_020","th_003_007","+740-176-220-235+"
"937.2","H-2011","2","2","Harappa","TAB:B","Clay","elliptical","Y","R/L","5","clean_side_row","false","true","h_025_035","v_010_020","th_003_007","+740-482-240-002-861+"
"1019.1","H-2012","1","2","Harappa","TAB:B","Clay","-","-","R/L","2","audit_only_side_row","false","false","-","v_010_020","th_003_007","+740-482["
"1019.2","H-2012","2","2","Harappa","TAB:B","Clay","-","-","R/L","2","audit_only_side_row","false","false","-","v_010_020","th_003_007","]235-220+"
"412.1","H-2014","1","2","Harappa","TAB:B","Clay","-","-","L/R","3","audit_only_side_row","false","false","-","v_010_020","th_003_007","+033-705-235["
"412.2","H-2014","2","2","Harappa","TAB:B","Clay","-","N","L/R","4","audit_only_side_row","false","false","-","v_010_020","th_003_007","]000-832-002-817+"
"402.1","H-2015","1","2","Harappa","TAB:B","Clay","rectangular-round","N","L/R","4","usable_uncertain_side_row","false","false","h_gt_035","v_010_020","th_003_007","+033-705-235-000+"
"402.2","H-2015","2","2","Harappa","TAB:B","Clay","rectangular-round","Y","L/R","7","clean_side_row","false","true","h_gt_035","v_010_020","th_003_007","+520-033-705-235-832-002-817+"
"370.1","H-2016","1","2","Harappa","TAB:B","Clay","rectangular","Y","R/L","8","clean_side_row","false","true","h_025_035","v_010_020","th_003_007","+317-740-335-740-176-002-920-491+"
"370.2","H-2016","2","2","Harappa","TAB:B","Clay","rectangular","Y","R/L","6","clean_side_row","false","true","h_025_035","v_010_020","th_003_007","+700-032-740-335-575-413+"
"904.1","H-2019","1","2","Harappa","TAB:B","Clay","prism","Y","R/L","4","clean_side_row","false","true","h_015_025","v_000_010","-","+090-740-240-235+"
"904.2","H-2019","2","2","Harappa","TAB:B","Clay","prism","Y","R/L","4","clean_side_row","false","true","h_015_025","v_000_010","-","+690-590-032-220+"
"1233.1","H-202","1","2","Harappa","TAB:B","-","rectangular","-","R/L","2","audit_only_side_row","false","false","-","v_010_020","-","+482-240["
"1233.2","H-202","2","2","Harappa","TAB:B","-","rectangular","N","R/L","2","audit_only_side_row","false","false","-","v_010_020","-","]000-745+"
"902.1","H-2020","1","2","Harappa","TAB:B","Clay","prism","Y","R/L","4","clean_side_row","false","true","h_015_025","v_000_010","-","+090-740-240-235+"
"902.2","H-2020","2","2","Harappa","TAB:B","Clay","prism","Y","R/L","4","clean_side_row","false","true","h_015_025","v_000_010","-","+690-590-032-220+"
"601.1","H-2021","1","2","Harappa","TAB:B","Clay","prism","Y","R/L","5","clean_side_row","false","true","h_025_035","v_010_020","-","+740-752-070-255-832+"
"601.2","H-2021","2","2","Harappa","TAB:B","Clay","prism","Y","R/L","6","clean_side_row","false","true","h_025_035","v_010_020","-","+740-752-463-495-240-415+"
"594.1","H-2022","1","2","Harappa","TAB:B","Clay","prism","Y","R/L","3","clean_side_row","false","true","h_gt_035","v_010_020","-","+032-850-031+"
"594.2","H-2022","2","2","Harappa","TAB:B","Clay","prism","Y","R/L","5","clean_side_row","false","true","h_gt_035","v_010_020","-","+740-752-175-002-861+"
"754.1","H-2038","1","2","Harappa","TAB:I","Steatite","rectangular","N","-","1","audit_only_side_row","false","false","-","v_000_010","th_000_003","]000+"
"754.2","H-2038","2","2","Harappa","TAB:I","Steatite","rectangular","-","R/L","2","audit_only_side_row","false","false","-","v_000_010","th_000_003","+400-520["
"1236.1","H-205","1","2","Harappa","TAB:B","Faience","rectangular","Y","R/L","4","clean_side_row","false","true","h_015_025","v_010_020","-","+740-048-741-850+"
"1236.2","H-205","2","2","Harappa","TAB:B","Faience","rectangular","Y","R/L","6","clean_side_row","false","true","h_015_025","v_010_020","-","+700-033-711-335-575-413+"
"781.1","H-2057","1","2","Harappa","TAB:I","Steatite","rectangular","-","R/L","2","audit_only_side_row","false","false","-","v_000_010","th_000_003","+400-740["
"781.2","H-2057","2","2","Harappa","TAB:I","Steatite","rectangular","-","R/L","2","audit_only_side_row","false","false","-","v_000_010","th_000_003","+740-336["
"756.1","H-2058","1","2","Harappa","TAB:I","Steatite","rectangular","N","R/L","2","audit_only_side_row","false","false","-","v_000_010","th_003_007","+740-000["
"756.2","H-2058","2","2","Harappa","TAB:I","Steatite","rectangular","-","R/L","2","audit_only_side_row","false","false","-","v_000_010","th_003_007","+400-740["
"587.1","H-2059","1","2","Harappa","TAB:I","Steatite","rectangular","-","R/L","2","audit_only_side_row","false","false","-","v_000_010","th_000_003","+700-032["
"587.2","H-2059","2","2","Harappa","TAB:I","Steatite","rectangular","-","R/L","1","audit_only_side_row","false","false","-","v_000_010","th_000_003","]337+"
"1237.1","H-206","1","2","Harappa","TAB:B","-","rectangular","Y","R/L","6","clean_side_row","false","true","h_015_025","v_010_020","-","+740-642-240-204-705-621+"
"1237.2","H-206","2","2","Harappa","TAB:B","-","rectangular","Y","R/L","2","clean_side_row","true","false","h_015_025","v_010_020","-","+700-033+"
"486.1","H-2060","1","2","Harappa","TAB:I","Steatite","-","N","-","2","audit_only_side_row","false","false","-","v_000_010","th_000_003","+700-000["
"486.2","H-2060","2","2","Harappa","TAB:I","Steatite","-","N","-","1","audit_only_side_row","false","false","-","v_000_010","th_000_003","+000["
"647.1","H-2062","1","2","Harappa","TAB:I","Steatite","rectangular","Y","R/L","4","clean_side_row","false","true","h_015_025","v_000_010","th_003_007","+400-156-435-255+"
"647.2","H-2062","2","2","Harappa","TAB:I","Steatite","rectangular","Y","R/L","3","clean_side_row","false","true","h_015_025","v_000_010","th_003_007","+868-705-590+"
"390.1","H-2063","1","2","Harappa","TAB:I","Steatite","rectangular","Y","R/L","3","clean_side_row","false","true","h_000_015","v_000_010","th_003_007","+868-706-590+"
"390.2","H-2063","2","2","Harappa","TAB:I","Steatite","rectangular","Y","R/L","4","clean_side_row","false","true","h_000_015","v_000_010","th_003_007","+400-156-435-255+"
"804.1","H-2064","1","2","Harappa","TAB:I","Steatite","rectangular","-","R/L","2","audit_only_side_row","false","false","-","v_000_010","th_000_003","+868-706["
"804.2","H-2064","2","2","Harappa","TAB:I","Steatite","rectangular","-","R/L","3","audit_only_side_row","false","false","-","v_000_010","th_000_003","]156-435-255+"
"799.1","H-2065","1","2","Harappa","TAB:I","Steatite","rectangular","-","R/L","2","audit_only_side_row","false","false","-","v_000_010","th_000_003","]435-255+"
"799.2","H-2065","2","2","Harappa","TAB:I","Steatite","rectangular","-","R/L","2","audit_only_side_row","false","false","-","v_000_010","th_000_003","]240-590+"
"671.1","H-2066","1","2","Harappa","TAB:I","Steatite","rectangular","Y","L/R","3","clean_side_row","false","true","h_015_025","v_000_010","th_003_007","+868-706-590+"
"671.2","H-2066","2","2","Harappa","TAB:I","Steatite","rectangular","Y","L/R","4","clean_side_row","false","true","h_015_025","v_000_010","th_003_007","+400-156-435-255+"
"872.1","H-2067","1","2","Harappa","TAB:I","Steatite","rectangular","-","-","1","audit_only_side_row","false","false","-","v_000_010","th_000_003","+154["
"872.2","H-2067","2","2","Harappa","TAB:I","Steatite","rectangular","-","R/L","2","audit_only_side_row","false","false","-","v_000_010","th_000_003","]706-590+"
"579.1","H-2068","1","2","Harappa","TAB:I","Steatite","rectangular","-","-","1","audit_only_side_row","false","false","-","v_000_010","th_000_003","]590+"
"579.2","H-2068","2","2","Harappa","TAB:I","Steatite","rectangular","N","-","1","audit_only_side_row","false","false","-","v_000_010","th_000_003","]000+"
"532.1","H-2069","1","2","Harappa","TAB:I","Steatite","rectangular","Y","R/L","3","clean_side_row","false","true","h_015_025","v_000_010","th_000_003","+868-705-590+"
"532.2","H-2069","2","2","Harappa","TAB:I","Steatite","rectangular","Y","R/L","5","clean_side_row","false","true","h_015_025","v_000_010","th_000_003","+700-034-400-525-550+"
"862.1","H-2070","1","2","Harappa","TAB:I","Steatite","rectangular","Y","R/L","2","clean_side_row","true","false","h_000_015","v_000_010","th_000_003","+700-034+"
"862.2","H-2070","2","2","Harappa","TAB:I","Steatite","rectangular","Y","R/L","4","clean_side_row","false","true","h_000_015","v_000_010","th_000_003","+400-740-817-276+"
"793.1","H-2071","1","2","Harappa","TAB:I","Steatite","rectangular","N","R/L","2","audit_only_side_row","false","false","-","v_000_010","th_000_003","]700-000+"
"793.2","H-2071","2","2","Harappa","TAB:I","Steatite","rectangular","N","L/R","3","audit_only_side_row","false","false","-","v_000_010","th_000_003","+400-740-000["
"839.1","H-2072","1","2","Harappa","TAB:I","Steatite","-","N","-","1","audit_only_side_row","false","false","-","-","th_000_003","]000+"
"839.2","H-2072","2","2","Harappa","TAB:I","Steatite","-","-","R/L","3","audit_only_side_row","false","false","-","-","th_000_003","+400-740-032["
"738.1","H-2074","1","2","Harappa","TAB:I","Steatite","rectangular","-","R/L","4","audit_only_side_row","false","false","-","v_000_010","th_000_003","+700-034-690-365["
"738.2","H-2074","2","2","Harappa","TAB:I","Steatite","rectangular","N","R/L","3","audit_only_side_row","false","false","-","v_000_010","th_000_003","+740-760-000["
"761.1","H-2075","1","2","Harappa","TAB:I","Faience","rectangular","N","-","1","audit_only_side_row","false","false","-","v_000_010","th_000_003","]000+"
"761.2","H-2075","2","2","Harappa","TAB:I","Faience","rectangular","N","R/L","2","audit_only_side_row","false","false","-","v_000_010","th_000_003","+740-000["
"795.1","H-2080","1","2","Harappa","TAB:I","Steatite","-","N","-","2","audit_only_side_row","false","false","-","-","th_000_003","]000-000["
"795.2","H-2080","2","2","Harappa","TAB:I","Steatite","-","-","-","2","audit_only_side_row","false","false","-","-","th_000_003","]220-760["
"908.1","H-2082","1","2","Harappa","TAB:I","Steatite","rectangular","-","-","1","audit_only_side_row","false","false","-","v_000_010","th_000_003","+824["
"908.2","H-2082","2","2","Harappa","TAB:I","Steatite","rectangular","N","R/L","3","audit_only_side_row","false","false","-","v_000_010","th_000_003","+400-740-000["
"906.1","H-2083","1","2","Harappa","TAB:I","Steatite","rectangular-round","N","L/R","2","usable_uncertain_side_row","false","false","h_000_015","-","th_000_003","+000-824+"
"906.2","H-2083","2","2","Harappa","TAB:I","Steatite","rectangular-round","N","L/R","3","usable_uncertain_side_row","false","false","h_000_015","-","th_000_003","+740-390-000+"
"472.1","H-2084","1","2","Harappa","TAB:I","Steatite","rectangular","Y","R/L","3","clean_side_row","false","true","h_015_025","v_000_010","th_000_003","+526-555-235+"
"472.2","H-2084","2","2","Harappa","TAB:I","Steatite","rectangular","Y","R/L","3","clean_side_row","false","true","h_015_025","v_000_010","th_000_003","+824-892-413+"
"887.1","H-2085","1","2","Harappa","TAB:I","Steatite","rectangular","N","R/L","3","usable_uncertain_side_row","false","false","h_000_015","v_000_010","th_000_003","+000-000-139+"
"887.2","H-2085","2","2","Harappa","TAB:I","Steatite","rectangular","Y","L/R","3","clean_side_row","false","true","h_000_015","v_000_010","th_000_003","+413-892-824+"
"457.1","H-2086","1","2","Harappa","TAB:I","Steatite","rectangular","-","R/L","3","audit_only_side_row","false","false","-","v_000_010","th_000_003","+740-636-240["
"457.2","H-2086","2","2","Harappa","TAB:I","Steatite","rectangular","-","R/L","2","audit_only_side_row","false","false","-","v_000_010","th_000_003","]892-413+"
"566.1","H-2087","1","2","Harappa","TAB:I","Steatite","-","N","-","3","audit_only_side_row","false","false","-","-","-","]000-000-000["
"566.2","H-2087","2","2","Harappa","TAB:I","Steatite","-","N","-","2","audit_only_side_row","false","false","-","-","-","]000-000["
"573.1","H-2088","1","2","Harappa","TAB:I","Steatite","rectangular","-","NR","1","audit_only_side_row","false","false","-","v_000_010","th_000_003","]700+"
"573.2","H-2088","2","2","Harappa","TAB:I","Steatite","rectangular","-","R/L","2","audit_only_side_row","false","false","-","v_000_010","th_000_003","+740-630["
"897.1","H-2089","1","2","Harappa","TAB:I","Steatite","rectangular","Y","R/L","4","clean_side_row","false","true","h_000_015","v_000_010","th_003_007","+400-740-892-617+"
"897.2","H-2089","2","2","Harappa","TAB:I","Steatite","rectangular","Y","R/L","4","clean_side_row","false","true","h_000_015","v_000_010","th_003_007","+869-060-001-820+"
"1240.1","H-209","1","2","Harappa","TAB:B","Faience","rectangular","Y","R/L","6","clean_side_row","false","true","h_015_025","v_010_020","-","+400-921-690-435-255-055+"
"1240.2","H-209","2","2","Harappa","TAB:B","Faience","rectangular","Y","R/L","2","clean_side_row","true","false","h_015_025","v_010_020","-","+700-032+"
"681.1","H-2090","1","2","Harappa","TAB:I","Steatite","rectangular","Y","R/L","4","clean_side_row","false","true","h_015_025","v_000_010","th_003_007","+400-740-892-617+"
"681.2","H-2090","2","2","Harappa","TAB:I","Steatite","rectangular","Y","R/L","3","clean_side_row","false","true","h_015_025","v_000_010","th_003_007","+869-060-820+"
"575.1","H-2091","1","2","Harappa","TAB:I","Steatite","rectangular","-","-","1","audit_only_side_row","false","false","-","v_000_010","th_000_003","]820+"
"575.2","H-2091","2","2","Harappa","TAB:I","Steatite","rectangular","N","R/L","2","audit_only_side_row","false","false","-","v_000_010","th_000_003","+400-000["
"909.1","H-2092","1","2","Harappa","TAB:I","Steatite","-","-","R/L","2","audit_only_side_row","false","false","-","v_000_010","th_000_003","+400-740["
"909.2","H-2092","2","2","Harappa","TAB:I","Steatite","-","-","-","1","audit_only_side_row","false","false","-","v_000_010","th_000_003","]820+"
"903.1","H-2093","1","2","Harappa","TAB:I","Steatite","rectangular","N","R/L","3","audit_only_side_row","false","false","-","v_000_010","th_000_003","]000-700-000["
"903.2","H-2093","2","2","Harappa","TAB:I","Steatite","rectangular","-","R/L","2","audit_only_side_row","false","false","-","v_000_010","th_000_003","]820-740["
"476.1","H-2094","1","2","Harappa","TAB:I","Steatite","rectangular","Y","R/L","2","clean_side_row","true","false","h_000_015","v_000_010","th_000_003","+700-034+"
"476.2","H-2094","2","2","Harappa","TAB:I","Steatite","rectangular","Y","R/L","3","clean_side_row","false","true","h_000_015","v_000_010","th_000_003","+002-861-416+"
"518.1","H-2095","1","2","Harappa","TAB:I","-","rectangular","Y","R/L","2","clean_side_row","true","false","h_015_025","v_000_010","-","+700-034+"
"518.2","H-2095","2","2","Harappa","TAB:I","-","rectangular","Y","R/L","3","clean_side_row","false","true","h_015_025","v_000_010","-","+002-861-416+"
"665.1","H-2096","1","2","Harappa","TAB:I","-","rectangular","Y","R/L","2","clean_side_row","true","false","h_000_015","v_000_010","-","+700-034+"
"665.2","H-2096","2","2","Harappa","TAB:I","-","rectangular","Y","R/L","3","clean_side_row","false","true","h_000_015","v_000_010","-","+002-861-416+"
"488.1","H-2097","1","2","Harappa","TAB:I","Steatite","rectangular","Y","R/L","2","clean_side_row","true","false","h_000_015","v_000_010","th_003_007","+034-700+"
"488.2","H-2097","2","2","Harappa","TAB:I","Steatite","rectangular","Y","R/L","3","clean_side_row","false","true","h_000_015","v_000_010","th_003_007","+002-861-416+"
"762.1","H-2098","1","2","Harappa","TAB:I","Steatite","rectangular","Y","-","2","usable_uncertain_side_row","false","false","h_000_015","v_000_010","th_003_007","+034-700+"
"762.2","H-2098","2","2","Harappa","TAB:I","Steatite","rectangular","-","-","2","audit_only_side_row","false","false","h_000_015","v_000_010","th_003_007","]861-416+"
"786.1","H-2099","1","2","Harappa","TAB:I","Steatite","rectangular","Y","R/L","2","clean_side_row","true","false","h_000_015","v_000_010","th_000_003","+255-033+"
"786.2","H-2099","2","2","Harappa","TAB:I","Steatite","rectangular","Y","R/L","3","clean_side_row","false","true","h_000_015","v_000_010","th_000_003","+416-590-033+"
"1241.1","H-210","1","2","Harappa","TAB:B","Faience","rectangular","Y","R/L","4","clean_side_row","false","true","h_015_025","v_010_020","-","+740-100-176-101+"
"1241.2","H-210","2","2","Harappa","TAB:B","Faience","rectangular","Y","NR","1","usable_uncertain_side_row","false","false","h_015_025","v_010_020","-","+698+"
"817.1","H-2100","1","2","Harappa","TAB:I","Steatite","rectangular","N","R/L","2","audit_only_side_row","false","false","-","v_000_010","th_003_007","+400-000["
"817.2","H-2100","2","2","Harappa","TAB:I","Steatite","rectangular","-","-","1","audit_only_side_row","false","false","-","v_000_010","th_003_007","+110["
"750.1","H-2101","1","2","Harappa","TAB:I","Steatite","-","-","R/L","2","audit_only_side_row","false","false","-","v_000_010","th_000_003","+400-090["
"750.2","H-2101","2","2","Harappa","TAB:I","Steatite","-","N","-","1","audit_only_side_row","false","false","-","v_000_010","th_000_003","]000["
"1018.1","H-2102","1","2","Harappa","TAB:I","Steatite","rectangular","Y","R/L","2","clean_side_row","true","false","h_000_015","v_000_010","th_000_003","+700-034+"
"1018.2","H-2102","2","2","Harappa","TAB:I","Steatite","rectangular","Y","R/L","2","clean_side_row","true","false","h_000_015","v_000_010","th_000_003","+137-413+"
"783.1","H-2103","1","2","Harappa","TAB:I","Steatite","rectangular","-","R/L","3","audit_only_side_row","false","false","-","v_000_010","th_000_003","]740-400-142+"
"783.2","H-2103","2","2","Harappa","TAB:I","Steatite","rectangular","N","R/L","2","audit_only_side_row","false","false","-","v_000_010","th_000_003","]000-491+"
"830.1","H-2104","1","2","Harappa","TAB:I","Steatite","rectangular","Y","L/R","3","clean_side_row","false","true","h_000_015","v_000_010","th_000_003","+740-797-688+"
"830.2","H-2104","2","2","Harappa","TAB:I","Steatite","rectangular","Y","R/L","2","clean_side_row","true","false","h_000_015","v_000_010","th_000_003","+400-137+"
"642.1","H-2105","1","2","Harappa","TAB:I","Steatite","rectangular","Y","NR","1","usable_uncertain_side_row","false","false","h_000_015","v_000_010","th_000_003","+137+"
"642.2","H-2105","2","2","Harappa","TAB:I","Steatite","rectangular","Y","R/L","2","clean_side_row","true","false","h_000_015","v_000_010","th_000_003","+700-034+"
"648.1","H-2106","1","2","Harappa","TAB:I","Steatite","rectangular","-","-","1","audit_only_side_row","false","false","h_000_015","v_000_010","th_000_003","]034+"
"648.2","H-2106","2","2","Harappa","TAB:I","Steatite","rectangular","-","-","1","audit_only_side_row","false","false","h_000_015","v_000_010","th_000_003","]137+"
"836.1","H-2107","1","2","Harappa","TAB:I","Steatite","rectangular","-","R/L","2","audit_only_side_row","false","false","-","v_000_010","th_000_003","+690-681["
"836.2","H-2107","2","2","Harappa","TAB:I","Steatite","rectangular","-","R/L","3","audit_only_side_row","false","false","-","v_000_010","th_000_003","+520-072-255["
"640.1","H-2108","1","2","Harappa","TAB:I","Steatite","rectangular","Y","R/L","2","clean_side_row","true","false","h_015_025","v_000_010","th_000_003","+690-681+"
"640.2","H-2108","2","2","Harappa","TAB:I","Steatite","rectangular","Y","R/L","4","clean_side_row","false","true","h_015_025","v_000_010","th_000_003","+400-740-032-014+"
"843.1","H-2109","1","2","Harappa","TAB:I","Steatite","rectangular","Y","R/L","3","clean_side_row","false","true","h_015_025","v_000_010","th_000_003","+690-032-025+"
"843.2","H-2109","2","2","Harappa","TAB:I","Steatite","rectangular","Y","R/L","3","clean_side_row","false","true","h_015_025","v_000_010","th_000_003","+400-740-681+"
"1242.1","H-211","1","2","Harappa","TAB:B","-","rectangular","Y","R/L","4","clean_side_row","false","true","h_015_025","v_000_010","-","+400-740-898-617+"
"1242.2","H-211","2","2","Harappa","TAB:B","-","rectangular","Y","R/L","2","clean_side_row","true","false","h_015_025","v_000_010","-","+033-700+"
"778.1","H-2110","1","2","Harappa","TAB:I","Steatite","rectangular","N","R/L","3","audit_only_side_row","false","false","-","v_000_010","th_000_003","+400-740-000["
"778.2","H-2110","2","2","Harappa","TAB:I","Steatite","rectangular","-","R/L","2","audit_only_side_row","false","false","-","v_000_010","th_000_003","]690-687+"
"835.1","H-2112","1","2","Harappa","TAB:I","Steatite","rectangular","-","R/L","4","audit_only_side_row","false","false","-","v_000_010","th_003_007","]740-032-013-904+"
"835.2","H-2112","2","2","Harappa","TAB:I","Steatite","rectangular","-","-","1","audit_only_side_row","false","false","-","v_000_010","th_003_007","]690["
"798.1","H-2113","1","2","Harappa","TAB:I","Steatite","rectangular","-","R/L","3","audit_only_side_row","false","false","-","v_000_010","th_000_003","+400-740-032["
"798.2","H-2113","2","2","Harappa","TAB:I","Steatite","rectangular","N","R/L","3","audit_only_side_row","false","false","-","v_000_010","th_000_003","+904-032-000["
"881.1","H-2114","1","2","Harappa","TAB:I","-","rectangular","-","-","1","audit_only_side_row","false","false","-","-","-","+690["
"881.2","H-2114","2","2","Harappa","TAB:I","-","rectangular","N","R/L","3","audit_only_side_row","false","false","-","-","-","]740-032-000["
"544.1","H-2115","1","2","Harappa","TAB:I","Steatite","rectangular","Y","R/L","2","clean_side_row","true","false","h_015_025","v_000_010","th_003_007","+700-033+"
"544.2","H-2115","2","2","Harappa","TAB:I","Steatite","rectangular","Y","R/L","4","clean_side_row","false","true","h_015_025","v_000_010","th_003_007","+400-740-032-028+"
"914.1","H-2116","1","2","Harappa","TAB:I","Steatite","rectangular","N","-","1","audit_only_side_row","false","false","-","v_000_010","th_000_003","+000["
"914.2","H-2116","2","2","Harappa","TAB:I","Steatite","rectangular","N","-","2","audit_only_side_row","false","false","-","v_000_010","th_000_003","]861-000["
"893.1","H-2118","1","2","Harappa","TAB:I","Steatite","rectangular","-","-","1","audit_only_side_row","false","false","-","v_000_010","th_000_003","+700["
"893.2","H-2118","2","2","Harappa","TAB:I","Steatite","rectangular","N","-","2","audit_only_side_row","false","false","-","v_000_010","th_000_003","]000-000+"
"892.1","H-2119","1","2","Harappa","TAB:I","Steatite","rectangular","Y","R/L","2","clean_side_row","true","false","h_000_015","v_000_010","th_000_003","+861-003+"
"892.2","H-2119","2","2","Harappa","TAB:I","Steatite","rectangular","Y","R/L","2","clean_side_row","true","false","h_000_015","v_000_010","th_000_003","+740-416+"
"1243.1","H-212","1","2","Harappa","TAB:B","Faience","rectangular","Y","R/L","3","clean_side_row","false","true","h_000_015","v_000_010","-","+400-156-118+"
"1243.2","H-212","2","2","Harappa","TAB:B","Faience","rectangular","Y","R/L","2","clean_side_row","true","false","h_000_015","v_000_010","-","+032-700+"
"1027.1","H-2120","1","2","Harappa","TAB:I","Steatite","-","-","-","1","audit_only_side_row","false","false","-","v_000_010","th_000_003","]416+"
"1027.2","H-2120","2","2","Harappa","TAB:I","Steatite","-","-","-","1","audit_only_side_row","false","false","-","v_000_010","th_000_003","]861+"
"645.1","H-2121","1","2","Harappa","TAB:I","Steatite","rectangular","-","-","1","audit_only_side_row","false","false","-","v_000_010","th_000_003","+861["
"645.2","H-2121","2","2","Harappa","TAB:I","Steatite","rectangular","-","-","1","audit_only_side_row","false","false","-","v_000_010","th_000_003","+740["
"896.1","H-2122","1","2","Harappa","TAB:I","Steatite","-","-","-","1","audit_only_side_row","false","false","-","v_000_010","th_000_003","+861["
"896.2","H-2122","2","2","Harappa","TAB:I","Steatite","-","N","-","2","audit_only_side_row","false","false","-","v_000_010","th_000_003","]000-061+"
"840.1","H-2123","1","2","Harappa","TAB:I","Steatite","rectangular","Y","L/R","3","clean_side_row","false","true","h_000_015","v_000_010","th_000_003","+740-255-061+"
"840.2","H-2123","2","2","Harappa","TAB:I","Steatite","rectangular","Y","R/L","2","clean_side_row","true","false","h_000_015","v_000_010","th_000_003","+861-003+"
"837.1","H-2124","1","2","Harappa","TAB:I","Steatite","-","N","-","2","audit_only_side_row","false","false","-","-","th_000_003","+062-000["
"837.2","H-2124","2","2","Harappa","TAB:I","Steatite","-","N","-","1","audit_only_side_row","false","false","-","-","th_000_003","+000["
"425.1","H-2125","1","2","Harappa","TAB:I","Steatite","rectangular","Y","R/L","2","clean_side_row","true","false","h_015_025","v_000_010","th_000_003","+700-033+"
"425.2","H-2125","2","2","Harappa","TAB:I","Steatite","rectangular","Y","R/L","3","clean_side_row","false","true","h_015_025","v_000_010","th_000_003","+740-143-067+"
"698.1","H-2126","1","2","Harappa","TAB:I","Steatite","rectangular","-","-","1","audit_only_side_row","false","false","-","v_000_010","th_003_007","]033["
"698.2","H-2126","2","2","Harappa","TAB:I","Steatite","rectangular","N","R/L","2","audit_only_side_row","false","false","-","v_000_010","th_003_007","]000-061["
"491.1","H-2127","1","2","Harappa","TAB:I","Steatite","rectangular","Y","R/L","4","clean_side_row","false","true","h_015_025","v_000_010","th_003_007","+455-590-142-220+"
"491.2","H-2127","2","2","Harappa","TAB:I","Steatite","rectangular","Y","R/L","5","clean_side_row","false","true","h_015_025","v_000_010","th_003_007","+504-350-741-060-920+"
"589.1","H-2128","1","2","Harappa","TAB:I","Steatite","rectangular","Y","R/L","4","clean_side_row","false","true","h_015_025","v_000_010","th_003_007","+455-590-142-220+"
"589.2","H-2128","2","2","Harappa","TAB:I","Steatite","rectangular","Y","L/R","5","clean_side_row","false","true","h_015_025","v_000_010","th_003_007","+504-350-741-060-920+"
"674.1","H-2129","1","2","Harappa","TAB:I","Steatite","rectangular","Y","R/L","2","clean_side_row","true","false","-","v_000_010","th_000_003","+700-032+"
"674.2","H-2129","2","2","Harappa","TAB:I","Steatite","rectangular","N","-","3","audit_only_side_row","false","false","-","v_000_010","th_000_003","]000-590-231+"
"1244.1","H-213","1","2","Harappa","TAB:B","-","rectangular","Y","R/L","4","clean_side_row","false","true","h_015_025","v_000_010","-","+400-520-400-352+"
"1244.2","H-213","2","2","Harappa","TAB:B","-","rectangular","Y","R/L","2","clean_side_row","true","false","h_015_025","v_000_010","-","+700-032+"
"823.1","H-2130","1","2","Harappa","TAB:I","Steatite","rectangular","Y","R/L","2","clean_side_row","true","false","h_000_015","v_000_010","th_000_003","+700-034+"
"823.2","H-2130","2","2","Harappa","TAB:I","Steatite","rectangular","Y","R/L","2","clean_side_row","true","false","h_000_015","v_000_010","th_000_003","+365-900+"
"732.1","H-2131","1","2","Harappa","TAB:I","Steatite","rectangular","Y","R/L","2","clean_side_row","true","false","h_000_015","v_000_010","th_000_003","+700-033+"
"732.2","H-2131","2","2","Harappa","TAB:I","Steatite","rectangular","Y","R/L","2","clean_side_row","true","false","h_000_015","v_000_010","th_000_003","+368-900+"
"759.1","H-2132","1","2","Harappa","TAB:I","Steatite","-","N","-","2","audit_only_side_row","false","false","-","v_000_010","th_000_003","+700-000["
"759.2","H-2132","2","2","Harappa","TAB:I","Steatite","-","N","-","2","audit_only_side_row","false","false","-","v_000_010","th_000_003","]000-900+"
"866.1","H-2133","1","2","Harappa","TAB:I","Steatite","rectangular","Y","-","2","usable_uncertain_side_row","false","false","h_000_015","v_000_010","th_000_003","+700-034+"
"866.2","H-2133","2","2","Harappa","TAB:I","Steatite","rectangular","Y","-","4","usable_uncertain_side_row","false","false","h_000_015","v_000_010","th_000_003","+031-480-388-032+"
"814.1","H-2134","1","2","Harappa","TAB:I","Steatite","rectangular","Y","-","4","usable_uncertain_side_row","false","false","h_000_015","v_000_010","th_000_003","+001-480-388-032+"
"814.2","H-2134","2","2","Harappa","TAB:I","Steatite","rectangular","Y","-","2","usable_uncertain_side_row","false","false","h_000_015","v_000_010","th_000_003","+700-034+"
"3932.1","H-2137","1","2","Harappa","TAB:I","Steatite","rectangular","Y","R/L","2","clean_side_row","true","false","h_000_015","v_000_010","th_000_003","+700-034+"
"3932.2","H-2137","2","2","Harappa","TAB:I","Steatite","rectangular","Y","R/L","3","clean_side_row","false","true","h_000_015","v_000_010","th_000_003","+740-100-176+"
"696.1","H-2138","1","2","Harappa","TAB:I","Steatite","rectangular","-","-","1","audit_only_side_row","false","false","-","v_000_010","th_000_003","]034+"
"696.2","H-2138","2","2","Harappa","TAB:I","Steatite","rectangular","N","R/L","3","audit_only_side_row","false","false","-","v_000_010","th_000_003","]000-740-176+"
"596.1","H-2139","1","2","Harappa","TAB:I","Steatite","rectangular","Y","R/L","2","clean_side_row","true","false","h_000_015","v_000_010","th_003_007","+700-032+"
"596.2","H-2139","2","2","Harappa","TAB:I","Steatite","rectangular","Y","R/L","5","clean_side_row","false","true","h_000_015","v_000_010","th_003_007","+740-176-033-705-235+"
"1245.1","H-214","1","2","Harappa","TAB:B","Faience","cuboid-convex","Y","L/R","4","clean_side_row","false","true","h_015_025","v_000_010","-","+400-520-400-353+"
"1245.2","H-214","2","2","Harappa","TAB:B","Faience","cuboid-convex","Y","L/R","2","clean_side_row","true","false","h_015_025","v_000_010","-","+700-032+"
"418.1","H-2140","1","2","Harappa","TAB:I","Steatite","rectangular","Y","R/L","2","clean_side_row","true","false","h_000_015","v_000_010","th_000_003","+700-034+"
"418.2","H-2140","2","2","Harappa","TAB:I","Steatite","rectangular","Y","R/L","4","clean_side_row","false","true","h_000_015","v_000_010","th_000_003","+565-740-176-231+"
"397.1","H-2141","1","2","Harappa","TAB:I","Steatite","rectangular","Y","R/L","2","clean_side_row","true","false","h_000_015","v_000_010","th_000_003","+700-034+"
"397.2","H-2141","2","2","Harappa","TAB:I","Steatite","rectangular","Y","R/L","4","clean_side_row","false","true","h_000_015","v_000_010","th_000_003","+565-740-176-231+"
"945.1","H-2142","1","2","Harappa","TAB:B","Steatite","rectangular","Y","L/R","2","clean_side_row","true","false","h_000_015","v_000_010","th_000_003","+700-033+"
"945.2","H-2142","2","2","Harappa","TAB:B","Steatite","rectangular","Y","L/R","3","clean_side_row","false","true","h_000_015","v_000_010","th_000_003","+526-550-233+"
"752.1","H-2143","1","2","Harappa","TAB:I","-","rectangular","Y","R/L","2","clean_side_row","true","false","h_000_015","v_000_010","-","+700-034+"
"752.2","H-2143","2","2","Harappa","TAB:I","-","rectangular","Y","R/L","3","clean_side_row","false","true","h_000_015","v_000_010","-","+090-740-792+"
"873.1","H-2144","1","2","Harappa","TAB:I","Steatite","-","-","-","1","audit_only_side_row","false","false","-","v_000_010","th_000_003","+520["
"873.2","H-2144","2","2","Harappa","TAB:I","Steatite","-","N","-","2","audit_only_side_row","false","false","-","v_000_010","th_000_003","+090-000["
"827.1","H-2145","1","2","Harappa","TAB:I","Steatite","rectangular","Y","-","2","usable_uncertain_side_row","false","false","h_000_015","v_000_010","th_000_003","+700-034+"
"827.2","H-2145","2","2","Harappa","TAB:I","Steatite","rectangular","Y","-","3","usable_uncertain_side_row","false","false","h_000_015","v_000_010","th_000_003","+074-220-415+"
"841.1","H-2146","1","2","Harappa","TAB:I","Steatite","rectangular","Y","R/L","3","clean_side_row","false","true","h_000_015","v_000_010","th_000_003","+520-220-415+"
"841.2","H-2146","2","2","Harappa","TAB:I","Steatite","rectangular","Y","R/L","2","clean_side_row","true","false","h_000_015","v_000_010","th_000_003","+700-032+"
"673.1","H-2147","1","2","Harappa","TAB:I","Steatite","rectangular","-","-","1","audit_only_side_row","false","false","-","v_000_010","th_000_003","]110+"
"673.2","H-2147","2","2","Harappa","TAB:I","Steatite","rectangular","-","-","2","audit_only_side_row","false","false","-","v_000_010","th_000_003","]220-415+"
"481.1","H-2148","1","2","Harappa","TAB:I","Steatite","rectangular","Y","R/L","3","clean_side_row","false","true","h_015_025","v_000_010","th_003_007","+520-220-415+"
"481.2","H-2148","2","2","Harappa","TAB:I","Steatite","rectangular","Y","NR","1","usable_uncertain_side_row","false","false","h_015_025","v_000_010","th_003_007","+110+"
"848.1","H-2149","1","2","Harappa","TAB:I","Steatite","rectangular","Y","R/L","3","clean_side_row","false","true","h_000_015","v_000_010","th_000_003","+520-220-415+"
"848.2","H-2149","2","2","Harappa","TAB:I","Steatite","rectangular","Y","R/L","4","clean_side_row","false","true","h_000_015","v_000_010","th_000_003","+590-032-645-003+"
"1246.1","H-215","1","2","Harappa","TAB:B","-","rectangular","Y","R/L","2","clean_side_row","true","false","h_015_025","v_000_010","-","+700-034+"
"1246.2","H-215","2","2","Harappa","TAB:B","-","rectangular","Y","R/L","2","clean_side_row","true","false","h_015_025","v_000_010","-","+400-137+"
"770.1","H-2150","1","2","Harappa","TAB:I","Steatite","rectangular","N","R/L","3","audit_only_side_row","false","false","-","-","th_003_007","+590-032-000["
"770.2","H-2150","2","2","Harappa","TAB:I","Steatite","rectangular","-","R/L","2","audit_only_side_row","false","false","-","-","th_003_007","]220-415+"
"651.1","H-2151","1","2","Harappa","TAB:I","Steatite","rectangular","-","R/L","1","audit_only_side_row","false","false","-","-","-","+520["
"651.2","H-2151","2","2","Harappa","TAB:I","Steatite","rectangular","N","R/L","3","audit_only_side_row","false","false","-","-","-","]000-645-003+"
"865.1","H-2152","1","2","Harappa","TAB:I","Steatite","rectangular","-","-","1","audit_only_side_row","false","false","-","v_000_010","th_003_007","+110["
"865.2","H-2152","2","2","Harappa","TAB:I","Steatite","rectangular","-","R/L","2","audit_only_side_row","false","false","-","v_000_010","th_003_007","]220-415+"
"828.1","H-2153","1","2","Harappa","TAB:I","Steatite","-","N","-","1","audit_only_side_row","false","false","-","-","th_000_003","]000["
"828.2","H-2153","2","2","Harappa","TAB:I","Steatite","-","N","-","2","audit_only_side_row","false","false","-","-","th_000_003","]000-000["
"815.1","H-2154","1","2","Harappa","TAB:I","Steatite","rectangular","Y","R/L","2","clean_side_row","true","false","h_000_015","v_000_010","th_003_007","+034-700+"
"815.2","H-2154","2","2","Harappa","TAB:I","Steatite","rectangular","Y","R/L","2","clean_side_row","true","false","h_000_015","v_000_010","th_003_007","+400-226+"
"812.1","H-2155","1","2","Harappa","TAB:I","Steatite","rectangular","Y","R/L","2","clean_side_row","true","false","h_000_015","v_000_010","th_000_003","+700-034+"
"812.2","H-2155","2","2","Harappa","TAB:I","Steatite","rectangular","Y","R/L","2","clean_side_row","true","false","h_000_015","v_000_010","th_000_003","+400-236+"
"826.1","H-2156","1","2","Harappa","TAB:I","Steatite","-","N","-","1","audit_only_side_row","false","false","-","v_000_010","th_000_003","]000["
"826.2","H-2156","2","2","Harappa","TAB:I","Steatite","-","-","-","1","audit_only_side_row","false","false","-","v_000_010","th_000_003","]240["
"734.1","H-2157","1","2","Harappa","TAB:I","Steatite","-","N","-","1","audit_only_side_row","false","false","-","v_000_010","th_000_003","+000["
"734.2","H-2157","2","2","Harappa","TAB:I","Steatite","-","-","-","1","audit_only_side_row","false","false","-","v_000_010","th_000_003","+705["
"918.1","H-2158","1","2","Harappa","TAB:I","Steatite","rectangular","N","R/L","3","audit_only_side_row","false","false","-","v_000_010","th_000_003","+060-550-000["
"918.2","H-2158","2","2","Harappa","TAB:I","Steatite","rectangular","N","R/L","3","audit_only_side_row","false","false","-","v_000_010","th_000_003","+740-900-000["
"833.1","H-2159","1","2","Harappa","TAB:I","Steatite","-","N","-","3","audit_only_side_row","false","false","-","-","th_000_003","]000-484-000["
"833.2","H-2159","2","2","Harappa","TAB:I","Steatite","-","N","-","3","audit_only_side_row","false","false","-","-","th_000_003","]400-033-000["
"1247.1","H-216","1","2","Harappa","TAB:B","-","rectangular","Y","L/R","3","clean_side_row","false","true","h_015_025","v_000_010","-","+740-337-484+"
"1247.2","H-216","2","2","Harappa","TAB:B","-","rectangular","Y","L/R","2","clean_side_row","true","false","h_015_025","v_000_010","-","+700-033+"
"757.1","H-2160","1","2","Harappa","TAB:I","Steatite","-","-","-","1","audit_only_side_row","false","false","-","-","th_003_007","+700["
"757.2","H-2160","2","2","Harappa","TAB:I","Steatite","-","N","R/L","3","audit_only_side_row","false","false","-","-","th_003_007","+400-740-000["
"888.1","H-2161","1","2","Harappa","TAB:I","Steatite","-","N","R/L","2","audit_only_side_row","false","false","-","-","th_000_003","+700-000["
"888.2","H-2161","2","2","Harappa","TAB:I","Steatite","-","-","R/L","2","audit_only_side_row","false","false","-","-","th_000_003","+400-740["
"779.1","H-2162","1","2","Harappa","TAB:I","Steatite","rectangular","N","-","1","audit_only_side_row","false","false","-","v_000_010","th_000_003","]000+"
"779.2","H-2162","2","2","Harappa","TAB:I","Steatite","rectangular","N","R/L","2","audit_only_side_row","false","false","-","v_000_010","th_000_003","+400-000["
"849.1","H-2163","1","2","Harappa","TAB:I","Steatite","-","N","-","1","audit_only_side_row","false","false","-","v_000_010","th_000_003","+000["
"849.2","H-2163","2","2","Harappa","TAB:I","Steatite","-","-","-","1","audit_only_side_row","false","false","-","v_000_010","th_000_003","+740["
"404.1","H-2164","1","2","Harappa","TAB:I","Steatite","-","-","-","1","audit_only_side_row","false","false","-","v_000_010","th_003_007","]700+"
"404.2","H-2164","2","2","Harappa","TAB:I","Steatite","-","-","-","1","audit_only_side_row","false","false","-","v_000_010","th_003_007","]740+"
"1248.1","H-217","1","2","Harappa","TAB:B","Steatite","rectangular","Y","R/L","3","clean_side_row","false","true","h_000_015","v_000_010","-","+740-337-484+"
"1248.2","H-217","2","2","Harappa","TAB:B","Steatite","rectangular","Y","R/L","2","clean_side_row","true","false","h_000_015","v_000_010","-","+700-032+"
"801.1","H-2173","1","2","Harappa","TAB:I","Steatite","oval","Y","R/L","2","clean_side_row","true","false","h_000_015","v_000_010","th_000_003","+700-032+"
"801.2","H-2173","2","2","Harappa","TAB:I","Steatite","oval","Y","R/L","4","clean_side_row","false","true","h_000_015","v_000_010","th_000_003","+400-740-817-491+"
"1025.1","H-2178","1","2","Harappa","TAB:I","Steatite","-","-","-","1","audit_only_side_row","false","false","-","v_010_020","th_000_003","]033+"
"1025.2","H-2178","2","2","Harappa","TAB:I","Steatite","-","-","R/L","2","audit_only_side_row","false","false","-","v_010_020","th_000_003","]220-415+"
"1249.1","H-218","1","2","Harappa","TAB:B","-","rectangular","Y","R/L","3","clean_side_row","false","true","h_000_015","v_000_010","-","+740-336-176+"
"1249.2","H-218","2","2","Harappa","TAB:B","-","rectangular","Y","R/L","2","clean_side_row","true","false","h_000_015","v_000_010","-","+700-033+"
"546.1","H-2180","1","2","Harappa","TAB:I","Steatite","-","-","-","1","audit_only_side_row","false","false","-","v_010_020","th_003_007","+700["
"546.2","H-2180","2","2","Harappa","TAB:I","Steatite","-","-","-","2","audit_only_side_row","false","false","-","v_010_020","th_003_007","+242-636["
"369.1","H-2181","1","2","Harappa","TAB:I","Steatite","rectangular","-","NR","1","audit_only_side_row","false","false","-","v_000_010","th_000_003","]687+"
"369.2","H-2181","2","2","Harappa","TAB:I","Steatite","rectangular","-","R/L","2","audit_only_side_row","false","false","-","v_000_010","th_000_003","+740-630["
"747.1","H-2182","1","2","Harappa","TAB:I","Steatite","oval","N","R/L","2","audit_only_side_row","false","false","-","v_000_010","th_000_003","+740-000["
"747.2","H-2182","2","2","Harappa","TAB:I","Steatite","oval","-","-","1","audit_only_side_row","false","false","-","v_000_010","th_000_003","]817+"
"749.1","H-2183","1","2","Harappa","TAB:I","Steatite","rectangular-round","Y","R/L","2","clean_side_row","true","false","h_015_025","v_010_020","th_000_003","+700-032+"
"749.2","H-2183","2","2","Harappa","TAB:I","Steatite","rectangular-round","Y","R/L","5","clean_side_row","false","true","h_015_025","v_010_020","th_000_003","+400-740-575-017-798+"
"490.1","H-2184","1","2","Harappa","TAB:I","Steatite","rectangular-round","Y","R/L","2","clean_side_row","true","false","h_015_025","v_000_010","th_000_003","+700-032+"
"490.2","H-2184","2","2","Harappa","TAB:I","Steatite","rectangular-round","Y","R/L","4","clean_side_row","false","true","h_015_025","v_000_010","th_000_003","+400-740-032-015+"
"834.1","H-2185","1","2","Harappa","TAB:I","Steatite","rectangular-round","Y","R/L","2","clean_side_row","true","false","h_000_015","v_000_010","th_003_007","+700-032+"
"834.2","H-2185","2","2","Harappa","TAB:I","Steatite","rectangular-round","Y","R/L","3","clean_side_row","false","true","h_000_015","v_000_010","th_003_007","+400-158-690+"
"519.1","H-2186","1","2","Harappa","TAB:I","Steatite","rectangular-round","Y","R/L","2","clean_side_row","true","false","h_000_015","v_000_010","-","+700-032+"
"519.2","H-2186","2","2","Harappa","TAB:I","Steatite","rectangular-round","Y","R/L","4","clean_side_row","false","true","h_000_015","v_000_010","-","+390-004-155-390+"
"733.1","H-2188","1","2","Harappa","TAB:I","Steatite","notched oval","-","-","1","audit_only_side_row","false","false","-","-","th_000_003","+700["
"733.2","H-2188","2","2","Harappa","TAB:I","Steatite","notched oval","N","R/L","2","audit_only_side_row","false","false","-","-","th_000_003","+400-000["
"806.1","H-2189","1","2","Harappa","TAB:B","Steatite","heart","Y","R/L","2","clean_side_row","true","false","h_000_015","v_000_010","th_000_003","+824-700+"
"806.2","H-2189","2","2","Harappa","TAB:B","Steatite","heart","Y","R/L","4","clean_side_row","false","true","h_000_015","v_000_010","th_000_003","+400-740-152-240+"
"1250.1","H-219","1","2","Harappa","TAB:B","-","rectangular","Y","R/L","3","clean_side_row","false","true","h_015_025","v_000_010","-","+415-035-171+"
"1250.2","H-219","2","2","Harappa","TAB:B","-","rectangular","Y","R/L","2","clean_side_row","true","false","h_015_025","v_000_010","-","+700-033+"
"838.1","H-2190","1","2","Harappa","TAB:I","Steatite","heart","Y","R/L","3","clean_side_row","false","true","h_000_015","v_000_010","th_000_003","+090-740-327+"
"838.2","H-2190","2","2","Harappa","TAB:I","Steatite","heart","Y","R/L","2","clean_side_row","true","false","h_000_015","v_000_010","th_000_003","+861-003+"
"405.1","H-2192","1","2","Harappa","TAB:I","Steatite","fish","Y","R/L","3","clean_side_row","false","true","h_015_025","v_000_010","th_000_003","+690-368-817+"
"405.2","H-2192","2","2","Harappa","TAB:I","Steatite","fish","Y","R/L","6","clean_side_row","false","true","h_015_025","v_000_010","th_000_003","+740-630-240-031-032-171+"
"632.1","H-2193","1","2","Harappa","TAB:I","Steatite","triangular","Y","R/L","3","clean_side_row","false","true","h_000_015","v_010_020","th_003_007","+590-032-220+"
"632.2","H-2193","2","2","Harappa","TAB:I","Steatite","triangular","N","R/L","4","usable_uncertain_side_row","false","false","h_000_015","v_010_020","th_003_007","+000-740-242-235+"
"586.1","H-2194","1","2","Harappa","TAB:I","Steatite","triangular","-","R/L","3","audit_only_side_row","false","false","-","-","th_000_003","+590-032-220["
"586.2","H-2194","2","2","Harappa","TAB:I","Steatite","triangular","N","R/L","4","audit_only_side_row","false","false","-","-","th_000_003","]000-740-242-235+"
"891.1","H-2195","1","2","Harappa","TAB:I","Steatite","triangular","N","R/L","3","audit_only_side_row","false","false","-","-","th_000_003","+090-740-000["
"891.2","H-2195","2","2","Harappa","TAB:I","Steatite","triangular","N","R/L","2","audit_only_side_row","false","false","-","-","th_000_003","]000-220+"
"667.1","H-2196","1","2","Harappa","TAB:I","Steatite","triangular","N","-","1","audit_only_side_row","false","false","-","-","th_000_003","]000["
"667.2","H-2196","2","2","Harappa","TAB:I","Steatite","triangular","-","-","1","audit_only_side_row","false","false","-","-","th_000_003","]740["
"578.1","H-2197","1","2","Harappa","TAB:I","Steatite","circular","Y","R/L","2","clean_side_row","true","false","-","-","th_003_007","+700-033+"
"578.2","H-2197","2","2","Harappa","TAB:I","Steatite","circular","Y","R/L","6","clean_side_row","false","true","-","-","th_003_007","+400-090-740-100-390-231+"
"643.1","H-2198","1","2","Harappa","TAB:I","Steatite","circular","Y","R/L","3","clean_side_row","false","true","-","-","th_000_003","+740-255-032+"
"643.2","H-2198","2","2","Harappa","TAB:I","Steatite","circular","Y","R/L","2","clean_side_row","true","false","-","-","th_000_003","+700-032+"
"764.1","H-2199","1","2","Harappa","TAB:I","Steatite","circular","N","-","2","usable_uncertain_side_row","false","false","-","-","th_000_003","+700-000+"
"764.2","H-2199","2","2","Harappa","TAB:I","Steatite","circular","N","-","2","usable_uncertain_side_row","false","false","-","-","th_000_003","+000-000+"
"753.1","H-2201","1","2","Harappa","TAB:I","Steatite","prism","Y","R/L","2","clean_side_row","true","false","h_015_025","v_000_010","-","+700-032+"
"753.2","H-2201","2","2","Harappa","TAB:I","Steatite","prism","Y","L/R","4","clean_side_row","false","true","h_015_025","v_000_010","-","+400-740-176-240+"
"547.1","H-2202","1","2","Harappa","TAB:I","Steatite","prism","-","-","1","audit_only_side_row","false","false","-","v_000_010","-","+700["
"547.2","H-2202","2","2","Harappa","TAB:I","Steatite","prism","-","R/L","2","audit_only_side_row","false","false","-","v_000_010","-","+740-776["
"782.1","H-2203","1","3","Harappa","TAB:I","Steatite","-","N","-","1","audit_only_side_row","false","false","-","v_000_010","-","]000["
"782.2","H-2203","2","3","Harappa","TAB:I","Steatite","-","-","-","1","audit_only_side_row","false","false","-","v_000_010","-","]700+"
"782.3","H-2203","3","3","Harappa","TAB:I","Steatite","-","-","-","1","audit_only_side_row","false","false","-","v_000_010","-","]740["
"659.1","H-2204","1","2","Harappa","TAB:I","Steatite","prism","Y","R/L","2","clean_side_row","true","false","h_015_025","v_000_010","-","+700-034+"
"659.2","H-2204","2","2","Harappa","TAB:I","Steatite","prism","Y","R/L","4","clean_side_row","false","true","h_015_025","v_000_010","-","+400-740-032-027+"
"641.1","H-2205","1","2","Harappa","TAB:I","Steatite","prism","-","R/L","1","audit_only_side_row","false","false","-","v_000_010","-","]034+"
"641.2","H-2205","2","2","Harappa","TAB:I","Steatite","prism","-","R/L","3","audit_only_side_row","false","false","-","v_000_010","-","]740-032-027+"
"871.1","H-2206","1","2","Harappa","TAB:I","Steatite","prism","Y","R/L","2","clean_side_row","true","false","-","v_000_010","-","+700-034+"
"871.2","H-2206","2","2","Harappa","TAB:I","Steatite","prism","Y","R/L","3","clean_side_row","false","true","-","v_000_010","-","+740-032-025+"
"630.1","H-2207","1","2","Harappa","TAB:I","Steatite","prism","Y","R/L","3","clean_side_row","false","true","h_000_015","v_000_010","-","+700-031-033+"
"630.2","H-2207","2","2","Harappa","TAB:I","Steatite","prism","Y","R/L","4","clean_side_row","false","true","h_000_015","v_000_010","-","+400-740-032-027+"
"549.1","H-2208","1","2","Harappa","TAB:I","Steatite","prism","Y","R/L","2","clean_side_row","true","false","h_000_015","v_000_010","-","+034-700+"
"549.2","H-2208","2","2","Harappa","TAB:I","Steatite","prism","Y","R/L","4","clean_side_row","false","true","h_000_015","v_000_010","-","+400-740-032-027+"
"638.1","H-2209","1","2","Harappa","TAB:I","Steatite","prism","Y","R/L","2","clean_side_row","true","false","h_015_025","v_000_010","-","+700-033+"
"638.2","H-2209","2","2","Harappa","TAB:I","Steatite","prism","Y","R/L","4","clean_side_row","false","true","h_015_025","v_000_010","-","+400-740-032-025+"
"829.1","H-2211","1","2","Harappa","TAB:I","Steatite","prism","Y","R/L","2","clean_side_row","true","false","h_000_015","v_000_010","-","+700-032+"
"829.2","H-2211","2","2","Harappa","TAB:I","Steatite","prism","Y","R/L","4","clean_side_row","false","true","h_000_015","v_000_010","-","+700-840-032-741+"
"685.1","H-2212","1","3","Harappa","TAB:I","Steatite","prism","N","R/L","2","audit_only_side_row","false","false","-","v_000_010","-","+700-000["
"685.2","H-2212","2","3","Harappa","TAB:I","Steatite","prism","N","R/L","2","audit_only_side_row","false","false","-","v_000_010","-","+740-000["
"685.3","H-2212","3","3","Harappa","TAB:I","Steatite","prism","-","R/L","2","audit_only_side_row","false","false","-","v_000_010","-","+824-892["
"407.1","H-2213","1","3","Harappa","TAB:I","Steatite","prism","Y","R/L","2","clean_side_row","true","false","h_015_025","v_000_010","-","+700-033+"
"407.2","H-2213","2","3","Harappa","TAB:I","Steatite","prism","Y","R/L","4","clean_side_row","false","true","h_015_025","v_000_010","-","+824-032-578-415+"
"407.3","H-2213","3","3","Harappa","TAB:I","Steatite","prism","Y","R/L","4","clean_side_row","false","true","h_015_025","v_000_010","-","+740-760-840-799+"
"672.1","H-2214","1","3","Harappa","TAB:I","Steatite","prism","Y","R/L","2","clean_side_row","true","false","h_000_015","v_000_010","-","+700-033+"
"672.2","H-2214","2","3","Harappa","TAB:I","Steatite","prism","Y","R/L","4","clean_side_row","false","true","h_000_015","v_000_010","-","+740-760-840-799+"
"672.3","H-2214","3","3","Harappa","TAB:I","Steatite","prism","Y","L/R","4","clean_side_row","false","true","h_000_015","v_000_010","-","+876-032-578-415+"
"470.1","H-2215","1","3","Harappa","TAB:I","Steatite","prism","Y","R/L","2","clean_side_row","true","false","h_000_015","v_000_010","-","+700-033+"
"470.2","H-2215","2","3","Harappa","TAB:I","Steatite","prism","Y","-","1","usable_uncertain_side_row","false","false","h_000_015","v_000_010","-","+156+"
"470.3","H-2215","3","3","Harappa","TAB:I","Steatite","prism","N","-","1","usable_uncertain_side_row","false","false","h_000_015","v_000_010","-","+000+"
"577.1","H-2216","1","2","Harappa","TAB:I","Steatite","prism","N","R/L","2","audit_only_side_row","false","false","-","v_000_010","-","]000-700+"
"577.2","H-2216","2","2","Harappa","TAB:I","Steatite","prism","-","R/L","2","audit_only_side_row","false","false","-","v_000_010","-","+400-740["
"679.1","H-2217","1","3","Harappa","TAB:I","Steatite","prism","Y","R/L","2","clean_side_row","true","false","h_015_025","v_000_010","-","+700-032+"
"679.2","H-2217","2","3","Harappa","TAB:I","Steatite","prism","Y","R/L","3","clean_side_row","false","true","h_015_025","v_000_010","-","+400-854-032+"
"679.3","H-2217","3","3","Harappa","TAB:I","Steatite","prism","Y","R/L","2","clean_side_row","true","false","h_015_025","v_000_010","-","+257-360+"
"858.1","H-2218","1","3","Harappa","TAB:I","Steatite","prism","Y","R/L","2","clean_side_row","true","false","h_000_015","v_000_010","-","+861-003+"
"858.2","H-2218","2","3","Harappa","TAB:I","Steatite","prism","Y","R/L","2","clean_side_row","true","false","h_000_015","v_000_010","-","+700-034+"
"858.3","H-2218","3","3","Harappa","TAB:I","Steatite","prism","Y","R/L","2","clean_side_row","true","false","h_000_015","v_000_010","-","+156-003+"
"856.1","H-2219","1","3","Harappa","TAB:I","Steatite","prism","Y","R/L","2","clean_side_row","true","false","h_000_015","v_000_010","-","+861-003+"
"856.2","H-2219","2","3","Harappa","TAB:I","Steatite","prism","Y","R/L","2","clean_side_row","true","false","h_000_015","v_000_010","-","+700-034+"
"856.3","H-2219","3","3","Harappa","TAB:I","Steatite","prism","Y","R/L","2","clean_side_row","true","false","h_000_015","v_000_010","-","+156-003+"
"851.1","H-2220","1","3","Harappa","TAB:I","Steatite","prism","Y","R/L","2","clean_side_row","true","false","h_000_015","v_000_010","-","+861-003+"
"851.2","H-2220","2","3","Harappa","TAB:I","Steatite","prism","Y","R/L","2","clean_side_row","true","false","h_000_015","v_000_010","-","+700-034+"
"851.3","H-2220","3","3","Harappa","TAB:I","Steatite","prism","Y","R/L","2","clean_side_row","true","false","h_000_015","v_000_010","-","+156-003+"
"844.1","H-2221","1","3","Harappa","TAB:I","Steatite","prism","Y","R/L","2","clean_side_row","true","false","h_000_015","v_000_010","-","+700-034+"
"844.2","H-2221","2","3","Harappa","TAB:I","Steatite","prism","Y","R/L","2","clean_side_row","true","false","h_000_015","v_000_010","-","+861-003+"
"844.3","H-2221","3","3","Harappa","TAB:I","Steatite","prism","Y","R/L","2","clean_side_row","true","false","h_000_015","v_000_010","-","+156-003+"
"845.1","H-2222","1","3","Harappa","TAB:I","Steatite","prism","Y","R/L","2","clean_side_row","true","false","h_000_015","v_000_010","-","+861-003+"
"845.2","H-2222","2","3","Harappa","TAB:I","Steatite","prism","Y","R/L","2","clean_side_row","true","false","h_000_015","v_000_010","-","+700-034+"
"845.3","H-2222","3","3","Harappa","TAB:I","Steatite","prism","Y","R/L","2","clean_side_row","true","false","h_000_015","v_000_010","-","+156-003+"
"846.1","H-2223","1","3","Harappa","TAB:I","Steatite","prism","Y","R/L","2","clean_side_row","true","false","h_000_015","v_000_010","-","+861-003+"
"846.2","H-2223","2","3","Harappa","TAB:I","Steatite","prism","Y","R/L","2","clean_side_row","true","false","h_000_015","v_000_010","-","+700-034+"
"846.3","H-2223","3","3","Harappa","TAB:I","Steatite","prism","Y","R/L","2","clean_side_row","true","false","h_000_015","v_000_010","-","+156-003+"
"857.1","H-2224","1","3","Harappa","TAB:I","Steatite","prism","Y","R/L","2","clean_side_row","true","false","h_000_015","v_000_010","-","+861-003+"
"857.2","H-2224","2","3","Harappa","TAB:I","Steatite","prism","Y","R/L","2","clean_side_row","true","false","h_000_015","v_000_010","-","+700-034+"
"857.3","H-2224","3","3","Harappa","TAB:I","Steatite","prism","Y","R/L","2","clean_side_row","true","false","h_000_015","v_000_010","-","+156-003+"
"854.1","H-2225","1","3","Harappa","TAB:I","Steatite","prism","Y","R/L","2","clean_side_row","true","false","h_000_015","v_000_010","-","+861-003+"
"854.2","H-2225","2","3","Harappa","TAB:I","Steatite","prism","Y","R/L","2","clean_side_row","true","false","h_000_015","v_000_010","-","+700-034+"
"854.3","H-2225","3","3","Harappa","TAB:I","Steatite","prism","Y","R/L","2","clean_side_row","true","false","h_000_015","v_000_010","-","+156-003+"
"852.1","H-2226","1","3","Harappa","TAB:I","Steatite","prism","Y","R/L","2","clean_side_row","true","false","h_000_015","v_000_010","-","+700-034+"
"852.2","H-2226","2","3","Harappa","TAB:I","Steatite","prism","Y","R/L","2","clean_side_row","true","false","h_000_015","v_000_010","-","+861-003+"
"852.3","H-2226","3","3","Harappa","TAB:I","Steatite","prism","Y","R/L","2","clean_side_row","true","false","h_000_015","v_000_010","-","+156-003+"
"853.1","H-2227","1","3","Harappa","TAB:I","Steatite","prism","Y","R/L","2","clean_side_row","true","false","h_000_015","v_000_010","-","+700-034+"
"853.2","H-2227","2","3","Harappa","TAB:I","Steatite","prism","Y","R/L","2","clean_side_row","true","false","h_000_015","v_000_010","-","+861-003+"
"853.3","H-2227","3","3","Harappa","TAB:I","Steatite","prism","Y","R/L","2","clean_side_row","true","false","h_000_015","v_000_010","-","+156-003+"
"855.1","H-2228","1","3","Harappa","TAB:I","Steatite","prism","Y","R/L","2","clean_side_row","true","false","h_000_015","v_000_010","-","+700-034+"
"855.2","H-2228","2","3","Harappa","TAB:I","Steatite","prism","Y","R/L","2","clean_side_row","true","false","h_000_015","v_000_010","-","+861-003+"
"855.3","H-2228","3","3","Harappa","TAB:I","Steatite","prism","Y","R/L","2","clean_side_row","true","false","h_000_015","v_000_010","-","+156-003+"
"832.1","H-2229","1","3","Harappa","TAB:I","Steatite","prism","Y","R/L","2","clean_side_row","true","false","h_000_015","v_000_010","-","+861-003+"
"832.2","H-2229","2","3","Harappa","TAB:I","Steatite","prism","Y","R/L","2","clean_side_row","true","false","h_000_015","v_000_010","-","+700-034+"
"832.3","H-2229","3","3","Harappa","TAB:I","Steatite","prism","Y","R/L","2","clean_side_row","true","false","h_000_015","v_000_010","-","+156-003+"
"850.1","H-2230","1","3","Harappa","TAB:I","Steatite","prism","Y","R/L","2","clean_side_row","true","false","h_000_015","v_000_010","-","+700-034+"
"850.2","H-2230","2","3","Harappa","TAB:I","Steatite","prism","Y","R/L","2","clean_side_row","true","false","h_000_015","v_000_010","-","+861-003+"
"850.3","H-2230","3","3","Harappa","TAB:I","Steatite","prism","Y","R/L","2","clean_side_row","true","false","h_000_015","v_000_010","-","+156-003+"
"859.1","H-2231","1","3","Harappa","TAB:I","Steatite","prism","Y","R/L","2","clean_side_row","true","false","h_000_015","v_000_010","-","+861-003+"
"859.2","H-2231","2","3","Harappa","TAB:I","Steatite","prism","Y","R/L","2","clean_side_row","true","false","h_000_015","v_000_010","-","+700-034+"
"859.3","H-2231","3","3","Harappa","TAB:I","Steatite","prism","Y","R/L","2","clean_side_row","true","false","h_000_015","v_000_010","-","+156-003+"
"860.1","H-2232","1","3","Harappa","TAB:I","Steatite","prism","Y","R/L","2","clean_side_row","true","false","h_000_015","v_000_010","-","+861-003+"
"860.2","H-2232","2","3","Harappa","TAB:I","Steatite","prism","Y","R/L","2","clean_side_row","true","false","h_000_015","v_000_010","-","+700-034+"
"860.3","H-2232","3","3","Harappa","TAB:I","Steatite","prism","Y","R/L","2","clean_side_row","true","false","h_000_015","v_000_010","-","+156-003+"
"878.1","H-2233","1","3","Harappa","TAB:I","Steatite","prism","Y","R/L","2","clean_side_row","true","false","h_000_015","v_000_010","-","+700-034+"
"878.2","H-2233","2","3","Harappa","TAB:I","Steatite","prism","Y","R/L","2","clean_side_row","true","false","h_000_015","v_000_010","-","+861-003+"
"878.3","H-2233","3","3","Harappa","TAB:I","Steatite","prism","Y","R/L","2","clean_side_row","true","false","h_000_015","v_000_010","-","+156-003+"
"861.1","H-2234","1","3","Harappa","TAB:I","Steatite","prism","Y","R/L","2","clean_side_row","true","false","h_000_015","v_000_010","-","+861-003+"
"861.2","H-2234","2","3","Harappa","TAB:I","Steatite","prism","Y","R/L","2","clean_side_row","true","false","h_000_015","v_000_010","-","+700-034+"
"861.3","H-2234","3","3","Harappa","TAB:I","Steatite","prism","Y","R/L","2","clean_side_row","true","false","h_000_015","v_000_010","-","+156-003+"
"870.1","H-2235","1","3","Harappa","TAB:I","Steatite","prism","Y","R/L","2","clean_side_row","true","false","h_000_015","v_000_010","-","+700-034+"
"870.2","H-2235","2","3","Harappa","TAB:I","Steatite","prism","Y","R/L","2","clean_side_row","true","false","h_000_015","v_000_010","-","+861-003+"
"870.3","H-2235","3","3","Harappa","TAB:I","Steatite","prism","Y","R/L","2","clean_side_row","true","false","h_000_015","v_000_010","-","+156-003+"
"847.1","H-2236","1","3","Harappa","TAB:I","steatite","prism","Y","R/L","2","clean_side_row","true","false","h_000_015","v_000_010","-","+861-003+"
"847.2","H-2236","2","3","Harappa","TAB:I","steatite","prism","Y","R/L","2","clean_side_row","true","false","h_000_015","v_000_010","-","+700-034+"
"847.3","H-2236","3","3","Harappa","TAB:I","steatite","prism","Y","R/L","2","clean_side_row","true","false","h_000_015","v_000_010","-","+156-003+"
"794.1","H-2237","1","3","Harappa","TAB:I","Steatite","prism","Y","R/L","2","clean_side_row","true","false","h_000_015","v_000_010","-","+700-034+"
"794.2","H-2237","2","3","Harappa","TAB:I","Steatite","prism","Y","R/L","2","clean_side_row","true","false","h_000_015","v_000_010","-","+861-003+"
"794.3","H-2237","3","3","Harappa","TAB:I","Steatite","prism","Y","R/L","2","clean_side_row","true","false","h_000_015","v_000_010","-","+154-003+"
"693.1","H-2238","1","3","Harappa","TAB:I","Steatite","prism","Y","R/L","2","clean_side_row","true","false","h_000_015","v_000_010","-","+700-033+"
"693.2","H-2238","2","3","Harappa","TAB:I","Steatite","prism","Y","R/L","2","clean_side_row","true","false","h_000_015","v_000_010","-","+861-003+"
"693.3","H-2238","3","3","Harappa","TAB:I","Steatite","prism","Y","R/L","2","clean_side_row","true","false","h_000_015","v_000_010","-","+156-003+"
"769.1","H-2239","1","3","Harappa","TAB:I","Steatite","prism","Y","R/L","2","clean_side_row","true","false","h_000_015","v_000_010","-","+861-003+"
"769.2","H-2239","2","3","Harappa","TAB:I","Steatite","prism","Y","R/L","2","clean_side_row","true","false","h_000_015","v_000_010","-","+700-034+"
"769.3","H-2239","3","3","Harappa","TAB:I","Steatite","prism","Y","R/L","2","clean_side_row","true","false","h_000_015","v_000_010","-","+156-003+"
"816.1","H-2240","1","2","Harappa","TAB:I","Steatite","rectangular","Y","R/L","3","clean_side_row","false","true","h_000_015","v_000_010","th_003_007","+520-220-415+"
"816.2","H-2240","2","2","Harappa","TAB:I","Steatite","rectangular","Y","R/L","2","clean_side_row","true","false","h_000_015","v_000_010","th_003_007","+869-575+"
"639.1","H-2241","1","2","Harappa","TAB:I","Steatite","rectangular","-","R/L","2","audit_only_side_row","false","false","-","v_000_010","th_000_003","]415-240+"
"639.2","H-2241","2","2","Harappa","TAB:I","Steatite","rectangular","N","-","1","audit_only_side_row","false","false","-","v_000_010","th_000_003","]000+"
"900.1","H-2243","1","2","Harappa","TAB:I","Steatite","rectangular","N","R/L","3","audit_only_side_row","false","false","-","v_000_010","th_003_007","+400-740-000["
"900.2","H-2243","2","2","Harappa","TAB:I","Steatite","rectangular","N","R/L","2","audit_only_side_row","false","false","-","v_000_010","th_003_007","]000-741+"
"492.1","H-2244","1","2","Harappa","TAB:I","Steatite","rectangular","-","R/L","2","audit_only_side_row","false","false","h_000_015","v_000_010","th_000_003","]892-413["
"492.2","H-2244","2","2","Harappa","TAB:I","Steatite","rectangular","N","R/L","5","audit_only_side_row","false","false","h_000_015","v_000_010","th_000_003","]000-240-031-032-171["
"874.1","H-2245","1","2","Harappa","TAB:I","Steatite","-","-","-","1","audit_only_side_row","false","false","-","v_000_010","th_000_003","]413+"
"874.2","H-2245","2","2","Harappa","TAB:I","Steatite","-","-","R/L","2","audit_only_side_row","false","false","-","v_000_010","th_000_003","+400-740["
"484.1","H-2246","1","3","Harappa","TAB:I","Steatite","rectangular","Y","R/L","2","clean_side_row","true","false","h_000_015","v_000_010","th_003_007","+700-034+"
"484.2","H-2246","2","3","Harappa","TAB:I","Steatite","rectangular","Y","R/L","4","clean_side_row","false","true","h_000_015","v_000_010","th_003_007","+824-032-578-415+"
"484.3","H-2246","3","3","Harappa","TAB:I","Steatite","rectangular","Y","R/L","4","clean_side_row","false","true","h_000_015","v_000_010","th_003_007","+740-760-840-799+"
"465.1","H-2254","1","2","Harappa","TAB:B","Copper","-","N","-","2","audit_only_side_row","false","false","-","-","th_003_007","+000-000["
"465.2","H-2254","2","2","Harappa","TAB:B","Copper","-","-","-","2","audit_only_side_row","false","false","-","-","th_003_007","]176-790["
"1256.1","H-229","1","2","Harappa","TAB:B","Faience","oval","Y","R/L","4","clean_side_row","false","true","h_015_025","v_010_020","-","+400-740-892-617+"
"1256.2","H-229","2","2","Harappa","TAB:B","Faience","oval","Y","R/L","2","clean_side_row","true","false","h_015_025","v_010_020","-","+700-033+"
"1257.1","H-230","1","2","Harappa","TAB:B","Faience","hexagonal","Y","R/L","3","clean_side_row","false","true","h_025_035","v_010_020","-","+520-072-219+"
"1257.2","H-230","2","2","Harappa","TAB:B","Faience","hexagonal","Y","R/L","2","clean_side_row","true","false","h_025_035","v_010_020","-","+700-032+"
"1258.1","H-231","1","2","Harappa","TAB:B","Faience","elliptical","Y","R/L","5","clean_side_row","false","true","h_015_025","v_000_010","-","+520-220-240-002-820+"
"1258.2","H-231","2","2","Harappa","TAB:B","Faience","elliptical","Y","R/L","2","clean_side_row","true","false","h_015_025","v_000_010","-","+700-033+"
"1259.1","H-232","1","2","Harappa","TAB:B","Faience","notched oval","Y","L/R","4","clean_side_row","false","true","h_015_025","v_010_020","-","+400-740-177-519+"
"1259.2","H-232","2","2","Harappa","TAB:B","Faience","notched oval","Y","R/L","2","clean_side_row","true","false","h_015_025","v_010_020","-","+700-032+"
"1260.1","H-233","1","2","Harappa","TAB:B","Faience","crescent","Y","R/L","3","clean_side_row","false","true","h_025_035","-","-","+400-740-176+"
"1260.2","H-233","2","2","Harappa","TAB:B","Faience","crescent","Y","R/L","2","clean_side_row","true","false","h_025_035","-","-","+700-033+"
"1262.1","H-236","1","2","Harappa","TAB:B","Faience","fish","Y","R/L","3","clean_side_row","false","true","h_015_025","v_000_010","-","+690-368-817+"
"1262.2","H-236","2","2","Harappa","TAB:B","Faience","fish","Y","R/L","4","clean_side_row","false","true","h_015_025","v_000_010","-","+740-032-840-679+"
"1263.1","H-237","1","2","Harappa","TAB:B","-","fish","Y","L/R","5","clean_side_row","false","true","h_015_025","v_010_020","-","+740-642-240-060-692+"
"1263.2","H-237","2","2","Harappa","TAB:B","-","fish","Y","L/R","2","clean_side_row","true","false","h_015_025","v_010_020","-","+700-033+"
"1264.1","H-239","1","2","Harappa","TAB:B","Faience","triangular","Y","R/L","5","audit_only_side_row","false","false","h_015_025","-","-","+390-060/740-500-091+"
"1264.2","H-239","2","2","Harappa","TAB:B","Faience","triangular","Y","R/L","2","clean_side_row","true","false","h_015_025","-","-","+700-033+"
"1269.1","H-244","1","2","Harappa","TAB:B","Faience","circular","Y","R/L","3","clean_side_row","false","true","-","-","-","+104-002-820+"
"1269.2","H-244","2","2","Harappa","TAB:B","Faience","circular","Y","NR","1","usable_uncertain_side_row","false","false","-","-","-","+034+"
"1270.1","H-245","1","2","Harappa","TAB:B","Faience","circular","Y","R/L","4","clean_side_row","false","true","-","-","-","+400-807-740-219+"
"1270.2","H-245","2","2","Harappa","TAB:B","Faience","circular","Y","R/L","2","clean_side_row","true","false","-","-","-","+700-033+"
"1271.1","H-246","1","2","Harappa","TAB:B","-","circular","N","R/L","5","usable_uncertain_side_row","false","false","-","-","-","+400-804-000-233-240+"
"1271.2","H-246","2","2","Harappa","TAB:B","-","circular","Y","R/L","3","clean_side_row","false","true","-","-","-","+125-700-033+"
"1272.1","H-247","1","2","Harappa","TAB:B","Faience","circular","N","R/L","4","usable_uncertain_side_row","false","false","-","-","-","+400-740-335-000+"
"1272.2","H-247","2","2","Harappa","TAB:B","Faience","circular","Y","R/L","2","clean_side_row","true","false","-","-","-","+116-032+"
"1273.1","H-248","1","2","Harappa","TAB:B","Faience","circular","Y","R/L","7","clean_side_row","false","true","-","-","-","+400-740-920-320-233-240-798+"
"1273.2","H-248","2","2","Harappa","TAB:B","Faience","circular","Y","R/L","2","clean_side_row","true","false","-","-","-","+700-033+"
"1274.1","H-249","1","2","Harappa","TAB:B","Faience","circular","Y","R/L","2","clean_side_row","true","false","-","-","-","+033-700+"
"1274.2","H-249","2","2","Harappa","TAB:B","Faience","circular","Y","R/L","2","clean_side_row","true","false","-","-","-","+520-233+"
"1275.1","H-250","1","2","Harappa","TAB:B","Faience","prism","N","R/L","3","audit_only_side_row","false","false","h_000_015","v_010_020","-","+740-840-000["
"1275.2","H-250","2","2","Harappa","TAB:B","Faience","prism","N","R/L","2","audit_only_side_row","false","false","h_000_015","v_010_020","-","]000-700+"
"1276.1","H-251","1","2","Harappa","TAB:B","Faience","prism","Y","R/L","4","clean_side_row","false","true","h_015_025","v_010_020","-","+400-740-100-240+"
"1276.2","H-251","2","2","Harappa","TAB:B","Faience","prism","Y","R/L","2","clean_side_row","true","false","h_015_025","v_010_020","-","+700-032+"
"2919.1","H-2584","1","1","Harappa","TAG:R","Clay","-","-","R/L","6","audit_only_side_row","false","false","-","-","-","]806-468-520-095-033-705["
"2919.2","H-2584","2","1","Harappa","TAG:R","Clay","-","-","R/L","4","audit_only_side_row","false","false","-","-","-","+527-550-231-798["
"2919.3","H-2584","3","1","Harappa","TAG:R","Clay","-","-","R/L","4","audit_only_side_row","false","false","-","-","-","]690-435-255-055["
"1307.1","H-285","1","2","Harappa","TAB:I","Steatite","rectangular","-","R/L","3","audit_only_side_row","false","false","h_000_015","v_010_020","-","+740-382-002["
"1307.2","H-285","2","2","Harappa","TAB:I","Steatite","rectangular","Y","R/L","2","clean_side_row","true","false","h_000_015","v_010_020","-","+700-034+"
"1318.1","H-296","1","2","Harappa","TAB:I","Steatite","rectangular","Y","R/L","5","clean_side_row","false","true","h_015_025","v_000_010","-","+400-740-575-017-920+"
"1318.2","H-296","2","2","Harappa","TAB:I","Steatite","rectangular","Y","R/L","2","clean_side_row","true","false","h_015_025","v_000_010","-","+700-033+"
"1319.1","H-297","1","2","Harappa","TAB:I","-","rectangular","Y","R/L","5","clean_side_row","false","true","h_015_025","v_000_010","-","+400-151-336-630-706+"
"1319.2","H-297","2","2","Harappa","TAB:I","-","rectangular","Y","R/L","2","clean_side_row","true","false","h_015_025","v_000_010","-","+700-034+"
"1320.1","H-298","1","2","Harappa","TAB:I","-","rectangular","Y","R/L","4","clean_side_row","false","true","h_015_025","v_000_010","-","+400-740-636-240+"
"1320.2","H-298","2","2","Harappa","TAB:I","-","rectangular","Y","R/L","2","clean_side_row","true","false","h_015_025","v_000_010","-","+700-126+"
"1321.1","H-299","1","2","Harappa","TAB:I","-","rectangular","Y","R/L","3","clean_side_row","false","true","h_015_025","v_000_010","-","+868-706-590+"
"1321.2","H-299","2","2","Harappa","TAB:I","-","rectangular","Y","L/R","4","clean_side_row","false","true","h_015_025","v_000_010","-","+400-156-435-255+"
"1322.1","H-300","1","2","Harappa","TAB:I","Steatite","rectangular","Y","R/L","3","clean_side_row","false","true","h_015_025","v_000_010","-","+690-368-817+"
"1322.2","H-300","2","2","Harappa","TAB:I","Steatite","rectangular","Y","R/L","4","clean_side_row","false","true","h_015_025","v_000_010","-","+400-740-776-495+"
"1323.1","H-301","1","2","Harappa","TAB:I","Steatite","rectangular","Y","R/L","3","clean_side_row","false","true","h_015_025","v_000_010","-","+824-892-413+"
"1323.2","H-301","2","2","Harappa","TAB:I","Steatite","rectangular","Y","R/L","7","clean_side_row","false","true","h_015_025","v_000_010","-","+400-740-636-240-031-032-171+"
"1324.1","H-302","1","2","Harappa","TAB:I","Steatite","rectangular","Y","R/L","3","clean_side_row","false","true","h_015_025","v_000_010","-","+220-700-004+"
"1324.2","H-302","2","2","Harappa","TAB:I","Steatite","rectangular","Y","R/L","5","clean_side_row","false","true","h_015_025","v_000_010","-","+400-760-740-220-416+"
"1325.1","H-303","1","2","Harappa","TAB:I","Steatite","rectangular","Y","R/L","4","clean_side_row","false","true","h_015_025","v_000_010","-","+400-740-032-027+"
"1325.2","H-303","2","2","Harappa","TAB:I","Steatite","rectangular","Y","R/L","2","clean_side_row","true","false","h_015_025","v_000_010","-","+700-033+"
"1326.1","H-304","1","2","Harappa","TAB:I","Steatite","rectangular","Y","R/L","2","clean_side_row","true","false","h_000_015","v_000_010","-","+690-681+"
"1326.2","H-304","2","2","Harappa","TAB:I","Steatite","rectangular","Y","R/L","3","clean_side_row","false","true","h_000_015","v_000_010","-","+740-032-059+"
"1327.1","H-305","1","2","Harappa","TAB:I","-","rectangular","Y","L/R","3","usable_uncertain_side_row","false","false","h_000_015","v_000_010","-","+003-861-031+"
"1327.2","H-305","2","2","Harappa","TAB:I","-","rectangular","Y","L/R","3","clean_side_row","false","true","h_000_015","v_000_010","-","+740-255-061+"
"1328.1","H-306","1","2","Harappa","TAB:I","-","rectangular","Y","L/R","3","clean_side_row","false","true","h_000_015","v_000_010","-","+740-032-840+"
"1328.2","H-306","2","2","Harappa","TAB:I","-","rectangular","Y","R/L","2","clean_side_row","true","false","h_000_015","v_000_010","-","+700-033+"
"1329.1","H-307","1","2","Harappa","TAB:I","Steatite","rectangular","Y","R/L","2","clean_side_row","true","false","h_000_015","v_000_010","-","+368-900+"
"1329.2","H-307","2","2","Harappa","TAB:I","Steatite","rectangular","Y","R/L","2","clean_side_row","true","false","h_000_015","v_000_010","-","+700-034+"
"1330.1","H-308","1","2","Harappa","TAB:I","Steatite","rectangular","Y","R/L","3","clean_side_row","false","true","h_000_015","v_000_010","-","+400-740-176+"
"1330.2","H-308","2","2","Harappa","TAB:I","Steatite","rectangular","Y","R/L","2","clean_side_row","true","false","h_000_015","v_000_010","-","+700-034+"
"1331.1","H-309","1","2","Harappa","TAB:I","Steatite","rectangular","Y","R/L","3","clean_side_row","false","true","h_000_015","v_000_010","-","+400-740-176+"
"1331.2","H-309","2","2","Harappa","TAB:I","Steatite","rectangular","Y","R/L","2","clean_side_row","true","false","h_000_015","v_000_010","-","+700-033+"
"1333.1","H-311","1","2","Harappa","TAB:I","Steatite","rectangular-rounded","Y","L/R","3","clean_side_row","false","true","h_015_025","v_000_010","-","+400-740-178+"
"1333.2","H-311","2","2","Harappa","TAB:I","Steatite","rectangular-rounded","Y","R/L","2","clean_side_row","true","false","h_015_025","v_000_010","-","+700-033+"
"1334.1","H-312","1","2","Harappa","TAB:I","Steatite","elliptical","Y","R/L","3","clean_side_row","false","true","h_000_015","v_000_010","-","+400-740-176+"
"1334.2","H-312","2","2","Harappa","TAB:I","Steatite","elliptical","Y","R/L","2","clean_side_row","true","false","h_000_015","v_000_010","-","+700-034+"
"1335.1","H-313","1","2","Harappa","TAB:I","Steatite","oval","Y","R/L","3","clean_side_row","false","true","h_000_015","v_000_010","-","+400-740-176+"
"1335.2","H-313","2","2","Harappa","TAB:I","Steatite","oval","Y","R/L","2","clean_side_row","true","false","h_000_015","v_000_010","-","+700-034+"
"1336.1","H-314","1","2","Harappa","TAB:I","Steatite","oval","Y","R/L","3","clean_side_row","false","true","h_000_015","v_000_010","-","+400-740-176+"
"1336.2","H-314","2","2","Harappa","TAB:I","Steatite","oval","Y","R/L","2","clean_side_row","true","false","h_000_015","v_000_010","-","+700-034+"
"1337.1","H-315","1","2","Harappa","TAB:I","Steatite","oval","Y","R/L","3","clean_side_row","false","true","h_000_015","v_010_020","-","+400-740-176+"
"1337.2","H-315","2","2","Harappa","TAB:I","Steatite","oval","Y","R/L","2","clean_side_row","true","false","h_000_015","v_010_020","-","+700-032+"
"1338.1","H-316","1","2","Harappa","TAB:I","Steatite","oval","Y","R/L","3","clean_side_row","false","true","h_000_015","v_000_010","-","+400-740-176+"
"1338.2","H-316","2","2","Harappa","TAB:I","Steatite","oval","Y","R/L","2","clean_side_row","true","false","h_000_015","v_000_010","-","+700-033+"
"1339.1","H-317","1","2","Harappa","TAB:I","Steatite","oval","Y","R/L","3","clean_side_row","false","true","h_000_015","v_000_010","-","+400-740-176+"
"1339.2","H-317","2","2","Harappa","TAB:I","Steatite","oval","Y","R/L","2","clean_side_row","true","false","h_000_015","v_000_010","-","+700-034+"
"1340.1","H-318","1","2","Harappa","TAB:I","Steatite","oval","N","R/L","3","audit_only_side_row","false","false","-","v_000_010","-","+400-740-000["
"1340.2","H-318","2","2","Harappa","TAB:I","Steatite","oval","-","-","1","audit_only_side_row","false","false","-","v_000_010","-","]033+"
"1341.1","H-319","1","2","Harappa","TAB:I","Steatite","oval","Y","R/L","3","clean_local_parse_row_source_pending","false","true","h_000_015","v_000_010","-","+520-220-415+"
"1341.2","H-319","2","2","Harappa","TAB:I","Steatite","oval","Y","R/L","2","clean_local_parse_row_source_pending","true","false","h_000_015","v_000_010","-","+700-034+"
"1342.1","H-320","1","2","Harappa","TAB:I","Steatite","oval","N","R/L","3","usable_uncertain_side_row","false","false","h_000_015","v_000_010","-","+520-240-000+"
"1342.2","H-320","2","2","Harappa","TAB:I","Steatite","oval","Y","R/L","2","clean_side_row","true","false","h_000_015","v_000_010","-","+700-034+"
"1343.1","H-321","1","2","Harappa","TAB:I","Steatite","rectangular-round","Y","L/R","4","clean_side_row","false","true","h_015_025","v_010_020","-","+740-690-630-240+"
"1343.2","H-321","2","2","Harappa","TAB:I","Steatite","rectangular-round","Y","R/L","2","clean_side_row","true","false","h_015_025","v_010_020","-","+032-700+"
"1344.1","H-322","1","2","Harappa","TAB:I","-","rectangular-round","Y","R/L","4","clean_side_row","false","true","h_015_025","v_000_010","-","+400-740-032-028+"
"1344.2","H-322","2","2","Harappa","TAB:I","-","rectangular-round","Y","R/L","2","clean_side_row","true","false","h_015_025","v_000_010","-","+700-032+"
"1345.1","H-323","1","2","Harappa","TAB:I","Steatite","rectangular-round","Y","R/L","3","clean_side_row","false","true","h_015_025","v_000_010","-","+740-100-240+"
"1345.2","H-323","2","2","Harappa","TAB:I","Steatite","rectangular-round","Y","R/L","2","clean_side_row","true","false","h_015_025","v_000_010","-","+033-700+"
"1346.1","H-324","1","2","Harappa","TAB:I","Steatite","rectangular-round","Y","R/L","4","clean_side_row","false","true","h_000_015","v_000_010","-","+400-156-384-031+"
"1346.2","H-324","2","2","Harappa","TAB:I","Steatite","rectangular-round","Y","R/L","2","clean_side_row","true","false","h_000_015","v_000_010","-","+700-034+"
"1347.1","H-325","1","2","Harappa","TAB:I","Steatite","notched rectangular-round","N","R/L","2","usable_uncertain_side_row","false","false","h_000_015","v_000_010","-","+000-820+"
"1347.2","H-325","2","2","Harappa","TAB:I","Steatite","notched rectangular-round","Y","R/L","2","clean_side_row","true","false","h_000_015","v_000_010","-","+740-926+"
"1348.1","H-326","1","2","Harappa","TAB:I","Steatite","notched oval","Y","R/L","3","clean_side_row","false","true","h_015_025","v_010_020","-","+740-840-013+"
"1348.2","H-326","2","2","Harappa","TAB:I","Steatite","notched oval","Y","R/L","2","clean_side_row","true","false","h_015_025","v_010_020","-","+700-033+"
"1349.1","H-327","1","2","Harappa","TAB:I","-","crescent","N","R/L","3","usable_uncertain_side_row","false","false","h_015_025","-","-","+156-000-000+"
"1349.2","H-327","2","2","Harappa","TAB:I","-","crescent","Y","R/L","2","clean_side_row","true","false","h_015_025","-","-","+700-032+"
"1350.1","H-328","1","2","Harappa","TAB:I","Steatite","crescent","Y","R/L","2","clean_side_row","true","false","h_015_025","v_010_020","-","+690-004+"
"1350.2","H-328","2","2","Harappa","TAB:I","Steatite","crescent","Y","R/L","4","clean_side_row","false","true","h_015_025","v_010_020","-","+400-741-717-235+"
"1351.1","H-329","1","2","Harappa","TAB:I","-","fish","Y","R/L","2","clean_side_row","true","false","h_000_015","v_000_010","-","+520-220+"
"1351.2","H-329","2","2","Harappa","TAB:I","-","fish","Y","R/L","2","clean_side_row","true","false","h_000_015","v_000_010","-","+700-033+"
"1352.1","H-330","1","2","Harappa","TAB:I","Steatite","fish","-","-","1","audit_only_side_row","false","false","-","-","-","]032+"
"1352.2","H-330","2","2","Harappa","TAB:I","Steatite","fish","-","-","1","audit_only_side_row","false","false","-","-","-","]013+"
"1360.1","H-339","1","2","Harappa","MISC","Steatite","-","N","-","2","usable_uncertain_side_row","false","false","-","-","-","+000-000+"
"1360.2","H-339","2","2","Harappa","MISC","Steatite","-","N","R/L","3","audit_only_side_row","false","false","-","-","-","+740-000-000["
"1361.1","H-340","1","2","Harappa","TAB:I","Steatite","triangular","N","R/L","5","audit_only_side_row","false","false","h_015_025","-","-","+013-840-032-626-000["
"1361.2","H-340","2","2","Harappa","TAB:I","Steatite","triangular","Y","R/L","2","clean_side_row","true","false","h_015_025","-","-","+700-032+"
"1362.1","H-341","1","2","Harappa","TAB:I","Steatite","triangular","Y","R/L","4","clean_side_row","false","true","h_015_025","v_010_020","-","+400-740-336-176+"
"1362.2","H-341","2","2","Harappa","TAB:I","Steatite","triangular","Y","R/L","2","clean_side_row","true","false","h_015_025","v_010_020","-","+700-032+"
"1363.1","H-343","1","2","Harappa","TAB:I","Steatite","circular","Y","R/L","3","clean_side_row","false","true","-","-","-","+740-861-877+"
"1363.2","H-343","2","2","Harappa","TAB:I","Steatite","circular","Y","R/L","2","clean_side_row","true","false","-","-","-","+700-033+"
"1364.1","H-344","1","2","Harappa","TAB:I","Steatite","circular","Y","L/R","3","clean_side_row","false","true","-","-","-","+526-550-220+"
"1364.2","H-344","2","2","Harappa","TAB:I","Steatite","circular","Y","R/L","2","clean_side_row","true","false","-","-","-","+700-033+"
"1365.1","H-345","1","2","Harappa","TAB:I","Steatite","circular","Y","R/L","3","clean_side_row","false","true","-","-","-","+090-740-362+"
"1365.2","H-345","2","2","Harappa","TAB:I","Steatite","circular","Y","R/L","2","clean_side_row","true","false","-","-","-","+700-033+"
"1366.1","H-346","1","2","Harappa","TAB:I","Steatite","circular","Y","R/L","3","clean_side_row","false","true","-","-","-","+520-220-415+"
"1366.2","H-346","2","2","Harappa","TAB:I","Steatite","circular","Y","R/L","2","clean_side_row","true","false","-","-","-","+700-090+"
"1368.1","H-348","1","2","Harappa","TAB:I","Steatite","circular","N","-","2","audit_only_side_row","false","false","-","-","-","]000-000+"
"1368.2","H-348","2","2","Harappa","TAB:I","Steatite","circular","N","R/L","2","audit_only_side_row","false","false","-","-","-","+700-000["
"1369.1","H-350","1","2","Harappa","TAB:I","Steatite","prism","Y","R/L","4","clean_side_row","false","true","h_015_025","v_000_010","-","+740-690-642-240+"
"1369.2","H-350","2","2","Harappa","TAB:I","Steatite","prism","Y","R/L","2","clean_side_row","true","false","h_015_025","v_000_010","-","+700-034+"
"1370.1","H-351","1","2","Harappa","TAB:I","Steatite","prism","Y","R/L","5","clean_side_row","false","true","h_015_025","v_000_010","-","+400-740-032-060-013+"
"1370.2","H-351","2","2","Harappa","TAB:I","Steatite","prism","Y","R/L","2","clean_side_row","true","false","h_015_025","v_000_010","-","+700-034+"
"1371.1","H-352","1","2","Harappa","SEAL:R","Steatite","prism","Y","R/L","3","clean_side_row","false","true","h_015_025","v_000_010","-","+400-740-176+"
"1371.2","H-352","2","2","Harappa","SEAL:R","Steatite","prism","Y","R/L","2","clean_side_row","true","false","h_015_025","v_000_010","-","+700-033+"
"1372.1","H-353","1","2","Harappa","TAB:I","Steatite","prism","Y","R/L","3","clean_side_row","false","true","h_015_025","v_000_010","-","+400-740-176+"
"1372.2","H-353","2","2","Harappa","TAB:I","Steatite","prism","Y","R/L","2","clean_side_row","true","false","h_015_025","v_000_010","-","+700-033+"
"1373.1","H-354","1","2","Harappa","SEAL:R","Steatite","prism","Y","R/L","3","clean_side_row","false","true","h_015_025","v_000_010","-","+400-740-176+"
"1373.2","H-354","2","2","Harappa","SEAL:R","Steatite","prism","Y","R/L","2","clean_side_row","true","false","h_015_025","v_000_010","-","+700-033+"
"1374.1","H-355","1","3","Harappa","TAB:I","-","prism","Y","R/L","3","clean_side_row","false","true","h_015_025","v_000_010","-","+400-740-176+"
"1374.2","H-355","2","3","Harappa","TAB:I","-","prism","Y","R/L","2","clean_side_row","true","false","h_015_025","v_000_010","-","+700-033+"
"1374.3","H-355","3","3","Harappa","TAB:I","-","prism","Y","R/L","2","clean_side_row","true","false","h_015_025","v_000_010","-","+700-033+"
"1375.1","H-356","1","2","Harappa","TAB:I","-","prism","Y","R/L","2","clean_side_row","true","false","h_015_025","v_000_010","-","+700-033+"
"1375.2","H-356","2","2","Harappa","TAB:I","-","prism","Y","R/L","3","clean_side_row","false","true","h_015_025","v_000_010","-","+400-740-176+"
"1376.1","H-357","1","2","Harappa","TAB:I","Steatite","prism","Y","R/L","3","clean_side_row","false","true","h_000_015","v_000_010","-","+400-740-176+"
"1376.2","H-357","2","2","Harappa","TAB:I","Steatite","prism","Y","R/L","2","clean_side_row","true","false","h_000_015","v_000_010","-","+700-033+"
"1377.1","H-358","1","3","Harappa","TAB:I","Steatite","prism","Y","R/L","4","clean_side_row","false","true","h_015_025","v_000_010","-","+400-156-435-255+"
"1377.2","H-358","2","3","Harappa","TAB:I","Steatite","prism","Y","R/L","2","clean_side_row","true","false","h_015_025","v_000_010","-","+034-700+"
"1377.3","H-358","3","3","Harappa","TAB:I","Steatite","prism","N","R/L","2","usable_uncertain_side_row","false","false","h_015_025","v_000_010","-","+740-000+"
"1378.1","H-359","1","2","Harappa","TAB:I","Steatite","prism","Y","L/R","3","clean_side_row","false","true","h_015_025","v_000_010","-","+526-550-220+"
"1378.2","H-359","2","2","Harappa","TAB:I","Steatite","prism","Y","R/L","2","clean_side_row","true","false","h_015_025","v_000_010","-","+032-700+"
"1379.1","H-360","1","2","Harappa","TAB:I","Steatite","prism","Y","R/L","4","clean_side_row","false","true","h_015_025","v_000_010","-","+824-032-578-415+"
"1379.2","H-360","2","2","Harappa","TAB:I","Steatite","prism","Y","R/L","5","clean_side_row","false","true","h_015_025","v_000_010","-","+740-636-240-060-692+"
"1380.1","H-361","1","2","Harappa","TAB:I","-","prism","N","R/L","4","usable_uncertain_side_row","false","false","h_000_015","-","-","+740-000-000-000+"
"1380.2","H-361","2","2","Harappa","TAB:I","-","prism","Y","R/L","2","clean_side_row","true","false","h_000_015","-","-","+700-032+"
"1381.1","H-362","1","2","Harappa","TAB:I","Steatite","prism","Y","R/L","3","clean_side_row","false","true","h_000_015","v_000_010","-","+740-760-797+"
"1381.2","H-362","2","2","Harappa","TAB:I","Steatite","prism","Y","R/L","2","clean_side_row","true","false","h_000_015","v_000_010","-","+700-032+"
"1382.1","H-363","1","3","Harappa","TAB:I","-","rectangular","Y","R/L","3","clean_side_row","false","true","h_015_025","v_000_010","th_003_007","+565-741-263+"
"1382.2","H-363","2","3","Harappa","TAB:I","-","rectangular","Y","R/L","2","clean_side_row","true","false","h_015_025","v_000_010","th_003_007","+700-034+"
"1382.3","H-363","3","3","Harappa","TAB:I","-","rectangular","Y","R/L","2","clean_side_row","true","false","h_015_025","v_000_010","th_003_007","+692-892+"
"1386.1","H-367","1","2","Harappa","SEAL:R","Steatite","cuboid","Y","NR","1","usable_uncertain_side_row","false","false","h_000_015","v_000_010","th_003_007","+700+"
"1386.2","H-367","2","2","Harappa","SEAL:R","Steatite","cuboid","Y","NR","1","usable_uncertain_side_row","false","false","h_000_015","v_000_010","th_003_007","+033+"
"1388.1","H-369","1","2","Harappa","SEAL:CY","Steatite","cylindrical","Y","L/R","7","clean_side_row","false","true","-","v_000_010","-","+368-033-705-031-741-390-741+"
"1388.2","H-369","2","2","Harappa","SEAL:CY","Steatite","cylindrical","Y","R/L","2","clean_side_row","true","false","-","v_000_010","-","+700-033+"
"1540.1","H-597","1","2","Harappa","SEAL:S","Steatite","square","Y","R/L","7","clean_side_row","false","true","h_025_035","v_020_030","th_007_012","+740-390-590-070-032-002-861+"
"1540.2","H-597","2","2","Harappa","SEAL:S","Steatite","square","Y","R/L","7","clean_side_row","false","true","h_025_035","v_020_030","th_007_012","+740-390-590-070-032-002-861+"
"1541.1","H-598","1","2","Harappa","SEAL:S","-","square","Y","NR","1","usable_uncertain_side_row","false","false","h_015_025","v_020_030","th_007_012","+822+"
"1541.2","H-598","2","2","Harappa","SEAL:S","-","square","Y","R/L","7","clean_side_row","false","true","h_015_025","v_020_030","th_007_012","+740-639-240-002-435-255-777+"
"1552.1","H-612","1","2","Harappa","SEAL:S","Steatite","square","Y","R/L","5","clean_side_row","false","true","h_015_025","v_020_030","-","+740-615-495-002-825+"
"1552.2","H-612","2","2","Harappa","SEAL:S","Steatite","square","Y","R/L","6","clean_side_row","false","true","h_015_025","v_020_030","-","+740-892-590-893-001-615+"
"1594.1","H-688","1","2","Harappa","SEAL","-","-","Y","R/L","6","clean_side_row","false","true","-","-","-","+520-233-002-861-831-165+"
"1594.2","H-688","2","2","Harappa","SEAL","-","-","-","R/L","2","audit_only_side_row","false","false","-","-","-","]140-820+"
"1595.1","H-689","1","2","Harappa","SEAL:S","Steatite","square","-","R/L","3","audit_only_side_row","false","false","h_gt_035","v_gt_030","-","]746-407-575["
"1595.2","H-689","2","2","Harappa","SEAL:S","Steatite","square","N","R/L","3","audit_only_side_row","false","false","h_gt_035","v_gt_030","-","]000-407-575["
"1602.1","H-697","1","2","Harappa","TAB:B","Clay","rectangular","Y","R/L","5","clean_side_row","false","true","h_015_025","v_010_020","-","+740-904-240-002-817+"
"1602.2","H-697","2","2","Harappa","TAB:B","Clay","rectangular","Y","R/L","2","clean_side_row","true","false","h_015_025","v_010_020","-","+700-032+"
"1607.1","H-702","1","2","Harappa","TAB:B","Faience","rectangular","Y","L/R","3","clean_side_row","false","true","h_015_025","v_000_010","-","+137-002-820+"
"1607.2","H-702","2","2","Harappa","TAB:B","Faience","rectangular","Y","R/L","2","clean_side_row","true","false","h_015_025","v_000_010","-","+700-033+"
"1608.1","H-703","1","2","Harappa","TAB:B","Faience","rectangular","-","R/L","3","audit_only_side_row","false","false","-","v_010_020","-","]435-255-055+"
"1608.2","H-703","2","2","Harappa","TAB:B","Faience","rectangular","Y","R/L","2","clean_side_row","true","false","-","v_010_020","-","+700-033+"
"1609.1","H-704","1","3","Harappa","TAB:B","Faience","cylindrical","N","-","2","usable_uncertain_side_row","false","false","h_000_015","-","-","+000-700+"
"1609.2","H-704","2","3","Harappa","TAB:B","Faience","cylindrical","N","-","3","audit_only_side_row","false","false","h_000_015","-","-","]000-000-034["
"1609.3","H-704","3","3","Harappa","TAB:B","Faience","cylindrical","N","-","2","audit_only_side_row","false","false","h_000_015","-","-","]000-833+"
"1617.1","H-713","1","2","Harappa","TAB:B","-","rectangular","N","R/L","2","audit_only_side_row","false","false","-","-","-","]240-000+"
"1617.2","H-713","2","2","Harappa","TAB:B","-","rectangular","-","R/L","2","audit_only_side_row","false","false","-","-","-","+156-388["
"1620.1","H-717","1","2","Harappa","TAB:B","Faience","cylindrical","Y","R/L","2","clean_side_row","true","false","h_015_025","-","th_007_012","+705-904+"
"1620.2","H-717","2","2","Harappa","TAB:B","Faience","cylindrical","Y","R/L","2","clean_side_row","true","false","h_015_025","-","th_007_012","+700-032+"
"1057.1","H-733","1","2","Harappa","TAB:B","Faience","cylindrical","Y","R/L","4","clean_side_row","false","true","h_015_025","-","-","+740-390-590-240+"
"1057.2","H-733","2","2","Harappa","TAB:B","Faience","cylindrical","Y","R/L","2","clean_side_row","true","false","h_015_025","-","-","+700-033+"
"1633.1","H-734","1","2","Harappa","TAB:B","-","cylindrical","Y","R/L","4","clean_side_row","false","true","h_015_025","-","-","+740-390-590-240+"
"1633.2","H-734","2","2","Harappa","TAB:B","-","cylindrical","Y","R/L","2","clean_side_row","true","false","h_015_025","-","-","+700-033+"
"1634.1","H-735","1","2","Harappa","TAB:B","-","cylindrical","N","-","5","usable_uncertain_side_row","false","false","h_015_025","-","-","+000-003-741-060-920+"
"1634.2","H-735","2","2","Harappa","TAB:B","-","cylindrical","Y","-","2","usable_uncertain_side_row","false","false","h_015_025","-","-","+700-033+"
"1637.1","H-743","1","2","Harappa","TAB:B","-","cylindrical","Y","R/L","2","clean_side_row","true","false","-","-","th_007_012","+700-745+"
"1637.2","H-743","2","2","Harappa","TAB:B","-","cylindrical","Y","R/L","4","clean_side_row","false","true","-","-","th_007_012","+740-752-482-240+"
"1638.1","H-744","1","2","Harappa","TAB:B","Faience","cylindrical","N","R/L","3","audit_only_side_row","false","false","-","-","-","+000-760-482["
"1638.2","H-744","2","2","Harappa","TAB:B","Faience","cylindrical","-","R/L","2","audit_only_side_row","false","false","-","-","-","]700-745+"
"1639.1","H-745","1","2","Harappa","TAB:B","-","cylindrical","-","R/L","2","audit_only_side_row","false","false","-","-","-","]482-240+"
"1639.2","H-745","2","2","Harappa","TAB:B","-","cylindrical","Y","R/L","2","clean_side_row","true","false","-","-","-","+700-745+"
"1464.1","H-746","1","2","Harappa","TAB:B","Faience","-","N","-","1","audit_only_side_row","false","false","-","v_010_020","-","]000+"
"1464.2","H-746","2","2","Harappa","TAB:B","Faience","-","N","-","2","audit_only_side_row","false","false","-","v_010_020","-","]000-240+"
"1653.1","H-761","1","2","Harappa","TAB:B","-","rectangular","Y","R/L","4","clean_side_row","false","true","h_025_035","v_010_020","-","+400-156-435-255+"
"1653.2","H-761","2","2","Harappa","TAB:B","-","rectangular","Y","R/L","4","clean_side_row","false","true","h_025_035","v_010_020","-","+400-154-440-220+"
"1654.1","H-762","1","2","Harappa","TAB:B","Faience","rectangular","-","R/L","4","audit_only_side_row","false","false","-","v_010_020","-","]320-233-240-798+"
"1654.2","H-762","2","2","Harappa","TAB:B","Faience","rectangular","N","R/L","2","audit_only_side_row","false","false","-","v_010_020","-","+700-000["
"1655.1","H-763","1","2","Harappa","TAB:B","Steatite","rectangular","-","R/L","5","audit_only_side_row","false","false","-","v_000_010","-","+400-740-920-320-233["
"1655.2","H-763","2","2","Harappa","TAB:B","Steatite","rectangular","N","R/L","2","audit_only_side_row","false","false","-","v_000_010","-","+700-000["
"1656.1","H-764","1","2","Harappa","TAB:B","-","rectangular","Y","NR","1","usable_uncertain_side_row","false","false","h_015_025","v_010_020","-","+697+"
"1656.2","H-764","2","2","Harappa","TAB:B","-","rectangular","Y","R/L","3","clean_side_row","false","true","h_015_025","v_010_020","-","+740-717-790+"
"1657.1","H-765","1","2","Harappa","TAB:B","Faience","rectangular","Y","R/L","3","clean_side_row","false","true","h_000_015","v_010_020","-","+740-717-790+"
"1657.2","H-765","2","2","Harappa","TAB:B","Faience","rectangular","Y","NR","1","usable_uncertain_side_row","false","false","h_000_015","v_010_020","-","+697+"
"1658.1","H-766","1","2","Harappa","TAB:B","Faience","rectangular","Y","R/L","2","clean_side_row","true","false","h_015_025","v_010_020","-","+065-826+"
"1658.2","H-766","2","2","Harappa","TAB:B","Faience","rectangular","Y","R/L","2","clean_side_row","true","false","h_015_025","v_010_020","-","+700-032+"
"1659.1","H-767","1","2","Harappa","TAB:B","Clay","plano-convex","Y","R/L","5","clean_side_row","false","true","h_025_035","v_000_010","-","+400-740-220-415-798+"
"1659.2","H-767","2","2","Harappa","TAB:B","Clay","plano-convex","Y","R/L","2","clean_side_row","true","false","h_025_035","v_000_010","-","+700-033+"
"1660.1","H-768","1","2","Harappa","TAB:B","Faience","rectangular","N","R/L","7","usable_uncertain_side_row","false","false","h_015_025","v_010_020","-","+400-740-033-705-233-235-000+"
"1660.2","H-768","2","2","Harappa","TAB:B","Faience","rectangular","Y","R/L","2","clean_side_row","true","false","h_015_025","v_010_020","-","+700-032+"
"1661.1","H-769","1","2","Harappa","TAB:B","Faience","rectangular","-","R/L","4","audit_only_side_row","false","false","-","v_010_020","-","]705-233-235-803+"
"1661.2","H-769","2","2","Harappa","TAB:B","Faience","rectangular","-","-","1","audit_only_side_row","false","false","-","v_010_020","-","]700+"
"1662.1","H-770","1","2","Harappa","TAB:B","Faience","rectangular","Y","R/L","3","clean_side_row","false","true","h_015_025","v_010_020","-","+151-840-416+"
"1662.2","H-770","2","2","Harappa","TAB:B","Faience","rectangular","Y","R/L","2","clean_side_row","true","false","h_015_025","v_010_020","-","+700-033+"
"1663.1","H-771","1","2","Harappa","TAB:B","Faience","rectangular","Y","R/L","3","clean_side_row","false","true","h_015_025","v_000_010","-","+032-257-840+"
"1663.2","H-771","2","2","Harappa","TAB:B","Faience","rectangular","Y","R/L","2","clean_side_row","true","false","h_015_025","v_000_010","-","+700-034+"
"1665.1","H-773","1","2","Harappa","TAB:B","Faience","plano-convex","Y","R/L","7","clean_side_row","false","true","h_015_025","v_000_010","-","+740-798-803-002-390-530-741+"
"1665.2","H-773","2","2","Harappa","TAB:B","Faience","plano-convex","Y","R/L","6","usable_uncertain_side_row","false","false","h_015_025","v_000_010","-","+700-033-711-335-575-413+"
"1666.1","H-774","1","2","Harappa","TAB:B","Faience","rectangular","Y","R/L","6","clean_side_row","false","true","h_015_025","v_000_010","-","+400-525-550-033-705-240+"
"1666.2","H-774","2","2","Harappa","TAB:B","Faience","rectangular","Y","R/L","6","clean_side_row","false","true","h_015_025","v_000_010","-","+700-033-711-335-575-413+"
"1667.1","H-776","1","2","Harappa","TAB:B","Faience","rectangular","Y","R/L","6","clean_side_row","false","true","h_015_025","v_000_010","-","+740-803-741-031-032-716+"
"1667.2","H-776","2","2","Harappa","TAB:B","Faience","rectangular","Y","R/L","2","clean_side_row","true","false","h_015_025","v_000_010","-","+033-700+"
"1668.1","H-777","1","2","Harappa","TAB:B","-","rectangular","Y","R/L","2","clean_side_row","true","false","h_015_025","v_000_010","-","+032-700+"
"1668.2","H-777","2","2","Harappa","TAB:B","-","rectangular","Y","R/L","3","clean_side_row","false","true","h_015_025","v_000_010","-","+390-004-104+"
"1669.1","H-778","1","2","Harappa","TAB:B","-","rectangular","Y","R/L","2","clean_side_row","true","false","h_015_025","v_000_010","-","+700-032+"
"1669.2","H-778","2","2","Harappa","TAB:B","-","rectangular","Y","R/L","3","clean_side_row","false","true","h_015_025","v_000_010","-","+390-004-817+"
"1670.1","H-779","1","2","Harappa","TAB:B","-","rectangular","Y","R/L","2","clean_side_row","true","false","h_015_025","v_000_010","-","+032-700+"
"1670.2","H-779","2","2","Harappa","TAB:B","-","rectangular","N","R/L","5","usable_uncertain_side_row","false","false","h_015_025","v_000_010","-","+000-000-740-233-240+"
"1671.1","H-780","1","2","Harappa","TAB:B","Faience","rectangular","Y","R/L","4","clean_side_row","false","true","h_015_025","v_010_020","-","+740-400-142-061+"
"1671.2","H-780","2","2","Harappa","TAB:B","Faience","rectangular","Y","R/L","2","clean_side_row","true","false","h_015_025","v_010_020","-","+700-034+"
"1672.1","H-781","1","2","Harappa","TAB:B","-","rectangular","Y","R/L","2","clean_side_row","true","false","h_015_025","v_000_010","-","+033-700+"
"1672.2","H-781","2","2","Harappa","TAB:B","-","rectangular","Y","R/L","3","clean_side_row","false","true","h_015_025","v_000_010","-","+740-904-240+"
"1673.1","H-782","1","2","Harappa","TAB:B","-","rectangular","-","-","1","audit_only_side_row","false","false","-","v_000_010","-","]176+"
"1673.2","H-782","2","2","Harappa","TAB:B","-","rectangular","-","R/L","2","audit_only_side_row","false","false","-","v_000_010","-","+740-690["
"1674.1","H-783","1","2","Harappa","TAB:B","Clay","cylindrical","N","R/L","4","usable_uncertain_side_row","false","false","h_015_025","v_000_010","-","+400-740-690-000+"
"1674.2","H-783","2","2","Harappa","TAB:B","Clay","cylindrical","Y","R/L","2","clean_side_row","true","false","h_015_025","v_000_010","-","+700-033+"
"1675.1","H-784","1","2","Harappa","TAB:B","Faience","oval","Y","NR","1","usable_uncertain_side_row","false","false","h_000_015","v_010_020","-","+098+"
"1675.2","H-784","2","2","Harappa","TAB:B","Faience","oval","Y","-","2","usable_uncertain_side_row","false","false","h_000_015","v_010_020","-","+700-032+"
"1676.1","H-785","1","2","Harappa","TAB:B","Steatite","rectangular","Y","R/L","2","clean_side_row","true","false","h_015_025","v_000_010","-","+700-034+"
"1676.2","H-785","2","2","Harappa","TAB:B","Steatite","rectangular","N","R/L","3","usable_uncertain_side_row","false","false","h_015_025","v_000_010","-","+740-255-000+"
"1677.1","H-786","1","2","Harappa","TAB:B","-","rectangular","Y","R/L","3","clean_side_row","false","true","h_015_025","v_000_010","-","+824-892-413+"
"1677.2","H-786","2","2","Harappa","TAB:B","-","rectangular","Y","R/L","3","clean_side_row","false","true","h_015_025","v_000_010","-","+520-220-415+"
"1678.1","H-787","1","2","Harappa","TAB:B","-","rectangular","Y","L/R","3","clean_side_row","false","true","h_000_015","v_000_010","-","+824-892-413+"
"1678.2","H-787","2","2","Harappa","TAB:B","-","rectangular","Y","L/R","5","clean_side_row","false","true","h_000_015","v_000_010","-","+400-740-176-700-033+"
"1679.1","H-788","1","2","Harappa","TAB:B","Faience","rectangular","N","R/L","3","usable_uncertain_side_row","false","false","h_000_015","v_000_010","-","+740-255-000+"
"1679.2","H-788","2","2","Harappa","TAB:B","Faience","rectangular","Y","R/L","2","clean_side_row","true","false","h_000_015","v_000_010","-","+700-034+"
"1680.1","H-789","1","2","Harappa","TAB:B","Faience","rectangular","Y","R/L","4","clean_side_row","false","true","h_015_025","v_000_010","-","+400-520-220-016+"
"1680.2","H-789","2","2","Harappa","TAB:B","Faience","rectangular","Y","R/L","2","clean_side_row","true","false","h_015_025","v_000_010","-","+033-700+"
"1681.1","H-790","1","2","Harappa","TAB:B","Faience","rectangular","Y","R/L","4","clean_side_row","false","true","h_015_025","v_000_010","-","+400-740-384-033+"
"1681.2","H-790","2","2","Harappa","TAB:B","Faience","rectangular","Y","R/L","2","clean_side_row","true","false","h_015_025","v_000_010","-","+700-033+"
"1682.1","H-791","1","2","Harappa","TAB:B","Faience","rectangular","N","R/L","2","usable_uncertain_side_row","false","false","h_000_015","v_000_010","-","+000-700+"
"1682.2","H-791","2","2","Harappa","TAB:B","Faience","rectangular","Y","R/L","2","clean_side_row","true","false","h_000_015","v_000_010","-","+550-233+"
"1683.1","H-792","1","2","Harappa","TAB:B","Faience","rectangular","Y","R/L","3","clean_side_row","false","true","h_000_015","v_000_010","-","+400-154-896+"
"1683.2","H-792","2","2","Harappa","TAB:B","Faience","rectangular","Y","R/L","2","clean_side_row","true","false","h_000_015","v_000_010","-","+033-700+"
"1684.1","H-793","1","2","Harappa","TAB:B","Faience","rectangular","Y","R/L","3","clean_side_row","false","true","h_000_015","v_000_010","-","+400-154-896+"
"1684.2","H-793","2","2","Harappa","TAB:B","Faience","rectangular","Y","R/L","2","clean_side_row","true","false","h_000_015","v_000_010","-","+033-700+"
"1685.1","H-794","1","2","Harappa","TAB:B","-","cylindrical","Y","R/L","3","clean_side_row","false","true","h_015_025","-","-","+400-232-235+"
"1685.2","H-794","2","2","Harappa","TAB:B","-","cylindrical","Y","R/L","2","clean_side_row","true","false","h_015_025","-","-","+032-700+"
"1686.1","H-795","1","2","Harappa","TAB:B","-","cylindrical","Y","R/L","2","clean_side_row","true","false","h_015_025","-","-","+033-700+"
"1686.2","H-795","2","2","Harappa","TAB:B","-","cylindrical","N","R/L","4","usable_uncertain_side_row","false","false","h_015_025","-","-","+442-000-220-000+"
"1687.1","H-796","1","2","Harappa","TAB:B","-","rectangular","Y","R/L","2","clean_side_row","true","false","h_000_015","v_010_020","-","+370-455+"
"1687.2","H-796","2","2","Harappa","TAB:B","-","rectangular","Y","R/L","2","clean_side_row","true","false","h_000_015","v_010_020","-","+700-032+"
"1688.1","H-797","1","2","Harappa","TAB:B","-","-","N","-","1","audit_only_side_row","false","false","-","v_000_010","-","]000+"
"1688.2","H-797","2","2","Harappa","TAB:B","-","-","N","R/L","2","audit_only_side_row","false","false","-","v_000_010","-","+832-000["
"1689.1","H-798","1","2","Harappa","TAB:B","Faience","rectangular","Y","L/R","3","usable_uncertain_side_row","false","false","h_015_025","v_000_010","-","+158-999-792+"
"1689.2","H-798","2","2","Harappa","TAB:B","Faience","rectangular","Y","R/L","2","clean_side_row","true","false","h_015_025","v_000_010","-","+700-033+"
"1690.1","H-799","1","2","Harappa","TAB:B","Faience","rectangular","Y","R/L","4","clean_side_row","false","true","h_015_025","v_000_010","-","+032-820-100-415+"
"1690.2","H-799","2","2","Harappa","TAB:B","Faience","rectangular","Y","R/L","2","clean_side_row","true","false","h_015_025","v_000_010","-","+700-033+"
"1691.1","H-800","1","2","Harappa","TAB:B","Faience","plano-convex","Y","R/L","4","clean_side_row","false","true","h_015_025","v_000_010","-","+740-337-692-490+"
"1691.2","H-800","2","2","Harappa","TAB:B","Faience","plano-convex","Y","R/L","2","clean_side_row","true","false","h_015_025","v_000_010","-","+700-033+"
"1692.1","H-801","1","2","Harappa","TAB:B","-","rectangular","Y","R/L","2","clean_side_row","true","false","h_015_025","v_000_010","-","+700-036+"
"1692.2","H-801","2","2","Harappa","TAB:B","-","rectangular","Y","R/L","3","clean_side_row","false","true","h_015_025","v_000_010","-","+415-035-171+"
"1693.1","H-802","1","2","Harappa","TAB:B","Faience","rectangular","N","R/L","4","usable_uncertain_side_row","false","false","h_000_015","v_000_010","-","+400-740-337-000+"
"1693.2","H-802","2","2","Harappa","TAB:B","Faience","rectangular","Y","R/L","2","clean_side_row","true","false","h_000_015","v_000_010","-","+700-032+"
"1695.1","H-806","1","2","Harappa","TAB:B","Clay","twisted rectangular-rounded","Y","R/L","5","clean_side_row","false","true","h_gt_035","v_010_020","-","+740-482-240-002-861+"
"1695.2","H-806","2","2","Harappa","TAB:B","Clay","twisted rectangular-rounded","Y","R/L","4","clean_side_row","false","true","h_gt_035","v_010_020","-","+740-176-220-235+"
"1696.1","H-807","1","2","Harappa","TAB:B","-","twisted rectangular-rounded","Y","R/L","5","clean_side_row","false","true","h_025_035","-","-","+740-482-240-002-861+"
"1696.2","H-807","2","2","Harappa","TAB:B","-","twisted rectangular-rounded","Y","R/L","4","clean_side_row","false","true","h_025_035","-","-","+740-176-220-235+"
"1697.1","H-808","1","2","Harappa","TAB:B","-","twisted rectangular-rounded","Y","R/L","5","clean_side_row","false","true","h_gt_035","-","-","+740-482-240-002-861+"
"1697.2","H-808","2","2","Harappa","TAB:B","-","twisted rectangular-rounded","Y","R/L","4","clean_side_row","false","true","h_gt_035","-","-","+740-176-220-235+"
"1700.1","H-811","1","2","Harappa","TAB:B","Faience","twisted rectangular","Y","R/L","8","clean_side_row","false","true","h_025_035","v_010_020","-","+317-740-335-740-176-002-920-491+"
"1700.2","H-811","2","2","Harappa","TAB:B","Faience","twisted rectangular","Y","R/L","6","clean_side_row","false","true","h_025_035","v_010_020","-","+700-032-740-335-575-413+"
"1701.1","H-812","1","2","Harappa","TAB:B","Faience","twisted rectangular","Y","R/L","2","clean_side_row","true","false","h_015_025","v_000_010","-","+368-035+"
"1701.2","H-812","2","2","Harappa","TAB:B","Faience","twisted rectangular","Y","R/L","2","clean_side_row","true","false","h_015_025","v_000_010","-","+033-700+"
"1702.1","H-813","1","2","Harappa","TAB:B","Faience","rectangular-round","N","R/L","3","usable_uncertain_side_row","false","false","h_015_025","v_000_010","-","+400-892-000+"
"1702.2","H-813","2","2","Harappa","TAB:B","Faience","rectangular-round","Y","R/L","2","clean_side_row","true","false","h_015_025","v_000_010","-","+032-700+"
"1703.1","H-814","1","2","Harappa","TAB:B","Faience","rectangular-round","Y","L/R","4","clean_side_row","false","true","h_015_025","v_000_010","-","+400-820-100-415+"
"1703.2","H-814","2","2","Harappa","TAB:B","Faience","rectangular-round","Y","L/R","2","clean_side_row","true","false","h_015_025","v_000_010","-","+700-032+"
"1704.1","H-815","1","2","Harappa","TAB:B","Faience","hexagonal","Y","R/L","2","clean_side_row","true","false","h_025_035","v_010_020","-","+700-032+"
"1704.2","H-815","2","2","Harappa","TAB:B","Faience","hexagonal","Y","R/L","3","clean_side_row","false","true","h_025_035","v_010_020","-","+520-072-219+"
"1705.1","H-816","1","2","Harappa","TAB:B","Faience","hexagonal","Y","R/L","4","clean_side_row","false","true","h_000_015","v_000_010","-","+400-740-390-590+"
"1705.2","H-816","2","2","Harappa","TAB:B","Faience","hexagonal","Y","R/L","2","clean_side_row","true","false","h_000_015","v_000_010","-","+033-700+"
"1706.1","H-817","1","2","Harappa","TAB:B","Faience","notched oval","Y","R/L","4","clean_side_row","false","true","h_015_025","v_010_020","-","+400-740-336-018+"
"1706.2","H-817","2","2","Harappa","TAB:B","Faience","notched oval","Y","R/L","2","clean_side_row","true","false","h_015_025","v_010_020","-","+032-700+"
"1707.1","H-818","1","2","Harappa","TAB:B","Faience","notched oval","Y","L/R","3","clean_side_row","false","true","h_015_025","v_010_020","-","+740-336-018+"
"1707.2","H-818","2","2","Harappa","TAB:B","Faience","notched oval","Y","R/L","2","clean_side_row","true","false","h_015_025","v_010_020","-","+700-033+"
"1708.1","H-819","1","2","Harappa","TAB:B","-","heart","Y","R/L","2","clean_side_row","true","false","-","-","-","+520-240+"
"1708.2","H-819","2","2","Harappa","TAB:B","-","heart","Y","R/L","2","clean_side_row","true","false","-","-","-","+700-034+"
"1710.1","H-821","1","2","Harappa","TAB:B","-","fish","Y","L/R","2","clean_side_row","true","false","h_015_025","v_010_020","-","+700-033+"
"1710.2","H-821","2","2","Harappa","TAB:B","-","fish","Y","L/R","5","clean_side_row","false","true","h_015_025","v_010_020","-","+740-642-240-001-692+"
"1711.1","H-822","1","2","Harappa","TAB:B","-","fish","Y","L/R","2","clean_side_row","true","false","h_015_025","v_010_020","-","+700-033+"
"1711.2","H-822","2","2","Harappa","TAB:B","-","fish","Y","L/R","5","clean_side_row","false","true","h_015_025","v_010_020","-","+740-642-240-001-692+"
"1712.1","H-823","1","2","Harappa","TAB:B","-","rectangular","Y","R/L","2","clean_side_row","true","false","h_015_025","v_010_020","-","+700-034+"
"1712.2","H-823","2","2","Harappa","TAB:B","-","rectangular","Y","R/L","5","clean_side_row","false","true","h_015_025","v_010_020","-","+740-636-240-060-692+"
"1714.1","H-824","1","2","Harappa","TAB:B","-","oval","-","R/L","3","audit_only_side_row","false","false","-","v_010_020","-","]240-060-692+"
"1714.2","H-824","2","2","Harappa","TAB:B","-","oval","-","R/L","2","audit_only_side_row","false","false","-","v_010_020","-","]033-700+"
"1715.1","H-825","1","2","Harappa","TAB:B","-","crescent","Y","R/L","2","clean_side_row","true","false","-","-","-","+368-817+"
"1715.2","H-825","2","2","Harappa","TAB:B","-","crescent","Y","R/L","3","clean_side_row","false","true","-","-","-","+740-032-840+"
"1716.1","H-827","1","2","Harappa","TAB:B","-","cylindrical","Y","R/L","2","clean_side_row","true","false","h_015_025","-","-","+700-033+"
"1716.2","H-827","2","2","Harappa","TAB:B","-","cylindrical","N","R/L","3","usable_uncertain_side_row","false","false","h_015_025","-","-","+000-000-000+"
"1717.1","H-829","1","2","Harappa","TAB:B","-","semi-circular","Y","L/R","3","clean_side_row","false","true","h_000_015","v_010_020","-","+139-002-820+"
"1717.2","H-829","2","2","Harappa","TAB:B","-","semi-circular","Y","L/R","3","clean_side_row","false","true","h_000_015","v_010_020","-","+700-032-390+"
"1719.1","H-833","1","2","Harappa","TAB:B","Faience","circular","Y","R/L","4","clean_side_row","false","true","-","-","-","+526-554-002-820+"
"1719.2","H-833","2","2","Harappa","TAB:B","Faience","circular","Y","R/L","2","clean_side_row","true","false","-","-","-","+700-032+"
"1720.1","H-834","1","2","Harappa","TAB:B","Faience","circular","Y","R/L","5","clean_side_row","false","true","-","-","-","+400-740-690-436-255+"
"1720.2","H-834","2","2","Harappa","TAB:B","Faience","circular","Y","R/L","2","clean_side_row","true","false","-","-","-","+700-033+"
"1723.1","H-837","1","2","Harappa","TAB:B","Faience","circular","N","-","3","usable_uncertain_side_row","false","false","-","-","-","+000-480-176+"
"1723.2","H-837","2","2","Harappa","TAB:B","Faience","circular","Y","R/L","2","clean_side_row","true","false","-","-","-","+700-032+"
"1724.1","H-838","1","2","Harappa","TAB:B","Faience","circular","Y","R/L","5","clean_side_row","false","true","-","-","-","+740-615-495-002-817+"
"1724.2","H-838","2","2","Harappa","TAB:B","Faience","circular","Y","R/L","2","clean_side_row","true","false","-","-","-","+700-033+"
"1725.1","H-839","1","2","Harappa","TAB:B","Faience","circular","Y","R/L","2","clean_side_row","true","false","-","-","-","+032-700+"
"1725.2","H-839","2","2","Harappa","TAB:B","Faience","circular","Y","R/L","2","clean_side_row","true","false","-","-","-","+400-140+"
"1730.1","H-844","1","2","Harappa","TAB:B","-","prism","N","R/L","3","usable_uncertain_side_row","false","false","-","v_010_020","-","+740-840-002+"
"1730.2","H-844","2","2","Harappa","TAB:B","-","prism","-","-","1","audit_only_side_row","false","false","-","v_010_020","-","]033+"
"1732.1","H-846","1","2","Harappa","TAB:B","Faience","prism","Y","R/L","5","clean_side_row","false","true","h_015_025","v_000_010","-","+400-740-100-031-705+"
"1732.2","H-846","2","2","Harappa","TAB:B","Faience","prism","Y","R/L","2","clean_side_row","true","false","h_015_025","v_000_010","-","+700-033+"
"1733.1","H-847","1","3","Harappa","TAB:B","Faience","prism","N","R/L","3","usable_uncertain_side_row","false","false","h_015_025","v_000_010","-","+000-690-000+"
"1733.2","H-847","2","3","Harappa","TAB:B","Faience","prism","Y","R/L","2","clean_side_row","true","false","h_015_025","v_000_010","-","+700-033+"
"1733.3","H-847","3","3","Harappa","TAB:B","Faience","prism","Y","R/L","3","clean_side_row","false","true","h_015_025","v_000_010","-","+740-100-415+"
"1734.1","H-848","1","2","Harappa","TAB:B","Faience","prism","N","R/L","4","usable_uncertain_side_row","false","false","h_015_025","v_010_020","-","+740-100-000-000+"
"1734.2","H-848","2","2","Harappa","TAB:B","Faience","prism","Y","R/L","2","clean_side_row","true","false","h_015_025","v_010_020","-","+700-033+"
"1735.1","H-849","1","2","Harappa","TAB:B","Faience","prism","Y","R/L","4","clean_side_row","false","true","h_015_025","v_000_010","-","+400-740-892-617+"
"1735.2","H-849","2","2","Harappa","TAB:B","Faience","prism","Y","R/L","2","clean_side_row","true","false","h_015_025","v_000_010","-","+032-700+"
"1736.1","H-850","1","2","Harappa","TAB:B","Faience","prism","Y","R/L","4","clean_side_row","false","true","h_015_025","v_010_020","-","+400-740-892-617+"
"1736.2","H-850","2","2","Harappa","TAB:B","Faience","prism","Y","R/L","2","clean_side_row","true","false","h_015_025","v_010_020","-","+032-700+"
"1737.1","H-851","1","2","Harappa","TAB:B","Faience","conical","-","-","1","audit_only_side_row","false","false","h_000_015","v_000_010","-","+033["
"1737.2","H-851","2","2","Harappa","TAB:B","Faience","conical","N","-","3","usable_uncertain_side_row","false","false","h_000_015","v_000_010","-","+000-000-000+"
"1738.1","H-852","1","2","Harappa","TAB:B","Faience","prism","Y","R/L","2","clean_side_row","true","false","h_015_025","v_000_010","-","+700-032+"
"1738.2","H-852","2","2","Harappa","TAB:B","Faience","prism","Y","R/L","5","clean_side_row","false","true","h_015_025","v_000_010","-","+740-760-268-233-220+"
"1739.1","H-853","1","2","Harappa","TAB:B","-","prism","Y","R/L","3","clean_side_row","false","true","h_000_015","v_000_010","-","+740-177-231+"
"1739.2","H-853","2","2","Harappa","TAB:B","-","prism","Y","R/L","2","clean_side_row","true","false","h_000_015","v_000_010","-","+034-700+"
"1740.1","H-854","1","2","Harappa","TAB:B","Faience","prism","Y","L/R","4","clean_side_row","false","true","h_015_025","v_000_010","-","+400-740-335-003+"
"1740.2","H-854","2","2","Harappa","TAB:B","Faience","prism","Y","L/R","2","clean_side_row","true","false","h_015_025","v_000_010","-","+700-032+"
"1741.1","H-857","1","2","Harappa","TAB:B","-","prism","Y","R/L","4","clean_side_row","false","true","h_015_025","v_000_010","-","+740-390-590-235+"
"1741.2","H-857","2","2","Harappa","TAB:B","-","prism","Y","R/L","2","clean_side_row","true","false","h_015_025","v_000_010","-","+700-033+"
"297.1","H-874","1","2","Harappa","TAB:B","Clay","cylindrical","Y","R/L","3","clean_side_row","false","true","h_025_035","-","-","+520-233-240+"
"297.2","H-874","2","2","Harappa","TAB:B","Clay","cylindrical","Y","R/L","3","clean_side_row","false","true","h_025_035","-","-","+400-740-455+"
"1758.1","H-875","1","2","Harappa","TAB:B","Clay","cuboid","Y","R/L","4","clean_side_row","false","true","h_025_035","v_000_010","-","+400-740-840-013+"
"1758.2","H-875","2","2","Harappa","TAB:B","Clay","cuboid","Y","R/L","3","clean_side_row","false","true","h_025_035","v_000_010","-","+617-798-003+"
"1759.1","H-876","1","2","Harappa","TAB:B","Steatite","cylindrical","Y","R/L","3","clean_side_row","false","true","h_015_025","-","-","+200-705-380+"
"1759.2","H-876","2","2","Harappa","TAB:B","Steatite","cylindrical","Y","R/L","2","clean_side_row","true","false","h_015_025","-","-","+700-033+"
"1760.1","H-877","1","3","Harappa","TAB:B","Faience","rectangular","N","R/L","2","usable_uncertain_side_row","false","false","h_015_025","v_000_010","-","+000-000+"
"1760.2","H-877","2","3","Harappa","TAB:B","Faience","rectangular","Y","R/L","2","clean_side_row","true","false","h_015_025","v_000_010","-","+700-032+"
"1760.3","H-877","3","3","Harappa","TAB:B","Faience","rectangular","N","R/L","2","usable_uncertain_side_row","false","false","h_015_025","v_000_010","-","+740-000+"
"1761.1","H-878","1","2","Harappa","TAB:B","Clay","cylindrical","-","R/L","2","audit_only_side_row","false","false","h_000_015","-","-","]705-692["
"1761.2","H-878","2","2","Harappa","TAB:B","Clay","cylindrical","N","-","1","audit_only_side_row","false","false","h_000_015","-","-","]000+"
"1767.1","H-884","1","2","Harappa","TAB:I","Steatite","rectangular","Y","NR","1","usable_uncertain_side_row","false","false","h_000_015","v_000_010","-","+220+"
"1767.2","H-884","2","2","Harappa","TAB:I","Steatite","rectangular","N","R/L","3","usable_uncertain_side_row","false","false","h_000_015","v_000_010","-","+585-000-032+"
"1772.1","H-890","1","2","Harappa","TAB:I","Steatite","rectangular","Y","R/L","4","clean_side_row","false","true","h_015_025","v_000_010","-","+740-048-741-851+"
"1772.2","H-890","2","2","Harappa","TAB:I","Steatite","rectangular","N","R/L","5","usable_uncertain_side_row","false","false","h_015_025","v_000_010","-","+000-711-335-575-413+"
"1773.1","H-891","1","2","Harappa","TAB:I","Steatite","rectangular","Y","R/L","2","clean_side_row","true","false","h_015_025","v_000_010","-","+700-033+"
"1773.2","H-891","2","2","Harappa","TAB:I","Steatite","rectangular","N","R/L","5","usable_uncertain_side_row","false","false","h_015_025","v_000_010","-","+400-740-590-017-000+"
"1774.1","H-892","1","2","Harappa","TAB:I","Steatite","rectangular","Y","R/L","4","clean_side_row","false","true","h_015_025","v_010_020","-","+400-740-336-176+"
"1774.2","H-892","2","2","Harappa","TAB:I","Steatite","rectangular","Y","R/L","2","clean_side_row","true","false","h_015_025","v_010_020","-","+034-700+"
"1775.1","H-893","1","2","Harappa","TAB:I","Steatite","rectangular","Y","R/L","3","clean_side_row","false","true","h_000_015","v_000_010","-","+400-740-337+"
"1775.2","H-893","2","2","Harappa","TAB:I","Steatite","rectangular","Y","R/L","2","clean_side_row","true","false","h_000_015","v_000_010","-","+700-034+"
"1776.1","H-894","1","2","Harappa","TAB:I","Steatite","rectangular","Y","R/L","4","clean_side_row","false","true","h_015_025","v_000_010","-","+400-740-636-240+"
"1776.2","H-894","2","2","Harappa","TAB:I","Steatite","rectangular","Y","R/L","2","clean_side_row","true","false","h_015_025","v_000_010","-","+700-125+"
"1777.1","H-895","1","2","Harappa","TAB:I","-","rectangular","-","R/L","2","audit_only_side_row","false","false","-","-","-","]700-390+"
"1777.2","H-895","2","2","Harappa","TAB:I","-","rectangular","N","R/L","4","audit_only_side_row","false","false","-","-","-","+400-740-630-000["
"1778.1","H-896","1","2","Harappa","TAB:I","Steatite","rectangular","Y","R/L","3","clean_side_row","false","true","h_015_025","v_000_010","th_gt_012","+868-705-590+"
"1778.2","H-896","2","2","Harappa","TAB:I","Steatite","rectangular","Y","R/L","4","clean_side_row","false","true","h_015_025","v_000_010","th_gt_012","+400-156-435-255+"
"4052.1","H-897","1","2","Harappa","TAB:I","-","rectangular","Y","R/L","4","clean_side_row","false","true","h_015_025","v_000_010","-","+400-156-435-255+"
"4052.2","H-897","2","2","Harappa","TAB:I","-","rectangular","Y","R/L","3","clean_side_row","false","true","h_015_025","v_000_010","-","+868-706-590+"
"1780.1","H-898","1","2","Harappa","TAB:I","Steatite","rectangular","-","-","1","audit_only_side_row","false","false","h_000_015","v_000_010","-","]590+"
"1780.2","H-898","2","2","Harappa","TAB:I","Steatite","rectangular","-","R/L","3","audit_only_side_row","false","false","h_000_015","v_000_010","-","]156-435-255+"
"1781.1","H-899","1","2","Harappa","TAB:I","Steatite","rectangular","Y","R/L","3","clean_side_row","false","true","h_015_025","v_000_010","-","+868-705-590+"
"1781.2","H-899","2","2","Harappa","TAB:I","Steatite","rectangular","Y","R/L","4","clean_side_row","false","true","h_015_025","v_000_010","-","+400-520-231-240+"
"1782.1","H-900","1","2","Harappa","TAB:I","Steatite","rectangular","Y","R/L","4","clean_side_row","false","true","h_000_015","v_000_010","-","+400-740-817-491+"
"1782.2","H-900","2","2","Harappa","TAB:I","Steatite","rectangular","Y","R/L","2","clean_side_row","true","false","h_000_015","v_000_010","-","+700-033+"
"1783.1","H-901","1","2","Harappa","TAB:I","Steatite","rectangular","-","R/L","2","audit_only_side_row","false","false","h_000_015","v_000_010","-","]368-817+"
"1783.2","H-901","2","2","Harappa","TAB:I","Steatite","rectangular","-","R/L","2","audit_only_side_row","false","false","h_000_015","v_000_010","-","]776-495+"
"1784.1","H-902","1","2","Harappa","TAB:I","Steatite","rectangular","-","R/L","2","audit_only_side_row","false","false","-","v_000_010","-","]368-817+"
"1784.2","H-902","2","2","Harappa","TAB:I","Steatite","rectangular","-","R/L","2","audit_only_side_row","false","false","-","v_000_010","-","]776-495+"
"1785.1","H-903","1","2","Harappa","TAB:I","Steatite","rectangular","Y","R/L","3","clean_side_row","false","true","h_015_025","v_000_010","-","+740-760-240+"
"1785.2","H-903","2","2","Harappa","TAB:I","Steatite","rectangular","Y","R/L","5","clean_side_row","false","true","h_015_025","v_000_010","-","+700-034-690-368-817+"
"1786.1","H-904","1","2","Harappa","TAB:I","Steatite","rectangular","Y","R/L","4","clean_side_row","false","true","h_015_025","v_000_010","-","+740-032-840-002+"
"1786.2","H-904","2","2","Harappa","TAB:I","Steatite","rectangular","Y","R/L","6","clean_side_row","false","true","h_015_025","v_000_010","-","+700-033-900-645-368-817+"
"1787.1","H-905","1","2","Harappa","TAB:I","Steatite","rectangular","Y","R/L","3","clean_side_row","false","true","h_015_025","v_000_010","-","+824-892-413+"
"1787.2","H-905","2","2","Harappa","TAB:I","Steatite","rectangular","Y","R/L","7","clean_side_row","false","true","h_015_025","v_000_010","-","+400-740-636-240-031-032-171+"
"1788.1","H-906","1","2","Harappa","TAB:I","-","rectangular","Y","R/L","3","clean_side_row","false","true","-","v_000_010","-","+824-892-413+"
"1788.2","H-906","2","2","Harappa","TAB:I","-","rectangular","Y","R/L","2","clean_side_row","true","false","-","v_000_010","-","+151-229+"
"1789.1","H-907","1","2","Harappa","TAB:I","Steatite","rectangular","N","-","2","audit_only_side_row","false","false","-","v_000_010","-","]000-235+"
"1789.2","H-907","2","2","Harappa","TAB:I","Steatite","rectangular","N","-","2","audit_only_side_row","false","false","-","v_000_010","-","+824-000["
"1790.1","H-908","1","2","Harappa","TAB:I","Steatite","rectangular","Y","-","2","usable_uncertain_side_row","false","false","h_015_025","v_000_010","-","+824-852+"
"1790.2","H-908","2","2","Harappa","TAB:I","Steatite","rectangular","Y","-","2","usable_uncertain_side_row","false","false","h_015_025","v_000_010","-","+892-831+"
"1791.1","H-909","1","2","Harappa","TAB:I","-","rectangular","N","R/L","3","audit_only_side_row","false","false","-","v_000_010","-","+002-820-000["
"1791.2","H-909","2","2","Harappa","TAB:I","-","rectangular","N","R/L","3","audit_only_side_row","false","false","-","v_000_010","-","+869-700-000["
"1792.1","H-910","1","2","Harappa","TAB:I","Steatite","rectangular","Y","R/L","3","clean_side_row","false","true","h_000_015","v_000_010","-","+002-861-416+"
"1792.2","H-910","2","2","Harappa","TAB:I","Steatite","rectangular","Y","R/L","2","clean_side_row","true","false","h_000_015","v_000_010","-","+700-034+"
"310.1","H-911","1","2","Harappa","TAB:I","Steatite","rectangular","Y","R/L","3","clean_side_row","false","true","h_015_025","v_000_010","-","+416-590-033+"
"310.2","H-911","2","2","Harappa","TAB:I","Steatite","rectangular","Y","R/L","2","clean_side_row","true","false","h_015_025","v_000_010","-","+033-255+"
"1793.1","H-912","1","2","Harappa","TAB:I","Steatite","rectangular","Y","R/L","5","clean_side_row","false","true","h_015_025","v_000_010","-","+400-740-760-220-416+"
"1793.2","H-912","2","2","Harappa","TAB:I","Steatite","rectangular","Y","R/L","3","clean_side_row","false","true","h_015_025","v_000_010","-","+220-700-004+"
"1794.1","H-914","1","2","Harappa","TAB:I","Steatite","rectangular","N","R/L","3","usable_uncertain_side_row","false","false","h_015_025","v_000_010","-","+415-033-000+"
"1794.2","H-914","2","2","Harappa","TAB:I","Steatite","rectangular","Y","R/L","2","clean_side_row","true","false","h_015_025","v_000_010","-","+700-033+"
"1795.1","H-915","1","2","Harappa","TAB:I","Steatite","rectangular","N","R/L","2","usable_uncertain_side_row","false","false","-","v_000_010","-","+700-000+"
"1795.2","H-915","2","2","Harappa","TAB:I","Steatite","rectangular","N","R/L","3","usable_uncertain_side_row","false","false","-","v_000_010","-","+000-000-000+"
"1796.1","H-916","1","2","Harappa","TAB:I","Steatite","rectangular","Y","R/L","4","clean_side_row","false","true","h_015_025","v_000_010","-","+400-740-032-059+"
"1796.2","H-916","2","2","Harappa","TAB:I","Steatite","rectangular","Y","R/L","2","clean_side_row","true","false","h_015_025","v_000_010","-","+700-033+"
"1797.1","H-917","1","2","Harappa","TAB:I","Steatite","rectangular","Y","R/L","2","clean_side_row","true","false","h_015_025","v_000_010","-","+690-687+"
"1797.2","H-917","2","2","Harappa","TAB:I","Steatite","rectangular","Y","R/L","4","clean_side_row","false","true","h_015_025","v_000_010","-","+400-740-032-027+"
"1798.1","H-918","1","2","Harappa","TAB:I","Steatite","rectangular","Y","R/L","2","clean_side_row","true","false","h_015_025","v_000_010","-","+692-687+"
"1798.2","H-918","2","2","Harappa","TAB:I","Steatite","rectangular","N","R/L","4","usable_uncertain_side_row","false","false","h_015_025","v_000_010","-","+400-740-032-000+"
"1799.1","H-919","1","2","Harappa","TAB:I","-","rectangular","Y","R/L","2","clean_side_row","true","false","-","v_000_010","-","+690-687+"
"1799.2","H-919","2","2","Harappa","TAB:I","-","rectangular","Y","R/L","3","clean_side_row","false","true","-","v_000_010","-","+740-636-240+"
"1800.1","H-920","1","2","Harappa","TAB:I","Steatite","rectangular","-","-","1","audit_only_side_row","false","false","-","-","-","]692["
"1800.2","H-920","2","2","Harappa","TAB:I","Steatite","rectangular","-","-","1","audit_only_side_row","false","false","-","-","-","]003["
"1801.1","H-921","1","2","Harappa","TAB:I","Steatite","rectangular","Y","R/L","2","clean_side_row","true","false","h_000_015","v_000_010","-","+861-003+"
"1801.2","H-921","2","2","Harappa","TAB:I","Steatite","rectangular","Y","R/L","3","clean_side_row","false","true","h_000_015","v_000_010","-","+740-255-061+"
"1802.1","H-922","1","2","Harappa","TAB:I","Steatite","rectangular","Y","R/L","2","clean_side_row","true","false","h_000_015","v_000_010","-","+861-003+"
"1802.2","H-922","2","2","Harappa","TAB:I","Steatite","rectangular","Y","R/L","2","clean_side_row","true","false","h_000_015","v_000_010","-","+520-031+"
"1803.1","H-923","1","2","Harappa","TAB:I","Steatite","rectangular","Y","R/L","2","clean_side_row","true","false","h_000_015","v_000_010","-","+861-003+"
"1803.2","H-923","2","2","Harappa","TAB:I","Steatite","rectangular","Y","R/L","2","clean_side_row","true","false","h_000_015","v_000_010","-","+520-031+"
"1804.1","H-924","1","2","Harappa","TAB:I","-","rectangular","Y","R/L","3","clean_side_row","false","true","h_000_015","v_000_010","-","+740-840-013+"
"1804.2","H-924","2","2","Harappa","TAB:I","-","rectangular","Y","R/L","2","clean_side_row","true","false","h_000_015","v_000_010","-","+700-033+"
"1805.1","H-925","1","2","Harappa","TAB:I","Steatite","rectangular","Y","R/L","3","clean_side_row","false","true","h_000_015","v_000_010","-","+740-840-013+"
"1805.2","H-925","2","2","Harappa","TAB:I","Steatite","rectangular","Y","R/L","2","clean_side_row","true","false","h_000_015","v_000_010","-","+700-033+"
"1806.1","H-926","1","2","Harappa","TAB:I","Steatite","rectangular","N","R/L","5","usable_uncertain_side_row","false","false","h_015_025","v_010_020","-","+400-740-840-000-220+"
"1806.2","H-926","2","2","Harappa","TAB:I","Steatite","rectangular","Y","R/L","2","clean_side_row","true","false","h_015_025","v_010_020","-","+700-032+"
"1807.1","H-927","1","2","Harappa","TAB:I","Steatite","rectangular","Y","R/L","2","clean_side_row","true","false","h_000_015","v_000_010","-","+700-033+"
"1807.2","H-927","2","2","Harappa","TAB:I","Steatite","rectangular","Y","R/L","2","clean_side_row","true","false","h_000_015","v_000_010","-","+368-900+"
"1808.1","H-928","1","2","Harappa","TAB:I","Steatite","rectangular","Y","R/L","2","clean_side_row","true","false","h_000_015","v_000_010","-","+700-033+"
"1808.2","H-928","2","2","Harappa","TAB:I","Steatite","rectangular","Y","R/L","2","clean_side_row","true","false","h_000_015","v_000_010","-","+368-900+"
"1809.1","H-929","1","2","Harappa","TAB:I","Steatite","rectangular","Y","R/L","2","clean_side_row","true","false","h_000_015","v_000_010","-","+700-033+"
"1809.2","H-929","2","2","Harappa","TAB:I","Steatite","rectangular","Y","R/L","2","clean_side_row","true","false","h_000_015","v_000_010","-","+368-900+"
"1810.1","H-930","1","2","Harappa","TAB:I","Steatite","rectangular","Y","R/L","3","clean_side_row","false","true","h_000_015","v_000_010","-","+740-900-004+"
"1810.2","H-930","2","2","Harappa","TAB:I","Steatite","rectangular","Y","R/L","2","clean_side_row","true","false","h_000_015","v_000_010","-","+700-032+"
"1811.1","H-931","1","2","Harappa","TAB:I","Steatite","rectangular","N","R/L","3","usable_uncertain_side_row","false","false","h_000_015","v_000_010","-","+000-000-000+"
"1811.2","H-931","2","2","Harappa","TAB:I","Steatite","rectangular","Y","R/L","2","clean_side_row","true","false","h_000_015","v_000_010","-","+033-700+"
"1812.1","H-932","1","2","Harappa","TAB:I","Steatite","rectangular","Y","L/R","3","clean_side_row","false","true","h_000_015","v_000_010","-","+400-740-176+"
"1812.2","H-932","2","2","Harappa","TAB:I","Steatite","rectangular","N","-","2","usable_uncertain_side_row","false","false","h_000_015","v_000_010","-","+000-000+"
"1813.1","H-933","1","2","Harappa","TAB:I","-","rectangular","Y","R/L","2","clean_side_row","true","false","h_000_015","v_000_010","-","+034-700+"
"1813.2","H-933","2","2","Harappa","TAB:I","-","rectangular","Y","L/R","3","clean_side_row","false","true","h_000_015","v_000_010","-","+400-740-176+"
"1814.1","H-934","1","2","Harappa","TAB:I","Steatite","rectangular","Y","R/L","2","clean_side_row","true","false","h_000_015","v_000_010","-","+700-033+"
"1814.2","H-934","2","2","Harappa","TAB:I","Steatite","rectangular","Y","R/L","3","clean_side_row","false","true","h_000_015","v_000_010","-","+400-740-176+"
"1815.1","H-935","1","2","Harappa","TAB:I","Steatite","rectangular","Y","R/L","3","clean_side_row","false","true","h_000_015","v_000_010","-","+400-740-176+"
"1815.2","H-935","2","2","Harappa","TAB:I","Steatite","rectangular","Y","R/L","2","clean_side_row","true","false","h_000_015","v_000_010","-","+700-033+"
"1816.1","H-936","1","2","Harappa","TAB:I","Steatite","rectangular","Y","R/L","3","clean_side_row","false","true","h_000_015","v_010_020","-","+400-740-176+"
"1816.2","H-936","2","2","Harappa","TAB:I","Steatite","rectangular","Y","R/L","2","clean_side_row","true","false","h_000_015","v_010_020","-","+700-034+"
"1817.1","H-937","1","2","Harappa","TAB:I","Steatite","rectangular","Y","R/L","3","clean_side_row","false","true","-","v_000_010","-","+400-740-176+"
"1817.2","H-937","2","2","Harappa","TAB:I","Steatite","rectangular","N","R/L","2","usable_uncertain_side_row","false","false","-","v_000_010","-","+000-033+"
"1818.1","H-938","1","2","Harappa","TAB:I","Steatite","rectangular","Y","L/R","3","clean_side_row","false","true","h_000_015","v_000_010","-","+520-220-415+"
"1818.2","H-938","2","2","Harappa","TAB:I","Steatite","rectangular","Y","R/L","2","clean_side_row","true","false","h_000_015","v_000_010","-","+034-700+"
"1819.1","H-939","1","2","Harappa","TAB:I","Steatite","rectangular","Y","L/R","2","clean_side_row","true","false","h_015_025","v_000_010","-","+700-034+"
"1819.2","H-939","2","2","Harappa","TAB:I","Steatite","rectangular","Y","L/R","3","clean_side_row","false","true","h_015_025","v_000_010","-","+520-220-415+"
"1820.1","H-940","1","2","Harappa","TAB:I","Steatite","rectangular","Y","R/L","3","clean_side_row","false","true","h_015_025","v_000_010","-","+520-220-415+"
"1820.2","H-940","2","2","Harappa","TAB:I","Steatite","rectangular","Y","NR","1","usable_uncertain_side_row","false","false","h_015_025","v_000_010","-","+110+"
"1821.1","H-941","1","2","Harappa","TAB:I","Steatite","rectangular","Y","R/L","4","clean_side_row","false","true","h_000_015","v_000_010","-","+590-032-645-003+"
"1821.2","H-941","2","2","Harappa","TAB:I","Steatite","rectangular","Y","R/L","3","clean_side_row","false","true","h_000_015","v_000_010","-","+520-220-415+"
"1822.1","H-942","1","2","Harappa","TAB:I","Steatite","rectangular","Y","L/R","3","clean_side_row","false","true","h_000_015","v_000_010","-","+520-220-016+"
"1822.2","H-942","2","2","Harappa","TAB:I","Steatite","rectangular","Y","R/L","2","clean_side_row","true","false","h_000_015","v_000_010","-","+033-700+"
"1823.1","H-943","1","2","Harappa","TAB:I","Steatite","rectangular","Y","R/L","3","clean_side_row","false","true","h_015_025","v_000_010","-","+400-158-592+"
"1823.2","H-943","2","2","Harappa","TAB:I","Steatite","rectangular","Y","R/L","2","clean_side_row","true","false","h_015_025","v_000_010","-","+700-032+"
"1824.1","H-944","1","2","Harappa","TAB:I","Steatite","rectangular","Y","R/L","3","clean_side_row","false","true","h_015_025","v_000_010","-","+400-158-592+"
"1824.2","H-944","2","2","Harappa","TAB:I","Steatite","rectangular","Y","R/L","2","clean_side_row","true","false","h_015_025","v_000_010","-","+700-032+"
"1825.1","H-945","1","2","Harappa","TAB:I","Steatite","rectangular","Y","R/L","2","clean_side_row","true","false","h_000_015","v_000_010","-","+400-234+"
"1825.2","H-945","2","2","Harappa","TAB:I","Steatite","rectangular","Y","R/L","2","clean_side_row","true","false","h_000_015","v_000_010","-","+034-700+"
"1826.1","H-946","1","2","Harappa","TAB:I","Steatite","rectangular","Y","R/L","2","clean_side_row","true","false","h_000_015","v_000_010","-","+700-034+"
"1826.2","H-946","2","2","Harappa","TAB:I","Steatite","rectangular","Y","R/L","2","clean_side_row","true","false","h_000_015","v_000_010","-","+400-234+"
"1827.1","H-947","1","2","Harappa","TAB:I","Steatite","rectangular","Y","R/L","2","clean_side_row","true","false","h_000_015","v_000_010","-","+400-236+"
"1827.2","H-947","2","2","Harappa","TAB:I","Steatite","rectangular","Y","R/L","2","clean_side_row","true","false","h_000_015","v_000_010","-","+700-034+"
"1828.1","H-948","1","2","Harappa","TAB:I","Steatite","rectangular","Y","R/L","3","clean_side_row","false","true","h_015_025","v_000_010","-","+400-151-229+"
"1828.2","H-948","2","2","Harappa","TAB:I","Steatite","rectangular","Y","R/L","2","clean_side_row","true","false","h_015_025","v_000_010","-","+700-033+"
"1829.1","H-949","1","2","Harappa","TAB:I","Steatite","rectangular","Y","R/L","2","clean_side_row","true","false","h_015_025","v_000_010","-","+700-033+"
"1829.2","H-949","2","2","Harappa","TAB:I","Steatite","rectangular","Y","R/L","2","clean_side_row","true","false","h_015_025","v_000_010","-","+151-229+"
"1830.1","H-950","1","2","Harappa","TAB:I","Steatite","rectangular","Y","R/L","4","clean_side_row","false","true","h_015_025","v_000_010","-","+710-455-220-032+"
"1830.2","H-950","2","2","Harappa","TAB:I","Steatite","rectangular","Y","R/L","2","clean_side_row","true","false","h_015_025","v_000_010","-","+033-700+"
"1831.1","H-951","1","2","Harappa","TAB:I","Steatite","rectangular","Y","R/L","4","clean_side_row","false","true","h_000_015","v_000_010","-","+388-134-368-590+"
"1831.2","H-951","2","2","Harappa","TAB:I","Steatite","rectangular","Y","R/L","2","clean_side_row","true","false","h_000_015","v_000_010","-","+700-033+"
"1832.1","H-952","1","2","Harappa","TAB:I","Steatite","rectangular","Y","R/L","2","clean_side_row","true","false","h_000_015","v_000_010","-","+740-564+"
"1832.2","H-952","2","2","Harappa","TAB:I","Steatite","rectangular","Y","R/L","2","clean_side_row","true","false","h_000_015","v_000_010","-","+700-034+"
"1833.1","H-953","1","2","Harappa","TAB:I","-","rectangular","Y","R/L","2","clean_side_row","true","false","h_000_015","v_000_010","-","+700-034+"
"1833.2","H-953","2","2","Harappa","TAB:I","-","rectangular","N","R/L","3","usable_uncertain_side_row","false","false","h_000_015","v_000_010","-","+000-550-556+"
"1835.1","H-955","1","2","Harappa","TAB:I","Steatite","-","N","R/L","2","usable_uncertain_side_row","false","false","-","v_000_010","-","+700-000+"
"1835.2","H-955","2","2","Harappa","TAB:I","Steatite","-","N","-","1","audit_only_side_row","false","false","-","v_000_010","-","]000+"
"1836.1","H-959","1","2","Harappa","TAB:I","Steatite","oval","Y","L/R","3","clean_side_row","false","true","h_015_025","v_000_010","-","+400-740-178+"
"1836.2","H-959","2","2","Harappa","TAB:I","Steatite","oval","Y","R/L","2","clean_side_row","true","false","h_015_025","v_000_010","-","+700-033+"
"1837.1","H-960","1","2","Harappa","TAB:I","Steatite","oval","Y","R/L","2","clean_side_row","true","false","h_000_015","v_000_010","-","+700-034+"
"1837.2","H-960","2","2","Harappa","TAB:I","Steatite","oval","Y","R/L","3","clean_side_row","false","true","h_000_015","v_000_010","-","+400-740-176+"
"1838.1","H-961","1","2","Harappa","TAB:I","Steatite","rectangular-rounded","N","R/L","3","usable_uncertain_side_row","false","false","h_015_025","v_000_010","-","+000-740-176+"
"1838.2","H-961","2","2","Harappa","TAB:I","Steatite","rectangular-rounded","Y","R/L","2","clean_side_row","true","false","h_015_025","v_000_010","-","+700-033+"
"1839.1","H-962","1","2","Harappa","TAB:I","Steatite","oval","Y","R/L","3","clean_side_row","false","true","h_000_015","v_000_010","-","+400-740-176+"
"1839.2","H-962","2","2","Harappa","TAB:I","Steatite","oval","Y","R/L","2","clean_side_row","true","false","h_000_015","v_000_010","-","+700-032+"
"1840.1","H-963","1","2","Harappa","TAB:I","Steatite","circular","-","R/L","2","audit_only_side_row","false","false","h_000_015","v_000_010","-","]740-176+"
"1840.2","H-963","2","2","Harappa","TAB:I","Steatite","circular","Y","R/L","2","clean_side_row","true","false","h_000_015","v_000_010","-","+700-032+"
"1841.1","H-964","1","2","Harappa","TAB:I","Steatite","rectangular-rounded","N","R/L","2","audit_only_side_row","false","false","-","v_000_010","-","]000-034+"
"1841.2","H-964","2","2","Harappa","TAB:I","Steatite","rectangular-rounded","N","R/L","3","audit_only_side_row","false","false","-","v_000_010","-","+400-740-000["
"1842.1","H-965","1","2","Harappa","TAB:I","Steatite","rectangular-round","Y","L/R","4","clean_side_row","false","true","h_015_025","v_010_020","-","+740-690-636-240+"
"1842.2","H-965","2","2","Harappa","TAB:I","Steatite","rectangular-round","Y","R/L","2","clean_side_row","true","false","h_015_025","v_010_020","-","+700-032+"
"1843.1","H-966","1","2","Harappa","TAB:I","-","rectangular-rounded","Y","L/R","4","clean_side_row","false","true","-","v_010_020","-","+740-690-636-240+"
"1843.2","H-966","2","2","Harappa","TAB:I","-","rectangular-rounded","Y","R/L","2","clean_side_row","true","false","-","v_010_020","-","+700-032+"
"1845.1","H-968","1","2","Harappa","TAB:I","-","rectangular-round","Y","L/R","2","clean_side_row","true","false","h_015_025","v_000_010","-","+700-032+"
"1845.2","H-968","2","2","Harappa","TAB:I","-","rectangular-round","Y","L/R","3","clean_side_row","false","true","h_015_025","v_000_010","-","+526-550-233+"
"1846.1","H-969","1","2","Harappa","TAB:B","-","elliptical","Y","R/L","2","clean_side_row","true","false","h_015_025","v_000_010","-","+700-032+"
"1846.2","H-969","2","2","Harappa","TAB:B","-","elliptical","N","R/L","3","usable_uncertain_side_row","false","false","h_015_025","v_000_010","-","+740-000-000+"
"1847.1","H-970","1","2","Harappa","TAB:I","Steatite","elliptical","N","R/L","2","audit_only_side_row","false","false","h_015_025","v_000_010","-","+740-000["
"1847.2","H-970","2","2","Harappa","TAB:I","Steatite","elliptical","-","R/L","1","audit_only_side_row","false","false","h_015_025","v_000_010","-","]032+"
"1848.1","H-971","1","2","Harappa","TAB:I","Steatite","notched oval","-","R/L","2","audit_only_side_row","false","false","-","-","-","]035-171+"
"1848.2","H-971","2","2","Harappa","TAB:I","Steatite","notched oval","-","-","1","audit_only_side_row","false","false","-","-","-","]032+"
"1850.1","H-973","1","2","Harappa","TAB:I","Steatite","circular","Y","NR","1","usable_uncertain_side_row","false","false","-","-","-","+220+"
"1850.2","H-973","2","2","Harappa","TAB:I","Steatite","circular","N","R/L","4","usable_uncertain_side_row","false","false","-","-","-","+400-740-760-000+"
"1852.1","H-975","1","2","Harappa","TAB:I","Steatite","prism","Y","R/L","3","clean_side_row","false","true","h_000_015","v_000_010","-","+740-760-382+"
"1852.2","H-975","2","2","Harappa","TAB:I","Steatite","prism","Y","R/L","2","clean_side_row","true","false","h_000_015","v_000_010","-","+700-032+"
"1853.1","H-976","1","2","Harappa","TAB:I","Steatite","prism","Y","R/L","2","clean_side_row","true","false","h_000_015","v_000_010","-","+400-137+"
"1853.2","H-976","2","2","Harappa","TAB:I","Steatite","prism","Y","R/L","2","clean_side_row","true","false","h_000_015","v_000_010","-","+700-033+"
"1854.1","H-977","1","2","Harappa","TAB:I","Steatite","prism","N","R/L","4","audit_only_side_row","false","false","-","v_000_010","-","+400-740-032-000["
"1854.2","H-977","2","2","Harappa","TAB:I","Steatite","prism","N","R/L","2","audit_only_side_row","false","false","-","v_000_010","-","]000-034+"
"1855.1","H-978","1","2","Harappa","TAB:I","Steatite","prism","Y","R/L","3","clean_side_row","false","true","h_015_025","v_000_010","-","+400-740-176+"
"1855.2","H-978","2","2","Harappa","TAB:I","Steatite","prism","Y","R/L","2","clean_side_row","true","false","h_015_025","v_000_010","-","+700-033+"
"1856.1","H-979","1","2","Harappa","TAB:I","-","prism","Y","R/L","2","clean_side_row","true","false","h_015_025","v_000_010","-","+700-033+"
"1856.2","H-979","2","2","Harappa","TAB:I","-","prism","Y","R/L","3","clean_side_row","false","true","h_015_025","v_000_010","-","+400-740-176+"
"4602.1","H-980","1","2","Harappa","TAB:I","-","prism","N","-","2","usable_uncertain_side_row","false","false","h_015_025","-","-","+000-740+"
"4602.2","H-980","2","2","Harappa","TAB:I","-","prism","N","-","2","usable_uncertain_side_row","false","false","h_015_025","-","-","+700-000+"
"1857.1","H-981","1","2","Harappa","TAB:I","Steatite","prism","-","R/L","2","audit_only_side_row","false","false","h_000_015","v_000_010","-","]740-176["
"1857.2","H-981","2","2","Harappa","TAB:I","Steatite","prism","N","R/L","2","audit_only_side_row","false","false","h_000_015","v_000_010","-","+700-000["
"1858.1","H-982","1","2","Harappa","SEAL:R","Steatite","prism","Y","R/L","3","clean_side_row","false","true","h_000_015","v_000_010","-","+740-388-031+"
"1858.2","H-982","2","2","Harappa","SEAL:R","Steatite","prism","Y","R/L","2","clean_side_row","true","false","h_000_015","v_000_010","-","+700-034+"
"1859.1","H-983","1","2","Harappa","TAB:I","Steatite","prism","Y","R/L","4","clean_side_row","false","true","h_015_025","v_000_010","-","+400-740-637-240+"
"1859.2","H-983","2","2","Harappa","TAB:I","Steatite","prism","Y","R/L","2","clean_side_row","true","false","h_015_025","v_000_010","-","+700-034+"
"1860.1","H-984","1","2","Harappa","TAB:I","Steatite","prism","-","R/L","3","audit_only_side_row","false","false","-","v_000_010","-","+400-740-637["
"1860.2","H-984","2","2","Harappa","TAB:I","Steatite","prism","N","R/L","2","usable_uncertain_side_row","false","false","-","v_000_010","-","+700-000+"
"1861.1","H-985","1","2","Harappa","TAB:I","-","prism","Y","R/L","2","clean_side_row","true","false","h_015_025","v_000_010","-","+700-034+"
"1861.2","H-985","2","2","Harappa","TAB:I","-","prism","Y","R/L","3","clean_side_row","false","true","h_015_025","v_000_010","-","+156-435-255+"
"1862.1","H-986","1","3","Harappa","TAB:I","Steatite","prism","N","R/L","6","usable_uncertain_side_row","false","false","h_015_025","v_000_010","-","+000-000-000-000-000-000+"
"1862.2","H-986","2","3","Harappa","TAB:I","Steatite","prism","Y","R/L","2","clean_side_row","true","false","h_015_025","v_000_010","-","+700-033+"
"1862.3","H-986","3","3","Harappa","TAB:I","Steatite","prism","N","R/L","3","usable_uncertain_side_row","false","false","h_015_025","v_000_010","-","+000-000-000+"
"1863.1","H-987","1","3","Harappa","TAB:I","Steatite","prism","Y","R/L","3","clean_side_row","false","true","h_015_025","v_000_010","-","+690-365-817+"
"1863.2","H-987","2","3","Harappa","TAB:I","Steatite","prism","Y","R/L","2","clean_side_row","true","false","h_015_025","v_000_010","-","+700-033+"
"1863.3","H-987","3","3","Harappa","TAB:I","Steatite","prism","Y","R/L","3","clean_side_row","false","true","h_015_025","v_000_010","-","+400-740-176+"
"1864.1","H-988","1","2","Harappa","TAB:I","Steatite","cuboid","Y","R/L","3","clean_side_row","false","true","h_015_025","v_000_010","-","+824-892-413+"
"1864.2","H-988","2","2","Harappa","TAB:I","Steatite","cuboid","Y","R/L","7","clean_side_row","false","true","h_015_025","v_000_010","-","+400-740-636-240-031-032-171+"
"1965.1","K-121","1","2","Kalibangan","ROD","Copper","-","N","T/B","5","usable_uncertain_side_row","false","false","h_000_015","v_gt_030","th_007_012","+090-740-240-032-000+"
"1965.2","K-121","2","2","Kalibangan","ROD","Copper","-","N","T/B","2","usable_uncertain_side_row","false","false","h_000_015","v_gt_030","th_007_012","+913-000+"
"1966.1","K-122","1","2","Kalibangan","IMPL","Copper","-","Y","T/B","3","clean_side_row","false","true","h_gt_035","v_gt_030","th_003_007","+266-628-817+"
"1966.2","K-122","2","2","Kalibangan","IMPL","Copper","-","Y","NR","1","usable_uncertain_side_row","false","false","h_gt_035","v_gt_030","th_003_007","+005+"
"1926.1","K-68","1","2","Kalibangan","TAB:B","Faience","cuboid","Y","R/L","3","clean_side_row","false","true","h_000_015","v_000_010","th_003_007","+400-740-263+"
"1926.2","K-68","2","2","Kalibangan","TAB:B","Faience","cuboid","Y","R/L","2","clean_side_row","true","false","h_000_015","v_000_010","th_003_007","+700-032+"
"1934.1","K-77","1","2","Kalibangan","TAB:B","Faience","cuboid","N","L/R","3","audit_only_side_row","false","false","-","v_010_020","th_003_007","+400-740-000["
"1934.2","K-77","2","2","Kalibangan","TAB:B","Faience","cuboid","-","-","1","audit_only_side_row","false","false","-","v_010_020","th_003_007","]033["
"1941.1","K-86","1","4","Kalibangan","TAG:L","-","-","N","R/L","5","usable_uncertain_side_row","false","false","-","-","-","+000-000-000-000-550+"
"1941.2","K-86","2","4","Kalibangan","TAG:L","-","-","N","-","1","audit_only_side_row","false","false","-","-","-","]000["
"1941.3","K-86","3","4","Kalibangan","TAG:L","-","-","N","-","1","audit_only_side_row","false","false","-","-","-","]000["
"1941.4","K-86","4","4","Kalibangan","TAG:L","-","-","N","-","1","audit_only_side_row","false","false","-","-","-","]000["
"1942.1","K-87","1","2","Kalibangan","TAG:L","-","-","N","R/L","2","audit_only_side_row","false","false","-","-","-","+740-000["
"1942.2","K-87","2","2","Kalibangan","TAG:L","-","-","N","R/L","5","audit_only_side_row","false","false","-","-","-","+740-000-000-002-861["
"1943.1","K-88","1","4","Kalibangan","TAG:L","-","-","N","R/L","5","usable_uncertain_side_row","false","false","-","-","-","+740-000-460-002-861+"
"1943.2","K-88","2","4","Kalibangan","TAG:L","-","-","N","R/L","4","audit_only_side_row","false","false","-","-","-","+740-000-000-000["
"1943.3","K-88","3","4","Kalibangan","TAG:L","-","-","N","R/L","2","audit_only_side_row","false","false","-","-","-","+000-000["
"1943.4","K-88","4","4","Kalibangan","TAG:L","-","-","N","R/L","4","audit_only_side_row","false","false","-","-","-","+000-000-000-000["
"1944.1","K-89","1","4","Kalibangan","TAG:L","-","-","Y","R/L","6","clean_side_row","false","true","-","-","-","+090-740-362-002-360-832+"
"1944.2","K-89","2","4","Kalibangan","TAG:L","-","-","N","R/L","6","usable_uncertain_side_row","false","false","-","-","-","+000-033-705-000-002-000+"
"1944.3","K-89","3","4","Kalibangan","TAG:L","-","-","N","R/L","6","usable_uncertain_side_row","false","false","-","-","-","+001-350-002-595-390-000+"
"1944.4","K-89","4","4","Kalibangan","TAG:L","-","-","N","R/L","5","usable_uncertain_side_row","false","false","-","-","-","+000-491-000-000-000+"
"1945.1","K-90","1","2","Kalibangan","POT:T:g","-","-","Y","R/L","3","clean_side_row","false","true","-","-","-","+740-798-700+"
"1945.2","K-90","2","2","Kalibangan","POT:T:g","-","-","Y","NR","1","usable_uncertain_side_row","false","false","-","-","-","+032+"
"1979.1","Kd-15","1","2","Kot-Diji","POT:T:g","Clay","-","-","-","2","audit_only_side_row","false","false","-","-","-","]002-700+"
"1979.2","Kd-15","2","2","Kot-Diji","POT:T:g","Clay","-","N","-","1","audit_only_side_row","false","false","-","-","-","]000["
"2110.1","L-188","1","3","Lothal","TAG","Clay","-","N","R/L","2","audit_only_side_row","false","false","h_025_035","v_010_020","-","+740-000["
"2110.2","L-188","2","3","Lothal","TAG","Clay","-","N","R/L","2","audit_only_side_row","false","false","h_025_035","v_010_020","-","+520-000["
"2110.3","L-188","3","3","Lothal","TAG","Clay","-","N","R/L","2","audit_only_side_row","false","false","h_025_035","v_010_020","-","+033-000["
"2111.1","L-189","1","4","Lothal","TAG","Clay","-","N","R/L","4","audit_only_side_row","false","false","-","-","-","+090-740-220-000["
"2111.2","L-189","2","4","Lothal","TAG","Clay","-","N","R/L","3","audit_only_side_row","false","false","-","-","-","+000-000-000["
"2112.1","L-190","1","3","Lothal","TAG","Clay","-","Y","R/L","8","clean_side_row","false","true","h_gt_035","v_020_030","-","+090-740-220-055-001-741-500-705+"
"2112.2","L-190","2","3","Lothal","TAG","Clay","-","N","R/L","6","audit_only_side_row","false","false","h_gt_035","v_020_030","-","+000-000-000-002-920-317["
"2112.3","L-190","3","3","Lothal","TAG","Clay","-","-","-","1","audit_only_side_row","false","false","h_gt_035","v_020_030","-","]880+"
"2113.1","L-191","1","2","Lothal","TAG","Clay","-","Y","R/L","8","clean_side_row","false","true","h_gt_035","v_gt_030","-","+090-740-220-055-001-741-500-705+"
"2113.2","L-191","2","2","Lothal","TAG","Clay","-","-","R/L","3","audit_only_side_row","false","false","h_gt_035","v_gt_030","-","]235-002-861+"
"2115.1","L-193","1","3","Lothal","TAG","Clay","-","Y","R/L","8","clean_side_row","false","true","h_gt_035","v_gt_030","-","+090-740-220-055-001-741-500-705+"
"2115.2","L-193","2","3","Lothal","TAG","Clay","-","N","-","1","usable_uncertain_side_row","false","false","h_gt_035","v_gt_030","-","+000+"
"2115.3","L-193","3","3","Lothal","TAG","Clay","-","-","R/L","2","audit_only_side_row","false","false","h_gt_035","v_gt_030","-","+125-070["
"2116.1","L-196","1","2","Lothal","TAG","Clay","-","N","R/L","5","audit_only_side_row","false","false","h_015_025","v_gt_030","-","]390-590-032-002-000["
"2116.2","L-196","2","2","Lothal","TAG","Clay","-","-","R/L","2","audit_only_side_row","false","false","h_015_025","v_gt_030","-","]002-861+"
"2117.1","L-197","1","2","Lothal","TAG","Clay","-","Y","R/L","8","clean_side_row","false","true","h_000_015","v_020_030","-","+090-740-220-055-001-741-500-705+"
"2117.2","L-197","2","2","Lothal","TAG","Clay","-","N","R/L","4","audit_only_side_row","false","false","h_000_015","v_020_030","-","]000-000-032-000+"
"2118.1","L-198","1","2","Lothal","TAG","Clay","-","N","R/L","3","audit_only_side_row","false","false","h_025_035","v_gt_030","-","+055-000-000["
"2118.2","L-198","2","2","Lothal","TAG","Clay","-","N","R/L","6","audit_only_side_row","false","false","h_025_035","v_gt_030","-","+740-390-590-032-002-000["
"2120.1","L-200","1","2","Lothal","TAG","Clay","-","N","-","4","audit_only_side_row","false","false","h_gt_035","v_020_030","-","]000-000-220-617["
"2120.2","L-200","2","2","Lothal","TAG","Clay","-","N","-","3","audit_only_side_row","false","false","h_gt_035","v_020_030","-","]000-000-000["
"2122.1","L-202","1","2","Lothal","TAG","Clay","-","N","R/L","4","audit_only_side_row","false","false","h_gt_035","v_000_010","-","]000-390-590-220["
"2122.2","L-202","2","2","Lothal","TAG","Clay","-","-","R/L","3","audit_only_side_row","false","false","h_gt_035","v_000_010","-","]236-002-861+"
"2124.1","L-205","1","2","Lothal","TAG","Clay","-","N","R/L","3","audit_only_side_row","false","false","h_015_025","v_010_020","-","+740-760-000["
"2124.2","L-205","2","2","Lothal","TAG","Clay","-","N","R/L","5","audit_only_side_row","false","false","h_015_025","v_010_020","-","+740-798-803-002-000["
"2127.1","L-208","1","2","Lothal","TAG","Clay","-","N","R/L","3","audit_only_side_row","false","false","-","-","-","]000-002-000["
"2127.2","L-208","2","2","Lothal","TAG","Clay","-","-","R/L","4","audit_only_side_row","false","false","-","-","-","]234-220-002-820["
"2128.1","L-210","1","2","Lothal","TAG","Clay","square","N","R/L","4","audit_only_side_row","false","false","h_gt_035","v_gt_030","-","+104-000-000-406["
"2128.2","L-210","2","2","Lothal","TAG","Clay","square","N","R/L","4","audit_only_side_row","false","false","h_gt_035","v_gt_030","-","+740-904-000-000["
"2129.1","L-211","1","3","Lothal","TAG","Clay","-","N","R/L","4","audit_only_side_row","false","false","-","-","-","+740-100-231-000["
"2129.2","L-211","2","3","Lothal","TAG","Clay","-","N","R/L","6","audit_only_side_row","false","false","-","-","-","+740-388-233-220-002-000["
"2129.3","L-211","3","3","Lothal","TAG","Clay","-","N","R/L","5","audit_only_side_row","false","false","-","-","-","+740-760-335-240-000["
"2133.1","L-217","1","2","Lothal","TAB:B","Faience","rectangular","Y","NR","1","usable_uncertain_side_row","false","false","h_025_035","v_010_020","-","+700+"
"2133.2","L-217","2","2","Lothal","TAB:B","Faience","rectangular","Y","R/L","3","clean_side_row","false","true","h_025_035","v_010_020","-","+740-090-703+"
"2133.3","L-217","3","2","Lothal","TAB:B","Faience","rectangular","Y","R/L","5","clean_side_row","false","true","h_025_035","v_010_020","-","+740-821-741-060-920+"
"5506.1","L-54","1","2","Lothal","SEAL:S","Steatite","square","N","R/L","4","usable_uncertain_side_row","false","false","h_015_025","v_020_030","-","+000-060-031-575+"
"5506.2","L-54","2","2","Lothal","SEAL:S","Steatite","square","Y","NR","1","usable_uncertain_side_row","false","false","h_015_025","v_020_030","-","+575+"
"2032.1","L-66","1","5","Lothal","SEAL:S","Steatite","square","Y","NR","1","usable_uncertain_side_row","false","false","h_025_035","v_gt_030","th_007_012","+013+"
"2032.2","L-66","2","5","Lothal","SEAL:S","Steatite","square","Y","NR","1","usable_uncertain_side_row","false","false","h_025_035","v_gt_030","th_007_012","+647+"
"2032.3","L-66","3","5","Lothal","SEAL:S","Steatite","square","N","-","1","usable_uncertain_side_row","false","false","h_025_035","v_gt_030","th_007_012","+000+"
"2032.4","L-66","4","5","Lothal","SEAL:S","Steatite","square","Y","NR","1","usable_uncertain_side_row","false","false","h_025_035","v_gt_030","th_007_012","+220+"
"2032.5","L-66","5","5","Lothal","SEAL:S","Steatite","square","N","R/L","7","usable_uncertain_side_row","false","false","h_025_035","v_gt_030","th_007_012","+000-904-220-032-000-000-000+"
"3551.1","M-1200","1","2","Mohenjo-daro","SEAL:S","-","square","Y","R/L","4","clean_side_row","false","true","h_025_035","-","th_007_012","+740-255-704-176+"
"3551.2","M-1200","2","2","Mohenjo-daro","SEAL:S","-","square","Y","R/L","2","clean_side_row","true","false","h_025_035","-","th_007_012","+390-017+"
"3552.1","M-1202","1","2","Mohenjo-daro","SEAL:S","Steatite","square","Y","R/L","7","audit_only_side_row","false","false","h_025_035","v_020_030","th_007_012","+790/740-100-415-740-257-840+"
"3552.2","M-1202","2","2","Mohenjo-daro","SEAL:S","Steatite","square","Y","R/L","3","clean_side_row","false","true","h_025_035","v_020_030","th_007_012","+035-171-142+"
"3553.1","M-1203","1","2","Mohenjo-daro","SEAL:S","Steatite","square","Y","NR","1","usable_uncertain_side_row","false","false","h_gt_035","v_gt_030","th_gt_012","+706+"
"3553.2","M-1203","2","2","Mohenjo-daro","SEAL:S","Steatite","square","Y","R/L","4","clean_side_row","false","true","h_gt_035","v_gt_030","th_gt_012","+595-420-706-140+"
"3555.1","M-1205","1","3","Mohenjo-daro","SEAL:S","Steatite","square","N","-","2","audit_only_side_row","false","false","-","v_020_030","th_007_012","]000-550+"
"3555.2","M-1205","2","3","Mohenjo-daro","SEAL:S","Steatite","square","Y","NR","1","usable_uncertain_side_row","false","false","-","v_020_030","th_007_012","+790+"
"3555.3","M-1205","3","3","Mohenjo-daro","SEAL:S","Steatite","square","N","-","1","usable_uncertain_side_row","false","false","-","v_020_030","th_007_012","+000+"
"3556.1","M-1206","1","2","Mohenjo-daro","SEAL:S","Steatite","square","Y","R/L","3","clean_side_row","false","true","h_025_035","v_gt_030","th_003_007","+520-220-034+"
"3556.2","M-1206","2","2","Mohenjo-daro","SEAL:S","Steatite","square","Y","R/L","6","clean_side_row","false","true","h_025_035","v_gt_030","th_003_007","+740-690-435-255-002-861+"
"3559.1","M-1224","1","2","Mohenjo-daro","SEAL:S","Steatite","square","Y","R/L","5","clean_side_row","false","true","h_015_025","v_020_030","th_007_012","+400-090-740-032-840+"
"3559.2","M-1224","2","2","Mohenjo-daro","SEAL:S","Steatite","square","Y","R/L","4","clean_side_row","false","true","h_015_025","v_020_030","th_007_012","+401-390-016-853+"
"3565.1","M-1233","1","5","Mohenjo-daro","SEAL:S","Steatite","square","Y","R/L","3","clean_side_row","false","true","h_015_025","v_020_030","th_007_012","+402-741-575+"
"3565.2","M-1233","2","5","Mohenjo-daro","SEAL:S","Steatite","square","N","-","1","usable_uncertain_side_row","false","false","h_015_025","v_020_030","th_007_012","+000+"
"3565.3","M-1233","3","5","Mohenjo-daro","SEAL:S","Steatite","square","N","R/L","2","usable_uncertain_side_row","false","false","h_015_025","v_020_030","th_007_012","+000-740+"
"3565.4","M-1233","4","5","Mohenjo-daro","SEAL:S","Steatite","square","Y","NR","1","usable_uncertain_side_row","false","false","h_015_025","v_020_030","th_007_012","+820+"
"3565.5","M-1233","5","5","Mohenjo-daro","SEAL:S","Steatite","square","Y","R/L","4","clean_side_row","false","true","h_015_025","v_020_030","th_007_012","+033-700-850-002+"
"3566.1","M-1235","1","2","Mohenjo-daro","MISC","Steatite","-","Y","R/L","2","clean_side_row","true","false","h_gt_035","-","-","+156-031+"
"3566.2","M-1235","2","2","Mohenjo-daro","MISC","Steatite","-","Y","L/R","2","clean_side_row","true","false","h_gt_035","-","-","+156-031+"
"3663.1","M-1364","1","2","Mohenjo-daro","SEAL:R","Steatite","rectangular","Y","R/L","4","clean_side_row","false","true","h_025_035","v_010_020","th_007_012","+405-003-060-820+"
"3663.2","M-1364","2","2","Mohenjo-daro","SEAL:R","Steatite","rectangular","N","R/L","5","audit_only_side_row","false","false","h_025_035","v_010_020","th_007_012","+740-923-033-705-000["
"3681.1","M-1385","1","1","Mohenjo-daro","TAG:P","Clay","circular","Y","R/L","5","clean_side_row","false","false","-","-","-","+740-760-032-002-817+"
"3681.2","M-1385","2","1","Mohenjo-daro","TAG:P","Clay","circular","-","R/L","5","audit_only_side_row","false","false","-","-","-","+740-760-032-002-817["
"3681.3","M-1385","3","1","Mohenjo-daro","TAG:P","Clay","circular","Y","R/L","5","clean_side_row","false","false","-","-","-","+740-760-032-002-817+"
"3681.4","M-1385","4","1","Mohenjo-daro","TAG:P","Clay","circular","N","R/L","2","audit_only_side_row","false","false","-","-","-","]000-000["
"3689.1","M-1397","1","2","Mohenjo-daro","TAB:B","Clay","rectangular","Y","R/L","2","clean_side_row","true","false","-","-","-","+167-705+"
"3689.2","M-1397","2","2","Mohenjo-daro","TAB:B","Clay","rectangular","N","R/L","4","usable_uncertain_side_row","false","false","-","-","-","+167-705-000-360+"
"3690.1","M-1399","1","2","Mohenjo-daro","TAB:B","Clay","-","Y","R/L","2","clean_side_row","true","false","h_gt_035","v_010_020","th_gt_012","+167-704+"
"3690.2","M-1399","2","2","Mohenjo-daro","TAB:B","Clay","-","Y","R/L","2","clean_side_row","true","false","h_gt_035","v_010_020","th_gt_012","+167-704+"
"3691.1","M-1400","1","2","Mohenjo-daro","TAB:B","Clay","rectangular-rounded","N","R/L","5","usable_uncertain_side_row","false","false","h_gt_035","v_010_020","th_003_007","+871-000-740-368-002+"
"3691.2","M-1400","2","2","Mohenjo-daro","TAB:B","Clay","rectangular-rounded","N","R/L","3","usable_uncertain_side_row","false","false","h_gt_035","v_010_020","th_003_007","+705-700-000+"
"3691.3","M-1400","3","2","Mohenjo-daro","TAB:B","Clay","rectangular-rounded","N","R/L","2","usable_uncertain_side_row","false","false","h_gt_035","v_010_020","th_003_007","+000-382+"
"3705.1","M-1418","1","2","Mohenjo-daro","TAB:B","Faience","cuboid","Y","R/L","2","clean_side_row","true","false","h_gt_035","v_010_020","th_007_012","+176-103+"
"3705.2","M-1418","2","2","Mohenjo-daro","TAB:B","Faience","cuboid","Y","R/L","4","clean_side_row","false","true","h_gt_035","v_010_020","th_007_012","+740-100-415-240+"
"3706.1","M-1419","1","2","Mohenjo-daro","TAB:B","Faience","rectangular","Y","NR","1","usable_uncertain_side_row","false","false","h_025_035","v_010_020","th_003_007","+540+"
"3706.2","M-1419","2","2","Mohenjo-daro","TAB:B","Faience","rectangular","Y","R/L","4","clean_side_row","false","true","h_025_035","v_010_020","th_003_007","+400-158-806-467+"
"3709.1","M-1424","1","2","Mohenjo-daro","TAB:B","-","twisted cuboid","Y","R/L","4","clean_side_row","false","true","h_gt_035","v_010_020","-","+875-700-384-125+"
"3709.2","M-1424","2","2","Mohenjo-daro","TAB:B","-","twisted cuboid","Y","R/L","6","clean_side_row","false","true","h_gt_035","v_010_020","-","+740-482-803-745-450-575+"
"3714.1","M-1430","1","3","Mohenjo-daro","TAB:B","Clay","twisted prism","Y","R/L","2","clean_side_row","true","false","h_gt_035","-","th_007_012","+740-384+"
"3714.2","M-1430","2","3","Mohenjo-daro","TAB:B","Clay","twisted prism","Y","R/L","2","clean_side_row","true","false","h_gt_035","-","th_007_012","+740-384+"
"3714.3","M-1430","3","3","Mohenjo-daro","TAB:B","Clay","twisted prism","Y","R/L","2","clean_side_row","true","false","h_gt_035","-","th_007_012","+740-384+"
"3725.1","M-1444","1","2","Mohenjo-daro","TAB:I","Steatite","-","Y","R/L","2","clean_side_row","true","false","h_015_025","v_010_020","th_003_007","+690-323+"
"3725.2","M-1444","2","2","Mohenjo-daro","TAB:I","Steatite","-","Y","R/L","4","clean_side_row","false","true","h_015_025","v_010_020","th_003_007","+740-690-060-550+"
"3726.1","M-1445","1","2","Mohenjo-daro","TAB:I","Steatite","-","Y","R/L","2","clean_side_row","true","false","h_015_025","v_000_010","th_000_003","+690-323+"
"3726.2","M-1445","2","2","Mohenjo-daro","TAB:I","Steatite","-","Y","R/L","4","clean_side_row","false","true","h_015_025","v_000_010","th_000_003","+740-690-060-550+"
"3730.1","M-1452","1","2","Mohenjo-daro","TAB:C","Copper","square","Y","R/L","4","clean_side_row","false","true","h_015_025","v_020_030","th_003_007","+740-176-231-806+"
"3730.2","M-1452","2","2","Mohenjo-daro","TAB:C","Copper","square","Y","R/L","3","clean_side_row","false","true","h_015_025","v_020_030","th_003_007","+740-407-590+"
"3734.1","M-1457","1","1","Mohenjo-daro","TAB:C","Copper","square","Y","R/L","4","clean_side_row","false","false","h_025_035","v_020_030","th_000_003","+407-845-220-415+"
"3734.2","M-1457","2","1","Mohenjo-daro","TAB:C","Copper","square","Y","R/L","5","clean_side_row","false","false","h_025_035","v_020_030","th_000_003","+790-740-100-405-590+"
"3735.1","M-1458","1","2","Mohenjo-daro","TAB:C","Copper","square","Y","R/L","5","clean_side_row","false","true","h_015_025","v_020_030","-","+407-004-001-617-142+"
"3735.2","M-1458","2","2","Mohenjo-daro","TAB:C","Copper","square","Y","R/L","2","usable_uncertain_side_row","false","false","h_015_025","v_020_030","-","+165-900+"
"3736.1","M-1461","1","2","Mohenjo-daro","TAB:C","Copper","square","Y","R/L","3","clean_side_row","false","true","h_015_025","v_020_030","-","+740-798-233+"
"3736.2","M-1461","2","2","Mohenjo-daro","TAB:C","Copper","square","N","R/L","3","usable_uncertain_side_row","false","false","h_015_025","v_020_030","-","+165-900-000+"
"3737.1","M-1465","1","2","Mohenjo-daro","TAB:C","Copper","square","Y","NR","1","usable_uncertain_side_row","false","false","h_015_025","v_020_030","th_000_003","+035+"
"3737.2","M-1465","2","2","Mohenjo-daro","TAB:C","Copper","square","Y","R/L","2","clean_side_row","true","false","h_015_025","v_020_030","th_000_003","+740-773+"
"3782.1","M-1532","1","1","Mohenjo-daro","TAB:C","Copper","rectangular","Y","R/L","6","clean_side_row","false","false","h_025_035","v_020_030","-","+407-004-002-365-460-495+"
"3782.2","M-1532","2","1","Mohenjo-daro","TAB:C","Copper","rectangular","Y","R/L","5","clean_side_row","false","false","h_025_035","v_020_030","-","+617-142-597-032-905+"
"3787.1","M-1547","1","2","Mohenjo-daro","TAB:C","Copper","rectangular","Y","R/L","7","clean_side_row","false","true","h_025_035","v_010_020","-","+407-321-407-845-033-705-235+"
"3787.2","M-1547","2","2","Mohenjo-daro","TAB:C","Copper","rectangular","Y","NR","1","usable_uncertain_side_row","false","false","h_025_035","v_010_020","-","+753+"
"3788.1","M-1548","1","2","Mohenjo-daro","TAB:C","Copper","rectangular","Y","R/L","5","clean_side_row","false","true","h_025_035","v_010_020","-","+740-690-435-255-231+"
"3788.2","M-1548","2","2","Mohenjo-daro","TAB:C","Copper","rectangular","Y","R/L","2","clean_side_row","true","false","h_025_035","v_010_020","-","+749-479+"
"3789.1","M-1549","1","2","Mohenjo-daro","TAB:C","Copper","-","-","R/L","2","audit_only_side_row","false","false","-","v_010_020","-","]255-231["
"3789.2","M-1549","2","2","Mohenjo-daro","TAB:C","Copper","-","-","-","1","audit_only_side_row","false","false","-","v_010_020","-","]749["
"3790.1","M-1550","1","2","Mohenjo-daro","TAB:C","Copper","rectangular","Y","R/L","4","clean_side_row","false","true","h_025_035","v_010_020","-","+740-384-233-806+"
"3790.2","M-1550","2","2","Mohenjo-daro","TAB:C","Copper","rectangular","Y","NR","1","usable_uncertain_side_row","false","false","h_025_035","v_010_020","-","+749+"
"3791.1","M-1555","1","2","Mohenjo-daro","TAB:C","Copper","rectangular","Y","R/L","7","clean_side_row","false","true","h_025_035","v_010_020","-","+407-032-520-095-585-017-231+"
"3791.2","M-1555","2","2","Mohenjo-daro","TAB:C","Copper","rectangular","Y","NR","1","usable_uncertain_side_row","false","false","h_025_035","v_010_020","-","+777+"
"3792.1","M-1556","1","2","Mohenjo-daro","TAB:C","Copper","rectangular","Y","R/L","7","clean_side_row","false","true","h_025_035","v_010_020","-","+407-032-520-095-585-017-231+"
"3792.2","M-1556","2","2","Mohenjo-daro","TAB:C","Copper","rectangular","Y","NR","1","usable_uncertain_side_row","false","false","h_025_035","v_010_020","-","+777+"
"3793.1","M-1557","1","2","Mohenjo-daro","TAB:C","Copper","rectangular","Y","R/L","7","clean_side_row","false","true","h_025_035","v_010_020","-","+407-032-520-095-585-017-231+"
"3793.2","M-1557","2","2","Mohenjo-daro","TAB:C","Copper","rectangular","Y","NR","1","usable_uncertain_side_row","false","false","h_025_035","v_010_020","-","+777+"
"3794.1","M-1558","1","2","Mohenjo-daro","TAB:C","Copper","rectangular","Y","R/L","7","clean_side_row","false","true","h_025_035","v_010_020","-","+407-032-520-095-585-017-231+"
"3794.2","M-1558","2","2","Mohenjo-daro","TAB:C","Copper","rectangular","Y","NR","1","usable_uncertain_side_row","false","false","h_025_035","v_010_020","-","+777+"
"3796.1","M-1563","1","2","Mohenjo-daro","TAB:C","Copper","rectangular","Y","NR","1","usable_uncertain_side_row","false","false","h_025_035","v_010_020","-","+782+"
"3796.2","M-1563","2","2","Mohenjo-daro","TAB:C","Copper","rectangular","Y","R/L","7","clean_side_row","false","true","h_025_035","v_010_020","-","+740-900-850-407-061-845-806+"
"3797.1","M-1568","1","2","Mohenjo-daro","TAB:C","Copper","rectangular","Y","NR","1","usable_uncertain_side_row","false","false","h_gt_035","v_010_020","-","+957+"
"3797.2","M-1568","2","2","Mohenjo-daro","TAB:C","Copper","rectangular","Y","R/L","7","clean_side_row","false","true","h_gt_035","v_010_020","-","+740-100-904-033-705-231-798+"
"3820.1","M-1626","1","2","Mohenjo-daro","POT:T:g","Clay","-","Y","L/R","2","clean_side_row","true","false","-","-","-","+151-033+"
"3820.2","M-1626","2","2","Mohenjo-daro","POT:T:g","Clay","-","Y","L/R","2","clean_side_row","true","false","-","-","-","+151-033+"
"3832.1","M-1639","1","2","Mohenjo-daro","BNGL","Stoneware","-","Y","-","3","usable_uncertain_side_row","false","false","-","-","-","+920-130-511+"
"3832.2","M-1639","2","2","Mohenjo-daro","BNGL","Stoneware","-","Y","NR","1","usable_uncertain_side_row","false","false","-","-","-","+033+"
"3844.1","M-1658","1","2","Mohenjo-daro","MISC","-","-","Y","R/L","2","clean_side_row","true","false","h_015_025","v_010_020","-","+165-900+"
"3844.2","M-1658","2","2","Mohenjo-daro","MISC","-","-","N","R/L","4","usable_uncertain_side_row","false","false","h_015_025","v_010_020","-","+000-016-002-861+"
"2225.1","M-1923","1","2","Mohenjo-daro","SEAL:S","Steatite","square","Y","R/L","5","clean_side_row","false","true","h_015_025","v_010_020","th_003_007","+740-760-440-853-016+"
"2225.2","M-1923","2","2","Mohenjo-daro","SEAL:S","Steatite","square","Y","NR","1","usable_uncertain_side_row","false","false","h_015_025","v_010_020","th_003_007","+043+"
"2397.1","M-1927","1","2","Mohenjo-daro","SEAL:S","Steatite","square","Y","R/L","4","clean_side_row","false","true","h_015_025","v_020_030","th_007_012","+390-005-002-817+"
"2397.2","M-1927","2","2","Mohenjo-daro","SEAL:S","Steatite","square","N","R/L","4","audit_only_side_row","false","false","h_015_025","v_020_030","th_007_012","]000-005-002-817+"
"2357.1","M-1928","1","2","Mohenjo-daro","SEAL:S","Steatite","square","Y","R/L","3","clean_side_row","false","true","h_025_035","v_gt_030","th_007_012","+156-003-031+"
"2357.2","M-1928","2","2","Mohenjo-daro","SEAL:S","Steatite","square","Y","L/R","2","clean_side_row","true","false","h_025_035","v_gt_030","th_007_012","+850-031+"
"2357.3","M-1928","3","2","Mohenjo-daro","SEAL:S","Steatite","square","N","L/R","5","usable_uncertain_side_row","false","false","h_025_035","v_gt_030","th_007_012","+000-233-220-002-861+"
"4004.1","M-1930","1","2","Mohenjo-daro","SEAL:S","-","square","Y","R/L","2","clean_side_row","true","false","h_000_015","v_010_020","-","+455-922+"
"4004.2","M-1930","2","2","Mohenjo-daro","SEAL:S","-","square","Y","R/L","2","clean_side_row","true","false","h_000_015","v_010_020","-","+400-804+"
"2176.1","M-1989","1","2","Mohenjo-daro","SEAL:R","Steatite","rectangular","Y","R/L","5","clean_side_row","false","true","h_025_035","v_010_020","-","+679-740-575-017-798+"
"2176.2","M-1989","2","2","Mohenjo-daro","SEAL:R","Steatite","rectangular","Y","L/R","3","clean_side_row","false","true","h_025_035","v_010_020","-","+679-740-575+"
"2432.1","M-2014","1","2","Mohenjo-daro","TAB:B","Clay","spherical","Y","R/L","4","clean_side_row","false","true","-","-","-","+740-032-840-220+"
"2432.2","M-2014","2","2","Mohenjo-daro","TAB:B","Clay","spherical","Y","R/L","4","clean_side_row","false","true","-","-","-","+527-550-798-220+"
"2433.1","M-2017","1","2","Mohenjo-daro","TAB:B","Clay","rectangular","Y","NR","1","usable_uncertain_side_row","false","false","h_gt_035","v_010_020","-","+942+"
"2433.2","M-2017","2","2","Mohenjo-daro","TAB:B","Clay","rectangular","Y","NR","1","usable_uncertain_side_row","false","false","h_gt_035","v_010_020","-","+942+"
"2456.1","M-2018","1","2","Mohenjo-daro","TAB:B","Clay","rectangular","Y","NR","1","usable_uncertain_side_row","false","false","h_gt_035","v_010_020","th_003_007","+942+"
"2456.2","M-2018","2","2","Mohenjo-daro","TAB:B","Clay","rectangular","Y","NR","1","usable_uncertain_side_row","false","false","h_gt_035","v_010_020","th_003_007","+942+"
"2367.1","M-2020","1","2","Mohenjo-daro","TAB:B","Clay","-","Y","R/L","2","clean_side_row","true","false","h_gt_035","v_010_020","th_003_007","+167-705+"
"2367.2","M-2020","2","2","Mohenjo-daro","TAB:B","Clay","-","Y","R/L","2","clean_side_row","true","false","h_gt_035","v_010_020","th_003_007","+167-705+"
"4016.1","M-2021","1","2","Mohenjo-daro","TAB:B","-","rectangular-round","Y","R/L","4","clean_side_row","false","true","h_gt_035","v_010_020","-","+095-031-740-927+"
"4016.2","M-2021","2","2","Mohenjo-daro","TAB:B","-","rectangular-round","Y","R/L","2","clean_side_row","true","false","h_gt_035","v_010_020","-","+740-927+"
"4020.1","M-2030","1","2","Mohenjo-daro","TAB:B","-","elliptical","Y","R/L","4","clean_side_row","false","true","h_gt_035","v_010_020","-","+740-585-803-240+"
"4020.2","M-2030","2","2","Mohenjo-daro","TAB:B","-","elliptical","Y","R/L","4","clean_side_row","false","true","h_gt_035","v_010_020","-","+455-066-942-090+"
"5531.1","M-2035","1","2","Mohenjo-daro","TAG:C","Faience","cuboid","N","-","3","usable_uncertain_side_row","false","false","h_015_025","v_010_020","th_gt_012","+000-000-000+"
"5531.2","M-2035","2","2","Mohenjo-daro","TAG:C","Faience","cuboid","N","-","3","usable_uncertain_side_row","false","false","h_015_025","v_010_020","th_gt_012","+000-000-000+"
"2419.1","M-2039","1","1","Mohenjo-daro","SEAL:C","Steatite","circular","N","R/L","4","usable_uncertain_side_row","false","false","h_015_025","v_010_020","th_003_007","+003-000-000-003+"
"2419.2","M-2039","2","1","Mohenjo-daro","SEAL:C","Steatite","circular","N","R/L","4","usable_uncertain_side_row","false","false","h_015_025","v_010_020","th_003_007","+140-001-000-000+"
"2382.1","M-2040","1","2","Mohenjo-daro","TAB:I","Steatite","rectangular","Y","R/L","2","clean_side_row","true","false","h_015_025","v_010_020","th_003_007","+690-322+"
"2382.2","M-2040","2","2","Mohenjo-daro","TAB:I","Steatite","rectangular","Y","R/L","4","clean_side_row","false","true","h_015_025","v_010_020","th_003_007","+740-690-060-550+"
"2322.1","M-2041","1","2","Mohenjo-daro","TAB:I","Steatite","rectangular","Y","R/L","2","clean_side_row","true","false","h_015_025","v_010_020","th_003_007","+323-690+"
"2322.2","M-2041","2","2","Mohenjo-daro","TAB:I","Steatite","rectangular","Y","R/L","4","clean_side_row","false","true","h_015_025","v_010_020","th_003_007","+740-690-060-550+"
"2284.1","M-2053","1","2","Mohenjo-daro","TAB:C","Copper","rectangular","Y","NR","1","usable_uncertain_side_row","false","false","h_025_035","v_010_020","th_000_003","+782+"
"2284.2","M-2053","2","2","Mohenjo-daro","TAB:C","Copper","rectangular","Y","R/L","7","clean_side_row","false","true","h_025_035","v_010_020","th_000_003","+407-032-520-095-585-017-220+"
"2287.1","M-2054","1","2","Mohenjo-daro","TAB:C","Copper","rectangular","Y","NR","1","usable_uncertain_side_row","false","false","h_025_035","v_010_020","th_000_003","+780+"
"2287.2","M-2054","2","2","Mohenjo-daro","TAB:C","Copper","rectangular","Y","R/L","7","clean_side_row","false","true","h_025_035","v_010_020","th_000_003","+740-900-850-407-061-845-806+"
"2165.1","M-2060","1","1","Mohenjo-daro","POT:T:g","Clay","-","Y","NR","1","usable_uncertain_side_row","false","false","-","-","-","+230+"
"2165.2","M-2060","2","1","Mohenjo-daro","POT:T:g","Clay","-","Y","L/R","4","clean_side_row","false","false","-","-","-","+740-176-002-861+"
"2370.1","M-2118","1","2","Mohenjo-daro","IMPL","Copper","-","Y","T/B","6","clean_side_row","false","true","h_015_025","v_gt_030","th_007_012","+821-001-480-850-595-391+"
"2370.2","M-2118","2","2","Mohenjo-daro","IMPL","Copper","-","Y","T/B","5","clean_side_row","false","true","h_015_025","v_gt_030","th_007_012","+913-005-004-151-803+"
"2362.1","M-2121","1","2","Mohenjo-daro","IMPL","Copper","-","Y","R/L","6","clean_side_row","false","true","h_gt_035","v_gt_030","th_007_012","+821-001-480-850-595-391+"
"2362.2","M-2121","2","2","Mohenjo-daro","IMPL","Copper","-","Y","T/B","2","clean_side_row","true","false","h_gt_035","v_gt_030","th_007_012","+911-006+"
"2836.1","M-318","1","2","Mohenjo-daro","SEAL:S","Steatite","square","Y","R/L","2","clean_side_row","true","false","h_gt_035","v_gt_030","th_007_012","+031-575+"
"2836.2","M-318","2","2","Mohenjo-daro","SEAL:S","Steatite","square","Y","R/L","5","clean_side_row","false","true","h_gt_035","v_gt_030","th_007_012","+390-003-002-031-575+"
"2842.1","M-324","1","2","Mohenjo-daro","SEAL:S","Steatite","square","Y","R/L","2","clean_side_row","true","false","h_015_025","v_020_030","th_007_012","+740-215+"
"2842.2","M-324","2","2","Mohenjo-daro","SEAL:S","Steatite","square","Y","R/L","2","clean_side_row","true","false","h_015_025","v_020_030","th_007_012","+740-215+"
"2843.1","M-325","1","2","Mohenjo-daro","SEAL:S","Steatite","square","Y","R/L","5","clean_side_row","false","true","h_015_025","v_010_020","th_003_007","+241-803-002-850-493+"
"2843.2","M-325","2","2","Mohenjo-daro","SEAL:S","Steatite","square","Y","R/L","5","clean_side_row","false","true","h_015_025","v_010_020","th_003_007","+241-803-002-850-491+"
"2844.1","M-326","1","5","Mohenjo-daro","SEAL:S","Steatite","square","Y","R/L","6","clean_side_row","false","true","h_025_035","v_020_030","th_007_012","+740-904-235-741-060-920+"
"2844.2","M-326","2","5","Mohenjo-daro","SEAL:S","Steatite","square","Y","R/L","3","clean_side_row","false","true","h_025_035","v_020_030","th_007_012","+820-003-645+"
"2844.3","M-326","3","5","Mohenjo-daro","SEAL:S","Steatite","square","N","R/L","6","usable_uncertain_side_row","false","false","h_025_035","v_020_030","th_007_012","+000-000-171-031-032-171+"
"2844.4","M-326","4","5","Mohenjo-daro","SEAL:S","Steatite","square","N","R/L","3","usable_uncertain_side_row","false","false","h_025_035","v_020_030","th_007_012","+390-111-000+"
"2844.5","M-326","5","5","Mohenjo-daro","SEAL:S","Steatite","square","Y","R/L","2","clean_side_row","true","false","h_025_035","v_020_030","th_007_012","+461-840+"
"2844.6","M-326","6","5","Mohenjo-daro","SEAL:S","Steatite","square","Y","NR","1","usable_uncertain_side_row","false","false","h_025_035","v_020_030","th_007_012","+169+"
"2844.7","M-326","7","5","Mohenjo-daro","SEAL:S","Steatite","square","Y","NR","1","usable_uncertain_side_row","false","false","h_025_035","v_020_030","th_007_012","+511+"
"2848.1","M-330","1","2","Mohenjo-daro","SEAL:S","Steatite","square","Y","R/L","3","clean_side_row","false","true","h_015_025","v_010_020","th_000_003","+002-861-698+"
"2848.2","M-330","2","2","Mohenjo-daro","SEAL:S","Steatite","square","Y","R/L","2","clean_side_row","true","false","h_015_025","v_010_020","th_000_003","+156-176+"
"2849.1","M-331","1","4","Mohenjo-daro","SEAL:S","Steatite","square","Y","-","6","audit_only_side_row","false","false","h_015_025","v_010_020","th_007_012","+004-492-015/600-251-073+"
"2849.2","M-331","2","4","Mohenjo-daro","SEAL:S","Steatite","square","Y","-","2","usable_uncertain_side_row","false","false","h_015_025","v_010_020","th_007_012","+001-899+"
"2849.3","M-331","3","4","Mohenjo-daro","SEAL:S","Steatite","square","Y","-","4","usable_uncertain_side_row","false","false","h_015_025","v_010_020","th_007_012","+899-484-380-899+"
"2849.4","M-331","4","4","Mohenjo-daro","SEAL:S","Steatite","square","Y","NR","1","usable_uncertain_side_row","false","false","h_015_025","v_010_020","th_007_012","+003+"
"2920.1","M-426","1","2","Mohenjo-daro","TAG:W","Clay","-","N","-","3","audit_only_side_row","false","false","h_025_035","v_020_030","-","+595-705-000["
"2920.2","M-426","2","2","Mohenjo-daro","TAG:W","Clay","-","N","-","3","audit_only_side_row","false","false","h_025_035","v_020_030","-","+595-705-000["
"2920.3","M-426","3","2","Mohenjo-daro","TAG:W","Clay","-","N","-","4","usable_uncertain_side_row","false","false","h_025_035","v_020_030","-","+000-000-530-000+"
"2928.1","M-434","1","2","Mohenjo-daro","MDLN","-","circular","N","R/L","2","usable_uncertain_side_row","false","false","-","-","-","+000-820+"
"2928.2","M-434","2","2","Mohenjo-daro","MDLN","-","circular","N","R/L","4","usable_uncertain_side_row","false","false","-","-","-","+400-000-000-220+"
"3846.1","M-436","1","2","Mohenjo-daro","TAB:B","Copper","circular","Y","-","2","usable_uncertain_side_row","false","false","h_015_025","-","th_000_003","+390-370+"
"3846.2","M-436","2","2","Mohenjo-daro","TAB:B","Copper","circular","Y","-","2","usable_uncertain_side_row","false","false","h_015_025","-","th_000_003","+390-370+"
"2933.1","M-447","1","2","Mohenjo-daro","TAB:B","Clay","rectangular","Y","NR","1","usable_uncertain_side_row","false","false","h_gt_035","v_010_020","th_003_007","+942+"
"2933.2","M-447","2","2","Mohenjo-daro","TAB:B","Clay","rectangular","Y","NR","1","usable_uncertain_side_row","false","false","h_gt_035","v_010_020","th_003_007","+942+"
"2934.1","M-449","1","2","Mohenjo-daro","TAB:B","Clay","rectangular","Y","R/L","2","clean_side_row","true","false","h_gt_035","v_010_020","th_003_007","+167-706+"
"2934.2","M-449","2","2","Mohenjo-daro","TAB:B","Clay","rectangular","Y","R/L","2","clean_side_row","true","false","h_gt_035","v_010_020","th_003_007","+167-706+"
"2935.1","M-450","1","2","Mohenjo-daro","TAB:B","Faience","rectangular","-","R/L","3","audit_only_side_row","false","false","h_025_035","v_010_020","th_003_007","]740-100-415+"
"2935.2","M-450","2","2","Mohenjo-daro","TAB:B","Faience","rectangular","-","R/L","3","audit_only_side_row","false","false","h_025_035","v_010_020","th_003_007","]740-100-415+"
"2937.1","M-452","1","2","Mohenjo-daro","TAB:B","Clay","rectangular","N","-","4","usable_uncertain_side_row","false","false","h_gt_035","v_010_020","th_007_012","+856-000-000-368+"
"2937.2","M-452","2","2","Mohenjo-daro","TAB:B","Clay","rectangular","N","-","2","usable_uncertain_side_row","false","false","h_gt_035","v_010_020","th_007_012","+000-000+"
"2955.1","M-470","1","2","Mohenjo-daro","TAB:B","Faience","rectangular","Y","NR","1","usable_uncertain_side_row","false","false","h_025_035","v_010_020","th_003_007","+540+"
"2955.2","M-470","2","2","Mohenjo-daro","TAB:B","Faience","rectangular","Y","R/L","4","clean_side_row","false","true","h_025_035","v_010_020","th_003_007","+400-158-806-473+"
"2956.1","M-471","1","2","Mohenjo-daro","TAB:B","-","rectangular","Y","R/L","6","clean_side_row","false","true","h_025_035","v_010_020","-","+740-100-415-191-002-817+"
"2956.2","M-471","2","2","Mohenjo-daro","TAB:B","-","rectangular","Y","R/L","6","clean_side_row","false","true","h_025_035","v_010_020","-","+400-740-904-798-460-350+"
"2959.1","M-474","1","2","Mohenjo-daro","TAB:B","-","rectangular","N","R/L","5","usable_uncertain_side_row","false","false","h_025_035","v_000_010","-","+151-031-000-000-000+"
"2959.2","M-474","2","2","Mohenjo-daro","TAB:B","-","rectangular","N","-","1","usable_uncertain_side_row","false","false","h_025_035","v_000_010","-","+000+"
"2961.1","M-477","1","2","Mohenjo-daro","TAB:B","Clay","twisted rectangular","N","R/L","3","usable_uncertain_side_row","false","false","h_gt_035","v_010_020","th_007_012","+400-000-706+"
"2961.2","M-477","2","2","Mohenjo-daro","TAB:B","Clay","twisted rectangular","N","R/L","4","usable_uncertain_side_row","false","false","h_gt_035","v_010_020","th_007_012","+840-000-000-240+"
"2965.1","M-481","1","2","Mohenjo-daro","TAB:B","Clay","cylindrical","Y","R/L","5","clean_side_row","false","true","h_025_035","-","th_007_012","+103-740-803-060-540+"
"2965.2","M-481","2","2","Mohenjo-daro","TAB:B","Clay","cylindrical","Y","R/L","2","clean_side_row","true","false","h_025_035","-","th_007_012","+718-815+"
"2967.1","M-483","1","2","Mohenjo-daro","TAB:B","Clay","elliptical","N","R/L","5","usable_uncertain_side_row","false","false","h_gt_035","v_010_020","th_007_012","+000-740-585-832-000+"
"2967.2","M-483","2","2","Mohenjo-daro","TAB:B","Clay","elliptical","N","R/L","6","usable_uncertain_side_row","false","false","h_gt_035","v_010_020","th_007_012","+000-455-066-942-090-000+"
"2968.1","M-484","1","2","Mohenjo-daro","TAB:B","Clay","elliptical","N","R/L","5","usable_uncertain_side_row","false","false","h_gt_035","v_010_020","th_007_012","+000-740-585-000-240+"
"2968.2","M-484","2","2","Mohenjo-daro","TAB:B","Clay","elliptical","N","R/L","6","usable_uncertain_side_row","false","false","h_gt_035","v_010_020","th_007_012","+000-455-066-942-090-000+"
"2969.1","M-486","1","3","Mohenjo-daro","TAB:B","Clay","prism","Y","R/L","2","clean_side_row","true","false","h_025_035","v_010_020","-","+520-235+"
"2969.2","M-486","2","3","Mohenjo-daro","TAB:B","Clay","prism","N","R/L","2","usable_uncertain_side_row","false","false","h_025_035","v_010_020","-","+255-000+"
"2969.3","M-486","3","3","Mohenjo-daro","TAB:B","Clay","prism","Y","R/L","3","clean_side_row","false","true","h_025_035","v_010_020","-","+090-740-615+"
"2970.1","M-487","1","3","Mohenjo-daro","TAB:B","Clay","prism","Y","R/L","2","clean_side_row","true","false","h_025_035","-","th_007_012","+520-235+"
"2970.2","M-487","2","3","Mohenjo-daro","TAB:B","Clay","prism","N","R/L","4","usable_uncertain_side_row","false","false","h_025_035","-","th_007_012","+435-255-165-000+"
"2970.3","M-487","3","3","Mohenjo-daro","TAB:B","Clay","prism","N","R/L","3","usable_uncertain_side_row","false","false","h_025_035","-","th_007_012","+090-740-000+"
"2974.1","M-492","1","2","Mohenjo-daro","TAB:B","Clay","prism","N","R/L","2","usable_uncertain_side_row","false","false","h_gt_035","-","th_007_012","+000-362+"
"2974.2","M-492","2","2","Mohenjo-daro","TAB:B","Clay","prism","Y","R/L","5","clean_side_row","false","true","h_gt_035","-","th_007_012","+090-740-585-803-240+"
"2975.1","M-494","1","3","Mohenjo-daro","TAB:B","Clay","prism","Y","R/L","7","clean_side_row","false","true","h_025_035","v_010_020","-","+390-697-151-740-176-798-838+"
"2975.2","M-494","2","3","Mohenjo-daro","TAB:B","Clay","prism","Y","R/L","7","clean_side_row","false","true","h_025_035","v_010_020","-","+032-840-221-150-741-070-255+"
"2975.3","M-494","3","3","Mohenjo-daro","TAB:B","Clay","prism","Y","R/L","10","clean_side_row","false","true","h_025_035","v_010_020","-","+921-100-415-904-017-032-820-740-904-741+"
"2976.1","M-495","1","3","Mohenjo-daro","TAB:B","Clay","prism","Y","R/L","7","clean_side_row","false","true","h_gt_035","-","th_007_012","+390-697-151-740-176-798-838+"
"2976.2","M-495","2","3","Mohenjo-daro","TAB:B","Clay","prism","Y","R/L","6","clean_side_row","false","true","h_gt_035","-","th_007_012","+032-840-267-150-741-070+"
"2976.3","M-495","3","3","Mohenjo-daro","TAB:B","Clay","prism","Y","R/L","10","clean_side_row","false","true","h_gt_035","-","th_007_012","+740-100-415-904-017-032-820-740-904-741+"
"2978.1","M-501","1","2","Mohenjo-daro","SEAL:R","Steatite","rectangular","Y","R/L","2","clean_side_row","true","false","h_015_025","v_010_020","-","+690-323+"
"2978.2","M-501","2","2","Mohenjo-daro","SEAL:R","Steatite","rectangular","Y","R/L","4","clean_side_row","false","true","h_015_025","v_010_020","-","+740-690-060-550+"
"2985.1","M-509","1","2","Mohenjo-daro","TAB:C","Copper","square","Y","R/L","2","usable_uncertain_side_row","false","false","h_015_025","v_020_030","-","+165-900+"
"2985.2","M-509","2","2","Mohenjo-daro","TAB:C","Copper","square","Y","R/L","6","clean_side_row","false","true","h_015_025","v_020_030","-","+405-240-740-176-002-326+"
"2986.1","M-510","1","2","Mohenjo-daro","TAB:C","Copper","square","Y","R/L","2","usable_uncertain_side_row","false","false","h_015_025","v_020_030","-","+165-900+"
"2986.2","M-510","2","2","Mohenjo-daro","TAB:C","Copper","square","Y","R/L","6","clean_side_row","false","true","h_015_025","v_020_030","-","+405-240-740-176-002-326+"
"2987.1","M-511","1","2","Mohenjo-daro","TAB:C","Copper","square","Y","R/L","4","clean_side_row","false","true","h_015_025","v_020_030","th_003_007","+165-900-700-003+"
"2987.2","M-511","2","2","Mohenjo-daro","TAB:C","Copper","square","Y","R/L","4","clean_side_row","false","true","h_015_025","v_020_030","th_003_007","+740-176-220-032+"
"2988.1","M-512","1","2","Mohenjo-daro","TAB:C","Copper","square","Y","R/L","4","clean_side_row","false","true","h_015_025","v_020_030","th_003_007","+165-900-700-003+"
"2988.2","M-512","2","2","Mohenjo-daro","TAB:C","Copper","square","Y","R/L","4","clean_side_row","false","true","h_015_025","v_020_030","th_003_007","+740-176-220-032+"
"2989.1","M-513","1","2","Mohenjo-daro","TAB:C","Copper","square","Y","R/L","2","clean_side_row","true","false","h_015_025","v_020_030","-","+706-005+"
"2989.2","M-513","2","2","Mohenjo-daro","TAB:C","Copper","square","Y","R/L","3","clean_side_row","false","true","h_015_025","v_020_030","-","+407-585-233+"
"2990.1","M-514","1","2","Mohenjo-daro","TAB:C","Copper","square","Y","R/L","2","clean_side_row","true","false","h_015_025","v_020_030","-","+706-005+"
"2990.2","M-514","2","2","Mohenjo-daro","TAB:C","Copper","square","Y","R/L","3","clean_side_row","false","true","h_015_025","v_020_030","-","+407-585-233+"
"2991.1","M-515","1","2","Mohenjo-daro","TAB:C","Copper","square","Y","R/L","2","clean_side_row","true","false","h_015_025","v_020_030","-","+706-005+"
"2991.2","M-515","2","2","Mohenjo-daro","TAB:C","Copper","square","Y","R/L","3","clean_side_row","false","true","h_015_025","v_020_030","-","+407-585-233+"
"2992.1","M-516","1","2","Mohenjo-daro","TAB:C","Copper","square","Y","NR","1","usable_uncertain_side_row","false","false","h_015_025","v_020_030","-","+341+"
"2992.2","M-516","2","2","Mohenjo-daro","TAB:C","Copper","square","Y","R/L","3","clean_side_row","false","true","h_015_025","v_020_030","-","+740-615-503+"
"2993.1","M-517","1","2","Mohenjo-daro","TAB:C","Copper","square","Y","NR","1","usable_uncertain_side_row","false","false","h_015_025","v_020_030","-","+341+"
"2993.2","M-517","2","2","Mohenjo-daro","TAB:C","Copper","square","Y","R/L","3","clean_side_row","false","true","h_015_025","v_020_030","-","+740-615-503+"
"3044.1","M-574","1","1","Mohenjo-daro","TAB:C","Copper","rectangular","Y","R/L","5","clean_side_row","false","false","h_gt_035","v_020_030","-","+617-142-001-368-861+"
"3044.2","M-574","2","1","Mohenjo-daro","TAB:C","Copper","rectangular","Y","R/L","4","clean_side_row","false","false","h_gt_035","v_020_030","-","+740-222-233-235+"
"3058.1","M-593","1","2","Mohenjo-daro","TAB:C","Copper","rectangular","Y","R/L","7","clean_side_row","false","true","h_025_035","v_010_020","-","+407-321-407-845-033-705-235+"
"3058.2","M-593","2","2","Mohenjo-daro","TAB:C","Copper","rectangular","Y","NR","1","usable_uncertain_side_row","false","false","h_025_035","v_010_020","-","+753+"
"5512.1","M-596","1","2","Mohenjo-daro","TAB:C","Copper","rectangular","N","R/L","3","usable_uncertain_side_row","false","false","-","-","-","+740-000-000+"
"5512.2","M-596","2","2","Mohenjo-daro","TAB:C","Copper","rectangular","Y","NR","1","usable_uncertain_side_row","false","false","-","-","-","+749+"
"3059.1","M-597","1","2","Mohenjo-daro","TAB:C","Copper","rectangular","Y","NR","1","usable_uncertain_side_row","false","false","h_025_035","v_010_020","-","+749+"
"3059.2","M-597","2","2","Mohenjo-daro","TAB:C","Copper","rectangular","Y","R/L","4","clean_side_row","false","true","h_025_035","v_010_020","-","+740-384-233-806+"
"3061.1","M-599","1","2","Mohenjo-daro","TAB:C","Copper","rectangular","Y","NR","1","usable_uncertain_side_row","false","false","h_025_035","v_010_020","-","+781+"
"3061.2","M-599","2","2","Mohenjo-daro","TAB:C","Copper","rectangular","Y","L/R","7","clean_side_row","false","true","h_025_035","v_010_020","-","+408-032-520-095-585-017-220+"
"3062.1","M-600","1","2","Mohenjo-daro","TAB:C","Copper","-","N","R/L","2","audit_only_side_row","false","false","-","v_010_020","-","+000-797["
"3062.2","M-600","2","2","Mohenjo-daro","TAB:C","Copper","-","-","R/L","4","audit_only_side_row","false","false","-","v_010_020","-","]090-520-032-408+"
"3063.1","M-602","1","2","Mohenjo-daro","TAB:C","Copper","rectangular","Y","NR","1","usable_uncertain_side_row","false","false","h_025_035","v_010_020","-","+781+"
"3063.2","M-602","2","2","Mohenjo-daro","TAB:C","Copper","rectangular","Y","R/L","7","clean_side_row","false","true","h_025_035","v_010_020","-","+740-900-850-407-061-845-806+"
"3064.1","M-603","1","2","Mohenjo-daro","TAB:C","Copper","rectangular","Y","R/L","6","clean_side_row","false","true","h_025_035","v_010_020","-","+740-900-850-407-845-806+"
"3064.2","M-603","2","2","Mohenjo-daro","TAB:C","Copper","rectangular","Y","NR","1","usable_uncertain_side_row","false","false","h_025_035","v_010_020","-","+777+"
"3065.1","M-604","1","2","Mohenjo-daro","TAB:C","Copper","rectangular","Y","R/L","7","clean_side_row","false","true","h_025_035","v_020_030","th_000_003","+740-900-850-407-061-845-806+"
"3065.2","M-604","2","2","Mohenjo-daro","TAB:C","Copper","rectangular","Y","NR","1","usable_uncertain_side_row","false","false","h_025_035","v_020_030","th_000_003","+777+"
"3066.1","M-605","1","2","Mohenjo-daro","TAB:C","Copper","rectangular","Y","NR","1","usable_uncertain_side_row","false","false","h_025_035","v_010_020","th_007_012","+841+"
"3066.2","M-605","2","2","Mohenjo-daro","TAB:C","Copper","rectangular","Y","R/L","5","clean_side_row","false","true","h_025_035","v_010_020","th_007_012","+740-405-590-220-003+"
"3067.1","M-606","1","2","Mohenjo-daro","TAB:C","Copper","rectangular","Y","NR","1","usable_uncertain_side_row","false","false","h_gt_035","v_010_020","th_003_007","+957+"
"3067.2","M-606","2","2","Mohenjo-daro","TAB:C","Copper","rectangular","Y","R/L","7","clean_side_row","false","true","h_gt_035","v_010_020","th_003_007","+740-100-904-033-705-231-798+"
"3344.1","M-949","1","2","Mohenjo-daro","SEAL:S","Steatite","square","-","R/L","2","audit_only_side_row","false","false","-","-","th_007_012","]140-388+"
"3344.2","M-949","2","2","Mohenjo-daro","SEAL:S","Steatite","square","Y","NR","1","usable_uncertain_side_row","false","false","-","-","th_007_012","+685+"
"3868.1","Rgr-3","1","1","Rakhigarhi","TAG:W","-","-","Y","R/L","3","clean_side_row","false","false","-","-","-","+130-032-820+"
"3868.2","Rgr-3","2","1","Rakhigarhi","TAG:W","-","-","Y","R/L","3","clean_side_row","false","false","-","-","-","+130-032-820+"
