"row_id","cisi","subtype","target_label","is_h_series","priority","type","site","sides","direction","short_side_index","order","short_text","context_class","side_relation","longer_row_count","longer_texts","sequence_family_key","horizontal_mm","vertical_mm","thickness_mm","h_bin","v_bin","area_bin","aspect_bin","th_bin","long_family","long_token_set","long_edge_frames","long_first_tokens","long_last_tokens","long_length_bin"
"3959.2","H-1100","032","FRAME700_SUBTYPE032","false","P1_mixed_short_long_core","TAB:B","Harappa","2","R/L","2","700_first","+700-032+","single_longer_text","short_after_all_longer","1","+740-904-240-002-817+","1:+740-904-240-002-817+|2:+700-032+","26","16","","h_ge_16","v_ge_10","area_ge_180","aspect_1p5_1p9","th_missing","+740-904-240-002-817+","002;240;740;817;904","740...817","740","817","long_len_4_5"
"273.2","H-1102","032","FRAME700_SUBTYPE032","false","P1_mixed_short_long_core","TAB:B","Harappa","2","R/L","2","700_first","+700-032+","single_longer_text","short_after_all_longer","1","+400-740-382+","1:+400-740-382+|2:+700-032+","21.6","10.2","","h_ge_16","v_ge_10","area_ge_180","aspect_ge_1p9","th_missing","+400-740-382+","382;400;740","400...382","400","382","long_len_1_3"
"290.1","H-1112","033","FRAME700_SUBTYPE033","false","P2_tab_b_core_short_queue","TAB:B","Harappa","2","R/L","1","700_last","+033-700+","single_short_no_longer_text","no_longer_text","0","","1:+033-700+|2:+520-000-255+","11.4","","","h_10_13","v_missing","area_missing","aspect_missing","th_missing","NO_LONGER_TEXT","NO_LONGER_TEXT","NO_LONGER_TEXT","NO_LONGER_TEXT","NO_LONGER_TEXT","long_len_0"
"3968.2","H-1120","034","FRAME700_SUBTYPE034","false","P2_tab_b_core_short_queue","TAB:B","Harappa","2","R/L","2","700_first","+700-034+","single_short_no_longer_text","no_longer_text","0","","1:+740-000-000-705+|2:+700-034+","16","8","","h_ge_16","v_7_8p5","area_120_180","aspect_ge_1p9","th_missing","NO_LONGER_TEXT","NO_LONGER_TEXT","NO_LONGER_TEXT","NO_LONGER_TEXT","NO_LONGER_TEXT","long_len_0"
"313.2","H-1123","032","FRAME700_SUBTYPE032","false","P2_tab_b_core_short_queue","TAB:B","Harappa","2","R/L","2","700_first","+700-032+","single_longer_text","short_after_all_longer","1","+525-550-220+","1:+525-550-220+|2:+700-032+","19.1","8.4","","h_ge_16","v_7_8p5","area_120_180","aspect_ge_1p9","th_missing","+525-550-220+","220;525;550","525...220","525","220","long_len_1_3"
"3969.2","H-1124","033","FRAME700_SUBTYPE033","false","P1_mixed_short_long_core","TAB:B","Harappa","2","R/L","2","700_first","+700-033+","single_longer_text","short_after_all_longer","1","+400-236-220+","1:+400-236-220+|2:+700-033+","14","9","","h_13_16","v_8p5_10","area_120_180","aspect_1p5_1p9","th_missing","+400-236-220+","220;236;400","400...220","400","220","long_len_1_3"
"249.2","H-1133","032","FRAME700_SUBTYPE032","false","P1_mixed_short_long_core","TAB:B","Harappa","2","R/L","2","700_first","+700-032+","single_longer_text","short_after_all_longer","1","+400-892-831+","1:+400-892-831+|2:+700-032+","15.2","7.6","","h_13_16","v_7_8p5","area_80_120","aspect_ge_1p9","th_missing","+400-892-831+","400;831;892","400...831","400","831","long_len_1_3"
"3973.2","H-1134","032","FRAME700_SUBTYPE032","false","P2_tab_b_core_short_queue","TAB:B","Harappa","2","R/L","2","700_first","+700-032+","single_short_no_longer_text","no_longer_text","0","","1:+400-892-000+|2:+700-032+","16","7","","h_ge_16","v_7_8p5","area_80_120","aspect_ge_1p9","th_missing","NO_LONGER_TEXT","NO_LONGER_TEXT","NO_LONGER_TEXT","NO_LONGER_TEXT","NO_LONGER_TEXT","long_len_0"
"198.2","H-1138","034","FRAME700_SUBTYPE034","false","P1_mixed_short_long_core","TAB:B","Harappa","2","R/L","2","700_first","+700-034+","single_longer_text","short_after_all_longer","1","+740-603-240-060-692+","1:+740-603-240-060-692+|2:+700-034+","21.6","11.4","","h_ge_16","v_ge_10","area_ge_180","aspect_1p5_1p9","th_missing","+740-603-240-060-692+","060;240;603;692;740","740...692","740","692","long_len_4_5"
"682.1","H-1146","032","FRAME700_SUBTYPE032","false","P2_tab_b_core_short_queue","TAB:B","Harappa","2","R/L","1","700_first","+700-032+","single_longer_text","short_before_all_longer","1","+526-554-002-820+","1:+700-032+|2:+526-554-002-820+","","","","h_missing","v_missing","area_missing","aspect_missing","th_missing","+526-554-002-820+","002;526;554;820","526...820","526","820","long_len_4_5"
"3982.2","H-1153","032","FRAME700_SUBTYPE032","false","P2_tab_b_core_short_queue","TAB:B","Harappa","2","R/L","2","700_first","+700-032+","single_short_no_longer_text","no_longer_text","0","","1:+740-000-000-000-000+|2:+700-032+","17.8","6.4","","h_ge_16","v_lt_7","area_80_120","aspect_ge_1p9","th_missing","NO_LONGER_TEXT","NO_LONGER_TEXT","NO_LONGER_TEXT","NO_LONGER_TEXT","NO_LONGER_TEXT","long_len_0"
"270.2","H-1156","032","FRAME700_SUBTYPE032","false","P2_tab_b_core_short_queue","TAB:B","Harappa","2","R/L","2","700_first","+700-032+","single_short_no_longer_text","no_longer_text","0","","1:+200-705-380+|2:+700-032+","12.2","6.9","","h_10_13","v_lt_7","area_80_120","aspect_1p5_1p9","th_missing","NO_LONGER_TEXT","NO_LONGER_TEXT","NO_LONGER_TEXT","NO_LONGER_TEXT","NO_LONGER_TEXT","long_len_0"
"268.1","H-1188","033","FRAME700_SUBTYPE033","false","P2_tab_i_core_short_queue","TAB:I","Harappa","2","R/L","1","700_first","+700-033+","single_short_no_longer_text","no_longer_text","0","","1:+700-033+|2:+869-000+","16.5","8","","h_ge_16","v_7_8p5","area_120_180","aspect_ge_1p9","th_missing","NO_LONGER_TEXT","NO_LONGER_TEXT","NO_LONGER_TEXT","NO_LONGER_TEXT","NO_LONGER_TEXT","long_len_0"
"4059.2","H-1198","033","FRAME700_SUBTYPE033","false","P1_mixed_short_long_core","TAB:I","Harappa","2","R/L","2","700_first","+700-033+","single_longer_text","short_after_all_longer","1","+740-061-001-031-820+","1:+740-061-001-031-820+|2:+700-033+","15","9.5","","h_13_16","v_8p5_10","area_120_180","aspect_1p5_1p9","th_missing","+740-061-001-031-820+","001;031;061;740;820","740...820","740","820","long_len_4_5"
"4066.2","H-1270","033","FRAME700_SUBTYPE033","false","P2_tab_i_core_short_queue","TAB:I","Harappa","2","R/L","2","700_first","+700-033+","single_short_no_longer_text","no_longer_text","0","","1:+368-000+|2:+700-033+","12.7","6.9","","h_10_13","v_lt_7","area_80_120","aspect_1p5_1p9","th_missing","NO_LONGER_TEXT","NO_LONGER_TEXT","NO_LONGER_TEXT","NO_LONGER_TEXT","NO_LONGER_TEXT","long_len_0"
"265.2","H-1273","034","FRAME700_SUBTYPE034","false","P1_mixed_short_long_core","TAB:I","Harappa","2","R/L","2","700_first","+700-034+","single_longer_text","short_after_all_longer","1","+400-740-176+","1:+400-740-176+|2:+700-034+","11.4","7.1","","h_10_13","v_7_8p5","area_80_120","aspect_1p5_1p9","th_missing","+400-740-176+","176;400;740","400...176","400","176","long_len_1_3"
"4068.1","H-1281","032","FRAME700_SUBTYPE032","false","P2_tab_i_core_short_queue","TAB:I","Harappa","2","R/L","1","700_first","+700-032+","single_short_no_longer_text","no_longer_text","0","","1:+700-032+|2:+000[","13.5","8.9","","h_13_16","v_8p5_10","area_120_180","aspect_1p5_1p9","th_missing","NO_LONGER_TEXT","NO_LONGER_TEXT","NO_LONGER_TEXT","NO_LONGER_TEXT","NO_LONGER_TEXT","long_len_0"
"4069.2","H-1284","034","FRAME700_SUBTYPE034","false","P2_tab_i_core_short_queue","TAB:I","Harappa","2","L/R","2","700_first","+700-034+","single_longer_text","short_after_all_longer","1","+520-220-415+","1:+520-220-415+|2:+700-034+","13","7","","h_13_16","v_7_8p5","area_80_120","aspect_1p5_1p9","th_missing","+520-220-415+","220;415;520","520...415","520","415","long_len_1_3"
"264.2","H-1287","033","FRAME700_SUBTYPE033","false","P1_mixed_short_long_core","TAB:I","Harappa","2","R/L","2","700_first","+700-033+","single_longer_text","short_after_all_longer","1","+400-156-140-032+","1:+400-156-140-032+|2:+700-033+","15.2","8.9","","h_13_16","v_8p5_10","area_120_180","aspect_1p5_1p9","th_missing","+400-156-140-032+","032;140;156;400","400...032","400","032","long_len_4_5"
"1061.2","H-1294","032","FRAME700_SUBTYPE032","false","P2_tab_i_core_short_queue","TAB:I","Harappa","2","R/L","2","700_first","+700-032+","single_longer_text","short_after_all_longer","1","+527-550-233+","1:+527-550-233+|2:+700-032+","15.2","7.6","","h_13_16","v_7_8p5","area_80_120","aspect_ge_1p9","th_missing","+527-550-233+","233;527;550","527...233","527","233","long_len_1_3"
"4074.2","H-1295","033","FRAME700_SUBTYPE033","false","P2_tab_i_core_short_queue","TAB:I","Harappa","2","R/L","2","700_first","+700-033+","single_short_no_longer_text","no_longer_text","0","","1:+000-000-000+|2:+700-033+","14","8","","h_13_16","v_7_8p5","area_80_120","aspect_1p5_1p9","th_missing","NO_LONGER_TEXT","NO_LONGER_TEXT","NO_LONGER_TEXT","NO_LONGER_TEXT","NO_LONGER_TEXT","long_len_0"
"4073.2","H-1302","033","FRAME700_SUBTYPE033","false","P1_mixed_short_long_core","TAB:I","Harappa","2","R/L","2","700_first","+700-033+","single_longer_text","short_after_all_longer","1","+400-740-176+","1:+400-740-176+|2:+700-033+","14","6.4","","h_13_16","v_lt_7","area_80_120","aspect_ge_1p9","th_missing","+400-740-176+","176;400;740","400...176","400","176","long_len_1_3"
"4077.2","H-1303","033","FRAME700_SUBTYPE033","false","P1_mixed_short_long_core","TAB:I","Harappa","2","R/L","2","700_first","+700-033+","single_longer_text","short_after_all_longer","1","+400-740-176+","1:+400-740-176+|2:+700-033+","13.2","7.6","","h_13_16","v_7_8p5","area_80_120","aspect_1p5_1p9","th_missing","+400-740-176+","176;400;740","400...176","400","176","long_len_1_3"
"5470.2","H-1304","033","FRAME700_SUBTYPE033","false","P1_mixed_short_long_core","TAB:I","Harappa","2","R/L","2","700_first","+700-033+","single_longer_text","short_after_all_longer","1","+400-740-176+","1:+400-740-176+|2:+700-033+","14.5","","","h_13_16","v_missing","area_missing","aspect_missing","th_missing","+400-740-176+","176;400;740","400...176","400","176","long_len_1_3"
"1058.2","H-1308","033","FRAME700_SUBTYPE033","false","P1_mixed_short_long_core","TAB:I","Harappa","2","L/R","2","700_first","+700-033+","single_longer_text","short_after_all_longer","1","+740-690-636-240+","1:+740-690-636-240+|2:+700-033+","17.8","10.2","","h_ge_16","v_ge_10","area_ge_180","aspect_1p5_1p9","th_missing","+740-690-636-240+","240;636;690;740","740...240","740","240","long_len_4_5"
"257.2","H-1309","032","FRAME700_SUBTYPE032","false","P1_mixed_short_long_core","TAB:I","Harappa","2","L/R","2","700_first","+700-032+","single_longer_text","short_after_all_longer","1","+156-176-741-060-920+","1:+156-176-741-060-920+|2:+700-032+","16.5","7.6","","h_ge_16","v_7_8p5","area_120_180","aspect_ge_1p9","th_missing","+156-176-741-060-920+","060;156;176;741;920","156...920","156","920","long_len_4_5"
"229.2","H-1312","032","FRAME700_SUBTYPE032","false","P1_mixed_short_long_core","TAB:I","Harappa","2","R/L","2","700_first","+700-032+","single_longer_text","short_after_all_longer","1","+740-031-904-001-032+","1:+740-031-904-001-032+|2:+700-032+","13","6","","h_13_16","v_lt_7","area_lt_80","aspect_ge_1p9","th_missing","+740-031-904-001-032+","001;031;032;740;904","740...032","740","032","long_len_4_5"
"4081.2","H-1313","032","FRAME700_SUBTYPE032","false","P2_tab_i_core_short_queue","TAB:I","Harappa","2","R/L","2","700_first","+700-032+","single_short_no_longer_text","no_longer_text","0","","1:+740-840-000+|2:+700-032+","15","6","1.5","h_13_16","v_lt_7","area_80_120","aspect_ge_1p9","th_lt_3","NO_LONGER_TEXT","NO_LONGER_TEXT","NO_LONGER_TEXT","NO_LONGER_TEXT","NO_LONGER_TEXT","long_len_0"
"255.1","H-1319","032","FRAME700_SUBTYPE032","false","P2_tab_i_core_short_queue","TAB:I","Harappa","2","R/L","1","700_first","+700-032+","all_short_or_no_longer_text","no_longer_text","0","","1:+700-032+|2:+400-678+","17.8","8.9","","h_ge_16","v_8p5_10","area_120_180","aspect_ge_1p9","th_missing","NO_LONGER_TEXT","NO_LONGER_TEXT","NO_LONGER_TEXT","NO_LONGER_TEXT","NO_LONGER_TEXT","long_len_0"
"4072.2","H-1320","032","FRAME700_SUBTYPE032","false","P2_tab_i_core_short_queue","TAB:I","Harappa","2","R/L","2","700_first","+700-032+","all_short_or_no_longer_text","no_longer_text","0","","1:+400-678+|2:+700-032+","17","10","","h_ge_16","v_ge_10","area_120_180","aspect_1p5_1p9","th_missing","NO_LONGER_TEXT","NO_LONGER_TEXT","NO_LONGER_TEXT","NO_LONGER_TEXT","NO_LONGER_TEXT","long_len_0"
"317.2","H-1321","032","FRAME700_SUBTYPE032","false","P1_mixed_short_long_core","TAB:B","Harappa","2","R/L","2","700_first","+700-032+","single_longer_text","short_after_all_longer","1","+400-226-032+","1:+400-226-032+|2:+700-032+","16.5","10.2","","h_ge_16","v_ge_10","area_120_180","aspect_1p5_1p9","th_missing","+400-226-032+","032;226;400","400...032","400","032","long_len_1_3"
"282.1","H-1330","032","FRAME700_SUBTYPE032","false","P2_tab_i_core_short_queue","TAB:I","Harappa","2","R/L","1","700_first","+700-032+","all_short_or_no_longer_text","no_longer_text","0","","1:+700-032+|2:+520-220+","","","","h_missing","v_missing","area_missing","aspect_missing","th_missing","NO_LONGER_TEXT","NO_LONGER_TEXT","NO_LONGER_TEXT","NO_LONGER_TEXT","NO_LONGER_TEXT","long_len_0"
"4085.2","H-1344","033","FRAME700_SUBTYPE033","false","P1_mixed_short_long_core","TAB:I","Harappa","2","R/L","2","700_first","+700-033+","single_longer_text","short_after_all_longer","1","+400-740-176+","1:+400-740-176+|2:+700-033+","14","8","","h_13_16","v_7_8p5","area_80_120","aspect_1p5_1p9","th_missing","+400-740-176+","176;400;740","400...176","400","176","long_len_1_3"
"4086.2","H-1345","033","FRAME700_SUBTYPE033","false","P1_mixed_short_long_core","TAB:I","Harappa","2","R/L","2","700_first","+700-033+","single_longer_text","short_after_all_longer","1","+400-740-176+","1:+400-740-176+|2:+700-033+","14.5","6.4","","h_13_16","v_lt_7","area_80_120","aspect_ge_1p9","th_missing","+400-740-176+","176;400;740","400...176","400","176","long_len_1_3"
"4087.2","H-1346","033","FRAME700_SUBTYPE033","false","P1_mixed_short_long_core","TAB:I","Harappa","2","R/L","2","700_first","+700-033+","single_longer_text","short_after_all_longer","1","+400-740-176+","1:+400-740-176+|2:+700-033+","10.2","6.4","","h_10_13","v_lt_7","area_lt_80","aspect_1p5_1p9","th_missing","+400-740-176+","176;400;740","400...176","400","176","long_len_1_3"
"4088.2","H-1347","033","FRAME700_SUBTYPE033","false","P1_mixed_short_long_core","TAB:I","Harappa","2","R/L","2","700_first","+700-033+","single_longer_text","short_after_all_longer","1","+400-740-176+","1:+400-740-176+|2:+700-033+","","7.6","","h_missing","v_7_8p5","area_missing","aspect_missing","th_missing","+400-740-176+","176;400;740","400...176","400","176","long_len_1_3"
"4089.2","H-1348","033","FRAME700_SUBTYPE033","false","P2_tab_i_core_short_queue","TAB:I","Harappa","2","R/L","2","700_first","+700-033+","single_short_no_longer_text","no_longer_text","0","","1:]740-176+|2:+700-033+","","6.4","","h_missing","v_lt_7","area_missing","aspect_missing","th_missing","NO_LONGER_TEXT","NO_LONGER_TEXT","NO_LONGER_TEXT","NO_LONGER_TEXT","NO_LONGER_TEXT","long_len_0"
"222.3","H-1354","034","FRAME700_SUBTYPE034","false","P1_mixed_short_long_core","TAB:I","Harappa","3","R/L","3","700_first","+700-034+","multiple_longer_texts","short_after_all_longer","2","+740-714-840-799+|+824-032-578-415+","1:+824-032-578-415+|2:+740-714-840-799+|3:+700-034+","16.3","6.4","","h_ge_16","v_lt_7","area_80_120","aspect_ge_1p9","th_missing","+740-714-840-799+|+824-032-578-415+","032;415;578;714;740;799;824;840","740...799;824...415","740;824","415;799","long_len_4_5"
"758.2","H-1768","033","FRAME700_SUBTYPE033","false","P2_tab_b_core_short_queue","TAB:B","Harappa","2","R/L","2","700_first","+700-033+","single_short_no_longer_text","no_longer_text","0","","1:+144+|2:+700-033+","11.2","11.2","2","h_10_13","v_ge_10","area_120_180","aspect_lt_1p5","th_lt_3","NO_LONGER_TEXT","NO_LONGER_TEXT","NO_LONGER_TEXT","NO_LONGER_TEXT","NO_LONGER_TEXT","long_len_0"
"371.1","H-1771","032","FRAME700_SUBTYPE032","false","P1_mixed_short_long_core","TAB:B","Harappa","2","L/R","1","700_first","+700-032+","single_longer_text","short_before_all_longer","1","+740-031-001-140+","1:+700-032+|2:+740-031-001-140+","16","7.5","","h_ge_16","v_7_8p5","area_120_180","aspect_ge_1p9","th_missing","+740-031-001-140+","001;031;140;740","740...140","740","140","long_len_4_5"
"400.1","H-1772","032","FRAME700_SUBTYPE032","false","P1_mixed_short_long_core","TAB:B","Harappa","2","R/L","1","700_first","+700-032+","single_longer_text","short_before_all_longer","1","+740-031-001-140+","1:+700-032+|2:+740-031-001-140+","17","8.8","2.1","h_ge_16","v_8p5_10","area_120_180","aspect_ge_1p9","th_lt_3","+740-031-001-140+","001;031;140;740","740...140","740","140","long_len_4_5"
"383.1","H-1773","032","FRAME700_SUBTYPE032","false","P1_mixed_short_long_core","TAB:B","Harappa","2","L/R","1","700_first","+700-032+","single_longer_text","short_before_all_longer","1","+740-031-001-140+","1:+700-032+|2:+740-031-001-140+","16.3","7","1.6","h_ge_16","v_7_8p5","area_80_120","aspect_ge_1p9","th_lt_3","+740-031-001-140+","001;031;140;740","740...140","740","140","long_len_4_5"
"1021.2","H-1774","032","FRAME700_SUBTYPE032","false","P1_mixed_short_long_core","TAB:B","Harappa","2","R/L","2","700_first","+700-032+","single_longer_text","short_after_all_longer","1","+400-740-335-482-175+","1:+400-740-335-482-175+|2:+700-032+","25","10.7","5.3","h_ge_16","v_ge_10","area_ge_180","aspect_ge_1p9","th_ge_5","+400-740-335-482-175+","175;335;400;482;740","400...175","400","175","long_len_4_5"
"570.1","H-1797","032","FRAME700_SUBTYPE032","false","P1_mixed_short_long_core","TAB:B","Harappa","2","L/R","1","700_last","+032-700+","single_longer_text","short_before_all_longer","1","+740-690-435-255-055+","1:+032-700+|2:+740-690-435-255-055+","19.5","9.2","3.9","h_ge_16","v_8p5_10","area_120_180","aspect_ge_1p9","th_3_5","+740-690-435-255-055+","055;255;435;690;740","740...055","740","055","long_len_4_5"
"477.1","H-1804","032","FRAME700_SUBTYPE032","false","P2_tab_b_core_short_queue","TAB:B","Harappa","2","R/L","1","700_first","+700-032+","single_short_no_longer_text","no_longer_text","0","","1:+700-032+|2:+000-591+","15","9","3.3","h_13_16","v_8p5_10","area_120_180","aspect_1p5_1p9","th_3_5","NO_LONGER_TEXT","NO_LONGER_TEXT","NO_LONGER_TEXT","NO_LONGER_TEXT","NO_LONGER_TEXT","long_len_0"
"624.1","H-1817","034","FRAME700_SUBTYPE034","false","P1_mixed_short_long_core","TAB:B","Harappa","2","R/L","1","700_first","+700-034+","single_longer_text","short_before_all_longer","1","+400-525-554+","1:+700-034+|2:+400-525-554+","13.5","8","3.3","h_13_16","v_7_8p5","area_80_120","aspect_1p5_1p9","th_3_5","+400-525-554+","400;525;554","400...554","400","554","long_len_1_3"
"550.1","H-1822","033","FRAME700_SUBTYPE033","false","P1_mixed_short_long_core","TAB:B","Harappa","2","R/L","1","700_first","+700-033+","single_longer_text","short_before_all_longer","1","+400-740-176-519+","1:+700-033+|2:+400-740-176-519+","17.5","10.5","3.5","h_ge_16","v_ge_10","area_ge_180","aspect_1p5_1p9","th_3_5","+400-740-176-519+","176;400;519;740","400...519","400","519","long_len_4_5"
"649.1","H-1823","034","FRAME700_SUBTYPE034","false","P1_mixed_short_long_core","TAB:B","Harappa","2","R/L","1","700_first","+700-034+","single_longer_text","short_before_all_longer","1","+400-740-798-365-415-001+","1:+700-034+|2:+400-740-798-365-415-001+","13.5","7.5","3.2","h_13_16","v_7_8p5","area_80_120","aspect_1p5_1p9","th_3_5","+400-740-798-365-415-001+","001;365;400;415;740;798","400...001","400","001","long_len_6_plus"
"646.1","H-1824","034","FRAME700_SUBTYPE034","false","P1_mixed_short_long_core","TAB:B","Harappa","2","R/L","1","700_first","+700-034+","single_longer_text","short_before_all_longer","1","+740-176-031-060-201+","1:+700-034+|2:+740-176-031-060-201+","15.7","7.3","4.3","h_13_16","v_7_8p5","area_80_120","aspect_ge_1p9","th_3_5","+740-176-031-060-201+","031;060;176;201;740","740...201","740","201","long_len_4_5"
"467.1","H-1825","034","FRAME700_SUBTYPE034","false","P1_mixed_short_long_core","TAB:B","Harappa","2","L/R","1","700_first","+700-034+","single_longer_text","short_before_all_longer","1","+740-176-220+","1:+700-034+|2:+740-176-220+","14","7.7","2.5","h_13_16","v_7_8p5","area_80_120","aspect_1p5_1p9","th_lt_3","+740-176-220+","176;220;740","740...220","740","220","long_len_1_3"
"895.2","H-1828","034","FRAME700_SUBTYPE034","false","P2_tab_b_core_short_queue","TAB:B","Harappa","2","R/L","2","700_first","+700-034+","all_short_or_no_longer_text","no_longer_text","0","","1:+156-176+|2:+700-034+","12.5","7","5","h_10_13","v_7_8p5","area_80_120","aspect_1p5_1p9","th_ge_5","NO_LONGER_TEXT","NO_LONGER_TEXT","NO_LONGER_TEXT","NO_LONGER_TEXT","NO_LONGER_TEXT","long_len_0"
"890.2","H-1829","034","FRAME700_SUBTYPE034","false","P2_tab_b_core_short_queue","TAB:B","Harappa","2","R/L","2","700_first","+700-034+","all_short_or_no_longer_text","no_longer_text","0","","1:+156-176+|2:+700-034+","12.6","7","4.5","h_10_13","v_7_8p5","area_80_120","aspect_1p5_1p9","th_3_5","NO_LONGER_TEXT","NO_LONGER_TEXT","NO_LONGER_TEXT","NO_LONGER_TEXT","NO_LONGER_TEXT","long_len_0"
"773.1","H-1830","034","FRAME700_SUBTYPE034","false","P2_tab_b_core_short_queue","TAB:B","Harappa","2","R/L","1","700_first","+700-034+","all_short_or_no_longer_text","no_longer_text","0","","1:+700-034+|2:+156-176+","11.2","6.5","5","h_10_13","v_lt_7","area_lt_80","aspect_1p5_1p9","th_ge_5","NO_LONGER_TEXT","NO_LONGER_TEXT","NO_LONGER_TEXT","NO_LONGER_TEXT","NO_LONGER_TEXT","long_len_0"
"772.1","H-1831","034","FRAME700_SUBTYPE034","false","P2_tab_b_core_short_queue","TAB:B","Harappa","2","R/L","1","700_first","+700-034+","all_short_or_no_longer_text","no_longer_text","0","","1:+700-034+|2:+156-176+","12.5","6","","h_10_13","v_lt_7","area_lt_80","aspect_ge_1p9","th_missing","NO_LONGER_TEXT","NO_LONGER_TEXT","NO_LONGER_TEXT","NO_LONGER_TEXT","NO_LONGER_TEXT","long_len_0"
"415.1","H-1832","034","FRAME700_SUBTYPE034","false","P1_mixed_short_long_core","TAB:B","Harappa","2","R/L","1","700_first","+700-034+","single_longer_text","short_before_all_longer","1","+400-297-352-892-590-740-176+","1:+700-034+|2:+400-297-352-892-590-740-176+","24","9","3.5","h_ge_16","v_8p5_10","area_ge_180","aspect_ge_1p9","th_3_5","+400-297-352-892-590-740-176+","176;297;352;400;590;740;892","400...176","400","176","long_len_6_plus"
"497.1","H-1836","032","FRAME700_SUBTYPE032","false","P2_tab_b_core_short_queue","TAB:B","Harappa","2","R/L","1","700_first","+700-032+","single_short_no_longer_text","no_longer_text","0","","1:+700-032+|2:+400-740-000-792+","14","8","2.3","h_13_16","v_7_8p5","area_80_120","aspect_1p5_1p9","th_lt_3","NO_LONGER_TEXT","NO_LONGER_TEXT","NO_LONGER_TEXT","NO_LONGER_TEXT","NO_LONGER_TEXT","long_len_0"
"593.1","H-1839","033","FRAME700_SUBTYPE033","false","P1_mixed_short_long_core","TAB:B","Harappa","2","R/L","1","700_first","+700-033+","single_longer_text","short_before_all_longer","1","+740-100-175-630-705+","1:+700-033+|2:+740-100-175-630-705+","18.5","9.8","3.9","h_ge_16","v_8p5_10","area_ge_180","aspect_1p5_1p9","th_3_5","+740-100-175-630-705+","100;175;630;705;740","740...705","740","705","long_len_4_5"
"652.1","H-1841","032","FRAME700_SUBTYPE032","false","P1_mixed_short_long_core","TAB:B","Harappa","2","R/L","1","700_first","+700-032+","single_longer_text","short_before_all_longer","1","+740-540-204-255+","1:+700-032+|2:+740-540-204-255+","","8","3.8","h_missing","v_7_8p5","area_missing","aspect_missing","th_3_5","+740-540-204-255+","204;255;540;740","740...255","740","255","long_len_4_5"
"631.1","H-1842","033","FRAME700_SUBTYPE033","false","P1_mixed_short_long_core","TAB:B","Harappa","2","R/L","1","700_last","+033-700+","single_longer_text","short_before_all_longer","1","+740-690-435-176-233-803+","1:+033-700+|2:+740-690-435-176-233-803+","18.4","9.2","4.9","h_ge_16","v_8p5_10","area_120_180","aspect_ge_1p9","th_3_5","+740-690-435-176-233-803+","176;233;435;690;740;803","740...803","740","803","long_len_6_plus"
"780.1","H-1844","034","FRAME700_SUBTYPE034","false","P1_mixed_short_long_core","TAB:B","Harappa","2","R/L","1","700_first","+700-034+","single_longer_text","short_before_all_longer","1","+400-154-690+","1:+700-034+|2:+400-154-690+","12.6","7.5","3","h_10_13","v_7_8p5","area_80_120","aspect_1p5_1p9","th_3_5","+400-154-690+","154;400;690","400...690","400","690","long_len_1_3"
"424.1","H-1845","034","FRAME700_SUBTYPE034","false","P1_mixed_short_long_core","TAB:B","Harappa","2","R/L","1","700_first","+700-034+","single_longer_text","short_before_all_longer","1","+740-642-240-060-692+","1:+700-034+|2:+740-642-240-060-692+","23.6","11.5","3","h_ge_16","v_ge_10","area_ge_180","aspect_ge_1p9","th_3_5","+740-642-240-060-692+","060;240;642;692;740","740...692","740","692","long_len_4_5"
"686.1","H-1846","034","FRAME700_SUBTYPE034","false","P1_mixed_short_long_core","TAB:B","Harappa","2","R/L","1","700_first","+700-034+","single_longer_text","short_before_all_longer","1","+740-603-240-060-692+","1:+700-034+|2:+740-603-240-060-692+","23.5","11","5","h_ge_16","v_ge_10","area_ge_180","aspect_ge_1p9","th_ge_5","+740-603-240-060-692+","060;240;603;692;740","740...692","740","692","long_len_4_5"
"480.1","H-1850","034","FRAME700_SUBTYPE034","false","P1_mixed_short_long_core","TAB:B","Harappa","2","R/L","1","700_first","+700-034+","single_longer_text","short_before_all_longer","1","+400-740-760-382+","1:+700-034+|2:+400-740-760-382+","17","9","","h_ge_16","v_8p5_10","area_120_180","aspect_1p5_1p9","th_missing","+400-740-760-382+","382;400;740;760","400...382","400","382","long_len_4_5"
"1024.1","H-1851","033","FRAME700_SUBTYPE033","false","P1_mixed_short_long_core","TAB:B","Harappa","2","R/L","1","700_last","+033-700+","single_longer_text","short_before_all_longer","1","+740-803-892-031-002-861+","1:+033-700+|2:+740-803-892-031-002-861+","17.3","9","1","h_ge_16","v_8p5_10","area_120_180","aspect_ge_1p9","th_lt_3","+740-803-892-031-002-861+","002;031;740;803;861;892","740...861","740","861","long_len_6_plus"
"386.1","H-1853","032","FRAME700_SUBTYPE032","false","P1_mixed_short_long_core","TAB:B","Harappa","2","R/L","1","700_first","+700-032+","single_longer_text","short_before_all_longer","1","+400-617-829+","1:+700-032+|2:+400-617-829+","20.5","10.5","2.5","h_ge_16","v_ge_10","area_ge_180","aspect_ge_1p9","th_lt_3","+400-617-829+","400;617;829","400...829","400","829","long_len_1_3"
"427.1","H-1854","034","FRAME700_SUBTYPE034","false","P1_mixed_short_long_core","TAB:B","Harappa","2","R/L","1","700_first","+700-034+","single_longer_text","short_before_all_longer","1","+400-740-717+","1:+700-034+|2:+400-740-717+","15.3","8.3","","h_13_16","v_7_8p5","area_120_180","aspect_1p5_1p9","th_missing","+400-740-717+","400;717;740","400...717","400","717","long_len_1_3"
"557.1","H-1855","032","FRAME700_SUBTYPE032","false","P1_mixed_short_long_core","TAB:B","Harappa","2","R/L","1","700_last","+032-700+","single_longer_text","short_before_all_longer","1","+400-153-118+","1:+032-700+|2:+400-153-118+","17.7","9.6","5.8","h_ge_16","v_8p5_10","area_120_180","aspect_1p5_1p9","th_ge_5","+400-153-118+","118;153;400","400...118","400","118","long_len_1_3"
"392.1","H-1858","033","FRAME700_SUBTYPE033","false","P2_tab_b_core_short_queue","TAB:B","Harappa","2","R/L","1","700_last","+033-700+","all_short_or_no_longer_text","no_longer_text","0","","1:+033-700+|2:+400-137+","14.4","7.4","4","h_13_16","v_7_8p5","area_80_120","aspect_ge_1p9","th_3_5","NO_LONGER_TEXT","NO_LONGER_TEXT","NO_LONGER_TEXT","NO_LONGER_TEXT","NO_LONGER_TEXT","long_len_0"
"598.1","H-1859","033","FRAME700_SUBTYPE033","false","P2_tab_b_core_short_queue","TAB:B","Harappa","2","R/L","1","700_last","+033-700+","all_short_or_no_longer_text","no_longer_text","0","","1:+033-700+|2:+400-137+","13.5","7.4","4.8","h_13_16","v_7_8p5","area_80_120","aspect_1p5_1p9","th_3_5","NO_LONGER_TEXT","NO_LONGER_TEXT","NO_LONGER_TEXT","NO_LONGER_TEXT","NO_LONGER_TEXT","long_len_0"
"637.1","H-1860","034","FRAME700_SUBTYPE034","false","P2_tab_b_core_short_queue","TAB:B","Harappa","2","R/L","1","700_first","+700-034+","all_short_or_no_longer_text","no_longer_text","0","","1:+700-034+|2:+400-097+","13.5","8","4","h_13_16","v_7_8p5","area_80_120","aspect_1p5_1p9","th_3_5","NO_LONGER_TEXT","NO_LONGER_TEXT","NO_LONGER_TEXT","NO_LONGER_TEXT","NO_LONGER_TEXT","long_len_0"
"774.1","H-1861","033","FRAME700_SUBTYPE033","false","P2_tab_b_core_short_queue","TAB:B","Harappa","2","R/L","1","700_first","+700-033+","all_short_or_no_longer_text","no_longer_text","0","","1:+700-033+|2:+368-091+","13.2","7.2","3.8","h_13_16","v_7_8p5","area_80_120","aspect_1p5_1p9","th_3_5","NO_LONGER_TEXT","NO_LONGER_TEXT","NO_LONGER_TEXT","NO_LONGER_TEXT","NO_LONGER_TEXT","long_len_0"
"599.1","H-1864","032","FRAME700_SUBTYPE032","false","P1_mixed_short_long_core","TAB:B","Harappa","2","R/L","1","700_last","+032-700+","single_longer_text","short_before_all_longer","1","+740-142-062-002-817+","1:+032-700+|2:+740-142-062-002-817+","18.5","10.4","4.6","h_ge_16","v_ge_10","area_ge_180","aspect_1p5_1p9","th_3_5","+740-142-062-002-817+","002;062;142;740;817","740...817","740","817","long_len_4_5"
"411.1","H-1865","032","FRAME700_SUBTYPE032","false","P2_tab_b_core_short_queue","TAB:B","Harappa","2","R/L","1","700_first","+700-032+","single_short_no_longer_text","no_longer_text","0","","1:+700-032+|2:+740-702-061-002-000+","13","8","2","h_13_16","v_7_8p5","area_80_120","aspect_1p5_1p9","th_lt_3","NO_LONGER_TEXT","NO_LONGER_TEXT","NO_LONGER_TEXT","NO_LONGER_TEXT","NO_LONGER_TEXT","long_len_0"
"506.1","H-1867","034","FRAME700_SUBTYPE034","false","P1_mixed_short_long_core","TAB:B","Harappa","2","R/L","1","700_first","+700-034+","single_longer_text","short_before_all_longer","1","+151-740-221+","1:+700-034+|2:+151-740-221+","16","8","","h_ge_16","v_7_8p5","area_120_180","aspect_ge_1p9","th_missing","+151-740-221+","151;221;740","151...221","151","221","long_len_1_3"
"509.1","H-1868","034","FRAME700_SUBTYPE034","false","P1_mixed_short_long_core","TAB:B","Harappa","2","R/L","1","700_first","+700-034+","single_longer_text","short_before_all_longer","1","+151-740-222+","1:+700-034+|2:+151-740-222+","15.5","7","","h_13_16","v_7_8p5","area_80_120","aspect_ge_1p9","th_missing","+151-740-222+","151;222;740","151...222","151","222","long_len_1_3"
"508.1","H-1869","034","FRAME700_SUBTYPE034","false","P1_mixed_short_long_core","TAB:B","Harappa","2","R/L","1","700_first","+700-034+","single_longer_text","short_before_all_longer","1","+151-740-222+","1:+700-034+|2:+151-740-222+","15.5","7","","h_13_16","v_7_8p5","area_80_120","aspect_ge_1p9","th_missing","+151-740-222+","151;222;740","151...222","151","222","long_len_1_3"
"901.1","H-1870","034","FRAME700_SUBTYPE034","false","P2_tab_b_core_short_queue","TAB:B","Harappa","2","R/L","1","700_first","+700-034+","all_short_or_no_longer_text","no_longer_text","0","","1:+700-034+|2:+158-221+","16","9","3.7","h_ge_16","v_8p5_10","area_120_180","aspect_1p5_1p9","th_3_5","NO_LONGER_TEXT","NO_LONGER_TEXT","NO_LONGER_TEXT","NO_LONGER_TEXT","NO_LONGER_TEXT","long_len_0"
"784.1","H-1871","034","FRAME700_SUBTYPE034","false","P1_mixed_short_long_core","TAB:B","Harappa","2","R/L","1","700_first","+700-034+","single_longer_text","short_before_all_longer","1","+151-740-235+","1:+700-034+|2:+151-740-235+","13","7.2","","h_13_16","v_7_8p5","area_80_120","aspect_1p5_1p9","th_missing","+151-740-235+","151;235;740","151...235","151","235","long_len_1_3"
"751.1","H-1872","033","FRAME700_SUBTYPE033","false","P1_mixed_short_long_core","TAB:B","Harappa","2","R/L","1","700_first","+700-033+","single_longer_text","short_before_all_longer","1","+400-236-220+","1:+700-033+|2:+400-236-220+","13.9","8","4.2","h_13_16","v_7_8p5","area_80_120","aspect_1p5_1p9","th_3_5","+400-236-220+","220;236;400","400...220","400","220","long_len_1_3"
"560.1","H-1873","033","FRAME700_SUBTYPE033","false","P1_mixed_short_long_core","TAB:B","Harappa","2","R/L","1","700_first","+700-033+","single_longer_text","short_before_all_longer","1","+400-236-233+","1:+700-033+|2:+400-236-233+","13.7","8.3","3.3","h_13_16","v_7_8p5","area_80_120","aspect_1p5_1p9","th_3_5","+400-236-233+","233;236;400","400...233","400","233","long_len_1_3"
"388.1","H-1874","034","FRAME700_SUBTYPE034","false","P2_tab_b_core_short_queue","TAB:B","Harappa","2","R/L","1","700_first","+700-034+","single_short_no_longer_text","no_longer_text","0","","1:+700-034+|2:+002-220-455-000+","14.8","9","3.4","h_13_16","v_8p5_10","area_120_180","aspect_1p5_1p9","th_3_5","NO_LONGER_TEXT","NO_LONGER_TEXT","NO_LONGER_TEXT","NO_LONGER_TEXT","NO_LONGER_TEXT","long_len_0"
"468.1","H-1876","034","FRAME700_SUBTYPE034","false","P1_mixed_short_long_core","TAB:B","Harappa","2","R/L","1","700_last","+034-700+","single_longer_text","short_before_all_longer","1","+400-775-516+","1:+034-700+|2:+400-775-516+","15","9","3","h_13_16","v_8p5_10","area_120_180","aspect_1p5_1p9","th_3_5","+400-775-516+","400;516;775","400...516","400","516","long_len_1_3"
"396.1","H-1877","034","FRAME700_SUBTYPE034","false","P1_mixed_short_long_core","TAB:B","Harappa","2","R/L","1","700_last","+034-700+","single_longer_text","short_before_all_longer","1","+400-775-516+","1:+034-700+|2:+400-775-516+","14.5","8.2","1.8","h_13_16","v_7_8p5","area_80_120","aspect_1p5_1p9","th_lt_3","+400-775-516+","400;516;775","400...516","400","516","long_len_1_3"
"831.1","H-1880","034","FRAME700_SUBTYPE034","false","P2_tab_b_core_short_queue","TAB:B","Harappa","2","R/L","1","700_last","+034-700+","single_longer_text","short_before_all_longer","1","+520-033-033+","1:+034-700+|2:+520-033-033+","13.3","8","2.7","h_13_16","v_7_8p5","area_80_120","aspect_1p5_1p9","th_lt_3","+520-033-033+","033;520","520...033","520","033","long_len_1_3"
"930.1","H-1883","033","FRAME700_SUBTYPE033","false","P1_mixed_short_long_core","TAB:B","Harappa","2","R/L","1","700_first","+700-033+","single_longer_text","short_before_all_longer","1","+740-790-032+","1:+700-033+|2:+740-790-032+","13.3","7","2","h_13_16","v_7_8p5","area_80_120","aspect_ge_1p9","th_lt_3","+740-790-032+","032;740;790","740...032","740","032","long_len_1_3"
"382.1","H-1894","034","FRAME700_SUBTYPE034","false","P1_mixed_short_long_core","TAB:B","Harappa","2","R/L","1","700_first","+700-034+","single_longer_text","short_before_all_longer","1","+400-740-061-140+","1:+700-034+|2:+400-740-061-140+","14.4","7","2.7","h_13_16","v_7_8p5","area_80_120","aspect_ge_1p9","th_lt_3","+400-740-061-140+","061;140;400;740","400...140","400","140","long_len_4_5"
"406.1","H-1895","034","FRAME700_SUBTYPE034","false","P1_mixed_short_long_core","TAB:B","Harappa","2","L/R","1","700_first","+700-034+","single_longer_text","short_before_all_longer","1","+400-740-100-240+","1:+700-034+|2:+400-740-100-240+","13.5","8.8","2","h_13_16","v_8p5_10","area_80_120","aspect_1p5_1p9","th_lt_3","+400-740-100-240+","100;240;400;740","400...240","400","240","long_len_4_5"
"863.1","H-1896","033","FRAME700_SUBTYPE033","false","P1_mixed_short_long_core","TAB:B","Harappa","2","R/L","1","700_first","+700-033+","single_longer_text","short_before_all_longer","1","+400-892-831+","1:+700-033+|2:+400-892-831+","16","11","3.2","h_ge_16","v_ge_10","area_120_180","aspect_lt_1p5","th_3_5","+400-892-831+","400;831;892","400...831","400","831","long_len_1_3"
"410.1","H-1897","033","FRAME700_SUBTYPE033","false","P1_mixed_short_long_core","TAB:B","Harappa","2","R/L","1","700_last","+033-700+","single_longer_text","short_before_all_longer","1","+400-740-904-240+","1:+033-700+|2:+400-740-904-240+","15.5","7","2.1","h_13_16","v_7_8p5","area_80_120","aspect_ge_1p9","th_lt_3","+400-740-904-240+","240;400;740;904","400...240","400","240","long_len_4_5"
"419.1","H-1898","033","FRAME700_SUBTYPE033","false","P1_mixed_short_long_core","TAB:B","Harappa","2","R/L","1","700_first","+700-033+","single_longer_text","short_before_all_longer","1","+400-368-741+","1:+700-033+|2:+400-368-741+","15","6.8","2.7","h_13_16","v_lt_7","area_80_120","aspect_ge_1p9","th_lt_3","+400-368-741+","368;400;741","400...741","400","741","long_len_1_3"
"922.1","H-1902","032","FRAME700_SUBTYPE032","false","P2_tab_b_core_short_queue","TAB:B","Harappa","2","R/L","1","700_first","+700-032+","single_longer_text","short_before_all_longer","1","+158-003-494+","1:+700-032+|2:+158-003-494+","14.1","8","2.5","h_13_16","v_7_8p5","area_80_120","aspect_1p5_1p9","th_lt_3","+158-003-494+","003;158;494","158...494","158","494","long_len_1_3"
"675.1","H-1903","033","FRAME700_SUBTYPE033","false","P1_mixed_short_long_core","TAB:B","Harappa","2","R/L","1","700_last","+033-700+","single_longer_text","short_before_all_longer","1","+740-923-235+","1:+033-700+|2:+740-923-235+","20.3","10.7","2.8","h_ge_16","v_ge_10","area_ge_180","aspect_1p5_1p9","th_lt_3","+740-923-235+","235;740;923","740...235","740","235","long_len_1_3"
"433.2","H-1905","033","FRAME700_SUBTYPE033","false","P2_tab_b_core_short_queue","TAB:B","Harappa","2","R/L","2","700_first","+700-033+","all_short_or_no_longer_text","no_longer_text","0","","1:+740-843+|2:+700-033+","14.5","9.3","","h_13_16","v_8p5_10","area_120_180","aspect_1p5_1p9","th_missing","NO_LONGER_TEXT","NO_LONGER_TEXT","NO_LONGER_TEXT","NO_LONGER_TEXT","NO_LONGER_TEXT","long_len_0"
"554.1","H-1906","032","FRAME700_SUBTYPE032","false","P1_mixed_short_long_core","TAB:B","Harappa","2","R/L","1","700_first","+700-032+","single_longer_text","short_before_all_longer","1","+400-090-740-400-090+","1:+700-032+|2:+400-090-740-400-090+","","","4.8","h_missing","v_missing","area_missing","aspect_missing","th_3_5","+400-090-740-400-090+","090;400;740","400...090","400","090","long_len_4_5"
"743.2","H-1907","034","FRAME700_SUBTYPE034","false","P2_tab_b_core_short_queue","TAB:B","Harappa","2","R/L","2","700_first","+700-034+","all_short_or_no_longer_text","no_longer_text","0","","1:+520-240+|2:+700-034+","11","8","2.5","h_10_13","v_7_8p5","area_80_120","aspect_lt_1p5","th_lt_3","NO_LONGER_TEXT","NO_LONGER_TEXT","NO_LONGER_TEXT","NO_LONGER_TEXT","NO_LONGER_TEXT","long_len_0"
"515.1","H-1908","033","FRAME700_SUBTYPE033","false","P2_tab_b_core_short_queue","TAB:B","Harappa","2","R/L","1","700_first","+700-033+","all_short_or_no_longer_text","no_longer_text","0","","1:+700-033+|2:+520-240+","14","6","","h_13_16","v_lt_7","area_80_120","aspect_ge_1p9","th_missing","NO_LONGER_TEXT","NO_LONGER_TEXT","NO_LONGER_TEXT","NO_LONGER_TEXT","NO_LONGER_TEXT","long_len_0"
"453.1","H-1909","032","FRAME700_SUBTYPE032","false","P1_mixed_short_long_core","TAB:B","Harappa","2","R/L","1","700_first","+700-032+","single_longer_text","short_before_all_longer","1","+740-817-491+","1:+700-032+|2:+740-817-491+","16.4","7.4","2.2","h_ge_16","v_7_8p5","area_120_180","aspect_ge_1p9","th_lt_3","+740-817-491+","491;740;817","740...491","740","491","long_len_1_3"
"437.1","H-1912","033","FRAME700_SUBTYPE033","false","P2_tab_b_core_short_queue","TAB:B","Harappa","2","L/R","1","700_last","+033-700+","all_short_or_no_longer_text","no_longer_text","0","","1:+033-700+|2:+520-240+","13.6","11.7","3","h_13_16","v_ge_10","area_120_180","aspect_lt_1p5","th_3_5","NO_LONGER_TEXT","NO_LONGER_TEXT","NO_LONGER_TEXT","NO_LONGER_TEXT","NO_LONGER_TEXT","long_len_0"
"414.1","H-1915","033","FRAME700_SUBTYPE033","false","P2_tab_b_core_short_queue","TAB:B","Harappa","2","R/L","1","700_first","+700-033+","single_longer_text","short_before_all_longer","1","+032-920-491+","1:+700-033+|2:+032-920-491+","18.3","7.3","4.4","h_ge_16","v_7_8p5","area_120_180","aspect_ge_1p9","th_3_5","+032-920-491+","032;491;920","032...491","032","491","long_len_1_3"
"569.1","H-1922","032","FRAME700_SUBTYPE032","false","P1_mixed_short_long_core","TAB:B","Harappa","2","R/L","1","700_first","+700-032+","single_longer_text","short_before_all_longer","1","+400-740-920-320-233-240-798+","1:+700-032+|2:+400-740-920-320-233-240-798+","","","3","h_missing","v_missing","area_missing","aspect_missing","th_3_5","+400-740-920-320-233-240-798+","233;240;320;400;740;798;920","400...798","400","798","long_len_6_plus"
"567.1","H-1923","032","FRAME700_SUBTYPE032","false","P1_mixed_short_long_core","TAB:B","Harappa","2","R/L","1","700_first","+700-032+","single_longer_text","short_before_all_longer","1","+400-740-032-840+","1:+700-032+|2:+400-740-032-840+","","","3.5","h_missing","v_missing","area_missing","aspect_missing","th_3_5","+400-740-032-840+","032;400;740;840","400...840","400","840","long_len_4_5"
"373.1","H-1924","033","FRAME700_SUBTYPE033","false","P2_tab_b_core_short_queue","TAB:B","Harappa","2","R/L","1","700_last","+033-700+","single_longer_text","short_before_all_longer","1","+550-003-435+","1:+033-700+|2:+550-003-435+","","","2.7","h_missing","v_missing","area_missing","aspect_missing","th_lt_3","+550-003-435+","003;435;550","550...435","550","435","long_len_1_3"
"921.1","H-1929","033","FRAME700_SUBTYPE033","false","P1_mixed_short_long_core","TAB:B","Harappa","2","R/L","1","700_first","+700-033+","single_longer_text","short_before_all_longer","1","+400-740-061-140+","1:+700-033+|2:+400-740-061-140+","15","9","","h_13_16","v_8p5_10","area_120_180","aspect_1p5_1p9","th_missing","+400-740-061-140+","061;140;400;740","400...140","400","140","long_len_4_5"
"548.1","H-1931","032","FRAME700_SUBTYPE032","false","P1_mixed_short_long_core","TAB:B","Harappa","2","R/L","1","700_first","+700-032+","single_longer_text","short_before_all_longer","1","+400-740-176-791+","1:+700-032+|2:+400-740-176-791+","18.5","8.8","","h_ge_16","v_8p5_10","area_120_180","aspect_ge_1p9","th_missing","+400-740-176-791+","176;400;740;791","400...791","400","791","long_len_4_5"
"504.1","H-1932","032","FRAME700_SUBTYPE032","false","P2_tab_b_core_short_queue","TAB:B","Harappa","2","R/L","1","700_last","+032-700+","single_short_no_longer_text","no_longer_text","0","","1:+032-700+|2:+400-740-000-832-000+","17.5","9","","h_ge_16","v_8p5_10","area_120_180","aspect_ge_1p9","th_missing","NO_LONGER_TEXT","NO_LONGER_TEXT","NO_LONGER_TEXT","NO_LONGER_TEXT","NO_LONGER_TEXT","long_len_0"
"917.1","H-1933","033","FRAME700_SUBTYPE033","false","P1_mixed_short_long_core","TAB:B","Harappa","2","R/L","1","700_first","+700-033+","single_longer_text","short_before_all_longer","1","+400-520-400-352+","1:+700-033+|2:+400-520-400-352+","17.7","9","","h_ge_16","v_8p5_10","area_120_180","aspect_ge_1p9","th_missing","+400-520-400-352+","352;400;520","400...352","400","352","long_len_4_5"
"765.1","H-1936","032","FRAME700_SUBTYPE032","false","P2_tab_b_core_short_queue","TAB:B","Harappa","2","L/R","1","700_first","+700-032+","single_longer_text","short_before_all_longer","1","+511-032-142+","1:+700-032+|2:+511-032-142+","15.4","7","","h_13_16","v_7_8p5","area_80_120","aspect_ge_1p9","th_missing","+511-032-142+","032;142;511","511...142","511","142","long_len_1_3"
"938.1","H-1937","034","FRAME700_SUBTYPE034","false","P1_mixed_short_long_core","TAB:B","Harappa","2","R/L","1","700_last","+034-700+","single_longer_text","short_before_all_longer","1","+740-690-435-255+","1:+034-700+|2:+740-690-435-255+","17.7","9.5","","h_ge_16","v_8p5_10","area_120_180","aspect_1p5_1p9","th_missing","+740-690-435-255+","255;435;690;740","740...255","740","255","long_len_4_5"
"516.1","H-1938","033","FRAME700_SUBTYPE033","false","P1_mixed_short_long_core","TAB:B","Harappa","2","R/L","1","700_last","+033-700+","single_longer_text","short_before_all_longer","1","+740-690-435-255+","1:+033-700+|2:+740-690-435-255+","18","10.5","","h_ge_16","v_ge_10","area_ge_180","aspect_1p5_1p9","th_missing","+740-690-435-255+","255;435;690;740","740...255","740","255","long_len_4_5"
"458.1","H-1940","033","FRAME700_SUBTYPE033","false","P1_mixed_short_long_core","TAB:B","Harappa","2","L/R","1","700_first","+700-033+","single_longer_text","short_before_all_longer","1","+400-740-067-100+","1:+700-033+|2:+400-740-067-100+","15","7.5","","h_13_16","v_7_8p5","area_80_120","aspect_ge_1p9","th_missing","+400-740-067-100+","067;100;400;740","400...100","400","100","long_len_4_5"
"927.1","H-1941","032","FRAME700_SUBTYPE032","false","P1_mixed_short_long_core","TAB:B","Harappa","2","R/L","1","700_first","+700-032+","single_longer_text","short_before_all_longer","1","+400-236-220+","1:+700-032+|2:+400-236-220+","14","7.5","","h_13_16","v_7_8p5","area_80_120","aspect_1p5_1p9","th_missing","+400-236-220+","220;236;400","400...220","400","220","long_len_1_3"
"409.1","H-1942","032","FRAME700_SUBTYPE032","false","P2_tab_b_core_short_queue","TAB:B","Harappa","2","R/L","1","700_last","+032-700+","single_longer_text","short_before_all_longer","1","+405-035-002-861+","1:+032-700+|2:+405-035-002-861+","16.3","8.1","","h_ge_16","v_7_8p5","area_120_180","aspect_ge_1p9","th_missing","+405-035-002-861+","002;035;405;861","405...861","405","861","long_len_4_5"
"422.1","H-1943","034","FRAME700_SUBTYPE034","false","P1_mixed_short_long_core","TAB:B","Harappa","2","R/L","1","700_first","+700-034+","single_longer_text","short_before_all_longer","1","+740-384-031+","1:+700-034+|2:+740-384-031+","12.8","6.6","","h_10_13","v_lt_7","area_80_120","aspect_ge_1p9","th_missing","+740-384-031+","031;384;740","740...031","740","031","long_len_1_3"
"923.1","H-1945","032","FRAME700_SUBTYPE032","false","P1_mixed_short_long_core","TAB:B","Harappa","2","R/L","1","700_last","+032-700+","single_longer_text","short_before_all_longer","1","+400-740-388-717-705+","1:+032-700+|2:+400-740-388-717-705+","15.8","10","","h_13_16","v_ge_10","area_120_180","aspect_1p5_1p9","th_missing","+400-740-388-717-705+","388;400;705;717;740","400...705","400","705","long_len_4_5"
"755.1","H-1947","033","FRAME700_SUBTYPE033","false","P2_tab_b_core_short_queue","TAB:B","Harappa","3","R/L","1","700_first","+700-033+","single_short_no_longer_text","no_longer_text","0","","1:+700-033+|2:+740-000-031+|3:+740-630-000+","19","8","","h_ge_16","v_7_8p5","area_120_180","aspect_ge_1p9","th_missing","NO_LONGER_TEXT","NO_LONGER_TEXT","NO_LONGER_TEXT","NO_LONGER_TEXT","NO_LONGER_TEXT","long_len_0"
"393.1","H-1981","034","FRAME700_SUBTYPE034","false","P2_tab_b_core_short_queue","TAB:B","Harappa","2","R/L","1","700_first","+700-034+","single_short_no_longer_text","no_longer_text","0","","1:+700-034+|2:+000-004-745-590+","26.5","10","8","h_ge_16","v_ge_10","area_ge_180","aspect_ge_1p9","th_ge_5","NO_LONGER_TEXT","NO_LONGER_TEXT","NO_LONGER_TEXT","NO_LONGER_TEXT","NO_LONGER_TEXT","long_len_0"
"690.1","H-1982","034","FRAME700_SUBTYPE034","false","P2_tab_b_core_short_queue","TAB:B","Harappa","2","R/L","1","700_first","+700-034+","single_short_no_longer_text","no_longer_text","0","","1:+700-034+|2:+390-000-742-000+","28.1","","8","h_ge_16","v_missing","area_missing","aspect_missing","th_ge_5","NO_LONGER_TEXT","NO_LONGER_TEXT","NO_LONGER_TEXT","NO_LONGER_TEXT","NO_LONGER_TEXT","long_len_0"
"394.1","H-1987","034","FRAME700_SUBTYPE034","false","P2_tab_b_core_short_queue","TAB:B","Harappa","2","R/L","1","700_first","+700-034+","single_longer_text","short_before_all_longer","1","+390-004-455-371-741-590+","1:+700-034+|2:+390-004-455-371-741-590+","23.2","9.2","7","h_ge_16","v_8p5_10","area_ge_180","aspect_ge_1p9","th_ge_5","+390-004-455-371-741-590+","004;371;390;455;590;741","390...590","390","590","long_len_6_plus"
"744.1","H-1993","033","FRAME700_SUBTYPE033","false","P2_tab_b_core_short_queue","TAB:B","Harappa","2","R/L","1","700_first","+700-033+","single_short_no_longer_text","no_longer_text","0","","1:+700-033+|2:+740-000-220-004-002-390-095+","29.2","10.7","6.2","h_ge_16","v_ge_10","area_ge_180","aspect_ge_1p9","th_ge_5","NO_LONGER_TEXT","NO_LONGER_TEXT","NO_LONGER_TEXT","NO_LONGER_TEXT","NO_LONGER_TEXT","long_len_0"
"869.1","H-1995","033","FRAME700_SUBTYPE033","false","P1_mixed_short_long_core","TAB:B","Harappa","2","R/L","1","700_first","+700-033+","single_longer_text","short_before_all_longer","1","+400-151-142+","1:+700-033+|2:+400-151-142+","28.4","","9","h_ge_16","v_missing","area_missing","aspect_missing","th_ge_5","+400-151-142+","142;151;400","400...142","400","142","long_len_1_3"
"1237.2","H-206","033","FRAME700_SUBTYPE033","false","P1_mixed_short_long_core","TAB:B","Harappa","2","R/L","2","700_first","+700-033+","single_longer_text","short_after_all_longer","1","+740-642-240-204-705-621+","1:+740-642-240-204-705-621+|2:+700-033+","21.6","10.2","","h_ge_16","v_ge_10","area_ge_180","aspect_ge_1p9","th_missing","+740-642-240-204-705-621+","204;240;621;642;705;740","740...621","740","621","long_len_6_plus"
"862.1","H-2070","034","FRAME700_SUBTYPE034","false","P1_mixed_short_long_core","TAB:I","Harappa","2","R/L","1","700_first","+700-034+","single_longer_text","short_before_all_longer","1","+400-740-817-276+","1:+700-034+|2:+400-740-817-276+","13.2","8","2.4","h_13_16","v_7_8p5","area_80_120","aspect_1p5_1p9","th_lt_3","+400-740-817-276+","276;400;740;817","400...276","400","276","long_len_4_5"
"1240.2","H-209","032","FRAME700_SUBTYPE032","false","P1_mixed_short_long_core","TAB:B","Harappa","2","R/L","2","700_first","+700-032+","single_longer_text","short_after_all_longer","1","+400-921-690-435-255-055+","1:+400-921-690-435-255-055+|2:+700-032+","17.8","10.9","","h_ge_16","v_ge_10","area_ge_180","aspect_1p5_1p9","th_missing","+400-921-690-435-255-055+","055;255;400;435;690;921","400...055","400","055","long_len_6_plus"
"476.1","H-2094","034","FRAME700_SUBTYPE034","false","P2_tab_i_core_short_queue","TAB:I","Harappa","2","R/L","1","700_first","+700-034+","single_longer_text","short_before_all_longer","1","+002-861-416+","1:+700-034+|2:+002-861-416+","12.6","7","2.5","h_10_13","v_7_8p5","area_80_120","aspect_1p5_1p9","th_lt_3","+002-861-416+","002;416;861","002...416","002","416","long_len_1_3"
"518.1","H-2095","034","FRAME700_SUBTYPE034","false","P2_tab_i_core_short_queue","TAB:I","Harappa","2","R/L","1","700_first","+700-034+","single_longer_text","short_before_all_longer","1","+002-861-416+","1:+700-034+|2:+002-861-416+","17","7.5","","h_ge_16","v_7_8p5","area_120_180","aspect_ge_1p9","th_missing","+002-861-416+","002;416;861","002...416","002","416","long_len_1_3"
"665.1","H-2096","034","FRAME700_SUBTYPE034","false","P2_tab_i_core_short_queue","TAB:I","Harappa","2","R/L","1","700_first","+700-034+","single_longer_text","short_before_all_longer","1","+002-861-416+","1:+700-034+|2:+002-861-416+","13.5","8","","h_13_16","v_7_8p5","area_80_120","aspect_1p5_1p9","th_missing","+002-861-416+","002;416;861","002...416","002","416","long_len_1_3"
"488.1","H-2097","034","FRAME700_SUBTYPE034","false","P2_tab_i_core_short_queue","TAB:I","Harappa","2","R/L","1","700_last","+034-700+","single_longer_text","short_before_all_longer","1","+002-861-416+","1:+034-700+|2:+002-861-416+","14.5","7.8","3.5","h_13_16","v_7_8p5","area_80_120","aspect_1p5_1p9","th_3_5","+002-861-416+","002;416;861","002...416","002","416","long_len_1_3"
"1018.1","H-2102","034","FRAME700_SUBTYPE034","false","P2_tab_i_core_short_queue","TAB:I","Harappa","2","R/L","1","700_first","+700-034+","all_short_or_no_longer_text","no_longer_text","0","","1:+700-034+|2:+137-413+","13.6","7.5","2.5","h_13_16","v_7_8p5","area_80_120","aspect_1p5_1p9","th_lt_3","NO_LONGER_TEXT","NO_LONGER_TEXT","NO_LONGER_TEXT","NO_LONGER_TEXT","NO_LONGER_TEXT","long_len_0"
"642.2","H-2105","034","FRAME700_SUBTYPE034","false","P2_tab_i_core_short_queue","TAB:I","Harappa","2","R/L","2","700_first","+700-034+","single_short_no_longer_text","no_longer_text","0","","1:+137+|2:+700-034+","11.5","7.5","3","h_10_13","v_7_8p5","area_80_120","aspect_1p5_1p9","th_3_5","NO_LONGER_TEXT","NO_LONGER_TEXT","NO_LONGER_TEXT","NO_LONGER_TEXT","NO_LONGER_TEXT","long_len_0"
"1242.2","H-211","033","FRAME700_SUBTYPE033","false","P1_mixed_short_long_core","TAB:B","Harappa","2","R/L","2","700_last","+033-700+","single_longer_text","short_after_all_longer","1","+400-740-898-617+","1:+400-740-898-617+|2:+033-700+","20","9","","h_ge_16","v_8p5_10","area_ge_180","aspect_ge_1p9","th_missing","+400-740-898-617+","400;617;740;898","400...617","400","617","long_len_4_5"
"544.1","H-2115","033","FRAME700_SUBTYPE033","false","P1_mixed_short_long_core","TAB:I","Harappa","2","R/L","1","700_first","+700-033+","single_longer_text","short_before_all_longer","1","+400-740-032-028+","1:+700-033+|2:+400-740-032-028+","17","10","3.5","h_ge_16","v_ge_10","area_120_180","aspect_1p5_1p9","th_3_5","+400-740-032-028+","028;032;400;740","400...028","400","028","long_len_4_5"
"1243.2","H-212","032","FRAME700_SUBTYPE032","false","P1_mixed_short_long_core","TAB:B","Harappa","2","R/L","2","700_last","+032-700+","single_longer_text","short_after_all_longer","1","+400-156-118+","1:+400-156-118+|2:+032-700+","14","7.1","","h_13_16","v_7_8p5","area_80_120","aspect_ge_1p9","th_missing","+400-156-118+","118;156;400","400...118","400","118","long_len_1_3"
"425.1","H-2125","033","FRAME700_SUBTYPE033","false","P1_mixed_short_long_core","TAB:I","Harappa","2","R/L","1","700_first","+700-033+","single_longer_text","short_before_all_longer","1","+740-143-067+","1:+700-033+|2:+740-143-067+","18.3","9","2.5","h_ge_16","v_8p5_10","area_120_180","aspect_ge_1p9","th_lt_3","+740-143-067+","067;143;740","740...067","740","067","long_len_1_3"
"674.1","H-2129","032","FRAME700_SUBTYPE032","false","P2_tab_i_core_short_queue","TAB:I","Harappa","2","R/L","1","700_first","+700-032+","single_short_no_longer_text","no_longer_text","0","","1:+700-032+|2:]000-590-231+","","8","2.7","h_missing","v_7_8p5","area_missing","aspect_missing","th_lt_3","NO_LONGER_TEXT","NO_LONGER_TEXT","NO_LONGER_TEXT","NO_LONGER_TEXT","NO_LONGER_TEXT","long_len_0"
"1244.2","H-213","032","FRAME700_SUBTYPE032","false","P1_mixed_short_long_core","TAB:B","Harappa","2","R/L","2","700_first","+700-032+","single_longer_text","short_after_all_longer","1","+400-520-400-352+","1:+400-520-400-352+|2:+700-032+","18","10","","h_ge_16","v_ge_10","area_ge_180","aspect_1p5_1p9","th_missing","+400-520-400-352+","352;400;520","400...352","400","352","long_len_4_5"
"823.1","H-2130","034","FRAME700_SUBTYPE034","false","P2_tab_i_core_short_queue","TAB:I","Harappa","2","R/L","1","700_first","+700-034+","all_short_or_no_longer_text","no_longer_text","0","","1:+700-034+|2:+365-900+","14.2","8.4","2.8","h_13_16","v_7_8p5","area_80_120","aspect_1p5_1p9","th_lt_3","NO_LONGER_TEXT","NO_LONGER_TEXT","NO_LONGER_TEXT","NO_LONGER_TEXT","NO_LONGER_TEXT","long_len_0"
"732.1","H-2131","033","FRAME700_SUBTYPE033","false","P2_tab_i_core_short_queue","TAB:I","Harappa","2","R/L","1","700_first","+700-033+","all_short_or_no_longer_text","no_longer_text","0","","1:+700-033+|2:+368-900+","14","8.2","2.6","h_13_16","v_7_8p5","area_80_120","aspect_1p5_1p9","th_lt_3","NO_LONGER_TEXT","NO_LONGER_TEXT","NO_LONGER_TEXT","NO_LONGER_TEXT","NO_LONGER_TEXT","long_len_0"
"3932.1","H-2137","034","FRAME700_SUBTYPE034","false","P1_mixed_short_long_core","TAB:I","Harappa","2","R/L","1","700_first","+700-034+","single_longer_text","short_before_all_longer","1","+740-100-176+","1:+700-034+|2:+740-100-176+","13","8","2.5","h_13_16","v_7_8p5","area_80_120","aspect_1p5_1p9","th_lt_3","+740-100-176+","100;176;740","740...176","740","176","long_len_1_3"
"596.1","H-2139","032","FRAME700_SUBTYPE032","false","P1_mixed_short_long_core","TAB:I","Harappa","2","R/L","1","700_first","+700-032+","single_longer_text","short_before_all_longer","1","+740-176-033-705-235+","1:+700-032+|2:+740-176-033-705-235+","15","8.6","3.6","h_13_16","v_8p5_10","area_120_180","aspect_1p5_1p9","th_3_5","+740-176-033-705-235+","033;176;235;705;740","740...235","740","235","long_len_4_5"
"1245.2","H-214","032","FRAME700_SUBTYPE032","false","P1_mixed_short_long_core","TAB:B","Harappa","2","L/R","2","700_first","+700-032+","single_longer_text","short_after_all_longer","1","+400-520-400-353+","1:+400-520-400-353+|2:+700-032+","17.8","7.6","","h_ge_16","v_7_8p5","area_120_180","aspect_ge_1p9","th_missing","+400-520-400-353+","353;400;520","400...353","400","353","long_len_4_5"
"418.1","H-2140","034","FRAME700_SUBTYPE034","false","P1_mixed_short_long_core","TAB:I","Harappa","2","R/L","1","700_first","+700-034+","single_longer_text","short_before_all_longer","1","+565-740-176-231+","1:+700-034+|2:+565-740-176-231+","14","8","2.5","h_13_16","v_7_8p5","area_80_120","aspect_1p5_1p9","th_lt_3","+565-740-176-231+","176;231;565;740","565...231","565","231","long_len_4_5"
"397.1","H-2141","034","FRAME700_SUBTYPE034","false","P1_mixed_short_long_core","TAB:I","Harappa","2","R/L","1","700_first","+700-034+","single_longer_text","short_before_all_longer","1","+565-740-176-231+","1:+700-034+|2:+565-740-176-231+","14","7.8","2.8","h_13_16","v_7_8p5","area_80_120","aspect_1p5_1p9","th_lt_3","+565-740-176-231+","176;231;565;740","565...231","565","231","long_len_4_5"
"945.1","H-2142","033","FRAME700_SUBTYPE033","false","P2_tab_b_core_short_queue","TAB:B","Harappa","2","L/R","1","700_first","+700-033+","single_longer_text","short_before_all_longer","1","+526-550-233+","1:+700-033+|2:+526-550-233+","13.8","8","2.3","h_13_16","v_7_8p5","area_80_120","aspect_1p5_1p9","th_lt_3","+526-550-233+","233;526;550","526...233","526","233","long_len_1_3"
"752.1","H-2143","034","FRAME700_SUBTYPE034","false","P1_mixed_short_long_core","TAB:I","Harappa","2","R/L","1","700_first","+700-034+","single_longer_text","short_before_all_longer","1","+090-740-792+","1:+700-034+|2:+090-740-792+","13.5","6.5","","h_13_16","v_lt_7","area_80_120","aspect_ge_1p9","th_missing","+090-740-792+","090;740;792","090...792","090","792","long_len_1_3"
"841.2","H-2146","032","FRAME700_SUBTYPE032","false","P2_tab_i_core_short_queue","TAB:I","Harappa","2","R/L","2","700_first","+700-032+","single_longer_text","short_after_all_longer","1","+520-220-415+","1:+520-220-415+|2:+700-032+","11","6.8","2.5","h_10_13","v_lt_7","area_lt_80","aspect_1p5_1p9","th_lt_3","+520-220-415+","220;415;520","520...415","520","415","long_len_1_3"
"1246.1","H-215","034","FRAME700_SUBTYPE034","false","P2_tab_b_core_short_queue","TAB:B","Harappa","2","R/L","1","700_first","+700-034+","all_short_or_no_longer_text","no_longer_text","0","","1:+700-034+|2:+400-137+","18","9","","h_ge_16","v_8p5_10","area_120_180","aspect_ge_1p9","th_missing","NO_LONGER_TEXT","NO_LONGER_TEXT","NO_LONGER_TEXT","NO_LONGER_TEXT","NO_LONGER_TEXT","long_len_0"
"815.1","H-2154","034","FRAME700_SUBTYPE034","false","P2_tab_i_core_short_queue","TAB:I","Harappa","2","R/L","1","700_last","+034-700+","all_short_or_no_longer_text","no_longer_text","0","","1:+034-700+|2:+400-226+","14","6","3.4","h_13_16","v_lt_7","area_80_120","aspect_ge_1p9","th_3_5","NO_LONGER_TEXT","NO_LONGER_TEXT","NO_LONGER_TEXT","NO_LONGER_TEXT","NO_LONGER_TEXT","long_len_0"
"812.1","H-2155","034","FRAME700_SUBTYPE034","false","P2_tab_i_core_short_queue","TAB:I","Harappa","2","R/L","1","700_first","+700-034+","all_short_or_no_longer_text","no_longer_text","0","","1:+700-034+|2:+400-236+","9.2","7.1","2.7","h_lt_10","v_7_8p5","area_lt_80","aspect_lt_1p5","th_lt_3","NO_LONGER_TEXT","NO_LONGER_TEXT","NO_LONGER_TEXT","NO_LONGER_TEXT","NO_LONGER_TEXT","long_len_0"
"1247.2","H-216","033","FRAME700_SUBTYPE033","false","P1_mixed_short_long_core","TAB:B","Harappa","2","L/R","2","700_first","+700-033+","single_longer_text","short_after_all_longer","1","+740-337-484+","1:+740-337-484+|2:+700-033+","19","9.5","","h_ge_16","v_8p5_10","area_ge_180","aspect_ge_1p9","th_missing","+740-337-484+","337;484;740","740...484","740","484","long_len_1_3"
"1248.2","H-217","032","FRAME700_SUBTYPE032","false","P1_mixed_short_long_core","TAB:B","Harappa","2","R/L","2","700_first","+700-032+","single_longer_text","short_after_all_longer","1","+740-337-484+","1:+740-337-484+|2:+700-032+","14","8","","h_13_16","v_7_8p5","area_80_120","aspect_1p5_1p9","th_missing","+740-337-484+","337;484;740","740...484","740","484","long_len_1_3"
"801.1","H-2173","032","FRAME700_SUBTYPE032","false","P1_mixed_short_long_core","TAB:I","Harappa","2","R/L","1","700_first","+700-032+","single_longer_text","short_before_all_longer","1","+400-740-817-491+","1:+700-032+|2:+400-740-817-491+","12.8","7","3","h_10_13","v_7_8p5","area_80_120","aspect_1p5_1p9","th_3_5","+400-740-817-491+","400;491;740;817","400...491","400","491","long_len_4_5"
"1249.2","H-218","033","FRAME700_SUBTYPE033","false","P1_mixed_short_long_core","TAB:B","Harappa","2","R/L","2","700_first","+700-033+","single_longer_text","short_after_all_longer","1","+740-336-176+","1:+740-336-176+|2:+700-033+","14","9","","h_13_16","v_8p5_10","area_120_180","aspect_1p5_1p9","th_missing","+740-336-176+","176;336;740","740...176","740","176","long_len_1_3"
"749.1","H-2183","032","FRAME700_SUBTYPE032","false","P1_mixed_short_long_core","TAB:I","Harappa","2","R/L","1","700_first","+700-032+","single_longer_text","short_before_all_longer","1","+400-740-575-017-798+","1:+700-032+|2:+400-740-575-017-798+","18.8","10.4","2.2","h_ge_16","v_ge_10","area_ge_180","aspect_1p5_1p9","th_lt_3","+400-740-575-017-798+","017;400;575;740;798","400...798","400","798","long_len_4_5"
"490.1","H-2184","032","FRAME700_SUBTYPE032","false","P1_mixed_short_long_core","TAB:I","Harappa","2","R/L","1","700_first","+700-032+","single_longer_text","short_before_all_longer","1","+400-740-032-015+","1:+700-032+|2:+400-740-032-015+","19","10","3","h_ge_16","v_ge_10","area_ge_180","aspect_ge_1p9","th_3_5","+400-740-032-015+","015;032;400;740","400...015","400","015","long_len_4_5"
"834.1","H-2185","032","FRAME700_SUBTYPE032","false","P1_mixed_short_long_core","TAB:I","Harappa","2","R/L","1","700_first","+700-032+","single_longer_text","short_before_all_longer","1","+400-158-690+","1:+700-032+|2:+400-158-690+","14.4","8.1","3.2","h_13_16","v_7_8p5","area_80_120","aspect_1p5_1p9","th_3_5","+400-158-690+","158;400;690","400...690","400","690","long_len_1_3"
"519.1","H-2186","032","FRAME700_SUBTYPE032","false","P2_tab_i_core_short_queue","TAB:I","Harappa","2","R/L","1","700_first","+700-032+","single_longer_text","short_before_all_longer","1","+390-004-155-390+","1:+700-032+|2:+390-004-155-390+","15","8.8","","h_13_16","v_8p5_10","area_120_180","aspect_1p5_1p9","th_missing","+390-004-155-390+","004;155;390","390...390","390","390","long_len_4_5"
"1250.2","H-219","033","FRAME700_SUBTYPE033","false","P2_tab_b_core_short_queue","TAB:B","Harappa","2","R/L","2","700_first","+700-033+","single_longer_text","short_after_all_longer","1","+415-035-171+","1:+415-035-171+|2:+700-033+","17","7.5","","h_ge_16","v_7_8p5","area_120_180","aspect_ge_1p9","th_missing","+415-035-171+","035;171;415","415...171","415","171","long_len_1_3"
"578.1","H-2197","033","FRAME700_SUBTYPE033","false","P1_mixed_short_long_core","TAB:I","Harappa","2","R/L","1","700_first","+700-033+","single_longer_text","short_before_all_longer","1","+400-090-740-100-390-231+","1:+700-033+|2:+400-090-740-100-390-231+","","","3.6","h_missing","v_missing","area_missing","aspect_missing","th_3_5","+400-090-740-100-390-231+","090;100;231;390;400;740","400...231","400","231","long_len_6_plus"
"643.2","H-2198","032","FRAME700_SUBTYPE032","false","P1_mixed_short_long_core","TAB:I","Harappa","2","R/L","2","700_first","+700-032+","single_longer_text","short_after_all_longer","1","+740-255-032+","1:+740-255-032+|2:+700-032+","","","2","h_missing","v_missing","area_missing","aspect_missing","th_lt_3","+740-255-032+","032;255;740","740...032","740","032","long_len_1_3"
"753.1","H-2201","032","FRAME700_SUBTYPE032","false","P1_mixed_short_long_core","TAB:I","Harappa","2","R/L","1","700_first","+700-032+","single_longer_text","short_before_all_longer","1","+400-740-176-240+","1:+700-032+|2:+400-740-176-240+","15.8","4.8","","h_13_16","v_lt_7","area_lt_80","aspect_ge_1p9","th_missing","+400-740-176-240+","176;240;400;740","400...240","400","240","long_len_4_5"
"659.1","H-2204","034","FRAME700_SUBTYPE034","false","P1_mixed_short_long_core","TAB:I","Harappa","2","R/L","1","700_first","+700-034+","single_longer_text","short_before_all_longer","1","+400-740-032-027+","1:+700-034+|2:+400-740-032-027+","19","7.3","","h_ge_16","v_7_8p5","area_120_180","aspect_ge_1p9","th_missing","+400-740-032-027+","027;032;400;740","400...027","400","027","long_len_4_5"
"871.1","H-2206","034","FRAME700_SUBTYPE034","false","P1_mixed_short_long_core","TAB:I","Harappa","2","R/L","1","700_first","+700-034+","single_longer_text","short_before_all_longer","1","+740-032-025+","1:+700-034+|2:+740-032-025+","","7","","h_missing","v_7_8p5","area_missing","aspect_missing","th_missing","+740-032-025+","025;032;740","740...025","740","025","long_len_1_3"
"549.1","H-2208","034","FRAME700_SUBTYPE034","false","P1_mixed_short_long_core","TAB:I","Harappa","2","R/L","1","700_last","+034-700+","single_longer_text","short_before_all_longer","1","+400-740-032-027+","1:+034-700+|2:+400-740-032-027+","14.5","7.5","","h_13_16","v_7_8p5","area_80_120","aspect_ge_1p9","th_missing","+400-740-032-027+","027;032;400;740","400...027","400","027","long_len_4_5"
"638.1","H-2209","033","FRAME700_SUBTYPE033","false","P1_mixed_short_long_core","TAB:I","Harappa","2","R/L","1","700_first","+700-033+","single_longer_text","short_before_all_longer","1","+400-740-032-025+","1:+700-033+|2:+400-740-032-025+","16","7","","h_ge_16","v_7_8p5","area_80_120","aspect_ge_1p9","th_missing","+400-740-032-025+","025;032;400;740","400...025","400","025","long_len_4_5"
"829.1","H-2211","032","FRAME700_SUBTYPE032","false","P2_tab_i_core_short_queue","TAB:I","Harappa","2","R/L","1","700_first","+700-032+","single_longer_text","short_before_all_longer","1","+700-840-032-741+","1:+700-032+|2:+700-840-032-741+","13.7","6","","h_13_16","v_lt_7","area_80_120","aspect_ge_1p9","th_missing","+700-840-032-741+","032;700;741;840","700...741","700","741","long_len_4_5"
"407.1","H-2213","033","FRAME700_SUBTYPE033","false","P1_mixed_short_long_core","TAB:I","Harappa","3","R/L","1","700_first","+700-033+","multiple_longer_texts","short_before_all_longer","2","+740-760-840-799+|+824-032-578-415+","1:+700-033+|2:+824-032-578-415+|3:+740-760-840-799+","16.7","7.3","","h_ge_16","v_7_8p5","area_120_180","aspect_ge_1p9","th_missing","+740-760-840-799+|+824-032-578-415+","032;415;578;740;760;799;824;840","740...799;824...415","740;824","415;799","long_len_4_5"
"672.1","H-2214","033","FRAME700_SUBTYPE033","false","P1_mixed_short_long_core","TAB:I","Harappa","3","R/L","1","700_first","+700-033+","multiple_longer_texts","short_before_all_longer","2","+740-760-840-799+|+876-032-578-415+","1:+700-033+|2:+740-760-840-799+|3:+876-032-578-415+","14.5","6.5","","h_13_16","v_lt_7","area_80_120","aspect_ge_1p9","th_missing","+740-760-840-799+|+876-032-578-415+","032;415;578;740;760;799;840;876","740...799;876...415","740;876","415;799","long_len_4_5"
"470.1","H-2215","033","FRAME700_SUBTYPE033","false","P2_tab_i_core_short_queue","TAB:I","Harappa","3","R/L","1","700_first","+700-033+","single_short_no_longer_text","no_longer_text","0","","1:+700-033+|2:+156+|3:+000+","7.5","10","","h_lt_10","v_ge_10","area_lt_80","aspect_lt_1p5","th_missing","NO_LONGER_TEXT","NO_LONGER_TEXT","NO_LONGER_TEXT","NO_LONGER_TEXT","NO_LONGER_TEXT","long_len_0"
"679.1","H-2217","032","FRAME700_SUBTYPE032","false","P1_mixed_short_long_core","TAB:I","Harappa","3","R/L","1","700_first","+700-032+","single_longer_text","short_before_all_longer","1","+400-854-032+","1:+700-032+|2:+400-854-032+|3:+257-360+","18.5","9.2","","h_ge_16","v_8p5_10","area_120_180","aspect_ge_1p9","th_missing","+400-854-032+","032;400;854","400...032","400","032","long_len_1_3"
"858.2","H-2218","034","FRAME700_SUBTYPE034","true","P1_tab_i_three_side_short_series","TAB:I","Harappa","3","R/L","2","700_first","+700-034+","all_short_or_no_longer_text","no_longer_text","0","","1:+861-003+|2:+700-034+|3:+156-003+","12.5","8","","h_10_13","v_7_8p5","area_80_120","aspect_1p5_1p9","th_missing","NO_LONGER_TEXT","NO_LONGER_TEXT","NO_LONGER_TEXT","NO_LONGER_TEXT","NO_LONGER_TEXT","long_len_0"
"856.2","H-2219","034","FRAME700_SUBTYPE034","true","P1_tab_i_three_side_short_series","TAB:I","Harappa","3","R/L","2","700_first","+700-034+","all_short_or_no_longer_text","no_longer_text","0","","1:+861-003+|2:+700-034+|3:+156-003+","12","7.5","","h_10_13","v_7_8p5","area_80_120","aspect_1p5_1p9","th_missing","NO_LONGER_TEXT","NO_LONGER_TEXT","NO_LONGER_TEXT","NO_LONGER_TEXT","NO_LONGER_TEXT","long_len_0"
"851.2","H-2220","034","FRAME700_SUBTYPE034","true","P1_tab_i_three_side_short_series","TAB:I","Harappa","3","R/L","2","700_first","+700-034+","all_short_or_no_longer_text","no_longer_text","0","","1:+861-003+|2:+700-034+|3:+156-003+","12","8.2","","h_10_13","v_7_8p5","area_80_120","aspect_lt_1p5","th_missing","NO_LONGER_TEXT","NO_LONGER_TEXT","NO_LONGER_TEXT","NO_LONGER_TEXT","NO_LONGER_TEXT","long_len_0"
"844.1","H-2221","034","FRAME700_SUBTYPE034","true","P1_tab_i_three_side_short_series","TAB:I","Harappa","3","R/L","1","700_first","+700-034+","all_short_or_no_longer_text","no_longer_text","0","","1:+700-034+|2:+861-003+|3:+156-003+","12.2","7.2","","h_10_13","v_7_8p5","area_80_120","aspect_1p5_1p9","th_missing","NO_LONGER_TEXT","NO_LONGER_TEXT","NO_LONGER_TEXT","NO_LONGER_TEXT","NO_LONGER_TEXT","long_len_0"
"845.2","H-2222","034","FRAME700_SUBTYPE034","true","P1_tab_i_three_side_short_series","TAB:I","Harappa","3","R/L","2","700_first","+700-034+","all_short_or_no_longer_text","no_longer_text","0","","1:+861-003+|2:+700-034+|3:+156-003+","12.2","7.2","","h_10_13","v_7_8p5","area_80_120","aspect_1p5_1p9","th_missing","NO_LONGER_TEXT","NO_LONGER_TEXT","NO_LONGER_TEXT","NO_LONGER_TEXT","NO_LONGER_TEXT","long_len_0"
"846.2","H-2223","034","FRAME700_SUBTYPE034","true","P1_tab_i_three_side_short_series","TAB:I","Harappa","3","R/L","2","700_first","+700-034+","all_short_or_no_longer_text","no_longer_text","0","","1:+861-003+|2:+700-034+|3:+156-003+","11.2","7.5","","h_10_13","v_7_8p5","area_80_120","aspect_lt_1p5","th_missing","NO_LONGER_TEXT","NO_LONGER_TEXT","NO_LONGER_TEXT","NO_LONGER_TEXT","NO_LONGER_TEXT","long_len_0"
"857.2","H-2224","034","FRAME700_SUBTYPE034","true","P1_tab_i_three_side_short_series","TAB:I","Harappa","3","R/L","2","700_first","+700-034+","all_short_or_no_longer_text","no_longer_text","0","","1:+861-003+|2:+700-034+|3:+156-003+","12","7","","h_10_13","v_7_8p5","area_80_120","aspect_1p5_1p9","th_missing","NO_LONGER_TEXT","NO_LONGER_TEXT","NO_LONGER_TEXT","NO_LONGER_TEXT","NO_LONGER_TEXT","long_len_0"
"854.2","H-2225","034","FRAME700_SUBTYPE034","true","P1_tab_i_three_side_short_series","TAB:I","Harappa","3","R/L","2","700_first","+700-034+","all_short_or_no_longer_text","no_longer_text","0","","1:+861-003+|2:+700-034+|3:+156-003+","12","7.5","","h_10_13","v_7_8p5","area_80_120","aspect_1p5_1p9","th_missing","NO_LONGER_TEXT","NO_LONGER_TEXT","NO_LONGER_TEXT","NO_LONGER_TEXT","NO_LONGER_TEXT","long_len_0"
"852.1","H-2226","034","FRAME700_SUBTYPE034","true","P1_tab_i_three_side_short_series","TAB:I","Harappa","3","R/L","1","700_first","+700-034+","all_short_or_no_longer_text","no_longer_text","0","","1:+700-034+|2:+861-003+|3:+156-003+","11","7","","h_10_13","v_7_8p5","area_lt_80","aspect_1p5_1p9","th_missing","NO_LONGER_TEXT","NO_LONGER_TEXT","NO_LONGER_TEXT","NO_LONGER_TEXT","NO_LONGER_TEXT","long_len_0"
"853.1","H-2227","034","FRAME700_SUBTYPE034","true","P1_tab_i_three_side_short_series","TAB:I","Harappa","3","R/L","1","700_first","+700-034+","all_short_or_no_longer_text","no_longer_text","0","","1:+700-034+|2:+861-003+|3:+156-003+","12.5","7.2","","h_10_13","v_7_8p5","area_80_120","aspect_1p5_1p9","th_missing","NO_LONGER_TEXT","NO_LONGER_TEXT","NO_LONGER_TEXT","NO_LONGER_TEXT","NO_LONGER_TEXT","long_len_0"
"855.1","H-2228","034","FRAME700_SUBTYPE034","true","P1_tab_i_three_side_short_series","TAB:I","Harappa","3","R/L","1","700_first","+700-034+","all_short_or_no_longer_text","no_longer_text","0","","1:+700-034+|2:+861-003+|3:+156-003+","11.8","6.5","","h_10_13","v_lt_7","area_lt_80","aspect_1p5_1p9","th_missing","NO_LONGER_TEXT","NO_LONGER_TEXT","NO_LONGER_TEXT","NO_LONGER_TEXT","NO_LONGER_TEXT","long_len_0"
"832.2","H-2229","034","FRAME700_SUBTYPE034","true","P1_tab_i_three_side_short_series","TAB:I","Harappa","3","R/L","2","700_first","+700-034+","all_short_or_no_longer_text","no_longer_text","0","","1:+861-003+|2:+700-034+|3:+156-003+","10","6","","h_10_13","v_lt_7","area_lt_80","aspect_1p5_1p9","th_missing","NO_LONGER_TEXT","NO_LONGER_TEXT","NO_LONGER_TEXT","NO_LONGER_TEXT","NO_LONGER_TEXT","long_len_0"
"850.1","H-2230","034","FRAME700_SUBTYPE034","true","P1_tab_i_three_side_short_series","TAB:I","Harappa","3","R/L","1","700_first","+700-034+","all_short_or_no_longer_text","no_longer_text","0","","1:+700-034+|2:+861-003+|3:+156-003+","10","7.2","","h_10_13","v_7_8p5","area_lt_80","aspect_lt_1p5","th_missing","NO_LONGER_TEXT","NO_LONGER_TEXT","NO_LONGER_TEXT","NO_LONGER_TEXT","NO_LONGER_TEXT","long_len_0"
"859.2","H-2231","034","FRAME700_SUBTYPE034","true","P1_tab_i_three_side_short_series","TAB:I","Harappa","3","R/L","2","700_first","+700-034+","all_short_or_no_longer_text","no_longer_text","0","","1:+861-003+|2:+700-034+|3:+156-003+","10","7","","h_10_13","v_7_8p5","area_lt_80","aspect_lt_1p5","th_missing","NO_LONGER_TEXT","NO_LONGER_TEXT","NO_LONGER_TEXT","NO_LONGER_TEXT","NO_LONGER_TEXT","long_len_0"
"860.2","H-2232","034","FRAME700_SUBTYPE034","true","P1_tab_i_three_side_short_series","TAB:I","Harappa","3","R/L","2","700_first","+700-034+","all_short_or_no_longer_text","no_longer_text","0","","1:+861-003+|2:+700-034+|3:+156-003+","9.2","5.8","","h_lt_10","v_lt_7","area_lt_80","aspect_1p5_1p9","th_missing","NO_LONGER_TEXT","NO_LONGER_TEXT","NO_LONGER_TEXT","NO_LONGER_TEXT","NO_LONGER_TEXT","long_len_0"
"878.1","H-2233","034","FRAME700_SUBTYPE034","true","P1_tab_i_three_side_short_series","TAB:I","Harappa","3","R/L","1","700_first","+700-034+","all_short_or_no_longer_text","no_longer_text","0","","1:+700-034+|2:+861-003+|3:+156-003+","10","6.5","","h_10_13","v_lt_7","area_lt_80","aspect_1p5_1p9","th_missing","NO_LONGER_TEXT","NO_LONGER_TEXT","NO_LONGER_TEXT","NO_LONGER_TEXT","NO_LONGER_TEXT","long_len_0"
"861.2","H-2234","034","FRAME700_SUBTYPE034","true","P1_tab_i_three_side_short_series","TAB:I","Harappa","3","R/L","2","700_first","+700-034+","all_short_or_no_longer_text","no_longer_text","0","","1:+861-003+|2:+700-034+|3:+156-003+","9","6.5","","h_lt_10","v_lt_7","area_lt_80","aspect_lt_1p5","th_missing","NO_LONGER_TEXT","NO_LONGER_TEXT","NO_LONGER_TEXT","NO_LONGER_TEXT","NO_LONGER_TEXT","long_len_0"
"870.1","H-2235","034","FRAME700_SUBTYPE034","true","P1_tab_i_three_side_short_series","TAB:I","Harappa","3","R/L","1","700_first","+700-034+","all_short_or_no_longer_text","no_longer_text","0","","1:+700-034+|2:+861-003+|3:+156-003+","11","6","","h_10_13","v_lt_7","area_lt_80","aspect_1p5_1p9","th_missing","NO_LONGER_TEXT","NO_LONGER_TEXT","NO_LONGER_TEXT","NO_LONGER_TEXT","NO_LONGER_TEXT","long_len_0"
"847.2","H-2236","034","FRAME700_SUBTYPE034","true","P1_tab_i_three_side_short_series","TAB:I","Harappa","3","R/L","2","700_first","+700-034+","all_short_or_no_longer_text","no_longer_text","0","","1:+861-003+|2:+700-034+|3:+156-003+","9","5.9","","h_lt_10","v_lt_7","area_lt_80","aspect_1p5_1p9","th_missing","NO_LONGER_TEXT","NO_LONGER_TEXT","NO_LONGER_TEXT","NO_LONGER_TEXT","NO_LONGER_TEXT","long_len_0"
"794.1","H-2237","034","FRAME700_SUBTYPE034","true","P1_tab_i_three_side_short_series","TAB:I","Harappa","3","R/L","1","700_first","+700-034+","all_short_or_no_longer_text","no_longer_text","0","","1:+700-034+|2:+861-003+|3:+154-003+","10","6.5","","h_10_13","v_lt_7","area_lt_80","aspect_1p5_1p9","th_missing","NO_LONGER_TEXT","NO_LONGER_TEXT","NO_LONGER_TEXT","NO_LONGER_TEXT","NO_LONGER_TEXT","long_len_0"
"693.1","H-2238","033","FRAME700_SUBTYPE033","true","P1_tab_i_three_side_short_series","TAB:I","Harappa","3","R/L","1","700_first","+700-033+","all_short_or_no_longer_text","no_longer_text","0","","1:+700-033+|2:+861-003+|3:+156-003+","11","6.9","","h_10_13","v_lt_7","area_lt_80","aspect_1p5_1p9","th_missing","NO_LONGER_TEXT","NO_LONGER_TEXT","NO_LONGER_TEXT","NO_LONGER_TEXT","NO_LONGER_TEXT","long_len_0"
"769.2","H-2239","034","FRAME700_SUBTYPE034","true","P1_tab_i_three_side_short_series","TAB:I","Harappa","3","R/L","2","700_first","+700-034+","all_short_or_no_longer_text","no_longer_text","0","","1:+861-003+|2:+700-034+|3:+156-003+","9.5","6.2","","h_lt_10","v_lt_7","area_lt_80","aspect_1p5_1p9","th_missing","NO_LONGER_TEXT","NO_LONGER_TEXT","NO_LONGER_TEXT","NO_LONGER_TEXT","NO_LONGER_TEXT","long_len_0"
"484.1","H-2246","034","FRAME700_SUBTYPE034","false","P1_mixed_short_long_core","TAB:I","Harappa","3","R/L","1","700_first","+700-034+","multiple_longer_texts","short_before_all_longer","2","+740-760-840-799+|+824-032-578-415+","1:+700-034+|2:+824-032-578-415+|3:+740-760-840-799+","14.5","5.5","3.1","h_13_16","v_lt_7","area_lt_80","aspect_ge_1p9","th_3_5","+740-760-840-799+|+824-032-578-415+","032;415;578;740;760;799;824;840","740...799;824...415","740;824","415;799","long_len_4_5"
"1256.2","H-229","033","FRAME700_SUBTYPE033","false","P1_mixed_short_long_core","TAB:B","Harappa","2","R/L","2","700_first","+700-033+","single_longer_text","short_after_all_longer","1","+400-740-892-617+","1:+400-740-892-617+|2:+700-033+","16.5","11.4","","h_ge_16","v_ge_10","area_ge_180","aspect_lt_1p5","th_missing","+400-740-892-617+","400;617;740;892","400...617","400","617","long_len_4_5"
"1257.2","H-230","032","FRAME700_SUBTYPE032","false","P2_tab_b_core_short_queue","TAB:B","Harappa","2","R/L","2","700_first","+700-032+","single_longer_text","short_after_all_longer","1","+520-072-219+","1:+520-072-219+|2:+700-032+","25.4","11.4","","h_ge_16","v_ge_10","area_ge_180","aspect_ge_1p9","th_missing","+520-072-219+","072;219;520","520...219","520","219","long_len_1_3"
"1258.2","H-231","033","FRAME700_SUBTYPE033","false","P1_mixed_short_long_core","TAB:B","Harappa","2","R/L","2","700_first","+700-033+","single_longer_text","short_after_all_longer","1","+520-220-240-002-820+","1:+520-220-240-002-820+|2:+700-033+","22.9","8.9","","h_ge_16","v_8p5_10","area_ge_180","aspect_ge_1p9","th_missing","+520-220-240-002-820+","002;220;240;520;820","520...820","520","820","long_len_4_5"
"1259.2","H-232","032","FRAME700_SUBTYPE032","false","P1_mixed_short_long_core","TAB:B","Harappa","2","R/L","2","700_first","+700-032+","single_longer_text","short_after_all_longer","1","+400-740-177-519+","1:+400-740-177-519+|2:+700-032+","22.9","14","","h_ge_16","v_ge_10","area_ge_180","aspect_1p5_1p9","th_missing","+400-740-177-519+","177;400;519;740","400...519","400","519","long_len_4_5"
"1260.2","H-233","033","FRAME700_SUBTYPE033","false","P1_mixed_short_long_core","TAB:B","Harappa","2","R/L","2","700_first","+700-033+","single_longer_text","short_after_all_longer","1","+400-740-176+","1:+400-740-176+|2:+700-033+","26.7","","","h_ge_16","v_missing","area_missing","aspect_missing","th_missing","+400-740-176+","176;400;740","400...176","400","176","long_len_1_3"
"1263.2","H-237","033","FRAME700_SUBTYPE033","false","P1_mixed_short_long_core","TAB:B","Harappa","2","L/R","2","700_first","+700-033+","single_longer_text","short_after_all_longer","1","+740-642-240-060-692+","1:+740-642-240-060-692+|2:+700-033+","21","11","","h_ge_16","v_ge_10","area_ge_180","aspect_ge_1p9","th_missing","+740-642-240-060-692+","060;240;642;692;740","740...692","740","692","long_len_4_5"
"1264.2","H-239","033","FRAME700_SUBTYPE033","false","P2_tab_b_core_short_queue","TAB:B","Harappa","2","R/L","2","700_first","+700-033+","single_short_no_longer_text","no_longer_text","0","","1:+390-060/740-500-091+|2:+700-033+","17.8","","","h_ge_16","v_missing","area_missing","aspect_missing","th_missing","NO_LONGER_TEXT","NO_LONGER_TEXT","NO_LONGER_TEXT","NO_LONGER_TEXT","NO_LONGER_TEXT","long_len_0"
"1270.2","H-245","033","FRAME700_SUBTYPE033","false","P1_mixed_short_long_core","TAB:B","Harappa","2","R/L","2","700_first","+700-033+","single_longer_text","short_after_all_longer","1","+400-807-740-219+","1:+400-807-740-219+|2:+700-033+","","","","h_missing","v_missing","area_missing","aspect_missing","th_missing","+400-807-740-219+","219;400;740;807","400...219","400","219","long_len_4_5"
"1273.2","H-248","033","FRAME700_SUBTYPE033","false","P1_mixed_short_long_core","TAB:B","Harappa","2","R/L","2","700_first","+700-033+","single_longer_text","short_after_all_longer","1","+400-740-920-320-233-240-798+","1:+400-740-920-320-233-240-798+|2:+700-033+","","","","h_missing","v_missing","area_missing","aspect_missing","th_missing","+400-740-920-320-233-240-798+","233;240;320;400;740;798;920","400...798","400","798","long_len_6_plus"
"1274.1","H-249","033","FRAME700_SUBTYPE033","false","P2_tab_b_core_short_queue","TAB:B","Harappa","2","R/L","1","700_last","+033-700+","all_short_or_no_longer_text","no_longer_text","0","","1:+033-700+|2:+520-233+","","","","h_missing","v_missing","area_missing","aspect_missing","th_missing","NO_LONGER_TEXT","NO_LONGER_TEXT","NO_LONGER_TEXT","NO_LONGER_TEXT","NO_LONGER_TEXT","long_len_0"
"1276.2","H-251","032","FRAME700_SUBTYPE032","false","P1_mixed_short_long_core","TAB:B","Harappa","2","R/L","2","700_first","+700-032+","single_longer_text","short_after_all_longer","1","+400-740-100-240+","1:+400-740-100-240+|2:+700-032+","17.8","10.2","","h_ge_16","v_ge_10","area_ge_180","aspect_1p5_1p9","th_missing","+400-740-100-240+","100;240;400;740","400...240","400","240","long_len_4_5"
"1307.2","H-285","034","FRAME700_SUBTYPE034","false","P2_tab_i_core_short_queue","TAB:I","Harappa","2","R/L","2","700_first","+700-034+","single_short_no_longer_text","no_longer_text","0","","1:+740-382-002[|2:+700-034+","11.4","11.4","","h_10_13","v_ge_10","area_120_180","aspect_lt_1p5","th_missing","NO_LONGER_TEXT","NO_LONGER_TEXT","NO_LONGER_TEXT","NO_LONGER_TEXT","NO_LONGER_TEXT","long_len_0"
"1318.2","H-296","033","FRAME700_SUBTYPE033","false","P1_mixed_short_long_core","TAB:I","Harappa","2","R/L","2","700_first","+700-033+","single_longer_text","short_after_all_longer","1","+400-740-575-017-920+","1:+400-740-575-017-920+|2:+700-033+","17.8","9.1","","h_ge_16","v_8p5_10","area_120_180","aspect_ge_1p9","th_missing","+400-740-575-017-920+","017;400;575;740;920","400...920","400","920","long_len_4_5"
"1319.2","H-297","034","FRAME700_SUBTYPE034","false","P1_mixed_short_long_core","TAB:I","Harappa","2","R/L","2","700_first","+700-034+","single_longer_text","short_after_all_longer","1","+400-151-336-630-706+","1:+400-151-336-630-706+|2:+700-034+","20","9","","h_ge_16","v_8p5_10","area_ge_180","aspect_ge_1p9","th_missing","+400-151-336-630-706+","151;336;400;630;706","400...706","400","706","long_len_4_5"
"1325.2","H-303","033","FRAME700_SUBTYPE033","false","P1_mixed_short_long_core","TAB:I","Harappa","2","R/L","2","700_first","+700-033+","single_longer_text","short_after_all_longer","1","+400-740-032-027+","1:+400-740-032-027+|2:+700-033+","15.2","8.9","","h_13_16","v_8p5_10","area_120_180","aspect_1p5_1p9","th_missing","+400-740-032-027+","027;032;400;740","400...027","400","027","long_len_4_5"
"1328.2","H-306","033","FRAME700_SUBTYPE033","false","P1_mixed_short_long_core","TAB:I","Harappa","2","R/L","2","700_first","+700-033+","single_longer_text","short_after_all_longer","1","+740-032-840+","1:+740-032-840+|2:+700-033+","15","7","","h_13_16","v_7_8p5","area_80_120","aspect_ge_1p9","th_missing","+740-032-840+","032;740;840","740...840","740","840","long_len_1_3"
"1329.2","H-307","034","FRAME700_SUBTYPE034","false","P2_tab_i_core_short_queue","TAB:I","Harappa","2","R/L","2","700_first","+700-034+","all_short_or_no_longer_text","no_longer_text","0","","1:+368-900+|2:+700-034+","12.7","6.4","","h_10_13","v_lt_7","area_80_120","aspect_ge_1p9","th_missing","NO_LONGER_TEXT","NO_LONGER_TEXT","NO_LONGER_TEXT","NO_LONGER_TEXT","NO_LONGER_TEXT","long_len_0"
"1330.2","H-308","034","FRAME700_SUBTYPE034","false","P1_mixed_short_long_core","TAB:I","Harappa","2","R/L","2","700_first","+700-034+","single_longer_text","short_after_all_longer","1","+400-740-176+","1:+400-740-176+|2:+700-034+","11.4","6.4","","h_10_13","v_lt_7","area_lt_80","aspect_1p5_1p9","th_missing","+400-740-176+","176;400;740","400...176","400","176","long_len_1_3"
"1331.2","H-309","033","FRAME700_SUBTYPE033","false","P1_mixed_short_long_core","TAB:I","Harappa","2","R/L","2","700_first","+700-033+","single_longer_text","short_after_all_longer","1","+400-740-176+","1:+400-740-176+|2:+700-033+","8.9","6.4","","h_lt_10","v_lt_7","area_lt_80","aspect_lt_1p5","th_missing","+400-740-176+","176;400;740","400...176","400","176","long_len_1_3"
"1333.2","H-311","033","FRAME700_SUBTYPE033","false","P1_mixed_short_long_core","TAB:I","Harappa","2","R/L","2","700_first","+700-033+","single_longer_text","short_after_all_longer","1","+400-740-178+","1:+400-740-178+|2:+700-033+","15.2","7.6","","h_13_16","v_7_8p5","area_80_120","aspect_ge_1p9","th_missing","+400-740-178+","178;400;740","400...178","400","178","long_len_1_3"
"1334.2","H-312","034","FRAME700_SUBTYPE034","false","P1_mixed_short_long_core","TAB:I","Harappa","2","R/L","2","700_first","+700-034+","single_longer_text","short_after_all_longer","1","+400-740-176+","1:+400-740-176+|2:+700-034+","14","7.6","","h_13_16","v_7_8p5","area_80_120","aspect_1p5_1p9","th_missing","+400-740-176+","176;400;740","400...176","400","176","long_len_1_3"
"1335.2","H-313","034","FRAME700_SUBTYPE034","false","P1_mixed_short_long_core","TAB:I","Harappa","2","R/L","2","700_first","+700-034+","single_longer_text","short_after_all_longer","1","+400-740-176+","1:+400-740-176+|2:+700-034+","14","7.6","","h_13_16","v_7_8p5","area_80_120","aspect_1p5_1p9","th_missing","+400-740-176+","176;400;740","400...176","400","176","long_len_1_3"
"1336.2","H-314","034","FRAME700_SUBTYPE034","false","P1_mixed_short_long_core","TAB:I","Harappa","2","R/L","2","700_first","+700-034+","single_longer_text","short_after_all_longer","1","+400-740-176+","1:+400-740-176+|2:+700-034+","12.7","6.9","","h_10_13","v_lt_7","area_80_120","aspect_1p5_1p9","th_missing","+400-740-176+","176;400;740","400...176","400","176","long_len_1_3"
"1337.2","H-315","032","FRAME700_SUBTYPE032","false","P1_mixed_short_long_core","TAB:I","Harappa","2","R/L","2","700_first","+700-032+","single_longer_text","short_after_all_longer","1","+400-740-176+","1:+400-740-176+|2:+700-032+","7.6","12.7","","h_lt_10","v_ge_10","area_80_120","aspect_lt_1p5","th_missing","+400-740-176+","176;400;740","400...176","400","176","long_len_1_3"
"1338.2","H-316","033","FRAME700_SUBTYPE033","false","P1_mixed_short_long_core","TAB:I","Harappa","2","R/L","2","700_first","+700-033+","single_longer_text","short_after_all_longer","1","+400-740-176+","1:+400-740-176+|2:+700-033+","14.5","7.1","","h_13_16","v_7_8p5","area_80_120","aspect_ge_1p9","th_missing","+400-740-176+","176;400;740","400...176","400","176","long_len_1_3"
"1339.2","H-317","034","FRAME700_SUBTYPE034","false","P1_mixed_short_long_core","TAB:I","Harappa","2","R/L","2","700_first","+700-034+","single_longer_text","short_after_all_longer","1","+400-740-176+","1:+400-740-176+|2:+700-034+","11.4","5.8","","h_10_13","v_lt_7","area_lt_80","aspect_ge_1p9","th_missing","+400-740-176+","176;400;740","400...176","400","176","long_len_1_3"
"1341.2","H-319","034","FRAME700_SUBTYPE034","false","P2_tab_i_core_short_queue","TAB:I","Harappa","2","R/L","2","700_first","+700-034+","single_longer_text","short_after_all_longer","1","+520-220-415+","1:+520-220-415+|2:+700-034+","13.2","7.6","","h_13_16","v_7_8p5","area_80_120","aspect_1p5_1p9","th_missing","+520-220-415+","220;415;520","520...415","520","415","long_len_1_3"
"1342.2","H-320","034","FRAME700_SUBTYPE034","false","P2_tab_i_core_short_queue","TAB:I","Harappa","2","R/L","2","700_first","+700-034+","single_short_no_longer_text","no_longer_text","0","","1:+520-240-000+|2:+700-034+","14","7.6","","h_13_16","v_7_8p5","area_80_120","aspect_1p5_1p9","th_missing","NO_LONGER_TEXT","NO_LONGER_TEXT","NO_LONGER_TEXT","NO_LONGER_TEXT","NO_LONGER_TEXT","long_len_0"
"1343.2","H-321","032","FRAME700_SUBTYPE032","false","P1_mixed_short_long_core","TAB:I","Harappa","2","R/L","2","700_last","+032-700+","single_longer_text","short_after_all_longer","1","+740-690-630-240+","1:+740-690-630-240+|2:+032-700+","17.8","11.4","","h_ge_16","v_ge_10","area_ge_180","aspect_1p5_1p9","th_missing","+740-690-630-240+","240;630;690;740","740...240","740","240","long_len_4_5"
"1344.2","H-322","032","FRAME700_SUBTYPE032","false","P1_mixed_short_long_core","TAB:I","Harappa","2","R/L","2","700_first","+700-032+","single_longer_text","short_after_all_longer","1","+400-740-032-028+","1:+400-740-032-028+|2:+700-032+","17","10","","h_ge_16","v_ge_10","area_120_180","aspect_1p5_1p9","th_missing","+400-740-032-028+","028;032;400;740","400...028","400","028","long_len_4_5"
"1345.2","H-323","033","FRAME700_SUBTYPE033","false","P1_mixed_short_long_core","TAB:I","Harappa","2","R/L","2","700_last","+033-700+","single_longer_text","short_after_all_longer","1","+740-100-240+","1:+740-100-240+|2:+033-700+","16.5","8.9","","h_ge_16","v_8p5_10","area_120_180","aspect_1p5_1p9","th_missing","+740-100-240+","100;240;740","740...240","740","240","long_len_1_3"
"1346.2","H-324","034","FRAME700_SUBTYPE034","false","P1_mixed_short_long_core","TAB:I","Harappa","2","R/L","2","700_first","+700-034+","single_longer_text","short_after_all_longer","1","+400-156-384-031+","1:+400-156-384-031+|2:+700-034+","14","7.6","","h_13_16","v_7_8p5","area_80_120","aspect_1p5_1p9","th_missing","+400-156-384-031+","031;156;384;400","400...031","400","031","long_len_4_5"
"1348.2","H-326","033","FRAME700_SUBTYPE033","false","P1_mixed_short_long_core","TAB:I","Harappa","2","R/L","2","700_first","+700-033+","single_longer_text","short_after_all_longer","1","+740-840-013+","1:+740-840-013+|2:+700-033+","15.2","10.2","","h_13_16","v_ge_10","area_120_180","aspect_lt_1p5","th_missing","+740-840-013+","013;740;840","740...013","740","013","long_len_1_3"
"1349.2","H-327","032","FRAME700_SUBTYPE032","false","P2_tab_i_core_short_queue","TAB:I","Harappa","2","R/L","2","700_first","+700-032+","single_short_no_longer_text","no_longer_text","0","","1:+156-000-000+|2:+700-032+","16","","","h_ge_16","v_missing","area_missing","aspect_missing","th_missing","NO_LONGER_TEXT","NO_LONGER_TEXT","NO_LONGER_TEXT","NO_LONGER_TEXT","NO_LONGER_TEXT","long_len_0"
"1351.2","H-329","033","FRAME700_SUBTYPE033","false","P2_tab_i_core_short_queue","TAB:I","Harappa","2","R/L","2","700_first","+700-033+","all_short_or_no_longer_text","no_longer_text","0","","1:+520-220+|2:+700-033+","15","8","","h_13_16","v_7_8p5","area_120_180","aspect_1p5_1p9","th_missing","NO_LONGER_TEXT","NO_LONGER_TEXT","NO_LONGER_TEXT","NO_LONGER_TEXT","NO_LONGER_TEXT","long_len_0"
"1361.2","H-340","032","FRAME700_SUBTYPE032","false","P2_tab_i_core_short_queue","TAB:I","Harappa","2","R/L","2","700_first","+700-032+","single_short_no_longer_text","no_longer_text","0","","1:+013-840-032-626-000[|2:+700-032+","16.5","","","h_ge_16","v_missing","area_missing","aspect_missing","th_missing","NO_LONGER_TEXT","NO_LONGER_TEXT","NO_LONGER_TEXT","NO_LONGER_TEXT","NO_LONGER_TEXT","long_len_0"
"1362.2","H-341","032","FRAME700_SUBTYPE032","false","P1_mixed_short_long_core","TAB:I","Harappa","2","R/L","2","700_first","+700-032+","single_longer_text","short_after_all_longer","1","+400-740-336-176+","1:+400-740-336-176+|2:+700-032+","17.8","15.2","","h_ge_16","v_ge_10","area_ge_180","aspect_lt_1p5","th_missing","+400-740-336-176+","176;336;400;740","400...176","400","176","long_len_4_5"
"1363.2","H-343","033","FRAME700_SUBTYPE033","false","P1_mixed_short_long_core","TAB:I","Harappa","2","R/L","2","700_first","+700-033+","single_longer_text","short_after_all_longer","1","+740-861-877+","1:+740-861-877+|2:+700-033+","","","","h_missing","v_missing","area_missing","aspect_missing","th_missing","+740-861-877+","740;861;877","740...877","740","877","long_len_1_3"
"1364.2","H-344","033","FRAME700_SUBTYPE033","false","P2_tab_i_core_short_queue","TAB:I","Harappa","2","R/L","2","700_first","+700-033+","single_longer_text","short_after_all_longer","1","+526-550-220+","1:+526-550-220+|2:+700-033+","","","","h_missing","v_missing","area_missing","aspect_missing","th_missing","+526-550-220+","220;526;550","526...220","526","220","long_len_1_3"
"1365.2","H-345","033","FRAME700_SUBTYPE033","false","P1_mixed_short_long_core","TAB:I","Harappa","2","R/L","2","700_first","+700-033+","single_longer_text","short_after_all_longer","1","+090-740-362+","1:+090-740-362+|2:+700-033+","","","","h_missing","v_missing","area_missing","aspect_missing","th_missing","+090-740-362+","090;362;740","090...362","090","362","long_len_1_3"
"1369.2","H-350","034","FRAME700_SUBTYPE034","false","P1_mixed_short_long_core","TAB:I","Harappa","2","R/L","2","700_first","+700-034+","single_longer_text","short_after_all_longer","1","+740-690-642-240+","1:+740-690-642-240+|2:+700-034+","17.8","8.9","","h_ge_16","v_8p5_10","area_120_180","aspect_ge_1p9","th_missing","+740-690-642-240+","240;642;690;740","740...240","740","240","long_len_4_5"
"1370.2","H-351","034","FRAME700_SUBTYPE034","false","P1_mixed_short_long_core","TAB:I","Harappa","2","R/L","2","700_first","+700-034+","single_longer_text","short_after_all_longer","1","+400-740-032-060-013+","1:+400-740-032-060-013+|2:+700-034+","15.2","7.6","","h_13_16","v_7_8p5","area_80_120","aspect_ge_1p9","th_missing","+400-740-032-060-013+","013;032;060;400;740","400...013","400","013","long_len_4_5"
"1372.2","H-353","033","FRAME700_SUBTYPE033","false","P1_mixed_short_long_core","TAB:I","Harappa","2","R/L","2","700_first","+700-033+","single_longer_text","short_after_all_longer","1","+400-740-176+","1:+400-740-176+|2:+700-033+","15.2","6.4","","h_13_16","v_lt_7","area_80_120","aspect_ge_1p9","th_missing","+400-740-176+","176;400;740","400...176","400","176","long_len_1_3"
"1374.2","H-355","033","FRAME700_SUBTYPE033","false","P1_mixed_short_long_core","TAB:I","Harappa","3","R/L","2","700_first","+700-033+","single_longer_text","short_after_all_longer","1","+400-740-176+","1:+400-740-176+|2:+700-033+|3:+700-033+","15.5","5.8","","h_13_16","v_lt_7","area_80_120","aspect_ge_1p9","th_missing","+400-740-176+","176;400;740","400...176","400","176","long_len_1_3"
"1374.3","H-355","033","FRAME700_SUBTYPE033","false","P1_mixed_short_long_core","TAB:I","Harappa","3","R/L","3","700_first","+700-033+","single_longer_text","short_after_all_longer","1","+400-740-176+","1:+400-740-176+|2:+700-033+|3:+700-033+","15.5","5.8","","h_13_16","v_lt_7","area_80_120","aspect_ge_1p9","th_missing","+400-740-176+","176;400;740","400...176","400","176","long_len_1_3"
"1375.1","H-356","033","FRAME700_SUBTYPE033","false","P1_mixed_short_long_core","TAB:I","Harappa","2","R/L","1","700_first","+700-033+","single_longer_text","short_before_all_longer","1","+400-740-176+","1:+700-033+|2:+400-740-176+","16","6","","h_ge_16","v_lt_7","area_80_120","aspect_ge_1p9","th_missing","+400-740-176+","176;400;740","400...176","400","176","long_len_1_3"
"1376.2","H-357","033","FRAME700_SUBTYPE033","false","P1_mixed_short_long_core","TAB:I","Harappa","2","R/L","2","700_first","+700-033+","single_longer_text","short_after_all_longer","1","+400-740-176+","1:+400-740-176+|2:+700-033+","11.9","8.1","","h_10_13","v_7_8p5","area_80_120","aspect_lt_1p5","th_missing","+400-740-176+","176;400;740","400...176","400","176","long_len_1_3"
"1377.2","H-358","034","FRAME700_SUBTYPE034","false","P1_mixed_short_long_core","TAB:I","Harappa","3","R/L","2","700_last","+034-700+","single_longer_text","short_after_all_longer","1","+400-156-435-255+","1:+400-156-435-255+|2:+034-700+|3:+740-000+","15.2","7.6","","h_13_16","v_7_8p5","area_80_120","aspect_ge_1p9","th_missing","+400-156-435-255+","156;255;400;435","400...255","400","255","long_len_4_5"
"1378.2","H-359","032","FRAME700_SUBTYPE032","false","P2_tab_i_core_short_queue","TAB:I","Harappa","2","R/L","2","700_last","+032-700+","single_longer_text","short_after_all_longer","1","+526-550-220+","1:+526-550-220+|2:+032-700+","15.2","5.1","","h_13_16","v_lt_7","area_lt_80","aspect_ge_1p9","th_missing","+526-550-220+","220;526;550","526...220","526","220","long_len_1_3"
"1380.2","H-361","032","FRAME700_SUBTYPE032","false","P2_tab_i_core_short_queue","TAB:I","Harappa","2","R/L","2","700_first","+700-032+","single_short_no_longer_text","no_longer_text","0","","1:+740-000-000-000+|2:+700-032+","14","","","h_13_16","v_missing","area_missing","aspect_missing","th_missing","NO_LONGER_TEXT","NO_LONGER_TEXT","NO_LONGER_TEXT","NO_LONGER_TEXT","NO_LONGER_TEXT","long_len_0"
"1381.2","H-362","032","FRAME700_SUBTYPE032","false","P1_mixed_short_long_core","TAB:I","Harappa","2","R/L","2","700_first","+700-032+","single_longer_text","short_after_all_longer","1","+740-760-797+","1:+740-760-797+|2:+700-032+","12.7","6.4","","h_10_13","v_lt_7","area_80_120","aspect_ge_1p9","th_missing","+740-760-797+","740;760;797","740...797","740","797","long_len_1_3"
"1382.2","H-363","034","FRAME700_SUBTYPE034","false","P2_tab_i_core_short_queue","TAB:I","Harappa","3","R/L","2","700_first","+700-034+","single_longer_text","short_after_all_longer","1","+565-741-263+","1:+565-741-263+|2:+700-034+|3:+692-892+","16","5","3.5","h_ge_16","v_lt_7","area_80_120","aspect_ge_1p9","th_3_5","+565-741-263+","263;565;741","565...263","565","263","long_len_1_3"
"1602.2","H-697","032","FRAME700_SUBTYPE032","false","P1_mixed_short_long_core","TAB:B","Harappa","2","R/L","2","700_first","+700-032+","single_longer_text","short_after_all_longer","1","+740-904-240-002-817+","1:+740-904-240-002-817+|2:+700-032+","24.1","10.2","","h_ge_16","v_ge_10","area_ge_180","aspect_ge_1p9","th_missing","+740-904-240-002-817+","002;240;740;817;904","740...817","740","817","long_len_4_5"
"1607.2","H-702","033","FRAME700_SUBTYPE033","false","P2_tab_b_core_short_queue","TAB:B","Harappa","2","R/L","2","700_first","+700-033+","single_longer_text","short_after_all_longer","1","+137-002-820+","1:+137-002-820+|2:+700-033+","16.5","8.9","","h_ge_16","v_8p5_10","area_120_180","aspect_1p5_1p9","th_missing","+137-002-820+","002;137;820","137...820","137","820","long_len_1_3"
"1608.2","H-703","033","FRAME700_SUBTYPE033","false","P2_tab_b_core_short_queue","TAB:B","Harappa","2","R/L","2","700_first","+700-033+","single_short_no_longer_text","no_longer_text","0","","1:]435-255-055+|2:+700-033+","","10.2","","h_missing","v_ge_10","area_missing","aspect_missing","th_missing","NO_LONGER_TEXT","NO_LONGER_TEXT","NO_LONGER_TEXT","NO_LONGER_TEXT","NO_LONGER_TEXT","long_len_0"
"1620.2","H-717","032","FRAME700_SUBTYPE032","false","P2_tab_b_core_short_queue","TAB:B","Harappa","2","R/L","2","700_first","+700-032+","all_short_or_no_longer_text","no_longer_text","0","","1:+705-904+|2:+700-032+","17.8","","8.9","h_ge_16","v_missing","area_missing","aspect_missing","th_ge_5","NO_LONGER_TEXT","NO_LONGER_TEXT","NO_LONGER_TEXT","NO_LONGER_TEXT","NO_LONGER_TEXT","long_len_0"
"1057.2","H-733","033","FRAME700_SUBTYPE033","false","P1_mixed_short_long_core","TAB:B","Harappa","2","R/L","2","700_first","+700-033+","single_longer_text","short_after_all_longer","1","+740-390-590-240+","1:+740-390-590-240+|2:+700-033+","20.3","","","h_ge_16","v_missing","area_missing","aspect_missing","th_missing","+740-390-590-240+","240;390;590;740","740...240","740","240","long_len_4_5"
"1633.2","H-734","033","FRAME700_SUBTYPE033","false","P1_mixed_short_long_core","TAB:B","Harappa","2","R/L","2","700_first","+700-033+","single_longer_text","short_after_all_longer","1","+740-390-590-240+","1:+740-390-590-240+|2:+700-033+","21","","","h_ge_16","v_missing","area_missing","aspect_missing","th_missing","+740-390-590-240+","240;390;590;740","740...240","740","240","long_len_4_5"
"1658.2","H-766","032","FRAME700_SUBTYPE032","false","P2_tab_b_core_short_queue","TAB:B","Harappa","2","R/L","2","700_first","+700-032+","all_short_or_no_longer_text","no_longer_text","0","","1:+065-826+|2:+700-032+","16.5","11.4","","h_ge_16","v_ge_10","area_ge_180","aspect_lt_1p5","th_missing","NO_LONGER_TEXT","NO_LONGER_TEXT","NO_LONGER_TEXT","NO_LONGER_TEXT","NO_LONGER_TEXT","long_len_0"
"1659.2","H-767","033","FRAME700_SUBTYPE033","false","P1_mixed_short_long_core","TAB:B","Harappa","2","R/L","2","700_first","+700-033+","single_longer_text","short_after_all_longer","1","+400-740-220-415-798+","1:+400-740-220-415-798+|2:+700-033+","27.9","8.9","","h_ge_16","v_8p5_10","area_ge_180","aspect_ge_1p9","th_missing","+400-740-220-415-798+","220;400;415;740;798","400...798","400","798","long_len_4_5"
"1660.2","H-768","032","FRAME700_SUBTYPE032","false","P2_tab_b_core_short_queue","TAB:B","Harappa","2","R/L","2","700_first","+700-032+","single_short_no_longer_text","no_longer_text","0","","1:+400-740-033-705-233-235-000+|2:+700-032+","21.6","10.2","","h_ge_16","v_ge_10","area_ge_180","aspect_ge_1p9","th_missing","NO_LONGER_TEXT","NO_LONGER_TEXT","NO_LONGER_TEXT","NO_LONGER_TEXT","NO_LONGER_TEXT","long_len_0"
"1662.2","H-770","033","FRAME700_SUBTYPE033","false","P2_tab_b_core_short_queue","TAB:B","Harappa","2","R/L","2","700_first","+700-033+","single_longer_text","short_after_all_longer","1","+151-840-416+","1:+151-840-416+|2:+700-033+","19.1","10.2","","h_ge_16","v_ge_10","area_ge_180","aspect_1p5_1p9","th_missing","+151-840-416+","151;416;840","151...416","151","416","long_len_1_3"
"1663.2","H-771","034","FRAME700_SUBTYPE034","false","P2_tab_b_core_short_queue","TAB:B","Harappa","2","R/L","2","700_first","+700-034+","single_longer_text","short_after_all_longer","1","+032-257-840+","1:+032-257-840+|2:+700-034+","16.5","8.9","","h_ge_16","v_8p5_10","area_120_180","aspect_1p5_1p9","th_missing","+032-257-840+","032;257;840","032...840","032","840","long_len_1_3"
"1667.2","H-776","033","FRAME700_SUBTYPE033","false","P1_mixed_short_long_core","TAB:B","Harappa","2","R/L","2","700_last","+033-700+","single_longer_text","short_after_all_longer","1","+740-803-741-031-032-716+","1:+740-803-741-031-032-716+|2:+033-700+","20.3","9.4","","h_ge_16","v_8p5_10","area_ge_180","aspect_ge_1p9","th_missing","+740-803-741-031-032-716+","031;032;716;740;741;803","740...716","740","716","long_len_6_plus"
"1668.1","H-777","032","FRAME700_SUBTYPE032","false","P2_tab_b_core_short_queue","TAB:B","Harappa","2","R/L","1","700_last","+032-700+","single_longer_text","short_before_all_longer","1","+390-004-104+","1:+032-700+|2:+390-004-104+","18.5","10","","h_ge_16","v_ge_10","area_ge_180","aspect_1p5_1p9","th_missing","+390-004-104+","004;104;390","390...104","390","104","long_len_1_3"
"1669.1","H-778","032","FRAME700_SUBTYPE032","false","P2_tab_b_core_short_queue","TAB:B","Harappa","2","R/L","1","700_first","+700-032+","single_longer_text","short_before_all_longer","1","+390-004-817+","1:+700-032+|2:+390-004-817+","16.5","9.5","","h_ge_16","v_8p5_10","area_120_180","aspect_1p5_1p9","th_missing","+390-004-817+","004;390;817","390...817","390","817","long_len_1_3"
"1670.1","H-779","032","FRAME700_SUBTYPE032","false","P2_tab_b_core_short_queue","TAB:B","Harappa","2","R/L","1","700_last","+032-700+","single_short_no_longer_text","no_longer_text","0","","1:+032-700+|2:+000-000-740-233-240+","17.5","9","","h_ge_16","v_8p5_10","area_120_180","aspect_ge_1p9","th_missing","NO_LONGER_TEXT","NO_LONGER_TEXT","NO_LONGER_TEXT","NO_LONGER_TEXT","NO_LONGER_TEXT","long_len_0"
"1671.2","H-780","034","FRAME700_SUBTYPE034","false","P1_mixed_short_long_core","TAB:B","Harappa","2","R/L","2","700_first","+700-034+","single_longer_text","short_after_all_longer","1","+740-400-142-061+","1:+740-400-142-061+|2:+700-034+","16.5","10.2","","h_ge_16","v_ge_10","area_120_180","aspect_1p5_1p9","th_missing","+740-400-142-061+","061;142;400;740","740...061","740","061","long_len_4_5"
"1672.1","H-781","033","FRAME700_SUBTYPE033","false","P1_mixed_short_long_core","TAB:B","Harappa","2","R/L","1","700_last","+033-700+","single_longer_text","short_before_all_longer","1","+740-904-240+","1:+033-700+|2:+740-904-240+","17","9.5","","h_ge_16","v_8p5_10","area_120_180","aspect_1p5_1p9","th_missing","+740-904-240+","240;740;904","740...240","740","240","long_len_1_3"
"1674.2","H-783","033","FRAME700_SUBTYPE033","false","P2_tab_b_core_short_queue","TAB:B","Harappa","2","R/L","2","700_first","+700-033+","single_short_no_longer_text","no_longer_text","0","","1:+400-740-690-000+|2:+700-033+","20.3","8.9","","h_ge_16","v_8p5_10","area_ge_180","aspect_ge_1p9","th_missing","NO_LONGER_TEXT","NO_LONGER_TEXT","NO_LONGER_TEXT","NO_LONGER_TEXT","NO_LONGER_TEXT","long_len_0"
"1676.1","H-785","034","FRAME700_SUBTYPE034","false","P2_tab_b_core_short_queue","TAB:B","Harappa","2","R/L","1","700_first","+700-034+","single_short_no_longer_text","no_longer_text","0","","1:+700-034+|2:+740-255-000+","15.2","7.1","","h_13_16","v_7_8p5","area_80_120","aspect_ge_1p9","th_missing","NO_LONGER_TEXT","NO_LONGER_TEXT","NO_LONGER_TEXT","NO_LONGER_TEXT","NO_LONGER_TEXT","long_len_0"
"1679.2","H-788","034","FRAME700_SUBTYPE034","false","P2_tab_b_core_short_queue","TAB:B","Harappa","2","R/L","2","700_first","+700-034+","single_short_no_longer_text","no_longer_text","0","","1:+740-255-000+|2:+700-034+","12.7","7.6","","h_10_13","v_7_8p5","area_80_120","aspect_1p5_1p9","th_missing","NO_LONGER_TEXT","NO_LONGER_TEXT","NO_LONGER_TEXT","NO_LONGER_TEXT","NO_LONGER_TEXT","long_len_0"
"1680.2","H-789","033","FRAME700_SUBTYPE033","false","P1_mixed_short_long_core","TAB:B","Harappa","2","R/L","2","700_last","+033-700+","single_longer_text","short_after_all_longer","1","+400-520-220-016+","1:+400-520-220-016+|2:+033-700+","16.5","8.9","","h_ge_16","v_8p5_10","area_120_180","aspect_1p5_1p9","th_missing","+400-520-220-016+","016;220;400;520","400...016","400","016","long_len_4_5"
"1681.2","H-790","033","FRAME700_SUBTYPE033","false","P1_mixed_short_long_core","TAB:B","Harappa","2","R/L","2","700_first","+700-033+","single_longer_text","short_after_all_longer","1","+400-740-384-033+","1:+400-740-384-033+|2:+700-033+","15.2","8.9","","h_13_16","v_8p5_10","area_120_180","aspect_1p5_1p9","th_missing","+400-740-384-033+","033;384;400;740","400...033","400","033","long_len_4_5"
"1683.2","H-792","033","FRAME700_SUBTYPE033","false","P1_mixed_short_long_core","TAB:B","Harappa","2","R/L","2","700_last","+033-700+","single_longer_text","short_after_all_longer","1","+400-154-896+","1:+400-154-896+|2:+033-700+","14.5","7.6","","h_13_16","v_7_8p5","area_80_120","aspect_ge_1p9","th_missing","+400-154-896+","154;400;896","400...896","400","896","long_len_1_3"
"1684.2","H-793","033","FRAME700_SUBTYPE033","false","P1_mixed_short_long_core","TAB:B","Harappa","2","R/L","2","700_last","+033-700+","single_longer_text","short_after_all_longer","1","+400-154-896+","1:+400-154-896+|2:+033-700+","14.7","7.6","","h_13_16","v_7_8p5","area_80_120","aspect_ge_1p9","th_missing","+400-154-896+","154;400;896","400...896","400","896","long_len_1_3"
"1685.2","H-794","032","FRAME700_SUBTYPE032","false","P1_mixed_short_long_core","TAB:B","Harappa","2","R/L","2","700_last","+032-700+","single_longer_text","short_after_all_longer","1","+400-232-235+","1:+400-232-235+|2:+032-700+","15.2","","","h_13_16","v_missing","area_missing","aspect_missing","th_missing","+400-232-235+","232;235;400","400...235","400","235","long_len_1_3"
"1686.1","H-795","033","FRAME700_SUBTYPE033","false","P2_tab_b_core_short_queue","TAB:B","Harappa","2","R/L","1","700_last","+033-700+","single_short_no_longer_text","no_longer_text","0","","1:+033-700+|2:+442-000-220-000+","16","","","h_ge_16","v_missing","area_missing","aspect_missing","th_missing","NO_LONGER_TEXT","NO_LONGER_TEXT","NO_LONGER_TEXT","NO_LONGER_TEXT","NO_LONGER_TEXT","long_len_0"
"1687.2","H-796","032","FRAME700_SUBTYPE032","false","P2_tab_b_core_short_queue","TAB:B","Harappa","2","R/L","2","700_first","+700-032+","all_short_or_no_longer_text","no_longer_text","0","","1:+370-455+|2:+700-032+","14","13","","h_13_16","v_ge_10","area_ge_180","aspect_lt_1p5","th_missing","NO_LONGER_TEXT","NO_LONGER_TEXT","NO_LONGER_TEXT","NO_LONGER_TEXT","NO_LONGER_TEXT","long_len_0"
"1689.2","H-798","033","FRAME700_SUBTYPE033","false","P2_tab_b_core_short_queue","TAB:B","Harappa","2","R/L","2","700_first","+700-033+","single_short_no_longer_text","no_longer_text","0","","1:+158-999-792+|2:+700-033+","15.2","7.6","","h_13_16","v_7_8p5","area_80_120","aspect_ge_1p9","th_missing","NO_LONGER_TEXT","NO_LONGER_TEXT","NO_LONGER_TEXT","NO_LONGER_TEXT","NO_LONGER_TEXT","long_len_0"
"1690.2","H-799","033","FRAME700_SUBTYPE033","false","P2_tab_b_core_short_queue","TAB:B","Harappa","2","R/L","2","700_first","+700-033+","single_longer_text","short_after_all_longer","1","+032-820-100-415+","1:+032-820-100-415+|2:+700-033+","16.5","8.9","","h_ge_16","v_8p5_10","area_120_180","aspect_1p5_1p9","th_missing","+032-820-100-415+","032;100;415;820","032...415","032","415","long_len_4_5"
"1691.2","H-800","033","FRAME700_SUBTYPE033","false","P1_mixed_short_long_core","TAB:B","Harappa","2","R/L","2","700_first","+700-033+","single_longer_text","short_after_all_longer","1","+740-337-692-490+","1:+740-337-692-490+|2:+700-033+","17.8","7.6","","h_ge_16","v_7_8p5","area_120_180","aspect_ge_1p9","th_missing","+740-337-692-490+","337;490;692;740","740...490","740","490","long_len_4_5"
"1693.2","H-802","032","FRAME700_SUBTYPE032","false","P2_tab_b_core_short_queue","TAB:B","Harappa","2","R/L","2","700_first","+700-032+","single_short_no_longer_text","no_longer_text","0","","1:+400-740-337-000+|2:+700-032+","14","6.9","","h_13_16","v_lt_7","area_80_120","aspect_ge_1p9","th_missing","NO_LONGER_TEXT","NO_LONGER_TEXT","NO_LONGER_TEXT","NO_LONGER_TEXT","NO_LONGER_TEXT","long_len_0"
"1701.2","H-812","033","FRAME700_SUBTYPE033","false","P2_tab_b_core_short_queue","TAB:B","Harappa","2","R/L","2","700_last","+033-700+","all_short_or_no_longer_text","no_longer_text","0","","1:+368-035+|2:+033-700+","16.5","7.6","","h_ge_16","v_7_8p5","area_120_180","aspect_ge_1p9","th_missing","NO_LONGER_TEXT","NO_LONGER_TEXT","NO_LONGER_TEXT","NO_LONGER_TEXT","NO_LONGER_TEXT","long_len_0"
"1702.2","H-813","032","FRAME700_SUBTYPE032","false","P2_tab_b_core_short_queue","TAB:B","Harappa","2","R/L","2","700_last","+032-700+","single_short_no_longer_text","no_longer_text","0","","1:+400-892-000+|2:+032-700+","15.2","8.9","","h_13_16","v_8p5_10","area_120_180","aspect_1p5_1p9","th_missing","NO_LONGER_TEXT","NO_LONGER_TEXT","NO_LONGER_TEXT","NO_LONGER_TEXT","NO_LONGER_TEXT","long_len_0"
"1703.2","H-814","032","FRAME700_SUBTYPE032","false","P1_mixed_short_long_core","TAB:B","Harappa","2","L/R","2","700_first","+700-032+","single_longer_text","short_after_all_longer","1","+400-820-100-415+","1:+400-820-100-415+|2:+700-032+","15.2","8.1","","h_13_16","v_7_8p5","area_120_180","aspect_1p5_1p9","th_missing","+400-820-100-415+","100;400;415;820","400...415","400","415","long_len_4_5"
"1704.1","H-815","032","FRAME700_SUBTYPE032","false","P2_tab_b_core_short_queue","TAB:B","Harappa","2","R/L","1","700_first","+700-032+","single_longer_text","short_before_all_longer","1","+520-072-219+","1:+700-032+|2:+520-072-219+","25.4","11.4","","h_ge_16","v_ge_10","area_ge_180","aspect_ge_1p9","th_missing","+520-072-219+","072;219;520","520...219","520","219","long_len_1_3"
"1705.2","H-816","033","FRAME700_SUBTYPE033","false","P1_mixed_short_long_core","TAB:B","Harappa","2","R/L","2","700_last","+033-700+","single_longer_text","short_after_all_longer","1","+400-740-390-590+","1:+400-740-390-590+|2:+033-700+","7.6","7.6","","h_lt_10","v_7_8p5","area_lt_80","aspect_lt_1p5","th_missing","+400-740-390-590+","390;400;590;740","400...590","400","590","long_len_4_5"
"1706.2","H-817","032","FRAME700_SUBTYPE032","false","P1_mixed_short_long_core","TAB:B","Harappa","2","R/L","2","700_last","+032-700+","single_longer_text","short_after_all_longer","1","+400-740-336-018+","1:+400-740-336-018+|2:+032-700+","20.3","11.4","","h_ge_16","v_ge_10","area_ge_180","aspect_1p5_1p9","th_missing","+400-740-336-018+","018;336;400;740","400...018","400","018","long_len_4_5"
"1707.2","H-818","033","FRAME700_SUBTYPE033","false","P1_mixed_short_long_core","TAB:B","Harappa","2","R/L","2","700_first","+700-033+","single_longer_text","short_after_all_longer","1","+740-336-018+","1:+740-336-018+|2:+700-033+","17.8","10.2","","h_ge_16","v_ge_10","area_ge_180","aspect_1p5_1p9","th_missing","+740-336-018+","018;336;740","740...018","740","018","long_len_1_3"
"1708.2","H-819","034","FRAME700_SUBTYPE034","false","P2_tab_b_core_short_queue","TAB:B","Harappa","2","R/L","2","700_first","+700-034+","all_short_or_no_longer_text","no_longer_text","0","","1:+520-240+|2:+700-034+","","","","h_missing","v_missing","area_missing","aspect_missing","th_missing","NO_LONGER_TEXT","NO_LONGER_TEXT","NO_LONGER_TEXT","NO_LONGER_TEXT","NO_LONGER_TEXT","long_len_0"
"1710.1","H-821","033","FRAME700_SUBTYPE033","false","P1_mixed_short_long_core","TAB:B","Harappa","2","L/R","1","700_first","+700-033+","single_longer_text","short_before_all_longer","1","+740-642-240-001-692+","1:+700-033+|2:+740-642-240-001-692+","23","14","","h_ge_16","v_ge_10","area_ge_180","aspect_1p5_1p9","th_missing","+740-642-240-001-692+","001;240;642;692;740","740...692","740","692","long_len_4_5"
"1711.1","H-822","033","FRAME700_SUBTYPE033","false","P1_mixed_short_long_core","TAB:B","Harappa","2","L/R","1","700_first","+700-033+","single_longer_text","short_before_all_longer","1","+740-642-240-001-692+","1:+700-033+|2:+740-642-240-001-692+","24","11.5","","h_ge_16","v_ge_10","area_ge_180","aspect_ge_1p9","th_missing","+740-642-240-001-692+","001;240;642;692;740","740...692","740","692","long_len_4_5"
"1712.1","H-823","034","FRAME700_SUBTYPE034","false","P1_mixed_short_long_core","TAB:B","Harappa","2","R/L","1","700_first","+700-034+","single_longer_text","short_before_all_longer","1","+740-636-240-060-692+","1:+700-034+|2:+740-636-240-060-692+","23.5","11","","h_ge_16","v_ge_10","area_ge_180","aspect_ge_1p9","th_missing","+740-636-240-060-692+","060;240;636;692;740","740...692","740","692","long_len_4_5"
"1716.1","H-827","033","FRAME700_SUBTYPE033","false","P2_tab_b_core_short_queue","TAB:B","Harappa","2","R/L","1","700_first","+700-033+","single_short_no_longer_text","no_longer_text","0","","1:+700-033+|2:+000-000-000+","18","","","h_ge_16","v_missing","area_missing","aspect_missing","th_missing","NO_LONGER_TEXT","NO_LONGER_TEXT","NO_LONGER_TEXT","NO_LONGER_TEXT","NO_LONGER_TEXT","long_len_0"
"1719.2","H-833","032","FRAME700_SUBTYPE032","false","P2_tab_b_core_short_queue","TAB:B","Harappa","2","R/L","2","700_first","+700-032+","single_longer_text","short_after_all_longer","1","+526-554-002-820+","1:+526-554-002-820+|2:+700-032+","","","","h_missing","v_missing","area_missing","aspect_missing","th_missing","+526-554-002-820+","002;526;554;820","526...820","526","820","long_len_4_5"
"1720.2","H-834","033","FRAME700_SUBTYPE033","false","P1_mixed_short_long_core","TAB:B","Harappa","2","R/L","2","700_first","+700-033+","single_longer_text","short_after_all_longer","1","+400-740-690-436-255+","1:+400-740-690-436-255+|2:+700-033+","","","","h_missing","v_missing","area_missing","aspect_missing","th_missing","+400-740-690-436-255+","255;400;436;690;740","400...255","400","255","long_len_4_5"
"1723.2","H-837","032","FRAME700_SUBTYPE032","false","P2_tab_b_core_short_queue","TAB:B","Harappa","2","R/L","2","700_first","+700-032+","single_short_no_longer_text","no_longer_text","0","","1:+000-480-176+|2:+700-032+","","","","h_missing","v_missing","area_missing","aspect_missing","th_missing","NO_LONGER_TEXT","NO_LONGER_TEXT","NO_LONGER_TEXT","NO_LONGER_TEXT","NO_LONGER_TEXT","long_len_0"
"1724.2","H-838","033","FRAME700_SUBTYPE033","false","P1_mixed_short_long_core","TAB:B","Harappa","2","R/L","2","700_first","+700-033+","single_longer_text","short_after_all_longer","1","+740-615-495-002-817+","1:+740-615-495-002-817+|2:+700-033+","","","","h_missing","v_missing","area_missing","aspect_missing","th_missing","+740-615-495-002-817+","002;495;615;740;817","740...817","740","817","long_len_4_5"
"1725.1","H-839","032","FRAME700_SUBTYPE032","false","P2_tab_b_core_short_queue","TAB:B","Harappa","2","R/L","1","700_last","+032-700+","all_short_or_no_longer_text","no_longer_text","0","","1:+032-700+|2:+400-140+","","","","h_missing","v_missing","area_missing","aspect_missing","th_missing","NO_LONGER_TEXT","NO_LONGER_TEXT","NO_LONGER_TEXT","NO_LONGER_TEXT","NO_LONGER_TEXT","long_len_0"
"1732.2","H-846","033","FRAME700_SUBTYPE033","false","P1_mixed_short_long_core","TAB:B","Harappa","2","R/L","2","700_first","+700-033+","single_longer_text","short_after_all_longer","1","+400-740-100-031-705+","1:+400-740-100-031-705+|2:+700-033+","15.2","6.4","","h_13_16","v_lt_7","area_80_120","aspect_ge_1p9","th_missing","+400-740-100-031-705+","031;100;400;705;740","400...705","400","705","long_len_4_5"
"1733.2","H-847","033","FRAME700_SUBTYPE033","false","P1_mixed_short_long_core","TAB:B","Harappa","3","R/L","2","700_first","+700-033+","single_longer_text","short_before_all_longer","1","+740-100-415+","1:+000-690-000+|2:+700-033+|3:+740-100-415+","16.5","7.1","","h_ge_16","v_7_8p5","area_80_120","aspect_ge_1p9","th_missing","+740-100-415+","100;415;740","740...415","740","415","long_len_1_3"
"1734.2","H-848","033","FRAME700_SUBTYPE033","false","P2_tab_b_core_short_queue","TAB:B","Harappa","2","R/L","2","700_first","+700-033+","single_short_no_longer_text","no_longer_text","0","","1:+740-100-000-000+|2:+700-033+","17.8","10.2","","h_ge_16","v_ge_10","area_ge_180","aspect_1p5_1p9","th_missing","NO_LONGER_TEXT","NO_LONGER_TEXT","NO_LONGER_TEXT","NO_LONGER_TEXT","NO_LONGER_TEXT","long_len_0"
"1735.2","H-849","032","FRAME700_SUBTYPE032","false","P1_mixed_short_long_core","TAB:B","Harappa","2","R/L","2","700_last","+032-700+","single_longer_text","short_after_all_longer","1","+400-740-892-617+","1:+400-740-892-617+|2:+032-700+","17.8","7.6","","h_ge_16","v_7_8p5","area_120_180","aspect_ge_1p9","th_missing","+400-740-892-617+","400;617;740;892","400...617","400","617","long_len_4_5"
"1736.2","H-850","032","FRAME700_SUBTYPE032","false","P1_mixed_short_long_core","TAB:B","Harappa","2","R/L","2","700_last","+032-700+","single_longer_text","short_after_all_longer","1","+400-740-892-617+","1:+400-740-892-617+|2:+032-700+","16","10.2","","h_ge_16","v_ge_10","area_120_180","aspect_1p5_1p9","th_missing","+400-740-892-617+","400;617;740;892","400...617","400","617","long_len_4_5"
"1738.1","H-852","032","FRAME700_SUBTYPE032","false","P1_mixed_short_long_core","TAB:B","Harappa","2","R/L","1","700_first","+700-032+","single_longer_text","short_before_all_longer","1","+740-760-268-233-220+","1:+700-032+|2:+740-760-268-233-220+","24.1","7.6","","h_ge_16","v_7_8p5","area_ge_180","aspect_ge_1p9","th_missing","+740-760-268-233-220+","220;233;268;740;760","740...220","740","220","long_len_4_5"
"1739.2","H-853","034","FRAME700_SUBTYPE034","false","P1_mixed_short_long_core","TAB:B","Harappa","2","R/L","2","700_last","+034-700+","single_longer_text","short_after_all_longer","1","+740-177-231+","1:+740-177-231+|2:+034-700+","14","6","","h_13_16","v_lt_7","area_80_120","aspect_ge_1p9","th_missing","+740-177-231+","177;231;740","740...231","740","231","long_len_1_3"
"1740.2","H-854","032","FRAME700_SUBTYPE032","false","P1_mixed_short_long_core","TAB:B","Harappa","2","L/R","2","700_first","+700-032+","single_longer_text","short_after_all_longer","1","+400-740-335-003+","1:+400-740-335-003+|2:+700-032+","16.5","6.4","","h_ge_16","v_lt_7","area_80_120","aspect_ge_1p9","th_missing","+400-740-335-003+","003;335;400;740","400...003","400","003","long_len_4_5"
"1741.2","H-857","033","FRAME700_SUBTYPE033","false","P1_mixed_short_long_core","TAB:B","Harappa","2","R/L","2","700_first","+700-033+","single_longer_text","short_after_all_longer","1","+740-390-590-235+","1:+740-390-590-235+|2:+700-033+","16","7","","h_ge_16","v_7_8p5","area_80_120","aspect_ge_1p9","th_missing","+740-390-590-235+","235;390;590;740","740...235","740","235","long_len_4_5"
"1759.2","H-876","033","FRAME700_SUBTYPE033","false","P2_tab_b_core_short_queue","TAB:B","Harappa","2","R/L","2","700_first","+700-033+","single_longer_text","short_after_all_longer","1","+200-705-380+","1:+200-705-380+|2:+700-033+","22","","","h_ge_16","v_missing","area_missing","aspect_missing","th_missing","+200-705-380+","200;380;705","200...380","200","380","long_len_1_3"
"1760.2","H-877","032","FRAME700_SUBTYPE032","false","P2_tab_b_core_short_queue","TAB:B","Harappa","3","R/L","2","700_first","+700-032+","single_short_no_longer_text","no_longer_text","0","","1:+000-000+|2:+700-032+|3:+740-000+","17.8","8.9","","h_ge_16","v_8p5_10","area_120_180","aspect_ge_1p9","th_missing","NO_LONGER_TEXT","NO_LONGER_TEXT","NO_LONGER_TEXT","NO_LONGER_TEXT","NO_LONGER_TEXT","long_len_0"
"1773.1","H-891","033","FRAME700_SUBTYPE033","false","P2_tab_i_core_short_queue","TAB:I","Harappa","2","R/L","1","700_first","+700-033+","single_short_no_longer_text","no_longer_text","0","","1:+700-033+|2:+400-740-590-017-000+","16.5","7.6","","h_ge_16","v_7_8p5","area_120_180","aspect_ge_1p9","th_missing","NO_LONGER_TEXT","NO_LONGER_TEXT","NO_LONGER_TEXT","NO_LONGER_TEXT","NO_LONGER_TEXT","long_len_0"
"1774.2","H-892","034","FRAME700_SUBTYPE034","false","P1_mixed_short_long_core","TAB:I","Harappa","2","R/L","2","700_last","+034-700+","single_longer_text","short_after_all_longer","1","+400-740-336-176+","1:+400-740-336-176+|2:+034-700+","17.8","10.2","","h_ge_16","v_ge_10","area_ge_180","aspect_1p5_1p9","th_missing","+400-740-336-176+","176;336;400;740","400...176","400","176","long_len_4_5"
"1775.2","H-893","034","FRAME700_SUBTYPE034","false","P1_mixed_short_long_core","TAB:I","Harappa","2","R/L","2","700_first","+700-034+","single_longer_text","short_after_all_longer","1","+400-740-337+","1:+400-740-337+|2:+700-034+","14","7.6","","h_13_16","v_7_8p5","area_80_120","aspect_1p5_1p9","th_missing","+400-740-337+","337;400;740","400...337","400","337","long_len_1_3"
"1782.2","H-900","033","FRAME700_SUBTYPE033","false","P1_mixed_short_long_core","TAB:I","Harappa","2","R/L","2","700_first","+700-033+","single_longer_text","short_after_all_longer","1","+400-740-817-491+","1:+400-740-817-491+|2:+700-033+","12.7","7.1","","h_10_13","v_7_8p5","area_80_120","aspect_1p5_1p9","th_missing","+400-740-817-491+","400;491;740;817","400...491","400","491","long_len_4_5"
"1792.2","H-910","034","FRAME700_SUBTYPE034","false","P2_tab_i_core_short_queue","TAB:I","Harappa","2","R/L","2","700_first","+700-034+","single_longer_text","short_after_all_longer","1","+002-861-416+","1:+002-861-416+|2:+700-034+","14.7","7.6","","h_13_16","v_7_8p5","area_80_120","aspect_ge_1p9","th_missing","+002-861-416+","002;416;861","002...416","002","416","long_len_1_3"
"1794.2","H-914","033","FRAME700_SUBTYPE033","false","P2_tab_i_core_short_queue","TAB:I","Harappa","2","R/L","2","700_first","+700-033+","single_short_no_longer_text","no_longer_text","0","","1:+415-033-000+|2:+700-033+","15.2","8.9","","h_13_16","v_8p5_10","area_120_180","aspect_1p5_1p9","th_missing","NO_LONGER_TEXT","NO_LONGER_TEXT","NO_LONGER_TEXT","NO_LONGER_TEXT","NO_LONGER_TEXT","long_len_0"
"1796.2","H-916","033","FRAME700_SUBTYPE033","false","P1_mixed_short_long_core","TAB:I","Harappa","2","R/L","2","700_first","+700-033+","single_longer_text","short_after_all_longer","1","+400-740-032-059+","1:+400-740-032-059+|2:+700-033+","15.2","7.6","","h_13_16","v_7_8p5","area_80_120","aspect_ge_1p9","th_missing","+400-740-032-059+","032;059;400;740","400...059","400","059","long_len_4_5"
"1804.2","H-924","033","FRAME700_SUBTYPE033","false","P1_mixed_short_long_core","TAB:I","Harappa","2","R/L","2","700_first","+700-033+","single_longer_text","short_after_all_longer","1","+740-840-013+","1:+740-840-013+|2:+700-033+","14","8","","h_13_16","v_7_8p5","area_80_120","aspect_1p5_1p9","th_missing","+740-840-013+","013;740;840","740...013","740","013","long_len_1_3"
"1805.2","H-925","033","FRAME700_SUBTYPE033","false","P1_mixed_short_long_core","TAB:I","Harappa","2","R/L","2","700_first","+700-033+","single_longer_text","short_after_all_longer","1","+740-840-013+","1:+740-840-013+|2:+700-033+","14","7.6","","h_13_16","v_7_8p5","area_80_120","aspect_1p5_1p9","th_missing","+740-840-013+","013;740;840","740...013","740","013","long_len_1_3"
"1806.2","H-926","032","FRAME700_SUBTYPE032","false","P2_tab_i_core_short_queue","TAB:I","Harappa","2","R/L","2","700_first","+700-032+","single_short_no_longer_text","no_longer_text","0","","1:+400-740-840-000-220+|2:+700-032+","15.2","10.2","","h_13_16","v_ge_10","area_120_180","aspect_lt_1p5","th_missing","NO_LONGER_TEXT","NO_LONGER_TEXT","NO_LONGER_TEXT","NO_LONGER_TEXT","NO_LONGER_TEXT","long_len_0"
"1807.1","H-927","033","FRAME700_SUBTYPE033","false","P2_tab_i_core_short_queue","TAB:I","Harappa","2","R/L","1","700_first","+700-033+","all_short_or_no_longer_text","no_longer_text","0","","1:+700-033+|2:+368-900+","14.5","7.6","","h_13_16","v_7_8p5","area_80_120","aspect_ge_1p9","th_missing","NO_LONGER_TEXT","NO_LONGER_TEXT","NO_LONGER_TEXT","NO_LONGER_TEXT","NO_LONGER_TEXT","long_len_0"
"1808.1","H-928","033","FRAME700_SUBTYPE033","false","P2_tab_i_core_short_queue","TAB:I","Harappa","2","R/L","1","700_first","+700-033+","all_short_or_no_longer_text","no_longer_text","0","","1:+700-033+|2:+368-900+","12.7","6.4","","h_10_13","v_lt_7","area_80_120","aspect_ge_1p9","th_missing","NO_LONGER_TEXT","NO_LONGER_TEXT","NO_LONGER_TEXT","NO_LONGER_TEXT","NO_LONGER_TEXT","long_len_0"
"1809.1","H-929","033","FRAME700_SUBTYPE033","false","P2_tab_i_core_short_queue","TAB:I","Harappa","2","R/L","1","700_first","+700-033+","all_short_or_no_longer_text","no_longer_text","0","","1:+700-033+|2:+368-900+","11.4","7.6","","h_10_13","v_7_8p5","area_80_120","aspect_1p5_1p9","th_missing","NO_LONGER_TEXT","NO_LONGER_TEXT","NO_LONGER_TEXT","NO_LONGER_TEXT","NO_LONGER_TEXT","long_len_0"
"1810.2","H-930","032","FRAME700_SUBTYPE032","false","P1_mixed_short_long_core","TAB:I","Harappa","2","R/L","2","700_first","+700-032+","single_longer_text","short_after_all_longer","1","+740-900-004+","1:+740-900-004+|2:+700-032+","14","8.4","","h_13_16","v_7_8p5","area_80_120","aspect_1p5_1p9","th_missing","+740-900-004+","004;740;900","740...004","740","004","long_len_1_3"
"1811.2","H-931","033","FRAME700_SUBTYPE033","false","P2_tab_i_core_short_queue","TAB:I","Harappa","2","R/L","2","700_last","+033-700+","single_short_no_longer_text","no_longer_text","0","","1:+000-000-000+|2:+033-700+","12.2","6.6","","h_10_13","v_lt_7","area_80_120","aspect_1p5_1p9","th_missing","NO_LONGER_TEXT","NO_LONGER_TEXT","NO_LONGER_TEXT","NO_LONGER_TEXT","NO_LONGER_TEXT","long_len_0"
"1813.1","H-933","034","FRAME700_SUBTYPE034","false","P1_mixed_short_long_core","TAB:I","Harappa","2","R/L","1","700_last","+034-700+","single_longer_text","short_before_all_longer","1","+400-740-176+","1:+034-700+|2:+400-740-176+","14","8","","h_13_16","v_7_8p5","area_80_120","aspect_1p5_1p9","th_missing","+400-740-176+","176;400;740","400...176","400","176","long_len_1_3"
"1814.1","H-934","033","FRAME700_SUBTYPE033","false","P1_mixed_short_long_core","TAB:I","Harappa","2","R/L","1","700_first","+700-033+","single_longer_text","short_before_all_longer","1","+400-740-176+","1:+700-033+|2:+400-740-176+","12.7","8.9","","h_10_13","v_8p5_10","area_80_120","aspect_lt_1p5","th_missing","+400-740-176+","176;400;740","400...176","400","176","long_len_1_3"
"1815.2","H-935","033","FRAME700_SUBTYPE033","false","P1_mixed_short_long_core","TAB:I","Harappa","2","R/L","2","700_first","+700-033+","single_longer_text","short_after_all_longer","1","+400-740-176+","1:+400-740-176+|2:+700-033+","10.2","6.4","","h_10_13","v_lt_7","area_lt_80","aspect_1p5_1p9","th_missing","+400-740-176+","176;400;740","400...176","400","176","long_len_1_3"
"1816.2","H-936","034","FRAME700_SUBTYPE034","false","P1_mixed_short_long_core","TAB:I","Harappa","2","R/L","2","700_first","+700-034+","single_longer_text","short_after_all_longer","1","+400-740-176+","1:+400-740-176+|2:+700-034+","7.6","11.9","","h_lt_10","v_ge_10","area_80_120","aspect_lt_1p5","th_missing","+400-740-176+","176;400;740","400...176","400","176","long_len_1_3"
"1818.2","H-938","034","FRAME700_SUBTYPE034","false","P2_tab_i_core_short_queue","TAB:I","Harappa","2","R/L","2","700_last","+034-700+","single_longer_text","short_after_all_longer","1","+520-220-415+","1:+520-220-415+|2:+034-700+","14","7.6","","h_13_16","v_7_8p5","area_80_120","aspect_1p5_1p9","th_missing","+520-220-415+","220;415;520","520...415","520","415","long_len_1_3"
"1819.1","H-939","034","FRAME700_SUBTYPE034","false","P2_tab_i_core_short_queue","TAB:I","Harappa","2","L/R","1","700_first","+700-034+","single_longer_text","short_before_all_longer","1","+520-220-415+","1:+700-034+|2:+520-220-415+","15.2","7.6","","h_13_16","v_7_8p5","area_80_120","aspect_ge_1p9","th_missing","+520-220-415+","220;415;520","520...415","520","415","long_len_1_3"
"1822.2","H-942","033","FRAME700_SUBTYPE033","false","P2_tab_i_core_short_queue","TAB:I","Harappa","2","R/L","2","700_last","+033-700+","single_longer_text","short_after_all_longer","1","+520-220-016+","1:+520-220-016+|2:+033-700+","12.7","7.1","","h_10_13","v_7_8p5","area_80_120","aspect_1p5_1p9","th_missing","+520-220-016+","016;220;520","520...016","520","016","long_len_1_3"
"1823.2","H-943","032","FRAME700_SUBTYPE032","false","P1_mixed_short_long_core","TAB:I","Harappa","2","R/L","2","700_first","+700-032+","single_longer_text","short_after_all_longer","1","+400-158-592+","1:+400-158-592+|2:+700-032+","16.5","8.9","","h_ge_16","v_8p5_10","area_120_180","aspect_1p5_1p9","th_missing","+400-158-592+","158;400;592","400...592","400","592","long_len_1_3"
"1824.2","H-944","032","FRAME700_SUBTYPE032","false","P1_mixed_short_long_core","TAB:I","Harappa","2","R/L","2","700_first","+700-032+","single_longer_text","short_after_all_longer","1","+400-158-592+","1:+400-158-592+|2:+700-032+","16.5","8.9","","h_ge_16","v_8p5_10","area_120_180","aspect_1p5_1p9","th_missing","+400-158-592+","158;400;592","400...592","400","592","long_len_1_3"
"1825.2","H-945","034","FRAME700_SUBTYPE034","false","P2_tab_i_core_short_queue","TAB:I","Harappa","2","R/L","2","700_last","+034-700+","all_short_or_no_longer_text","no_longer_text","0","","1:+400-234+|2:+034-700+","14","6.4","","h_13_16","v_lt_7","area_80_120","aspect_ge_1p9","th_missing","NO_LONGER_TEXT","NO_LONGER_TEXT","NO_LONGER_TEXT","NO_LONGER_TEXT","NO_LONGER_TEXT","long_len_0"
"1826.1","H-946","034","FRAME700_SUBTYPE034","false","P2_tab_i_core_short_queue","TAB:I","Harappa","2","R/L","1","700_first","+700-034+","all_short_or_no_longer_text","no_longer_text","0","","1:+700-034+|2:+400-234+","13.2","6.4","","h_13_16","v_lt_7","area_80_120","aspect_ge_1p9","th_missing","NO_LONGER_TEXT","NO_LONGER_TEXT","NO_LONGER_TEXT","NO_LONGER_TEXT","NO_LONGER_TEXT","long_len_0"
"1827.2","H-947","034","FRAME700_SUBTYPE034","false","P2_tab_i_core_short_queue","TAB:I","Harappa","2","R/L","2","700_first","+700-034+","all_short_or_no_longer_text","no_longer_text","0","","1:+400-236+|2:+700-034+","10.2","5.8","","h_10_13","v_lt_7","area_lt_80","aspect_1p5_1p9","th_missing","NO_LONGER_TEXT","NO_LONGER_TEXT","NO_LONGER_TEXT","NO_LONGER_TEXT","NO_LONGER_TEXT","long_len_0"
"1828.2","H-948","033","FRAME700_SUBTYPE033","false","P1_mixed_short_long_core","TAB:I","Harappa","2","R/L","2","700_first","+700-033+","single_longer_text","short_after_all_longer","1","+400-151-229+","1:+400-151-229+|2:+700-033+","15.2","7.6","","h_13_16","v_7_8p5","area_80_120","aspect_ge_1p9","th_missing","+400-151-229+","151;229;400","400...229","400","229","long_len_1_3"
"1829.1","H-949","033","FRAME700_SUBTYPE033","false","P2_tab_i_core_short_queue","TAB:I","Harappa","2","R/L","1","700_first","+700-033+","all_short_or_no_longer_text","no_longer_text","0","","1:+700-033+|2:+151-229+","17.8","7.6","","h_ge_16","v_7_8p5","area_120_180","aspect_ge_1p9","th_missing","NO_LONGER_TEXT","NO_LONGER_TEXT","NO_LONGER_TEXT","NO_LONGER_TEXT","NO_LONGER_TEXT","long_len_0"
"1830.2","H-950","033","FRAME700_SUBTYPE033","false","P2_tab_i_core_short_queue","TAB:I","Harappa","2","R/L","2","700_last","+033-700+","single_longer_text","short_after_all_longer","1","+710-455-220-032+","1:+710-455-220-032+|2:+033-700+","16","8.9","","h_ge_16","v_8p5_10","area_120_180","aspect_1p5_1p9","th_missing","+710-455-220-032+","032;220;455;710","710...032","710","032","long_len_4_5"
"1831.2","H-951","033","FRAME700_SUBTYPE033","false","P2_tab_i_core_short_queue","TAB:I","Harappa","2","R/L","2","700_first","+700-033+","single_longer_text","short_after_all_longer","1","+388-134-368-590+","1:+388-134-368-590+|2:+700-033+","14","7.6","","h_13_16","v_7_8p5","area_80_120","aspect_1p5_1p9","th_missing","+388-134-368-590+","134;368;388;590","388...590","388","590","long_len_4_5"
"1832.2","H-952","034","FRAME700_SUBTYPE034","false","P2_tab_i_core_short_queue","TAB:I","Harappa","2","R/L","2","700_first","+700-034+","all_short_or_no_longer_text","no_longer_text","0","","1:+740-564+|2:+700-034+","11.4","7.1","","h_10_13","v_7_8p5","area_80_120","aspect_1p5_1p9","th_missing","NO_LONGER_TEXT","NO_LONGER_TEXT","NO_LONGER_TEXT","NO_LONGER_TEXT","NO_LONGER_TEXT","long_len_0"
"1833.1","H-953","034","FRAME700_SUBTYPE034","false","P2_tab_i_core_short_queue","TAB:I","Harappa","2","R/L","1","700_first","+700-034+","single_short_no_longer_text","no_longer_text","0","","1:+700-034+|2:+000-550-556+","11.5","7","","h_10_13","v_7_8p5","area_80_120","aspect_1p5_1p9","th_missing","NO_LONGER_TEXT","NO_LONGER_TEXT","NO_LONGER_TEXT","NO_LONGER_TEXT","NO_LONGER_TEXT","long_len_0"
"1836.2","H-959","033","FRAME700_SUBTYPE033","false","P1_mixed_short_long_core","TAB:I","Harappa","2","R/L","2","700_first","+700-033+","single_longer_text","short_after_all_longer","1","+400-740-178+","1:+400-740-178+|2:+700-033+","15.2","7.6","","h_13_16","v_7_8p5","area_80_120","aspect_ge_1p9","th_missing","+400-740-178+","178;400;740","400...178","400","178","long_len_1_3"
"1837.1","H-960","034","FRAME700_SUBTYPE034","false","P1_mixed_short_long_core","TAB:I","Harappa","2","R/L","1","700_first","+700-034+","single_longer_text","short_before_all_longer","1","+400-740-176+","1:+700-034+|2:+400-740-176+","10.2","7.6","","h_10_13","v_7_8p5","area_lt_80","aspect_lt_1p5","th_missing","+400-740-176+","176;400;740","400...176","400","176","long_len_1_3"
"1838.2","H-961","033","FRAME700_SUBTYPE033","false","P2_tab_i_core_short_queue","TAB:I","Harappa","2","R/L","2","700_first","+700-033+","single_short_no_longer_text","no_longer_text","0","","1:+000-740-176+|2:+700-033+","16","7.6","","h_ge_16","v_7_8p5","area_120_180","aspect_ge_1p9","th_missing","NO_LONGER_TEXT","NO_LONGER_TEXT","NO_LONGER_TEXT","NO_LONGER_TEXT","NO_LONGER_TEXT","long_len_0"
"1839.2","H-962","032","FRAME700_SUBTYPE032","false","P1_mixed_short_long_core","TAB:I","Harappa","2","R/L","2","700_first","+700-032+","single_longer_text","short_after_all_longer","1","+400-740-176+","1:+400-740-176+|2:+700-032+","7.6","7.6","","h_lt_10","v_7_8p5","area_lt_80","aspect_lt_1p5","th_missing","+400-740-176+","176;400;740","400...176","400","176","long_len_1_3"
"1840.2","H-963","032","FRAME700_SUBTYPE032","false","P2_tab_i_core_short_queue","TAB:I","Harappa","2","R/L","2","700_first","+700-032+","single_short_no_longer_text","no_longer_text","0","","1:]740-176+|2:+700-032+","7.6","6.4","","h_lt_10","v_lt_7","area_lt_80","aspect_lt_1p5","th_missing","NO_LONGER_TEXT","NO_LONGER_TEXT","NO_LONGER_TEXT","NO_LONGER_TEXT","NO_LONGER_TEXT","long_len_0"
"1842.2","H-965","032","FRAME700_SUBTYPE032","false","P1_mixed_short_long_core","TAB:I","Harappa","2","R/L","2","700_first","+700-032+","single_longer_text","short_after_all_longer","1","+740-690-636-240+","1:+740-690-636-240+|2:+700-032+","17.8","11.4","","h_ge_16","v_ge_10","area_ge_180","aspect_1p5_1p9","th_missing","+740-690-636-240+","240;636;690;740","740...240","740","240","long_len_4_5"
"1843.2","H-966","032","FRAME700_SUBTYPE032","false","P1_mixed_short_long_core","TAB:I","Harappa","2","R/L","2","700_first","+700-032+","single_longer_text","short_after_all_longer","1","+740-690-636-240+","1:+740-690-636-240+|2:+700-032+","","10.5","","h_missing","v_ge_10","area_missing","aspect_missing","th_missing","+740-690-636-240+","240;636;690;740","740...240","740","240","long_len_4_5"
"1845.1","H-968","032","FRAME700_SUBTYPE032","false","P2_tab_i_core_short_queue","TAB:I","Harappa","2","L/R","1","700_first","+700-032+","single_longer_text","short_before_all_longer","1","+526-550-233+","1:+700-032+|2:+526-550-233+","18","8.5","","h_ge_16","v_8p5_10","area_120_180","aspect_ge_1p9","th_missing","+526-550-233+","233;526;550","526...233","526","233","long_len_1_3"
"1846.1","H-969","032","FRAME700_SUBTYPE032","false","P2_tab_b_core_short_queue","TAB:B","Harappa","2","R/L","1","700_first","+700-032+","single_short_no_longer_text","no_longer_text","0","","1:+700-032+|2:+740-000-000+","16.5","7","","h_ge_16","v_7_8p5","area_80_120","aspect_ge_1p9","th_missing","NO_LONGER_TEXT","NO_LONGER_TEXT","NO_LONGER_TEXT","NO_LONGER_TEXT","NO_LONGER_TEXT","long_len_0"
"1852.2","H-975","032","FRAME700_SUBTYPE032","false","P1_mixed_short_long_core","TAB:I","Harappa","2","R/L","2","700_first","+700-032+","single_longer_text","short_after_all_longer","1","+740-760-382+","1:+740-760-382+|2:+700-032+","12.7","5.8","","h_10_13","v_lt_7","area_lt_80","aspect_ge_1p9","th_missing","+740-760-382+","382;740;760","740...382","740","382","long_len_1_3"
"1853.2","H-976","033","FRAME700_SUBTYPE033","false","P2_tab_i_core_short_queue","TAB:I","Harappa","2","R/L","2","700_first","+700-033+","all_short_or_no_longer_text","no_longer_text","0","","1:+400-137+|2:+700-033+","10.2","7.6","","h_10_13","v_7_8p5","area_lt_80","aspect_lt_1p5","th_missing","NO_LONGER_TEXT","NO_LONGER_TEXT","NO_LONGER_TEXT","NO_LONGER_TEXT","NO_LONGER_TEXT","long_len_0"
"1855.2","H-978","033","FRAME700_SUBTYPE033","false","P1_mixed_short_long_core","TAB:I","Harappa","2","R/L","2","700_first","+700-033+","single_longer_text","short_after_all_longer","1","+400-740-176+","1:+400-740-176+|2:+700-033+","15.2","6.4","","h_13_16","v_lt_7","area_80_120","aspect_ge_1p9","th_missing","+400-740-176+","176;400;740","400...176","400","176","long_len_1_3"
"1856.1","H-979","033","FRAME700_SUBTYPE033","false","P1_mixed_short_long_core","TAB:I","Harappa","2","R/L","1","700_first","+700-033+","single_longer_text","short_before_all_longer","1","+400-740-176+","1:+700-033+|2:+400-740-176+","16.5","7","","h_ge_16","v_7_8p5","area_80_120","aspect_ge_1p9","th_missing","+400-740-176+","176;400;740","400...176","400","176","long_len_1_3"
"1859.2","H-983","034","FRAME700_SUBTYPE034","false","P1_mixed_short_long_core","TAB:I","Harappa","2","R/L","2","700_first","+700-034+","single_longer_text","short_after_all_longer","1","+400-740-637-240+","1:+400-740-637-240+|2:+700-034+","15.2","6.4","","h_13_16","v_lt_7","area_80_120","aspect_ge_1p9","th_missing","+400-740-637-240+","240;400;637;740","400...240","400","240","long_len_4_5"
"1861.1","H-985","034","FRAME700_SUBTYPE034","false","P2_tab_i_core_short_queue","TAB:I","Harappa","2","R/L","1","700_first","+700-034+","single_longer_text","short_before_all_longer","1","+156-435-255+","1:+700-034+|2:+156-435-255+","15.2","6.4","","h_13_16","v_lt_7","area_80_120","aspect_ge_1p9","th_missing","+156-435-255+","156;255;435","156...255","156","255","long_len_1_3"
"1862.2","H-986","033","FRAME700_SUBTYPE033","false","P2_tab_i_core_short_queue","TAB:I","Harappa","3","R/L","2","700_first","+700-033+","single_short_no_longer_text","no_longer_text","0","","1:+000-000-000-000-000-000+|2:+700-033+|3:+000-000-000+","16.5","6.4","","h_ge_16","v_lt_7","area_80_120","aspect_ge_1p9","th_missing","NO_LONGER_TEXT","NO_LONGER_TEXT","NO_LONGER_TEXT","NO_LONGER_TEXT","NO_LONGER_TEXT","long_len_0"
"1863.2","H-987","033","FRAME700_SUBTYPE033","false","P1_mixed_short_long_core","TAB:I","Harappa","3","R/L","2","700_first","+700-033+","multiple_longer_texts","short_between_longer_sides","2","+400-740-176+|+690-365-817+","1:+690-365-817+|2:+700-033+|3:+400-740-176+","16.5","6.4","","h_ge_16","v_lt_7","area_80_120","aspect_ge_1p9","th_missing","+400-740-176+|+690-365-817+","176;365;400;690;740;817","400...176;690...817","400;690","176;817","long_len_1_3"
