policy,cisi,length,position,position_class,actual,frequency_rank,frequency_top1,position_rank,position_top1,bidirectional_bigram_rank,bidirectional_bigram_top1
raw_lipi_numeric,M-1,5,0,initial,L001,33,L740,32,L740,32,L740
raw_lipi_numeric,M-1,5,1,medial,L368,19,L740,123,L740,3,L002
raw_lipi_numeric,M-1,5,2,medial,L861,14,L740,177,L002,10,L435
raw_lipi_numeric,M-1,5,3,medial,L255,29,L740,32,L002,2,L892
raw_lipi_numeric,M-1,5,4,terminal,L371,136,L740,112,L002,38,L817
raw_lipi_numeric,M-3,3,0,initial,L717,166,L740,149,L740,109,L740
raw_lipi_numeric,M-3,3,1,medial,L032,5,L740,3,L740,184,L017
raw_lipi_numeric,M-3,3,2,terminal,L521,189,L740,189,L002,189,L692
raw_lipi_numeric,M-5,6,0,initial,L740,1,L740,1,L740,1,L740
raw_lipi_numeric,M-5,6,1,medial,L773,189,L740,189,L740,189,L798
raw_lipi_numeric,M-5,6,2,medial,L240,10,L740,3,L002,1,L240
raw_lipi_numeric,M-5,6,3,medial,L235,12,L740,4,L002,1,L235
raw_lipi_numeric,M-5,6,4,medial,L060,6,L740,5,L002,1,L060
raw_lipi_numeric,M-5,6,5,terminal,L692,26,L740,155,L002,1,L692
raw_lipi_numeric,M-6,4,0,initial,L820,12,L740,29,L740,32,L740
raw_lipi_numeric,M-6,4,1,medial,L880,181,L740,181,L740,98,L220
raw_lipi_numeric,M-6,4,2,medial,L065,42,L740,70,L002,146,L017
raw_lipi_numeric,M-6,4,3,terminal,L244,189,L740,189,L002,189,L817
raw_lipi_numeric,M-8,3,0,initial,L706,80,L740,150,L740,140,L740
raw_lipi_numeric,M-8,3,1,medial,L140,25,L740,34,L740,165,L125
raw_lipi_numeric,M-8,3,2,terminal,L632,79,L740,155,L002,158,L817
raw_lipi_numeric,M-9,3,0,initial,L031,29,L740,40,L740,165,L740
raw_lipi_numeric,M-9,3,1,medial,L311,188,L740,188,L740,188,L002
raw_lipi_numeric,M-9,3,2,terminal,L745,188,L740,188,L002,188,L817
raw_lipi_numeric,M-12,9,0,initial,L740,1,L740,1,L740,1,L740
raw_lipi_numeric,M-12,9,1,medial,L390,4,L740,7,L740,1,L390
raw_lipi_numeric,M-12,9,2,medial,L590,60,L740,12,L002,1,L590
raw_lipi_numeric,M-12,9,3,medial,L233,12,L740,7,L002,3,L032
raw_lipi_numeric,M-12,9,4,medial,L002,2,L740,1,L002,2,L060
raw_lipi_numeric,M-12,9,5,medial,L368,19,L740,112,L002,8,L817
raw_lipi_numeric,M-12,9,6,medial,L202,188,L740,188,L002,188,L920
raw_lipi_numeric,M-12,9,7,medial,L892,188,L740,188,L861,188,L255
raw_lipi_numeric,M-12,9,8,terminal,L371,135,L740,92,L002,38,L817
raw_lipi_numeric,M-13,3,0,initial,L368,19,L740,20,L740,31,L740
raw_lipi_numeric,M-13,3,1,medial,L304,189,L740,189,L740,189,L920
raw_lipi_numeric,M-13,3,2,terminal,L125,68,L740,83,L002,148,L817
raw_lipi_numeric,M-14,5,0,initial,L740,1,L740,1,L740,1,L740
raw_lipi_numeric,M-14,5,1,medial,L776,189,L740,189,L740,189,L390
raw_lipi_numeric,M-14,5,2,medial,L503,42,L740,44,L002,29,L032
raw_lipi_numeric,M-14,5,3,medial,L002,2,L740,1,L002,1,L002
raw_lipi_numeric,M-14,5,4,terminal,L817,14,L740,3,L002,2,L861
raw_lipi_numeric,M-15,5,0,initial,L090,25,L740,4,L740,1,L090
raw_lipi_numeric,M-15,5,1,medial,L740,1,L740,2,L003,1,L740
raw_lipi_numeric,M-15,5,2,medial,L176,35,L740,14,L002,18,L032
raw_lipi_numeric,M-15,5,3,medial,L002,2,L740,1,L002,1,L002
raw_lipi_numeric,M-15,5,4,terminal,L861,14,L740,16,L002,2,L817
raw_lipi_numeric,M-16,4,0,initial,L820,12,L740,29,L740,31,L740
raw_lipi_numeric,M-16,4,1,medial,L130,102,L740,34,L740,21,L463
raw_lipi_numeric,M-16,4,2,medial,L035,188,L740,188,L002,188,L190
raw_lipi_numeric,M-16,4,3,terminal,L171,188,L740,188,L002,188,L817
raw_lipi_numeric,M-17,5,0,initial,L390,4,L740,3,L740,2,L740
raw_lipi_numeric,M-17,5,1,medial,L016,33,L740,14,L740,5,L003
raw_lipi_numeric,M-17,5,2,medial,L002,2,L740,1,L002,1,L002
raw_lipi_numeric,M-17,5,3,medial,L814,176,L740,171,L002,20,L817
raw_lipi_numeric,M-17,5,4,terminal,L560,189,L740,189,L002,189,L817
raw_lipi_numeric,M-18,3,0,initial,L932,189,L740,189,L740,189,L090
raw_lipi_numeric,M-18,3,1,medial,L740,1,L740,2,L003,3,L803
raw_lipi_numeric,M-18,3,2,terminal,L055,45,L740,70,L002,94,L817
raw_lipi_numeric,M-21,8,0,initial,L350,73,L740,103,L740,132,L740
raw_lipi_numeric,M-21,8,1,medial,L001,33,L740,71,L740,153,L090
raw_lipi_numeric,M-21,8,2,medial,L740,1,L740,19,L002,188,L368
raw_lipi_numeric,M-21,8,3,medial,L362,189,L740,189,L002,189,L390
raw_lipi_numeric,M-21,8,4,medial,L692,26,L740,4,L002,166,L220
raw_lipi_numeric,M-21,8,5,medial,L032,5,L740,6,L002,2,L803
raw_lipi_numeric,M-21,8,6,medial,L002,2,L740,2,L820,1,L002
raw_lipi_numeric,M-21,8,7,terminal,L861,14,L740,1,L861,2,L817
raw_lipi_numeric,M-24,7,0,initial,L090,24,L740,4,L740,1,L090
raw_lipi_numeric,M-24,7,1,medial,L740,1,L740,2,L003,1,L740
raw_lipi_numeric,M-24,7,2,medial,L240,10,L740,3,L002,4,L760
raw_lipi_numeric,M-24,7,3,medial,L235,12,L740,4,L002,1,L235
raw_lipi_numeric,M-24,7,4,medial,L002,2,L740,1,L002,1,L002
raw_lipi_numeric,M-24,7,5,medial,L906,87,L740,186,L002,137,L817
raw_lipi_numeric,M-24,7,6,terminal,L140,25,L740,8,L002,6,L817
raw_lipi_numeric,M-26,5,0,initial,L090,24,L740,4,L740,1,L090
raw_lipi_numeric,M-26,5,1,medial,L740,1,L740,2,L003,1,L740
raw_lipi_numeric,M-26,5,2,medial,L531,189,L740,189,L002,189,L760
raw_lipi_numeric,M-26,5,3,medial,L060,6,L740,3,L002,1,L060
raw_lipi_numeric,M-26,5,4,terminal,L692,26,L740,4,L002,1,L692
raw_lipi_numeric,M-29,9,0,initial,L740,1,L740,1,L740,1,L740
raw_lipi_numeric,M-29,9,1,medial,L055,45,L740,76,L740,38,L798
raw_lipi_numeric,M-29,9,2,medial,L240,10,L740,3,L002,1,L240
raw_lipi_numeric,M-29,9,3,medial,L235,12,L740,4,L002,1,L235
raw_lipi_numeric,M-29,9,4,medial,L806,44,L740,46,L002,4,L803
raw_lipi_numeric,M-29,9,5,medial,L002,2,L740,1,L002,1,L002
raw_lipi_numeric,M-29,9,6,medial,L220,3,L740,73,L002,3,L817
raw_lipi_numeric,M-29,9,7,medial,L455,77,L740,114,L861,9,L032
raw_lipi_numeric,M-29,9,8,terminal,L503,40,L740,115,L002,172,L817
raw_lipi_numeric,M-30,7,0,initial,L740,1,L740,1,L740,1,L740
raw_lipi_numeric,M-30,7,1,medial,L752,188,L740,188,L740,188,L760
raw_lipi_numeric,M-30,7,2,medial,L017,188,L740,188,L002,188,L776
raw_lipi_numeric,M-30,7,3,medial,L503,41,L740,127,L002,152,L550
raw_lipi_numeric,M-30,7,4,medial,L240,10,L740,90,L002,1,L240
raw_lipi_numeric,M-30,7,5,medial,L235,12,L740,16,L002,1,L235
raw_lipi_numeric,M-30,7,6,terminal,L806,45,L740,167,L002,11,L817
raw_lipi_numeric,M-31,6,0,initial,L740,1,L740,1,L740,1,L740
raw_lipi_numeric,M-31,6,1,medial,L269,120,L740,110,L740,72,L760
raw_lipi_numeric,M-31,6,2,medial,L511,189,L740,189,L002,189,L520
raw_lipi_numeric,M-31,6,3,medial,L233,12,L740,7,L002,14,L235
raw_lipi_numeric,M-31,6,4,medial,L060,6,L740,5,L002,2,L002
raw_lipi_numeric,M-31,6,5,terminal,L820,11,L740,8,L002,3,L692
raw_lipi_numeric,M-32,4,0,initial,L390,4,L740,3,L740,1,L390
raw_lipi_numeric,M-32,4,1,medial,L003,18,L740,2,L740,3,L803
raw_lipi_numeric,M-32,4,2,medial,L002,2,L740,1,L002,1,L002
raw_lipi_numeric,M-32,4,3,terminal,L817,14,L740,172,L002,2,L861
raw_lipi_numeric,M-33,7,0,initial,L740,1,L740,1,L740,1,L740
raw_lipi_numeric,M-33,7,1,medial,L032,5,L740,3,L740,46,L760
raw_lipi_numeric,M-33,7,2,medial,L923,40,L740,186,L002,164,L002
raw_lipi_numeric,M-33,7,3,medial,L382,138,L740,111,L002,64,L520
raw_lipi_numeric,M-33,7,4,medial,L233,12,L740,11,L002,14,L032
raw_lipi_numeric,M-33,7,5,medial,L002,2,L740,1,L002,3,L798
raw_lipi_numeric,M-33,7,6,terminal,L112,189,L740,189,L002,189,L817
raw_lipi_numeric,M-34,7,0,initial,L740,1,L740,1,L740,1,L740
raw_lipi_numeric,M-34,7,1,medial,L336,129,L740,47,L740,21,L100
raw_lipi_numeric,M-34,7,2,medial,L176,35,L740,14,L002,29,L032
raw_lipi_numeric,M-34,7,3,medial,L002,2,L740,1,L002,4,L840
raw_lipi_numeric,M-34,7,4,medial,L405,138,L740,116,L002,69,L817
raw_lipi_numeric,M-34,7,5,medial,L372,188,L740,188,L002,188,L018
raw_lipi_numeric,M-34,7,6,terminal,L374,188,L740,188,L002,188,L817
raw_lipi_numeric,M-35,7,0,initial,L740,1,L740,1,L740,1,L740
raw_lipi_numeric,M-35,7,1,medial,L390,4,L740,7,L740,1,L390
raw_lipi_numeric,M-35,7,2,medial,L590,60,L740,12,L002,1,L590
raw_lipi_numeric,M-35,7,3,medial,L233,12,L740,7,L002,4,L705
raw_lipi_numeric,M-35,7,4,medial,L231,42,L740,89,L002,11,L803
raw_lipi_numeric,M-35,7,5,medial,L002,2,L740,1,L002,1,L002
raw_lipi_numeric,M-35,7,6,terminal,L107,189,L740,189,L002,189,L817
raw_lipi_numeric,M-36,9,0,initial,L740,1,L740,1,L740,1,L740
raw_lipi_numeric,M-36,9,1,medial,L794,173,L740,64,L740,28,L760
raw_lipi_numeric,M-36,9,2,medial,L630,188,L740,188,L002,188,L520
raw_lipi_numeric,M-36,9,3,medial,L220,3,L740,3,L002,1,L220
raw_lipi_numeric,M-36,9,4,medial,L032,5,L740,20,L002,1,L032
raw_lipi_numeric,M-36,9,5,medial,L002,2,L740,1,L002,1,L002
raw_lipi_numeric,M-36,9,6,medial,L368,19,L740,104,L002,8,L817
raw_lipi_numeric,M-36,9,7,medial,L906,86,L740,183,L861,127,L920
raw_lipi_numeric,M-36,9,8,terminal,L329,188,L740,188,L002,188,L140
raw_lipi_numeric,M-37,3,0,initial,L520,8,L740,3,L740,2,L740
raw_lipi_numeric,M-37,3,1,medial,L220,3,L740,7,L740,1,L220
raw_lipi_numeric,M-37,3,2,terminal,L415,36,L740,16,L002,17,L032
raw_lipi_numeric,M-38,13,0,initial,L740,1,L740,1,L740,1,L740
raw_lipi_numeric,M-38,13,1,medial,L690,189,L740,189,L740,189,L760
raw_lipi_numeric,M-38,13,2,medial,L435,143,L740,138,L002,3,L861
raw_lipi_numeric,M-38,13,3,medial,L255,30,L740,32,L002,11,L520
raw_lipi_numeric,M-38,13,4,medial,L220,3,L740,26,L002,1,L220
raw_lipi_numeric,M-38,13,5,medial,L032,5,L740,6,L002,2,L415
raw_lipi_numeric,M-38,13,6,medial,L240,10,L740,79,L002,1,L240
raw_lipi_numeric,M-38,13,7,medial,L235,12,L740,70,L861,1,L235
raw_lipi_numeric,M-38,13,8,medial,L002,2,L740,9,L140,1,L002
raw_lipi_numeric,M-38,13,9,medial,L390,4,L740,97,L563,3,L817
raw_lipi_numeric,M-38,13,10,medial,L125,67,L740,67,L740,3,L590
raw_lipi_numeric,M-38,13,11,medial,L632,79,L740,79,L740,2,L220
raw_lipi_numeric,M-38,13,12,terminal,L032,5,L740,5,L740,10,L817
raw_lipi_numeric,M-40,5,0,initial,L391,188,L740,188,L740,188,L740
raw_lipi_numeric,M-40,5,1,medial,L002,2,L740,71,L740,186,L005
raw_lipi_numeric,M-40,5,2,medial,L527,60,L740,143,L002,148,L817
raw_lipi_numeric,M-40,5,3,medial,L475,188,L740,188,L002,188,L550
raw_lipi_numeric,M-40,5,4,terminal,L005,87,L740,51,L002,20,L817
raw_lipi_numeric,M-42,5,0,initial,L527,60,L740,10,L740,5,L740
raw_lipi_numeric,M-42,5,1,medial,L550,26,L740,55,L740,1,L550
raw_lipi_numeric,M-42,5,2,medial,L240,11,L740,3,L002,7,L032
raw_lipi_numeric,M-42,5,3,medial,L002,2,L740,1,L002,1,L002
raw_lipi_numeric,M-42,5,4,terminal,L817,14,L740,3,L002,2,L861
raw_lipi_numeric,M-43,6,0,initial,L740,1,L740,1,L740,1,L740
raw_lipi_numeric,M-43,6,1,medial,L798,20,L740,12,L740,8,L760
raw_lipi_numeric,M-43,6,2,medial,L231,41,L740,14,L002,9,L032
raw_lipi_numeric,M-43,6,3,medial,L002,2,L740,1,L002,1,L002
raw_lipi_numeric,M-43,6,4,medial,L055,45,L740,57,L002,135,L817
raw_lipi_numeric,M-43,6,5,terminal,L373,189,L740,189,L002,189,L817
raw_lipi_numeric,M-44,8,0,initial,L740,1,L740,1,L740,1,L740
raw_lipi_numeric,M-44,8,1,medial,L760,45,L740,7,L740,4,L772
raw_lipi_numeric,M-44,8,2,medial,L033,19,L740,13,L002,1,L033
raw_lipi_numeric,M-44,8,3,medial,L705,24,L740,9,L002,1,L705
raw_lipi_numeric,M-44,8,4,medial,L803,18,L740,14,L002,5,L231
raw_lipi_numeric,M-44,8,5,medial,L002,2,L740,1,L002,1,L002
raw_lipi_numeric,M-44,8,6,medial,L920,32,L740,185,L002,168,L817
raw_lipi_numeric,M-44,8,7,terminal,L317,189,L740,189,L861,189,L140
raw_lipi_numeric,M-46,8,0,initial,L740,1,L740,1,L740,1,L740
raw_lipi_numeric,M-46,8,1,medial,L798,20,L740,12,L740,11,L055
raw_lipi_numeric,M-46,8,2,medial,L240,10,L740,3,L002,1,L240
raw_lipi_numeric,M-46,8,3,medial,L235,12,L740,4,L002,1,L235
raw_lipi_numeric,M-46,8,4,medial,L002,2,L740,1,L002,1,L002
raw_lipi_numeric,M-46,8,5,medial,L220,3,L740,85,L002,1,L220
raw_lipi_numeric,M-46,8,6,medial,L065,42,L740,45,L002,3,L032
raw_lipi_numeric,M-46,8,7,terminal,L215,113,L740,65,L861,96,L817
raw_lipi_numeric,M-47,5,0,initial,L740,1,L740,1,L740,1,L740
raw_lipi_numeric,M-47,5,1,medial,L760,45,L740,7,L740,5,L240
raw_lipi_numeric,M-47,5,2,medial,L235,12,L740,99,L002,6,L032
raw_lipi_numeric,M-47,5,3,medial,L002,2,L740,1,L002,1,L002
raw_lipi_numeric,M-47,5,4,terminal,L861,14,L740,16,L002,2,L817
raw_lipi_numeric,M-48,6,0,initial,L390,4,L740,3,L740,3,L740
raw_lipi_numeric,M-48,6,1,medial,L820,12,L740,65,L740,180,L590
raw_lipi_numeric,M-48,6,2,medial,L463,189,L740,189,L002,189,L741
raw_lipi_numeric,M-48,6,3,medial,L060,6,L740,3,L002,4,L002
raw_lipi_numeric,M-48,6,4,medial,L368,19,L740,34,L002,3,L692
raw_lipi_numeric,M-48,6,5,terminal,L920,32,L740,9,L002,4,L817
raw_lipi_numeric,M-51,8,0,initial,L740,1,L740,1,L740,1,L740
raw_lipi_numeric,M-51,8,1,medial,L798,20,L740,12,L740,1,L798
raw_lipi_numeric,M-51,8,2,medial,L460,77,L740,42,L002,1,L460
raw_lipi_numeric,M-51,8,3,medial,L350,72,L740,35,L002,3,L240
raw_lipi_numeric,M-51,8,4,medial,L235,11,L740,27,L002,8,L048
raw_lipi_numeric,M-51,8,5,medial,L741,12,L740,8,L002,2,L002
raw_lipi_numeric,M-51,8,6,medial,L390,4,L740,110,L002,18,L081
raw_lipi_numeric,M-51,8,7,terminal,L140,25,L740,52,L861,11,L820
raw_lipi_numeric,M-52,10,0,initial,L740,1,L740,1,L740,1,L740
raw_lipi_numeric,M-52,10,1,medial,L904,188,L740,188,L740,188,L220
raw_lipi_numeric,M-52,10,2,medial,L032,5,L740,8,L002,185,L520
raw_lipi_numeric,M-52,10,3,medial,L220,3,L740,3,L002,2,L002
raw_lipi_numeric,M-52,10,4,medial,L415,36,L740,121,L002,4,L032
raw_lipi_numeric,M-52,10,5,medial,L235,12,L740,16,L002,181,L002
raw_lipi_numeric,M-52,10,6,medial,L803,20,L740,168,L002,3,L806
raw_lipi_numeric,M-52,10,7,medial,L002,2,L740,19,L861,1,L002
raw_lipi_numeric,M-52,10,8,medial,L504,188,L740,188,L002,188,L817
raw_lipi_numeric,M-52,10,9,terminal,L717,166,L740,144,L390,129,L817
raw_lipi_numeric,M-53,9,0,initial,L090,24,L740,4,L740,1,L090
raw_lipi_numeric,M-53,9,1,medial,L740,1,L740,2,L003,1,L740
raw_lipi_numeric,M-53,9,2,medial,L220,3,L740,3,L002,2,L390
raw_lipi_numeric,M-53,9,3,medial,L016,33,L740,10,L002,7,L032
raw_lipi_numeric,M-53,9,4,medial,L002,2,L740,1,L002,2,L060
raw_lipi_numeric,M-53,9,5,medial,L297,72,L740,100,L002,22,L817
raw_lipi_numeric,M-53,9,6,medial,L190,68,L740,70,L002,112,L368
raw_lipi_numeric,M-53,9,7,medial,L920,31,L740,186,L861,163,L136
raw_lipi_numeric,M-53,9,8,terminal,L140,25,L740,43,L002,7,L817
raw_lipi_numeric,M-54,7,0,initial,L236,114,L740,80,L740,68,L740
raw_lipi_numeric,M-54,7,1,medial,L240,10,L740,105,L740,182,L520
raw_lipi_numeric,M-54,7,2,medial,L033,19,L740,13,L002,2,L235
raw_lipi_numeric,M-54,7,3,medial,L705,24,L740,9,L002,1,L705
raw_lipi_numeric,M-54,7,4,medial,L798,18,L740,7,L002,31,L803
raw_lipi_numeric,M-54,7,5,medial,L002,2,L740,1,L002,1,L002
raw_lipi_numeric,M-54,7,6,terminal,L820,12,L740,3,L002,3,L817
raw_lipi_numeric,M-56,8,0,initial,L740,1,L740,1,L740,1,L740
raw_lipi_numeric,M-56,8,1,medial,L877,188,L740,188,L740,188,L220
raw_lipi_numeric,M-56,8,2,medial,L032,5,L740,8,L002,5,L240
raw_lipi_numeric,M-56,8,3,medial,L235,12,L740,4,L002,3,L002
raw_lipi_numeric,M-56,8,4,medial,L060,6,L740,5,L002,1,L060
raw_lipi_numeric,M-56,8,5,medial,L550,26,L740,28,L002,2,L692
raw_lipi_numeric,M-56,8,6,medial,L611,188,L740,188,L002,188,L240
raw_lipi_numeric,M-56,8,7,terminal,L840,45,L740,172,L861,67,L817
raw_lipi_numeric,M-57,6,0,initial,L226,70,L740,8,L740,6,L740
raw_lipi_numeric,M-57,6,1,medial,L032,5,L740,3,L740,5,L803
raw_lipi_numeric,M-57,6,2,medial,L231,42,L740,14,L002,160,L002
raw_lipi_numeric,M-57,6,3,medial,L798,20,L740,170,L002,32,L032
raw_lipi_numeric,M-57,6,4,medial,L002,2,L740,1,L002,7,L460
raw_lipi_numeric,M-57,6,5,terminal,L693,189,L740,189,L002,189,L817
raw_lipi_numeric,M-58,5,0,initial,L740,1,L740,1,L740,1,L740
raw_lipi_numeric,M-58,5,1,medial,L460,77,L740,136,L740,140,L390
raw_lipi_numeric,M-58,5,2,medial,L503,42,L740,44,L002,29,L032
raw_lipi_numeric,M-58,5,3,medial,L002,2,L740,1,L002,1,L002
raw_lipi_numeric,M-58,5,4,terminal,L817,14,L740,3,L002,2,L861
raw_lipi_numeric,M-59,5,0,initial,L368,19,L740,20,L740,32,L390
raw_lipi_numeric,M-59,5,1,medial,L003,17,L740,2,L740,171,L920
raw_lipi_numeric,M-59,5,2,medial,L742,189,L740,189,L002,189,L002
raw_lipi_numeric,M-59,5,3,medial,L060,6,L740,3,L002,4,L368
raw_lipi_numeric,M-59,5,4,terminal,L920,32,L740,186,L002,6,L692
raw_lipi_numeric,M-63,4,0,initial,L526,188,L740,188,L740,188,L740
raw_lipi_numeric,M-63,4,1,medial,L555,188,L740,188,L740,188,L233
raw_lipi_numeric,M-63,4,2,medial,L060,6,L740,9,L002,1,L060
raw_lipi_numeric,M-63,4,3,terminal,L550,26,L740,40,L002,4,L692
raw_lipi_numeric,M-64,6,0,initial,L520,8,L740,3,L740,1,L520
raw_lipi_numeric,M-64,6,1,medial,L033,20,L740,7,L740,2,L220
raw_lipi_numeric,M-64,6,2,medial,L706,80,L740,159,L002,130,L705
raw_lipi_numeric,M-64,6,3,medial,L060,6,L740,3,L002,187,L520
raw_lipi_numeric,M-64,6,4,medial,L220,3,L740,26,L002,9,L692
raw_lipi_numeric,M-64,6,5,terminal,L004,45,L740,42,L002,16,L032
raw_lipi_numeric,M-65,6,0,initial,L520,8,L740,3,L740,2,L740
raw_lipi_numeric,M-65,6,1,medial,L220,3,L740,7,L740,2,L033
raw_lipi_numeric,M-65,6,2,medial,L031,28,L740,13,L002,168,L032
raw_lipi_numeric,M-65,6,3,medial,L001,33,L740,18,L002,152,L002
raw_lipi_numeric,M-65,6,4,medial,L706,79,L740,155,L002,122,L368
raw_lipi_numeric,M-65,6,5,terminal,L575,158,L740,146,L002,126,L140
raw_lipi_numeric,M-69,5,0,initial,L740,1,L740,1,L740,1,L740
raw_lipi_numeric,M-69,5,1,medial,L803,20,L740,64,L740,179,L798
raw_lipi_numeric,M-69,5,2,medial,L231,42,L740,14,L002,156,L002
raw_lipi_numeric,M-69,5,3,medial,L060,6,L740,3,L002,1,L060
raw_lipi_numeric,M-69,5,4,terminal,L692,26,L740,4,L002,1,L692
raw_lipi_numeric,M-70,5,0,initial,L226,70,L740,8,L740,6,L740
raw_lipi_numeric,M-70,5,1,medial,L032,5,L740,3,L740,2,L803
raw_lipi_numeric,M-70,5,2,medial,L002,2,L740,1,L002,1,L002
raw_lipi_numeric,M-70,5,3,medial,L390,4,L740,113,L002,7,L817
raw_lipi_numeric,M-70,5,4,terminal,L692,26,L740,4,L002,7,L820
raw_lipi_numeric,M-71,6,0,initial,L151,69,L740,8,L740,8,L740
raw_lipi_numeric,M-71,6,1,medial,L279,188,L740,188,L740,188,L243
raw_lipi_numeric,M-71,6,2,medial,L142,68,L740,36,L002,129,L032
raw_lipi_numeric,M-71,6,3,medial,L002,2,L740,1,L002,2,L740
raw_lipi_numeric,M-71,6,4,medial,L390,4,L740,13,L002,6,L817
raw_lipi_numeric,M-71,6,5,terminal,L095,188,L740,188,L002,188,L820
raw_lipi_numeric,M-74,4,0,initial,L595,188,L740,188,L740,188,L740
raw_lipi_numeric,M-74,4,1,medial,L575,158,L740,153,L740,72,L017
raw_lipi_numeric,M-74,4,2,medial,L704,188,L740,188,L002,188,L136
raw_lipi_numeric,M-74,4,3,terminal,L140,25,L740,75,L002,6,L817
raw_lipi_numeric,M-75,5,0,initial,L520,8,L740,3,L740,2,L740
raw_lipi_numeric,M-75,5,1,medial,L220,3,L740,7,L740,1,L220
raw_lipi_numeric,M-75,5,2,medial,L004,45,L740,67,L002,9,L032
raw_lipi_numeric,M-75,5,3,medial,L002,2,L740,1,L002,1,L002
raw_lipi_numeric,M-75,5,4,terminal,L817,14,L740,3,L002,2,L861
raw_lipi_numeric,M-77,5,0,initial,L832,84,L740,170,L740,142,L740
raw_lipi_numeric,M-77,5,1,medial,L390,4,L740,7,L740,189,L236
raw_lipi_numeric,M-77,5,2,medial,L803,20,L740,61,L002,6,L003
raw_lipi_numeric,M-77,5,3,medial,L002,2,L740,1,L002,1,L002
raw_lipi_numeric,M-77,5,4,terminal,L861,14,L740,16,L002,2,L817
raw_lipi_numeric,M-78,4,0,initial,L740,1,L740,1,L740,1,L740
raw_lipi_numeric,M-78,4,1,medial,L344,189,L740,189,L740,189,L220
raw_lipi_numeric,M-78,4,2,medial,L032,5,L740,8,L002,184,L908
raw_lipi_numeric,M-78,4,3,terminal,L545,60,L740,40,L002,12,L692
raw_lipi_numeric,M-80,5,0,initial,L156,42,L740,5,L740,3,L390
raw_lipi_numeric,M-80,5,1,medial,L003,17,L740,2,L740,1,L003
raw_lipi_numeric,M-80,5,2,medial,L060,6,L740,9,L002,8,L002
raw_lipi_numeric,M-80,5,3,medial,L368,19,L740,36,L002,7,L002
raw_lipi_numeric,M-80,5,4,terminal,L817,14,L740,3,L002,3,L861
raw_lipi_numeric,M-82,6,0,initial,L740,1,L740,1,L740,1,L740
raw_lipi_numeric,M-82,6,1,medial,L222,188,L740,188,L740,188,L032
raw_lipi_numeric,M-82,6,2,medial,L002,2,L740,1,L002,186,L017
raw_lipi_numeric,M-82,6,3,medial,L207,188,L740,188,L002,188,L817
raw_lipi_numeric,M-82,6,4,medial,L550,26,L740,41,L002,166,L002
raw_lipi_numeric,M-82,6,5,terminal,L390,4,L740,115,L002,184,L820
raw_lipi_numeric,M-83,3,0,initial,L390,4,L740,3,L740,3,L740
raw_lipi_numeric,M-83,3,1,medial,L018,88,L740,28,L740,15,L590
raw_lipi_numeric,M-83,3,2,terminal,L796,189,L740,189,L002,189,L817
raw_lipi_numeric,M-84,6,0,initial,L740,1,L740,1,L740,1,L740
raw_lipi_numeric,M-84,6,1,medial,L765,189,L740,189,L740,189,L798
raw_lipi_numeric,M-84,6,2,medial,L240,11,L740,3,L002,179,L018
raw_lipi_numeric,M-84,6,3,medial,L001,33,L740,18,L002,5,L002
raw_lipi_numeric,M-84,6,4,medial,L368,19,L740,34,L002,1,L368
raw_lipi_numeric,M-84,6,5,terminal,L920,31,L740,9,L002,4,L817
raw_lipi_numeric,M-85,5,0,initial,L520,8,L740,3,L740,2,L740
raw_lipi_numeric,M-85,5,1,medial,L233,11,L740,17,L740,3,L220
raw_lipi_numeric,M-85,5,2,medial,L741,12,L740,57,L002,178,L002
raw_lipi_numeric,M-85,5,3,medial,L081,188,L740,188,L002,188,L390
raw_lipi_numeric,M-85,5,4,terminal,L272,188,L740,188,L002,188,L817
raw_lipi_numeric,M-86,7,0,initial,L520,8,L740,3,L740,1,L520
raw_lipi_numeric,M-86,7,1,medial,L033,19,L740,7,L740,1,L033
raw_lipi_numeric,M-86,7,2,medial,L705,24,L740,12,L002,1,L705
raw_lipi_numeric,M-86,7,3,medial,L231,42,L740,88,L002,9,L803
raw_lipi_numeric,M-86,7,4,medial,L002,2,L740,1,L002,1,L002
raw_lipi_numeric,M-86,7,5,medial,L820,12,L740,8,L002,3,L817
raw_lipi_numeric,M-86,7,6,terminal,L700,189,L740,189,L002,189,L817
raw_lipi_numeric,M-87,3,0,initial,L400,75,L740,21,L740,22,L740
raw_lipi_numeric,M-87,3,1,medial,L890,188,L740,188,L740,188,L093
raw_lipi_numeric,M-87,3,2,terminal,L104,188,L740,188,L002,188,L817
raw_lipi_numeric,M-88,3,0,initial,L527,59,L740,10,L740,9,L740
raw_lipi_numeric,M-88,3,1,medial,L388,75,L740,50,L740,120,L520
raw_lipi_numeric,M-88,3,2,terminal,L233,12,L740,37,L002,184,L817
raw_lipi_numeric,M-89,5,0,initial,L740,1,L740,1,L740,1,L740
raw_lipi_numeric,M-89,5,1,medial,L794,174,L740,64,L740,28,L760
raw_lipi_numeric,M-89,5,2,medial,L734,189,L740,189,L002,189,L220
raw_lipi_numeric,M-89,5,3,medial,L032,5,L740,9,L002,5,L240
raw_lipi_numeric,M-89,5,4,terminal,L235,12,L740,27,L002,80,L692
raw_lipi_numeric,M-90,6,0,initial,L740,1,L740,1,L740,1,L740
raw_lipi_numeric,M-90,6,1,medial,L840,45,L740,177,L740,42,L760
raw_lipi_numeric,M-90,6,2,medial,L013,87,L740,67,L002,1,L013
raw_lipi_numeric,M-90,6,3,medial,L031,29,L740,18,L002,29,L032
raw_lipi_numeric,M-90,6,4,medial,L002,2,L740,1,L002,1,L002
raw_lipi_numeric,M-90,6,5,terminal,L817,14,L740,8,L002,2,L861
raw_lipi_numeric,M-91,9,0,initial,L740,1,L740,1,L740,1,L740
raw_lipi_numeric,M-91,9,1,medial,L100,67,L740,15,L740,8,L760
raw_lipi_numeric,M-91,9,2,medial,L798,20,L740,168,L002,179,L520
raw_lipi_numeric,M-91,9,3,medial,L220,3,L740,3,L002,1,L220
raw_lipi_numeric,M-91,9,4,medial,L032,5,L740,20,L002,1,L032
raw_lipi_numeric,M-91,9,5,medial,L002,2,L740,1,L002,1,L002
raw_lipi_numeric,M-91,9,6,medial,L861,14,L740,176,L002,1,L861
raw_lipi_numeric,M-91,9,7,medial,L255,30,L740,76,L861,2,L297
raw_lipi_numeric,M-91,9,8,terminal,L416,76,L740,106,L002,12,L817
raw_lipi_numeric,M-92,7,0,initial,L740,1,L740,1,L740,1,L740
raw_lipi_numeric,M-92,7,1,medial,L798,20,L740,12,L740,1,L798
raw_lipi_numeric,M-92,7,2,medial,L460,77,L740,42,L002,1,L460
raw_lipi_numeric,M-92,7,3,medial,L350,72,L740,35,L002,24,L032
raw_lipi_numeric,M-92,7,4,medial,L002,2,L740,1,L002,3,L001
raw_lipi_numeric,M-92,7,5,medial,L814,176,L740,172,L002,20,L817
raw_lipi_numeric,M-92,7,6,terminal,L084,189,L740,189,L002,189,L817
raw_lipi_numeric,M-93,5,0,initial,L156,42,L740,5,L740,3,L390
raw_lipi_numeric,M-93,5,1,medial,L003,18,L740,2,L740,2,L550
raw_lipi_numeric,M-93,5,2,medial,L240,11,L740,3,L002,185,L002
raw_lipi_numeric,M-93,5,3,medial,L741,12,L740,6,L002,178,L235
raw_lipi_numeric,M-93,5,4,terminal,L345,189,L740,189,L002,189,L861
raw_lipi_numeric,M-94,5,0,initial,L740,1,L740,1,L740,1,L740
raw_lipi_numeric,M-94,5,1,medial,L390,4,L740,7,L740,1,L390
raw_lipi_numeric,M-94,5,2,medial,L590,60,L740,12,L002,3,L520
raw_lipi_numeric,M-94,5,3,medial,L220,3,L740,3,L002,187,L390
raw_lipi_numeric,M-94,5,4,terminal,L003,18,L740,50,L002,77,L032
raw_lipi_numeric,M-95,5,0,initial,L390,4,L740,3,L740,1,L390
raw_lipi_numeric,M-95,5,1,medial,L003,18,L740,2,L740,3,L803
raw_lipi_numeric,M-95,5,2,medial,L002,2,L740,1,L002,1,L002
raw_lipi_numeric,M-95,5,3,medial,L111,188,L740,188,L002,188,L817
raw_lipi_numeric,M-95,5,4,terminal,L165,188,L740,188,L002,188,L817
raw_lipi_numeric,M-96,2,0,initial,L156,41,L740,5,L740,6,L740
raw_lipi_numeric,M-96,2,1,terminal,L004,45,L740,28,L740,60,L003
raw_lipi_numeric,M-97,3,0,initial,L156,42,L740,5,L740,5,L740
raw_lipi_numeric,M-97,3,1,medial,L435,143,L740,134,L740,4,L003
raw_lipi_numeric,M-97,3,2,terminal,L255,30,L740,39,L002,71,L817
raw_lipi_numeric,M-99,5,0,initial,L740,1,L740,1,L740,1,L740
raw_lipi_numeric,M-99,5,1,medial,L215,112,L740,100,L740,83,L032
raw_lipi_numeric,M-99,5,2,medial,L002,2,L740,1,L002,3,L001
raw_lipi_numeric,M-99,5,3,medial,L368,19,L740,36,L002,8,L817
raw_lipi_numeric,M-99,5,4,terminal,L119,189,L740,189,L002,189,L817
raw_lipi_numeric,M-100,6,0,initial,L090,25,L740,4,L740,1,L090
raw_lipi_numeric,M-100,6,1,medial,L740,1,L740,2,L003,1,L740
raw_lipi_numeric,M-100,6,2,medial,L255,30,L740,39,L002,44,L033
raw_lipi_numeric,M-100,6,3,medial,L705,23,L740,9,L002,178,L032
raw_lipi_numeric,M-100,6,4,medial,L002,2,L740,1,L002,1,L002
raw_lipi_numeric,M-100,6,5,terminal,L861,14,L740,39,L002,2,L817
raw_lipi_numeric,M-101,6,0,initial,L390,4,L740,3,L740,3,L740
raw_lipi_numeric,M-101,6,1,medial,L503,42,L740,140,L740,155,L090
raw_lipi_numeric,M-101,6,2,medial,L740,1,L740,19,L002,188,L002
raw_lipi_numeric,M-101,6,3,medial,L168,189,L740,189,L002,189,L032
raw_lipi_numeric,M-101,6,4,medial,L002,2,L740,1,L002,1,L002
raw_lipi_numeric,M-101,6,5,terminal,L817,14,L740,8,L002,2,L861
raw_lipi_numeric,M-102,4,0,initial,L154,189,L740,189,L740,189,L390
raw_lipi_numeric,M-102,4,1,medial,L003,18,L740,2,L740,171,L740
raw_lipi_numeric,M-102,4,2,medial,L900,40,L740,64,L002,161,L002
raw_lipi_numeric,M-102,4,3,terminal,L545,60,L740,40,L002,11,L817
raw_lipi_numeric,M-103,4,0,initial,L390,4,L740,3,L740,4,L740
raw_lipi_numeric,M-103,4,1,medial,L004,45,L740,28,L740,30,L003
raw_lipi_numeric,M-103,4,2,medial,L002,2,L740,1,L002,1,L002
raw_lipi_numeric,M-103,4,3,terminal,L820,12,L740,172,L002,3,L817
raw_lipi_numeric,M-104,5,0,initial,L090,25,L740,4,L740,1,L090
raw_lipi_numeric,M-104,5,1,medial,L740,1,L740,2,L003,1,L740
raw_lipi_numeric,M-104,5,2,medial,L220,3,L740,3,L002,9,L240
raw_lipi_numeric,M-104,5,3,medial,L235,12,L740,4,L002,178,L032
raw_lipi_numeric,M-104,5,4,terminal,L853,178,L740,175,L002,56,L817
raw_lipi_numeric,M-107,6,0,initial,L740,1,L740,1,L740,1,L740
raw_lipi_numeric,M-107,6,1,medial,L565,156,L740,151,L740,110,L923
raw_lipi_numeric,M-107,6,2,medial,L233,12,L740,37,L002,14,L032
raw_lipi_numeric,M-107,6,3,medial,L002,2,L740,1,L002,3,L798
raw_lipi_numeric,M-107,6,4,medial,L940,188,L740,188,L002,188,L817
raw_lipi_numeric,M-107,6,5,terminal,L260,188,L740,188,L002,188,L817
raw_lipi_numeric,M-108,7,0,initial,L413,189,L740,189,L740,189,L740
raw_lipi_numeric,M-108,7,1,medial,L820,13,L740,65,L740,182,L520
raw_lipi_numeric,M-108,7,2,medial,L220,3,L740,3,L002,2,L880
raw_lipi_numeric,M-108,7,3,medial,L065,42,L740,60,L002,3,L032
raw_lipi_numeric,M-108,7,4,medial,L798,20,L740,7,L002,172,L060
raw_lipi_numeric,M-108,7,5,medial,L550,26,L740,28,L002,169,L002
raw_lipi_numeric,M-108,7,6,terminal,L820,13,L740,3,L002,4,L817
raw_lipi_numeric,M-109,7,0,initial,L740,1,L740,1,L740,1,L740
raw_lipi_numeric,M-109,7,1,medial,L879,188,L740,188,L740,188,L923
raw_lipi_numeric,M-109,7,2,medial,L220,3,L740,3,L002,1,L220
raw_lipi_numeric,M-109,7,3,medial,L415,36,L740,38,L002,6,L032
raw_lipi_numeric,M-109,7,4,medial,L002,2,L740,1,L002,4,L235
raw_lipi_numeric,M-109,7,5,medial,L287,188,L740,188,L002,188,L817
raw_lipi_numeric,M-109,7,6,terminal,L140,25,L740,8,L002,6,L817
raw_lipi_numeric,M-112,8,0,initial,L740,1,L740,1,L740,1,L740
raw_lipi_numeric,M-112,8,1,medial,L760,45,L740,7,L740,6,L923
raw_lipi_numeric,M-112,8,2,medial,L220,3,L740,3,L002,3,L390
raw_lipi_numeric,M-112,8,3,medial,L016,33,L740,10,L002,6,L032
raw_lipi_numeric,M-112,8,4,medial,L382,139,L740,115,L002,66,L235
raw_lipi_numeric,M-112,8,5,medial,L741,12,L740,8,L002,175,L233
raw_lipi_numeric,M-112,8,6,medial,L572,188,L740,188,L002,188,L390
raw_lipi_numeric,M-112,8,7,terminal,L684,188,L740,188,L861,188,L817
raw_lipi_numeric,M-113,6,0,initial,L740,1,L740,1,L740,1,L740
raw_lipi_numeric,M-113,6,1,medial,L032,5,L740,3,L740,47,L760
raw_lipi_numeric,M-113,6,2,medial,L840,45,L740,174,L002,163,L235
raw_lipi_numeric,M-113,6,3,medial,L741,12,L740,6,L002,178,L013
raw_lipi_numeric,M-113,6,4,medial,L060,6,L740,5,L002,14,L368
raw_lipi_numeric,M-113,6,5,terminal,L920,32,L740,9,L002,6,L692
raw_lipi_numeric,M-114,6,0,initial,L740,1,L740,1,L740,1,L740
raw_lipi_numeric,M-114,6,1,medial,L760,45,L740,7,L740,1,L760
raw_lipi_numeric,M-114,6,2,medial,L440,77,L740,42,L002,24,L235
raw_lipi_numeric,M-114,6,3,medial,L002,2,L740,1,L002,3,L060
raw_lipi_numeric,M-114,6,4,medial,L297,70,L740,100,L002,21,L817
raw_lipi_numeric,M-114,6,5,terminal,L416,75,L740,124,L002,12,L817
raw_lipi_numeric,M-115,8,0,initial,L390,4,L740,3,L740,2,L740
raw_lipi_numeric,M-115,8,1,medial,L844,176,L740,66,L740,9,L590
raw_lipi_numeric,M-115,8,2,medial,L140,25,L740,85,L002,166,L740
raw_lipi_numeric,M-115,8,3,medial,L176,35,L740,82,L002,159,L002
raw_lipi_numeric,M-115,8,4,medial,L803,20,L740,14,L002,3,L032
raw_lipi_numeric,M-115,8,5,medial,L002,2,L740,1,L002,1,L002
raw_lipi_numeric,M-115,8,6,medial,L301,189,L740,189,L002,189,L817
raw_lipi_numeric,M-115,8,7,terminal,L190,69,L740,62,L861,54,L817
raw_lipi_numeric,M-116,7,0,initial,L740,1,L740,1,L740,1,L740
raw_lipi_numeric,M-116,7,1,medial,L100,67,L740,15,L740,8,L336
raw_lipi_numeric,M-116,7,2,medial,L176,35,L740,14,L002,157,L252
raw_lipi_numeric,M-116,7,3,medial,L840,45,L740,173,L002,2,L002
raw_lipi_numeric,M-116,7,4,medial,L013,87,L740,51,L002,16,L032
raw_lipi_numeric,M-116,7,5,medial,L002,2,L740,1,L002,1,L002
raw_lipi_numeric,M-116,7,6,terminal,L817,14,L740,171,L002,2,L861
raw_lipi_numeric,M-117,8,0,initial,L520,8,L740,3,L740,1,L520
raw_lipi_numeric,M-117,8,1,medial,L033,19,L740,7,L740,1,L033
raw_lipi_numeric,M-117,8,2,medial,L705,24,L740,12,L002,1,L705
raw_lipi_numeric,M-117,8,3,medial,L220,3,L740,3,L002,189,L233
raw_lipi_numeric,M-117,8,4,medial,L803,18,L740,14,L002,178,L032
raw_lipi_numeric,M-117,8,5,medial,L055,45,L740,51,L002,148,L231
raw_lipi_numeric,M-117,8,6,medial,L002,2,L740,2,L820,1,L002
raw_lipi_numeric,M-117,8,7,terminal,L820,12,L740,172,L861,3,L817
raw_lipi_numeric,M-118,8,0,initial,L740,1,L740,1,L740,1,L740
raw_lipi_numeric,M-118,8,1,medial,L772,172,L740,62,L740,28,L760
raw_lipi_numeric,M-118,8,2,medial,L033,19,L740,13,L002,1,L033
raw_lipi_numeric,M-118,8,3,medial,L705,24,L740,9,L002,1,L705
raw_lipi_numeric,M-118,8,4,medial,L233,12,L740,11,L002,182,L220
raw_lipi_numeric,M-118,8,5,medial,L803,18,L740,173,L002,5,L798
raw_lipi_numeric,M-118,8,6,medial,L002,2,L740,2,L820,1,L002
raw_lipi_numeric,M-118,8,7,terminal,L861,14,L740,1,L861,2,L817
raw_lipi_numeric,M-119,10,0,initial,L151,68,L740,8,L740,8,L740
raw_lipi_numeric,M-119,10,1,medial,L337,187,L740,187,L740,187,L243
raw_lipi_numeric,M-119,10,2,medial,L484,187,L740,187,L002,187,L032
raw_lipi_numeric,M-119,10,3,medial,L002,2,L740,1,L002,2,L740
raw_lipi_numeric,M-119,10,4,medial,L390,4,L740,13,L002,3,L817
raw_lipi_numeric,M-119,10,5,medial,L125,66,L740,68,L002,3,L590
raw_lipi_numeric,M-119,10,6,medial,L632,80,L740,143,L002,2,L220
raw_lipi_numeric,M-119,10,7,medial,L032,5,L740,27,L861,4,L740
raw_lipi_numeric,M-119,10,8,medial,L900,40,L740,179,L002,161,L002
raw_lipi_numeric,M-119,10,9,terminal,L563,187,L740,187,L390,187,L817
raw_lipi_numeric,M-121,5,0,initial,L740,1,L740,1,L740,1,L740
raw_lipi_numeric,M-121,5,1,medial,L900,40,L740,26,L740,3,L390
raw_lipi_numeric,M-121,5,2,medial,L790,82,L740,59,L002,1,L790
raw_lipi_numeric,M-121,5,3,medial,L233,12,L740,7,L002,1,L233
raw_lipi_numeric,M-121,5,4,terminal,L798,20,L740,7,L002,78,L817
raw_lipi_numeric,M-122,3,0,initial,L520,8,L740,3,L740,1,L520
raw_lipi_numeric,M-122,3,1,medial,L033,19,L740,7,L740,1,L033
raw_lipi_numeric,M-122,3,2,terminal,L705,24,L740,12,L002,1,L705
raw_lipi_numeric,M-123,4,0,initial,L400,75,L740,21,L740,22,L740
raw_lipi_numeric,M-123,4,1,medial,L093,188,L740,188,L740,188,L002
raw_lipi_numeric,M-123,4,2,medial,L368,19,L740,123,L002,169,L017
raw_lipi_numeric,M-123,4,3,terminal,L072,188,L740,188,L002,188,L817
raw_lipi_numeric,M-124,4,0,initial,L740,1,L740,1,L740,1,L740
raw_lipi_numeric,M-124,4,1,medial,L923,40,L740,13,L740,2,L760
raw_lipi_numeric,M-124,4,2,medial,L220,3,L740,3,L002,1,L220
raw_lipi_numeric,M-124,4,3,terminal,L032,5,L740,9,L002,2,L817
raw_lipi_numeric,M-127,5,0,initial,L565,157,L740,135,L740,98,L090
raw_lipi_numeric,M-127,5,1,medial,L740,1,L740,2,L003,4,L520
raw_lipi_numeric,M-127,5,2,medial,L220,3,L740,3,L002,12,L760
raw_lipi_numeric,M-127,5,3,medial,L741,12,L740,6,L002,179,L032
raw_lipi_numeric,M-127,5,4,terminal,L176,35,L740,83,L002,177,L861
raw_lipi_numeric,M-128,6,0,initial,L740,1,L740,1,L740,1,L740
raw_lipi_numeric,M-128,6,1,medial,L923,40,L740,13,L740,5,L390
raw_lipi_numeric,M-128,6,2,medial,L803,19,L740,61,L002,177,L220
raw_lipi_numeric,M-128,6,3,medial,L741,12,L740,6,L002,176,L002
raw_lipi_numeric,M-128,6,4,medial,L500,189,L740,189,L002,189,L033
raw_lipi_numeric,M-128,6,5,terminal,L705,24,L740,156,L002,72,L817
raw_lipi_numeric,M-129,6,0,initial,L520,7,L740,3,L740,2,L740
raw_lipi_numeric,M-129,6,1,medial,L233,10,L740,17,L740,4,L033
raw_lipi_numeric,M-129,6,2,medial,L240,9,L740,3,L002,1,L240
raw_lipi_numeric,M-129,6,3,medial,L235,11,L740,4,L002,1,L235
raw_lipi_numeric,M-129,6,4,medial,L741,12,L740,157,L002,6,L002
raw_lipi_numeric,M-129,6,5,terminal,L360,189,L740,189,L002,189,L861
raw_lipi_numeric,M-130,6,0,initial,L740,1,L740,1,L740,1,L740
raw_lipi_numeric,M-130,6,1,medial,L094,188,L740,188,L740,188,L923
raw_lipi_numeric,M-130,6,2,medial,L220,3,L740,3,L002,1,L220
raw_lipi_numeric,M-130,6,3,medial,L032,5,L740,9,L002,1,L032
raw_lipi_numeric,M-130,6,4,medial,L002,2,L740,1,L002,1,L002
raw_lipi_numeric,M-130,6,5,terminal,L144,188,L740,188,L002,188,L817
raw_lipi_numeric,M-131,6,0,initial,L740,1,L740,1,L740,1,L740
raw_lipi_numeric,M-131,6,1,medial,L390,4,L740,7,L740,1,L390
raw_lipi_numeric,M-131,6,2,medial,L590,60,L740,12,L002,2,L003
raw_lipi_numeric,M-131,6,3,medial,L741,12,L740,6,L002,6,L002
raw_lipi_numeric,M-131,6,4,medial,L390,4,L740,13,L002,12,L900
raw_lipi_numeric,M-131,6,5,terminal,L790,82,L740,170,L002,160,L820
raw_lipi_numeric,M-132,3,0,initial,L156,42,L740,5,L740,3,L390
raw_lipi_numeric,M-132,3,1,medial,L003,18,L740,2,L740,1,L003
raw_lipi_numeric,M-132,3,2,terminal,L545,60,L740,145,L002,8,L817
raw_lipi_numeric,M-133,8,0,initial,L527,59,L740,10,L740,5,L740
raw_lipi_numeric,M-133,8,1,medial,L550,25,L740,55,L740,1,L550
raw_lipi_numeric,M-133,8,2,medial,L240,11,L740,3,L002,16,L520
raw_lipi_numeric,M-133,8,3,medial,L220,3,L740,3,L002,188,L235
raw_lipi_numeric,M-133,8,4,medial,L255,30,L740,94,L002,166,L032
raw_lipi_numeric,M-133,8,5,medial,L812,189,L740,189,L002,189,L371
raw_lipi_numeric,M-133,8,6,medial,L906,87,L740,184,L002,127,L527
raw_lipi_numeric,M-133,8,7,terminal,L388,74,L740,103,L861,153,L140
raw_lipi_numeric,M-134,3,0,initial,L872,189,L740,189,L740,189,L740
raw_lipi_numeric,M-134,3,1,medial,L032,5,L740,3,L740,185,L060
raw_lipi_numeric,M-134,3,2,terminal,L692,26,L740,157,L002,5,L817
raw_lipi_numeric,M-135,4,0,initial,L520,8,L740,3,L740,1,L520
raw_lipi_numeric,M-135,4,1,medial,L033,19,L740,7,L740,1,L033
raw_lipi_numeric,M-135,4,2,medial,L705,24,L740,12,L002,1,L705
raw_lipi_numeric,M-135,4,3,terminal,L031,29,L740,18,L002,73,L817
raw_lipi_numeric,M-136,7,0,initial,L090,24,L740,4,L740,1,L090
raw_lipi_numeric,M-136,7,1,medial,L740,1,L740,2,L003,1,L740
raw_lipi_numeric,M-136,7,2,medial,L220,3,L740,3,L002,2,L390
raw_lipi_numeric,M-136,7,3,medial,L016,33,L740,10,L002,6,L032
raw_lipi_numeric,M-136,7,4,medial,L031,28,L740,54,L002,160,L002
raw_lipi_numeric,M-136,7,5,medial,L908,189,L740,189,L002,189,L002
raw_lipi_numeric,M-136,7,6,terminal,L545,60,L740,134,L002,8,L817
raw_lipi_numeric,M-138,3,0,initial,L740,1,L740,1,L740,1,L740
raw_lipi_numeric,M-138,3,1,medial,L900,40,L740,26,L740,11,L760
raw_lipi_numeric,M-138,3,2,terminal,L005,87,L740,67,L002,22,L817
raw_lipi_numeric,M-139,5,0,initial,L033,20,L740,41,L740,172,L740
raw_lipi_numeric,M-139,5,1,medial,L832,83,L740,65,L740,123,L705
raw_lipi_numeric,M-139,5,2,medial,L236,114,L740,99,L002,39,L235
raw_lipi_numeric,M-139,5,3,medial,L741,12,L740,6,L002,176,L240
raw_lipi_numeric,M-139,5,4,terminal,L361,189,L740,189,L002,189,L861
raw_lipi_numeric,M-140,7,0,initial,L740,1,L740,1,L740,1,L740
raw_lipi_numeric,M-140,7,1,medial,L336,130,L740,47,L740,35,L032
raw_lipi_numeric,M-140,7,2,medial,L002,2,L740,1,L002,3,L520
raw_lipi_numeric,M-140,7,3,medial,L220,3,L740,3,L002,1,L220
raw_lipi_numeric,M-140,7,4,medial,L065,42,L740,58,L002,3,L032
raw_lipi_numeric,M-140,7,5,medial,L440,75,L740,125,L002,117,L220
raw_lipi_numeric,M-140,7,6,terminal,L455,76,L740,120,L002,159,L817
raw_lipi_numeric,M-142,4,0,initial,L136,189,L740,189,L740,189,L740
raw_lipi_numeric,M-142,4,1,medial,L140,25,L740,34,L740,171,L032
raw_lipi_numeric,M-142,4,2,medial,L002,2,L740,1,L002,1,L002
raw_lipi_numeric,M-142,4,3,terminal,L861,14,L740,48,L002,2,L817
raw_lipi_numeric,M-143,6,0,initial,L740,1,L740,1,L740,1,L740
raw_lipi_numeric,M-143,6,1,medial,L205,188,L740,188,L740,188,L220
raw_lipi_numeric,M-143,6,2,medial,L032,5,L740,8,L002,2,L803
raw_lipi_numeric,M-143,6,3,medial,L002,2,L740,1,L002,1,L002
raw_lipi_numeric,M-143,6,4,medial,L252,188,L740,188,L002,188,L817
raw_lipi_numeric,M-143,6,5,terminal,L840,45,L740,172,L002,67,L817
raw_lipi_numeric,M-144,6,0,initial,L740,1,L740,1,L740,1,L740
raw_lipi_numeric,M-144,6,1,medial,L100,68,L740,15,L740,8,L220
raw_lipi_numeric,M-144,6,2,medial,L415,36,L740,16,L002,161,L798
raw_lipi_numeric,M-144,6,3,medial,L240,11,L740,89,L002,32,L235
raw_lipi_numeric,M-144,6,4,medial,L002,2,L740,1,L002,1,L002
raw_lipi_numeric,M-144,6,5,terminal,L817,14,L740,8,L002,2,L861
raw_lipi_numeric,M-145,4,0,initial,L740,1,L740,1,L740,1,L740
raw_lipi_numeric,M-145,4,1,medial,L400,75,L740,129,L740,139,L760
raw_lipi_numeric,M-145,4,2,medial,L142,68,L740,36,L002,109,L093
raw_lipi_numeric,M-145,4,3,terminal,L880,182,L740,179,L002,143,L817
raw_lipi_numeric,M-146,5,0,initial,L740,1,L740,1,L740,1,L740
raw_lipi_numeric,M-146,5,1,medial,L255,29,L740,108,L740,45,L760
raw_lipi_numeric,M-146,5,2,medial,L920,32,L740,187,L002,169,L233
raw_lipi_numeric,M-146,5,3,medial,L060,6,L740,3,L002,1,L060
raw_lipi_numeric,M-146,5,4,terminal,L692,25,L740,4,L002,1,L692
raw_lipi_numeric,M-147,6,0,initial,L226,69,L740,8,L740,9,L740
raw_lipi_numeric,M-147,6,1,medial,L803,20,L740,64,L740,2,L032
raw_lipi_numeric,M-147,6,2,medial,L002,2,L740,1,L002,1,L002
raw_lipi_numeric,M-147,6,3,medial,L220,3,L740,3,L002,3,L817
raw_lipi_numeric,M-147,6,4,medial,L455,77,L740,124,L002,7,L032
raw_lipi_numeric,M-147,6,5,terminal,L520,8,L740,135,L002,185,L817
raw_lipi_numeric,M-148,3,0,initial,L740,1,L740,1,L740,1,L740
raw_lipi_numeric,M-148,3,1,medial,L817,14,L740,176,L740,179,L760
raw_lipi_numeric,M-148,3,2,terminal,L556,189,L740,189,L002,189,L817
raw_lipi_numeric,M-149,5,0,initial,L740,1,L740,1,L740,1,L740
raw_lipi_numeric,M-149,5,1,medial,L760,45,L740,7,L740,1,L760
raw_lipi_numeric,M-149,5,2,medial,L440,77,L740,42,L002,7,L235
raw_lipi_numeric,M-149,5,3,medial,L060,6,L740,3,L002,1,L060
raw_lipi_numeric,M-149,5,4,terminal,L550,26,L740,41,L002,4,L692
raw_lipi_numeric,M-150,2,0,initial,L740,1,L740,1,L740,1,L740
raw_lipi_numeric,M-150,2,1,terminal,L832,84,L740,65,L740,169,L817
raw_lipi_numeric,M-151,3,0,initial,L220,3,L740,76,L740,9,L740
raw_lipi_numeric,M-151,3,1,medial,L065,42,L740,77,L740,3,L032
raw_lipi_numeric,M-151,3,2,terminal,L864,189,L740,189,L002,189,L817
raw_lipi_numeric,M-152,4,0,initial,L740,1,L740,1,L740,1,L740
raw_lipi_numeric,M-152,4,1,medial,L772,172,L740,62,L740,43,L032
raw_lipi_numeric,M-152,4,2,medial,L002,2,L740,1,L002,1,L002
raw_lipi_numeric,M-152,4,3,terminal,L861,14,L740,48,L002,2,L817
raw_lipi_numeric,M-153,3,0,initial,L269,120,L740,88,L740,64,L740
raw_lipi_numeric,M-153,3,1,medial,L130,102,L740,34,L740,20,L301
raw_lipi_numeric,M-153,3,2,terminal,L190,68,L740,93,L002,55,L817
raw_lipi_numeric,M-154,7,0,initial,L520,8,L740,3,L740,2,L740
raw_lipi_numeric,M-154,7,1,medial,L220,3,L740,7,L740,2,L033
raw_lipi_numeric,M-154,7,2,medial,L621,160,L740,154,L002,89,L032
raw_lipi_numeric,M-154,7,3,medial,L415,36,L740,38,L002,29,L032
raw_lipi_numeric,M-154,7,4,medial,L002,2,L740,1,L002,4,L235
raw_lipi_numeric,M-154,7,5,medial,L257,188,L740,188,L002,188,L817
raw_lipi_numeric,M-154,7,6,terminal,L898,188,L740,188,L002,188,L817
raw_lipi_numeric,M-155,3,0,initial,L740,1,L740,1,L740,1,L740
raw_lipi_numeric,M-155,3,1,medial,L176,35,L740,98,L740,43,L220
raw_lipi_numeric,M-155,3,2,terminal,L031,29,L740,13,L002,72,L817
raw_lipi_numeric,M-157,7,0,initial,L740,1,L740,1,L740,1,L740
raw_lipi_numeric,M-157,7,1,medial,L900,40,L740,26,L740,3,L390
raw_lipi_numeric,M-157,7,2,medial,L790,82,L740,59,L002,1,L790
raw_lipi_numeric,M-157,7,3,medial,L233,12,L740,7,L002,1,L233
raw_lipi_numeric,M-157,7,4,medial,L798,20,L740,7,L002,9,L240
raw_lipi_numeric,M-157,7,5,medial,L001,32,L740,41,L002,157,L002
raw_lipi_numeric,M-157,7,6,terminal,L820,11,L740,3,L002,4,L817
raw_lipi_numeric,M-158,4,0,initial,L390,4,L740,3,L740,2,L740
raw_lipi_numeric,M-158,4,1,medial,L016,33,L740,14,L740,5,L003
raw_lipi_numeric,M-158,4,2,medial,L060,6,L740,9,L002,1,L060
raw_lipi_numeric,M-158,4,3,terminal,L550,26,L740,40,L002,4,L692
raw_lipi_numeric,M-159,5,0,initial,L740,1,L740,1,L740,1,L740
raw_lipi_numeric,M-159,5,1,medial,L048,187,L740,187,L740,187,L220
raw_lipi_numeric,M-159,5,2,medial,L741,12,L740,57,L002,173,L017
raw_lipi_numeric,M-159,5,3,medial,L250,187,L740,187,L002,187,L390
raw_lipi_numeric,M-159,5,4,terminal,L579,187,L740,187,L002,187,L817
raw_lipi_numeric,M-160,6,0,initial,L151,69,L740,8,L740,8,L740
raw_lipi_numeric,M-160,6,1,medial,L243,189,L740,189,L740,189,L279
raw_lipi_numeric,M-160,6,2,medial,L031,29,L740,13,L002,29,L032
raw_lipi_numeric,M-160,6,3,medial,L002,2,L740,1,L002,1,L002
raw_lipi_numeric,M-160,6,4,medial,L820,11,L740,46,L002,4,L817
raw_lipi_numeric,M-160,6,5,terminal,L741,12,L740,8,L002,184,L817
raw_lipi_numeric,M-163,5,0,initial,L520,8,L740,3,L740,2,L740
raw_lipi_numeric,M-163,5,1,medial,L220,3,L740,7,L740,1,L220
raw_lipi_numeric,M-163,5,2,medial,L415,36,L740,16,L002,5,L016
raw_lipi_numeric,M-163,5,3,medial,L060,6,L740,3,L002,7,L002
raw_lipi_numeric,M-163,5,4,terminal,L820,12,L740,46,L002,3,L692
raw_lipi_numeric,M-164,5,0,initial,L740,1,L740,1,L740,1,L740
raw_lipi_numeric,M-164,5,1,medial,L142,69,L740,91,L740,135,L760
raw_lipi_numeric,M-164,5,2,medial,L061,67,L740,70,L002,132,L032
raw_lipi_numeric,M-164,5,3,medial,L002,2,L740,1,L002,1,L002
raw_lipi_numeric,M-164,5,4,terminal,L817,14,L740,3,L002,2,L861
raw_lipi_numeric,M-166,6,0,initial,L390,4,L740,3,L740,2,L740
raw_lipi_numeric,M-166,6,1,medial,L844,177,L740,66,L740,10,L003
raw_lipi_numeric,M-166,6,2,medial,L240,11,L740,3,L002,180,L235
raw_lipi_numeric,M-166,6,3,medial,L806,45,L740,171,L002,30,L235
raw_lipi_numeric,M-166,6,4,medial,L002,2,L740,1,L002,1,L002
raw_lipi_numeric,M-166,6,5,terminal,L861,14,L740,39,L002,2,L817
raw_lipi_numeric,M-170,8,0,initial,L740,1,L740,1,L740,1,L740
raw_lipi_numeric,M-170,8,1,medial,L923,40,L740,13,L740,2,L760
raw_lipi_numeric,M-170,8,2,medial,L406,188,L740,188,L002,188,L220
raw_lipi_numeric,M-170,8,3,medial,L061,68,L740,60,L002,104,L017
raw_lipi_numeric,M-170,8,4,medial,L070,188,L740,188,L002,188,L220
raw_lipi_numeric,M-170,8,5,medial,L032,5,L740,6,L002,184,L235
raw_lipi_numeric,M-170,8,6,medial,L741,12,L740,154,L002,179,L002
raw_lipi_numeric,M-170,8,7,terminal,L861,14,L740,1,L861,2,L817
raw_lipi_numeric,M-171,8,0,initial,L407,189,L740,189,L740,189,L740
raw_lipi_numeric,M-171,8,1,medial,L061,68,L740,77,L740,109,L090
raw_lipi_numeric,M-171,8,2,medial,L740,1,L740,19,L002,1,L740
raw_lipi_numeric,M-171,8,3,medial,L923,39,L740,186,L002,2,L760
raw_lipi_numeric,M-171,8,4,medial,L233,12,L740,11,L002,178,L235
raw_lipi_numeric,M-171,8,5,medial,L806,45,L740,172,L002,162,L231
raw_lipi_numeric,M-171,8,6,medial,L060,6,L740,44,L002,1,L060
raw_lipi_numeric,M-171,8,7,terminal,L692,26,L740,144,L861,1,L692
raw_lipi_numeric,M-172,6,0,initial,L405,140,L740,112,L740,83,L740
raw_lipi_numeric,M-172,6,1,medial,L018,87,L740,28,L740,7,L372
raw_lipi_numeric,M-172,6,2,medial,L001,33,L740,66,L002,160,L520
raw_lipi_numeric,M-172,6,3,medial,L220,3,L740,3,L002,186,L368
raw_lipi_numeric,M-172,6,4,medial,L786,188,L740,188,L002,188,L032
raw_lipi_numeric,M-172,6,5,terminal,L850,188,L740,188,L002,188,L817
raw_lipi_numeric,M-173,5,0,initial,L740,1,L740,1,L740,1,L740
raw_lipi_numeric,M-173,5,1,medial,L388,75,L740,50,L740,138,L760
raw_lipi_numeric,M-173,5,2,medial,L900,39,L740,64,L002,157,L233
raw_lipi_numeric,M-173,5,3,medial,L320,189,L740,189,L002,189,L790
raw_lipi_numeric,M-173,5,4,terminal,L806,45,L740,46,L002,67,L817
raw_lipi_numeric,M-174,6,0,initial,L740,1,L740,1,L740,1,L740
raw_lipi_numeric,M-174,6,1,medial,L923,40,L740,13,L740,2,L760
raw_lipi_numeric,M-174,6,2,medial,L220,3,L740,3,L002,1,L220
raw_lipi_numeric,M-174,6,3,medial,L032,5,L740,9,L002,1,L032
raw_lipi_numeric,M-174,6,4,medial,L002,2,L740,1,L002,1,L002
raw_lipi_numeric,M-174,6,5,terminal,L820,12,L740,8,L002,3,L817
raw_lipi_numeric,M-177,4,0,initial,L390,4,L740,3,L740,1,L390
raw_lipi_numeric,M-177,4,1,medial,L003,17,L740,2,L740,3,L803
raw_lipi_numeric,M-177,4,2,medial,L002,2,L740,1,L002,1,L002
raw_lipi_numeric,M-177,4,3,terminal,L803,20,L740,171,L002,185,L817
raw_lipi_numeric,M-178,2,0,initial,L390,4,L740,3,L740,2,L740
raw_lipi_numeric,M-178,2,1,terminal,L016,33,L740,14,L740,25,L820
raw_lipi_numeric,M-179,2,0,initial,L390,4,L740,3,L740,1,L390
raw_lipi_numeric,M-179,2,1,terminal,L003,18,L740,2,L740,7,L820
raw_lipi_numeric,M-180,2,0,initial,L740,1,L740,1,L740,1,L740
raw_lipi_numeric,M-180,2,1,terminal,L621,161,L740,157,L740,149,L817
raw_lipi_numeric,M-181,5,0,initial,L520,8,L740,3,L740,2,L740
raw_lipi_numeric,M-181,5,1,medial,L175,187,L740,187,L740,187,L233
raw_lipi_numeric,M-181,5,2,medial,L002,2,L740,1,L002,185,L017
raw_lipi_numeric,M-181,5,3,medial,L295,187,L740,187,L002,187,L817
raw_lipi_numeric,M-181,5,4,terminal,L502,187,L740,187,L002,187,L817
raw_lipi_numeric,M-183,4,0,initial,L520,8,L740,3,L740,2,L740
raw_lipi_numeric,M-183,4,1,medial,L233,12,L740,17,L740,2,L033
raw_lipi_numeric,M-183,4,2,medial,L060,6,L740,9,L002,8,L002
raw_lipi_numeric,M-183,4,3,terminal,L297,72,L740,97,L002,154,L692
raw_lipi_numeric,M-184,4,0,initial,L090,25,L740,4,L740,1,L090
raw_lipi_numeric,M-184,4,1,medial,L740,1,L740,2,L003,1,L740
raw_lipi_numeric,M-184,4,2,medial,L101,189,L740,189,L002,189,L760
raw_lipi_numeric,M-184,4,3,terminal,L853,177,L740,174,L002,52,L817
raw_lipi_numeric,M-182,2,0,initial,L740,1,L740,1,L740,1,L740
raw_lipi_numeric,M-182,2,1,terminal,L416,76,L740,134,L740,29,L817
p385_merge_only,M-1,5,0,initial,L001,32,L740,32,L740,32,L740
p385_merge_only,M-1,5,1,medial,L368,18,L740,123,L740,2,L002
p385_merge_only,M-1,5,2,medial,P385,5,L740,188,L002,1,P385
p385_merge_only,M-1,5,3,medial,L255,28,L740,32,L002,3,L556
p385_merge_only,M-1,5,4,terminal,L371,135,L740,111,L002,37,P385
p385_merge_only,M-3,3,0,initial,L717,165,L740,149,L740,109,L740
p385_merge_only,M-3,3,1,medial,L032,6,L740,3,L740,182,L017
p385_merge_only,M-3,3,2,terminal,L521,188,L740,188,L002,188,P385
p385_merge_only,M-5,6,0,initial,L740,1,L740,1,L740,1,L740
p385_merge_only,M-5,6,1,medial,L773,188,L740,188,L740,188,L798
p385_merge_only,M-5,6,2,medial,L240,11,L740,3,L002,1,L240
p385_merge_only,M-5,6,3,medial,L235,13,L740,4,L002,1,L235
p385_merge_only,M-5,6,4,medial,L060,7,L740,5,L002,1,L060
p385_merge_only,M-5,6,5,terminal,L692,25,L740,154,L002,1,L692
p385_merge_only,M-6,4,0,initial,L820,13,L740,29,L740,32,L740
p385_merge_only,M-6,4,1,medial,L880,180,L740,180,L740,98,L220
p385_merge_only,M-6,4,2,medial,L065,41,L740,70,L002,146,L017
p385_merge_only,M-6,4,3,terminal,L244,188,L740,188,L002,188,P385
p385_merge_only,M-8,3,0,initial,L706,79,L740,150,L740,140,L740
p385_merge_only,M-8,3,1,medial,L140,24,L740,34,L740,165,L125
p385_merge_only,M-8,3,2,terminal,L632,78,L740,155,L002,157,P385
p385_merge_only,M-9,3,0,initial,L031,28,L740,40,L740,165,L740
p385_merge_only,M-9,3,1,medial,L311,187,L740,187,L740,187,L002
p385_merge_only,M-9,3,2,terminal,L745,187,L740,187,L002,187,P385
p385_merge_only,M-12,9,0,initial,L740,1,L740,1,L740,1,L740
p385_merge_only,M-12,9,1,medial,L390,4,L740,7,L740,1,L390
p385_merge_only,M-12,9,2,medial,L590,59,L740,12,L002,1,L590
p385_merge_only,M-12,9,3,medial,L233,13,L740,7,L002,3,L032
p385_merge_only,M-12,9,4,medial,L002,2,L740,1,L002,2,L060
p385_merge_only,M-12,9,5,medial,L368,18,L740,111,L002,7,P385
p385_merge_only,M-12,9,6,medial,L202,187,L740,187,L002,187,L920
p385_merge_only,M-12,9,7,medial,L892,187,L740,187,P385,187,L255
p385_merge_only,M-12,9,8,terminal,L371,134,L740,92,L002,37,P385
p385_merge_only,M-13,3,0,initial,L368,18,L740,20,L740,31,L740
p385_merge_only,M-13,3,1,medial,L304,188,L740,188,L740,188,L920
p385_merge_only,M-13,3,2,terminal,L125,67,L740,83,L002,147,P385
p385_merge_only,M-14,5,0,initial,L740,1,L740,1,L740,1,L740
p385_merge_only,M-14,5,1,medial,L776,188,L740,188,L740,188,L390
p385_merge_only,M-14,5,2,medial,L503,41,L740,44,L002,29,L032
p385_merge_only,M-14,5,3,medial,L002,2,L740,1,L002,1,L002
p385_merge_only,M-14,5,4,terminal,P385,5,L740,2,L002,1,P385
p385_merge_only,M-15,5,0,initial,L090,24,L740,4,L740,1,L090
p385_merge_only,M-15,5,1,medial,L740,1,L740,2,L003,1,L740
p385_merge_only,M-15,5,2,medial,L176,34,L740,14,L002,18,L032
p385_merge_only,M-15,5,3,medial,L002,2,L740,1,L002,1,L002
p385_merge_only,M-15,5,4,terminal,P385,5,L740,2,L002,1,P385
p385_merge_only,M-16,4,0,initial,L820,13,L740,29,L740,31,L740
p385_merge_only,M-16,4,1,medial,L130,101,L740,34,L740,21,L463
p385_merge_only,M-16,4,2,medial,L035,187,L740,187,L002,187,L190
p385_merge_only,M-16,4,3,terminal,L171,187,L740,187,L002,187,P385
p385_merge_only,M-17,5,0,initial,L390,4,L740,3,L740,2,L740
p385_merge_only,M-17,5,1,medial,L016,32,L740,14,L740,5,L003
p385_merge_only,M-17,5,2,medial,L002,2,L740,1,L002,1,L002
p385_merge_only,M-17,5,3,medial,L814,175,L740,170,L002,19,P385
p385_merge_only,M-17,5,4,terminal,L560,188,L740,188,L002,188,P385
p385_merge_only,M-18,3,0,initial,L932,188,L740,188,L740,188,L090
p385_merge_only,M-18,3,1,medial,L740,1,L740,2,L003,3,L803
p385_merge_only,M-18,3,2,terminal,L055,44,L740,70,L002,93,P385
p385_merge_only,M-21,8,0,initial,L350,72,L740,103,L740,132,L740
p385_merge_only,M-21,8,1,medial,L001,32,L740,71,L740,153,L090
p385_merge_only,M-21,8,2,medial,L740,1,L740,19,L002,187,L368
p385_merge_only,M-21,8,3,medial,L362,188,L740,188,L002,188,L390
p385_merge_only,M-21,8,4,medial,L692,25,L740,4,L002,166,L220
p385_merge_only,M-21,8,5,medial,L032,6,L740,6,L002,2,L803
p385_merge_only,M-21,8,6,medial,L002,2,L740,2,L820,1,L002
p385_merge_only,M-21,8,7,terminal,P385,5,L740,1,P385,1,P385
p385_merge_only,M-24,7,0,initial,L090,23,L740,4,L740,1,L090
p385_merge_only,M-24,7,1,medial,L740,1,L740,2,L003,1,L740
p385_merge_only,M-24,7,2,medial,L240,11,L740,3,L002,4,L760
p385_merge_only,M-24,7,3,medial,L235,13,L740,4,L002,1,L235
p385_merge_only,M-24,7,4,medial,L002,2,L740,1,L002,1,L002
p385_merge_only,M-24,7,5,medial,L906,86,L740,185,L002,136,P385
p385_merge_only,M-24,7,6,terminal,L140,24,L740,9,L002,5,P385
p385_merge_only,M-26,5,0,initial,L090,23,L740,4,L740,1,L090
p385_merge_only,M-26,5,1,medial,L740,1,L740,2,L003,1,L740
p385_merge_only,M-26,5,2,medial,L531,188,L740,188,L002,188,L760
p385_merge_only,M-26,5,3,medial,L060,7,L740,3,L002,1,L060
p385_merge_only,M-26,5,4,terminal,L692,25,L740,4,L002,1,L692
p385_merge_only,M-29,9,0,initial,L740,1,L740,1,L740,1,L740
p385_merge_only,M-29,9,1,medial,L055,44,L740,76,L740,38,L798
p385_merge_only,M-29,9,2,medial,L240,11,L740,3,L002,1,L240
p385_merge_only,M-29,9,3,medial,L235,13,L740,4,L002,1,L235
p385_merge_only,M-29,9,4,medial,L806,43,L740,45,L002,4,L803
p385_merge_only,M-29,9,5,medial,L002,2,L740,1,L002,1,L002
p385_merge_only,M-29,9,6,medial,L220,3,L740,72,L002,2,P385
p385_merge_only,M-29,9,7,medial,L455,76,L740,114,P385,9,L032
p385_merge_only,M-29,9,8,terminal,L503,39,L740,115,L002,171,P385
p385_merge_only,M-30,7,0,initial,L740,1,L740,1,L740,1,L740
p385_merge_only,M-30,7,1,medial,L752,187,L740,187,L740,187,L760
p385_merge_only,M-30,7,2,medial,L017,187,L740,187,L002,187,L776
p385_merge_only,M-30,7,3,medial,L503,40,L740,126,L002,152,L550
p385_merge_only,M-30,7,4,medial,L240,11,L740,89,L002,1,L240
p385_merge_only,M-30,7,5,medial,L235,13,L740,15,L002,1,L235
p385_merge_only,M-30,7,6,terminal,L806,44,L740,166,L002,10,P385
p385_merge_only,M-31,6,0,initial,L740,1,L740,1,L740,1,L740
p385_merge_only,M-31,6,1,medial,L269,119,L740,110,L740,72,L760
p385_merge_only,M-31,6,2,medial,L511,188,L740,188,L002,188,L520
p385_merge_only,M-31,6,3,medial,L233,13,L740,7,L002,14,L235
p385_merge_only,M-31,6,4,medial,L060,7,L740,5,L002,2,L002
p385_merge_only,M-31,6,5,terminal,L820,12,L740,8,L002,4,L692
p385_merge_only,M-32,4,0,initial,L390,4,L740,3,L740,1,L390
p385_merge_only,M-32,4,1,medial,L003,17,L740,2,L740,3,L803
p385_merge_only,M-32,4,2,medial,L002,2,L740,1,L002,1,L002
p385_merge_only,M-32,4,3,terminal,P385,5,L740,18,L002,1,P385
p385_merge_only,M-33,7,0,initial,L740,1,L740,1,L740,1,L740
p385_merge_only,M-33,7,1,medial,L032,6,L740,3,L740,45,L760
p385_merge_only,M-33,7,2,medial,L923,39,L740,185,L002,164,L002
p385_merge_only,M-33,7,3,medial,L382,137,L740,110,L002,64,L520
p385_merge_only,M-33,7,4,medial,L233,13,L740,10,L002,14,L032
p385_merge_only,M-33,7,5,medial,L002,2,L740,1,L002,3,L798
p385_merge_only,M-33,7,6,terminal,L112,188,L740,188,L002,188,P385
p385_merge_only,M-34,7,0,initial,L740,1,L740,1,L740,1,L740
p385_merge_only,M-34,7,1,medial,L336,128,L740,47,L740,21,L100
p385_merge_only,M-34,7,2,medial,L176,34,L740,14,L002,29,L032
p385_merge_only,M-34,7,3,medial,L002,2,L740,1,L002,4,L840
p385_merge_only,M-34,7,4,medial,L405,137,L740,115,L002,68,P385
p385_merge_only,M-34,7,5,medial,L372,187,L740,187,L002,187,L018
p385_merge_only,M-34,7,6,terminal,L374,187,L740,187,L002,187,P385
p385_merge_only,M-35,7,0,initial,L740,1,L740,1,L740,1,L740
p385_merge_only,M-35,7,1,medial,L390,4,L740,7,L740,1,L390
p385_merge_only,M-35,7,2,medial,L590,59,L740,12,L002,1,L590
p385_merge_only,M-35,7,3,medial,L233,13,L740,7,L002,4,L705
p385_merge_only,M-35,7,4,medial,L231,41,L740,88,L002,11,L803
p385_merge_only,M-35,7,5,medial,L002,2,L740,1,L002,1,L002
p385_merge_only,M-35,7,6,terminal,L107,188,L740,188,L002,188,P385
p385_merge_only,M-36,9,0,initial,L740,1,L740,1,L740,1,L740
p385_merge_only,M-36,9,1,medial,L794,172,L740,64,L740,28,L760
p385_merge_only,M-36,9,2,medial,L630,187,L740,187,L002,187,L520
p385_merge_only,M-36,9,3,medial,L220,3,L740,3,L002,1,L220
p385_merge_only,M-36,9,4,medial,L032,6,L740,19,L002,1,L032
p385_merge_only,M-36,9,5,medial,L002,2,L740,1,L002,1,L002
p385_merge_only,M-36,9,6,medial,L368,18,L740,103,L002,7,P385
p385_merge_only,M-36,9,7,medial,L906,85,L740,182,P385,126,L920
p385_merge_only,M-36,9,8,terminal,L329,187,L740,187,L002,187,P385
p385_merge_only,M-37,3,0,initial,L520,9,L740,3,L740,2,L740
p385_merge_only,M-37,3,1,medial,L220,3,L740,7,L740,1,L220
p385_merge_only,M-37,3,2,terminal,L415,35,L740,16,L002,16,P385
p385_merge_only,M-38,13,0,initial,L740,1,L740,1,L740,1,L740
p385_merge_only,M-38,13,1,medial,L690,188,L740,188,L740,188,L760
p385_merge_only,M-38,13,2,medial,L435,142,L740,138,L002,3,P385
p385_merge_only,M-38,13,3,medial,L255,29,L740,32,L002,11,L520
p385_merge_only,M-38,13,4,medial,L220,3,L740,25,L002,1,L220
p385_merge_only,M-38,13,5,medial,L032,6,L740,6,L002,2,L415
p385_merge_only,M-38,13,6,medial,L240,11,L740,78,L002,1,L240
p385_merge_only,M-38,13,7,medial,L235,13,L740,70,P385,1,L235
p385_merge_only,M-38,13,8,medial,L002,2,L740,9,L140,1,L002
p385_merge_only,M-38,13,9,medial,L390,4,L740,97,L563,2,P385
p385_merge_only,M-38,13,10,medial,L125,66,L740,66,L740,3,L590
p385_merge_only,M-38,13,11,medial,L632,78,L740,78,L740,2,L220
p385_merge_only,M-38,13,12,terminal,L032,6,L740,6,L740,9,P385
p385_merge_only,M-40,5,0,initial,L391,187,L740,187,L740,187,L740
p385_merge_only,M-40,5,1,medial,L002,2,L740,71,L740,185,L005
p385_merge_only,M-40,5,2,medial,L527,59,L740,143,L002,147,P385
p385_merge_only,M-40,5,3,medial,L475,187,L740,187,L002,187,L550
p385_merge_only,M-40,5,4,terminal,L005,86,L740,50,L002,19,P385
p385_merge_only,M-42,5,0,initial,L527,59,L740,10,L740,5,L740
p385_merge_only,M-42,5,1,medial,L550,25,L740,55,L740,1,L550
p385_merge_only,M-42,5,2,medial,L240,12,L740,3,L002,7,L032
p385_merge_only,M-42,5,3,medial,L002,2,L740,1,L002,1,L002
p385_merge_only,M-42,5,4,terminal,P385,5,L740,2,L002,1,P385
p385_merge_only,M-43,6,0,initial,L740,1,L740,1,L740,1,L740
p385_merge_only,M-43,6,1,medial,L798,19,L740,12,L740,8,L760
p385_merge_only,M-43,6,2,medial,L231,40,L740,14,L002,9,L032
p385_merge_only,M-43,6,3,medial,L002,2,L740,1,L002,1,L002
p385_merge_only,M-43,6,4,medial,L055,44,L740,56,L002,134,P385
p385_merge_only,M-43,6,5,terminal,L373,188,L740,188,L002,188,P385
p385_merge_only,M-44,8,0,initial,L740,1,L740,1,L740,1,L740
p385_merge_only,M-44,8,1,medial,L760,44,L740,7,L740,4,L772
p385_merge_only,M-44,8,2,medial,L033,18,L740,13,L002,1,L033
p385_merge_only,M-44,8,3,medial,L705,23,L740,9,L002,1,L705
p385_merge_only,M-44,8,4,medial,L803,17,L740,13,L002,5,L231
p385_merge_only,M-44,8,5,medial,L002,2,L740,1,L002,1,L002
p385_merge_only,M-44,8,6,medial,L920,31,L740,184,L002,167,P385
p385_merge_only,M-44,8,7,terminal,L317,188,L740,188,P385,188,P385
p385_merge_only,M-46,8,0,initial,L740,1,L740,1,L740,1,L740
p385_merge_only,M-46,8,1,medial,L798,19,L740,12,L740,11,L055
p385_merge_only,M-46,8,2,medial,L240,11,L740,3,L002,1,L240
p385_merge_only,M-46,8,3,medial,L235,13,L740,4,L002,1,L235
p385_merge_only,M-46,8,4,medial,L002,2,L740,1,L002,1,L002
p385_merge_only,M-46,8,5,medial,L220,3,L740,84,L002,2,P385
p385_merge_only,M-46,8,6,medial,L065,41,L740,44,L002,3,L032
p385_merge_only,M-46,8,7,terminal,L215,112,L740,65,P385,95,P385
p385_merge_only,M-47,5,0,initial,L740,1,L740,1,L740,1,L740
p385_merge_only,M-47,5,1,medial,L760,44,L740,7,L740,5,L240
p385_merge_only,M-47,5,2,medial,L235,13,L740,99,L002,6,L032
p385_merge_only,M-47,5,3,medial,L002,2,L740,1,L002,1,L002
p385_merge_only,M-47,5,4,terminal,P385,5,L740,2,L002,1,P385
p385_merge_only,M-48,6,0,initial,L390,4,L740,3,L740,3,L740
p385_merge_only,M-48,6,1,medial,L820,13,L740,64,L740,178,L590
p385_merge_only,M-48,6,2,medial,L463,188,L740,188,L002,188,L741
p385_merge_only,M-48,6,3,medial,L060,7,L740,3,L002,4,L002
p385_merge_only,M-48,6,4,medial,L368,18,L740,33,L002,3,L692
p385_merge_only,M-48,6,5,terminal,L920,31,L740,8,L002,3,P385
p385_merge_only,M-51,8,0,initial,L740,1,L740,1,L740,1,L740
p385_merge_only,M-51,8,1,medial,L798,19,L740,12,L740,1,L798
p385_merge_only,M-51,8,2,medial,L460,76,L740,42,L002,1,L460
p385_merge_only,M-51,8,3,medial,L350,71,L740,35,L002,3,L240
p385_merge_only,M-51,8,4,medial,L235,12,L740,26,L002,8,L048
p385_merge_only,M-51,8,5,medial,L741,13,L740,8,L002,2,L002
p385_merge_only,M-51,8,6,medial,L390,4,L740,109,L002,17,L081
p385_merge_only,M-51,8,7,terminal,L140,24,L740,52,P385,10,P385
p385_merge_only,M-52,10,0,initial,L740,1,L740,1,L740,1,L740
p385_merge_only,M-52,10,1,medial,L904,187,L740,187,L740,187,L220
p385_merge_only,M-52,10,2,medial,L032,6,L740,8,L002,183,L520
p385_merge_only,M-52,10,3,medial,L220,3,L740,3,L002,2,L002
p385_merge_only,M-52,10,4,medial,L415,35,L740,120,L002,4,L032
p385_merge_only,M-52,10,5,medial,L235,13,L740,15,L002,181,L002
p385_merge_only,M-52,10,6,medial,L803,19,L740,167,L002,3,L806
p385_merge_only,M-52,10,7,medial,L002,2,L740,19,P385,1,L002
p385_merge_only,M-52,10,8,medial,L504,187,L740,187,L002,187,P385
p385_merge_only,M-52,10,9,terminal,L717,165,L740,144,L390,128,P385
p385_merge_only,M-53,9,0,initial,L090,23,L740,4,L740,1,L090
p385_merge_only,M-53,9,1,medial,L740,1,L740,2,L003,1,L740
p385_merge_only,M-53,9,2,medial,L220,3,L740,3,L002,2,L390
p385_merge_only,M-53,9,3,medial,L016,32,L740,11,L002,7,L032
p385_merge_only,M-53,9,4,medial,L002,2,L740,1,L002,2,L060
p385_merge_only,M-53,9,5,medial,L297,71,L740,99,L002,21,P385
p385_merge_only,M-53,9,6,medial,L190,67,L740,69,L002,112,L368
p385_merge_only,M-53,9,7,medial,L920,30,L740,185,P385,163,L136
p385_merge_only,M-53,9,8,terminal,L140,24,L740,43,L002,6,P385
p385_merge_only,M-54,7,0,initial,L236,113,L740,80,L740,68,L740
p385_merge_only,M-54,7,1,medial,L240,11,L740,105,L740,180,L520
p385_merge_only,M-54,7,2,medial,L033,18,L740,13,L002,2,L235
p385_merge_only,M-54,7,3,medial,L705,23,L740,9,L002,1,L705
p385_merge_only,M-54,7,4,medial,L798,17,L740,7,L002,31,L803
p385_merge_only,M-54,7,5,medial,L002,2,L740,1,L002,1,L002
p385_merge_only,M-54,7,6,terminal,L820,13,L740,3,L002,2,P385
p385_merge_only,M-56,8,0,initial,L740,1,L740,1,L740,1,L740
p385_merge_only,M-56,8,1,medial,L877,187,L740,187,L740,187,L220
p385_merge_only,M-56,8,2,medial,L032,6,L740,8,L002,5,L240
p385_merge_only,M-56,8,3,medial,L235,13,L740,4,L002,3,L002
p385_merge_only,M-56,8,4,medial,L060,7,L740,5,L002,1,L060
p385_merge_only,M-56,8,5,medial,L550,25,L740,27,L002,2,L692
p385_merge_only,M-56,8,6,medial,L611,187,L740,187,L002,187,L240
p385_merge_only,M-56,8,7,terminal,L840,44,L740,171,P385,66,P385
p385_merge_only,M-57,6,0,initial,L226,69,L740,8,L740,6,L740
p385_merge_only,M-57,6,1,medial,L032,6,L740,3,L740,5,L803
p385_merge_only,M-57,6,2,medial,L231,41,L740,14,L002,160,L002
p385_merge_only,M-57,6,3,medial,L798,19,L740,169,L002,32,L032
p385_merge_only,M-57,6,4,medial,L002,2,L740,1,L002,7,L460
p385_merge_only,M-57,6,5,terminal,L693,188,L740,188,L002,188,P385
p385_merge_only,M-58,5,0,initial,L740,1,L740,1,L740,1,L740
p385_merge_only,M-58,5,1,medial,L460,76,L740,136,L740,140,L390
p385_merge_only,M-58,5,2,medial,L503,41,L740,44,L002,29,L032
p385_merge_only,M-58,5,3,medial,L002,2,L740,1,L002,1,L002
p385_merge_only,M-58,5,4,terminal,P385,5,L740,2,L002,1,P385
p385_merge_only,M-59,5,0,initial,L368,18,L740,20,L740,32,L390
p385_merge_only,M-59,5,1,medial,L003,16,L740,2,L740,170,L920
p385_merge_only,M-59,5,2,medial,L742,188,L740,188,L002,188,L002
p385_merge_only,M-59,5,3,medial,L060,7,L740,3,L002,4,L368
p385_merge_only,M-59,5,4,terminal,L920,31,L740,185,L002,5,L692
p385_merge_only,M-63,4,0,initial,L526,187,L740,187,L740,187,L740
p385_merge_only,M-63,4,1,medial,L555,187,L740,187,L740,187,L233
p385_merge_only,M-63,4,2,medial,L060,7,L740,9,L002,1,L060
p385_merge_only,M-63,4,3,terminal,L550,25,L740,40,L002,5,L692
p385_merge_only,M-64,6,0,initial,L520,9,L740,3,L740,1,L520
p385_merge_only,M-64,6,1,medial,L033,19,L740,7,L740,2,L220
p385_merge_only,M-64,6,2,medial,L706,79,L740,159,L002,130,L705
p385_merge_only,M-64,6,3,medial,L060,7,L740,3,L002,185,L520
p385_merge_only,M-64,6,4,medial,L220,3,L740,25,L002,9,L692
p385_merge_only,M-64,6,5,terminal,L004,44,L740,41,L002,15,P385
p385_merge_only,M-65,6,0,initial,L520,9,L740,3,L740,2,L740
p385_merge_only,M-65,6,1,medial,L220,3,L740,7,L740,2,L033
p385_merge_only,M-65,6,2,medial,L031,27,L740,13,L002,168,L032
p385_merge_only,M-65,6,3,medial,L001,32,L740,18,L002,152,L002
p385_merge_only,M-65,6,4,medial,L706,78,L740,154,L002,122,L368
p385_merge_only,M-65,6,5,terminal,L575,157,L740,145,L002,125,P385
p385_merge_only,M-69,5,0,initial,L740,1,L740,1,L740,1,L740
p385_merge_only,M-69,5,1,medial,L803,19,L740,64,L740,179,L798
p385_merge_only,M-69,5,2,medial,L231,41,L740,14,L002,156,L002
p385_merge_only,M-69,5,3,medial,L060,7,L740,3,L002,1,L060
p385_merge_only,M-69,5,4,terminal,L692,25,L740,4,L002,1,L692
p385_merge_only,M-70,5,0,initial,L226,69,L740,8,L740,6,L740
p385_merge_only,M-70,5,1,medial,L032,6,L740,3,L740,2,L803
p385_merge_only,M-70,5,2,medial,L002,2,L740,1,L002,1,L002
p385_merge_only,M-70,5,3,medial,L390,4,L740,112,L002,6,P385
p385_merge_only,M-70,5,4,terminal,L692,25,L740,4,L002,6,P385
p385_merge_only,M-71,6,0,initial,L151,68,L740,8,L740,8,L740
p385_merge_only,M-71,6,1,medial,L279,187,L740,187,L740,187,L243
p385_merge_only,M-71,6,2,medial,L142,67,L740,36,L002,129,L032
p385_merge_only,M-71,6,3,medial,L002,2,L740,1,L002,2,L740
p385_merge_only,M-71,6,4,medial,L390,4,L740,12,L002,5,P385
p385_merge_only,M-71,6,5,terminal,L095,187,L740,187,L002,187,P385
p385_merge_only,M-74,4,0,initial,L595,187,L740,187,L740,187,L740
p385_merge_only,M-74,4,1,medial,L575,157,L740,153,L740,72,L017
p385_merge_only,M-74,4,2,medial,L704,187,L740,187,L002,187,L136
p385_merge_only,M-74,4,3,terminal,L140,24,L740,74,L002,5,P385
p385_merge_only,M-75,5,0,initial,L520,9,L740,3,L740,2,L740
p385_merge_only,M-75,5,1,medial,L220,3,L740,7,L740,1,L220
p385_merge_only,M-75,5,2,medial,L004,44,L740,67,L002,9,L032
p385_merge_only,M-75,5,3,medial,L002,2,L740,1,L002,1,L002
p385_merge_only,M-75,5,4,terminal,P385,5,L740,2,L002,1,P385
p385_merge_only,M-77,5,0,initial,L832,83,L740,169,L740,142,L740
p385_merge_only,M-77,5,1,medial,L390,4,L740,7,L740,188,L236
p385_merge_only,M-77,5,2,medial,L803,19,L740,61,L002,6,L003
p385_merge_only,M-77,5,3,medial,L002,2,L740,1,L002,1,L002
p385_merge_only,M-77,5,4,terminal,P385,5,L740,2,L002,1,P385
p385_merge_only,M-78,4,0,initial,L740,1,L740,1,L740,1,L740
p385_merge_only,M-78,4,1,medial,L344,188,L740,188,L740,188,L220
p385_merge_only,M-78,4,2,medial,L032,6,L740,8,L002,182,L908
p385_merge_only,M-78,4,3,terminal,L545,59,L740,40,L002,11,P385
p385_merge_only,M-80,5,0,initial,L156,41,L740,5,L740,3,L390
p385_merge_only,M-80,5,1,medial,L003,16,L740,2,L740,1,L003
p385_merge_only,M-80,5,2,medial,L060,7,L740,9,L002,8,L002
p385_merge_only,M-80,5,3,medial,L368,18,L740,36,L002,4,L002
p385_merge_only,M-80,5,4,terminal,P385,5,L740,2,L002,1,P385
p385_merge_only,M-82,6,0,initial,L740,1,L740,1,L740,1,L740
p385_merge_only,M-82,6,1,medial,L222,187,L740,187,L740,187,L032
p385_merge_only,M-82,6,2,medial,L002,2,L740,1,L002,185,L017
p385_merge_only,M-82,6,3,medial,L207,187,L740,187,L002,187,P385
p385_merge_only,M-82,6,4,medial,L550,25,L740,40,L002,166,L002
p385_merge_only,M-82,6,5,terminal,L390,4,L740,114,L002,183,P385
p385_merge_only,M-83,3,0,initial,L390,4,L740,3,L740,3,L740
p385_merge_only,M-83,3,1,medial,L018,87,L740,28,L740,15,L590
p385_merge_only,M-83,3,2,terminal,L796,188,L740,188,L002,188,P385
p385_merge_only,M-84,6,0,initial,L740,1,L740,1,L740,1,L740
p385_merge_only,M-84,6,1,medial,L765,188,L740,188,L740,188,L798
p385_merge_only,M-84,6,2,medial,L240,12,L740,3,L002,177,L018
p385_merge_only,M-84,6,3,medial,L001,32,L740,18,L002,5,L002
p385_merge_only,M-84,6,4,medial,L368,18,L740,33,L002,1,L368
p385_merge_only,M-84,6,5,terminal,L920,30,L740,8,L002,3,P385
p385_merge_only,M-85,5,0,initial,L520,9,L740,3,L740,2,L740
p385_merge_only,M-85,5,1,medial,L233,12,L740,17,L740,3,L220
p385_merge_only,M-85,5,2,medial,L741,13,L740,57,L002,178,L002
p385_merge_only,M-85,5,3,medial,L081,187,L740,187,L002,187,L390
p385_merge_only,M-85,5,4,terminal,L272,187,L740,187,L002,187,P385
p385_merge_only,M-86,7,0,initial,L520,9,L740,3,L740,1,L520
p385_merge_only,M-86,7,1,medial,L033,18,L740,7,L740,1,L033
p385_merge_only,M-86,7,2,medial,L705,23,L740,12,L002,1,L705
p385_merge_only,M-86,7,3,medial,L231,41,L740,87,L002,9,L803
p385_merge_only,M-86,7,4,medial,L002,2,L740,1,L002,1,L002
p385_merge_only,M-86,7,5,medial,L820,13,L740,8,L002,2,P385
p385_merge_only,M-86,7,6,terminal,L700,188,L740,188,L002,188,P385
p385_merge_only,M-87,3,0,initial,L400,74,L740,21,L740,22,L740
p385_merge_only,M-87,3,1,medial,L890,187,L740,187,L740,187,L093
p385_merge_only,M-87,3,2,terminal,L104,187,L740,187,L002,187,P385
p385_merge_only,M-88,3,0,initial,L527,58,L740,10,L740,9,L740
p385_merge_only,M-88,3,1,medial,L388,74,L740,50,L740,120,L520
p385_merge_only,M-88,3,2,terminal,L233,13,L740,37,L002,183,P385
p385_merge_only,M-89,5,0,initial,L740,1,L740,1,L740,1,L740
p385_merge_only,M-89,5,1,medial,L794,173,L740,64,L740,28,L760
p385_merge_only,M-89,5,2,medial,L734,188,L740,188,L002,188,L220
p385_merge_only,M-89,5,3,medial,L032,6,L740,9,L002,5,L240
p385_merge_only,M-89,5,4,terminal,L235,13,L740,26,L002,79,P385
p385_merge_only,M-90,6,0,initial,L740,1,L740,1,L740,1,L740
p385_merge_only,M-90,6,1,medial,L840,44,L740,177,L740,42,L760
p385_merge_only,M-90,6,2,medial,L013,86,L740,67,L002,1,L013
p385_merge_only,M-90,6,3,medial,L031,28,L740,18,L002,29,L032
p385_merge_only,M-90,6,4,medial,L002,2,L740,1,L002,1,L002
p385_merge_only,M-90,6,5,terminal,P385,5,L740,2,L002,1,P385
p385_merge_only,M-91,9,0,initial,L740,1,L740,1,L740,1,L740
p385_merge_only,M-91,9,1,medial,L100,66,L740,15,L740,8,L760
p385_merge_only,M-91,9,2,medial,L798,19,L740,168,L002,179,L520
p385_merge_only,M-91,9,3,medial,L220,3,L740,3,L002,1,L220
p385_merge_only,M-91,9,4,medial,L032,6,L740,19,L002,1,L032
p385_merge_only,M-91,9,5,medial,L002,2,L740,1,L002,1,L002
p385_merge_only,M-91,9,6,medial,P385,5,L740,29,L002,1,P385
p385_merge_only,M-91,9,7,medial,L255,29,L740,76,P385,3,L556
p385_merge_only,M-91,9,8,terminal,L416,75,L740,106,L002,11,P385
p385_merge_only,M-92,7,0,initial,L740,1,L740,1,L740,1,L740
p385_merge_only,M-92,7,1,medial,L798,19,L740,12,L740,1,L798
p385_merge_only,M-92,7,2,medial,L460,76,L740,42,L002,1,L460
p385_merge_only,M-92,7,3,medial,L350,71,L740,35,L002,24,L032
p385_merge_only,M-92,7,4,medial,L002,2,L740,1,L002,3,L001
p385_merge_only,M-92,7,5,medial,L814,175,L740,171,L002,19,P385
p385_merge_only,M-92,7,6,terminal,L084,188,L740,188,L002,188,P385
p385_merge_only,M-93,5,0,initial,L156,41,L740,5,L740,3,L390
p385_merge_only,M-93,5,1,medial,L003,17,L740,2,L740,2,L550
p385_merge_only,M-93,5,2,medial,L240,12,L740,3,L002,183,L002
p385_merge_only,M-93,5,3,medial,L741,13,L740,6,L002,178,L235
p385_merge_only,M-93,5,4,terminal,L345,188,L740,188,L002,188,P385
p385_merge_only,M-94,5,0,initial,L740,1,L740,1,L740,1,L740
p385_merge_only,M-94,5,1,medial,L390,4,L740,7,L740,1,L390
p385_merge_only,M-94,5,2,medial,L590,59,L740,12,L002,3,L520
p385_merge_only,M-94,5,3,medial,L220,3,L740,3,L002,186,L390
p385_merge_only,M-94,5,4,terminal,L003,17,L740,49,L002,76,P385
p385_merge_only,M-95,5,0,initial,L390,4,L740,3,L740,1,L390
p385_merge_only,M-95,5,1,medial,L003,17,L740,2,L740,3,L803
p385_merge_only,M-95,5,2,medial,L002,2,L740,1,L002,1,L002
p385_merge_only,M-95,5,3,medial,L111,187,L740,187,L002,187,P385
p385_merge_only,M-95,5,4,terminal,L165,187,L740,187,L002,187,P385
p385_merge_only,M-96,2,0,initial,L156,40,L740,5,L740,6,L740
p385_merge_only,M-96,2,1,terminal,L004,44,L740,28,L740,59,P385
p385_merge_only,M-97,3,0,initial,L156,41,L740,5,L740,5,L740
p385_merge_only,M-97,3,1,medial,L435,142,L740,134,L740,4,L003
p385_merge_only,M-97,3,2,terminal,L255,29,L740,39,L002,70,P385
p385_merge_only,M-99,5,0,initial,L740,1,L740,1,L740,1,L740
p385_merge_only,M-99,5,1,medial,L215,111,L740,100,L740,83,L032
p385_merge_only,M-99,5,2,medial,L002,2,L740,1,L002,3,L001
p385_merge_only,M-99,5,3,medial,L368,18,L740,36,L002,7,P385
p385_merge_only,M-99,5,4,terminal,L119,188,L740,188,L002,188,P385
p385_merge_only,M-100,6,0,initial,L090,24,L740,4,L740,1,L090
p385_merge_only,M-100,6,1,medial,L740,1,L740,2,L003,1,L740
p385_merge_only,M-100,6,2,medial,L255,29,L740,39,L002,44,L033
p385_merge_only,M-100,6,3,medial,L705,22,L740,9,L002,178,L032
p385_merge_only,M-100,6,4,medial,L002,2,L740,1,L002,1,L002
p385_merge_only,M-100,6,5,terminal,P385,5,L740,2,L002,1,P385
p385_merge_only,M-101,6,0,initial,L390,4,L740,3,L740,3,L740
p385_merge_only,M-101,6,1,medial,L503,41,L740,140,L740,155,L090
p385_merge_only,M-101,6,2,medial,L740,1,L740,19,L002,187,L002
p385_merge_only,M-101,6,3,medial,L168,188,L740,188,L002,188,L032
p385_merge_only,M-101,6,4,medial,L002,2,L740,1,L002,1,L002
p385_merge_only,M-101,6,5,terminal,P385,5,L740,2,L002,1,P385
p385_merge_only,M-102,4,0,initial,L154,188,L740,188,L740,188,L390
p385_merge_only,M-102,4,1,medial,L003,17,L740,2,L740,171,L740
p385_merge_only,M-102,4,2,medial,L900,39,L740,63,L002,161,L002
p385_merge_only,M-102,4,3,terminal,L545,59,L740,40,L002,10,P385
p385_merge_only,M-103,4,0,initial,L390,4,L740,3,L740,4,L740
p385_merge_only,M-103,4,1,medial,L004,44,L740,28,L740,30,L003
p385_merge_only,M-103,4,2,medial,L002,2,L740,1,L002,1,L002
p385_merge_only,M-103,4,3,terminal,L820,13,L740,171,L002,2,P385
p385_merge_only,M-104,5,0,initial,L090,24,L740,4,L740,1,L090
p385_merge_only,M-104,5,1,medial,L740,1,L740,2,L003,1,L740
p385_merge_only,M-104,5,2,medial,L220,3,L740,3,L002,9,L240
p385_merge_only,M-104,5,3,medial,L235,13,L740,4,L002,178,L032
p385_merge_only,M-104,5,4,terminal,L853,177,L740,174,L002,55,P385
p385_merge_only,M-107,6,0,initial,L740,1,L740,1,L740,1,L740
p385_merge_only,M-107,6,1,medial,L565,155,L740,151,L740,110,L923
p385_merge_only,M-107,6,2,medial,L233,13,L740,37,L002,14,L032
p385_merge_only,M-107,6,3,medial,L002,2,L740,1,L002,3,L798
p385_merge_only,M-107,6,4,medial,L940,187,L740,187,L002,187,P385
p385_merge_only,M-107,6,5,terminal,L260,187,L740,187,L002,187,P385
p385_merge_only,M-108,7,0,initial,L413,188,L740,188,L740,188,L740
p385_merge_only,M-108,7,1,medial,L820,13,L740,64,L740,181,L520
p385_merge_only,M-108,7,2,medial,L220,3,L740,3,L002,2,L880
p385_merge_only,M-108,7,3,medial,L065,41,L740,59,L002,3,L032
p385_merge_only,M-108,7,4,medial,L798,19,L740,7,L002,172,L060
p385_merge_only,M-108,7,5,medial,L550,25,L740,27,L002,169,L002
p385_merge_only,M-108,7,6,terminal,L820,13,L740,3,L002,3,P385
p385_merge_only,M-109,7,0,initial,L740,1,L740,1,L740,1,L740
p385_merge_only,M-109,7,1,medial,L879,187,L740,187,L740,187,L923
p385_merge_only,M-109,7,2,medial,L220,3,L740,3,L002,1,L220
p385_merge_only,M-109,7,3,medial,L415,35,L740,38,L002,6,L032
p385_merge_only,M-109,7,4,medial,L002,2,L740,1,L002,4,L235
p385_merge_only,M-109,7,5,medial,L287,187,L740,187,L002,187,P385
p385_merge_only,M-109,7,6,terminal,L140,24,L740,9,L002,5,P385
p385_merge_only,M-112,8,0,initial,L740,1,L740,1,L740,1,L740
p385_merge_only,M-112,8,1,medial,L760,44,L740,7,L740,6,L923
p385_merge_only,M-112,8,2,medial,L220,3,L740,3,L002,3,L390
p385_merge_only,M-112,8,3,medial,L016,32,L740,11,L002,6,L032
p385_merge_only,M-112,8,4,medial,L382,138,L740,114,L002,66,L235
p385_merge_only,M-112,8,5,medial,L741,13,L740,8,L002,175,L233
p385_merge_only,M-112,8,6,medial,L572,187,L740,187,L002,187,L390
p385_merge_only,M-112,8,7,terminal,L684,187,L740,187,P385,187,P385
p385_merge_only,M-113,6,0,initial,L740,1,L740,1,L740,1,L740
p385_merge_only,M-113,6,1,medial,L032,6,L740,3,L740,46,L760
p385_merge_only,M-113,6,2,medial,L840,44,L740,173,L002,163,L235
p385_merge_only,M-113,6,3,medial,L741,13,L740,6,L002,178,L013
p385_merge_only,M-113,6,4,medial,L060,7,L740,5,L002,13,L368
p385_merge_only,M-113,6,5,terminal,L920,31,L740,8,L002,5,L692
p385_merge_only,M-114,6,0,initial,L740,1,L740,1,L740,1,L740
p385_merge_only,M-114,6,1,medial,L760,44,L740,7,L740,1,L760
p385_merge_only,M-114,6,2,medial,L440,76,L740,42,L002,24,L235
p385_merge_only,M-114,6,3,medial,L002,2,L740,1,L002,3,L060
p385_merge_only,M-114,6,4,medial,L297,69,L740,99,L002,20,P385
p385_merge_only,M-114,6,5,terminal,L416,74,L740,123,L002,11,P385
p385_merge_only,M-115,8,0,initial,L390,4,L740,3,L740,2,L740
p385_merge_only,M-115,8,1,medial,L844,175,L740,65,L740,9,L590
p385_merge_only,M-115,8,2,medial,L140,24,L740,85,L002,166,L740
p385_merge_only,M-115,8,3,medial,L176,34,L740,81,L002,159,L002
p385_merge_only,M-115,8,4,medial,L803,19,L740,13,L002,3,L032
p385_merge_only,M-115,8,5,medial,L002,2,L740,1,L002,1,L002
p385_merge_only,M-115,8,6,medial,L301,188,L740,188,L002,188,P385
p385_merge_only,M-115,8,7,terminal,L190,68,L740,62,P385,53,P385
p385_merge_only,M-116,7,0,initial,L740,1,L740,1,L740,1,L740
p385_merge_only,M-116,7,1,medial,L100,66,L740,15,L740,8,L336
p385_merge_only,M-116,7,2,medial,L176,34,L740,14,L002,157,L252
p385_merge_only,M-116,7,3,medial,L840,44,L740,172,L002,2,L002
p385_merge_only,M-116,7,4,medial,L013,86,L740,50,L002,16,L032
p385_merge_only,M-116,7,5,medial,L002,2,L740,1,L002,1,L002
p385_merge_only,M-116,7,6,terminal,P385,5,L740,29,L002,1,P385
p385_merge_only,M-117,8,0,initial,L520,9,L740,3,L740,1,L520
p385_merge_only,M-117,8,1,medial,L033,18,L740,7,L740,1,L033
p385_merge_only,M-117,8,2,medial,L705,23,L740,12,L002,1,L705
p385_merge_only,M-117,8,3,medial,L220,3,L740,3,L002,188,L233
p385_merge_only,M-117,8,4,medial,L803,17,L740,13,L002,178,L032
p385_merge_only,M-117,8,5,medial,L055,44,L740,50,L002,148,L231
p385_merge_only,M-117,8,6,medial,L002,2,L740,2,L820,1,L002
p385_merge_only,M-117,8,7,terminal,L820,13,L740,171,P385,2,P385
p385_merge_only,M-118,8,0,initial,L740,1,L740,1,L740,1,L740
p385_merge_only,M-118,8,1,medial,L772,171,L740,62,L740,28,L760
p385_merge_only,M-118,8,2,medial,L033,18,L740,13,L002,1,L033
p385_merge_only,M-118,8,3,medial,L705,23,L740,9,L002,1,L705
p385_merge_only,M-118,8,4,medial,L233,13,L740,10,L002,181,L220
p385_merge_only,M-118,8,5,medial,L803,17,L740,172,L002,5,L798
p385_merge_only,M-118,8,6,medial,L002,2,L740,2,L820,1,L002
p385_merge_only,M-118,8,7,terminal,P385,5,L740,1,P385,1,P385
p385_merge_only,M-119,10,0,initial,L151,67,L740,8,L740,8,L740
p385_merge_only,M-119,10,1,medial,L337,186,L740,186,L740,186,L243
p385_merge_only,M-119,10,2,medial,L484,186,L740,186,L002,186,L032
p385_merge_only,M-119,10,3,medial,L002,2,L740,1,L002,2,L740
p385_merge_only,M-119,10,4,medial,L390,4,L740,12,L002,2,P385
p385_merge_only,M-119,10,5,medial,L125,65,L740,67,L002,3,L590
p385_merge_only,M-119,10,6,medial,L632,79,L740,142,L002,2,L220
p385_merge_only,M-119,10,7,medial,L032,6,L740,27,P385,4,L740
p385_merge_only,M-119,10,8,medial,L900,39,L740,177,L002,161,L002
p385_merge_only,M-119,10,9,terminal,L563,186,L740,186,L390,186,P385
p385_merge_only,M-121,5,0,initial,L740,1,L740,1,L740,1,L740
p385_merge_only,M-121,5,1,medial,L900,39,L740,26,L740,3,L390
p385_merge_only,M-121,5,2,medial,L790,81,L740,59,L002,1,L790
p385_merge_only,M-121,5,3,medial,L233,13,L740,7,L002,1,L233
p385_merge_only,M-121,5,4,terminal,L798,19,L740,7,L002,77,P385
p385_merge_only,M-122,3,0,initial,L520,9,L740,3,L740,1,L520
p385_merge_only,M-122,3,1,medial,L033,18,L740,7,L740,1,L033
p385_merge_only,M-122,3,2,terminal,L705,23,L740,12,L002,2,P385
p385_merge_only,M-123,4,0,initial,L400,74,L740,21,L740,22,L740
p385_merge_only,M-123,4,1,medial,L093,187,L740,187,L740,187,L002
p385_merge_only,M-123,4,2,medial,L368,18,L740,123,L002,169,L017
p385_merge_only,M-123,4,3,terminal,L072,187,L740,187,L002,187,P385
p385_merge_only,M-124,4,0,initial,L740,1,L740,1,L740,1,L740
p385_merge_only,M-124,4,1,medial,L923,39,L740,13,L740,2,L760
p385_merge_only,M-124,4,2,medial,L220,3,L740,3,L002,1,L220
p385_merge_only,M-124,4,3,terminal,L032,6,L740,9,L002,2,P385
p385_merge_only,M-127,5,0,initial,L565,156,L740,135,L740,98,L090
p385_merge_only,M-127,5,1,medial,L740,1,L740,2,L003,4,L520
p385_merge_only,M-127,5,2,medial,L220,3,L740,3,L002,12,L760
p385_merge_only,M-127,5,3,medial,L741,13,L740,6,L002,179,L032
p385_merge_only,M-127,5,4,terminal,L176,34,L740,82,L002,176,P385
p385_merge_only,M-128,6,0,initial,L740,1,L740,1,L740,1,L740
p385_merge_only,M-128,6,1,medial,L923,39,L740,13,L740,5,L390
p385_merge_only,M-128,6,2,medial,L803,18,L740,61,L002,177,L220
p385_merge_only,M-128,6,3,medial,L741,13,L740,6,L002,176,L002
p385_merge_only,M-128,6,4,medial,L500,188,L740,188,L002,188,L033
p385_merge_only,M-128,6,5,terminal,L705,23,L740,155,L002,71,P385
p385_merge_only,M-129,6,0,initial,L520,8,L740,3,L740,2,L740
p385_merge_only,M-129,6,1,medial,L233,11,L740,17,L740,4,L033
p385_merge_only,M-129,6,2,medial,L240,10,L740,3,L002,1,L240
p385_merge_only,M-129,6,3,medial,L235,12,L740,4,L002,1,L235
p385_merge_only,M-129,6,4,medial,L741,13,L740,156,L002,6,L002
p385_merge_only,M-129,6,5,terminal,L360,188,L740,188,L002,188,P385
p385_merge_only,M-130,6,0,initial,L740,1,L740,1,L740,1,L740
p385_merge_only,M-130,6,1,medial,L094,187,L740,187,L740,187,L923
p385_merge_only,M-130,6,2,medial,L220,3,L740,3,L002,1,L220
p385_merge_only,M-130,6,3,medial,L032,6,L740,9,L002,1,L032
p385_merge_only,M-130,6,4,medial,L002,2,L740,1,L002,1,L002
p385_merge_only,M-130,6,5,terminal,L144,187,L740,187,L002,187,P385
p385_merge_only,M-131,6,0,initial,L740,1,L740,1,L740,1,L740
p385_merge_only,M-131,6,1,medial,L390,5,L740,7,L740,1,L390
p385_merge_only,M-131,6,2,medial,L590,59,L740,12,L002,2,L003
p385_merge_only,M-131,6,3,medial,L741,13,L740,6,L002,6,L002
p385_merge_only,M-131,6,4,medial,L390,5,L740,12,L002,11,L900
p385_merge_only,M-131,6,5,terminal,L790,81,L740,169,L002,159,P385
p385_merge_only,M-132,3,0,initial,L156,41,L740,5,L740,3,L390
p385_merge_only,M-132,3,1,medial,L003,17,L740,2,L740,1,L003
p385_merge_only,M-132,3,2,terminal,L545,59,L740,145,L002,7,P385
p385_merge_only,M-133,8,0,initial,L527,58,L740,10,L740,5,L740
p385_merge_only,M-133,8,1,medial,L550,24,L740,55,L740,1,L550
p385_merge_only,M-133,8,2,medial,L240,12,L740,3,L002,16,L520
p385_merge_only,M-133,8,3,medial,L220,3,L740,3,L002,187,L235
p385_merge_only,M-133,8,4,medial,L255,29,L740,93,L002,166,L032
p385_merge_only,M-133,8,5,medial,L812,188,L740,188,L002,188,L371
p385_merge_only,M-133,8,6,medial,L906,86,L740,183,L002,127,L527
p385_merge_only,M-133,8,7,terminal,L388,73,L740,103,P385,152,P385
p385_merge_only,M-134,3,0,initial,L872,188,L740,188,L740,188,L740
p385_merge_only,M-134,3,1,medial,L032,6,L740,3,L740,183,L060
p385_merge_only,M-134,3,2,terminal,L692,25,L740,157,L002,4,P385
p385_merge_only,M-135,4,0,initial,L520,9,L740,3,L740,1,L520
p385_merge_only,M-135,4,1,medial,L033,18,L740,7,L740,1,L033
p385_merge_only,M-135,4,2,medial,L705,23,L740,12,L002,1,L705
p385_merge_only,M-135,4,3,terminal,L031,28,L740,18,L002,72,P385
p385_merge_only,M-136,7,0,initial,L090,23,L740,4,L740,1,L090
p385_merge_only,M-136,7,1,medial,L740,1,L740,2,L003,1,L740
p385_merge_only,M-136,7,2,medial,L220,3,L740,3,L002,2,L390
p385_merge_only,M-136,7,3,medial,L016,32,L740,11,L002,6,L032
p385_merge_only,M-136,7,4,medial,L031,27,L740,53,L002,160,L002
p385_merge_only,M-136,7,5,medial,L908,188,L740,188,L002,188,L002
p385_merge_only,M-136,7,6,terminal,L545,59,L740,133,L002,7,P385
p385_merge_only,M-138,3,0,initial,L740,1,L740,1,L740,1,L740
p385_merge_only,M-138,3,1,medial,L900,39,L740,26,L740,11,L760
p385_merge_only,M-138,3,2,terminal,L005,86,L740,67,L002,21,P385
p385_merge_only,M-139,5,0,initial,L033,19,L740,41,L740,172,L740
p385_merge_only,M-139,5,1,medial,L832,82,L740,64,L740,123,L705
p385_merge_only,M-139,5,2,medial,L236,113,L740,99,L002,39,L235
p385_merge_only,M-139,5,3,medial,L741,13,L740,6,L002,176,L240
p385_merge_only,M-139,5,4,terminal,L361,188,L740,188,L002,188,P385
p385_merge_only,M-140,7,0,initial,L740,1,L740,1,L740,1,L740
p385_merge_only,M-140,7,1,medial,L336,129,L740,47,L740,35,L032
p385_merge_only,M-140,7,2,medial,L002,2,L740,1,L002,3,L520
p385_merge_only,M-140,7,3,medial,L220,3,L740,3,L002,2,P385
p385_merge_only,M-140,7,4,medial,L065,41,L740,57,L002,3,L032
p385_merge_only,M-140,7,5,medial,L440,74,L740,124,L002,117,L220
p385_merge_only,M-140,7,6,terminal,L455,75,L740,119,L002,158,P385
p385_merge_only,M-142,4,0,initial,L136,188,L740,188,L740,188,L740
p385_merge_only,M-142,4,1,medial,L140,24,L740,34,L740,171,L032
p385_merge_only,M-142,4,2,medial,L002,2,L740,1,L002,1,L002
p385_merge_only,M-142,4,3,terminal,P385,5,L740,18,L002,1,P385
p385_merge_only,M-143,6,0,initial,L740,1,L740,1,L740,1,L740
p385_merge_only,M-143,6,1,medial,L205,187,L740,187,L740,187,L220
p385_merge_only,M-143,6,2,medial,L032,6,L740,8,L002,2,L803
p385_merge_only,M-143,6,3,medial,L002,2,L740,1,L002,1,L002
p385_merge_only,M-143,6,4,medial,L252,187,L740,187,L002,187,P385
p385_merge_only,M-143,6,5,terminal,L840,44,L740,171,L002,66,P385
p385_merge_only,M-144,6,0,initial,L740,1,L740,1,L740,1,L740
p385_merge_only,M-144,6,1,medial,L100,67,L740,15,L740,8,L220
p385_merge_only,M-144,6,2,medial,L415,35,L740,16,L002,161,L798
p385_merge_only,M-144,6,3,medial,L240,12,L740,88,L002,32,L235
p385_merge_only,M-144,6,4,medial,L002,2,L740,1,L002,1,L002
p385_merge_only,M-144,6,5,terminal,P385,5,L740,2,L002,1,P385
p385_merge_only,M-145,4,0,initial,L740,1,L740,1,L740,1,L740
p385_merge_only,M-145,4,1,medial,L400,74,L740,129,L740,139,L760
p385_merge_only,M-145,4,2,medial,L142,67,L740,36,L002,109,L093
p385_merge_only,M-145,4,3,terminal,L880,181,L740,178,L002,142,P385
p385_merge_only,M-146,5,0,initial,L740,1,L740,1,L740,1,L740
p385_merge_only,M-146,5,1,medial,L255,28,L740,108,L740,45,L760
p385_merge_only,M-146,5,2,medial,L920,31,L740,186,L002,169,L233
p385_merge_only,M-146,5,3,medial,L060,7,L740,3,L002,1,L060
p385_merge_only,M-146,5,4,terminal,L692,24,L740,4,L002,1,L692
p385_merge_only,M-147,6,0,initial,L226,68,L740,8,L740,9,L740
p385_merge_only,M-147,6,1,medial,L803,19,L740,64,L740,2,L032
p385_merge_only,M-147,6,2,medial,L002,2,L740,1,L002,1,L002
p385_merge_only,M-147,6,3,medial,L220,3,L740,3,L002,2,P385
p385_merge_only,M-147,6,4,medial,L455,76,L740,123,L002,7,L032
p385_merge_only,M-147,6,5,terminal,L520,9,L740,134,L002,184,P385
p385_merge_only,M-148,3,0,initial,L740,1,L740,1,L740,1,L740
p385_merge_only,M-148,3,1,medial,P385,5,L740,187,L740,185,L760
p385_merge_only,M-148,3,2,terminal,L556,188,L740,188,L002,188,P385
p385_merge_only,M-149,5,0,initial,L740,1,L740,1,L740,1,L740
p385_merge_only,M-149,5,1,medial,L760,44,L740,7,L740,1,L760
p385_merge_only,M-149,5,2,medial,L440,76,L740,42,L002,7,L235
p385_merge_only,M-149,5,3,medial,L060,7,L740,3,L002,1,L060
p385_merge_only,M-149,5,4,terminal,L550,25,L740,40,L002,5,L692
p385_merge_only,M-150,2,0,initial,L740,1,L740,1,L740,1,L740
p385_merge_only,M-150,2,1,terminal,L832,83,L740,64,L740,168,P385
p385_merge_only,M-151,3,0,initial,L220,3,L740,76,L740,9,L740
p385_merge_only,M-151,3,1,medial,L065,41,L740,77,L740,3,L032
p385_merge_only,M-151,3,2,terminal,L864,188,L740,188,L002,188,P385
p385_merge_only,M-152,4,0,initial,L740,1,L740,1,L740,1,L740
p385_merge_only,M-152,4,1,medial,L772,171,L740,62,L740,43,L032
p385_merge_only,M-152,4,2,medial,L002,2,L740,1,L002,1,L002
p385_merge_only,M-152,4,3,terminal,P385,5,L740,18,L002,1,P385
p385_merge_only,M-153,3,0,initial,L269,119,L740,88,L740,64,L740
p385_merge_only,M-153,3,1,medial,L130,101,L740,34,L740,20,L301
p385_merge_only,M-153,3,2,terminal,L190,67,L740,93,L002,54,P385
p385_merge_only,M-154,7,0,initial,L520,9,L740,3,L740,2,L740
p385_merge_only,M-154,7,1,medial,L220,3,L740,7,L740,2,L033
p385_merge_only,M-154,7,2,medial,L621,159,L740,154,L002,89,L032
p385_merge_only,M-154,7,3,medial,L415,35,L740,38,L002,29,L032
p385_merge_only,M-154,7,4,medial,L002,2,L740,1,L002,4,L235
p385_merge_only,M-154,7,5,medial,L257,187,L740,187,L002,187,P385
p385_merge_only,M-154,7,6,terminal,L898,187,L740,187,L002,187,P385
p385_merge_only,M-155,3,0,initial,L740,1,L740,1,L740,1,L740
p385_merge_only,M-155,3,1,medial,L176,34,L740,98,L740,43,L220
p385_merge_only,M-155,3,2,terminal,L031,28,L740,13,L002,71,P385
p385_merge_only,M-157,7,0,initial,L740,1,L740,1,L740,1,L740
p385_merge_only,M-157,7,1,medial,L900,39,L740,26,L740,3,L390
p385_merge_only,M-157,7,2,medial,L790,81,L740,59,L002,1,L790
p385_merge_only,M-157,7,3,medial,L233,13,L740,7,L002,1,L233
p385_merge_only,M-157,7,4,medial,L798,19,L740,7,L002,9,L240
p385_merge_only,M-157,7,5,medial,L001,31,L740,40,L002,157,L002
p385_merge_only,M-157,7,6,terminal,L820,12,L740,3,L002,3,P385
p385_merge_only,M-158,4,0,initial,L390,4,L740,3,L740,2,L740
p385_merge_only,M-158,4,1,medial,L016,32,L740,14,L740,5,L003
p385_merge_only,M-158,4,2,medial,L060,7,L740,9,L002,1,L060
p385_merge_only,M-158,4,3,terminal,L550,25,L740,40,L002,5,L692
p385_merge_only,M-159,5,0,initial,L740,1,L740,1,L740,1,L740
p385_merge_only,M-159,5,1,medial,L048,186,L740,186,L740,186,L220
p385_merge_only,M-159,5,2,medial,L741,13,L740,57,L002,173,L017
p385_merge_only,M-159,5,3,medial,L250,186,L740,186,L002,186,L390
p385_merge_only,M-159,5,4,terminal,L579,186,L740,186,L002,186,P385
p385_merge_only,M-160,6,0,initial,L151,68,L740,8,L740,8,L740
p385_merge_only,M-160,6,1,medial,L243,188,L740,188,L740,188,L279
p385_merge_only,M-160,6,2,medial,L031,28,L740,13,L002,29,L032
p385_merge_only,M-160,6,3,medial,L002,2,L740,1,L002,1,L002
p385_merge_only,M-160,6,4,medial,L820,12,L740,45,L002,3,P385
p385_merge_only,M-160,6,5,terminal,L741,13,L740,8,L002,183,P385
p385_merge_only,M-163,5,0,initial,L520,9,L740,3,L740,2,L740
p385_merge_only,M-163,5,1,medial,L220,3,L740,7,L740,1,L220
p385_merge_only,M-163,5,2,medial,L415,35,L740,16,L002,5,L016
p385_merge_only,M-163,5,3,medial,L060,7,L740,3,L002,7,L002
p385_merge_only,M-163,5,4,terminal,L820,13,L740,45,L002,4,L692
p385_merge_only,M-164,5,0,initial,L740,1,L740,1,L740,1,L740
p385_merge_only,M-164,5,1,medial,L142,68,L740,91,L740,135,L760
p385_merge_only,M-164,5,2,medial,L061,66,L740,70,L002,132,L032
p385_merge_only,M-164,5,3,medial,L002,2,L740,1,L002,1,L002
p385_merge_only,M-164,5,4,terminal,P385,5,L740,2,L002,1,P385
p385_merge_only,M-166,6,0,initial,L390,4,L740,3,L740,2,L740
p385_merge_only,M-166,6,1,medial,L844,176,L740,65,L740,10,L003
p385_merge_only,M-166,6,2,medial,L240,12,L740,3,L002,178,L235
p385_merge_only,M-166,6,3,medial,L806,44,L740,170,L002,30,L235
p385_merge_only,M-166,6,4,medial,L002,2,L740,1,L002,1,L002
p385_merge_only,M-166,6,5,terminal,P385,5,L740,2,L002,1,P385
p385_merge_only,M-170,8,0,initial,L740,1,L740,1,L740,1,L740
p385_merge_only,M-170,8,1,medial,L923,39,L740,13,L740,2,L760
p385_merge_only,M-170,8,2,medial,L406,187,L740,187,L002,187,L220
p385_merge_only,M-170,8,3,medial,L061,67,L740,59,L002,104,L017
p385_merge_only,M-170,8,4,medial,L070,187,L740,187,L002,187,L220
p385_merge_only,M-170,8,5,medial,L032,6,L740,6,L002,182,L235
p385_merge_only,M-170,8,6,medial,L741,13,L740,153,L002,179,L002
p385_merge_only,M-170,8,7,terminal,P385,5,L740,1,P385,1,P385
p385_merge_only,M-171,8,0,initial,L407,188,L740,188,L740,188,L740
p385_merge_only,M-171,8,1,medial,L061,67,L740,77,L740,109,L090
p385_merge_only,M-171,8,2,medial,L740,1,L740,19,L002,1,L740
p385_merge_only,M-171,8,3,medial,L923,38,L740,185,L002,2,L760
p385_merge_only,M-171,8,4,medial,L233,13,L740,10,L002,178,L235
p385_merge_only,M-171,8,5,medial,L806,44,L740,171,L002,162,L231
p385_merge_only,M-171,8,6,medial,L060,7,L740,43,L002,1,L060
p385_merge_only,M-171,8,7,terminal,L692,25,L740,144,P385,1,L692
p385_merge_only,M-172,6,0,initial,L405,139,L740,112,L740,83,L740
p385_merge_only,M-172,6,1,medial,L018,86,L740,28,L740,7,L372
p385_merge_only,M-172,6,2,medial,L001,32,L740,66,L002,160,L520
p385_merge_only,M-172,6,3,medial,L220,3,L740,3,L002,185,L368
p385_merge_only,M-172,6,4,medial,L786,187,L740,187,L002,187,L032
p385_merge_only,M-172,6,5,terminal,L850,187,L740,187,L002,187,P385
p385_merge_only,M-173,5,0,initial,L740,1,L740,1,L740,1,L740
p385_merge_only,M-173,5,1,medial,L388,74,L740,50,L740,138,L760
p385_merge_only,M-173,5,2,medial,L900,38,L740,63,L002,157,L233
p385_merge_only,M-173,5,3,medial,L320,188,L740,188,L002,188,L790
p385_merge_only,M-173,5,4,terminal,L806,44,L740,45,L002,66,P385
p385_merge_only,M-174,6,0,initial,L740,1,L740,1,L740,1,L740
p385_merge_only,M-174,6,1,medial,L923,39,L740,13,L740,2,L760
p385_merge_only,M-174,6,2,medial,L220,3,L740,3,L002,1,L220
p385_merge_only,M-174,6,3,medial,L032,6,L740,9,L002,1,L032
p385_merge_only,M-174,6,4,medial,L002,2,L740,1,L002,1,L002
p385_merge_only,M-174,6,5,terminal,L820,13,L740,8,L002,2,P385
p385_merge_only,M-177,4,0,initial,L390,4,L740,3,L740,1,L390
p385_merge_only,M-177,4,1,medial,L003,16,L740,2,L740,3,L803
p385_merge_only,M-177,4,2,medial,L002,2,L740,1,L002,1,L002
p385_merge_only,M-177,4,3,terminal,L803,19,L740,170,L002,184,P385
p385_merge_only,M-178,2,0,initial,L390,4,L740,3,L740,2,L740
p385_merge_only,M-178,2,1,terminal,L016,32,L740,14,L740,22,P385
p385_merge_only,M-179,2,0,initial,L390,4,L740,3,L740,1,L390
p385_merge_only,M-179,2,1,terminal,L003,17,L740,2,L740,6,P385
p385_merge_only,M-180,2,0,initial,L740,1,L740,1,L740,1,L740
p385_merge_only,M-180,2,1,terminal,L621,160,L740,157,L740,148,P385
p385_merge_only,M-181,5,0,initial,L520,9,L740,3,L740,2,L740
p385_merge_only,M-181,5,1,medial,L175,186,L740,186,L740,186,L233
p385_merge_only,M-181,5,2,medial,L002,2,L740,1,L002,184,L017
p385_merge_only,M-181,5,3,medial,L295,186,L740,186,L002,186,P385
p385_merge_only,M-181,5,4,terminal,L502,186,L740,186,L002,186,P385
p385_merge_only,M-183,4,0,initial,L520,9,L740,3,L740,2,L740
p385_merge_only,M-183,4,1,medial,L233,13,L740,17,L740,2,L033
p385_merge_only,M-183,4,2,medial,L060,7,L740,9,L002,8,L002
p385_merge_only,M-183,4,3,terminal,L297,71,L740,96,L002,153,L692
p385_merge_only,M-184,4,0,initial,L090,24,L740,4,L740,1,L090
p385_merge_only,M-184,4,1,medial,L740,1,L740,2,L003,1,L740
p385_merge_only,M-184,4,2,medial,L101,188,L740,188,L002,188,L760
p385_merge_only,M-184,4,3,terminal,L853,176,L740,173,L002,51,P385
p385_merge_only,M-182,2,0,initial,L740,1,L740,1,L740,1,L740
p385_merge_only,M-182,2,1,terminal,L416,75,L740,134,L740,28,P385
provisional_high_map,M-1,5,0,initial,L001,32,P324,32,P324,32,P324
provisional_high_map,M-1,5,1,medial,P202,19,P324,187,P324,2,P122
provisional_high_map,M-1,5,2,medial,P385,5,P324,188,P122,1,P385
provisional_high_map,M-1,5,3,medial,L255,28,P324,31,P122,3,L556
provisional_high_map,M-1,5,4,terminal,L371,135,P324,111,P122,37,P385
provisional_high_map,M-3,3,0,initial,L717,165,P324,142,P324,109,P324
provisional_high_map,M-3,3,1,medial,P145,6,P324,7,P324,182,L017
provisional_high_map,M-3,3,2,terminal,L521,188,P324,188,P122,188,P385
provisional_high_map,M-5,6,0,initial,P324,1,P324,1,P324,1,P324
provisional_high_map,M-5,6,1,medial,L773,188,P324,188,P324,188,L798
provisional_high_map,M-5,6,2,medial,P062,12,P324,3,P122,1,P062
provisional_high_map,M-5,6,3,medial,P060,13,P324,5,P122,1,P060
provisional_high_map,M-5,6,4,medial,P120,7,P324,8,P122,1,P120
provisional_high_map,M-5,6,5,terminal,L692,25,P324,150,P122,1,L692
provisional_high_map,M-6,4,0,initial,P378,13,P324,32,P324,32,P324
provisional_high_map,M-6,4,1,medial,L880,180,P324,177,P324,98,L220
provisional_high_map,M-6,4,2,medial,L065,41,P324,69,P122,146,L017
provisional_high_map,M-6,4,3,terminal,L244,188,P324,188,P122,188,P385
provisional_high_map,M-8,3,0,initial,L706,79,P324,143,P324,140,P324
provisional_high_map,M-8,3,1,medial,L140,24,P324,33,P324,165,L125
provisional_high_map,M-8,3,2,terminal,L632,78,P324,152,P122,157,P385
provisional_high_map,M-9,3,0,initial,L031,28,P324,38,P324,165,P324
provisional_high_map,M-9,3,1,medial,L311,187,P324,187,P324,187,P122
provisional_high_map,M-9,3,2,terminal,L745,187,P324,187,P122,187,P385
provisional_high_map,M-12,9,0,initial,P324,1,P324,1,P324,1,P324
provisional_high_map,M-12,9,1,medial,P086,4,P324,9,P324,1,P086
provisional_high_map,M-12,9,2,medial,L590,59,P324,12,P122,1,L590
provisional_high_map,M-12,9,3,medial,P058,13,P324,7,P122,3,P145
provisional_high_map,M-12,9,4,medial,P122,2,P324,1,P122,2,P120
provisional_high_map,M-12,9,5,medial,P202,19,P324,185,P122,7,P385
provisional_high_map,M-12,9,6,medial,L202,187,P324,187,P122,187,L920
provisional_high_map,M-12,9,7,medial,L892,187,P324,187,P385,187,L255
provisional_high_map,M-12,9,8,terminal,L371,134,P324,85,L140,37,P385
provisional_high_map,M-13,3,0,initial,P202,19,P324,32,P324,31,P324
provisional_high_map,M-13,3,1,medial,L304,188,P324,188,P324,188,L920
provisional_high_map,M-13,3,2,terminal,L125,67,P324,82,P122,147,P385
provisional_high_map,M-14,5,0,initial,P324,1,P324,1,P324,1,P324
provisional_high_map,M-14,5,1,medial,L776,188,P324,188,P324,188,P086
provisional_high_map,M-14,5,2,medial,L503,41,P324,42,P122,29,P145
provisional_high_map,M-14,5,3,medial,P122,2,P324,1,P122,1,P122
provisional_high_map,M-14,5,4,terminal,P385,5,P324,2,P122,1,P385
provisional_high_map,M-15,5,0,initial,L090,24,P324,4,P324,1,L090
provisional_high_map,M-15,5,1,medial,P324,1,P324,2,P123,1,P324
provisional_high_map,M-15,5,2,medial,L176,34,P324,14,P122,18,P145
provisional_high_map,M-15,5,3,medial,P122,2,P324,1,P122,1,P122
provisional_high_map,M-15,5,4,terminal,P385,5,P324,2,P122,1,P385
provisional_high_map,M-16,4,0,initial,P378,13,P324,32,P324,31,P324
provisional_high_map,M-16,4,1,medial,L130,101,P324,33,P324,21,L463
provisional_high_map,M-16,4,2,medial,L035,187,P324,187,P122,187,L190
provisional_high_map,M-16,4,3,terminal,L171,187,P324,187,P122,187,P385
provisional_high_map,M-17,5,0,initial,P086,4,P324,3,P324,2,P324
provisional_high_map,M-17,5,1,medial,L016,32,P324,14,P324,5,P123
provisional_high_map,M-17,5,2,medial,P122,2,P324,1,P122,1,P122
provisional_high_map,M-17,5,3,medial,L814,175,P324,167,P122,19,P385
provisional_high_map,M-17,5,4,terminal,L560,188,P324,188,P122,188,P385
provisional_high_map,M-18,3,0,initial,L932,188,P324,188,P324,188,L090
provisional_high_map,M-18,3,1,medial,P324,1,P324,2,P123,3,L803
provisional_high_map,M-18,3,2,terminal,L055,44,P324,69,P122,93,P385
provisional_high_map,M-21,8,0,initial,L350,72,P324,96,P324,132,P324
provisional_high_map,M-21,8,1,medial,L001,32,P324,71,P324,153,L090
provisional_high_map,M-21,8,2,medial,P324,1,P324,23,P122,187,P202
provisional_high_map,M-21,8,3,medial,L362,188,P324,188,P122,188,P086
provisional_high_map,M-21,8,4,medial,L692,25,P324,3,P122,166,L220
provisional_high_map,M-21,8,5,medial,P145,6,P324,8,P122,2,L803
provisional_high_map,M-21,8,6,medial,P122,2,P324,3,P378,1,P122
provisional_high_map,M-21,8,7,terminal,P385,5,P324,1,P385,1,P385
provisional_high_map,M-24,7,0,initial,L090,23,P324,4,P324,1,L090
provisional_high_map,M-24,7,1,medial,P324,1,P324,2,P123,1,P324
provisional_high_map,M-24,7,2,medial,P062,12,P324,3,P122,4,L760
provisional_high_map,M-24,7,3,medial,P060,13,P324,5,P122,1,P060
provisional_high_map,M-24,7,4,medial,P122,2,P324,1,P122,1,P122
provisional_high_map,M-24,7,5,medial,L906,86,P324,180,P122,136,P385
provisional_high_map,M-24,7,6,terminal,L140,24,P324,8,P122,5,P385
provisional_high_map,M-26,5,0,initial,L090,23,P324,4,P324,1,L090
provisional_high_map,M-26,5,1,medial,P324,1,P324,2,P123,1,P324
provisional_high_map,M-26,5,2,medial,L531,188,P324,188,P122,188,L760
provisional_high_map,M-26,5,3,medial,P120,7,P324,4,P122,1,P120
provisional_high_map,M-26,5,4,terminal,L692,25,P324,3,P122,1,L692
provisional_high_map,M-29,9,0,initial,P324,1,P324,1,P324,1,P324
provisional_high_map,M-29,9,1,medial,L055,44,P324,76,P324,38,L798
provisional_high_map,M-29,9,2,medial,P062,12,P324,3,P122,1,P062
provisional_high_map,M-29,9,3,medial,P060,13,P324,5,P122,1,P060
provisional_high_map,M-29,9,4,medial,L806,43,P324,43,P122,4,L803
provisional_high_map,M-29,9,5,medial,P122,2,P324,1,P122,1,P122
provisional_high_map,M-29,9,6,medial,L220,3,P324,70,P122,2,P385
provisional_high_map,M-29,9,7,medial,L455,76,P324,108,P385,9,P145
provisional_high_map,M-29,9,8,terminal,L503,39,P324,107,L140,171,P385
provisional_high_map,M-30,7,0,initial,P324,1,P324,1,P324,1,P324
provisional_high_map,M-30,7,1,medial,L752,187,P324,187,P324,187,L760
provisional_high_map,M-30,7,2,medial,L017,187,P324,187,P122,187,L776
provisional_high_map,M-30,7,3,medial,L503,40,P324,125,P122,152,L550
provisional_high_map,M-30,7,4,medial,P062,12,P324,184,P122,1,P062
provisional_high_map,M-30,7,5,medial,P060,13,P324,37,P122,1,P060
provisional_high_map,M-30,7,6,terminal,L806,44,P324,160,P122,10,P385
provisional_high_map,M-31,6,0,initial,P324,1,P324,1,P324,1,P324
provisional_high_map,M-31,6,1,medial,L269,119,P324,108,P324,72,L760
provisional_high_map,M-31,6,2,medial,L511,188,P324,188,P122,188,P217
provisional_high_map,M-31,6,3,medial,P058,13,P324,7,P122,14,P060
provisional_high_map,M-31,6,4,medial,P120,7,P324,8,P122,2,P122
provisional_high_map,M-31,6,5,terminal,P378,12,P324,8,P122,4,L692
provisional_high_map,M-32,4,0,initial,P086,4,P324,3,P324,1,P086
provisional_high_map,M-32,4,1,medial,P123,19,P324,2,P324,3,L803
provisional_high_map,M-32,4,2,medial,P122,2,P324,1,P122,1,P122
provisional_high_map,M-32,4,3,terminal,P385,5,P324,18,P122,1,P385
provisional_high_map,M-33,7,0,initial,P324,1,P324,1,P324,1,P324
provisional_high_map,M-33,7,1,medial,P145,6,P324,7,P324,45,L760
provisional_high_map,M-33,7,2,medial,L923,39,P324,181,P122,164,P122
provisional_high_map,M-33,7,3,medial,L382,137,P324,109,P122,64,P217
provisional_high_map,M-33,7,4,medial,P058,13,P324,11,P122,14,P145
provisional_high_map,M-33,7,5,medial,P122,2,P324,1,P122,3,L798
provisional_high_map,M-33,7,6,terminal,L112,188,P324,188,P122,188,P385
provisional_high_map,M-34,7,0,initial,P324,1,P324,1,P324,1,P324
provisional_high_map,M-34,7,1,medial,L336,128,P324,45,P324,21,L100
provisional_high_map,M-34,7,2,medial,L176,34,P324,14,P122,29,P145
provisional_high_map,M-34,7,3,medial,P122,2,P324,1,P122,4,L840
provisional_high_map,M-34,7,4,medial,L405,137,P324,115,P122,68,P385
provisional_high_map,M-34,7,5,medial,L372,187,P324,187,P122,187,L018
provisional_high_map,M-34,7,6,terminal,L374,187,P324,187,P122,187,P385
provisional_high_map,M-35,7,0,initial,P324,1,P324,1,P324,1,P324
provisional_high_map,M-35,7,1,medial,P086,4,P324,9,P324,1,P086
provisional_high_map,M-35,7,2,medial,L590,59,P324,12,P122,1,L590
provisional_high_map,M-35,7,3,medial,P058,13,P324,7,P122,4,L705
provisional_high_map,M-35,7,4,medial,L231,41,P324,88,P122,11,L803
provisional_high_map,M-35,7,5,medial,P122,2,P324,1,P122,1,P122
provisional_high_map,M-35,7,6,terminal,L107,188,P324,188,P122,188,P385
provisional_high_map,M-36,9,0,initial,P324,1,P324,1,P324,1,P324
provisional_high_map,M-36,9,1,medial,L794,172,P324,61,P324,28,L760
provisional_high_map,M-36,9,2,medial,L630,187,P324,187,P122,187,P217
provisional_high_map,M-36,9,3,medial,L220,3,P324,2,P122,1,L220
provisional_high_map,M-36,9,4,medial,P145,6,P324,48,P122,1,P145
provisional_high_map,M-36,9,5,medial,P122,2,P324,1,P122,1,P122
provisional_high_map,M-36,9,6,medial,P202,19,P324,184,P122,7,P385
provisional_high_map,M-36,9,7,medial,L906,85,P324,174,P385,126,L920
provisional_high_map,M-36,9,8,terminal,L329,187,P324,187,L140,187,P385
provisional_high_map,M-37,3,0,initial,P217,9,P324,3,P324,2,P324
provisional_high_map,M-37,3,1,medial,L220,3,P324,7,P324,1,L220
provisional_high_map,M-37,3,2,terminal,L415,35,P324,15,P122,16,P385
provisional_high_map,M-38,13,0,initial,P324,1,P324,1,P324,1,P324
provisional_high_map,M-38,13,1,medial,L690,188,P324,188,P324,188,L760
provisional_high_map,M-38,13,2,medial,L435,142,P324,136,P122,3,P385
provisional_high_map,M-38,13,3,medial,L255,29,P324,31,P122,11,P217
provisional_high_map,M-38,13,4,medial,L220,3,P324,24,P122,1,L220
provisional_high_map,M-38,13,5,medial,P145,6,P324,8,P122,2,L415
provisional_high_map,M-38,13,6,medial,P062,12,P324,183,P122,1,P062
provisional_high_map,M-38,13,7,medial,P060,13,P324,180,P385,1,P060
provisional_high_map,M-38,13,8,medial,P122,2,P324,180,L140,1,P122
provisional_high_map,M-38,13,9,medial,P086,4,P324,178,L563,2,P385
provisional_high_map,M-38,13,10,medial,L125,66,P324,66,P324,3,L590
provisional_high_map,M-38,13,11,medial,L632,78,P324,78,P324,2,L220
provisional_high_map,M-38,13,12,terminal,P145,6,P324,6,P324,9,P385
provisional_high_map,M-40,5,0,initial,L391,187,P324,187,P324,187,P324
provisional_high_map,M-40,5,1,medial,P122,2,P324,185,P324,185,L005
provisional_high_map,M-40,5,2,medial,L527,59,P324,140,P122,147,P385
provisional_high_map,M-40,5,3,medial,L475,187,P324,187,P122,187,L550
provisional_high_map,M-40,5,4,terminal,L005,86,P324,50,P122,19,P385
provisional_high_map,M-42,5,0,initial,L527,59,P324,9,P324,5,P324
provisional_high_map,M-42,5,1,medial,L550,25,P324,52,P324,1,L550
provisional_high_map,M-42,5,2,medial,P062,13,P324,3,P122,7,P145
provisional_high_map,M-42,5,3,medial,P122,2,P324,1,P122,1,P122
provisional_high_map,M-42,5,4,terminal,P385,5,P324,2,P122,1,P385
provisional_high_map,M-43,6,0,initial,P324,1,P324,1,P324,1,P324
provisional_high_map,M-43,6,1,medial,L798,19,P324,11,P324,8,L760
provisional_high_map,M-43,6,2,medial,L231,40,P324,14,P122,9,P145
provisional_high_map,M-43,6,3,medial,P122,2,P324,1,P122,1,P122
provisional_high_map,M-43,6,4,medial,L055,44,P324,56,P122,134,P385
provisional_high_map,M-43,6,5,terminal,L373,188,P324,188,P122,188,P385
provisional_high_map,M-44,8,0,initial,P324,1,P324,1,P324,1,P324
provisional_high_map,M-44,8,1,medial,L760,44,P324,7,P324,4,L772
provisional_high_map,M-44,8,2,medial,L033,18,P324,13,P122,1,L033
provisional_high_map,M-44,8,3,medial,L705,23,P324,9,P122,1,L705
provisional_high_map,M-44,8,4,medial,L803,17,P324,10,P122,5,L231
provisional_high_map,M-44,8,5,medial,P122,2,P324,1,P122,1,P122
provisional_high_map,M-44,8,6,medial,L920,31,P324,178,P122,167,P385
provisional_high_map,M-44,8,7,terminal,L317,188,P324,188,P385,188,P385
provisional_high_map,M-46,8,0,initial,P324,1,P324,1,P324,1,P324
provisional_high_map,M-46,8,1,medial,L798,19,P324,11,P324,11,L055
provisional_high_map,M-46,8,2,medial,P062,12,P324,3,P122,1,P062
provisional_high_map,M-46,8,3,medial,P060,13,P324,5,P122,1,P060
provisional_high_map,M-46,8,4,medial,P122,2,P324,1,P122,1,P122
provisional_high_map,M-46,8,5,medial,L220,3,P324,82,P122,2,P385
provisional_high_map,M-46,8,6,medial,L065,41,P324,42,P122,3,P145
provisional_high_map,M-46,8,7,terminal,L215,112,P324,63,P385,95,P385
provisional_high_map,M-47,5,0,initial,P324,1,P324,1,P324,1,P324
provisional_high_map,M-47,5,1,medial,L760,44,P324,7,P324,5,P062
provisional_high_map,M-47,5,2,medial,P060,13,P324,184,P122,6,P145
provisional_high_map,M-47,5,3,medial,P122,2,P324,1,P122,1,P122
provisional_high_map,M-47,5,4,terminal,P385,5,P324,2,P122,1,P385
provisional_high_map,M-48,6,0,initial,P086,4,P324,3,P324,3,P324
provisional_high_map,M-48,6,1,medial,P378,13,P324,70,P324,178,L590
provisional_high_map,M-48,6,2,medial,L463,188,P324,188,P122,188,L741
provisional_high_map,M-48,6,3,medial,P120,7,P324,4,P122,4,P122
provisional_high_map,M-48,6,4,medial,P202,19,P324,48,P122,3,L692
provisional_high_map,M-48,6,5,terminal,L920,31,P324,7,P122,3,P385
provisional_high_map,M-51,8,0,initial,P324,1,P324,1,P324,1,P324
provisional_high_map,M-51,8,1,medial,L798,19,P324,11,P324,1,L798
provisional_high_map,M-51,8,2,medial,L460,76,P324,40,P122,1,L460
provisional_high_map,M-51,8,3,medial,L350,71,P324,34,P122,3,P062
provisional_high_map,M-51,8,4,medial,P060,13,P324,46,P122,8,L048
provisional_high_map,M-51,8,5,medial,L741,12,P324,7,P122,2,P122
provisional_high_map,M-51,8,6,medial,P086,4,P324,184,P122,17,L081
provisional_high_map,M-51,8,7,terminal,L140,24,P324,50,P385,10,P385
provisional_high_map,M-52,10,0,initial,P324,1,P324,1,P324,1,P324
provisional_high_map,M-52,10,1,medial,L904,187,P324,187,P324,187,L220
provisional_high_map,M-52,10,2,medial,P145,6,P324,12,P122,183,P217
provisional_high_map,M-52,10,3,medial,L220,3,P324,2,P122,2,P122
provisional_high_map,M-52,10,4,medial,L415,35,P324,120,P122,4,P145
provisional_high_map,M-52,10,5,medial,P060,13,P324,37,P122,181,P122
provisional_high_map,M-52,10,6,medial,L803,19,P324,161,P122,3,L806
provisional_high_map,M-52,10,7,medial,P122,2,P324,182,P385,1,P122
provisional_high_map,M-52,10,8,medial,L504,187,P324,187,L140,187,P385
provisional_high_map,M-52,10,9,terminal,L717,165,P324,135,L563,128,P385
provisional_high_map,M-53,9,0,initial,L090,23,P324,4,P324,1,L090
provisional_high_map,M-53,9,1,medial,P324,1,P324,2,P123,1,P324
provisional_high_map,M-53,9,2,medial,L220,3,P324,3,P122,2,P086
provisional_high_map,M-53,9,3,medial,L016,32,P324,11,P122,7,P145
provisional_high_map,M-53,9,4,medial,P122,2,P324,1,P122,2,P120
provisional_high_map,M-53,9,5,medial,L297,71,P324,95,P122,21,P385
provisional_high_map,M-53,9,6,medial,L190,67,P324,67,P122,112,P202
provisional_high_map,M-53,9,7,medial,L920,30,P324,177,P385,163,L136
provisional_high_map,M-53,9,8,terminal,L140,24,P324,40,L329,6,P385
provisional_high_map,M-54,7,0,initial,L236,113,P324,74,P324,68,P324
provisional_high_map,M-54,7,1,medial,P062,12,P324,186,P324,180,P217
provisional_high_map,M-54,7,2,medial,L033,18,P324,13,P122,2,P060
provisional_high_map,M-54,7,3,medial,L705,23,P324,9,P122,1,L705
provisional_high_map,M-54,7,4,medial,L798,17,P324,5,P122,31,L803
provisional_high_map,M-54,7,5,medial,P122,2,P324,1,P122,1,P122
provisional_high_map,M-54,7,6,terminal,P378,13,P324,3,P122,2,P385
provisional_high_map,M-56,8,0,initial,P324,1,P324,1,P324,1,P324
provisional_high_map,M-56,8,1,medial,L877,187,P324,187,P324,187,L220
provisional_high_map,M-56,8,2,medial,P145,6,P324,12,P122,5,P062
provisional_high_map,M-56,8,3,medial,P060,13,P324,5,P122,3,P122
provisional_high_map,M-56,8,4,medial,P120,7,P324,8,P122,1,P120
provisional_high_map,M-56,8,5,medial,L550,25,P324,24,P122,2,L692
provisional_high_map,M-56,8,6,medial,L611,187,P324,187,P122,187,P062
provisional_high_map,M-56,8,7,terminal,L840,44,P324,163,P385,66,P385
provisional_high_map,M-57,6,0,initial,L226,69,P324,8,P324,6,P324
provisional_high_map,M-57,6,1,medial,P145,6,P324,7,P324,5,L803
provisional_high_map,M-57,6,2,medial,L231,41,P324,14,P122,160,P122
provisional_high_map,M-57,6,3,medial,L798,19,P324,166,P122,32,P145
provisional_high_map,M-57,6,4,medial,P122,2,P324,1,P122,7,L460
provisional_high_map,M-57,6,5,terminal,L693,188,P324,188,P122,188,P385
provisional_high_map,M-58,5,0,initial,P324,1,P324,1,P324,1,P324
provisional_high_map,M-58,5,1,medial,L460,76,P324,134,P324,140,P086
provisional_high_map,M-58,5,2,medial,L503,41,P324,42,P122,29,P145
provisional_high_map,M-58,5,3,medial,P122,2,P324,1,P122,1,P122
provisional_high_map,M-58,5,4,terminal,P385,5,P324,2,P122,1,P385
provisional_high_map,M-59,5,0,initial,P202,19,P324,32,P324,32,P086
provisional_high_map,M-59,5,1,medial,P123,18,P324,2,P324,172,L920
provisional_high_map,M-59,5,2,medial,L742,188,P324,188,P122,188,P122
provisional_high_map,M-59,5,3,medial,P120,7,P324,4,P122,4,P202
provisional_high_map,M-59,5,4,terminal,L920,31,P324,183,P122,5,L692
provisional_high_map,M-63,4,0,initial,L526,187,P324,187,P324,187,P324
provisional_high_map,M-63,4,1,medial,L555,187,P324,187,P324,187,P058
provisional_high_map,M-63,4,2,medial,P120,7,P324,12,P122,1,P120
provisional_high_map,M-63,4,3,terminal,L550,25,P324,38,P122,5,L692
provisional_high_map,M-64,6,0,initial,P217,9,P324,3,P324,1,P217
provisional_high_map,M-64,6,1,medial,L033,19,P324,7,P324,2,L220
provisional_high_map,M-64,6,2,medial,L706,79,P324,156,P122,130,L705
provisional_high_map,M-64,6,3,medial,P120,7,P324,4,P122,185,P217
provisional_high_map,M-64,6,4,medial,L220,3,P324,24,P122,9,L692
provisional_high_map,M-64,6,5,terminal,L004,44,P324,40,P122,15,P385
provisional_high_map,M-65,6,0,initial,P217,9,P324,3,P324,2,P324
provisional_high_map,M-65,6,1,medial,L220,3,P324,7,P324,2,L033
provisional_high_map,M-65,6,2,medial,L031,27,P324,13,P122,168,P145
provisional_high_map,M-65,6,3,medial,L001,32,P324,18,P122,152,P122
provisional_high_map,M-65,6,4,medial,L706,78,P324,153,P122,122,P202
provisional_high_map,M-65,6,5,terminal,L575,157,P324,141,P122,125,P385
provisional_high_map,M-69,5,0,initial,P324,1,P324,1,P324,1,P324
provisional_high_map,M-69,5,1,medial,L803,19,P324,61,P324,179,L798
provisional_high_map,M-69,5,2,medial,L231,41,P324,14,P122,156,P122
provisional_high_map,M-69,5,3,medial,P120,7,P324,4,P122,1,P120
provisional_high_map,M-69,5,4,terminal,L692,25,P324,3,P122,1,L692
provisional_high_map,M-70,5,0,initial,L226,69,P324,8,P324,6,P324
provisional_high_map,M-70,5,1,medial,P145,6,P324,7,P324,2,L803
provisional_high_map,M-70,5,2,medial,P122,2,P324,1,P122,1,P122
provisional_high_map,M-70,5,3,medial,P086,4,P324,185,P122,6,P385
provisional_high_map,M-70,5,4,terminal,L692,25,P324,3,P122,6,P385
provisional_high_map,M-71,6,0,initial,L151,68,P324,8,P324,8,P324
provisional_high_map,M-71,6,1,medial,L279,187,P324,187,P324,187,L243
provisional_high_map,M-71,6,2,medial,L142,67,P324,36,P122,129,P145
provisional_high_map,M-71,6,3,medial,P122,2,P324,1,P122,2,P324
provisional_high_map,M-71,6,4,medial,P086,4,P324,12,P122,5,P385
provisional_high_map,M-71,6,5,terminal,L095,187,P324,187,P122,187,P385
provisional_high_map,M-74,4,0,initial,L595,187,P324,187,P324,187,P324
provisional_high_map,M-74,4,1,medial,L575,157,P324,150,P324,72,L017
provisional_high_map,M-74,4,2,medial,L704,187,P324,187,P122,187,L136
provisional_high_map,M-74,4,3,terminal,L140,24,P324,73,P122,5,P385
provisional_high_map,M-75,5,0,initial,P217,9,P324,3,P324,2,P324
provisional_high_map,M-75,5,1,medial,L220,3,P324,7,P324,1,L220
provisional_high_map,M-75,5,2,medial,L004,44,P324,66,P122,9,P145
provisional_high_map,M-75,5,3,medial,P122,2,P324,1,P122,1,P122
provisional_high_map,M-75,5,4,terminal,P385,5,P324,2,P122,1,P385
provisional_high_map,M-77,5,0,initial,L832,83,P324,162,P324,142,P324
provisional_high_map,M-77,5,1,medial,P086,4,P324,9,P324,188,L236
provisional_high_map,M-77,5,2,medial,L803,19,P324,59,P122,6,P123
provisional_high_map,M-77,5,3,medial,P122,2,P324,1,P122,1,P122
provisional_high_map,M-77,5,4,terminal,P385,5,P324,2,P122,1,P385
provisional_high_map,M-78,4,0,initial,P324,1,P324,1,P324,1,P324
provisional_high_map,M-78,4,1,medial,L344,188,P324,188,P324,188,L220
provisional_high_map,M-78,4,2,medial,P145,6,P324,12,P122,182,L908
provisional_high_map,M-78,4,3,terminal,L545,59,P324,38,P122,11,P385
provisional_high_map,M-80,5,0,initial,L156,41,P324,5,P324,3,P086
provisional_high_map,M-80,5,1,medial,P123,18,P324,2,P324,1,P123
provisional_high_map,M-80,5,2,medial,P120,7,P324,12,P122,8,P122
provisional_high_map,M-80,5,3,medial,P202,19,P324,48,P122,4,P122
provisional_high_map,M-80,5,4,terminal,P385,5,P324,2,P122,1,P385
provisional_high_map,M-82,6,0,initial,P324,1,P324,1,P324,1,P324
provisional_high_map,M-82,6,1,medial,L222,187,P324,187,P324,187,P145
provisional_high_map,M-82,6,2,medial,P122,2,P324,1,P122,185,L017
provisional_high_map,M-82,6,3,medial,L207,187,P324,187,P122,187,P385
provisional_high_map,M-82,6,4,medial,L550,25,P324,38,P122,166,P122
provisional_high_map,M-82,6,5,terminal,P086,4,P324,183,P122,183,P385
provisional_high_map,M-83,3,0,initial,P086,4,P324,3,P324,3,P324
provisional_high_map,M-83,3,1,medial,L018,87,P324,27,P324,15,L590
provisional_high_map,M-83,3,2,terminal,L796,188,P324,188,P122,188,P385
provisional_high_map,M-84,6,0,initial,P324,1,P324,1,P324,1,P324
provisional_high_map,M-84,6,1,medial,L765,188,P324,188,P324,188,L798
provisional_high_map,M-84,6,2,medial,P062,13,P324,3,P122,178,L018
provisional_high_map,M-84,6,3,medial,L001,32,P324,18,P122,5,P122
provisional_high_map,M-84,6,4,medial,P202,19,P324,48,P122,1,P202
provisional_high_map,M-84,6,5,terminal,L920,30,P324,7,P122,3,P385
provisional_high_map,M-85,5,0,initial,P217,9,P324,3,P324,2,P324
provisional_high_map,M-85,5,1,medial,P058,13,P324,25,P324,3,L220
provisional_high_map,M-85,5,2,medial,L741,12,P324,55,P122,177,P122
provisional_high_map,M-85,5,3,medial,L081,187,P324,187,P122,187,P086
provisional_high_map,M-85,5,4,terminal,L272,187,P324,187,P122,187,P385
provisional_high_map,M-86,7,0,initial,P217,9,P324,3,P324,1,P217
provisional_high_map,M-86,7,1,medial,L033,18,P324,7,P324,1,L033
provisional_high_map,M-86,7,2,medial,L705,23,P324,12,P122,1,L705
provisional_high_map,M-86,7,3,medial,L231,41,P324,86,P122,9,L803
provisional_high_map,M-86,7,4,medial,P122,2,P324,1,P122,1,P122
provisional_high_map,M-86,7,5,medial,P378,13,P324,8,P122,2,P385
provisional_high_map,M-86,7,6,terminal,L700,188,P324,188,P122,188,P385
provisional_high_map,M-87,3,0,initial,L400,74,P324,21,P324,22,P324
provisional_high_map,M-87,3,1,medial,L890,187,P324,187,P324,187,L093
provisional_high_map,M-87,3,2,terminal,L104,187,P324,187,P122,187,P385
provisional_high_map,M-88,3,0,initial,L527,58,P324,9,P324,9,P324
provisional_high_map,M-88,3,1,medial,L388,74,P324,47,P324,120,P217
provisional_high_map,M-88,3,2,terminal,P058,13,P324,63,P122,183,P385
provisional_high_map,M-89,5,0,initial,P324,1,P324,1,P324,1,P324
provisional_high_map,M-89,5,1,medial,L794,173,P324,61,P324,28,L760
provisional_high_map,M-89,5,2,medial,L734,188,P324,188,P122,188,L220
provisional_high_map,M-89,5,3,medial,P145,6,P324,9,P122,5,P062
provisional_high_map,M-89,5,4,terminal,P060,13,P324,46,P122,79,P385
provisional_high_map,M-90,6,0,initial,P324,1,P324,1,P324,1,P324
provisional_high_map,M-90,6,1,medial,L840,44,P324,174,P324,42,L760
provisional_high_map,M-90,6,2,medial,L013,86,P324,66,P122,1,L013
provisional_high_map,M-90,6,3,medial,L031,28,P324,18,P122,29,P145
provisional_high_map,M-90,6,4,medial,P122,2,P324,1,P122,1,P122
provisional_high_map,M-90,6,5,terminal,P385,5,P324,2,P122,1,P385
provisional_high_map,M-91,9,0,initial,P324,1,P324,1,P324,1,P324
provisional_high_map,M-91,9,1,medial,L100,66,P324,15,P324,8,L760
provisional_high_map,M-91,9,2,medial,L798,19,P324,165,P122,179,P217
provisional_high_map,M-91,9,3,medial,L220,3,P324,2,P122,1,L220
provisional_high_map,M-91,9,4,medial,P145,6,P324,48,P122,1,P145
provisional_high_map,M-91,9,5,medial,P122,2,P324,1,P122,1,P122
provisional_high_map,M-91,9,6,medial,P385,5,P324,29,P122,1,P385
provisional_high_map,M-91,9,7,medial,L255,29,P324,72,P385,3,L556
provisional_high_map,M-91,9,8,terminal,L416,75,P324,98,L140,11,P385
provisional_high_map,M-92,7,0,initial,P324,1,P324,1,P324,1,P324
provisional_high_map,M-92,7,1,medial,L798,19,P324,11,P324,1,L798
provisional_high_map,M-92,7,2,medial,L460,76,P324,40,P122,1,L460
provisional_high_map,M-92,7,3,medial,L350,71,P324,34,P122,24,P145
provisional_high_map,M-92,7,4,medial,P122,2,P324,1,P122,3,L001
provisional_high_map,M-92,7,5,medial,L814,175,P324,166,P122,19,P385
provisional_high_map,M-92,7,6,terminal,L084,188,P324,188,P122,188,P385
provisional_high_map,M-93,5,0,initial,L156,41,P324,5,P324,3,P086
provisional_high_map,M-93,5,1,medial,P123,19,P324,2,P324,2,L550
provisional_high_map,M-93,5,2,medial,P062,12,P324,3,P122,183,P122
provisional_high_map,M-93,5,3,medial,L741,13,P324,5,P122,178,P060
provisional_high_map,M-93,5,4,terminal,L345,188,P324,188,P122,188,P385
provisional_high_map,M-94,5,0,initial,P324,1,P324,1,P324,1,P324
provisional_high_map,M-94,5,1,medial,P086,4,P324,9,P324,1,P086
provisional_high_map,M-94,5,2,medial,L590,59,P324,12,P122,3,P217
provisional_high_map,M-94,5,3,medial,L220,3,P324,2,P122,186,P086
provisional_high_map,M-94,5,4,terminal,P123,19,P324,186,P122,76,P385
provisional_high_map,M-95,5,0,initial,P086,4,P324,3,P324,1,P086
provisional_high_map,M-95,5,1,medial,P123,19,P324,2,P324,3,L803
provisional_high_map,M-95,5,2,medial,P122,2,P324,1,P122,1,P122
provisional_high_map,M-95,5,3,medial,L111,187,P324,187,P122,187,P385
provisional_high_map,M-95,5,4,terminal,L165,187,P324,187,P122,187,P385
provisional_high_map,M-96,2,0,initial,L156,40,P324,5,P324,6,P324
provisional_high_map,M-96,2,1,terminal,L004,44,P324,27,P324,59,P385
provisional_high_map,M-97,3,0,initial,L156,41,P324,5,P324,5,P324
provisional_high_map,M-97,3,1,medial,L435,142,P324,132,P324,4,P123
provisional_high_map,M-97,3,2,terminal,L255,29,P324,38,P122,70,P385
provisional_high_map,M-99,5,0,initial,P324,1,P324,1,P324,1,P324
provisional_high_map,M-99,5,1,medial,L215,111,P324,99,P324,83,P145
provisional_high_map,M-99,5,2,medial,P122,2,P324,1,P122,3,L001
provisional_high_map,M-99,5,3,medial,P202,19,P324,48,P122,7,P385
provisional_high_map,M-99,5,4,terminal,L119,188,P324,188,P122,188,P385
provisional_high_map,M-100,6,0,initial,L090,24,P324,4,P324,1,L090
provisional_high_map,M-100,6,1,medial,P324,1,P324,2,P123,1,P324
provisional_high_map,M-100,6,2,medial,L255,29,P324,38,P122,44,L033
provisional_high_map,M-100,6,3,medial,L705,22,P324,9,P122,178,P145
provisional_high_map,M-100,6,4,medial,P122,2,P324,1,P122,1,P122
provisional_high_map,M-100,6,5,terminal,P385,5,P324,2,P122,1,P385
provisional_high_map,M-101,6,0,initial,P086,4,P324,3,P324,3,P324
provisional_high_map,M-101,6,1,medial,L503,41,P324,138,P324,155,L090
provisional_high_map,M-101,6,2,medial,P324,1,P324,23,P122,187,P122
provisional_high_map,M-101,6,3,medial,L168,188,P324,188,P122,188,P145
provisional_high_map,M-101,6,4,medial,P122,2,P324,1,P122,1,P122
provisional_high_map,M-101,6,5,terminal,P385,5,P324,2,P122,1,P385
provisional_high_map,M-102,4,0,initial,L154,188,P324,188,P324,188,P086
provisional_high_map,M-102,4,1,medial,P123,19,P324,2,P324,173,P324
provisional_high_map,M-102,4,2,medial,L900,39,P324,61,P122,161,P122
provisional_high_map,M-102,4,3,terminal,L545,59,P324,38,P122,10,P385
provisional_high_map,M-103,4,0,initial,P086,4,P324,3,P324,4,P324
provisional_high_map,M-103,4,1,medial,L004,44,P324,27,P324,30,P123
provisional_high_map,M-103,4,2,medial,P122,2,P324,1,P122,1,P122
provisional_high_map,M-103,4,3,terminal,P378,13,P324,188,P122,2,P385
provisional_high_map,M-104,5,0,initial,L090,24,P324,4,P324,1,L090
provisional_high_map,M-104,5,1,medial,P324,1,P324,2,P123,1,P324
provisional_high_map,M-104,5,2,medial,L220,3,P324,3,P122,9,P062
provisional_high_map,M-104,5,3,medial,P060,13,P324,5,P122,178,P145
provisional_high_map,M-104,5,4,terminal,L853,177,P324,172,P122,55,P385
provisional_high_map,M-107,6,0,initial,P324,1,P324,1,P324,1,P324
provisional_high_map,M-107,6,1,medial,L565,155,P324,148,P324,110,L923
provisional_high_map,M-107,6,2,medial,P058,13,P324,63,P122,14,P145
provisional_high_map,M-107,6,3,medial,P122,2,P324,1,P122,3,L798
provisional_high_map,M-107,6,4,medial,L940,187,P324,187,P122,187,P385
provisional_high_map,M-107,6,5,terminal,L260,187,P324,187,P122,187,P385
provisional_high_map,M-108,7,0,initial,L413,188,P324,188,P324,188,P324
provisional_high_map,M-108,7,1,medial,P378,13,P324,70,P324,181,P217
provisional_high_map,M-108,7,2,medial,L220,3,P324,3,P122,2,L880
provisional_high_map,M-108,7,3,medial,L065,41,P324,58,P122,3,P145
provisional_high_map,M-108,7,4,medial,L798,19,P324,5,P122,172,P120
provisional_high_map,M-108,7,5,medial,L550,25,P324,24,P122,169,P122
provisional_high_map,M-108,7,6,terminal,P378,13,P324,3,P122,3,P385
provisional_high_map,M-109,7,0,initial,P324,1,P324,1,P324,1,P324
provisional_high_map,M-109,7,1,medial,L879,187,P324,187,P324,187,L923
provisional_high_map,M-109,7,2,medial,L220,3,P324,3,P122,1,L220
provisional_high_map,M-109,7,3,medial,L415,35,P324,36,P122,6,P145
provisional_high_map,M-109,7,4,medial,P122,2,P324,1,P122,4,P060
provisional_high_map,M-109,7,5,medial,L287,187,P324,187,P122,187,P385
provisional_high_map,M-109,7,6,terminal,L140,24,P324,8,P122,5,P385
provisional_high_map,M-112,8,0,initial,P324,1,P324,1,P324,1,P324
provisional_high_map,M-112,8,1,medial,L760,44,P324,7,P324,6,L923
provisional_high_map,M-112,8,2,medial,L220,3,P324,3,P122,3,P086
provisional_high_map,M-112,8,3,medial,L016,32,P324,11,P122,6,P145
provisional_high_map,M-112,8,4,medial,L382,138,P324,114,P122,66,P060
provisional_high_map,M-112,8,5,medial,L741,13,P324,7,P122,175,P058
provisional_high_map,M-112,8,6,medial,L572,187,P324,187,P122,187,P086
provisional_high_map,M-112,8,7,terminal,L684,187,P324,187,P385,187,P385
provisional_high_map,M-113,6,0,initial,P324,1,P324,1,P324,1,P324
provisional_high_map,M-113,6,1,medial,P145,6,P324,7,P324,46,L760
provisional_high_map,M-113,6,2,medial,L840,44,P324,169,P122,163,P060
provisional_high_map,M-113,6,3,medial,L741,13,P324,5,P122,178,L013
provisional_high_map,M-113,6,4,medial,P120,7,P324,8,P122,13,P202
provisional_high_map,M-113,6,5,terminal,L920,31,P324,7,P122,5,L692
provisional_high_map,M-114,6,0,initial,P324,1,P324,1,P324,1,P324
provisional_high_map,M-114,6,1,medial,L760,44,P324,7,P324,1,L760
provisional_high_map,M-114,6,2,medial,L440,76,P324,40,P122,24,P060
provisional_high_map,M-114,6,3,medial,P122,2,P324,1,P122,3,P120
provisional_high_map,M-114,6,4,medial,L297,69,P324,99,P122,20,P385
provisional_high_map,M-114,6,5,terminal,L416,74,P324,119,P122,11,P385
provisional_high_map,M-115,8,0,initial,P086,4,P324,3,P324,2,P324
provisional_high_map,M-115,8,1,medial,L844,175,P324,62,P324,9,L590
provisional_high_map,M-115,8,2,medial,L140,24,P324,84,P122,166,P324
provisional_high_map,M-115,8,3,medial,L176,34,P324,80,P122,159,P122
provisional_high_map,M-115,8,4,medial,L803,19,P324,10,P122,3,P145
provisional_high_map,M-115,8,5,medial,P122,2,P324,1,P122,1,P122
provisional_high_map,M-115,8,6,medial,L301,188,P324,188,P122,188,P385
provisional_high_map,M-115,8,7,terminal,L190,68,P324,60,P385,53,P385
provisional_high_map,M-116,7,0,initial,P324,1,P324,1,P324,1,P324
provisional_high_map,M-116,7,1,medial,L100,66,P324,15,P324,8,L336
provisional_high_map,M-116,7,2,medial,L176,34,P324,14,P122,157,L252
provisional_high_map,M-116,7,3,medial,L840,44,P324,169,P122,2,P122
provisional_high_map,M-116,7,4,medial,L013,86,P324,50,P122,16,P145
provisional_high_map,M-116,7,5,medial,P122,2,P324,1,P122,1,P122
provisional_high_map,M-116,7,6,terminal,P385,5,P324,29,P122,1,P385
provisional_high_map,M-117,8,0,initial,P217,9,P324,3,P324,1,P217
provisional_high_map,M-117,8,1,medial,L033,18,P324,7,P324,1,L033
provisional_high_map,M-117,8,2,medial,L705,23,P324,12,P122,1,L705
provisional_high_map,M-117,8,3,medial,L220,3,P324,2,P122,188,P058
provisional_high_map,M-117,8,4,medial,L803,17,P324,10,P122,178,P145
provisional_high_map,M-117,8,5,medial,L055,44,P324,49,P122,148,L231
provisional_high_map,M-117,8,6,medial,P122,2,P324,3,P378,1,P122
provisional_high_map,M-117,8,7,terminal,P378,13,P324,188,P385,2,P385
provisional_high_map,M-118,8,0,initial,P324,1,P324,1,P324,1,P324
provisional_high_map,M-118,8,1,medial,L772,171,P324,59,P324,28,L760
provisional_high_map,M-118,8,2,medial,L033,18,P324,13,P122,1,L033
provisional_high_map,M-118,8,3,medial,L705,23,P324,9,P122,1,L705
provisional_high_map,M-118,8,4,medial,P058,13,P324,11,P122,181,L220
provisional_high_map,M-118,8,5,medial,L803,17,P324,167,P122,5,L798
provisional_high_map,M-118,8,6,medial,P122,2,P324,3,P378,1,P122
provisional_high_map,M-118,8,7,terminal,P385,5,P324,1,P385,1,P385
provisional_high_map,M-119,10,0,initial,L151,67,P324,8,P324,8,P324
provisional_high_map,M-119,10,1,medial,L337,186,P324,186,P324,186,L243
provisional_high_map,M-119,10,2,medial,L484,186,P324,186,P122,186,P145
provisional_high_map,M-119,10,3,medial,P122,2,P324,1,P122,2,P324
provisional_high_map,M-119,10,4,medial,P086,4,P324,12,P122,2,P385
provisional_high_map,M-119,10,5,medial,L125,65,P324,65,P122,3,L590
provisional_high_map,M-119,10,6,medial,L632,79,P324,137,P122,2,L220
provisional_high_map,M-119,10,7,medial,P145,6,P324,182,P385,4,P324
provisional_high_map,M-119,10,8,medial,L900,39,P324,166,L140,161,P122
provisional_high_map,M-119,10,9,terminal,L563,186,P324,186,L717,186,P385
provisional_high_map,M-121,5,0,initial,P324,1,P324,1,P324,1,P324
provisional_high_map,M-121,5,1,medial,L900,39,P324,25,P324,3,P086
provisional_high_map,M-121,5,2,medial,L790,81,P324,57,P122,1,L790
provisional_high_map,M-121,5,3,medial,P058,13,P324,7,P122,1,P058
provisional_high_map,M-121,5,4,terminal,L798,19,P324,5,P122,77,P385
provisional_high_map,M-122,3,0,initial,P217,9,P324,3,P324,1,P217
provisional_high_map,M-122,3,1,medial,L033,18,P324,7,P324,1,L033
provisional_high_map,M-122,3,2,terminal,L705,23,P324,12,P122,2,P385
provisional_high_map,M-123,4,0,initial,L400,74,P324,21,P324,22,P324
provisional_high_map,M-123,4,1,medial,L093,187,P324,187,P324,187,P122
provisional_high_map,M-123,4,2,medial,P202,19,P324,184,P122,170,L017
provisional_high_map,M-123,4,3,terminal,L072,187,P324,187,P122,187,P385
provisional_high_map,M-124,4,0,initial,P324,1,P324,1,P324,1,P324
provisional_high_map,M-124,4,1,medial,L923,39,P324,12,P324,2,L760
provisional_high_map,M-124,4,2,medial,L220,3,P324,3,P122,1,L220
provisional_high_map,M-124,4,3,terminal,P145,6,P324,9,P122,2,P385
provisional_high_map,M-127,5,0,initial,L565,156,P324,128,P324,98,L090
provisional_high_map,M-127,5,1,medial,P324,1,P324,2,P123,4,P217
provisional_high_map,M-127,5,2,medial,L220,3,P324,3,P122,12,L760
provisional_high_map,M-127,5,3,medial,L741,13,P324,5,P122,179,P145
provisional_high_map,M-127,5,4,terminal,L176,34,P324,82,P122,176,P385
provisional_high_map,M-128,6,0,initial,P324,1,P324,1,P324,1,P324
provisional_high_map,M-128,6,1,medial,L923,39,P324,12,P324,5,P086
provisional_high_map,M-128,6,2,medial,L803,18,P324,59,P122,177,L220
provisional_high_map,M-128,6,3,medial,L741,13,P324,5,P122,176,P122
provisional_high_map,M-128,6,4,medial,L500,188,P324,188,P122,188,L033
provisional_high_map,M-128,6,5,terminal,L705,23,P324,151,P122,71,P385
provisional_high_map,M-129,6,0,initial,P217,8,P324,3,P324,2,P324
provisional_high_map,M-129,6,1,medial,P058,12,P324,25,P324,4,L033
provisional_high_map,M-129,6,2,medial,P062,10,P324,3,P122,1,P062
provisional_high_map,M-129,6,3,medial,P060,13,P324,5,P122,1,P060
provisional_high_map,M-129,6,4,medial,L741,11,P324,154,P122,6,P122
provisional_high_map,M-129,6,5,terminal,L360,188,P324,188,P122,188,P385
provisional_high_map,M-130,6,0,initial,P324,1,P324,1,P324,1,P324
provisional_high_map,M-130,6,1,medial,L094,187,P324,187,P324,187,L923
provisional_high_map,M-130,6,2,medial,L220,3,P324,3,P122,1,L220
provisional_high_map,M-130,6,3,medial,P145,6,P324,9,P122,1,P145
provisional_high_map,M-130,6,4,medial,P122,2,P324,1,P122,1,P122
provisional_high_map,M-130,6,5,terminal,L144,187,P324,187,P122,187,P385
provisional_high_map,M-131,6,0,initial,P324,1,P324,1,P324,1,P324
provisional_high_map,M-131,6,1,medial,P086,5,P324,9,P324,1,P086
provisional_high_map,M-131,6,2,medial,L590,59,P324,12,P122,2,P123
provisional_high_map,M-131,6,3,medial,L741,13,P324,5,P122,6,P122
provisional_high_map,M-131,6,4,medial,P086,5,P324,12,P122,11,L900
provisional_high_map,M-131,6,5,terminal,L790,81,P324,164,P122,159,P385
provisional_high_map,M-132,3,0,initial,L156,41,P324,5,P324,3,P086
provisional_high_map,M-132,3,1,medial,P123,19,P324,2,P324,1,P123
provisional_high_map,M-132,3,2,terminal,L545,59,P324,142,P122,7,P385
provisional_high_map,M-133,8,0,initial,L527,58,P324,9,P324,5,P324
provisional_high_map,M-133,8,1,medial,L550,24,P324,52,P324,1,L550
provisional_high_map,M-133,8,2,medial,P062,13,P324,3,P122,16,P217
provisional_high_map,M-133,8,3,medial,L220,3,P324,2,P122,187,P060
provisional_high_map,M-133,8,4,medial,L255,29,P324,93,P122,166,P145
provisional_high_map,M-133,8,5,medial,L812,188,P324,188,P122,188,L371
provisional_high_map,M-133,8,6,medial,L906,86,P324,177,P122,127,L527
provisional_high_map,M-133,8,7,terminal,L388,73,P324,98,P385,152,P385
provisional_high_map,M-134,3,0,initial,L872,188,P324,188,P324,188,P324
provisional_high_map,M-134,3,1,medial,P145,6,P324,7,P324,183,P120
provisional_high_map,M-134,3,2,terminal,L692,25,P324,154,P122,4,P385
provisional_high_map,M-135,4,0,initial,P217,9,P324,3,P324,1,P217
provisional_high_map,M-135,4,1,medial,L033,18,P324,7,P324,1,L033
provisional_high_map,M-135,4,2,medial,L705,23,P324,12,P122,1,L705
provisional_high_map,M-135,4,3,terminal,L031,28,P324,18,P122,72,P385
provisional_high_map,M-136,7,0,initial,L090,23,P324,4,P324,1,L090
provisional_high_map,M-136,7,1,medial,P324,1,P324,2,P123,1,P324
provisional_high_map,M-136,7,2,medial,L220,3,P324,3,P122,2,P086
provisional_high_map,M-136,7,3,medial,L016,32,P324,11,P122,6,P145
provisional_high_map,M-136,7,4,medial,L031,27,P324,53,P122,160,P122
provisional_high_map,M-136,7,5,medial,L908,188,P324,188,P122,188,P122
provisional_high_map,M-136,7,6,terminal,L545,59,P324,128,P122,7,P385
provisional_high_map,M-138,3,0,initial,P324,1,P324,1,P324,1,P324
provisional_high_map,M-138,3,1,medial,L900,39,P324,25,P324,11,L760
provisional_high_map,M-138,3,2,terminal,L005,86,P324,66,P122,21,P385
provisional_high_map,M-139,5,0,initial,L033,19,P324,38,P324,172,P324
provisional_high_map,M-139,5,1,medial,L832,82,P324,61,P324,123,L705
provisional_high_map,M-139,5,2,medial,L236,113,P324,98,P122,39,P060
provisional_high_map,M-139,5,3,medial,L741,13,P324,5,P122,176,P062
provisional_high_map,M-139,5,4,terminal,L361,188,P324,188,P122,188,P385
provisional_high_map,M-140,7,0,initial,P324,1,P324,1,P324,1,P324
provisional_high_map,M-140,7,1,medial,L336,129,P324,45,P324,35,P145
provisional_high_map,M-140,7,2,medial,P122,2,P324,1,P122,3,P217
provisional_high_map,M-140,7,3,medial,L220,3,P324,2,P122,2,P385
provisional_high_map,M-140,7,4,medial,L065,41,P324,57,P122,3,P145
provisional_high_map,M-140,7,5,medial,L440,74,P324,120,P122,117,L220
provisional_high_map,M-140,7,6,terminal,L455,75,P324,115,P122,158,P385
provisional_high_map,M-142,4,0,initial,L136,188,P324,188,P324,188,P324
provisional_high_map,M-142,4,1,medial,L140,24,P324,33,P324,171,P145
provisional_high_map,M-142,4,2,medial,P122,2,P324,1,P122,1,P122
provisional_high_map,M-142,4,3,terminal,P385,5,P324,18,P122,1,P385
provisional_high_map,M-143,6,0,initial,P324,1,P324,1,P324,1,P324
provisional_high_map,M-143,6,1,medial,L205,187,P324,187,P324,187,L220
provisional_high_map,M-143,6,2,medial,P145,6,P324,12,P122,2,L803
provisional_high_map,M-143,6,3,medial,P122,2,P324,1,P122,1,P122
provisional_high_map,M-143,6,4,medial,L252,187,P324,187,P122,187,P385
provisional_high_map,M-143,6,5,terminal,L840,44,P324,166,P122,66,P385
provisional_high_map,M-144,6,0,initial,P324,1,P324,1,P324,1,P324
provisional_high_map,M-144,6,1,medial,L100,67,P324,15,P324,8,L220
provisional_high_map,M-144,6,2,medial,L415,35,P324,15,P122,161,L798
provisional_high_map,M-144,6,3,medial,P062,13,P324,185,P122,32,P060
provisional_high_map,M-144,6,4,medial,P122,2,P324,1,P122,1,P122
provisional_high_map,M-144,6,5,terminal,P385,5,P324,2,P122,1,P385
provisional_high_map,M-145,4,0,initial,P324,1,P324,1,P324,1,P324
provisional_high_map,M-145,4,1,medial,L400,74,P324,127,P324,139,L760
provisional_high_map,M-145,4,2,medial,L142,67,P324,36,P122,109,L093
provisional_high_map,M-145,4,3,terminal,L880,181,P324,175,P122,142,P385
provisional_high_map,M-146,5,0,initial,P324,1,P324,1,P324,1,P324
provisional_high_map,M-146,5,1,medial,L255,28,P324,106,P324,45,L760
provisional_high_map,M-146,5,2,medial,L920,31,P324,182,P122,169,P058
provisional_high_map,M-146,5,3,medial,P120,7,P324,4,P122,1,P120
provisional_high_map,M-146,5,4,terminal,L692,24,P324,3,P122,1,L692
provisional_high_map,M-147,6,0,initial,L226,68,P324,8,P324,9,P324
provisional_high_map,M-147,6,1,medial,L803,19,P324,61,P324,2,P145
provisional_high_map,M-147,6,2,medial,P122,2,P324,1,P122,1,P122
provisional_high_map,M-147,6,3,medial,L220,3,P324,2,P122,2,P385
provisional_high_map,M-147,6,4,medial,L455,76,P324,123,P122,7,P145
provisional_high_map,M-147,6,5,terminal,P217,9,P324,187,P122,184,P385
provisional_high_map,M-148,3,0,initial,P324,1,P324,1,P324,1,P324
provisional_high_map,M-148,3,1,medial,P385,5,P324,187,P324,185,L760
provisional_high_map,M-148,3,2,terminal,L556,188,P324,188,P122,188,P385
provisional_high_map,M-149,5,0,initial,P324,1,P324,1,P324,1,P324
provisional_high_map,M-149,5,1,medial,L760,44,P324,7,P324,1,L760
provisional_high_map,M-149,5,2,medial,L440,76,P324,40,P122,7,P060
provisional_high_map,M-149,5,3,medial,P120,7,P324,4,P122,1,P120
provisional_high_map,M-149,5,4,terminal,L550,25,P324,38,P122,5,L692
provisional_high_map,M-150,2,0,initial,P324,1,P324,1,P324,1,P324
provisional_high_map,M-150,2,1,terminal,L832,83,P324,61,P324,168,P385
provisional_high_map,M-151,3,0,initial,L220,3,P324,72,P324,9,P324
provisional_high_map,M-151,3,1,medial,L065,41,P324,76,P324,3,P145
provisional_high_map,M-151,3,2,terminal,L864,188,P324,188,P122,188,P385
provisional_high_map,M-152,4,0,initial,P324,1,P324,1,P324,1,P324
provisional_high_map,M-152,4,1,medial,L772,171,P324,59,P324,43,P145
provisional_high_map,M-152,4,2,medial,P122,2,P324,1,P122,1,P122
provisional_high_map,M-152,4,3,terminal,P385,5,P324,18,P122,1,P385
provisional_high_map,M-153,3,0,initial,L269,119,P324,81,P324,64,P324
provisional_high_map,M-153,3,1,medial,L130,101,P324,33,P324,20,L301
provisional_high_map,M-153,3,2,terminal,L190,67,P324,92,P122,54,P385
provisional_high_map,M-154,7,0,initial,P217,9,P324,3,P324,2,P324
provisional_high_map,M-154,7,1,medial,L220,3,P324,7,P324,2,L033
provisional_high_map,M-154,7,2,medial,L621,159,P324,151,P122,89,P145
provisional_high_map,M-154,7,3,medial,L415,35,P324,36,P122,29,P145
provisional_high_map,M-154,7,4,medial,P122,2,P324,1,P122,4,P060
provisional_high_map,M-154,7,5,medial,L257,187,P324,187,P122,187,P385
provisional_high_map,M-154,7,6,terminal,L898,187,P324,187,P122,187,P385
provisional_high_map,M-155,3,0,initial,P324,1,P324,1,P324,1,P324
provisional_high_map,M-155,3,1,medial,L176,34,P324,97,P324,43,L220
provisional_high_map,M-155,3,2,terminal,L031,28,P324,13,P122,71,P385
provisional_high_map,M-157,7,0,initial,P324,1,P324,1,P324,1,P324
provisional_high_map,M-157,7,1,medial,L900,39,P324,25,P324,3,P086
provisional_high_map,M-157,7,2,medial,L790,81,P324,57,P122,1,L790
provisional_high_map,M-157,7,3,medial,P058,13,P324,7,P122,1,P058
provisional_high_map,M-157,7,4,medial,L798,19,P324,5,P122,9,P062
provisional_high_map,M-157,7,5,medial,L001,31,P324,40,P122,157,P122
provisional_high_map,M-157,7,6,terminal,P378,12,P324,3,P122,3,P385
provisional_high_map,M-158,4,0,initial,P086,4,P324,3,P324,2,P324
provisional_high_map,M-158,4,1,medial,L016,32,P324,14,P324,5,P123
provisional_high_map,M-158,4,2,medial,P120,7,P324,12,P122,1,P120
provisional_high_map,M-158,4,3,terminal,L550,25,P324,38,P122,5,L692
provisional_high_map,M-159,5,0,initial,P324,1,P324,1,P324,1,P324
provisional_high_map,M-159,5,1,medial,L048,186,P324,186,P324,186,L220
provisional_high_map,M-159,5,2,medial,L741,13,P324,55,P122,173,L017
provisional_high_map,M-159,5,3,medial,L250,186,P324,186,P122,186,P086
provisional_high_map,M-159,5,4,terminal,L579,186,P324,186,P122,186,P385
provisional_high_map,M-160,6,0,initial,L151,68,P324,8,P324,8,P324
provisional_high_map,M-160,6,1,medial,L243,188,P324,188,P324,188,L279
provisional_high_map,M-160,6,2,medial,L031,28,P324,13,P122,29,P145
provisional_high_map,M-160,6,3,medial,P122,2,P324,1,P122,1,P122
provisional_high_map,M-160,6,4,medial,P378,12,P324,48,P122,3,P385
provisional_high_map,M-160,6,5,terminal,L741,13,P324,7,P122,183,P385
provisional_high_map,M-163,5,0,initial,P217,9,P324,3,P324,2,P324
provisional_high_map,M-163,5,1,medial,L220,3,P324,7,P324,1,L220
provisional_high_map,M-163,5,2,medial,L415,35,P324,15,P122,5,L016
provisional_high_map,M-163,5,3,medial,P120,7,P324,4,P122,7,P122
provisional_high_map,M-163,5,4,terminal,P378,13,P324,48,P122,4,L692
provisional_high_map,M-164,5,0,initial,P324,1,P324,1,P324,1,P324
provisional_high_map,M-164,5,1,medial,L142,68,P324,90,P324,135,L760
provisional_high_map,M-164,5,2,medial,L061,66,P324,69,P122,132,P145
provisional_high_map,M-164,5,3,medial,P122,2,P324,1,P122,1,P122
provisional_high_map,M-164,5,4,terminal,P385,5,P324,2,P122,1,P385
provisional_high_map,M-166,6,0,initial,P086,4,P324,3,P324,2,P324
provisional_high_map,M-166,6,1,medial,L844,176,P324,62,P324,10,P123
provisional_high_map,M-166,6,2,medial,P062,13,P324,3,P122,179,P060
provisional_high_map,M-166,6,3,medial,L806,44,P324,167,P122,30,P060
provisional_high_map,M-166,6,4,medial,P122,2,P324,1,P122,1,P122
provisional_high_map,M-166,6,5,terminal,P385,5,P324,2,P122,1,P385
provisional_high_map,M-170,8,0,initial,P324,1,P324,1,P324,1,P324
provisional_high_map,M-170,8,1,medial,L923,39,P324,12,P324,2,L760
provisional_high_map,M-170,8,2,medial,L406,187,P324,187,P122,187,L220
provisional_high_map,M-170,8,3,medial,L061,67,P324,58,P122,104,L017
provisional_high_map,M-170,8,4,medial,L070,187,P324,187,P122,187,L220
provisional_high_map,M-170,8,5,medial,P145,6,P324,8,P122,182,P060
provisional_high_map,M-170,8,6,medial,L741,13,P324,147,P122,179,P122
provisional_high_map,M-170,8,7,terminal,P385,5,P324,1,P385,1,P385
provisional_high_map,M-171,8,0,initial,L407,188,P324,188,P324,188,P324
provisional_high_map,M-171,8,1,medial,L061,67,P324,76,P324,109,L090
provisional_high_map,M-171,8,2,medial,P324,1,P324,23,P122,1,P324
provisional_high_map,M-171,8,3,medial,L923,38,P324,182,P122,2,L760
provisional_high_map,M-171,8,4,medial,P058,13,P324,11,P122,178,P060
provisional_high_map,M-171,8,5,medial,L806,44,P324,166,P122,162,L231
provisional_high_map,M-171,8,6,medial,P120,7,P324,183,P122,1,P120
provisional_high_map,M-171,8,7,terminal,L692,25,P324,137,P385,1,L692
provisional_high_map,M-172,6,0,initial,L405,139,P324,105,P324,83,P324
provisional_high_map,M-172,6,1,medial,L018,86,P324,27,P324,7,L372
provisional_high_map,M-172,6,2,medial,L001,32,P324,66,P122,160,P217
provisional_high_map,M-172,6,3,medial,L220,3,P324,2,P122,185,P202
provisional_high_map,M-172,6,4,medial,L786,187,P324,187,P122,187,P145
provisional_high_map,M-172,6,5,terminal,L850,187,P324,187,P122,187,P385
provisional_high_map,M-173,5,0,initial,P324,1,P324,1,P324,1,P324
provisional_high_map,M-173,5,1,medial,L388,74,P324,47,P324,138,L760
provisional_high_map,M-173,5,2,medial,L900,38,P324,61,P122,157,P058
provisional_high_map,M-173,5,3,medial,L320,188,P324,188,P122,188,L790
provisional_high_map,M-173,5,4,terminal,L806,44,P324,43,P122,66,P385
provisional_high_map,M-174,6,0,initial,P324,1,P324,1,P324,1,P324
provisional_high_map,M-174,6,1,medial,L923,39,P324,12,P324,2,L760
provisional_high_map,M-174,6,2,medial,L220,3,P324,3,P122,1,L220
provisional_high_map,M-174,6,3,medial,P145,6,P324,9,P122,1,P145
provisional_high_map,M-174,6,4,medial,P122,2,P324,1,P122,1,P122
provisional_high_map,M-174,6,5,terminal,P378,13,P324,8,P122,2,P385
provisional_high_map,M-177,4,0,initial,P086,4,P324,3,P324,1,P086
provisional_high_map,M-177,4,1,medial,P123,19,P324,2,P324,3,L803
provisional_high_map,M-177,4,2,medial,P122,2,P324,1,P122,1,P122
provisional_high_map,M-177,4,3,terminal,L803,18,P324,167,P122,184,P385
provisional_high_map,M-178,2,0,initial,P086,4,P324,3,P324,2,P324
provisional_high_map,M-178,2,1,terminal,L016,32,P324,14,P324,22,P385
provisional_high_map,M-179,2,0,initial,P086,4,P324,3,P324,1,P086
provisional_high_map,M-179,2,1,terminal,P123,19,P324,2,P324,6,P385
provisional_high_map,M-180,2,0,initial,P324,1,P324,1,P324,1,P324
provisional_high_map,M-180,2,1,terminal,L621,160,P324,154,P324,148,P385
provisional_high_map,M-181,5,0,initial,P217,9,P324,3,P324,2,P324
provisional_high_map,M-181,5,1,medial,L175,186,P324,186,P324,186,P058
provisional_high_map,M-181,5,2,medial,P122,2,P324,1,P122,184,L017
provisional_high_map,M-181,5,3,medial,L295,186,P324,186,P122,186,P385
provisional_high_map,M-181,5,4,terminal,L502,186,P324,186,P122,186,P385
provisional_high_map,M-183,4,0,initial,P217,9,P324,3,P324,2,P324
provisional_high_map,M-183,4,1,medial,P058,13,P324,25,P324,2,L033
provisional_high_map,M-183,4,2,medial,P120,7,P324,12,P122,8,P122
provisional_high_map,M-183,4,3,terminal,L297,71,P324,95,P122,153,L692
provisional_high_map,M-184,4,0,initial,L090,24,P324,4,P324,1,L090
provisional_high_map,M-184,4,1,medial,P324,1,P324,2,P123,1,P324
provisional_high_map,M-184,4,2,medial,L101,188,P324,188,P122,188,L760
provisional_high_map,M-184,4,3,terminal,L853,176,P324,170,P122,51,P385
provisional_high_map,M-182,2,0,initial,P324,1,P324,1,P324,1,P324
provisional_high_map,M-182,2,1,terminal,L416,75,P324,132,P324,28,P385
provisional_high_medium_map,M-1,5,0,initial,P121,34,P324,172,P324,32,P324
provisional_high_medium_map,M-1,5,1,medial,P202,18,P324,184,P324,2,P122
provisional_high_medium_map,M-1,5,2,medial,P385,5,P324,187,P122,1,P385
provisional_high_medium_map,M-1,5,3,medial,P073,28,P324,41,P122,3,L556
provisional_high_medium_map,M-1,5,4,terminal,L371,134,P324,104,P122,37,P385
provisional_high_medium_map,M-3,3,0,initial,L717,164,P324,132,P324,109,P324
provisional_high_medium_map,M-3,3,1,medial,P145,6,P324,5,P324,181,L017
provisional_high_medium_map,M-3,3,2,terminal,L521,187,P324,187,P122,187,P385
provisional_high_medium_map,M-5,6,0,initial,P324,1,P324,1,P324,1,P324
provisional_high_medium_map,M-5,6,1,medial,L773,187,P324,187,P324,187,L798
provisional_high_medium_map,M-5,6,2,medial,P062,13,P324,3,P122,1,P062
provisional_high_medium_map,M-5,6,3,medial,P060,14,P324,5,P122,1,P060
provisional_high_medium_map,M-5,6,4,medial,P120,7,P324,8,P122,1,P120
provisional_high_medium_map,M-5,6,5,terminal,P256,26,P324,184,P122,1,P256
provisional_high_medium_map,M-6,4,0,initial,P378,14,P324,32,P324,32,P324
provisional_high_medium_map,M-6,4,1,medial,L880,179,P324,170,P324,98,P050
provisional_high_medium_map,M-6,4,2,medial,P201,43,P324,182,P122,149,L017
provisional_high_medium_map,M-6,4,3,terminal,L244,187,P324,187,P122,187,P385
provisional_high_medium_map,M-8,3,0,initial,L706,78,P324,133,P324,140,P324
provisional_high_medium_map,M-8,3,1,medial,P011,24,P324,61,P324,164,L125
provisional_high_medium_map,M-8,3,2,terminal,L632,77,P324,148,P122,156,P385
provisional_high_medium_map,M-9,3,0,initial,P144,30,P324,173,P324,166,P324
provisional_high_medium_map,M-9,3,1,medial,L311,186,P324,186,P324,186,P122
provisional_high_medium_map,M-9,3,2,terminal,L745,186,P324,186,P122,186,P385
provisional_high_medium_map,M-12,9,0,initial,P324,1,P324,1,P324,1,P324
provisional_high_medium_map,M-12,9,1,medial,P086,4,P324,8,P324,1,P086
provisional_high_medium_map,M-12,9,2,medial,L590,58,P324,8,P122,1,L590
provisional_high_medium_map,M-12,9,3,medial,P058,14,P324,6,P122,3,P364
provisional_high_medium_map,M-12,9,4,medial,P122,2,P324,1,P122,2,P120
provisional_high_medium_map,M-12,9,5,medial,P202,18,P324,182,P122,7,P385
provisional_high_medium_map,M-12,9,6,medial,L202,186,P324,186,P122,186,L920
provisional_high_medium_map,M-12,9,7,medial,L892,186,P324,186,P385,186,P073
provisional_high_medium_map,M-12,9,8,terminal,L371,133,P324,74,L329,37,P385
provisional_high_medium_map,M-13,3,0,initial,P202,18,P324,32,P324,31,P324
provisional_high_medium_map,M-13,3,1,medial,L304,187,P324,187,P324,187,L920
provisional_high_medium_map,M-13,3,2,terminal,L125,66,P324,80,P122,146,P385
provisional_high_medium_map,M-14,5,0,initial,P324,1,P324,1,P324,1,P324
provisional_high_medium_map,M-14,5,1,medial,L776,187,P324,187,P324,187,P086
provisional_high_medium_map,M-14,5,2,medial,P210,43,P324,63,P122,28,P364
provisional_high_medium_map,M-14,5,3,medial,P122,2,P324,1,P122,1,P122
provisional_high_medium_map,M-14,5,4,terminal,P385,5,P324,2,P122,1,P385
provisional_high_medium_map,M-15,5,0,initial,P013,24,P324,4,P324,1,P013
provisional_high_medium_map,M-15,5,1,medial,P324,1,P324,2,P123,1,P324
provisional_high_medium_map,M-15,5,2,medial,P194,34,P324,21,P122,19,P145
provisional_high_medium_map,M-15,5,3,medial,P122,2,P324,1,P122,1,P122
provisional_high_medium_map,M-15,5,4,terminal,P385,5,P324,2,P122,1,P385
provisional_high_medium_map,M-16,4,0,initial,P378,14,P324,32,P324,31,P324
provisional_high_medium_map,M-16,4,1,medial,L130,100,P324,31,P324,21,L463
provisional_high_medium_map,M-16,4,2,medial,L035,186,P324,186,P122,186,L190
provisional_high_medium_map,M-16,4,3,terminal,L171,186,P324,186,P122,186,P385
provisional_high_medium_map,M-17,5,0,initial,P086,4,P324,3,P324,2,P324
provisional_high_medium_map,M-17,5,1,medial,P126,34,P324,23,P324,5,P123
provisional_high_medium_map,M-17,5,2,medial,P122,2,P324,1,P122,1,P122
provisional_high_medium_map,M-17,5,3,medial,L814,174,P324,161,P122,19,P385
provisional_high_medium_map,M-17,5,4,terminal,L560,187,P324,187,P122,187,P385
provisional_high_medium_map,M-18,3,0,initial,L932,187,P324,187,P324,187,P013
provisional_high_medium_map,M-18,3,1,medial,P324,1,P324,2,P123,3,P364
provisional_high_medium_map,M-18,3,2,terminal,L055,43,P324,68,P122,92,P385
provisional_high_medium_map,M-21,8,0,initial,L350,71,P324,90,P324,132,P324
provisional_high_medium_map,M-21,8,1,medial,P121,34,P324,182,P324,155,P013
provisional_high_medium_map,M-21,8,2,medial,P324,1,P324,22,P122,186,P202
provisional_high_medium_map,M-21,8,3,medial,L362,187,P324,187,P122,187,P086
provisional_high_medium_map,M-21,8,4,medial,P256,26,P324,6,P122,166,P050
provisional_high_medium_map,M-21,8,5,medial,P145,6,P324,7,P122,2,P364
provisional_high_medium_map,M-21,8,6,medial,P122,2,P324,3,P378,1,P122
provisional_high_medium_map,M-21,8,7,terminal,P385,5,P324,1,P385,1,P385
provisional_high_medium_map,M-24,7,0,initial,P013,24,P324,4,P324,1,P013
provisional_high_medium_map,M-24,7,1,medial,P324,1,P324,2,P123,1,P324
provisional_high_medium_map,M-24,7,2,medial,P062,13,P324,3,P122,4,P332
provisional_high_medium_map,M-24,7,3,medial,P060,14,P324,5,P122,1,P060
provisional_high_medium_map,M-24,7,4,medial,P122,2,P324,1,P122,2,P364
provisional_high_medium_map,M-24,7,5,medial,L906,85,P324,167,P122,136,P385
provisional_high_medium_map,M-24,7,6,terminal,P011,23,P324,22,P122,6,P385
provisional_high_medium_map,M-26,5,0,initial,P013,23,P324,4,P324,1,P013
provisional_high_medium_map,M-26,5,1,medial,P324,1,P324,2,P123,1,P324
provisional_high_medium_map,M-26,5,2,medial,L531,187,P324,187,P122,187,P332
provisional_high_medium_map,M-26,5,3,medial,P120,7,P324,4,P122,1,P120
provisional_high_medium_map,M-26,5,4,terminal,P256,26,P324,6,P122,1,P256
provisional_high_medium_map,M-29,9,0,initial,P324,1,P324,1,P324,1,P324
provisional_high_medium_map,M-29,9,1,medial,L055,43,P324,75,P324,38,L798
provisional_high_medium_map,M-29,9,2,medial,P062,13,P324,3,P122,1,P062
provisional_high_medium_map,M-29,9,3,medial,P060,14,P324,5,P122,1,P060
provisional_high_medium_map,M-29,9,4,medial,P364,9,P324,6,P122,1,P364
provisional_high_medium_map,M-29,9,5,medial,P122,2,P324,1,P122,1,P122
provisional_high_medium_map,M-29,9,6,medial,P050,3,P324,167,P122,2,P385
provisional_high_medium_map,M-29,9,7,medial,L455,75,P324,98,P385,9,P145
provisional_high_medium_map,M-29,9,8,terminal,P210,42,P324,177,L329,172,P385
provisional_high_medium_map,M-30,7,0,initial,P324,1,P324,1,P324,1,P324
provisional_high_medium_map,M-30,7,1,medial,L752,186,P324,186,P324,186,P332
provisional_high_medium_map,M-30,7,2,medial,L017,186,P324,186,P122,186,L776
provisional_high_medium_map,M-30,7,3,medial,P210,43,P324,181,P122,155,P230
provisional_high_medium_map,M-30,7,4,medial,P062,13,P324,175,P122,1,P062
provisional_high_medium_map,M-30,7,5,medial,P060,14,P324,32,P122,1,P060
provisional_high_medium_map,M-30,7,6,terminal,P364,9,P324,28,P122,2,P385
provisional_high_medium_map,M-31,6,0,initial,P324,1,P324,1,P324,1,P324
provisional_high_medium_map,M-31,6,1,medial,L269,118,P324,104,P324,72,P332
provisional_high_medium_map,M-31,6,2,medial,L511,187,P324,187,P122,187,P217
provisional_high_medium_map,M-31,6,3,medial,P058,14,P324,6,P122,13,P060
provisional_high_medium_map,M-31,6,4,medial,P120,7,P324,8,P122,2,P122
provisional_high_medium_map,M-31,6,5,terminal,P378,13,P324,9,P122,4,P256
provisional_high_medium_map,M-32,4,0,initial,P086,4,P324,3,P324,1,P086
provisional_high_medium_map,M-32,4,1,medial,P123,17,P324,2,P324,3,P364
provisional_high_medium_map,M-32,4,2,medial,P122,2,P324,1,P122,1,P122
provisional_high_medium_map,M-32,4,3,terminal,P385,5,P324,19,P122,1,P385
provisional_high_medium_map,M-33,7,0,initial,P324,1,P324,1,P324,1,P324
provisional_high_medium_map,M-33,7,1,medial,P145,6,P324,5,P324,45,P175
provisional_high_medium_map,M-33,7,2,medial,P175,34,P324,182,P122,160,P122
provisional_high_medium_map,M-33,7,3,medial,L382,136,P324,105,P122,64,P217
provisional_high_medium_map,M-33,7,4,medial,P058,14,P324,9,P122,13,P364
provisional_high_medium_map,M-33,7,5,medial,P122,2,P324,1,P122,4,L798
provisional_high_medium_map,M-33,7,6,terminal,L112,187,P324,187,P122,187,P385
provisional_high_medium_map,M-34,7,0,initial,P324,1,P324,1,P324,1,P324
provisional_high_medium_map,M-34,7,1,medial,L336,127,P324,41,P324,21,L100
provisional_high_medium_map,M-34,7,2,medial,P194,34,P324,21,P122,28,P364
provisional_high_medium_map,M-34,7,3,medial,P122,2,P324,1,P122,4,P349
provisional_high_medium_map,M-34,7,4,medial,L405,136,P324,108,P122,68,P385
provisional_high_medium_map,M-34,7,5,medial,L372,186,P324,186,P122,186,L018
provisional_high_medium_map,M-34,7,6,terminal,L374,186,P324,186,P122,186,P385
provisional_high_medium_map,M-35,7,0,initial,P324,1,P324,1,P324,1,P324
provisional_high_medium_map,M-35,7,1,medial,P086,4,P324,8,P324,1,P086
provisional_high_medium_map,M-35,7,2,medial,L590,58,P324,8,P122,1,L590
provisional_high_medium_map,M-35,7,3,medial,P058,14,P324,6,P122,3,P316
provisional_high_medium_map,M-35,7,4,medial,P056,42,P324,176,P122,10,P364
provisional_high_medium_map,M-35,7,5,medial,P122,2,P324,1,P122,1,P122
provisional_high_medium_map,M-35,7,6,terminal,L107,187,P324,187,P122,187,P385
provisional_high_medium_map,M-36,9,0,initial,P324,1,P324,1,P324,1,P324
provisional_high_medium_map,M-36,9,1,medial,L794,171,P324,56,P324,28,P332
provisional_high_medium_map,M-36,9,2,medial,L630,186,P324,186,P122,186,P217
provisional_high_medium_map,M-36,9,3,medial,P050,3,P324,2,P122,1,P050
provisional_high_medium_map,M-36,9,4,medial,P145,6,P324,45,P122,1,P145
provisional_high_medium_map,M-36,9,5,medial,P122,2,P324,1,P122,1,P122
provisional_high_medium_map,M-36,9,6,medial,P202,18,P324,177,P122,7,P385
provisional_high_medium_map,M-36,9,7,medial,L906,84,P324,158,P385,126,L920
provisional_high_medium_map,M-36,9,8,terminal,L329,186,P324,186,L371,186,P385
provisional_high_medium_map,M-37,3,0,initial,P217,10,P324,3,P324,2,P324
provisional_high_medium_map,M-37,3,1,medial,P050,3,P324,8,P324,1,P050
provisional_high_medium_map,M-37,3,2,terminal,L415,32,P324,14,P122,17,P385
provisional_high_medium_map,M-38,13,0,initial,P324,1,P324,1,P324,1,P324
provisional_high_medium_map,M-38,13,1,medial,L690,187,P324,187,P324,187,P332
provisional_high_medium_map,M-38,13,2,medial,L435,141,P324,133,P122,3,P385
provisional_high_medium_map,M-38,13,3,medial,P073,28,P324,41,P122,10,P217
provisional_high_medium_map,M-38,13,4,medial,P050,3,P324,40,P122,1,P050
provisional_high_medium_map,M-38,13,5,medial,P145,6,P324,7,P122,2,L415
provisional_high_medium_map,M-38,13,6,medial,P062,13,P324,169,P122,1,P062
provisional_high_medium_map,M-38,13,7,medial,P060,14,P324,167,P385,1,P060
provisional_high_medium_map,M-38,13,8,medial,P122,2,P324,167,L329,1,P122
provisional_high_medium_map,M-38,13,9,medial,P086,4,P324,163,L563,2,P385
provisional_high_medium_map,M-38,13,10,medial,L125,65,P324,65,P324,3,L590
provisional_high_medium_map,M-38,13,11,medial,L632,77,P324,77,P324,2,P050
provisional_high_medium_map,M-38,13,12,terminal,P145,6,P324,6,P324,10,P385
provisional_high_medium_map,M-40,5,0,initial,L391,186,P324,186,P324,186,P324
provisional_high_medium_map,M-40,5,1,medial,P122,2,P324,181,P324,184,L005
provisional_high_medium_map,M-40,5,2,medial,L527,58,P324,137,P122,147,P385
provisional_high_medium_map,M-40,5,3,medial,L475,186,P324,186,P122,186,P230
provisional_high_medium_map,M-40,5,4,terminal,L005,85,P324,48,P122,19,P385
provisional_high_medium_map,M-42,5,0,initial,L527,58,P324,9,P324,5,P324
provisional_high_medium_map,M-42,5,1,medial,P230,26,P324,69,P324,1,P230
provisional_high_medium_map,M-42,5,2,medial,P062,14,P324,3,P122,7,P364
provisional_high_medium_map,M-42,5,3,medial,P122,2,P324,1,P122,1,P122
provisional_high_medium_map,M-42,5,4,terminal,P385,5,P324,2,P122,1,P385
provisional_high_medium_map,M-43,6,0,initial,P324,1,P324,1,P324,1,P324
provisional_high_medium_map,M-43,6,1,medial,L798,17,P324,10,P324,8,P332
provisional_high_medium_map,M-43,6,2,medial,P056,42,P324,19,P122,9,P364
provisional_high_medium_map,M-43,6,3,medial,P122,2,P324,1,P122,1,P122
provisional_high_medium_map,M-43,6,4,medial,L055,43,P324,52,P122,134,P385
provisional_high_medium_map,M-43,6,5,terminal,L373,187,P324,187,P122,187,P385
provisional_high_medium_map,M-44,8,0,initial,P324,1,P324,1,P324,1,P324
provisional_high_medium_map,M-44,8,1,medial,P332,43,P324,9,P324,4,L772
provisional_high_medium_map,M-44,8,2,medial,P147,20,P324,21,P122,1,P147
provisional_high_medium_map,M-44,8,3,medial,P316,23,P324,9,P122,1,P316
provisional_high_medium_map,M-44,8,4,medial,P364,10,P324,6,P122,3,P056
provisional_high_medium_map,M-44,8,5,medial,P122,2,P324,1,P122,1,P122
provisional_high_medium_map,M-44,8,6,medial,L920,28,P324,162,P122,163,P385
provisional_high_medium_map,M-44,8,7,terminal,L317,187,P324,187,P385,187,P385
provisional_high_medium_map,M-46,8,0,initial,P324,1,P324,1,P324,1,P324
provisional_high_medium_map,M-46,8,1,medial,L798,17,P324,10,P324,11,L055
provisional_high_medium_map,M-46,8,2,medial,P062,13,P324,3,P122,1,P062
provisional_high_medium_map,M-46,8,3,medial,P060,14,P324,5,P122,1,P060
provisional_high_medium_map,M-46,8,4,medial,P122,2,P324,1,P122,1,P122
provisional_high_medium_map,M-46,8,5,medial,P050,3,P324,172,P122,2,P385
provisional_high_medium_map,M-46,8,6,medial,P201,43,P324,179,P122,3,P145
provisional_high_medium_map,M-46,8,7,terminal,L215,111,P324,55,P385,94,P385
provisional_high_medium_map,M-47,5,0,initial,P324,1,P324,1,P324,1,P324
provisional_high_medium_map,M-47,5,1,medial,P332,43,P324,9,P324,5,P062
provisional_high_medium_map,M-47,5,2,medial,P060,14,P324,180,P122,6,P364
provisional_high_medium_map,M-47,5,3,medial,P122,2,P324,1,P122,1,P122
provisional_high_medium_map,M-47,5,4,terminal,P385,5,P324,2,P122,1,P385
provisional_high_medium_map,M-48,6,0,initial,P086,4,P324,3,P324,3,P324
provisional_high_medium_map,M-48,6,1,medial,P378,14,P324,70,P324,177,L590
provisional_high_medium_map,M-48,6,2,medial,L463,187,P324,187,P122,187,L741
provisional_high_medium_map,M-48,6,3,medial,P120,7,P324,4,P122,4,P122
provisional_high_medium_map,M-48,6,4,medial,P202,18,P324,47,P122,3,P256
provisional_high_medium_map,M-48,6,5,terminal,L920,28,P324,6,P122,3,P385
provisional_high_medium_map,M-51,8,0,initial,P324,1,P324,1,P324,1,P324
provisional_high_medium_map,M-51,8,1,medial,L798,17,P324,10,P324,1,L798
provisional_high_medium_map,M-51,8,2,medial,L460,75,P324,37,P122,1,L460
provisional_high_medium_map,M-51,8,3,medial,L350,70,P324,31,P122,3,P062
provisional_high_medium_map,M-51,8,4,medial,P060,14,P324,41,P122,7,L048
provisional_high_medium_map,M-51,8,5,medial,L741,13,P324,6,P122,2,P122
provisional_high_medium_map,M-51,8,6,medial,P086,4,P324,171,P122,17,L081
provisional_high_medium_map,M-51,8,7,terminal,P011,24,P324,164,P385,12,P385
provisional_high_medium_map,M-52,10,0,initial,P324,1,P324,1,P324,1,P324
provisional_high_medium_map,M-52,10,1,medial,L904,186,P324,186,P324,186,P050
provisional_high_medium_map,M-52,10,2,medial,P145,6,P324,10,P122,182,P217
provisional_high_medium_map,M-52,10,3,medial,P050,3,P324,2,P122,2,P122
provisional_high_medium_map,M-52,10,4,medial,L415,32,P324,113,P122,4,P145
provisional_high_medium_map,M-52,10,5,medial,P060,14,P324,32,P122,3,P122
provisional_high_medium_map,M-52,10,6,medial,P364,10,P324,28,P122,1,P364
provisional_high_medium_map,M-52,10,7,medial,P122,2,P324,170,P385,1,P122
provisional_high_medium_map,M-52,10,8,medial,L504,186,P324,186,L329,186,P385
provisional_high_medium_map,M-52,10,9,terminal,L717,164,P324,119,L563,127,P385
provisional_high_medium_map,M-53,9,0,initial,P013,23,P324,4,P324,1,P013
provisional_high_medium_map,M-53,9,1,medial,P324,1,P324,2,P123,1,P324
provisional_high_medium_map,M-53,9,2,medial,P050,3,P324,3,P122,2,P086
provisional_high_medium_map,M-53,9,3,medial,P126,34,P324,15,P122,7,P145
provisional_high_medium_map,M-53,9,4,medial,P122,2,P324,1,P122,2,P120
provisional_high_medium_map,M-53,9,5,medial,L297,70,P324,84,P122,21,P385
provisional_high_medium_map,M-53,9,6,medial,L190,66,P324,59,P122,112,P202
provisional_high_medium_map,M-53,9,7,medial,L920,28,P324,161,P385,160,L136
provisional_high_medium_map,M-53,9,8,terminal,P011,22,P324,158,L329,6,P385
provisional_high_medium_map,M-54,7,0,initial,L236,112,P324,69,P324,68,P324
provisional_high_medium_map,M-54,7,1,medial,P062,13,P324,182,P324,178,P217
provisional_high_medium_map,M-54,7,2,medial,P147,20,P324,21,P122,2,P060
provisional_high_medium_map,M-54,7,3,medial,P316,23,P324,9,P122,1,P316
provisional_high_medium_map,M-54,7,4,medial,L798,17,P324,6,P122,30,P364
provisional_high_medium_map,M-54,7,5,medial,P122,2,P324,1,P122,1,P122
provisional_high_medium_map,M-54,7,6,terminal,P378,14,P324,4,P122,2,P385
provisional_high_medium_map,M-56,8,0,initial,P324,1,P324,1,P324,1,P324
provisional_high_medium_map,M-56,8,1,medial,L877,186,P324,186,P324,186,P050
provisional_high_medium_map,M-56,8,2,medial,P145,6,P324,10,P122,5,P062
provisional_high_medium_map,M-56,8,3,medial,P060,14,P324,5,P122,3,P122
provisional_high_medium_map,M-56,8,4,medial,P120,7,P324,8,P122,1,P120
provisional_high_medium_map,M-56,8,5,medial,P230,26,P324,36,P122,2,P256
provisional_high_medium_map,M-56,8,6,medial,L611,186,P324,186,P122,186,P062
provisional_high_medium_map,M-56,8,7,terminal,P349,43,P324,184,P385,66,P385
provisional_high_medium_map,M-57,6,0,initial,L226,68,P324,8,P324,6,P324
provisional_high_medium_map,M-57,6,1,medial,P145,6,P324,5,P324,5,P364
provisional_high_medium_map,M-57,6,2,medial,P056,43,P324,19,P122,162,P122
provisional_high_medium_map,M-57,6,3,medial,L798,17,P324,160,P122,30,P364
provisional_high_medium_map,M-57,6,4,medial,P122,2,P324,1,P122,7,L460
provisional_high_medium_map,M-57,6,5,terminal,L693,187,P324,187,P122,187,P385
provisional_high_medium_map,M-58,5,0,initial,P324,1,P324,1,P324,1,P324
provisional_high_medium_map,M-58,5,1,medial,L460,75,P324,130,P324,140,P086
provisional_high_medium_map,M-58,5,2,medial,P210,43,P324,63,P122,28,P364
provisional_high_medium_map,M-58,5,3,medial,P122,2,P324,1,P122,1,P122
provisional_high_medium_map,M-58,5,4,terminal,P385,5,P324,2,P122,1,P385
provisional_high_medium_map,M-59,5,0,initial,P202,18,P324,32,P324,32,P086
provisional_high_medium_map,M-59,5,1,medial,P123,16,P324,2,P324,169,L920
provisional_high_medium_map,M-59,5,2,medial,L742,187,P324,187,P122,187,P122
provisional_high_medium_map,M-59,5,3,medial,P120,7,P324,4,P122,4,P202
provisional_high_medium_map,M-59,5,4,terminal,L920,28,P324,172,P122,5,P256
provisional_high_medium_map,M-63,4,0,initial,L526,186,P324,186,P324,186,P324
provisional_high_medium_map,M-63,4,1,medial,L555,186,P324,186,P324,186,P058
provisional_high_medium_map,M-63,4,2,medial,P120,7,P324,9,P122,1,P120
provisional_high_medium_map,M-63,4,3,terminal,P230,26,P324,46,P122,5,P256
provisional_high_medium_map,M-64,6,0,initial,P217,10,P324,3,P324,1,P217
provisional_high_medium_map,M-64,6,1,medial,P147,21,P324,8,P324,2,P050
provisional_high_medium_map,M-64,6,2,medial,L706,78,P324,152,P122,130,P316
provisional_high_medium_map,M-64,6,3,medial,P120,7,P324,4,P122,184,P217
provisional_high_medium_map,M-64,6,4,medial,P050,3,P324,40,P122,9,P256
provisional_high_medium_map,M-64,6,5,terminal,L004,43,P324,39,P122,16,P385
provisional_high_medium_map,M-65,6,0,initial,P217,10,P324,3,P324,2,P324
provisional_high_medium_map,M-65,6,1,medial,P050,3,P324,8,P324,2,P147
provisional_high_medium_map,M-65,6,2,medial,P144,29,P324,21,P122,168,P145
provisional_high_medium_map,M-65,6,3,medial,P121,34,P324,42,P122,154,P122
provisional_high_medium_map,M-65,6,4,medial,L706,77,P324,144,P122,122,P202
provisional_high_medium_map,M-65,6,5,terminal,L575,156,P324,129,P122,124,P385
provisional_high_medium_map,M-69,5,0,initial,P324,1,P324,1,P324,1,P324
provisional_high_medium_map,M-69,5,1,medial,P364,10,P324,70,P324,182,L798
provisional_high_medium_map,M-69,5,2,medial,P056,43,P324,19,P122,160,P122
provisional_high_medium_map,M-69,5,3,medial,P120,7,P324,4,P122,1,P120
provisional_high_medium_map,M-69,5,4,terminal,P256,26,P324,6,P122,1,P256
provisional_high_medium_map,M-70,5,0,initial,L226,68,P324,8,P324,6,P324
provisional_high_medium_map,M-70,5,1,medial,P145,6,P324,5,P324,2,P364
provisional_high_medium_map,M-70,5,2,medial,P122,2,P324,1,P122,1,P122
provisional_high_medium_map,M-70,5,3,medial,P086,4,P324,181,P122,6,P385
provisional_high_medium_map,M-70,5,4,terminal,P256,26,P324,6,P122,7,P385
provisional_high_medium_map,M-71,6,0,initial,L151,67,P324,8,P324,8,P324
provisional_high_medium_map,M-71,6,1,medial,L279,186,P324,186,P324,186,L243
provisional_high_medium_map,M-71,6,2,medial,L142,66,P324,33,P122,128,P364
provisional_high_medium_map,M-71,6,3,medial,P122,2,P324,1,P122,2,P324
provisional_high_medium_map,M-71,6,4,medial,P086,4,P324,10,P122,5,P385
provisional_high_medium_map,M-71,6,5,terminal,L095,186,P324,186,P122,186,P385
provisional_high_medium_map,M-74,4,0,initial,L595,186,P324,186,P324,186,P324
provisional_high_medium_map,M-74,4,1,medial,L575,156,P324,146,P324,72,L017
provisional_high_medium_map,M-74,4,2,medial,L704,186,P324,186,P122,186,L136
provisional_high_medium_map,M-74,4,3,terminal,P011,24,P324,178,P122,6,P385
provisional_high_medium_map,M-75,5,0,initial,P217,10,P324,3,P324,2,P324
provisional_high_medium_map,M-75,5,1,medial,P050,3,P324,8,P324,1,P050
provisional_high_medium_map,M-75,5,2,medial,L004,43,P324,66,P122,9,P145
provisional_high_medium_map,M-75,5,3,medial,P122,2,P324,1,P122,1,P122
provisional_high_medium_map,M-75,5,4,terminal,P385,5,P324,2,P122,1,P385
provisional_high_medium_map,M-77,5,0,initial,L832,82,P324,149,P324,142,P324
provisional_high_medium_map,M-77,5,1,medial,P086,4,P324,8,P324,187,P060
provisional_high_medium_map,M-77,5,2,medial,P364,10,P324,65,P122,3,P123
provisional_high_medium_map,M-77,5,3,medial,P122,2,P324,1,P122,1,P122
provisional_high_medium_map,M-77,5,4,terminal,P385,5,P324,2,P122,1,P385
provisional_high_medium_map,M-78,4,0,initial,P324,1,P324,1,P324,1,P324
provisional_high_medium_map,M-78,4,1,medial,L344,187,P324,187,P324,187,P050
provisional_high_medium_map,M-78,4,2,medial,P145,6,P324,10,P122,181,L908
provisional_high_medium_map,M-78,4,3,terminal,L545,58,P324,34,P122,11,P385
provisional_high_medium_map,M-80,5,0,initial,P004,43,P324,5,P324,3,P086
provisional_high_medium_map,M-80,5,1,medial,P123,16,P324,2,P324,1,P123
provisional_high_medium_map,M-80,5,2,medial,P120,7,P324,9,P122,8,P122
provisional_high_medium_map,M-80,5,3,medial,P202,18,P324,45,P122,4,P122
provisional_high_medium_map,M-80,5,4,terminal,P385,5,P324,2,P122,1,P385
provisional_high_medium_map,M-82,6,0,initial,P324,1,P324,1,P324,1,P324
provisional_high_medium_map,M-82,6,1,medial,L222,186,P324,186,P324,186,P145
provisional_high_medium_map,M-82,6,2,medial,P122,2,P324,1,P122,184,L017
provisional_high_medium_map,M-82,6,3,medial,L207,186,P324,186,P122,186,P385
provisional_high_medium_map,M-82,6,4,medial,P230,26,P324,47,P122,166,P122
provisional_high_medium_map,M-82,6,5,terminal,P086,4,P324,174,P122,182,P385
provisional_high_medium_map,M-83,3,0,initial,P086,4,P324,3,P324,3,P324
provisional_high_medium_map,M-83,3,1,medial,L018,86,P324,26,P324,15,L590
provisional_high_medium_map,M-83,3,2,terminal,L796,187,P324,187,P122,187,P385
provisional_high_medium_map,M-84,6,0,initial,P324,1,P324,1,P324,1,P324
provisional_high_medium_map,M-84,6,1,medial,L765,187,P324,187,P324,187,L798
provisional_high_medium_map,M-84,6,2,medial,P062,14,P324,3,P122,176,L018
provisional_high_medium_map,M-84,6,3,medial,P121,34,P324,42,P122,5,P122
provisional_high_medium_map,M-84,6,4,medial,P202,18,P324,47,P122,1,P202
provisional_high_medium_map,M-84,6,5,terminal,L920,28,P324,6,P122,3,P385
provisional_high_medium_map,M-85,5,0,initial,P217,10,P324,3,P324,2,P324
provisional_high_medium_map,M-85,5,1,medial,P058,14,P324,23,P324,3,P050
provisional_high_medium_map,M-85,5,2,medial,L741,13,P324,51,P122,176,P122
provisional_high_medium_map,M-85,5,3,medial,L081,186,P324,186,P122,186,P086
provisional_high_medium_map,M-85,5,4,terminal,L272,186,P324,186,P122,186,P385
provisional_high_medium_map,M-86,7,0,initial,P217,10,P324,3,P324,1,P217
provisional_high_medium_map,M-86,7,1,medial,P147,20,P324,8,P324,1,P147
provisional_high_medium_map,M-86,7,2,medial,P316,23,P324,12,P122,1,P316
provisional_high_medium_map,M-86,7,3,medial,P056,43,P324,180,P122,9,P364
provisional_high_medium_map,M-86,7,4,medial,P122,2,P324,1,P122,1,P122
provisional_high_medium_map,M-86,7,5,medial,P378,14,P324,9,P122,2,P385
provisional_high_medium_map,M-86,7,6,terminal,L700,187,P324,187,P122,187,P385
provisional_high_medium_map,M-87,3,0,initial,L400,73,P324,17,P324,22,P324
provisional_high_medium_map,M-87,3,1,medial,L890,186,P324,186,P324,186,L093
provisional_high_medium_map,M-87,3,2,terminal,L104,186,P324,186,P122,186,P385
provisional_high_medium_map,M-88,3,0,initial,L527,57,P324,9,P324,9,P324
provisional_high_medium_map,M-88,3,1,medial,L388,73,P324,43,P324,120,P217
provisional_high_medium_map,M-88,3,2,terminal,P058,14,P324,58,P122,182,P385
provisional_high_medium_map,M-89,5,0,initial,P324,1,P324,1,P324,1,P324
provisional_high_medium_map,M-89,5,1,medial,L794,172,P324,56,P324,28,P332
provisional_high_medium_map,M-89,5,2,medial,L734,187,P324,187,P122,187,P050
provisional_high_medium_map,M-89,5,3,medial,P145,6,P324,9,P122,5,P062
provisional_high_medium_map,M-89,5,4,terminal,P060,14,P324,41,P122,78,P385
provisional_high_medium_map,M-90,6,0,initial,P324,1,P324,1,P324,1,P324
provisional_high_medium_map,M-90,6,1,medial,P349,43,P324,187,P324,42,P332
provisional_high_medium_map,M-90,6,2,medial,L013,85,P324,66,P122,1,L013
provisional_high_medium_map,M-90,6,3,medial,P144,30,P324,42,P122,28,P364
provisional_high_medium_map,M-90,6,4,medial,P122,2,P324,1,P122,1,P122
provisional_high_medium_map,M-90,6,5,terminal,P385,5,P324,2,P122,1,P385
provisional_high_medium_map,M-91,9,0,initial,P324,1,P324,1,P324,1,P324
provisional_high_medium_map,M-91,9,1,medial,L100,65,P324,15,P324,8,P332
provisional_high_medium_map,M-91,9,2,medial,L798,17,P324,160,P122,177,P217
provisional_high_medium_map,M-91,9,3,medial,P050,3,P324,2,P122,1,P050
provisional_high_medium_map,M-91,9,4,medial,P145,6,P324,45,P122,1,P145
provisional_high_medium_map,M-91,9,5,medial,P122,2,P324,1,P122,1,P122
provisional_high_medium_map,M-91,9,6,medial,P385,5,P324,28,P122,1,P385
provisional_high_medium_map,M-91,9,7,medial,P073,28,P324,169,P385,3,L556
provisional_high_medium_map,M-91,9,8,terminal,L416,74,P324,87,L329,12,P385
provisional_high_medium_map,M-92,7,0,initial,P324,1,P324,1,P324,1,P324
provisional_high_medium_map,M-92,7,1,medial,L798,17,P324,10,P324,1,L798
provisional_high_medium_map,M-92,7,2,medial,L460,75,P324,37,P122,1,L460
provisional_high_medium_map,M-92,7,3,medial,L350,70,P324,31,P122,23,P364
provisional_high_medium_map,M-92,7,4,medial,P122,2,P324,1,P122,3,P121
provisional_high_medium_map,M-92,7,5,medial,L814,174,P324,153,P122,19,P385
provisional_high_medium_map,M-92,7,6,terminal,L084,187,P324,187,P122,187,P385
provisional_high_medium_map,M-93,5,0,initial,P004,43,P324,5,P324,3,P086
provisional_high_medium_map,M-93,5,1,medial,P123,17,P324,2,P324,2,P230
provisional_high_medium_map,M-93,5,2,medial,P062,13,P324,3,P122,182,P122
provisional_high_medium_map,M-93,5,3,medial,L741,14,P324,5,P122,177,P060
provisional_high_medium_map,M-93,5,4,terminal,L345,187,P324,187,P122,187,P385
provisional_high_medium_map,M-94,5,0,initial,P324,1,P324,1,P324,1,P324
provisional_high_medium_map,M-94,5,1,medial,P086,4,P324,8,P324,1,P086
provisional_high_medium_map,M-94,5,2,medial,L590,58,P324,8,P122,3,P217
provisional_high_medium_map,M-94,5,3,medial,P050,3,P324,2,P122,185,P086
provisional_high_medium_map,M-94,5,4,terminal,P123,17,P324,178,P122,75,P385
provisional_high_medium_map,M-95,5,0,initial,P086,4,P324,3,P324,1,P086
provisional_high_medium_map,M-95,5,1,medial,P123,17,P324,2,P324,3,P364
provisional_high_medium_map,M-95,5,2,medial,P122,2,P324,1,P122,1,P122
provisional_high_medium_map,M-95,5,3,medial,L111,186,P324,186,P122,186,P385
provisional_high_medium_map,M-95,5,4,terminal,L165,186,P324,186,P122,186,P385
provisional_high_medium_map,M-96,2,0,initial,P004,42,P324,5,P324,6,P324
provisional_high_medium_map,M-96,2,1,terminal,L004,43,P324,26,P324,59,P385
provisional_high_medium_map,M-97,3,0,initial,P004,43,P324,5,P324,5,P324
provisional_high_medium_map,M-97,3,1,medial,L435,141,P324,128,P324,4,P123
provisional_high_medium_map,M-97,3,2,terminal,P073,28,P324,59,P122,69,P385
provisional_high_medium_map,M-99,5,0,initial,P324,1,P324,1,P324,1,P324
provisional_high_medium_map,M-99,5,1,medial,L215,110,P324,96,P324,82,P145
provisional_high_medium_map,M-99,5,2,medial,P122,2,P324,1,P122,3,P121
provisional_high_medium_map,M-99,5,3,medial,P202,18,P324,45,P122,7,P385
provisional_high_medium_map,M-99,5,4,terminal,L119,187,P324,187,P122,187,P385
provisional_high_medium_map,M-100,6,0,initial,P013,24,P324,4,P324,1,P013
provisional_high_medium_map,M-100,6,1,medial,P324,1,P324,2,P123,1,P324
provisional_high_medium_map,M-100,6,2,medial,P073,28,P324,59,P122,44,P147
provisional_high_medium_map,M-100,6,3,medial,P316,22,P324,9,P122,177,P364
provisional_high_medium_map,M-100,6,4,medial,P122,2,P324,1,P122,1,P122
provisional_high_medium_map,M-100,6,5,terminal,P385,5,P324,2,P122,1,P385
provisional_high_medium_map,M-101,6,0,initial,P086,4,P324,3,P324,3,P324
provisional_high_medium_map,M-101,6,1,medial,P210,43,P324,183,P324,157,P013
provisional_high_medium_map,M-101,6,2,medial,P324,1,P324,22,P122,186,P122
provisional_high_medium_map,M-101,6,3,medial,L168,187,P324,187,P122,187,P145
provisional_high_medium_map,M-101,6,4,medial,P122,2,P324,1,P122,1,P122
provisional_high_medium_map,M-101,6,5,terminal,P385,5,P324,2,P122,1,P385
provisional_high_medium_map,M-102,4,0,initial,L154,187,P324,187,P324,187,P086
provisional_high_medium_map,M-102,4,1,medial,P123,17,P324,2,P324,170,P324
provisional_high_medium_map,M-102,4,2,medial,L900,32,P324,56,P122,154,P122
provisional_high_medium_map,M-102,4,3,terminal,L545,58,P324,34,P122,10,P385
provisional_high_medium_map,M-103,4,0,initial,P086,4,P324,3,P324,4,P324
provisional_high_medium_map,M-103,4,1,medial,L004,43,P324,26,P324,29,P123
provisional_high_medium_map,M-103,4,2,medial,P122,2,P324,1,P122,1,P122
provisional_high_medium_map,M-103,4,3,terminal,P378,14,P324,187,P122,2,P385
provisional_high_medium_map,M-104,5,0,initial,P013,24,P324,4,P324,1,P013
provisional_high_medium_map,M-104,5,1,medial,P324,1,P324,2,P123,1,P324
provisional_high_medium_map,M-104,5,2,medial,P050,3,P324,3,P122,9,P062
provisional_high_medium_map,M-104,5,3,medial,P060,14,P324,5,P122,177,P145
provisional_high_medium_map,M-104,5,4,terminal,L853,176,P324,161,P122,54,P385
provisional_high_medium_map,M-107,6,0,initial,P324,1,P324,1,P324,1,P324
provisional_high_medium_map,M-107,6,1,medial,L565,154,P324,144,P324,110,P175
provisional_high_medium_map,M-107,6,2,medial,P058,14,P324,58,P122,13,P364
provisional_high_medium_map,M-107,6,3,medial,P122,2,P324,1,P122,4,L798
provisional_high_medium_map,M-107,6,4,medial,L940,186,P324,186,P122,186,P385
provisional_high_medium_map,M-107,6,5,terminal,L260,186,P324,186,P122,186,P385
provisional_high_medium_map,M-108,7,0,initial,L413,187,P324,187,P324,187,P324
provisional_high_medium_map,M-108,7,1,medial,P378,14,P324,70,P324,179,P217
provisional_high_medium_map,M-108,7,2,medial,P050,3,P324,3,P122,2,L880
provisional_high_medium_map,M-108,7,3,medial,P201,43,P324,182,P122,3,P145
provisional_high_medium_map,M-108,7,4,medial,L798,17,P324,6,P122,169,P120
provisional_high_medium_map,M-108,7,5,medial,P230,26,P324,36,P122,169,P122
provisional_high_medium_map,M-108,7,6,terminal,P378,14,P324,4,P122,3,P385
provisional_high_medium_map,M-109,7,0,initial,P324,1,P324,1,P324,1,P324
provisional_high_medium_map,M-109,7,1,medial,L879,186,P324,186,P324,186,P175
provisional_high_medium_map,M-109,7,2,medial,P050,3,P324,3,P122,1,P050
provisional_high_medium_map,M-109,7,3,medial,L415,32,P324,33,P122,6,P145
provisional_high_medium_map,M-109,7,4,medial,P122,2,P324,1,P122,4,P060
provisional_high_medium_map,M-109,7,5,medial,L287,186,P324,186,P122,186,P385
provisional_high_medium_map,M-109,7,6,terminal,P011,24,P324,22,P122,6,P385
provisional_high_medium_map,M-112,8,0,initial,P324,1,P324,1,P324,1,P324
provisional_high_medium_map,M-112,8,1,medial,P332,43,P324,9,P324,6,P175
provisional_high_medium_map,M-112,8,2,medial,P050,3,P324,3,P122,3,P086
provisional_high_medium_map,M-112,8,3,medial,P126,34,P324,15,P122,6,P145
provisional_high_medium_map,M-112,8,4,medial,L382,137,P324,107,P122,66,P060
provisional_high_medium_map,M-112,8,5,medial,L741,14,P324,6,P122,173,P058
provisional_high_medium_map,M-112,8,6,medial,L572,186,P324,186,P122,186,P086
provisional_high_medium_map,M-112,8,7,terminal,L684,186,P324,186,P385,186,P385
provisional_high_medium_map,M-113,6,0,initial,P324,1,P324,1,P324,1,P324
provisional_high_medium_map,M-113,6,1,medial,P145,6,P324,5,P324,46,P332
provisional_high_medium_map,M-113,6,2,medial,P349,43,P324,186,P122,163,P060
provisional_high_medium_map,M-113,6,3,medial,L741,14,P324,5,P122,177,L013
provisional_high_medium_map,M-113,6,4,medial,P120,7,P324,8,P122,13,P202
provisional_high_medium_map,M-113,6,5,terminal,L920,28,P324,6,P122,5,P256
provisional_high_medium_map,M-114,6,0,initial,P324,1,P324,1,P324,1,P324
provisional_high_medium_map,M-114,6,1,medial,P332,43,P324,9,P324,1,P332
provisional_high_medium_map,M-114,6,2,medial,L440,75,P324,37,P122,23,P060
provisional_high_medium_map,M-114,6,3,medial,P122,2,P324,1,P122,3,P120
provisional_high_medium_map,M-114,6,4,medial,L297,68,P324,92,P122,20,P385
provisional_high_medium_map,M-114,6,5,terminal,L416,73,P324,108,P122,12,P385
provisional_high_medium_map,M-115,8,0,initial,P086,4,P324,3,P324,2,P324
provisional_high_medium_map,M-115,8,1,medial,L844,174,P324,56,P324,9,L590
provisional_high_medium_map,M-115,8,2,medial,P011,24,P324,178,P122,165,P324
provisional_high_medium_map,M-115,8,3,medial,P194,34,P324,182,P122,160,P060
provisional_high_medium_map,M-115,8,4,medial,P364,10,P324,6,P122,1,P364
provisional_high_medium_map,M-115,8,5,medial,P122,2,P324,1,P122,1,P122
provisional_high_medium_map,M-115,8,6,medial,L301,187,P324,187,P122,187,P385
provisional_high_medium_map,M-115,8,7,terminal,L190,67,P324,52,P385,53,P385
provisional_high_medium_map,M-116,7,0,initial,P324,1,P324,1,P324,1,P324
provisional_high_medium_map,M-116,7,1,medial,L100,65,P324,15,P324,8,L336
provisional_high_medium_map,M-116,7,2,medial,P194,34,P324,21,P122,157,L252
provisional_high_medium_map,M-116,7,3,medial,P349,43,P324,187,P122,2,P122
provisional_high_medium_map,M-116,7,4,medial,L013,85,P324,48,P122,15,P364
provisional_high_medium_map,M-116,7,5,medial,P122,2,P324,1,P122,1,P122
provisional_high_medium_map,M-116,7,6,terminal,P385,5,P324,28,P122,1,P385
provisional_high_medium_map,M-117,8,0,initial,P217,9,P324,3,P324,1,P217
provisional_high_medium_map,M-117,8,1,medial,P147,20,P324,8,P324,1,P147
provisional_high_medium_map,M-117,8,2,medial,P316,23,P324,12,P122,1,P316
provisional_high_medium_map,M-117,8,3,medial,P050,3,P324,2,P122,187,P058
provisional_high_medium_map,M-117,8,4,medial,P364,10,P324,6,P122,183,P145
provisional_high_medium_map,M-117,8,5,medial,L055,43,P324,45,P122,148,P364
provisional_high_medium_map,M-117,8,6,medial,P122,2,P324,3,P378,1,P122
provisional_high_medium_map,M-117,8,7,terminal,P378,14,P324,187,P385,2,P385
provisional_high_medium_map,M-118,8,0,initial,P324,1,P324,1,P324,1,P324
provisional_high_medium_map,M-118,8,1,medial,L772,170,P324,54,P324,28,P332
provisional_high_medium_map,M-118,8,2,medial,P147,20,P324,21,P122,1,P147
provisional_high_medium_map,M-118,8,3,medial,P316,23,P324,9,P122,1,P316
provisional_high_medium_map,M-118,8,4,medial,P058,14,P324,9,P122,12,P060
provisional_high_medium_map,M-118,8,5,medial,P364,10,P324,39,P122,1,P364
provisional_high_medium_map,M-118,8,6,medial,P122,2,P324,3,P378,1,P122
provisional_high_medium_map,M-118,8,7,terminal,P385,5,P324,1,P385,1,P385
provisional_high_medium_map,M-119,10,0,initial,L151,66,P324,8,P324,8,P324
provisional_high_medium_map,M-119,10,1,medial,L337,185,P324,185,P324,185,L243
provisional_high_medium_map,M-119,10,2,medial,L484,185,P324,185,P122,185,P364
provisional_high_medium_map,M-119,10,3,medial,P122,2,P324,1,P122,2,P324
provisional_high_medium_map,M-119,10,4,medial,P086,4,P324,10,P122,2,P385
provisional_high_medium_map,M-119,10,5,medial,L125,64,P324,59,P122,3,L590
provisional_high_medium_map,M-119,10,6,medial,L632,78,P324,125,P122,2,P050
provisional_high_medium_map,M-119,10,7,medial,P145,6,P324,172,P385,4,P324
provisional_high_medium_map,M-119,10,8,medial,L900,32,P324,148,L329,156,P122
provisional_high_medium_map,M-119,10,9,terminal,L563,185,P324,185,L717,185,P385
provisional_high_medium_map,M-121,5,0,initial,P324,1,P324,1,P324,1,P324
provisional_high_medium_map,M-121,5,1,medial,L900,32,P324,22,P324,2,P086
provisional_high_medium_map,M-121,5,2,medial,L790,80,P324,53,P122,1,L790
provisional_high_medium_map,M-121,5,3,medial,P058,14,P324,6,P122,1,P058
provisional_high_medium_map,M-121,5,4,terminal,L798,17,P324,6,P122,76,P385
provisional_high_medium_map,M-122,3,0,initial,P217,10,P324,3,P324,1,P217
provisional_high_medium_map,M-122,3,1,medial,P147,20,P324,8,P324,1,P147
provisional_high_medium_map,M-122,3,2,terminal,P316,23,P324,12,P122,2,P385
provisional_high_medium_map,M-123,4,0,initial,L400,73,P324,17,P324,22,P324
provisional_high_medium_map,M-123,4,1,medial,L093,186,P324,186,P324,186,P122
provisional_high_medium_map,M-123,4,2,medial,P202,18,P324,181,P122,168,L017
provisional_high_medium_map,M-123,4,3,terminal,L072,186,P324,186,P122,186,P385
provisional_high_medium_map,M-124,4,0,initial,P324,1,P324,1,P324,1,P324
provisional_high_medium_map,M-124,4,1,medial,P175,34,P324,13,P324,2,P332
provisional_high_medium_map,M-124,4,2,medial,P050,3,P324,3,P122,1,P050
provisional_high_medium_map,M-124,4,3,terminal,P145,6,P324,9,P122,2,P385
provisional_high_medium_map,M-127,5,0,initial,L565,155,P324,120,P324,98,P013
provisional_high_medium_map,M-127,5,1,medial,P324,1,P324,2,P123,4,P217
provisional_high_medium_map,M-127,5,2,medial,P050,3,P324,3,P122,12,P332
provisional_high_medium_map,M-127,5,3,medial,L741,14,P324,5,P122,178,P145
provisional_high_medium_map,M-127,5,4,terminal,P194,34,P324,181,P122,175,P385
provisional_high_medium_map,M-128,6,0,initial,P324,1,P324,1,P324,1,P324
provisional_high_medium_map,M-128,6,1,medial,P175,34,P324,13,P324,5,P086
provisional_high_medium_map,M-128,6,2,medial,P364,10,P324,65,P122,180,P050
provisional_high_medium_map,M-128,6,3,medial,L741,14,P324,5,P122,175,P122
provisional_high_medium_map,M-128,6,4,medial,L500,187,P324,187,P122,187,P147
provisional_high_medium_map,M-128,6,5,terminal,P316,23,P324,184,P122,71,P385
provisional_high_medium_map,M-129,6,0,initial,P217,9,P324,3,P324,2,P324
provisional_high_medium_map,M-129,6,1,medial,P058,13,P324,23,P324,4,P147
provisional_high_medium_map,M-129,6,2,medial,P062,11,P324,3,P122,1,P062
provisional_high_medium_map,M-129,6,3,medial,P060,14,P324,5,P122,1,P060
provisional_high_medium_map,M-129,6,4,medial,L741,12,P324,145,P122,5,P122
provisional_high_medium_map,M-129,6,5,terminal,L360,187,P324,187,P122,187,P385
provisional_high_medium_map,M-130,6,0,initial,P324,1,P324,1,P324,1,P324
provisional_high_medium_map,M-130,6,1,medial,L094,186,P324,186,P324,186,P175
provisional_high_medium_map,M-130,6,2,medial,P050,3,P324,3,P122,1,P050
provisional_high_medium_map,M-130,6,3,medial,P145,6,P324,9,P122,1,P145
provisional_high_medium_map,M-130,6,4,medial,P122,2,P324,1,P122,1,P122
provisional_high_medium_map,M-130,6,5,terminal,L144,186,P324,186,P122,186,P385
provisional_high_medium_map,M-131,6,0,initial,P324,1,P324,1,P324,1,P324
provisional_high_medium_map,M-131,6,1,medial,P086,5,P324,8,P324,1,P086
provisional_high_medium_map,M-131,6,2,medial,L590,58,P324,8,P122,2,P123
provisional_high_medium_map,M-131,6,3,medial,L741,14,P324,5,P122,6,P122
provisional_high_medium_map,M-131,6,4,medial,P086,5,P324,10,P122,11,L900
provisional_high_medium_map,M-131,6,5,terminal,L790,80,P324,151,P122,158,P385
provisional_high_medium_map,M-132,3,0,initial,P004,42,P324,5,P324,3,P086
provisional_high_medium_map,M-132,3,1,medial,P123,17,P324,2,P324,1,P123
provisional_high_medium_map,M-132,3,2,terminal,L545,58,P324,139,P122,7,P385
provisional_high_medium_map,M-133,8,0,initial,L527,57,P324,9,P324,5,P324
provisional_high_medium_map,M-133,8,1,medial,P230,25,P324,69,P324,1,P230
provisional_high_medium_map,M-133,8,2,medial,P062,14,P324,3,P122,16,P217
provisional_high_medium_map,M-133,8,3,medial,P050,3,P324,2,P122,186,P060
provisional_high_medium_map,M-133,8,4,medial,P073,28,P324,176,P122,164,P145
provisional_high_medium_map,M-133,8,5,medial,L812,187,P324,187,P122,187,L371
provisional_high_medium_map,M-133,8,6,medial,L906,85,P324,161,P122,127,L527
provisional_high_medium_map,M-133,8,7,terminal,L388,72,P324,88,P385,151,P385
provisional_high_medium_map,M-134,3,0,initial,L872,187,P324,187,P324,187,P324
provisional_high_medium_map,M-134,3,1,medial,P145,6,P324,5,P324,182,P120
provisional_high_medium_map,M-134,3,2,terminal,P256,26,P324,184,P122,4,P385
provisional_high_medium_map,M-135,4,0,initial,P217,10,P324,3,P324,1,P217
provisional_high_medium_map,M-135,4,1,medial,P147,20,P324,8,P324,1,P147
provisional_high_medium_map,M-135,4,2,medial,P316,23,P324,12,P122,1,P316
provisional_high_medium_map,M-135,4,3,terminal,P144,30,P324,42,P122,72,P385
provisional_high_medium_map,M-136,7,0,initial,P013,24,P324,4,P324,1,P013
provisional_high_medium_map,M-136,7,1,medial,P324,1,P324,2,P123,1,P324
provisional_high_medium_map,M-136,7,2,medial,P050,3,P324,3,P122,2,P086
provisional_high_medium_map,M-136,7,3,medial,P126,34,P324,15,P122,6,P145
provisional_high_medium_map,M-136,7,4,medial,P144,29,P324,178,P122,161,P122
provisional_high_medium_map,M-136,7,5,medial,L908,187,P324,187,P122,187,P122
provisional_high_medium_map,M-136,7,6,terminal,L545,58,P324,117,P122,7,P385
provisional_high_medium_map,M-138,3,0,initial,P324,1,P324,1,P324,1,P324
provisional_high_medium_map,M-138,3,1,medial,L900,32,P324,22,P324,11,P332
provisional_high_medium_map,M-138,3,2,terminal,L005,85,P324,66,P122,21,P385
provisional_high_medium_map,M-139,5,0,initial,P147,21,P324,175,P324,172,P324
provisional_high_medium_map,M-139,5,1,medial,L832,81,P324,56,P324,123,P316
provisional_high_medium_map,M-139,5,2,medial,L236,112,P324,95,P122,39,P060
provisional_high_medium_map,M-139,5,3,medial,L741,14,P324,5,P122,174,P062
provisional_high_medium_map,M-139,5,4,terminal,L361,187,P324,187,P122,187,P385
provisional_high_medium_map,M-140,7,0,initial,P324,1,P324,1,P324,1,P324
provisional_high_medium_map,M-140,7,1,medial,L336,128,P324,41,P324,34,P145
provisional_high_medium_map,M-140,7,2,medial,P122,2,P324,1,P122,3,P217
provisional_high_medium_map,M-140,7,3,medial,P050,3,P324,2,P122,2,P385
provisional_high_medium_map,M-140,7,4,medial,P201,43,P324,181,P122,3,P145
provisional_high_medium_map,M-140,7,5,medial,L440,73,P324,109,P122,117,P050
provisional_high_medium_map,M-140,7,6,terminal,L455,74,P324,105,P122,157,P385
provisional_high_medium_map,M-142,4,0,initial,L136,187,P324,187,P324,187,P324
provisional_high_medium_map,M-142,4,1,medial,P011,24,P324,61,P324,171,P364
provisional_high_medium_map,M-142,4,2,medial,P122,2,P324,1,P122,1,P122
provisional_high_medium_map,M-142,4,3,terminal,P385,5,P324,19,P122,1,P385
provisional_high_medium_map,M-143,6,0,initial,P324,1,P324,1,P324,1,P324
provisional_high_medium_map,M-143,6,1,medial,L205,186,P324,186,P324,186,P050
provisional_high_medium_map,M-143,6,2,medial,P145,6,P324,10,P122,2,P364
provisional_high_medium_map,M-143,6,3,medial,P122,2,P324,1,P122,1,P122
provisional_high_medium_map,M-143,6,4,medial,L252,186,P324,186,P122,186,P385
provisional_high_medium_map,M-143,6,5,terminal,P349,43,P324,185,P122,66,P385
provisional_high_medium_map,M-144,6,0,initial,P324,1,P324,1,P324,1,P324
provisional_high_medium_map,M-144,6,1,medial,L100,66,P324,15,P324,8,P050
provisional_high_medium_map,M-144,6,2,medial,L415,32,P324,14,P122,158,L798
provisional_high_medium_map,M-144,6,3,medial,P062,14,P324,181,P122,31,P060
provisional_high_medium_map,M-144,6,4,medial,P122,2,P324,1,P122,1,P122
provisional_high_medium_map,M-144,6,5,terminal,P385,5,P324,2,P122,1,P385
provisional_high_medium_map,M-145,4,0,initial,P324,1,P324,1,P324,1,P324
provisional_high_medium_map,M-145,4,1,medial,L400,73,P324,123,P324,139,P332
provisional_high_medium_map,M-145,4,2,medial,L142,66,P324,33,P122,109,L093
provisional_high_medium_map,M-145,4,3,terminal,L880,180,P324,169,P122,141,P385
provisional_high_medium_map,M-146,5,0,initial,P324,1,P324,1,P324,1,P324
provisional_high_medium_map,M-146,5,1,medial,P073,28,P324,182,P324,45,P332
provisional_high_medium_map,M-146,5,2,medial,L920,27,P324,176,P122,166,P058
provisional_high_medium_map,M-146,5,3,medial,P120,7,P324,4,P122,1,P120
provisional_high_medium_map,M-146,5,4,terminal,P256,24,P324,6,P122,1,P256
provisional_high_medium_map,M-147,6,0,initial,L226,67,P324,8,P324,10,P324
provisional_high_medium_map,M-147,6,1,medial,P364,10,P324,70,P324,2,P145
provisional_high_medium_map,M-147,6,2,medial,P122,2,P324,1,P122,1,P122
provisional_high_medium_map,M-147,6,3,medial,P050,3,P324,2,P122,2,P385
provisional_high_medium_map,M-147,6,4,medial,L455,75,P324,116,P122,7,P145
provisional_high_medium_map,M-147,6,5,terminal,P217,9,P324,185,P122,183,P385
provisional_high_medium_map,M-148,3,0,initial,P324,1,P324,1,P324,1,P324
provisional_high_medium_map,M-148,3,1,medial,P385,5,P324,186,P324,184,P332
provisional_high_medium_map,M-148,3,2,terminal,L556,187,P324,187,P122,187,P385
provisional_high_medium_map,M-149,5,0,initial,P324,1,P324,1,P324,1,P324
provisional_high_medium_map,M-149,5,1,medial,P332,43,P324,9,P324,1,P332
provisional_high_medium_map,M-149,5,2,medial,L440,75,P324,37,P122,7,P060
provisional_high_medium_map,M-149,5,3,medial,P120,7,P324,4,P122,1,P120
provisional_high_medium_map,M-149,5,4,terminal,P230,26,P324,47,P122,5,P256
provisional_high_medium_map,M-150,2,0,initial,P324,1,P324,1,P324,1,P324
provisional_high_medium_map,M-150,2,1,terminal,L832,82,P324,56,P324,167,P385
provisional_high_medium_map,M-151,3,0,initial,P050,3,P324,165,P324,9,P324
provisional_high_medium_map,M-151,3,1,medial,P201,43,P324,183,P324,3,P145
provisional_high_medium_map,M-151,3,2,terminal,L864,187,P324,187,P122,187,P385
provisional_high_medium_map,M-152,4,0,initial,P324,1,P324,1,P324,1,P324
provisional_high_medium_map,M-152,4,1,medial,L772,170,P324,54,P324,42,P145
provisional_high_medium_map,M-152,4,2,medial,P122,2,P324,1,P122,1,P122
provisional_high_medium_map,M-152,4,3,terminal,P385,5,P324,19,P122,1,P385
provisional_high_medium_map,M-153,3,0,initial,L269,118,P324,75,P324,64,P324
provisional_high_medium_map,M-153,3,1,medial,L130,100,P324,31,P324,20,L301
provisional_high_medium_map,M-153,3,2,terminal,L190,66,P324,89,P122,54,P385
provisional_high_medium_map,M-154,7,0,initial,P217,10,P324,3,P324,2,P324
provisional_high_medium_map,M-154,7,1,medial,P050,3,P324,8,P324,2,P147
provisional_high_medium_map,M-154,7,2,medial,L621,158,P324,147,P122,89,P145
provisional_high_medium_map,M-154,7,3,medial,L415,32,P324,33,P122,28,P364
provisional_high_medium_map,M-154,7,4,medial,P122,2,P324,1,P122,4,P060
provisional_high_medium_map,M-154,7,5,medial,L257,186,P324,186,P122,186,P385
provisional_high_medium_map,M-154,7,6,terminal,L898,186,P324,186,P122,186,P385
provisional_high_medium_map,M-155,3,0,initial,P324,1,P324,1,P324,1,P324
provisional_high_medium_map,M-155,3,1,medial,P194,34,P324,184,P324,43,P050
provisional_high_medium_map,M-155,3,2,terminal,P144,30,P324,21,P122,71,P385
provisional_high_medium_map,M-157,7,0,initial,P324,1,P324,1,P324,1,P324
provisional_high_medium_map,M-157,7,1,medial,L900,31,P324,22,P324,2,P086
provisional_high_medium_map,M-157,7,2,medial,L790,80,P324,53,P122,1,L790
provisional_high_medium_map,M-157,7,3,medial,P058,14,P324,6,P122,1,P058
provisional_high_medium_map,M-157,7,4,medial,L798,17,P324,6,P122,9,P062
provisional_high_medium_map,M-157,7,5,medial,P121,34,P324,177,P122,159,P122
provisional_high_medium_map,M-157,7,6,terminal,P378,13,P324,4,P122,3,P385
provisional_high_medium_map,M-158,4,0,initial,P086,4,P324,3,P324,2,P324
provisional_high_medium_map,M-158,4,1,medial,P126,34,P324,23,P324,6,P123
provisional_high_medium_map,M-158,4,2,medial,P120,7,P324,9,P122,1,P120
provisional_high_medium_map,M-158,4,3,terminal,P230,26,P324,46,P122,5,P256
provisional_high_medium_map,M-159,5,0,initial,P324,1,P324,1,P324,1,P324
provisional_high_medium_map,M-159,5,1,medial,L048,185,P324,185,P324,185,P050
provisional_high_medium_map,M-159,5,2,medial,L741,14,P324,51,P122,171,L017
provisional_high_medium_map,M-159,5,3,medial,L250,185,P324,185,P122,185,P086
provisional_high_medium_map,M-159,5,4,terminal,L579,185,P324,185,P122,185,P385
provisional_high_medium_map,M-160,6,0,initial,L151,67,P324,8,P324,8,P324
provisional_high_medium_map,M-160,6,1,medial,L243,187,P324,187,P324,187,L279
provisional_high_medium_map,M-160,6,2,medial,P144,30,P324,21,P122,28,P364
provisional_high_medium_map,M-160,6,3,medial,P122,2,P324,1,P122,1,P122
provisional_high_medium_map,M-160,6,4,medial,P378,13,P324,47,P122,3,P385
provisional_high_medium_map,M-160,6,5,terminal,L741,14,P324,6,P122,182,P385
provisional_high_medium_map,M-163,5,0,initial,P217,10,P324,3,P324,2,P324
provisional_high_medium_map,M-163,5,1,medial,P050,3,P324,8,P324,1,P050
provisional_high_medium_map,M-163,5,2,medial,L415,32,P324,14,P122,5,P126
provisional_high_medium_map,M-163,5,3,medial,P120,7,P324,4,P122,7,P122
provisional_high_medium_map,M-163,5,4,terminal,P378,14,P324,47,P122,4,P256
provisional_high_medium_map,M-164,5,0,initial,P324,1,P324,1,P324,1,P324
provisional_high_medium_map,M-164,5,1,medial,L142,67,P324,88,P324,135,P332
provisional_high_medium_map,M-164,5,2,medial,L061,65,P324,68,P122,131,P364
provisional_high_medium_map,M-164,5,3,medial,P122,2,P324,1,P122,1,P122
provisional_high_medium_map,M-164,5,4,terminal,P385,5,P324,2,P122,1,P385
provisional_high_medium_map,M-166,6,0,initial,P086,4,P324,3,P324,2,P324
provisional_high_medium_map,M-166,6,1,medial,L844,175,P324,56,P324,10,P123
provisional_high_medium_map,M-166,6,2,medial,P062,14,P324,3,P122,181,P060
provisional_high_medium_map,M-166,6,3,medial,P364,9,P324,47,P122,2,P060
provisional_high_medium_map,M-166,6,4,medial,P122,2,P324,1,P122,1,P122
provisional_high_medium_map,M-166,6,5,terminal,P385,5,P324,2,P122,1,P385
provisional_high_medium_map,M-170,8,0,initial,P324,1,P324,1,P324,1,P324
provisional_high_medium_map,M-170,8,1,medial,P175,34,P324,13,P324,2,P332
provisional_high_medium_map,M-170,8,2,medial,L406,186,P324,186,P122,186,P050
provisional_high_medium_map,M-170,8,3,medial,L061,66,P324,56,P122,104,L017
provisional_high_medium_map,M-170,8,4,medial,L070,186,P324,186,P122,186,P050
provisional_high_medium_map,M-170,8,5,medial,P145,6,P324,7,P122,181,P060
provisional_high_medium_map,M-170,8,6,medial,L741,14,P324,133,P122,177,P122
provisional_high_medium_map,M-170,8,7,terminal,P385,5,P324,1,P385,1,P385
provisional_high_medium_map,M-171,8,0,initial,L407,187,P324,187,P324,187,P324
provisional_high_medium_map,M-171,8,1,medial,L061,66,P324,75,P324,109,P013
provisional_high_medium_map,M-171,8,2,medial,P324,1,P324,22,P122,1,P324
provisional_high_medium_map,M-171,8,3,medial,P175,34,P324,182,P122,2,P332
provisional_high_medium_map,M-171,8,4,medial,P058,14,P324,9,P122,10,P050
provisional_high_medium_map,M-171,8,5,medial,P364,10,P324,39,P122,19,P056
provisional_high_medium_map,M-171,8,6,medial,P120,7,P324,170,P122,2,P122
provisional_high_medium_map,M-171,8,7,terminal,P256,26,P324,182,P385,1,P256
provisional_high_medium_map,M-172,6,0,initial,L405,138,P324,99,P324,83,P324
provisional_high_medium_map,M-172,6,1,medial,L018,85,P324,26,P324,7,L372
provisional_high_medium_map,M-172,6,2,medial,P121,34,P324,179,P122,162,P217
provisional_high_medium_map,M-172,6,3,medial,P050,3,P324,2,P122,184,P202
provisional_high_medium_map,M-172,6,4,medial,L786,186,P324,186,P122,186,P145
provisional_high_medium_map,M-172,6,5,terminal,L850,186,P324,186,P122,186,P385
provisional_high_medium_map,M-173,5,0,initial,P324,1,P324,1,P324,1,P324
provisional_high_medium_map,M-173,5,1,medial,L388,73,P324,43,P324,138,P332
provisional_high_medium_map,M-173,5,2,medial,L900,32,P324,56,P122,150,P058
provisional_high_medium_map,M-173,5,3,medial,L320,187,P324,187,P122,187,P060
provisional_high_medium_map,M-173,5,4,terminal,P364,10,P324,6,P122,18,P385
provisional_high_medium_map,M-174,6,0,initial,P324,1,P324,1,P324,1,P324
provisional_high_medium_map,M-174,6,1,medial,P175,34,P324,13,P324,2,P332
provisional_high_medium_map,M-174,6,2,medial,P050,3,P324,3,P122,1,P050
provisional_high_medium_map,M-174,6,3,medial,P145,6,P324,9,P122,1,P145
provisional_high_medium_map,M-174,6,4,medial,P122,2,P324,1,P122,1,P122
provisional_high_medium_map,M-174,6,5,terminal,P378,14,P324,9,P122,2,P385
provisional_high_medium_map,M-177,4,0,initial,P086,4,P324,3,P324,1,P086
provisional_high_medium_map,M-177,4,1,medial,P123,17,P324,2,P324,3,P364
provisional_high_medium_map,M-177,4,2,medial,P122,2,P324,1,P122,4,P060
provisional_high_medium_map,M-177,4,3,terminal,P364,10,P324,47,P122,28,P385
provisional_high_medium_map,M-178,2,0,initial,P086,4,P324,3,P324,2,P324
provisional_high_medium_map,M-178,2,1,terminal,P126,34,P324,23,P324,22,P385
provisional_high_medium_map,M-179,2,0,initial,P086,4,P324,3,P324,1,P086
provisional_high_medium_map,M-179,2,1,terminal,P123,17,P324,2,P324,6,P385
provisional_high_medium_map,M-180,2,0,initial,P324,1,P324,1,P324,1,P324
provisional_high_medium_map,M-180,2,1,terminal,L621,159,P324,150,P324,147,P385
provisional_high_medium_map,M-181,5,0,initial,P217,10,P324,3,P324,2,P324
provisional_high_medium_map,M-181,5,1,medial,L175,185,P324,185,P324,185,P058
provisional_high_medium_map,M-181,5,2,medial,P122,2,P324,1,P122,183,L017
provisional_high_medium_map,M-181,5,3,medial,L295,185,P324,185,P122,185,P385
provisional_high_medium_map,M-181,5,4,terminal,L502,185,P324,185,P122,185,P385
provisional_high_medium_map,M-183,4,0,initial,P217,10,P324,3,P324,2,P324
provisional_high_medium_map,M-183,4,1,medial,P058,14,P324,23,P324,2,P147
provisional_high_medium_map,M-183,4,2,medial,P120,7,P324,9,P122,7,P122
provisional_high_medium_map,M-183,4,3,terminal,L297,70,P324,91,P122,152,P256
provisional_high_medium_map,M-184,4,0,initial,P013,24,P324,4,P324,1,P013
provisional_high_medium_map,M-184,4,1,medial,P324,1,P324,2,P123,1,P324
provisional_high_medium_map,M-184,4,2,medial,L101,187,P324,187,P122,187,P332
provisional_high_medium_map,M-184,4,3,terminal,L853,175,P324,164,P122,51,P385
provisional_high_medium_map,M-182,2,0,initial,P324,1,P324,1,P324,1,P324
provisional_high_medium_map,M-182,2,1,terminal,L416,74,P324,128,P324,28,P385
mayig_observed_parpola,M-1,5,0,initial,P121,35,P324,70,P324,26,P324
mayig_observed_parpola,M-1,5,1,medial,P202,20,P324,113,P324,2,P122
mayig_observed_parpola,M-1,5,2,medial,P385,5,P324,158,P122,1,P385
mayig_observed_parpola,M-1,5,3,medial,P073,28,P324,25,P122,4,P231
mayig_observed_parpola,M-1,5,4,terminal,P108,57,P324,83,P122,60,P385
mayig_observed_parpola,M-3,3,0,initial,P320,145,P324,136,P324,88,P324
mayig_observed_parpola,M-3,3,1,medial,P145,6,P324,7,P324,154,P007
mayig_observed_parpola,M-3,3,2,terminal,P094,160,P324,160,P122,160,P385
mayig_observed_parpola,M-5,6,0,initial,P324,1,P324,1,P324,1,P324
mayig_observed_parpola,M-5,6,1,medial,P096,70,P324,17,P324,14,P230
mayig_observed_parpola,M-5,6,2,medial,P062,14,P324,2,P122,1,P062
mayig_observed_parpola,M-5,6,3,medial,P060,13,P324,4,P122,1,P060
mayig_observed_parpola,M-5,6,4,medial,P120,7,P324,8,P122,1,P120
mayig_observed_parpola,M-5,6,5,terminal,P256,23,P324,122,P122,1,P256
mayig_observed_parpola,M-6,4,0,initial,P378,15,P324,26,P324,27,P324
mayig_observed_parpola,M-6,4,1,medial,P384,156,P324,156,P324,74,P050
mayig_observed_parpola,M-6,4,2,medial,P201,43,P324,112,P122,117,P007
mayig_observed_parpola,M-6,4,3,terminal,P065,160,P324,160,P122,160,P385
mayig_observed_parpola,M-8,3,0,initial,P316,15,P324,137,P324,30,P324
mayig_observed_parpola,M-8,3,1,medial,P011,23,P324,27,P324,5,P035
mayig_observed_parpola,M-8,3,2,terminal,P270,62,P324,53,P122,140,P385
mayig_observed_parpola,M-9,3,0,initial,P144,30,P324,80,P324,141,P324
mayig_observed_parpola,M-9,3,1,medial,P205,33,P324,53,P324,134,P122
mayig_observed_parpola,M-9,3,2,terminal,P327,160,P324,160,P122,160,P385
mayig_observed_parpola,M-12,9,0,initial,P324,1,P324,1,P324,1,P324
mayig_observed_parpola,M-12,9,1,medial,P086,3,P324,8,P324,1,P086
mayig_observed_parpola,M-12,9,2,medial,P276,62,P324,13,P122,1,P276
mayig_observed_parpola,M-12,9,3,medial,P058,15,P324,6,P122,3,P364
mayig_observed_parpola,M-12,9,4,medial,P122,2,P324,1,P122,2,P120
mayig_observed_parpola,M-12,9,5,medial,P202,20,P324,107,P122,7,P385
mayig_observed_parpola,M-12,9,6,medial,P386,160,P324,160,P122,160,P154
mayig_observed_parpola,M-12,9,7,medial,P182,119,P324,90,P385,36,P001
mayig_observed_parpola,M-12,9,8,terminal,P108,56,P324,55,P011,59,P385
mayig_observed_parpola,M-13,3,0,initial,P202,20,P324,20,P324,26,P324
mayig_observed_parpola,M-13,3,1,medial,P205,33,P324,53,P324,137,P154
mayig_observed_parpola,M-13,3,2,terminal,P035,67,P324,72,P122,121,P385
mayig_observed_parpola,M-14,5,0,initial,P324,1,P324,1,P324,1,P324
mayig_observed_parpola,M-14,5,1,medial,P117,109,P324,97,P324,67,P086
mayig_observed_parpola,M-14,5,2,medial,P210,43,P324,48,P122,28,P364
mayig_observed_parpola,M-14,5,3,medial,P122,2,P324,1,P122,1,P122
mayig_observed_parpola,M-14,5,4,terminal,P385,5,P324,2,P122,1,P385
mayig_observed_parpola,M-15,5,0,initial,P013,23,P324,4,P324,1,P013
mayig_observed_parpola,M-15,5,1,medial,P324,1,P324,2,P123,1,P324
mayig_observed_parpola,M-15,5,2,medial,P194,35,P324,19,P122,9,P145
mayig_observed_parpola,M-15,5,3,medial,P122,2,P324,1,P122,1,P122
mayig_observed_parpola,M-15,5,4,terminal,P385,5,P324,2,P122,1,P385
mayig_observed_parpola,M-16,4,0,initial,P378,15,P324,26,P324,26,P324
mayig_observed_parpola,M-16,4,1,medial,P026,93,P324,28,P324,12,P310
mayig_observed_parpola,M-16,4,2,medial,P151,159,P324,159,P122,159,P076
mayig_observed_parpola,M-16,4,3,terminal,P346,159,P324,159,P122,159,P385
mayig_observed_parpola,M-17,5,0,initial,P086,3,P324,2,P324,2,P324
mayig_observed_parpola,M-17,5,1,medial,P126,35,P324,19,P324,6,P123
mayig_observed_parpola,M-17,5,2,medial,P122,2,P324,1,P122,1,P122
mayig_observed_parpola,M-17,5,3,medial,P369,86,P324,154,P122,17,P385
mayig_observed_parpola,M-17,5,4,terminal,P232,160,P324,160,P122,160,P385
mayig_observed_parpola,M-18,3,0,initial,P341,160,P324,160,P324,160,P013
mayig_observed_parpola,M-18,3,1,medial,P324,1,P324,2,P123,3,P364
mayig_observed_parpola,M-18,3,2,terminal,P142,58,P324,103,P122,90,P385
mayig_observed_parpola,M-21,8,0,initial,P091,70,P324,59,P324,99,P324
mayig_observed_parpola,M-21,8,1,medial,P121,35,P324,98,P324,127,P013
mayig_observed_parpola,M-21,8,2,medial,P324,1,P324,22,P122,159,P202
mayig_observed_parpola,M-21,8,3,medial,P272,160,P324,160,P122,160,P086
mayig_observed_parpola,M-21,8,4,medial,P256,23,P324,6,P122,142,P050
mayig_observed_parpola,M-21,8,5,medial,P145,6,P324,5,P122,2,P364
mayig_observed_parpola,M-21,8,6,medial,P122,2,P324,3,P378,1,P122
mayig_observed_parpola,M-21,8,7,terminal,P385,5,P324,1,P385,1,P385
mayig_observed_parpola,M-24,7,0,initial,P013,23,P324,4,P324,1,P013
mayig_observed_parpola,M-24,7,1,medial,P324,1,P324,2,P123,1,P324
mayig_observed_parpola,M-24,7,2,medial,P062,14,P324,2,P122,4,P332
mayig_observed_parpola,M-24,7,3,medial,P060,13,P324,4,P122,1,P060
mayig_observed_parpola,M-24,7,4,medial,P122,2,P324,1,P122,2,P364
mayig_observed_parpola,M-24,7,5,medial,P174,76,P324,98,P122,97,P385
mayig_observed_parpola,M-24,7,6,terminal,P011,22,P324,6,P122,5,P385
mayig_observed_parpola,M-26,5,0,initial,P013,23,P324,4,P324,1,P013
mayig_observed_parpola,M-26,5,1,medial,P324,1,P324,2,P123,1,P324
mayig_observed_parpola,M-26,5,2,medial,P228,160,P324,160,P122,160,P230
mayig_observed_parpola,M-26,5,3,medial,P120,7,P324,4,P122,1,P120
mayig_observed_parpola,M-26,5,4,terminal,P256,22,P324,6,P122,1,P256
mayig_observed_parpola,M-29,9,0,initial,P324,1,P324,1,P324,1,P324
mayig_observed_parpola,M-29,9,1,medial,P142,58,P324,101,P324,38,P230
mayig_observed_parpola,M-29,9,2,medial,P062,13,P324,2,P122,1,P062
mayig_observed_parpola,M-29,9,3,medial,P060,12,P324,4,P122,1,P060
mayig_observed_parpola,M-29,9,4,medial,P364,15,P324,6,P122,1,P364
mayig_observed_parpola,M-29,9,5,medial,P122,2,P324,1,P122,1,P122
mayig_observed_parpola,M-29,9,6,medial,P050,4,P324,46,P122,3,P385
mayig_observed_parpola,M-29,9,7,medial,P221,78,P324,105,P385,8,P145
mayig_observed_parpola,M-29,9,8,terminal,P210,42,P324,96,P011,143,P385
mayig_observed_parpola,M-30,7,0,initial,P324,1,P324,1,P324,1,P324
mayig_observed_parpola,M-30,7,1,medial,P332,37,P324,8,P324,1,P332
mayig_observed_parpola,M-30,7,2,medial,P127,160,P324,160,P122,160,P283
mayig_observed_parpola,M-30,7,3,medial,P210,43,P324,109,P122,124,P230
mayig_observed_parpola,M-30,7,4,medial,P062,13,P324,69,P122,1,P062
mayig_observed_parpola,M-30,7,5,medial,P060,12,P324,15,P122,1,P060
mayig_observed_parpola,M-30,7,6,terminal,P364,15,P324,27,P122,6,P385
mayig_observed_parpola,M-31,6,0,initial,P324,1,P324,1,P324,1,P324
mayig_observed_parpola,M-31,6,1,medial,P067,102,P324,85,P324,58,P332
mayig_observed_parpola,M-31,6,2,medial,P275,160,P324,160,P122,160,P217
mayig_observed_parpola,M-31,6,3,medial,P058,15,P324,6,P122,12,P060
mayig_observed_parpola,M-31,6,4,medial,P120,7,P324,8,P122,2,P122
mayig_observed_parpola,M-31,6,5,terminal,P378,14,P324,11,P122,4,P256
mayig_observed_parpola,M-32,4,0,initial,P086,3,P324,2,P324,1,P086
mayig_observed_parpola,M-32,4,1,medial,P123,18,P324,2,P324,3,P364
mayig_observed_parpola,M-32,4,2,medial,P122,2,P324,1,P122,1,P122
mayig_observed_parpola,M-32,4,3,terminal,P385,5,P324,11,P122,1,P385
mayig_observed_parpola,M-33,7,0,initial,P324,1,P324,1,P324,1,P324
mayig_observed_parpola,M-33,7,1,medial,P145,6,P324,7,P324,45,P332
mayig_observed_parpola,M-33,7,2,medial,P175,35,P324,107,P122,132,P122
mayig_observed_parpola,M-33,7,3,medial,P111,108,P324,83,P122,34,P217
mayig_observed_parpola,M-33,7,4,medial,P058,15,P324,10,P122,12,P364
mayig_observed_parpola,M-33,7,5,medial,P122,2,P324,1,P122,4,P075
mayig_observed_parpola,M-33,7,6,terminal,P041,160,P324,160,P122,160,P385
mayig_observed_parpola,M-34,7,0,initial,P324,1,P324,1,P324,1,P324
mayig_observed_parpola,M-34,7,1,medial,P309,81,P324,21,P324,32,P009
mayig_observed_parpola,M-34,7,2,medial,P194,35,P324,19,P122,28,P145
mayig_observed_parpola,M-34,7,3,medial,P122,2,P324,1,P122,1,P122
mayig_observed_parpola,M-34,7,4,medial,P086,3,P324,8,P122,4,P385
mayig_observed_parpola,M-34,7,5,medial,P108,57,P324,78,P122,117,P276
mayig_observed_parpola,M-34,7,6,terminal,P103,160,P324,160,P122,160,P385
mayig_observed_parpola,M-35,7,0,initial,P324,1,P324,1,P324,1,P324
mayig_observed_parpola,M-35,7,1,medial,P086,3,P324,8,P324,1,P086
mayig_observed_parpola,M-35,7,2,medial,P276,62,P324,13,P122,1,P276
mayig_observed_parpola,M-35,7,3,medial,P058,15,P324,6,P122,3,P332
mayig_observed_parpola,M-35,7,4,medial,P056,35,P324,67,P122,10,P364
mayig_observed_parpola,M-35,7,5,medial,P122,2,P324,1,P122,1,P122
mayig_observed_parpola,M-35,7,6,terminal,P007,160,P324,160,P122,160,P385
mayig_observed_parpola,M-36,9,0,initial,P324,1,P324,1,P324,1,P324
mayig_observed_parpola,M-36,9,1,medial,P358,152,P324,62,P324,24,P332
mayig_observed_parpola,M-36,9,2,medial,P270,61,P324,53,P122,122,P217
mayig_observed_parpola,M-36,9,3,medial,P050,4,P324,2,P122,1,P050
mayig_observed_parpola,M-36,9,4,medial,P145,6,P324,31,P122,1,P145
mayig_observed_parpola,M-36,9,5,medial,P122,2,P324,1,P122,1,P122
mayig_observed_parpola,M-36,9,6,medial,P202,20,P324,103,P122,7,P385
mayig_observed_parpola,M-36,9,7,medial,P174,76,P324,86,P385,89,P154
mayig_observed_parpola,M-36,9,8,terminal,P307,160,P324,160,P011,160,P385
mayig_observed_parpola,M-37,3,0,initial,P217,11,P324,3,P324,2,P324
mayig_observed_parpola,M-37,3,1,medial,P050,4,P324,8,P324,1,P050
mayig_observed_parpola,M-37,3,2,terminal,P092,35,P324,9,P122,13,P385
mayig_observed_parpola,M-38,13,0,initial,P324,1,P324,1,P324,1,P324
mayig_observed_parpola,M-38,13,1,medial,P256,23,P324,125,P324,149,P332
mayig_observed_parpola,M-38,13,2,medial,P188,120,P324,112,P122,3,P385
mayig_observed_parpola,M-38,13,3,medial,P073,28,P324,25,P122,10,P217
mayig_observed_parpola,M-38,13,4,medial,P050,4,P324,16,P122,1,P050
mayig_observed_parpola,M-38,13,5,medial,P145,6,P324,5,P122,2,P092
mayig_observed_parpola,M-38,13,6,medial,P062,14,P324,53,P122,1,P062
mayig_observed_parpola,M-38,13,7,medial,P060,13,P324,44,P385,1,P060
mayig_observed_parpola,M-38,13,8,medial,P122,2,P324,61,P011,1,P122
mayig_observed_parpola,M-38,13,9,medial,P086,3,P324,42,P230,3,P385
mayig_observed_parpola,M-38,13,10,medial,P035,67,P324,67,P324,3,P276
mayig_observed_parpola,M-38,13,11,medial,P270,61,P324,61,P324,2,P050
mayig_observed_parpola,M-38,13,12,terminal,P145,6,P324,6,P324,8,P385
mayig_observed_parpola,M-40,5,0,initial,P089,159,P324,159,P324,159,P324
mayig_observed_parpola,M-40,5,1,medial,P122,2,P324,97,P324,157,P007
mayig_observed_parpola,M-40,5,2,medial,P301,47,P324,134,P122,128,P385
mayig_observed_parpola,M-40,5,3,medial,P186,159,P324,159,P122,159,P230
mayig_observed_parpola,M-40,5,4,terminal,P125,108,P324,85,P122,32,P385
mayig_observed_parpola,M-42,5,0,initial,P301,47,P324,8,P324,4,P324
mayig_observed_parpola,M-42,5,1,medial,P230,9,P324,8,P324,1,P230
mayig_observed_parpola,M-42,5,2,medial,P062,14,P324,2,P122,4,P364
mayig_observed_parpola,M-42,5,3,medial,P122,2,P324,1,P122,1,P122
mayig_observed_parpola,M-42,5,4,terminal,P385,5,P324,2,P122,1,P385
mayig_observed_parpola,M-43,6,0,initial,P324,1,P324,1,P324,1,P324
mayig_observed_parpola,M-43,6,1,medial,P230,9,P324,8,P324,16,P332
mayig_observed_parpola,M-43,6,2,medial,P056,35,P324,9,P122,8,P062
mayig_observed_parpola,M-43,6,3,medial,P122,2,P324,1,P122,1,P122
mayig_observed_parpola,M-43,6,4,medial,P142,58,P324,90,P122,116,P385
mayig_observed_parpola,M-43,6,5,terminal,P360,160,P324,160,P122,160,P385
mayig_observed_parpola,M-44,8,0,initial,P324,1,P324,1,P324,1,P324
mayig_observed_parpola,M-44,8,1,medial,P332,38,P324,8,P324,2,P096
mayig_observed_parpola,M-44,8,2,medial,P147,22,P324,18,P122,1,P147
mayig_observed_parpola,M-44,8,3,medial,P316,15,P324,11,P122,1,P316
mayig_observed_parpola,M-44,8,4,medial,P364,14,P324,6,P122,3,P056
mayig_observed_parpola,M-44,8,5,medial,P122,2,P324,1,P122,1,P122
mayig_observed_parpola,M-44,8,6,medial,P154,23,P324,88,P122,146,P385
mayig_observed_parpola,M-44,8,7,terminal,P296,160,P324,160,P385,160,P385
mayig_observed_parpola,M-46,8,0,initial,P324,1,P324,1,P324,1,P324
mayig_observed_parpola,M-46,8,1,medial,P230,9,P324,8,P324,1,P230
mayig_observed_parpola,M-46,8,2,medial,P062,14,P324,2,P122,1,P062
mayig_observed_parpola,M-46,8,3,medial,P060,13,P324,4,P122,1,P060
mayig_observed_parpola,M-46,8,4,medial,P122,2,P324,1,P122,1,P122
mayig_observed_parpola,M-46,8,5,medial,P050,4,P324,57,P122,2,P385
mayig_observed_parpola,M-46,8,6,medial,P201,43,P324,103,P122,3,P145
mayig_observed_parpola,M-46,8,7,terminal,P353,153,P324,146,P385,115,P385
mayig_observed_parpola,M-47,5,0,initial,P324,1,P324,1,P324,1,P324
mayig_observed_parpola,M-47,5,1,medial,P332,38,P324,8,P324,4,P062
mayig_observed_parpola,M-47,5,2,medial,P060,14,P324,29,P122,7,P364
mayig_observed_parpola,M-47,5,3,medial,P122,2,P324,1,P122,1,P122
mayig_observed_parpola,M-47,5,4,terminal,P385,5,P324,2,P122,1,P385
mayig_observed_parpola,M-48,6,0,initial,P086,3,P324,2,P324,3,P324
mayig_observed_parpola,M-48,6,1,medial,P378,15,P324,62,P324,151,P276
mayig_observed_parpola,M-48,6,2,medial,P215,61,P324,20,P122,121,P325
mayig_observed_parpola,M-48,6,3,medial,P120,7,P324,4,P122,6,P091
mayig_observed_parpola,M-48,6,4,medial,P202,19,P324,35,P122,3,P256
mayig_observed_parpola,M-48,6,5,terminal,P154,23,P324,23,P122,12,P385
mayig_observed_parpola,M-51,8,0,initial,P324,1,P324,1,P324,1,P324
mayig_observed_parpola,M-51,8,1,medial,P230,9,P324,8,P324,15,P332
mayig_observed_parpola,M-51,8,2,medial,P215,60,P324,20,P122,4,P062
mayig_observed_parpola,M-51,8,3,medial,P091,70,P324,27,P122,3,P062
mayig_observed_parpola,M-51,8,4,medial,P060,14,P324,18,P122,7,P013
mayig_observed_parpola,M-51,8,5,medial,P324,1,P324,141,P122,2,P122
mayig_observed_parpola,M-51,8,6,medial,P086,3,P324,61,P122,4,P154
mayig_observed_parpola,M-51,8,7,terminal,P011,23,P324,24,P385,14,P385
mayig_observed_parpola,M-52,10,0,initial,P324,1,P324,1,P324,1,P324
mayig_observed_parpola,M-52,10,1,medial,P172,159,P324,159,P324,159,P050
mayig_observed_parpola,M-52,10,2,medial,P145,6,P324,10,P122,16,P217
mayig_observed_parpola,M-52,10,3,medial,P050,4,P324,2,P122,1,P050
mayig_observed_parpola,M-52,10,4,medial,P092,35,P324,77,P122,3,P145
mayig_observed_parpola,M-52,10,5,medial,P060,13,P324,15,P122,3,P062
mayig_observed_parpola,M-52,10,6,medial,P364,15,P324,27,P122,1,P364
mayig_observed_parpola,M-52,10,7,medial,P122,2,P324,69,P385,1,P122
mayig_observed_parpola,M-52,10,8,medial,P211,159,P324,159,P011,159,P385
mayig_observed_parpola,M-52,10,9,terminal,P320,144,P324,130,P086,108,P385
mayig_observed_parpola,M-53,9,0,initial,P013,23,P324,4,P324,1,P013
mayig_observed_parpola,M-53,9,1,medial,P324,1,P324,2,P123,1,P324
mayig_observed_parpola,M-53,9,2,medial,P050,4,P324,3,P122,4,P086
mayig_observed_parpola,M-53,9,3,medial,P126,35,P324,14,P122,9,P145
mayig_observed_parpola,M-53,9,4,medial,P122,2,P324,1,P122,1,P122
mayig_observed_parpola,M-53,9,5,medial,P205,32,P324,108,P122,2,P385
mayig_observed_parpola,M-53,9,6,medial,P076,69,P324,59,P122,5,P202
mayig_observed_parpola,M-53,9,7,medial,P154,21,P324,81,P385,142,P316
mayig_observed_parpola,M-53,9,8,terminal,P011,22,P324,14,P095,8,P385
mayig_observed_parpola,M-54,7,0,initial,P051,52,P324,8,P324,8,P324
mayig_observed_parpola,M-54,7,1,medial,P062,13,P324,84,P324,151,P217
mayig_observed_parpola,M-54,7,2,medial,P147,23,P324,18,P122,1,P147
mayig_observed_parpola,M-54,7,3,medial,P316,15,P324,11,P122,1,P316
mayig_observed_parpola,M-54,7,4,medial,P230,9,P324,13,P122,31,P364
mayig_observed_parpola,M-54,7,5,medial,P122,2,P324,1,P122,1,P122
mayig_observed_parpola,M-54,7,6,terminal,P378,14,P324,4,P122,2,P385
mayig_observed_parpola,M-56,8,0,initial,P324,1,P324,1,P324,1,P324
mayig_observed_parpola,M-56,8,1,medial,P382,159,P324,159,P324,159,P050
mayig_observed_parpola,M-56,8,2,medial,P145,6,P324,10,P122,5,P062
mayig_observed_parpola,M-56,8,3,medial,P060,14,P324,4,P122,4,P122
mayig_observed_parpola,M-56,8,4,medial,P120,7,P324,8,P122,2,P324
mayig_observed_parpola,M-56,8,5,medial,P230,9,P324,30,P122,2,P256
mayig_observed_parpola,M-56,8,6,medial,P281,159,P324,159,P122,159,P062
mayig_observed_parpola,M-56,8,7,terminal,P349,38,P324,144,P385,66,P385
mayig_observed_parpola,M-57,6,0,initial,P051,52,P324,8,P324,6,P324
mayig_observed_parpola,M-57,6,1,medial,P145,6,P324,7,P324,7,P364
mayig_observed_parpola,M-57,6,2,medial,P056,35,P324,9,P122,135,P122
mayig_observed_parpola,M-57,6,3,medial,P230,9,P324,18,P122,31,P364
mayig_observed_parpola,M-57,6,4,medial,P122,2,P324,1,P122,9,P062
mayig_observed_parpola,M-57,6,5,terminal,P258,160,P324,160,P122,160,P385
mayig_observed_parpola,M-58,5,0,initial,P324,1,P324,1,P324,1,P324
mayig_observed_parpola,M-58,5,1,medial,P215,61,P324,116,P324,128,P086
mayig_observed_parpola,M-58,5,2,medial,P210,43,P324,48,P122,28,P364
mayig_observed_parpola,M-58,5,3,medial,P122,2,P324,1,P122,1,P122
mayig_observed_parpola,M-58,5,4,terminal,P385,5,P324,2,P122,1,P385
mayig_observed_parpola,M-59,5,0,initial,P202,20,P324,20,P324,26,P086
mayig_observed_parpola,M-59,5,1,medial,P123,17,P324,2,P324,141,P154
mayig_observed_parpola,M-59,5,2,medial,P326,160,P324,160,P122,160,P122
mayig_observed_parpola,M-59,5,3,medial,P120,7,P324,4,P122,152,P110
mayig_observed_parpola,M-59,5,4,terminal,P160,76,P324,94,P122,128,P256
mayig_observed_parpola,M-63,4,0,initial,P301,47,P324,8,P324,4,P324
mayig_observed_parpola,M-63,4,1,medial,P230,11,P324,8,P324,3,P058
mayig_observed_parpola,M-63,4,2,medial,P120,7,P324,9,P122,3,P056
mayig_observed_parpola,M-63,4,3,terminal,P230,11,P324,18,P122,4,P256
mayig_observed_parpola,M-64,6,0,initial,P217,11,P324,3,P324,1,P217
mayig_observed_parpola,M-64,6,1,medial,P147,23,P324,8,P324,1,P147
mayig_observed_parpola,M-64,6,2,medial,P316,15,P324,4,P122,1,P316
mayig_observed_parpola,M-64,6,3,medial,P120,7,P324,4,P122,158,P122
mayig_observed_parpola,M-64,6,4,medial,P050,4,P324,16,P122,9,P256
mayig_observed_parpola,M-64,6,5,terminal,P124,58,P324,85,P122,16,P385
mayig_observed_parpola,M-65,6,0,initial,P217,11,P324,3,P324,2,P324
mayig_observed_parpola,M-65,6,1,medial,P050,4,P324,8,P324,2,P147
mayig_observed_parpola,M-65,6,2,medial,P144,30,P324,18,P122,137,P145
mayig_observed_parpola,M-65,6,3,medial,P121,35,P324,30,P122,127,P147
mayig_observed_parpola,M-65,6,4,medial,P316,15,P324,137,P122,149,P202
mayig_observed_parpola,M-65,6,5,terminal,P289,137,P324,130,P122,111,P385
mayig_observed_parpola,M-69,5,0,initial,P324,1,P324,1,P324,1,P324
mayig_observed_parpola,M-69,5,1,medial,P364,15,P324,62,P324,155,P332
mayig_observed_parpola,M-69,5,2,medial,P056,35,P324,9,P122,135,P122
mayig_observed_parpola,M-69,5,3,medial,P120,7,P324,4,P122,1,P120
mayig_observed_parpola,M-69,5,4,terminal,P256,23,P324,6,P122,1,P256
mayig_observed_parpola,M-70,5,0,initial,P051,52,P324,8,P324,6,P324
mayig_observed_parpola,M-70,5,1,medial,P145,6,P324,7,P324,2,P364
mayig_observed_parpola,M-70,5,2,medial,P122,2,P324,1,P122,1,P122
mayig_observed_parpola,M-70,5,3,medial,P086,3,P324,75,P122,5,P385
mayig_observed_parpola,M-70,5,4,terminal,P256,23,P324,6,P122,6,P385
mayig_observed_parpola,M-71,6,0,initial,P001,64,P324,8,P324,8,P324
mayig_observed_parpola,M-71,6,1,medial,P108,55,P324,94,P324,106,P048
mayig_observed_parpola,M-71,6,2,medial,P031,67,P324,28,P122,100,P364
mayig_observed_parpola,M-71,6,3,medial,P122,2,P324,1,P122,2,P324
mayig_observed_parpola,M-71,6,4,medial,P086,3,P324,8,P122,4,P385
mayig_observed_parpola,M-71,6,5,terminal,P023,160,P324,160,P122,160,P385
mayig_observed_parpola,M-74,4,0,initial,P280,160,P324,160,P324,160,P324
mayig_observed_parpola,M-74,4,1,medial,P289,136,P324,133,P324,53,P147
mayig_observed_parpola,M-74,4,2,medial,P316,15,P324,4,P122,6,P022
mayig_observed_parpola,M-74,4,3,terminal,P011,23,P324,52,P122,2,P385
mayig_observed_parpola,M-75,5,0,initial,P217,11,P324,3,P324,2,P324
mayig_observed_parpola,M-75,5,1,medial,P050,4,P324,8,P324,1,P050
mayig_observed_parpola,M-75,5,2,medial,P124,58,P324,100,P122,9,P145
mayig_observed_parpola,M-75,5,3,medial,P122,2,P324,1,P122,1,P122
mayig_observed_parpola,M-75,5,4,terminal,P385,5,P324,2,P122,1,P385
mayig_observed_parpola,M-77,5,0,initial,P366,160,P324,160,P324,160,P324
mayig_observed_parpola,M-77,5,1,medial,P086,3,P324,8,P324,158,P060
mayig_observed_parpola,M-77,5,2,medial,P364,15,P324,59,P122,3,P123
mayig_observed_parpola,M-77,5,3,medial,P122,2,P324,1,P122,1,P122
mayig_observed_parpola,M-77,5,4,terminal,P385,5,P324,2,P122,1,P385
mayig_observed_parpola,M-78,4,0,initial,P324,1,P324,1,P324,1,P324
mayig_observed_parpola,M-78,4,1,medial,P043,97,P324,79,P324,62,P050
mayig_observed_parpola,M-78,4,2,medial,P145,6,P324,10,P122,155,P177
mayig_observed_parpola,M-78,4,3,terminal,P226,62,P324,37,P122,12,P385
mayig_observed_parpola,M-80,5,0,initial,P004,35,P324,5,P324,3,P086
mayig_observed_parpola,M-80,5,1,medial,P123,17,P324,2,P324,1,P123
mayig_observed_parpola,M-80,5,2,medial,P120,7,P324,9,P122,8,P122
mayig_observed_parpola,M-80,5,3,medial,P202,20,P324,35,P122,4,P122
mayig_observed_parpola,M-80,5,4,terminal,P385,5,P324,2,P122,1,P385
mayig_observed_parpola,M-82,6,0,initial,P324,1,P324,1,P324,1,P324
mayig_observed_parpola,M-82,6,1,medial,P053,160,P324,160,P324,160,P145
mayig_observed_parpola,M-82,6,2,medial,P122,2,P324,1,P122,159,P324
mayig_observed_parpola,M-82,6,3,medial,P082,103,P324,73,P122,39,P385
mayig_observed_parpola,M-82,6,4,medial,P230,9,P324,13,P122,154,P122
mayig_observed_parpola,M-82,6,5,terminal,P086,3,P324,70,P122,158,P385
mayig_observed_parpola,M-83,3,0,initial,P086,3,P324,2,P324,2,P324
mayig_observed_parpola,M-83,3,1,medial,P128,110,P324,43,P324,7,P276
mayig_observed_parpola,M-83,3,2,terminal,P180,160,P324,160,P122,160,P385
mayig_observed_parpola,M-84,6,0,initial,P324,1,P324,1,P324,1,P324
mayig_observed_parpola,M-84,6,1,medial,P335,160,P324,160,P324,160,P230
mayig_observed_parpola,M-84,6,2,medial,P062,14,P324,2,P122,146,P128
mayig_observed_parpola,M-84,6,3,medial,P121,35,P324,30,P122,5,P122
mayig_observed_parpola,M-84,6,4,medial,P202,19,P324,35,P122,2,P324
mayig_observed_parpola,M-84,6,5,terminal,P154,23,P324,23,P122,12,P385
mayig_observed_parpola,M-85,5,0,initial,P217,11,P324,3,P324,2,P324
mayig_observed_parpola,M-85,5,1,medial,P058,15,P324,17,P324,3,P147
mayig_observed_parpola,M-85,5,2,medial,P325,21,P324,56,P122,145,P075
mayig_observed_parpola,M-85,5,3,medial,P251,159,P324,159,P122,159,P166
mayig_observed_parpola,M-85,5,4,terminal,P070,159,P324,159,P122,159,P385
mayig_observed_parpola,M-86,7,0,initial,P217,11,P324,3,P324,1,P217
mayig_observed_parpola,M-86,7,1,medial,P147,23,P324,8,P324,1,P147
mayig_observed_parpola,M-86,7,2,medial,P316,15,P324,4,P122,1,P316
mayig_observed_parpola,M-86,7,3,medial,P056,35,P324,68,P122,10,P364
mayig_observed_parpola,M-86,7,4,medial,P122,2,P324,1,P122,1,P122
mayig_observed_parpola,M-86,7,5,medial,P378,14,P324,11,P122,2,P385
mayig_observed_parpola,M-86,7,6,terminal,P310,160,P324,160,P122,160,P385
mayig_observed_parpola,M-87,3,0,initial,P098,70,P324,16,P324,19,P324
mayig_observed_parpola,M-87,3,1,medial,P178,159,P324,159,P324,159,P014
mayig_observed_parpola,M-87,3,2,terminal,P020,159,P324,159,P122,159,P385
mayig_observed_parpola,M-88,3,0,initial,P301,47,P324,8,P324,8,P324
mayig_observed_parpola,M-88,3,1,medial,P110,70,P324,40,P324,87,P217
mayig_observed_parpola,M-88,3,2,terminal,P058,15,P324,29,P122,155,P385
mayig_observed_parpola,M-89,5,0,initial,P324,1,P324,1,P324,1,P324
mayig_observed_parpola,M-89,5,1,medial,P358,152,P324,62,P324,23,P332
mayig_observed_parpola,M-89,5,2,medial,P313,160,P324,160,P122,160,P050
mayig_observed_parpola,M-89,5,3,medial,P145,6,P324,6,P122,5,P062
mayig_observed_parpola,M-89,5,4,terminal,P060,14,P324,18,P122,79,P385
mayig_observed_parpola,M-90,6,0,initial,P324,1,P324,1,P324,1,P324
mayig_observed_parpola,M-90,6,1,medial,P349,38,P324,60,P324,40,P332
mayig_observed_parpola,M-90,6,2,medial,P139,111,P324,103,P122,2,P048
mayig_observed_parpola,M-90,6,3,medial,P144,31,P324,30,P122,28,P364
mayig_observed_parpola,M-90,6,4,medial,P122,2,P324,1,P122,1,P122
mayig_observed_parpola,M-90,6,5,terminal,P385,5,P324,2,P122,1,P385
mayig_observed_parpola,M-91,9,0,initial,P324,1,P324,1,P324,1,P324
mayig_observed_parpola,M-91,9,1,medial,P009,65,P324,15,P324,14,P154
mayig_observed_parpola,M-91,9,2,medial,P230,9,P324,119,P122,157,P217
mayig_observed_parpola,M-91,9,3,medial,P050,4,P324,2,P122,1,P050
mayig_observed_parpola,M-91,9,4,medial,P145,6,P324,31,P122,1,P145
mayig_observed_parpola,M-91,9,5,medial,P122,2,P324,1,P122,1,P122
mayig_observed_parpola,M-91,9,6,medial,P385,5,P324,27,P122,1,P385
mayig_observed_parpola,M-91,9,7,medial,P073,28,P324,50,P385,2,P231
mayig_observed_parpola,M-91,9,8,terminal,P095,70,P324,51,P011,10,P385
mayig_observed_parpola,M-92,7,0,initial,P324,1,P324,1,P324,1,P324
mayig_observed_parpola,M-92,7,1,medial,P075,51,P324,87,P324,125,P230
mayig_observed_parpola,M-92,7,2,medial,P215,60,P324,20,P122,1,P215
mayig_observed_parpola,M-92,7,3,medial,P091,69,P324,27,P122,21,P364
mayig_observed_parpola,M-92,7,4,medial,P122,2,P324,1,P122,4,P121
mayig_observed_parpola,M-92,7,5,medial,P369,86,P324,39,P122,17,P385
mayig_observed_parpola,M-92,7,6,terminal,P253,160,P324,160,P122,160,P385
mayig_observed_parpola,M-93,5,0,initial,P004,35,P324,5,P324,3,P086
mayig_observed_parpola,M-93,5,1,medial,P123,17,P324,2,P324,1,P123
mayig_observed_parpola,M-93,5,2,medial,P062,14,P324,2,P122,152,P122
mayig_observed_parpola,M-93,5,3,medial,P325,21,P324,11,P122,149,P060
mayig_observed_parpola,M-93,5,4,terminal,P043,97,P324,65,P122,84,P385
mayig_observed_parpola,M-94,5,0,initial,P324,1,P324,1,P324,1,P324
mayig_observed_parpola,M-94,5,1,medial,P086,3,P324,8,P324,1,P086
mayig_observed_parpola,M-94,5,2,medial,P276,62,P324,13,P122,3,P217
mayig_observed_parpola,M-94,5,3,medial,P050,4,P324,2,P122,158,P004
mayig_observed_parpola,M-94,5,4,terminal,P123,18,P324,85,P122,74,P385
mayig_observed_parpola,M-95,5,0,initial,P086,3,P324,2,P324,1,P086
mayig_observed_parpola,M-95,5,1,medial,P123,18,P324,2,P324,3,P364
mayig_observed_parpola,M-95,5,2,medial,P122,2,P324,1,P122,1,P122
mayig_observed_parpola,M-95,5,3,medial,P040,159,P324,159,P122,159,P385
mayig_observed_parpola,M-95,5,4,terminal,P342,159,P324,159,P122,159,P385
mayig_observed_parpola,M-96,2,0,initial,P004,35,P324,5,P324,5,P324
mayig_observed_parpola,M-96,2,1,terminal,P124,58,P324,43,P324,61,P385
mayig_observed_parpola,M-97,3,0,initial,P004,35,P324,5,P324,5,P324
mayig_observed_parpola,M-97,3,1,medial,P188,120,P324,112,P324,4,P123
mayig_observed_parpola,M-97,3,2,terminal,P073,27,P324,30,P122,67,P385
mayig_observed_parpola,M-99,5,0,initial,P324,1,P324,1,P324,1,P324
mayig_observed_parpola,M-99,5,1,medial,P353,152,P324,151,P324,116,P145
mayig_observed_parpola,M-99,5,2,medial,P122,2,P324,1,P122,3,P121
mayig_observed_parpola,M-99,5,3,medial,P202,20,P324,35,P122,7,P385
mayig_observed_parpola,M-99,5,4,terminal,P038,160,P324,160,P122,160,P385
mayig_observed_parpola,M-100,6,0,initial,P013,23,P324,4,P324,1,P013
mayig_observed_parpola,M-100,6,1,medial,P324,1,P324,2,P123,1,P324
mayig_observed_parpola,M-100,6,2,medial,P073,28,P324,30,P122,41,P147
mayig_observed_parpola,M-100,6,3,medial,P316,15,P324,11,P122,153,P364
mayig_observed_parpola,M-100,6,4,medial,P122,2,P324,1,P122,1,P122
mayig_observed_parpola,M-100,6,5,terminal,P385,5,P324,2,P122,1,P385
mayig_observed_parpola,M-101,6,0,initial,P086,3,P324,2,P324,3,P324
mayig_observed_parpola,M-101,6,1,medial,P210,43,P324,115,P324,130,P013
mayig_observed_parpola,M-101,6,2,medial,P324,1,P324,22,P122,3,P122
mayig_observed_parpola,M-101,6,3,medial,P003,87,P324,48,P122,30,P145
mayig_observed_parpola,M-101,6,4,medial,P122,2,P324,1,P122,1,P122
mayig_observed_parpola,M-101,6,5,terminal,P385,5,P324,2,P122,1,P385
mayig_observed_parpola,M-102,4,0,initial,P004,35,P324,5,P324,3,P086
mayig_observed_parpola,M-102,4,1,medial,P123,18,P324,2,P324,1,P123
mayig_observed_parpola,M-102,4,2,medial,P154,23,P324,103,P122,145,P122
mayig_observed_parpola,M-102,4,3,terminal,P226,62,P324,37,P122,10,P385
mayig_observed_parpola,M-103,4,0,initial,P086,3,P324,2,P324,4,P324
mayig_observed_parpola,M-103,4,1,medial,P124,58,P324,43,P324,32,P123
mayig_observed_parpola,M-103,4,2,medial,P122,2,P324,1,P122,1,P122
mayig_observed_parpola,M-103,4,3,terminal,P378,15,P324,155,P122,2,P385
mayig_observed_parpola,M-104,5,0,initial,P013,23,P324,4,P324,1,P013
mayig_observed_parpola,M-104,5,1,medial,P324,1,P324,2,P123,1,P324
mayig_observed_parpola,M-104,5,2,medial,P050,4,P324,3,P122,16,P062
mayig_observed_parpola,M-104,5,3,medial,P060,14,P324,4,P122,149,P145
mayig_observed_parpola,M-104,5,4,terminal,P359,153,P324,150,P122,53,P385
mayig_observed_parpola,M-107,6,0,initial,P324,1,P324,1,P324,1,P324
mayig_observed_parpola,M-107,6,1,medial,P238,126,P324,120,P324,84,P175
mayig_observed_parpola,M-107,6,2,medial,P058,15,P324,29,P122,12,P364
mayig_observed_parpola,M-107,6,3,medial,P122,2,P324,1,P122,4,P075
mayig_observed_parpola,M-107,6,4,medial,P054,159,P324,159,P122,159,P385
mayig_observed_parpola,M-107,6,5,terminal,P071,159,P324,159,P122,159,P385
mayig_observed_parpola,M-108,7,0,initial,P099,160,P324,160,P324,160,P324
mayig_observed_parpola,M-108,7,1,medial,P378,15,P324,62,P324,153,P217
mayig_observed_parpola,M-108,7,2,medial,P050,4,P324,3,P122,2,P384
mayig_observed_parpola,M-108,7,3,medial,P201,42,P324,107,P122,3,P145
mayig_observed_parpola,M-108,7,4,medial,P075,52,P324,11,P122,106,P120
mayig_observed_parpola,M-108,7,5,medial,P230,9,P324,30,P122,155,P122
mayig_observed_parpola,M-108,7,6,terminal,P378,15,P324,4,P122,3,P385
mayig_observed_parpola,M-109,7,0,initial,P324,1,P324,1,P324,1,P324
mayig_observed_parpola,M-109,7,1,medial,P381,159,P324,159,P324,159,P175
mayig_observed_parpola,M-109,7,2,medial,P050,4,P324,3,P122,1,P050
mayig_observed_parpola,M-109,7,3,medial,P092,35,P324,75,P122,3,P145
mayig_observed_parpola,M-109,7,4,medial,P122,2,P324,1,P122,4,P060
mayig_observed_parpola,M-109,7,5,medial,P084,159,P324,159,P122,159,P385
mayig_observed_parpola,M-109,7,6,terminal,P011,23,P324,6,P122,5,P385
mayig_observed_parpola,M-112,8,0,initial,P324,1,P324,1,P324,1,P324
mayig_observed_parpola,M-112,8,1,medial,P332,38,P324,8,P324,2,P230
mayig_observed_parpola,M-112,8,2,medial,P056,33,P324,9,P122,125,P086
mayig_observed_parpola,M-112,8,3,medial,P126,34,P324,14,P122,126,P122
mayig_observed_parpola,M-112,8,4,medial,P111,109,P324,84,P122,34,P122
mayig_observed_parpola,M-112,8,5,medial,P325,21,P324,37,P122,142,P058
mayig_observed_parpola,M-112,8,6,medial,P285,159,P324,159,P122,159,P166
mayig_observed_parpola,M-112,8,7,terminal,P254,159,P324,159,P385,159,P385
mayig_observed_parpola,M-113,6,0,initial,P324,1,P324,1,P324,1,P324
mayig_observed_parpola,M-113,6,1,medial,P145,6,P324,7,P324,46,P086
mayig_observed_parpola,M-113,6,2,medial,P349,38,P324,145,P122,137,P060
mayig_observed_parpola,M-113,6,3,medial,P325,21,P324,11,P122,149,P139
mayig_observed_parpola,M-113,6,4,medial,P120,7,P324,8,P122,154,P166
mayig_observed_parpola,M-113,6,5,terminal,P156,160,P324,160,P122,160,P256
mayig_observed_parpola,M-114,6,0,initial,P324,1,P324,1,P324,1,P324
mayig_observed_parpola,M-114,6,1,medial,P332,38,P324,8,P324,1,P332
mayig_observed_parpola,M-114,6,2,medial,P283,80,P324,54,P122,23,P060
mayig_observed_parpola,M-114,6,3,medial,P122,2,P324,1,P122,2,P120
mayig_observed_parpola,M-114,6,4,medial,P205,33,P324,107,P122,4,P385
mayig_observed_parpola,M-114,6,5,terminal,P095,69,P324,75,P122,11,P385
mayig_observed_parpola,M-115,8,0,initial,P086,3,P324,2,P324,3,P324
mayig_observed_parpola,M-115,8,1,medial,P352,160,P324,160,P324,160,P276
mayig_observed_parpola,M-115,8,2,medial,P011,23,P324,66,P122,136,P324
mayig_observed_parpola,M-115,8,3,medial,P194,35,P324,107,P122,131,P060
mayig_observed_parpola,M-115,8,4,medial,P364,15,P324,6,P122,1,P364
mayig_observed_parpola,M-115,8,5,medial,P122,2,P324,1,P122,1,P122
mayig_observed_parpola,M-115,8,6,medial,P205,32,P324,104,P122,2,P385
mayig_observed_parpola,M-115,8,7,terminal,P076,69,P324,51,P385,10,P385
mayig_observed_parpola,M-116,7,0,initial,P324,1,P324,1,P324,1,P324
mayig_observed_parpola,M-116,7,1,medial,P009,66,P324,15,P324,11,P332
mayig_observed_parpola,M-116,7,2,medial,P194,34,P324,19,P122,128,P170
mayig_observed_parpola,M-116,7,3,medial,P349,38,P324,148,P122,2,P122
mayig_observed_parpola,M-116,7,4,medial,P139,111,P324,90,P122,19,P364
mayig_observed_parpola,M-116,7,5,medial,P122,2,P324,1,P122,1,P122
mayig_observed_parpola,M-116,7,6,terminal,P385,5,P324,27,P122,1,P385
mayig_observed_parpola,M-117,8,0,initial,P217,11,P324,3,P324,1,P217
mayig_observed_parpola,M-117,8,1,medial,P147,23,P324,8,P324,1,P147
mayig_observed_parpola,M-117,8,2,medial,P316,15,P324,4,P122,1,P316
mayig_observed_parpola,M-117,8,3,medial,P050,4,P324,2,P122,160,P058
mayig_observed_parpola,M-117,8,4,medial,P364,13,P324,6,P122,152,P145
mayig_observed_parpola,M-117,8,5,medial,P142,58,P324,91,P122,127,P364
mayig_observed_parpola,M-117,8,6,medial,P122,2,P324,3,P378,1,P122
mayig_observed_parpola,M-117,8,7,terminal,P378,14,P324,154,P385,2,P385
mayig_observed_parpola,M-118,8,0,initial,P324,1,P324,1,P324,1,P324
mayig_observed_parpola,M-118,8,1,medial,P096,70,P324,17,P324,12,P332
mayig_observed_parpola,M-118,8,2,medial,P147,23,P324,18,P122,1,P147
mayig_observed_parpola,M-118,8,3,medial,P316,15,P324,11,P122,1,P316
mayig_observed_parpola,M-118,8,4,medial,P058,14,P324,10,P122,11,P060
mayig_observed_parpola,M-118,8,5,medial,P364,13,P324,39,P122,1,P364
mayig_observed_parpola,M-118,8,6,medial,P122,2,P324,3,P378,1,P122
mayig_observed_parpola,M-118,8,7,terminal,P385,5,P324,1,P385,1,P385
mayig_observed_parpola,M-119,10,0,initial,P001,63,P324,8,P324,8,P324
mayig_observed_parpola,M-119,10,1,medial,P309,81,P324,21,P324,92,P048
mayig_observed_parpola,M-119,10,2,medial,P195,160,P324,160,P122,160,P145
mayig_observed_parpola,M-119,10,3,medial,P122,2,P324,1,P122,2,P324
mayig_observed_parpola,M-119,10,4,medial,P086,3,P324,8,P122,3,P385
mayig_observed_parpola,M-119,10,5,medial,P035,66,P324,52,P122,3,P276
mayig_observed_parpola,M-119,10,6,medial,P270,60,P324,118,P122,2,P050
mayig_observed_parpola,M-119,10,7,medial,P145,6,P324,79,P385,5,P202
mayig_observed_parpola,M-119,10,8,medial,P154,23,P324,74,P011,148,P122
mayig_observed_parpola,M-119,10,9,terminal,P230,9,P324,101,P086,10,P385
mayig_observed_parpola,M-121,5,0,initial,P324,1,P324,1,P324,1,P324
mayig_observed_parpola,M-121,5,1,medial,P154,23,P324,20,P324,4,P086
mayig_observed_parpola,M-121,5,2,medial,P355,64,P324,59,P122,1,P355
mayig_observed_parpola,M-121,5,3,medial,P058,15,P324,6,P122,1,P058
mayig_observed_parpola,M-121,5,4,terminal,P075,51,P324,11,P122,63,P385
mayig_observed_parpola,M-122,3,0,initial,P217,11,P324,3,P324,1,P217
mayig_observed_parpola,M-122,3,1,medial,P147,23,P324,8,P324,1,P147
mayig_observed_parpola,M-122,3,2,terminal,P316,15,P324,4,P122,2,P385
mayig_observed_parpola,M-123,4,0,initial,P098,70,P324,16,P324,19,P324
mayig_observed_parpola,M-123,4,1,medial,P014,160,P324,160,P324,160,P122
mayig_observed_parpola,M-123,4,2,medial,P202,20,P324,112,P122,141,P204
mayig_observed_parpola,M-123,4,3,terminal,P114,108,P324,83,P122,88,P385
mayig_observed_parpola,M-124,4,0,initial,P324,1,P324,1,P324,1,P324
mayig_observed_parpola,M-124,4,1,medial,P175,35,P324,14,P324,1,P175
mayig_observed_parpola,M-124,4,2,medial,P050,4,P324,3,P122,1,P050
mayig_observed_parpola,M-124,4,3,terminal,P145,6,P324,6,P122,3,P385
mayig_observed_parpola,M-127,5,0,initial,P238,128,P324,113,P324,69,P013
mayig_observed_parpola,M-127,5,1,medial,P324,1,P324,2,P123,160,P062
mayig_observed_parpola,M-127,5,2,medial,P060,14,P324,29,P122,48,P013
mayig_observed_parpola,M-127,5,3,medial,P324,1,P324,40,P122,1,P324
mayig_observed_parpola,M-127,5,4,terminal,P194,35,P324,105,P122,35,P385
mayig_observed_parpola,M-128,6,0,initial,P324,1,P324,1,P324,1,P324
mayig_observed_parpola,M-128,6,1,medial,P175,35,P324,14,P324,6,P086
mayig_observed_parpola,M-128,6,2,medial,P364,14,P324,59,P122,150,P013
mayig_observed_parpola,M-128,6,3,medial,P324,1,P324,40,P122,159,P122
mayig_observed_parpola,M-128,6,4,medial,P208,160,P324,160,P122,160,P147
mayig_observed_parpola,M-128,6,5,terminal,P316,15,P324,139,P122,72,P385
mayig_observed_parpola,M-129,6,0,initial,P217,9,P324,3,P324,2,P324
mayig_observed_parpola,M-129,6,1,medial,P058,15,P324,17,P324,4,P147
mayig_observed_parpola,M-129,6,2,medial,P062,13,P324,2,P122,1,P062
mayig_observed_parpola,M-129,6,3,medial,P060,12,P324,4,P122,1,P060
mayig_observed_parpola,M-129,6,4,medial,P325,21,P324,138,P122,146,P364
mayig_observed_parpola,M-129,6,5,terminal,P293,160,P324,160,P122,160,P385
mayig_observed_parpola,M-130,6,0,initial,P324,1,P324,1,P324,1,P324
mayig_observed_parpola,M-130,6,1,medial,P003,87,P324,67,P324,20,P175
mayig_observed_parpola,M-130,6,2,medial,P050,4,P324,3,P122,1,P050
mayig_observed_parpola,M-130,6,3,medial,P145,6,P324,6,P122,1,P145
mayig_observed_parpola,M-130,6,4,medial,P122,2,P324,1,P122,1,P122
mayig_observed_parpola,M-130,6,5,terminal,P032,160,P324,160,P122,160,P385
mayig_observed_parpola,M-131,6,0,initial,P324,1,P324,1,P324,1,P324
mayig_observed_parpola,M-131,6,1,medial,P086,4,P324,8,P324,1,P086
mayig_observed_parpola,M-131,6,2,medial,P276,61,P324,13,P122,2,P123
mayig_observed_parpola,M-131,6,3,medial,P325,21,P324,11,P122,148,P122
mayig_observed_parpola,M-131,6,4,medial,P086,4,P324,8,P122,158,P154
mayig_observed_parpola,M-131,6,5,terminal,P355,64,P324,38,P122,68,P385
mayig_observed_parpola,M-132,3,0,initial,P004,35,P324,5,P324,3,P086
mayig_observed_parpola,M-132,3,1,medial,P123,18,P324,2,P324,1,P123
mayig_observed_parpola,M-132,3,2,terminal,P226,62,P324,119,P122,8,P385
mayig_observed_parpola,M-133,8,0,initial,P301,47,P324,8,P324,4,P324
mayig_observed_parpola,M-133,8,1,medial,P230,9,P324,8,P324,1,P230
mayig_observed_parpola,M-133,8,2,medial,P062,14,P324,2,P122,6,P122
mayig_observed_parpola,M-133,8,3,medial,P050,4,P324,2,P122,159,P060
mayig_observed_parpola,M-133,8,4,medial,P073,28,P324,72,P122,136,P145
mayig_observed_parpola,M-133,8,5,medial,P369,86,P324,39,P122,104,P095
mayig_observed_parpola,M-133,8,6,medial,P174,75,P324,93,P122,88,P232
mayig_observed_parpola,M-133,8,7,terminal,P110,68,P324,64,P385,123,P385
mayig_observed_parpola,M-134,3,0,initial,P390,160,P324,160,P324,160,P324
mayig_observed_parpola,M-134,3,1,medial,P145,6,P324,7,P324,156,P120
mayig_observed_parpola,M-134,3,2,terminal,P256,23,P324,124,P122,4,P385
mayig_observed_parpola,M-135,4,0,initial,P217,11,P324,3,P324,1,P217
mayig_observed_parpola,M-135,4,1,medial,P147,23,P324,8,P324,1,P147
mayig_observed_parpola,M-135,4,2,medial,P316,15,P324,4,P122,1,P316
mayig_observed_parpola,M-135,4,3,terminal,P144,31,P324,30,P122,70,P385
mayig_observed_parpola,M-136,7,0,initial,P013,23,P324,4,P324,1,P013
mayig_observed_parpola,M-136,7,1,medial,P324,1,P324,2,P123,1,P324
mayig_observed_parpola,M-136,7,2,medial,P050,4,P324,3,P122,4,P086
mayig_observed_parpola,M-136,7,3,medial,P126,35,P324,14,P122,9,P145
mayig_observed_parpola,M-136,7,4,medial,P144,30,P324,90,P122,132,P122
mayig_observed_parpola,M-136,7,5,medial,P177,160,P324,160,P122,160,P122
mayig_observed_parpola,M-136,7,6,terminal,P226,62,P324,109,P122,7,P385
mayig_observed_parpola,M-138,3,0,initial,P324,1,P324,1,P324,1,P324
mayig_observed_parpola,M-138,3,1,medial,P154,23,P324,20,P324,14,P332
mayig_observed_parpola,M-138,3,2,terminal,P125,109,P324,100,P122,33,P385
mayig_observed_parpola,M-139,5,0,initial,P147,23,P324,80,P324,145,P324
mayig_observed_parpola,M-139,5,1,medial,P368,153,P324,62,P324,68,P316
mayig_observed_parpola,M-139,5,2,medial,P061,159,P324,159,P122,159,P136
mayig_observed_parpola,M-139,5,3,medial,P325,20,P324,11,P122,141,P007
mayig_observed_parpola,M-139,5,4,terminal,P294,159,P324,159,P122,159,P385
mayig_observed_parpola,M-140,7,0,initial,P324,1,P324,1,P324,1,P324
mayig_observed_parpola,M-140,7,1,medial,P309,81,P324,21,P324,38,P050
mayig_observed_parpola,M-140,7,2,medial,P145,6,P324,10,P122,18,P217
mayig_observed_parpola,M-140,7,3,medial,P050,4,P324,2,P122,1,P050
mayig_observed_parpola,M-140,7,4,medial,P201,43,P324,106,P122,3,P145
mayig_observed_parpola,M-140,7,5,medial,P283,79,P324,129,P122,93,P050
mayig_observed_parpola,M-140,7,6,terminal,P221,76,P324,110,P122,131,P385
mayig_observed_parpola,M-142,4,0,initial,P022,160,P324,160,P324,160,P324
mayig_observed_parpola,M-142,4,1,medial,P011,23,P324,27,P324,143,P364
mayig_observed_parpola,M-142,4,2,medial,P122,2,P324,1,P122,1,P122
mayig_observed_parpola,M-142,4,3,terminal,P385,5,P324,11,P122,1,P385
mayig_observed_parpola,M-143,6,0,initial,P324,1,P324,1,P324,1,P324
mayig_observed_parpola,M-143,6,1,medial,P082,104,P324,88,P324,77,P145
mayig_observed_parpola,M-143,6,2,medial,P122,2,P324,1,P122,159,P050
mayig_observed_parpola,M-143,6,3,medial,P145,6,P324,6,P122,157,P385
mayig_observed_parpola,M-143,6,4,medial,P170,160,P324,160,P122,160,P122
mayig_observed_parpola,M-143,6,5,terminal,P349,38,P324,147,P122,66,P385
mayig_observed_parpola,M-144,6,0,initial,P324,1,P324,1,P324,1,P324
mayig_observed_parpola,M-144,6,1,medial,P009,66,P324,15,P324,10,P050
mayig_observed_parpola,M-144,6,2,medial,P092,35,P324,9,P122,131,P230
mayig_observed_parpola,M-144,6,3,medial,P062,14,P324,69,P122,30,P060
mayig_observed_parpola,M-144,6,4,medial,P122,2,P324,1,P122,1,P122
mayig_observed_parpola,M-144,6,5,terminal,P385,5,P324,2,P122,1,P385
mayig_observed_parpola,M-145,4,0,initial,P324,1,P324,1,P324,1,P324
mayig_observed_parpola,M-145,4,1,medial,P098,70,P324,93,P324,112,P332
mayig_observed_parpola,M-145,4,2,medial,P031,66,P324,28,P122,78,P014
mayig_observed_parpola,M-145,4,3,terminal,P384,157,P324,157,P122,119,P385
mayig_observed_parpola,M-146,5,0,initial,P324,1,P324,1,P324,1,P324
mayig_observed_parpola,M-146,5,1,medial,P073,28,P324,87,P324,39,P332
mayig_observed_parpola,M-146,5,2,medial,P160,76,P324,41,P122,101,P316
mayig_observed_parpola,M-146,5,3,medial,P120,7,P324,4,P122,1,P120
mayig_observed_parpola,M-146,5,4,terminal,P256,23,P324,6,P122,1,P256
mayig_observed_parpola,M-147,6,0,initial,P051,52,P324,8,P324,8,P324
mayig_observed_parpola,M-147,6,1,medial,P364,15,P324,62,P324,2,P145
mayig_observed_parpola,M-147,6,2,medial,P122,2,P324,1,P122,1,P122
mayig_observed_parpola,M-147,6,3,medial,P050,4,P324,2,P122,3,P385
mayig_observed_parpola,M-147,6,4,medial,P221,78,P324,111,P122,7,P145
mayig_observed_parpola,M-147,6,5,terminal,P217,11,P324,113,P122,156,P385
mayig_observed_parpola,M-148,3,0,initial,P324,1,P324,1,P324,1,P324
mayig_observed_parpola,M-148,3,1,medial,P385,5,P324,156,P324,157,P332
mayig_observed_parpola,M-148,3,2,terminal,P231,160,P324,160,P122,160,P385
mayig_observed_parpola,M-149,5,0,initial,P324,1,P324,1,P324,1,P324
mayig_observed_parpola,M-149,5,1,medial,P332,38,P324,8,P324,1,P332
mayig_observed_parpola,M-149,5,2,medial,P283,80,P324,54,P122,7,P060
mayig_observed_parpola,M-149,5,3,medial,P120,7,P324,4,P122,2,P301
mayig_observed_parpola,M-149,5,4,terminal,P230,9,P324,13,P122,4,P256
mayig_observed_parpola,M-150,2,0,initial,P324,1,P324,1,P324,1,P324
mayig_observed_parpola,M-150,2,1,terminal,P368,155,P324,62,P324,133,P385
mayig_observed_parpola,M-151,3,0,initial,P050,4,P324,44,P324,9,P324
mayig_observed_parpola,M-151,3,1,medial,P201,43,P324,113,P324,3,P145
mayig_observed_parpola,M-151,3,2,terminal,P393,160,P324,160,P122,160,P385
mayig_observed_parpola,M-152,4,0,initial,P324,1,P324,1,P324,1,P324
mayig_observed_parpola,M-152,4,1,medial,P096,70,P324,17,P324,22,P145
mayig_observed_parpola,M-152,4,2,medial,P122,2,P324,1,P122,1,P122
mayig_observed_parpola,M-152,4,3,terminal,P385,5,P324,11,P122,1,P385
mayig_observed_parpola,M-153,3,0,initial,P067,102,P324,52,P324,42,P324
mayig_observed_parpola,M-153,3,1,medial,P026,92,P324,28,P324,9,P205
mayig_observed_parpola,M-153,3,2,terminal,P076,67,P324,85,P122,53,P385
mayig_observed_parpola,M-154,7,0,initial,P217,11,P324,3,P324,2,P324
mayig_observed_parpola,M-154,7,1,medial,P050,4,P324,8,P324,1,P050
mayig_observed_parpola,M-154,7,2,medial,P092,35,P324,9,P122,3,P145
mayig_observed_parpola,M-154,7,3,medial,P122,2,P324,1,P122,4,P060
mayig_observed_parpola,M-154,7,4,medial,P300,160,P324,160,P122,160,P385
mayig_observed_parpola,M-154,7,5,medial,P182,118,P324,101,P122,34,P324
mayig_observed_parpola,M-154,7,6,terminal,P265,132,P324,119,P122,40,P385
mayig_observed_parpola,M-155,3,0,initial,P324,1,P324,1,P324,1,P324
mayig_observed_parpola,M-155,3,1,medial,P194,35,P324,112,P324,13,P050
mayig_observed_parpola,M-155,3,2,terminal,P144,31,P324,18,P122,70,P385
mayig_observed_parpola,M-157,7,0,initial,P324,1,P324,1,P324,1,P324
mayig_observed_parpola,M-157,7,1,medial,P154,23,P324,20,P324,4,P086
mayig_observed_parpola,M-157,7,2,medial,P355,64,P324,59,P122,1,P355
mayig_observed_parpola,M-157,7,3,medial,P058,15,P324,6,P122,1,P058
mayig_observed_parpola,M-157,7,4,medial,P075,51,P324,11,P122,6,P062
mayig_observed_parpola,M-157,7,5,medial,P121,35,P324,84,P122,127,P122
mayig_observed_parpola,M-157,7,6,terminal,P378,14,P324,4,P122,3,P385
mayig_observed_parpola,M-158,4,0,initial,P086,3,P324,2,P324,2,P324
mayig_observed_parpola,M-158,4,1,medial,P126,35,P324,19,P324,7,P123
mayig_observed_parpola,M-158,4,2,medial,P120,7,P324,9,P122,2,P301
mayig_observed_parpola,M-158,4,3,terminal,P230,9,P324,18,P122,4,P256
mayig_observed_parpola,M-159,5,0,initial,P324,1,P324,1,P324,1,P324
mayig_observed_parpola,M-159,5,1,medial,P136,158,P324,158,P324,158,P332
mayig_observed_parpola,M-159,5,2,medial,P325,21,P324,56,P122,140,P007
mayig_observed_parpola,M-159,5,3,medial,P166,158,P324,158,P122,158,P251
mayig_observed_parpola,M-159,5,4,terminal,P290,158,P324,158,P122,158,P385
mayig_observed_parpola,M-160,6,0,initial,P001,65,P324,8,P324,8,P324
mayig_observed_parpola,M-160,6,1,medial,P048,160,P324,160,P324,160,P139
mayig_observed_parpola,M-160,6,2,medial,P144,31,P324,18,P122,28,P364
mayig_observed_parpola,M-160,6,3,medial,P122,2,P324,1,P122,1,P122
mayig_observed_parpola,M-160,6,4,medial,P378,15,P324,47,P122,2,P385
mayig_observed_parpola,M-160,6,5,terminal,P325,21,P324,37,P122,154,P385
mayig_observed_parpola,M-163,5,0,initial,P217,11,P324,3,P324,2,P324
mayig_observed_parpola,M-163,5,1,medial,P050,4,P324,8,P324,1,P050
mayig_observed_parpola,M-163,5,2,medial,P092,35,P324,9,P122,4,P145
mayig_observed_parpola,M-163,5,3,medial,P120,7,P324,4,P122,6,P122
mayig_observed_parpola,M-163,5,4,terminal,P378,15,P324,47,P122,4,P256
mayig_observed_parpola,M-164,5,0,initial,P324,1,P324,1,P324,1,P324
mayig_observed_parpola,M-164,5,1,medial,P031,66,P324,74,P324,109,P086
mayig_observed_parpola,M-164,5,2,medial,P204,78,P324,113,P122,111,P364
mayig_observed_parpola,M-164,5,3,medial,P122,2,P324,1,P122,1,P122
mayig_observed_parpola,M-164,5,4,terminal,P385,5,P324,2,P122,1,P385
mayig_observed_parpola,M-166,6,0,initial,P086,3,P324,2,P324,3,P324
mayig_observed_parpola,M-166,6,1,medial,P349,38,P324,60,P324,137,P123
mayig_observed_parpola,M-166,6,2,medial,P062,13,P324,2,P122,152,P060
mayig_observed_parpola,M-166,6,3,medial,P364,15,P324,153,P122,2,P060
mayig_observed_parpola,M-166,6,4,medial,P122,2,P324,1,P122,1,P122
mayig_observed_parpola,M-166,6,5,terminal,P385,5,P324,2,P122,1,P385
mayig_observed_parpola,M-170,8,0,initial,P324,1,P324,1,P324,1,P324
mayig_observed_parpola,M-170,8,1,medial,P175,35,P324,14,P324,4,P230
mayig_observed_parpola,M-170,8,2,medial,P086,3,P324,87,P122,6,P050
mayig_observed_parpola,M-170,8,3,medial,P204,77,P324,108,P122,8,P276
mayig_observed_parpola,M-170,8,4,medial,P114,109,P324,84,P122,36,P050
mayig_observed_parpola,M-170,8,5,medial,P145,6,P324,5,P122,155,P061
mayig_observed_parpola,M-170,8,6,medial,P325,21,P324,138,P122,149,P122
mayig_observed_parpola,M-170,8,7,terminal,P385,5,P324,1,P385,1,P385
mayig_observed_parpola,M-171,8,0,initial,P086,3,P324,2,P324,2,P324
mayig_observed_parpola,M-171,8,1,medial,P204,78,P324,113,P324,13,P013
mayig_observed_parpola,M-171,8,2,medial,P324,1,P324,22,P122,1,P324
mayig_observed_parpola,M-171,8,3,medial,P175,35,P324,101,P122,3,P332
mayig_observed_parpola,M-171,8,4,medial,P058,15,P324,10,P122,9,P050
mayig_observed_parpola,M-171,8,5,medial,P364,14,P324,39,P122,17,P056
mayig_observed_parpola,M-171,8,6,medial,P120,7,P324,74,P122,2,P122
mayig_observed_parpola,M-171,8,7,terminal,P256,23,P324,113,P385,1,P256
mayig_observed_parpola,M-172,6,0,initial,P086,3,P324,2,P324,2,P324
mayig_observed_parpola,M-172,6,1,medial,P128,110,P324,43,P324,7,P276
mayig_observed_parpola,M-172,6,2,medial,P121,35,P324,99,P122,134,P217
mayig_observed_parpola,M-172,6,3,medial,P050,4,P324,2,P122,158,P202
mayig_observed_parpola,M-172,6,4,medial,P117,108,P324,84,P122,36,P145
mayig_observed_parpola,M-172,6,5,terminal,P355,64,P324,38,P122,63,P385
mayig_observed_parpola,M-173,5,0,initial,P324,1,P324,1,P324,1,P324
mayig_observed_parpola,M-173,5,1,medial,P110,69,P324,40,P324,109,P332
mayig_observed_parpola,M-173,5,2,medial,P160,76,P324,41,P122,86,P058
mayig_observed_parpola,M-173,5,3,medial,P303,160,P324,160,P122,160,P060
mayig_observed_parpola,M-173,5,4,terminal,P364,15,P324,6,P122,73,P385
mayig_observed_parpola,M-174,6,0,initial,P324,1,P324,1,P324,1,P324
mayig_observed_parpola,M-174,6,1,medial,P175,35,P324,14,P324,1,P175
mayig_observed_parpola,M-174,6,2,medial,P050,4,P324,3,P122,1,P050
mayig_observed_parpola,M-174,6,3,medial,P145,6,P324,6,P122,1,P145
mayig_observed_parpola,M-174,6,4,medial,P122,2,P324,1,P122,1,P122
mayig_observed_parpola,M-174,6,5,terminal,P378,15,P324,11,P122,2,P385
mayig_observed_parpola,M-177,4,0,initial,P086,3,P324,2,P324,1,P086
mayig_observed_parpola,M-177,4,1,medial,P123,18,P324,2,P324,3,P364
mayig_observed_parpola,M-177,4,2,medial,P122,2,P324,1,P122,1,P122
mayig_observed_parpola,M-177,4,3,terminal,P385,5,P324,11,P122,1,P385
mayig_observed_parpola,M-178,2,0,initial,P086,3,P324,2,P324,2,P324
mayig_observed_parpola,M-178,2,1,terminal,P126,35,P324,19,P324,24,P385
mayig_observed_parpola,M-179,2,0,initial,P086,3,P324,2,P324,1,P086
mayig_observed_parpola,M-179,2,1,terminal,P123,18,P324,2,P324,6,P385
mayig_observed_parpola,M-180,2,0,initial,P324,1,P324,1,P324,1,P324
mayig_observed_parpola,M-180,2,1,terminal,P265,132,P324,126,P324,64,P385
mayig_observed_parpola,M-181,5,0,initial,P217,11,P324,3,P324,3,P324
mayig_observed_parpola,M-181,5,1,medial,P193,159,P324,159,P324,159,P058
mayig_observed_parpola,M-181,5,2,medial,P122,2,P324,1,P122,1,P122
mayig_observed_parpola,M-181,5,3,medial,P205,33,P324,36,P122,4,P385
mayig_observed_parpola,M-181,5,4,terminal,P207,159,P324,159,P122,159,P385
mayig_observed_parpola,M-183,4,0,initial,P217,11,P324,3,P324,2,P324
mayig_observed_parpola,M-183,4,1,medial,P058,15,P324,17,P324,2,P147
mayig_observed_parpola,M-183,4,2,medial,P120,7,P324,9,P122,9,P122
mayig_observed_parpola,M-183,4,3,terminal,P205,33,P324,36,P122,153,P256
mayig_observed_parpola,M-184,4,0,initial,P013,23,P324,4,P324,1,P013
mayig_observed_parpola,M-184,4,1,medial,P324,1,P324,2,P123,1,P324
mayig_observed_parpola,M-184,4,2,medial,P010,160,P324,160,P122,160,P332
mayig_observed_parpola,M-184,4,3,terminal,P359,152,P324,151,P122,49,P385
mayig_observed_parpola,M-182,2,0,initial,P324,1,P324,1,P324,1,P324
mayig_observed_parpola,M-182,2,1,terminal,P095,70,P324,93,P324,29,P385
