"cisi","lipi_id","site","type","symbol","material","lipi_complete","direction","text","token_count","control_class","control_position_index0","prev_token","focus_token","next_token","y_after_002","availability_tier","local_image_hit_count","source_panel_graph_count","mayig_overlap_count","same_site_as_source_visible","same_type_as_source_visible","same_symbol_as_source_visible","target_length_bucket_match","match_score","local_image_paths_first5","source_panel_graph_labels","mayig_paths"
"H-930","1810.2","Harappa","TAB:I","None","Steatite","Y","R/L","+700-032+","2","negative_032_next_not_002","1","700","032","","","local_image_hit","2","2","0","yes","no","yes","no","16","C:\Users\Acer\OneDrive\Documents\ivc\tmp\independent_direction_controls\derived\H930_B_source_panel_v2.png;C:\Users\Acer\OneDrive\Documents\ivc\tmp\independent_direction_controls\derived\H930_B_source_panel.png","H-930 A;H-930 B",""
"M-77","2604.1","Mohenjo-daro","SEAL:S","Bull1:W","Steatite","Y","R/L","+832-390-803-002-861+","5","negative_002_y_prev_not_032","3","803","002","861","861","local_image_hit","32","0","1","yes","yes","yes","yes","15","C:\Users\Acer\OneDrive\Documents\ivc\tmp\m77_parpola_recurrence_gate\derived\M77_A_panel_from_cisi_india_n68.png;C:\Users\Acer\OneDrive\Documents\ivc\tmp\m77_parpola_recurrence_gate\derived\M77_A_signband_from_cisi_india_n68.png;C:\Users\Acer\OneDrive\Documents\ivc\tmp\m77_parpola_recurrence_gate\derived\M77_face_A_panel_from_cisi_india_n68.png;C:\Users\Acer\OneDrive\Documents\ivc\tmp\m77_parpola_recurrence_gate\derived\M77_face_A_panel_v2_from_cisi_india_n68.png;C:\Users\Acer\OneDrive\Documents\ivc\tmp\m77_parpola_recurrence_gate\derived\M77_face_A_panel_v3_from_cisi_india_n68.png","","corpus/m001_m099/m077.json"
"H-910","1792.1","Harappa","TAB:I","None","Steatite","Y","R/L","+002-861-416+","3","negative_002_y_prev_not_032","0","","002","861","861","local_image_hit","12","2","0","yes","no","yes","no","15","C:\Users\Acer\OneDrive\Documents\ivc\tmp\h910_component_probe\H910_A_panel.png;C:\Users\Acer\OneDrive\Documents\ivc\tmp\h910_component_probe\H910_B_left_loop_component.png;C:\Users\Acer\OneDrive\Documents\ivc\tmp\h910_component_probe\H910_B_left_loop_core.png;C:\Users\Acer\OneDrive\Documents\ivc\tmp\h910_component_probe\H910_B_panel.png;C:\Users\Acer\OneDrive\Documents\ivc\tmp\h910_component_probe\H910_B_right_vertical_component.png","H-910 A;H-910 B",""
"M-17","2545.1","Mohenjo-daro","SEAL:S","Bull1:W","Steatite","Y","R/L","+390-016-002-814-560+","5","negative_002_y_prev_not_032","2","016","002","814","814","local_image_hit","8","0","1","yes","yes","yes","yes","15","C:\Users\Acer\OneDrive\Documents\ivc\tmp\m315_second_slot_controls\derived\expanded_first3_context_crops\M-17_impression_a_390-016-002_control_good_control.png;C:\Users\Acer\OneDrive\Documents\ivc\tmp\m315_second_slot_controls\derived\expanded_preblind_token2_crops\M-17_impression_a_016_control_good_control.png;C:\Users\Acer\OneDrive\Documents\ivc\tmp\m315_second_slot_controls\derived\M-17_face_A_full_with_label.png;C:\Users\Acer\OneDrive\Documents\ivc\tmp\m315_second_slot_controls\derived\M-17_face_A_signs_close.png;C:\Users\Acer\OneDrive\Documents\ivc\tmp\m315_second_slot_controls\derived\M-17_impression_a_full_with_label.png","","corpus/m001_m099/m017.json"
"M-683","3119.1","Mohenjo-daro","SEAL:S","Bull1","Steatite","Y","R/L","+740-798-231-002-298-460-032+","7","negative_032_next_not_002","6","460","032","","","local_image_hit","2","0","0","yes","yes","yes","yes","15","C:\Users\Acer\OneDrive\Documents\ivc\tmp\m685_cisi2\derived\m685_page37_m683_m686_context_gray_autocontrast.png;C:\Users\Acer\OneDrive\Documents\ivc\tmp\m685_cisi2\derived\m685_page37_m683_m686_context.png","",""
"M-75","2603.1","Mohenjo-daro","SEAL:S","Bull1:W","Steatite","Y","R/L","+520-220-004-002-817+","5","negative_002_y_prev_not_032","3","004","002","817","817","local_image_hit","1","0","1","yes","yes","yes","yes","15","C:\Users\Acer\OneDrive\Documents\ivc\tmp\m77_parpola_recurrence_gate\cisi_india_n33_m75_m79_w2000.jpg","","corpus/m001_m099/m075.json"
"M-315","2833.1","Mohenjo-daro","SEAL:S","None","Steatite","Y","R/L","+390-034-002-374-228-741+","6","negative_002_y_prev_not_032","2","034","002","374","374","local_image_hit","27","0","0","yes","yes","yes","yes","14","C:\Users\Acer\OneDrive\Documents\ivc\tmp\m315_cisi1\derived\m315_data_page_row_context_gray_autocontrast.png;C:\Users\Acer\OneDrive\Documents\ivc\tmp\m315_cisi1\derived\m315_data_page_row_context.png;C:\Users\Acer\OneDrive\Documents\ivc\tmp\m315_cisi1\derived\m315_lower_impression_full_with_label_gray_autocontrast.png;C:\Users\Acer\OneDrive\Documents\ivc\tmp\m315_cisi1\derived\m315_lower_impression_full_with_label.png;C:\Users\Acer\OneDrive\Documents\ivc\tmp\m315_cisi1\derived\m315_lower_impression_right_390_region_gray_autocontrast.png","",""
"M-32","2560.1","Mohenjo-daro","SEAL:S","Bull1:J","Steatite","Y","R/L","+390-003-002-817+","4","negative_002_y_prev_not_032","2","003","002","817","817","local_image_hit","8","0","1","yes","yes","yes","no","14","C:\Users\Acer\OneDrive\Documents\ivc\tmp\m315_second_slot_controls\derived\expanded_first3_context_crops\M-32_impression_a_390-003-002_control_good_control.png;C:\Users\Acer\OneDrive\Documents\ivc\tmp\m315_second_slot_controls\derived\expanded_preblind_token2_crops\M-32_impression_a_003_control_good_control.png;C:\Users\Acer\OneDrive\Documents\ivc\tmp\m315_second_slot_controls\derived\M-32_face_A_full_with_label.png;C:\Users\Acer\OneDrive\Documents\ivc\tmp\m315_second_slot_controls\derived\M-32_face_A_signs_close.png;C:\Users\Acer\OneDrive\Documents\ivc\tmp\m315_second_slot_controls\derived\M-32_impression_a_full_with_label.png","","corpus/m001_m099/m032.json"
"M-1273","3580.1","Mohenjo-daro","SEAL:R","None","Steatite","Y","R/L","+740-055-002-861-603+","5","negative_002_y_prev_not_032","2","055","002","861","861","local_image_hit","3","0","0","yes","yes","yes","yes","14","C:\Users\Acer\OneDrive\Documents\ivc\tmp\032_002_861_suffix_split\M1273_A_cisi_pakistan_n195.png;C:\Users\Acer\OneDrive\Documents\ivc\tmp\032_002_861_suffix_split\M1273_face_A_cisi_pakistan_n195.png;C:\Users\Acer\OneDrive\Documents\ivc\tmp\032_002_861_suffix_split\M1273_impression_a_cisi_pakistan_n195.png","",""
"M-376","2872.1","Mohenjo-daro","SEAL:R","None","Steatite","Y","R/L","+740-100-176-002-861-533-717+","7","negative_002_y_prev_not_032","3","176","002","861","861","local_image_hit","3","0","0","yes","yes","yes","yes","14","C:\Users\Acer\OneDrive\Documents\ivc\tmp\032_002_861_suffix_split\M376_A_cisi_india_n129.png;C:\Users\Acer\OneDrive\Documents\ivc\tmp\032_002_861_suffix_split\M376_face_A_cisi_india_n129.png;C:\Users\Acer\OneDrive\Documents\ivc\tmp\032_002_861_suffix_split\M376_impression_a_cisi_india_n129.png","",""
"C-1","89.1","Chanhu-daro","SEAL:S","Bull1","Steatite","Y","R/L","+031-840-140-740-101-002-365-287-034+","9","negative_002_y_prev_not_032","5","101","002","365","365","local_image_hit","2","0","0","yes","yes","yes","yes","14","C:\Users\Acer\OneDrive\Documents\ivc\tmp\m1206_034_cohesion_gate\derived\C001.png;C:\Users\Acer\OneDrive\Documents\ivc\tmp\m315_second_slot_controls\blind_390x002_sort_20260526\primary_context\C001.png","",""
"C-3","91.1","Chanhu-daro","SEAL:S","Bull1:W","Steatite","Y","R/L","+740-016-002-920-317+","5","negative_002_y_prev_not_032","2","016","002","920","920","local_image_hit","2","0","0","yes","yes","yes","yes","14","C:\Users\Acer\OneDrive\Documents\ivc\tmp\m1206_034_cohesion_gate\derived\C003.png;C:\Users\Acer\OneDrive\Documents\ivc\tmp\m315_second_slot_controls\blind_390x002_sort_20260526\primary_context\C003.png","",""
"M-683","3119.1","Mohenjo-daro","SEAL:S","Bull1","Steatite","Y","R/L","+740-798-231-002-298-460-032+","7","negative_002_y_prev_not_032","3","231","002","298","298","local_image_hit","2","0","0","yes","yes","yes","yes","14","C:\Users\Acer\OneDrive\Documents\ivc\tmp\m685_cisi2\derived\m685_page37_m683_m686_context_gray_autocontrast.png;C:\Users\Acer\OneDrive\Documents\ivc\tmp\m685_cisi2\derived\m685_page37_m683_m686_context.png","",""
"M-1206","3556.2","Mohenjo-daro","SEAL:S","Gaur","Steatite","Y","R/L","+740-690-435-255-002-861+","6","negative_002_y_prev_not_032","4","255","002","861","861","local_image_hit","26","0","0","yes","yes","no","yes","13","C:\Users\Acer\OneDrive\Documents\ivc\tmp\m1206_034_cohesion_gate\derived\m1206_034_cohesion_neutral_contact_sheet.png;C:\Users\Acer\OneDrive\Documents\ivc\tmp\m1206_034_next_source_normalized_blind_component_control_20260526\m1206_source_normalized_component_neutral_contact_sheet.png;C:\Users\Acer\OneDrive\Documents\ivc\tmp\m1206_034_terminal_component_gate\derived\m1206_034_terminal_component_neutral_contact_sheet.png;C:\Users\Acer\OneDrive\Documents\ivc\tmp\m1206_bhaskar\derived\m1206_fig3_caption_context_gray_autocontrast.png;C:\Users\Acer\OneDrive\Documents\ivc\tmp\m1206_bhaskar\derived\m1206_fig3_caption_context.png","",""
"M-984","2453.1","Mohenjo-daro","SEAL:S","Bull1","Steatite","Y","R/L","+390-004-002-817+","4","negative_002_y_prev_not_032","2","004","002","817","817","local_image_hit","13","0","0","yes","yes","yes","no","13","C:\Users\Acer\OneDrive\Documents\ivc\tmp\m315_second_slot_controls\derived\expanded_first3_context_crops\M-984_face_A_390-004-002_control_damaged_control.png;C:\Users\Acer\OneDrive\Documents\ivc\tmp\m315_second_slot_controls\derived\expanded_first3_context_crops\M-984_impression_a_390-004-002_control_clean_control.png;C:\Users\Acer\OneDrive\Documents\ivc\tmp\m315_second_slot_controls\derived\expanded_preblind_token2_crops\M-984_impression_a_004_control_clean_control.png;C:\Users\Acer\OneDrive\Documents\ivc\tmp\m315_second_slot_controls\derived\expanded_preblind_token2_crops\M-984_impression_a_bis_004_control_partial_control.png;C:\Users\Acer\OneDrive\Documents\ivc\tmp\m315_second_slot_controls\derived\expanded_preblind_token2_crops\M-984_impression_a_ter_004_control_partial_control.png","",""
"M-803","3217.1","Mohenjo-daro","SEAL:S","Bull1","Steatite","Y","R/L","+390-005-002-817+","4","negative_002_y_prev_not_032","2","005","002","817","817","local_image_hit","8","0","0","yes","yes","yes","no","13","C:\Users\Acer\OneDrive\Documents\ivc\tmp\m315_second_slot_controls\derived\expanded_first3_context_crops\M-803_face_A_390-005-002_control_weak_control.png;C:\Users\Acer\OneDrive\Documents\ivc\tmp\m315_second_slot_controls\derived\expanded_first3_context_crops\M-803_impression_a_390-005-002_control_weak_control.png;C:\Users\Acer\OneDrive\Documents\ivc\tmp\m315_second_slot_controls\derived\expanded_preblind_token2_crops\M-803_face_A_005_control_weak_control.png;C:\Users\Acer\OneDrive\Documents\ivc\tmp\m315_second_slot_controls\derived\expanded_preblind_token2_crops\M-803_impression_a_005_control_weak_control.png;C:\Users\Acer\OneDrive\Documents\ivc\tmp\m315_second_slot_controls\new_controls\derived\M-803_face_A_full_with_label.png","",""
"M-918","3315.1","Mohenjo-daro","SEAL:S","Bull1","-","Y","R/L","+390-869-002-861+","4","negative_002_y_prev_not_032","2","869","002","861","861","local_image_hit","8","0","0","yes","yes","yes","no","13","C:\Users\Acer\OneDrive\Documents\ivc\tmp\m315_second_slot_controls\derived\expanded_first3_context_crops\M-918_face_A_390-869-002_control_not_token2_grade.png;C:\Users\Acer\OneDrive\Documents\ivc\tmp\m315_second_slot_controls\derived\expanded_first3_context_crops\M-918_impression_a_390-869-002_control_not_token2_grade.png;C:\Users\Acer\OneDrive\Documents\ivc\tmp\m315_second_slot_controls\derived\expanded_preblind_token2_crops\M-918_face_A_869_control_not_token2_grade.png;C:\Users\Acer\OneDrive\Documents\ivc\tmp\m315_second_slot_controls\derived\expanded_preblind_token2_crops\M-918_impression_a_869_control_not_token2_grade.png;C:\Users\Acer\OneDrive\Documents\ivc\tmp\m315_second_slot_controls\new_controls\derived\M-918_face_A_full_with_label.png","",""
"M-391","2887.1","Mohenjo-daro","SEAL:R","None","-","Y","R/L","+405-845-686-740-793-003-233-805-002-861-533-717+","12","negative_002_y_prev_not_032","8","805","002","861","861","local_image_hit","3","0","0","yes","yes","yes","no","13","C:\Users\Acer\OneDrive\Documents\ivc\tmp\032_002_861_suffix_split\M391_A_cisi_india_n131.png;C:\Users\Acer\OneDrive\Documents\ivc\tmp\032_002_861_suffix_split\M391_face_A_cisi_india_n131.png;C:\Users\Acer\OneDrive\Documents\ivc\tmp\032_002_861_suffix_split\M391_impression_a_cisi_india_n131.png","",""
"M-714","3139.1","Mohenjo-daro","SEAL:S","Bull1:W","Steatite","Y","R/L","+740-585-017-033-705-233-798-803-002-861-603+","11","negative_002_y_prev_not_032","8","803","002","861","861","local_image_hit","3","0","0","yes","yes","yes","no","13","C:\Users\Acer\OneDrive\Documents\ivc\tmp\032_002_861_suffix_split\M714_A_cisi_pakistan_n079.png;C:\Users\Acer\OneDrive\Documents\ivc\tmp\032_002_861_suffix_split\M714_face_A_cisi_pakistan_n079.png;C:\Users\Acer\OneDrive\Documents\ivc\tmp\032_002_861_suffix_split\M714_impression_a_cisi_pakistan_n079.png","",""
"C-4","92.1","Chanhu-daro","SEAL:S","Bull1:L","Steatite","Y","R/L","+520-235-803-002-817+","5","negative_002_y_prev_not_032","3","803","002","817","817","local_image_hit","2","0","0","yes","yes","no","yes","13","C:\Users\Acer\OneDrive\Documents\ivc\tmp\m1206_034_cohesion_gate\derived\C004.png;C:\Users\Acer\OneDrive\Documents\ivc\tmp\m315_second_slot_controls\blind_390x002_sort_20260526\primary_context\C004.png","",""
"C-5","93.1","Chanhu-daro","SEAL:S","Bull1:I","Steatite","Y","R/L","+740-140-717-002-298-741+","6","negative_002_y_prev_not_032","3","717","002","298","298","local_image_hit","2","0","0","yes","yes","no","yes","13","C:\Users\Acer\OneDrive\Documents\ivc\tmp\m1206_034_cohesion_gate\derived\C005.png;C:\Users\Acer\OneDrive\Documents\ivc\tmp\m315_second_slot_controls\blind_390x002_sort_20260526\primary_context\C005.png","",""
"H-941","1821.1","Harappa","TAB:I","None","Steatite","Y","R/L","+590-032-645-003+","4","negative_032_next_not_002","1","590","032","645","","local_image_hit","9","0","0","yes","no","yes","no","12","C:\Users\Acer\OneDrive\Documents\ivc\tmp\cisi_pakistan_pages\data_h786_h941\page479_h938_h941_tight.png;C:\Users\Acer\OneDrive\Documents\ivc\tmp\m1206_m37_blind_visual_comparanda\derived\panel_crops\H941_A_bis_panel.png;C:\Users\Acer\OneDrive\Documents\ivc\tmp\m1206_m37_blind_visual_comparanda\derived\panel_crops\H941_A_panel.png;C:\Users\Acer\OneDrive\Documents\ivc\tmp\m1206_m37_blind_visual_comparanda\derived\panel_crops\H941_B_bis_panel.png;C:\Users\Acer\OneDrive\Documents\ivc\tmp\m1206_m37_blind_visual_comparanda\derived\panel_crops\H941_B_panel.png","",""
"H-943","1823.2","Harappa","TAB:I","None","Steatite","Y","R/L","+700-032+","2","negative_032_next_not_002","1","700","032","","","local_image_hit","1","0","0","yes","no","yes","no","12","C:\Users\Acer\OneDrive\Documents\ivc\tmp\cisi_pakistan_pages\data_h786_h941\page479_h938_h943_enlarged.png","",""
"H-1678","920.1","Harappa","SEAL:S","Bull1:W","Steatite","Y","R/L","+520-233-240-220-032+","5","negative_220_032_next_not_002","4","220","032","","","metadata_only","0","0","0","yes","yes","yes","yes","10","","",""
"H-20","1080.1","Harappa","SEAL:S","Bull1:W","Steatite","Y","R/L","+740-176-690-435-255-220-032-806-060-550+","10","negative_220_032_next_not_002","6","220","032","806","","metadata_only","0","0","0","yes","yes","yes","yes","10","","",""
"H-601","1544.1","Harappa","SEAL:S","Bull1","Clay","Y","R/L","+740-717-233-220-032+","5","negative_220_032_next_not_002","4","220","032","","","metadata_only","0","0","0","yes","yes","yes","yes","10","","",""
"H-771","1663.1","Harappa","TAB:B","None","Faience","Y","R/L","+032-257-840+","3","negative_032_next_not_002","0","","032","257","","source_panel_graph","0","5","0","yes","no","yes","no","10","","H-771 A;H-771 A bis;H-771 A ter;H-771 A quater;H-771 B",""
"M-113","2640.1","Mohenjo-daro","SEAL:S","Bull1:J","Steatite","Y","R/L","+740-032-840-741-060-920+","6","negative_032_next_not_002","1","740","032","840","","mayig_overlap_only","0","0","1","yes","yes","yes","yes","10","","","corpus/m100_m199/m113.json"
"M-124","2651.1","Mohenjo-daro","SEAL:S","Bull1:W","Clay","Y","R/L","+740-923-220-032+","4","negative_220_032_next_not_002","3","220","032","","","mayig_overlap_only","0","0","1","yes","yes","yes","no","10","","","corpus/m100_m199/m124.json"
"M-1265","3572.1","Mohenjo-daro","SEAL:R","None","Steatite","Y","R/L","+740-055-240-220-032-806+","6","negative_220_032_next_not_002","4","220","032","806","","metadata_only","0","0","0","yes","yes","yes","yes","10","","",""
"M-1275","3582.1","Mohenjo-daro","SEAL:R","None","-","Y","R/L","+740-752-440-220-032-798+","6","negative_220_032_next_not_002","4","220","032","798","","metadata_only","0","0","0","yes","yes","yes","yes","10","","",""
"M-1690","2403.1","Mohenjo-daro","SEAL:S","Bull1:W","Steatite","Y","R/L","+520-070-220-032-240-838-741-958-220-278+","10","negative_220_032_next_not_002","3","220","032","240","","metadata_only","0","0","0","yes","yes","yes","yes","10","","",""
"M-170","2695.1","Mohenjo-daro","SEAL:S","Bull1:W","Steatite","Y","R/L","+740-923-406-061-070-032-741-861+","8","negative_032_next_not_002","5","070","032","741","","mayig_overlap_only","0","0","1","yes","yes","yes","yes","10","","","corpus/m100_m199/m170.json"
"M-33","2561.1","Mohenjo-daro","SEAL:S","Bull1:W","Steatite","Y","R/L","+740-032-923-382-233-002-112+","7","negative_032_next_not_002","1","740","032","923","","mayig_overlap_only","0","0","1","yes","yes","yes","yes","10","","","corpus/m001_m099/m033.json"
"M-38","2566.1","Mohenjo-daro","SEAL:S","Bull1:J","Steatite","Y","R/L","+740-690-435-255-220-032-240-235-002-390-125-632-032+","13","negative_220_032_next_not_002","5","220","032","240","","mayig_overlap_only","0","0","1","yes","yes","yes","no","10","","","corpus/m001_m099/m038.json"
"M-381","2877.1","Mohenjo-daro","SEAL:R","None","Steatite","Y","R/L","+740-055-220-032-798-002-820+","7","negative_220_032_next_not_002","3","220","032","798","","metadata_only","0","0","0","yes","yes","yes","yes","10","","",""
"M-392","2888.1","Mohenjo-daro","SEAL:R","None","Steatite","Y","R/L","+740-405-590-220-032-806+","6","negative_220_032_next_not_002","4","220","032","806","","metadata_only","0","0","0","yes","yes","yes","yes","10","","",""
"M-45","2573.1","Mohenjo-daro","SEAL:S","Bull1:W","Steatite","Y","R/L","+617-831-013-302-840-032+","6","negative_032_next_not_002","5","840","032","","","mayig_overlap_only","0","0","1","yes","yes","yes","yes","10","","","corpus/m001_m099/m045.json"
"M-52","2580.1","Mohenjo-daro","SEAL:S","Bull1:W","Steatite","Y","R/L","+740-904-032-220-415-235-803-002-504-717+","10","negative_032_next_not_002","2","904","032","220","","mayig_overlap_only","0","0","1","yes","yes","yes","yes","10","","","corpus/m001_m099/m052.json"
"M-56","2584.1","Mohenjo-daro","SEAL:S","Bull1:W","Steatite","Y","R/L","+740-877-032-235-060-550-611-840+","8","negative_032_next_not_002","2","877","032","235","","mayig_overlap_only","0","0","1","yes","yes","yes","yes","10","","","corpus/m001_m099/m056.json"
"M-57","2585.1","Mohenjo-daro","SEAL:S","Bull1:W","Steatite","Y","R/L","+226-032-231-798-002-693+","6","negative_032_next_not_002","1","226","032","231","","mayig_overlap_only","0","0","1","yes","yes","yes","yes","10","","","corpus/m001_m099/m057.json"
"M-631","3081.1","Mohenjo-daro","SEAL:S","Bull1:W","Steatite","Y","R/L","+520-033-706-240-220-032-368-263+","8","negative_220_032_next_not_002","5","220","032","368","","metadata_only","0","0","0","yes","yes","yes","yes","10","","",""
"M-648","3092.1","Mohenjo-daro","SEAL:S","Bull1:J","-","Y","R/L","+090-740-100-220-032-741-361+","7","negative_220_032_next_not_002","4","220","032","741","","metadata_only","0","0","0","yes","yes","yes","yes","10","","",""
"M-89","2616.1","Mohenjo-daro","SEAL:S","Bull1:J","Steatite","Y","R/L","+740-794-734-032-235+","5","negative_032_next_not_002","3","734","032","235","","mayig_overlap_only","0","0","1","yes","yes","yes","yes","10","","","corpus/m001_m099/m089.json"
"C-54","64.1","Chanhu-daro","SEAL:S","Bull1:W","Steatite","Y","R/L","+842-032-031-592-031-060-920+","7","negative_032_next_not_002","1","842","032","031","","metadata_only","0","0","0","yes","yes","yes","yes","9","","",""
"H-1033","293.1","Harappa","SEAL:S","Bull1:W","Steatite","Y","R/L","+220-500-520-002-862-032+","6","negative_032_next_not_002","5","862","032","","","metadata_only","0","0","0","yes","yes","yes","yes","9","","",""
"H-1048","3925.1","Harappa","SEAL:S","Bull1:W","-","Y","R/L","+740-032-840-235-002-817+","6","negative_032_next_not_002","1","740","032","840","","metadata_only","0","0","0","yes","yes","yes","yes","9","","",""
"H-141","1182.1","Harappa","SEAL:R","None","Steatite","Y","R/L","+405-032-900-003-070-002-233-235+","8","negative_032_next_not_002","1","405","032","900","","metadata_only","0","0","0","yes","yes","yes","yes","9","","",""
"H-143","1184.1","Harappa","SEAL:R","None","Terracotta","Y","R/L","+154-806-469-001-740-877-032+","7","negative_032_next_not_002","6","877","032","","","metadata_only","0","0","0","yes","yes","yes","yes","9","","",""
"H-27","1087.1","Harappa","SEAL:S","Bull1:W","Steatite","Y","R/L","+154-806-468-001-740-877-032+","7","negative_032_next_not_002","6","877","032","","","metadata_only","0","0","0","yes","yes","yes","yes","9","","",""
"H-272","1296.1","Harappa","SEAL:S","Bull1","Steatite","Y","R/L","+740-585-017-240-002-305-032-904+","8","negative_032_next_not_002","6","305","032","904","","metadata_only","0","0","0","yes","yes","yes","yes","9","","",""
"H-412","1416.1","Harappa","SEAL:S","Bull1:I","Steatite","Y","R/L","+161-233-220-032-741-831+","6","negative_220_032_next_not_002","3","220","032","741","","metadata_only","0","0","0","yes","yes","no","yes","9","","",""
"H-455","1445.1","Harappa","SEAL:S","Bull1:J","Steatite","Y","R/L","+520-033-705-002-172-032+","6","negative_032_next_not_002","5","172","032","","","metadata_only","0","0","0","yes","yes","yes","yes","9","","",""
"H-483","1471.1","Harappa","SEAL:S","Bull1","Steatite","Y","R/L","+740-032-840-233-060-550+","6","negative_032_next_not_002","1","740","032","840","","metadata_only","0","0","0","yes","yes","yes","yes","9","","",""
"H-5","1066.1","Harappa","SEAL:S","Bull1:W","Steatite","Y","R/L","+920-706-193-384-032-920-140-902+","8","negative_032_next_not_002","4","384","032","920","","metadata_only","0","0","0","yes","yes","yes","yes","9","","",""
"H-502","1480.1","Harappa","SEAL:S","Bull1:J","Steatite","Y","R/L","+090-740-220-032+","4","negative_220_032_next_not_002","3","220","032","","","metadata_only","0","0","0","yes","yes","yes","no","9","","",""
"H-6","1067.1","Harappa","SEAL:S","Bull1:W","Steatite","Y","R/L","+317-890-001-032-776-625+","6","negative_032_next_not_002","3","001","032","776","","metadata_only","0","0","0","yes","yes","yes","yes","9","","",""
"H-669","1584.1","Harappa","SEAL:R","None","Steatite","Y","R/L","+740-220-032+","3","negative_220_032_next_not_002","2","220","032","","","metadata_only","0","0","0","yes","yes","yes","no","9","","",""
"M-10","2539.1","Mohenjo-daro","SEAL:S","Bull1:W","Steatite","Y","R/L","+405-061-070-032-033-706-235-806-002-267-455+","11","negative_032_next_not_002","3","070","032","033","","mayig_overlap_only","0","0","1","yes","yes","yes","no","9","","","corpus/m001_m099/m010.json"
"M-101","2628.1","Mohenjo-daro","SEAL:S","Bull1:J","Steatite","Y","R/L","+390-503-740-168-002-817+","6","negative_002_y_prev_not_032","4","168","002","817","817","mayig_overlap_only","0","0","1","yes","yes","yes","yes","9","","","corpus/m100_m199/m101.json"
"M-1052","3427.1","Mohenjo-daro","SEAL:R","-","-","Y","R/L","+679-740-220-032-806-001-595-575-001-095+","10","negative_220_032_next_not_002","3","220","032","806","","metadata_only","0","0","0","yes","yes","no","yes","9","","",""
"M-115","2642.1","Mohenjo-daro","SEAL:S","Bull1","Steatite","Y","R/L","+390-844-140-176-803-002-301-190+","8","negative_002_y_prev_not_032","5","803","002","301","301","mayig_overlap_only","0","0","1","yes","yes","yes","yes","9","","","corpus/m100_m199/m115.json"
"M-118","2645.1","Mohenjo-daro","SEAL:S","Bull1:W","Steatite","Y","R/L","+740-772-033-705-233-803-002-861+","8","negative_002_y_prev_not_032","6","803","002","861","861","mayig_overlap_only","0","0","1","yes","yes","yes","yes","9","","","corpus/m100_m199/m118.json"
"M-119","2646.1","Mohenjo-daro","SEAL:S","Bull1:S","Steatite","Y","R/L","+151-337-484-002-390-125-632-032-900-563+","10","negative_032_next_not_002","7","632","032","900","","mayig_overlap_only","0","0","1","yes","yes","no","yes","9","","","corpus/m100_m199/m119.json"
"M-12","2540.1","Mohenjo-daro","SEAL:S","Bull1:W","Steatite","Y","R/L","+740-390-590-233-002-368-202-892-371+","9","negative_002_y_prev_not_032","4","233","002","368","368","mayig_overlap_only","0","0","1","yes","yes","yes","yes","9","","","corpus/m001_m099/m012.json"
"M-1308","3613.1","Mohenjo-daro","SEAL:R","None","Steatite","Y","R/L","+740-032-055-001-407-004+","6","negative_032_next_not_002","1","740","032","055","","metadata_only","0","0","0","yes","yes","yes","yes","9","","",""
"M-1316","3621.1","Mohenjo-daro","SEAL:R","None","Steatite","Y","R/L","+127-381-292-590-032-901-620+","7","negative_032_next_not_002","4","590","032","901","","metadata_only","0","0","0","yes","yes","yes","yes","9","","",""
"M-134","2661.1","Mohenjo-daro","SEAL:S","Bull1:W","Steatite","Y","R/L","+872-032-692+","3","negative_032_next_not_002","1","872","032","692","","mayig_overlap_only","0","0","1","yes","yes","yes","no","9","","","corpus/m100_m199/m134.json"
"M-1346","3650.1","Mohenjo-daro","SEAL:R","None","-","Y","R/L","+740-861-032-233-803-002-820+","7","negative_032_next_not_002","2","861","032","233","","metadata_only","0","0","0","yes","yes","yes","yes","9","","",""
"M-14","2542.1","Mohenjo-daro","SEAL:S","Bull1:W","Steatite","Y","R/L","+740-776-503-002-817+","5","negative_002_y_prev_not_032","3","503","002","817","817","mayig_overlap_only","0","0","1","yes","yes","yes","yes","9","","","corpus/m001_m099/m014.json"
"M-1438","3719.1","Mohenjo-daro","SEAL:R","None","-","Y","R/L","+400-740-923-226-032+","5","negative_032_next_not_002","4","226","032","","","metadata_only","0","0","0","yes","yes","yes","yes","9","","",""
"M-144","2671.1","Mohenjo-daro","SEAL:S","Bull1:J","Steatite","Y","R/L","+740-100-415-240-002-817+","6","negative_002_y_prev_not_032","4","240","002","817","817","mayig_overlap_only","0","0","1","yes","yes","yes","yes","9","","","corpus/m100_m199/m144.json"
"M-147","2674.1","Mohenjo-daro","SEAL:S","Bull1:J","Steatite","Y","R/L","+226-803-002-220-455-520+","6","negative_002_y_prev_not_032","2","803","002","220","220","mayig_overlap_only","0","0","1","yes","yes","yes","yes","9","","","corpus/m100_m199/m147.json"
"M-15","2543.1","Mohenjo-daro","SEAL:S","Bull1:W","Steatite","Y","R/L","+090-740-176-002-861+","5","negative_002_y_prev_not_032","3","176","002","861","861","mayig_overlap_only","0","0","1","yes","yes","yes","yes","9","","","corpus/m001_m099/m015.json"
"M-154","2681.1","Mohenjo-daro","SEAL:S","Bull1:J","Steatite","Y","R/L","+520-220-621-415-002-257-898+","7","negative_002_y_prev_not_032","4","415","002","257","257","mayig_overlap_only","0","0","1","yes","yes","yes","yes","9","","","corpus/m100_m199/m154.json"
"M-160","2686.1","Mohenjo-daro","SEAL:S","Bull1:W","Steatite","Y","R/L","+151-243-031-002-820-741+","6","negative_002_y_prev_not_032","3","031","002","820","820","mayig_overlap_only","0","0","1","yes","yes","yes","yes","9","","","corpus/m100_m199/m160.json"
"M-1661","2342.1","Mohenjo-daro","SEAL:S","Bull1:W","Steatite","Y","R/L","+520-070-219-002-861-032-520-919-140+","9","negative_032_next_not_002","5","861","032","520","","metadata_only","0","0","0","yes","yes","yes","yes","9","","",""
"M-1665","2473.1","Mohenjo-daro","SEAL:S","Bull1:W","Steatite","Y","R/L","+520-033-705-233-240-002-610-125-032+","9","negative_032_next_not_002","8","125","032","","","metadata_only","0","0","0","yes","yes","yes","yes","9","","",""
"M-1706","2292.1","Mohenjo-daro","SEAL:S","Bull1:I","Steatite","Y","R/L","+740-803-220-032-220-002-820+","7","negative_220_032_next_not_002","3","220","032","220","","metadata_only","0","0","0","yes","yes","no","yes","9","","",""
"M-1723","2486.1","Mohenjo-daro","SEAL:S","Bull1:W","Steatite","Y","R/L","+740-032-840-033-705-798+","6","negative_032_next_not_002","1","740","032","840","","metadata_only","0","0","0","yes","yes","yes","yes","9","","",""
"M-1766","2193.1","Mohenjo-daro","SEAL:S","Bull1:W","Steatite","Y","R/L","+740-032-845-240-002-269-892-810-033+","9","negative_032_next_not_002","1","740","032","845","","metadata_only","0","0","0","yes","yes","yes","yes","9","","",""
"M-1791","2290.1","Mohenjo-daro","SEAL:S","Bull1:J","Steatite","Y","R/L","+740-760-268-002-840-032+","6","negative_032_next_not_002","5","840","032","","","metadata_only","0","0","0","yes","yes","yes","yes","9","","",""
"M-1796","2413.1","Mohenjo-daro","SEAL:S","Bull1:J","Steatite","Y","R/L","+740-032-840-740-455-861+","6","negative_032_next_not_002","1","740","032","840","","metadata_only","0","0","0","yes","yes","yes","yes","9","","",""
"M-181","2707.1","Mohenjo-daro","SEAL:S","Bull1:J","Steatite","Y","R/L","+520-175-002-295-502+","5","negative_002_y_prev_not_032","2","175","002","295","295","mayig_overlap_only","0","0","1","yes","yes","yes","yes","9","","","corpus/m100_m199/m181.json"
"M-195","2720.1","Mohenjo-daro","SEAL:S","Bull1:W","Steatite","Y","R/L","+298-350-590-032-900-853+","6","negative_032_next_not_002","3","590","032","900","","metadata_only","0","0","0","yes","yes","yes","yes","9","","",""
"M-20","2548.1","Mohenjo-daro","SEAL:S","Bull1:W","Steatite","Y","R/L","+390-005-002-861-036-460-513+","7","negative_002_y_prev_not_032","2","005","002","861","861","mayig_overlap_only","0","0","1","yes","yes","yes","yes","9","","","corpus/m001_m099/m020.json"
"M-24","2552.1","Mohenjo-daro","SEAL:S","Bull1:W","Steatite","Y","R/L","+090-740-240-235-002-906-140+","7","negative_002_y_prev_not_032","4","235","002","906","906","mayig_overlap_only","0","0","1","yes","yes","yes","yes","9","","","corpus/m001_m099/m024.json"
"M-28","2556.1","Mohenjo-daro","SEAL:S","Bull1:W","Steatite","Y","R/L","+892-374-740-760-840-416-002-861+","8","negative_002_y_prev_not_032","6","416","002","861","861","mayig_overlap_only","0","0","1","yes","yes","yes","yes","9","","","corpus/m001_m099/m028.json"
"M-29","2557.1","Mohenjo-daro","SEAL:S","Bull1:W","Steatite","Y","R/L","+740-055-240-235-806-002-220-455-503+","9","negative_002_y_prev_not_032","5","806","002","220","220","mayig_overlap_only","0","0","1","yes","yes","yes","yes","9","","","corpus/m001_m099/m029.json"
"M-3","2532.1","Mohenjo-daro","SEAL:S","Bull1:W","Steatite","Y","R/L","+717-032-521+","3","negative_032_next_not_002","1","717","032","521","","mayig_overlap_only","0","0","1","yes","yes","yes","no","9","","","corpus/m001_m099/m003.json"
"M-319","2837.1","Mohenjo-daro","SEAL:S","Tigr","Steatite","Y","R/L","+740-812-033-240-220-032+","6","negative_220_032_next_not_002","5","220","032","","","metadata_only","0","0","0","yes","yes","no","yes","9","","",""
"M-33","2561.1","Mohenjo-daro","SEAL:S","Bull1:W","Steatite","Y","R/L","+740-032-923-382-233-002-112+","7","negative_002_y_prev_not_032","5","233","002","112","112","mayig_overlap_only","0","0","1","yes","yes","yes","yes","9","","","corpus/m001_m099/m033.json"
"M-34","2562.1","Mohenjo-daro","SEAL:S","Bull1:W","Steatite","Y","R/L","+740-336-176-002-405-372-374+","7","negative_002_y_prev_not_032","3","176","002","405","405","mayig_overlap_only","0","0","1","yes","yes","yes","yes","9","","","corpus/m001_m099/m034.json"
"M-35","2563.1","Mohenjo-daro","SEAL:S","Bull1:W","Steatite","Y","R/L","+740-390-590-233-231-002-107+","7","negative_002_y_prev_not_032","5","231","002","107","107","mayig_overlap_only","0","0","1","yes","yes","yes","yes","9","","","corpus/m001_m099/m035.json"
"M-356","2852.1","Mohenjo-daro","SEAL:R","None","Steatite","Y","R/L","+400-595-420-125-032-820-920-140+","8","negative_032_next_not_002","4","125","032","820","","metadata_only","0","0","0","yes","yes","yes","yes","9","","",""
"M-371","2867.1","Mohenjo-daro","SEAL:R","None","Steatite","Y","R/L","+617-142-384-032-154-806-467+","7","negative_032_next_not_002","3","384","032","154","","metadata_only","0","0","0","yes","yes","yes","yes","9","","",""
"M-38","2566.1","Mohenjo-daro","SEAL:S","Bull1:J","Steatite","Y","R/L","+740-690-435-255-220-032-240-235-002-390-125-632-032+","13","negative_032_next_not_002","12","632","032","","","mayig_overlap_only","0","0","1","yes","yes","yes","no","9","","","corpus/m001_m099/m038.json"
"M-387","2883.1","Mohenjo-daro","SEAL:R","None","Steatite","Y","R/L","+226-032-798-742-060-920+","6","negative_032_next_not_002","1","226","032","798","","metadata_only","0","0","0","yes","yes","yes","yes","9","","",""
"M-4","2533.1","Mohenjo-daro","SEAL:S","Bull1:W","Steatite","Y","R/L","+298-465-033-705-231-002-564-617-033+","9","negative_002_y_prev_not_032","5","231","002","564","564","mayig_overlap_only","0","0","1","yes","yes","yes","yes","9","","","corpus/m001_m099/m004.json"
"M-40","2568.1","Mohenjo-daro","SEAL:S","Bull1:J","Steatite","Y","R/L","+391-002-527-475-005+","5","negative_002_y_prev_not_032","1","391","002","527","527","mayig_overlap_only","0","0","1","yes","yes","yes","yes","9","","","corpus/m001_m099/m040.json"
"M-41","2569.1","Mohenjo-daro","SEAL:S","Bull1:W","Steatite","Y","R/L","+740-636-240-233-235-002-405-125-820+","9","negative_002_y_prev_not_032","5","235","002","405","405","mayig_overlap_only","0","0","1","yes","yes","yes","yes","9","","","corpus/m001_m099/m041.json"
"M-43","2571.1","Mohenjo-daro","SEAL:S","Bull1:W","Steatite","Y","R/L","+740-798-231-002-055-373+","6","negative_002_y_prev_not_032","3","231","002","055","055","mayig_overlap_only","0","0","1","yes","yes","yes","yes","9","","","corpus/m001_m099/m043.json"
"M-44","2572.1","Mohenjo-daro","SEAL:S","Bull1:W","Steatite","Y","R/L","+740-760-033-705-803-002-920-317+","8","negative_002_y_prev_not_032","5","803","002","920","920","mayig_overlap_only","0","0","1","yes","yes","yes","yes","9","","","corpus/m001_m099/m044.json"
"M-46","2574.1","Mohenjo-daro","SEAL:S","Bull1:W","Steatite","Y","R/L","+740-798-240-235-002-220-065-215+","8","negative_002_y_prev_not_032","4","235","002","220","220","mayig_overlap_only","0","0","1","yes","yes","yes","yes","9","","","corpus/m001_m099/m046.json"
"M-47","2575.1","Mohenjo-daro","SEAL:S","Bull1:J","Steatite","Y","R/L","+740-760-235-002-861+","5","negative_002_y_prev_not_032","3","235","002","861","861","mayig_overlap_only","0","0","1","yes","yes","yes","yes","9","","","corpus/m001_m099/m047.json"
"M-50","2578.1","Mohenjo-daro","SEAL:S","Bull1:W","Steatite","Y","R/L","+740-585-017-033-705-240-798-002-820+","9","negative_002_y_prev_not_032","7","798","002","820","820","mayig_overlap_only","0","0","1","yes","yes","yes","yes","9","","","corpus/m001_m099/m050.json"
"M-52","2580.1","Mohenjo-daro","SEAL:S","Bull1:W","Steatite","Y","R/L","+740-904-032-220-415-235-803-002-504-717+","10","negative_002_y_prev_not_032","7","803","002","504","504","mayig_overlap_only","0","0","1","yes","yes","yes","yes","9","","","corpus/m001_m099/m052.json"
"M-53","2581.1","Mohenjo-daro","SEAL:S","Bull1:W","Steatite","Y","R/L","+090-740-220-016-002-297-190-920-140+","9","negative_002_y_prev_not_032","4","016","002","297","297","mayig_overlap_only","0","0","1","yes","yes","yes","yes","9","","","corpus/m001_m099/m053.json"
"M-54","2582.1","Mohenjo-daro","SEAL:S","Bull1:W","Steatite","Y","R/L","+236-240-033-705-798-002-820+","7","negative_002_y_prev_not_032","5","798","002","820","820","mayig_overlap_only","0","0","1","yes","yes","yes","yes","9","","","corpus/m001_m099/m054.json"
"M-57","2585.1","Mohenjo-daro","SEAL:S","Bull1:W","Steatite","Y","R/L","+226-032-231-798-002-693+","6","negative_002_y_prev_not_032","4","798","002","693","693","mayig_overlap_only","0","0","1","yes","yes","yes","yes","9","","","corpus/m001_m099/m057.json"
"M-58","2586.1","Mohenjo-daro","SEAL:S","Bull1:W","Steatite","Y","R/L","+740-460-503-002-817+","5","negative_002_y_prev_not_032","3","503","002","817","817","mayig_overlap_only","0","0","1","yes","yes","yes","yes","9","","","corpus/m001_m099/m058.json"
"M-675","3114.1","Mohenjo-daro","SEAL:S","Bull1:W","Steatite","Y","R/L","+740-388-807-033-706-233-235-168-032+","9","negative_032_next_not_002","8","168","032","","","metadata_only","0","0","0","yes","yes","yes","yes","9","","",""
"M-7","2536.1","Mohenjo-daro","SEAL:S","Bull1:W","Steatite","Y","R/L","+407-845-140-740-101-923-240-002-861+","9","negative_002_y_prev_not_032","7","240","002","861","861","mayig_overlap_only","0","0","1","yes","yes","yes","yes","9","","","corpus/m001_m099/m007.json"
"M-71","2599.1","Mohenjo-daro","SEAL:S","Bull1:J","Steatite","Y","R/L","+151-279-142-002-390-095+","6","negative_002_y_prev_not_032","3","142","002","390","390","mayig_overlap_only","0","0","1","yes","yes","yes","yes","9","","","corpus/m001_m099/m071.json"
"M-726","3150.1","Mohenjo-daro","SEAL:S","Bull1:T","-","Y","R/L","+031-850-140-236-220-032-803-002-820+","9","negative_220_032_next_not_002","5","220","032","803","","metadata_only","0","0","0","yes","yes","no","yes","9","","",""
"M-742","3166.1","Mohenjo-daro","SEAL:S","Bull1:W","Steatite","Y","R/L","+090-850-032-060-573+","5","negative_032_next_not_002","2","850","032","060","","metadata_only","0","0","0","yes","yes","yes","yes","9","","",""
"M-746","3169.1","Mohenjo-daro","SEAL:S","Bull1:I","Steatite","Y","R/L","+740-440-220-032-741-390-590-032+","8","negative_220_032_next_not_002","3","220","032","741","","metadata_only","0","0","0","yes","yes","no","yes","9","","",""
"M-776","3190.1","Mohenjo-daro","SEAL:S","Bull1:J","Steatite","Y","R/L","+740-032-840-585-017-002-817+","7","negative_032_next_not_002","1","740","032","840","","metadata_only","0","0","0","yes","yes","yes","yes","9","","",""
"M-890","3296.1","Mohenjo-daro","SEAL:S","Bull1","Steatite","Y","R/L","+740-927-032-741-208+","5","negative_032_next_not_002","2","927","032","741","","metadata_only","0","0","0","yes","yes","yes","yes","9","","",""
"M-896","3301.1","Mohenjo-daro","SEAL:S","Bull1","Steatite","Y","R/L","+151-031-090-032-001-505+","6","negative_032_next_not_002","3","090","032","001","","metadata_only","0","0","0","yes","yes","yes","yes","9","","",""
"M-90","2617.1","Mohenjo-daro","SEAL:S","Bull1:J","Steatite","Y","R/L","+740-840-013-031-002-817+","6","negative_002_y_prev_not_032","4","031","002","817","817","mayig_overlap_only","0","0","1","yes","yes","yes","yes","9","","","corpus/m001_m099/m090.json"
"H-1030","284.1","Harappa","SEAL:S","Bull1:W","-","Y","R/L","+090-740-103-002-861+","5","negative_002_y_prev_not_032","3","103","002","861","861","metadata_only","0","0","0","yes","yes","yes","yes","8","","",""
"H-1033","293.1","Harappa","SEAL:S","Bull1:W","Steatite","Y","R/L","+220-500-520-002-862-032+","6","negative_002_y_prev_not_032","3","520","002","862","862","metadata_only","0","0","0","yes","yes","yes","yes","8","","",""
"H-1043","303.1","Harappa","SEAL:S","Bull1:W","Steatite","Y","R/L","+151-760-220-003-002-861+","6","negative_002_y_prev_not_032","4","003","002","861","861","metadata_only","0","0","0","yes","yes","yes","yes","8","","",""
"H-1048","3925.1","Harappa","SEAL:S","Bull1:W","-","Y","R/L","+740-032-840-235-002-817+","6","negative_002_y_prev_not_032","4","235","002","817","817","metadata_only","0","0","0","yes","yes","yes","yes","8","","",""
"H-1076","3930.1","Harappa","SEAL:R","None","-","Y","R/L","+740-611-706-002-820+","5","negative_002_y_prev_not_032","3","706","002","820","820","metadata_only","0","0","0","yes","yes","yes","yes","8","","",""
"H-12","1073.1","Harappa","SEAL:S","Bull1:W","Steatite","Y","R/L","+740-690-435-255-803-220-240-235-002-817+","10","negative_002_y_prev_not_032","8","235","002","817","817","metadata_only","0","0","0","yes","yes","yes","yes","8","","",""
"H-129","1170.1","Harappa","SEAL:R","None","Steatite","Y","R/L","+409-061-740-235-220-031-002-861-244-165+","10","negative_002_y_prev_not_032","6","031","002","861","861","metadata_only","0","0","0","yes","yes","yes","yes","8","","",""
"H-13","1074.1","Harappa","SEAL:S","Bull1:W","Steatite","Y","R/L","+740-760-615-503-002-817+","6","negative_002_y_prev_not_032","4","503","002","817","817","metadata_only","0","0","0","yes","yes","yes","yes","8","","",""
"H-130","1171.1","Harappa","SEAL:R","None","-","Y","R/L","+409-032-845-033-705-231-806-002-595-812-125-717+","12","negative_032_next_not_002","1","409","032","845","","metadata_only","0","0","0","yes","yes","yes","no","8","","",""
"H-134","1175.1","Harappa","SEAL:R","None","Steatite","Y","R/L","+740-405-590-220-003-002-861+","7","negative_002_y_prev_not_032","5","003","002","861","861","metadata_only","0","0","0","yes","yes","yes","yes","8","","",""
"H-135","1176.1","Harappa","SEAL:R","None","Steatite","Y","R/L","+740-773-231-806-002-861+","6","negative_002_y_prev_not_032","4","806","002","861","861","metadata_only","0","0","0","yes","yes","yes","yes","8","","",""
"H-137","1178.1","Harappa","SEAL:R","None","-","Y","R/L","+740-443-388-033-705-233-002-817+","8","negative_002_y_prev_not_032","6","233","002","817","817","metadata_only","0","0","0","yes","yes","yes","yes","8","","",""
"H-141","1182.1","Harappa","SEAL:R","None","Steatite","Y","R/L","+405-032-900-003-070-002-233-235+","8","negative_002_y_prev_not_032","5","070","002","233","233","metadata_only","0","0","0","yes","yes","yes","yes","8","","",""
"H-149","1190.1","Harappa","SEAL:R","None","Steatite","Y","R/L","+405-061-033-706-794-630-220-002-820+","9","negative_002_y_prev_not_032","7","220","002","820","820","metadata_only","0","0","0","yes","yes","yes","yes","8","","",""
"H-1657","1020.1","Harappa","SEAL:S","Bull1:W","Steatite","Y","R/L","+740-405-590-032-900-003-806-235-220-032-002-690-921+","13","negative_032_next_not_002","3","590","032","900","","metadata_only","0","0","0","yes","yes","yes","no","8","","",""
"H-1670","731.1","Harappa","SEAL:S","Bull1:J","Steatite","Y","R/L","+740-760-033-033-240-002-824+","7","negative_002_y_prev_not_032","5","240","002","824","824","metadata_only","0","0","0","yes","yes","yes","yes","8","","",""
"H-1671","513.1","Harappa","SEAL:S","Bull1:S","-","Y","R/L","+740-061-002-455-420-032+","6","negative_032_next_not_002","5","420","032","","","metadata_only","0","0","0","yes","yes","no","yes","8","","",""
"H-1692","537.1","Harappa","SEAL:S","None","Steatite","Y","R/L","+740-390-590-002-861+","5","negative_002_y_prev_not_032","3","590","002","861","861","metadata_only","0","0","0","yes","yes","yes","yes","8","","",""
"H-1706","623.1","Harappa","SEAL:R","None","Steatite","Y","R/L","+405-003-002-293-360+","5","negative_002_y_prev_not_032","2","003","002","293","293","metadata_only","0","0","0","yes","yes","yes","yes","8","","",""
"H-1714","426.1","Harappa","SEAL:R","None","Steatite","Y","R/L","+407-790-032+","3","negative_032_next_not_002","2","790","032","","","metadata_only","0","0","0","yes","yes","yes","no","8","","",""
"H-21","1081.1","Harappa","SEAL:S","Bull1:W","Steatite","Y","R/L","+405-061-527-555-233-235-806-002-817+","9","negative_002_y_prev_not_032","7","806","002","817","817","metadata_only","0","0","0","yes","yes","yes","yes","8","","",""
"H-22","1082.1","Harappa","SEAL:S","Bull1:W","Steatite","Y","R/L","+740-920-320-233-806-002-405-321+","8","negative_002_y_prev_not_032","5","806","002","405","405","metadata_only","0","0","0","yes","yes","yes","yes","8","","",""
"H-268","1293.1","Harappa","SEAL:S","Bull1:W","Steatite","Y","R/L","+740-585-017-033-706-803-002-220-455-920+","10","negative_002_y_prev_not_032","6","803","002","220","220","metadata_only","0","0","0","yes","yes","yes","yes","8","","",""
"H-272","1296.1","Harappa","SEAL:S","Bull1","Steatite","Y","R/L","+740-585-017-240-002-305-032-904+","8","negative_002_y_prev_not_032","4","240","002","305","305","metadata_only","0","0","0","yes","yes","yes","yes","8","","",""
"H-3","1064.1","Harappa","SEAL:S","Bull1:W","Steatite","Y","R/L","+740-585-017-002-611-615-703+","7","negative_002_y_prev_not_032","3","017","002","611","611","metadata_only","0","0","0","yes","yes","yes","yes","8","","",""
"H-388","1401.1","Harappa","SEAL:S","Bull1:W","-","Y","R/L","+520-033-706-231-806-002-817+","7","negative_002_y_prev_not_032","5","806","002","817","817","metadata_only","0","0","0","yes","yes","yes","yes","8","","",""
"H-389","1402.1","Harappa","SEAL:S","Bull1:W","-","Y","R/L","+740-405-590-235-002-031-480-625+","8","negative_002_y_prev_not_032","4","235","002","031","031","metadata_only","0","0","0","yes","yes","yes","yes","8","","",""
"H-408","1413.1","Harappa","SEAL:S","Bull1:W","Steatite","Y","R/L","+740-176-240-002-702-503+","6","negative_002_y_prev_not_032","3","240","002","702","702","metadata_only","0","0","0","yes","yes","yes","yes","8","","",""
"H-42","1101.1","Harappa","SEAL:S","Bull1:J","Steatite","Y","R/L","+740-380-235-002-817+","5","negative_002_y_prev_not_032","3","235","002","817","817","metadata_only","0","0","0","yes","yes","yes","yes","8","","",""
"H-43","1102.1","Harappa","SEAL:S","Bull1:W","Steatite","Y","R/L","+405-690-032+","3","negative_032_next_not_002","2","690","032","","","metadata_only","0","0","0","yes","yes","yes","no","8","","",""
"H-44","1103.1","Harappa","SEAL:S","Bull1:W","Steatite","Y","R/L","+520-033-706-235-798-803-002-031-892+","9","negative_002_y_prev_not_032","6","803","002","031","031","metadata_only","0","0","0","yes","yes","yes","yes","8","","",""
"H-446","1436.1","Harappa","SEAL:S","Bull1:J","Steatite","Y","R/L","+740-585-798-002-861-216+","6","negative_002_y_prev_not_032","3","798","002","861","861","metadata_only","0","0","0","yes","yes","yes","yes","8","","",""
"H-45","1104.1","Harappa","SEAL:S","Bull1:W","Steatite","Y","R/L","+090-740-101-002-820+","5","negative_002_y_prev_not_032","3","101","002","820","820","metadata_only","0","0","0","yes","yes","yes","yes","8","","",""
"H-455","1445.1","Harappa","SEAL:S","Bull1:J","Steatite","Y","R/L","+520-033-705-002-172-032+","6","negative_002_y_prev_not_032","3","705","002","172","172","metadata_only","0","0","0","yes","yes","yes","yes","8","","",""
"H-457","1447.1","Harappa","SEAL:S","Bull1:J","-","Y","R/L","+740-798-003-002-416+","5","negative_002_y_prev_not_032","3","003","002","416","416","metadata_only","0","0","0","yes","yes","yes","yes","8","","",""
"H-468","1456.1","Harappa","SEAL:S","Bull1:J","Steatite","Y","R/L","+740-900-003-002-940-705+","6","negative_002_y_prev_not_032","3","003","002","940","940","metadata_only","0","0","0","yes","yes","yes","yes","8","","",""
"H-478","1466.1","Harappa","SEAL:S","Bull1:W","Steatite","Y","R/L","+740-770-235-002-817+","5","negative_002_y_prev_not_032","3","235","002","817","817","metadata_only","0","0","0","yes","yes","yes","yes","8","","",""
"H-501","1479.1","Harappa","SEAL:S","Bull1","Steatite","Y","R/L","+520-233-803-002-817+","5","negative_002_y_prev_not_032","3","803","002","817","817","metadata_only","0","0","0","yes","yes","yes","yes","8","","",""
"H-51","1110.1","Harappa","SEAL:S","Bull1:W","Steatite","Y","R/L","+740-643-240-002-861+","5","negative_002_y_prev_not_032","3","240","002","861","861","metadata_only","0","0","0","yes","yes","yes","yes","8","","",""
"H-514","1491.1","Harappa","SEAL:S","Bull1:W","Steatite","Y","R/L","+151-220-016-002-820+","5","negative_002_y_prev_not_032","3","016","002","820","820","metadata_only","0","0","0","yes","yes","yes","yes","8","","",""
"H-515","1492.1","Harappa","SEAL:S","Bull1:S","Steatite","Y","R/L","+740-798-463-350-741-590-032+","7","negative_032_next_not_002","6","590","032","","","metadata_only","0","0","0","yes","yes","no","yes","8","","",""
"H-598","1541.2","Harappa","SEAL:S","Bull1:W","-","Y","R/L","+740-639-240-002-435-255-777+","7","negative_002_y_prev_not_032","3","240","002","435","435","metadata_only","0","0","0","yes","yes","yes","yes","8","","",""
"H-611","1551.1","Harappa","SEAL:S","None","Steatite","Y","R/L","+527-550-002-125-590+","5","negative_002_y_prev_not_032","2","550","002","125","125","metadata_only","0","0","0","yes","yes","yes","yes","8","","",""
"H-649","1564.1","Harappa","SEAL:R","None","Steatite","Y","R/L","+520-033-705-233-240-806-002-820+","8","negative_002_y_prev_not_032","6","806","002","820","820","metadata_only","0","0","0","yes","yes","yes","yes","8","","",""
"H-74","1132.1","Harappa","SEAL:S","Bull1:J","Steatite","Y","R/L","+002-610-125-032+","4","negative_032_next_not_002","3","125","032","","","metadata_only","0","0","0","yes","yes","yes","no","8","","",""
"H-8","1069.1","Harappa","SEAL:S","Bull1:W","Steatite","Y","R/L","+354-001-740-405-590-033-706-002-690-921+","10","negative_002_y_prev_not_032","7","706","002","690","690","metadata_only","0","0","0","yes","yes","yes","yes","8","","",""
"L-114","2063.1","Lothal","SEAL:R","None","Steatite","Y","R/L","+740-407-590-904-220-032-803-060-920+","9","negative_220_032_next_not_002","5","220","032","803","","metadata_only","0","0","0","no","yes","yes","yes","8","","",""
"L-87","2041.1","Lothal","SEAL:R","None","Steatite","Y","R/L","+740-032-840-233-220-032-060-825-002+","9","negative_220_032_next_not_002","5","220","032","060","","metadata_only","0","0","0","no","yes","yes","yes","8","","",""
"M-10","2539.1","Mohenjo-daro","SEAL:S","Bull1:W","Steatite","Y","R/L","+405-061-070-032-033-706-235-806-002-267-455+","11","negative_002_y_prev_not_032","8","806","002","267","267","mayig_overlap_only","0","0","1","yes","yes","yes","no","8","","","corpus/m001_m099/m010.json"
"M-100","2627.1","Mohenjo-daro","SEAL:S","Bull1:S","Steatite","Y","R/L","+090-740-255-705-002-861+","6","negative_002_y_prev_not_032","4","705","002","861","861","mayig_overlap_only","0","0","1","yes","yes","no","yes","8","","","corpus/m100_m199/m100.json"
"M-1002","3394.1","Mohenjo-daro","SEAL:S","Bull1","-","Y","R/L","+740-373-031-002-315-850+","6","negative_002_y_prev_not_032","3","031","002","315","315","metadata_only","0","0","0","yes","yes","yes","yes","8","","",""
"M-103","2630.1","Mohenjo-daro","SEAL:S","Bull1:W","Steatite","Y","R/L","+390-004-002-820+","4","negative_002_y_prev_not_032","2","004","002","820","820","mayig_overlap_only","0","0","1","yes","yes","yes","no","8","","","corpus/m100_m199/m103.json"
"M-107","2634.1","Mohenjo-daro","SEAL:S","Bull1:S","Steatite","Y","R/L","+740-565-233-002-940-260+","6","negative_002_y_prev_not_032","3","233","002","940","940","mayig_overlap_only","0","0","1","yes","yes","no","yes","8","","","corpus/m100_m199/m107.json"
"M-109","2636.1","Mohenjo-daro","SEAL:S","Bull1:S","Steatite","Y","R/L","+740-879-220-415-002-287-140+","7","negative_002_y_prev_not_032","4","415","002","287","287","mayig_overlap_only","0","0","1","yes","yes","no","yes","8","","","corpus/m100_m199/m109.json"
"M-114","2641.1","Mohenjo-daro","SEAL:S","Bull1:S","Steatite","Y","R/L","+740-760-440-002-297-416+","6","negative_002_y_prev_not_032","3","440","002","297","297","mayig_overlap_only","0","0","1","yes","yes","no","yes","8","","","corpus/m100_m199/m114.json"
"M-1152","3513.1","Mohenjo-daro","SEAL:S","Elep","Steatite","Y","R/L","+740-032-840-235-002-861+","6","negative_032_next_not_002","1","740","032","840","","metadata_only","0","0","0","yes","yes","no","yes","8","","",""
"M-1159","3519.1","Mohenjo-daro","SEAL:S","Elep","Steatite","Y","R/L","+232-220-032-002-168-032+","6","negative_032_next_not_002","5","168","032","","","metadata_only","0","0","0","yes","yes","no","yes","8","","",""
"M-116","2643.1","Mohenjo-daro","SEAL:S","Bull1:I","Steatite","Y","R/L","+740-100-176-840-013-002-817+","7","negative_002_y_prev_not_032","5","013","002","817","817","mayig_overlap_only","0","0","1","yes","yes","no","yes","8","","","corpus/m100_m199/m116.json"
"M-117","2644.1","Mohenjo-daro","SEAL:S","Bull1:S","Steatite","Y","R/L","+520-033-705-220-803-055-002-820+","8","negative_002_y_prev_not_032","6","055","002","820","820","mayig_overlap_only","0","0","1","yes","yes","no","yes","8","","","corpus/m100_m199/m117.json"
"M-119","2646.1","Mohenjo-daro","SEAL:S","Bull1:S","Steatite","Y","R/L","+151-337-484-002-390-125-632-032-900-563+","10","negative_002_y_prev_not_032","3","484","002","390","390","mayig_overlap_only","0","0","1","yes","yes","no","yes","8","","","corpus/m100_m199/m119.json"
"M-1224","3559.1","Mohenjo-daro","SEAL:S","Mult","Steatite","Y","R/L","+400-090-740-032-840+","5","negative_032_next_not_002","3","740","032","840","","metadata_only","0","0","0","yes","yes","no","yes","8","","",""
"M-1267","3574.1","Mohenjo-daro","SEAL:R","None","Steatite","Y","R/L","+416-001-740-720-175-002-861+","7","negative_002_y_prev_not_032","5","175","002","861","861","metadata_only","0","0","0","yes","yes","yes","yes","8","","",""
"M-1268","3575.1","Mohenjo-daro","SEAL:R","None","Steatite","Y","R/L","+740-455-176-002-817+","5","negative_002_y_prev_not_032","3","176","002","817","817","metadata_only","0","0","0","yes","yes","yes","yes","8","","",""
"M-1274","3581.1","Mohenjo-daro","SEAL:R","None","Steatite","Y","R/L","+130-032-905+","3","negative_032_next_not_002","1","130","032","905","","metadata_only","0","0","0","yes","yes","yes","no","8","","",""
"M-1277","3584.1","Mohenjo-daro","SEAL:R","None","-","Y","L/R","+032-905+","2","negative_032_next_not_002","0","","032","905","","metadata_only","0","0","0","yes","yes","yes","no","8","","",""
"M-1284","3589.1","Mohenjo-daro","SEAL:R","None","Steatite","Y","R/L","+416-001-520-240-806-002-502-031+","8","negative_002_y_prev_not_032","5","806","002","502","502","metadata_only","0","0","0","yes","yes","yes","yes","8","","",""
"M-1299","3604.1","Mohenjo-daro","SEAL:R","None","Steatite","Y","R/L","+527-550-033-705-233-002-817+","7","negative_002_y_prev_not_032","5","233","002","817","817","metadata_only","0","0","0","yes","yes","yes","yes","8","","",""
"M-1306","3611.1","Mohenjo-daro","SEAL:R","None","Steatite","Y","R/L","+740-405-590-806-002-820+","6","negative_002_y_prev_not_032","4","806","002","820","820","metadata_only","0","0","0","yes","yes","yes","yes","8","","",""
"M-1311","3616.1","Mohenjo-daro","SEAL:R","None","Steatite","Y","R/L","+520-400-354-002-817+","5","negative_002_y_prev_not_032","3","354","002","817","817","metadata_only","0","0","0","yes","yes","yes","yes","8","","",""
"M-1318","3623.1","Mohenjo-daro","SEAL:R","None","Steatite","Y","R/L","+740-460-503-002-880+","5","negative_002_y_prev_not_032","3","503","002","880","880","metadata_only","0","0","0","yes","yes","yes","yes","8","","",""
"M-1341","3646.1","Mohenjo-daro","SEAL:R","None","Steatite","Y","R/L","+016-002-595-342-632+","5","negative_002_y_prev_not_032","1","016","002","595","595","metadata_only","0","0","0","yes","yes","yes","yes","8","","",""
"M-1346","3650.1","Mohenjo-daro","SEAL:R","None","-","Y","R/L","+740-861-032-233-803-002-820+","7","negative_002_y_prev_not_032","5","803","002","820","820","metadata_only","0","0","0","yes","yes","yes","yes","8","","",""
"M-140","2667.1","Mohenjo-daro","SEAL:S","Bull1:S","Faience","Y","R/L","+740-336-002-220-065-440-455+","7","negative_002_y_prev_not_032","2","336","002","220","220","mayig_overlap_only","0","0","1","yes","yes","no","yes","8","","","corpus/m100_m199/m140.json"
"M-142","2669.1","Mohenjo-daro","SEAL:S","Bull1:J","Steatite","Y","R/L","+136-140-002-861+","4","negative_002_y_prev_not_032","2","140","002","861","861","mayig_overlap_only","0","0","1","yes","yes","yes","no","8","","","corpus/m100_m199/m142.json"
"M-152","2679.1","Mohenjo-daro","SEAL:S","Bull1:J","Steatite","Y","R/L","+740-772-002-861+","4","negative_002_y_prev_not_032","2","772","002","861","861","mayig_overlap_only","0","0","1","yes","yes","yes","no","8","","","corpus/m100_m199/m152.json"
"M-164","2690.1","Mohenjo-daro","SEAL:S","Bull1:X","Steatite","Y","R/L","+740-142-061-002-817+","5","negative_002_y_prev_not_032","3","061","002","817","817","mayig_overlap_only","0","0","1","yes","yes","no","yes","8","","","corpus/m100_m199/m164.json"
"M-166","2691.1","Mohenjo-daro","SEAL:S","Bull1:I","Steatite","Y","R/L","+390-844-240-806-002-861+","6","negative_002_y_prev_not_032","4","806","002","861","861","mayig_overlap_only","0","0","1","yes","yes","no","yes","8","","","corpus/m100_m199/m166.json"
"M-1661","2342.1","Mohenjo-daro","SEAL:S","Bull1:W","Steatite","Y","R/L","+520-070-219-002-861-032-520-919-140+","9","negative_002_y_prev_not_032","3","219","002","861","861","metadata_only","0","0","0","yes","yes","yes","yes","8","","",""
"M-1665","2473.1","Mohenjo-daro","SEAL:S","Bull1:W","Steatite","Y","R/L","+520-033-705-233-240-002-610-125-032+","9","negative_002_y_prev_not_032","5","240","002","610","610","metadata_only","0","0","0","yes","yes","yes","yes","8","","",""
"M-1674","2240.1","Mohenjo-daro","SEAL:S","Bull1:J","Steatite","Y","R/L","+090-740-222-231-002-861-683+","7","negative_002_y_prev_not_032","4","231","002","861","861","metadata_only","0","0","0","yes","yes","yes","yes","8","","",""
"M-1675","2220.1","Mohenjo-daro","SEAL:S","Bull1:W","Steatite","Y","R/L","+621-390-844-002-820+","5","negative_002_y_prev_not_032","3","844","002","820","820","metadata_only","0","0","0","yes","yes","yes","yes","8","","",""
"M-1681","2389.1","Mohenjo-daro","SEAL:S","Bull1:W","Steatite","Y","R/L","+520-072-233-740-798-002-861-832+","8","negative_002_y_prev_not_032","5","798","002","861","861","metadata_only","0","0","0","yes","yes","yes","yes","8","","",""
"M-1692","2226.1","Mohenjo-daro","SEAL:S","Bull1:L","Steatite","Y","R/L","+390-600-617-002-190-125-632-032+","8","negative_032_next_not_002","7","632","032","","","metadata_only","0","0","0","yes","yes","no","yes","8","","",""
"M-1693","2359.1","Mohenjo-daro","SEAL:S","Bull1","Steatite","Y","R/L","+527-555-033-706-235-002-817+","7","negative_002_y_prev_not_032","5","235","002","817","817","metadata_only","0","0","0","yes","yes","yes","yes","8","","",""
"M-1698","3909.1","Mohenjo-daro","SEAL:S","Bull1:W","-","Y","R/L","+740-482-033-705-002-861-803+","7","negative_002_y_prev_not_032","4","705","002","861","861","metadata_only","0","0","0","yes","yes","yes","yes","8","","",""
"M-1704","2251.1","Mohenjo-daro","SEAL:S","Bull1:W","Steatite","Y","R/L","+740-760-605-002-861+","5","negative_002_y_prev_not_032","3","605","002","861","861","metadata_only","0","0","0","yes","yes","yes","yes","8","","",""
"M-1707","2390.1","Mohenjo-daro","SEAL:S","Bull1:I","Steatite","Y","R/L","+298-350-761-032-060-572+","6","negative_032_next_not_002","3","761","032","060","","metadata_only","0","0","0","yes","yes","no","yes","8","","",""
"M-1711","2296.1","Mohenjo-daro","SEAL:S","Bull1:W","Steatite","Y","R/L","+740-760-049-002-817+","5","negative_002_y_prev_not_032","3","049","002","817","817","metadata_only","0","0","0","yes","yes","yes","yes","8","","",""
"M-1716","2506.1","Mohenjo-daro","SEAL:S","Bull1:W","Steatite","Y","R/L","+520-220-240-803-002-820+","6","negative_002_y_prev_not_032","4","803","002","820","820","metadata_only","0","0","0","yes","yes","yes","yes","8","","",""
"M-1726","2276.1","Mohenjo-daro","SEAL:S","Bull1:W","Steatite","Y","R/L","+740-615-495-240-002-861+","6","negative_002_y_prev_not_032","4","240","002","861","861","metadata_only","0","0","0","yes","yes","yes","yes","8","","",""
"M-1739","2448.1","Mohenjo-daro","SEAL:S","Bull1:S","Steatite","Y","R/L","+740-390-590-032-060-201+","6","negative_032_next_not_002","3","590","032","060","","metadata_only","0","0","0","yes","yes","no","yes","8","","",""
"M-1759","2375.1","Mohenjo-daro","SEAL:S","Bull1:S","Steatite","Y","R/L","+740-032-840-002-768+","5","negative_032_next_not_002","1","740","032","840","","metadata_only","0","0","0","yes","yes","no","yes","8","","",""
"M-1765","2255.1","Mohenjo-daro","SEAL:S","Bull1:W","Steatite","Y","R/L","+215-031-480-140-632-705-002-093-033+","9","negative_002_y_prev_not_032","6","705","002","093","093","metadata_only","0","0","0","yes","yes","yes","yes","8","","",""
"M-1766","2193.1","Mohenjo-daro","SEAL:S","Bull1:W","Steatite","Y","R/L","+740-032-845-240-002-269-892-810-033+","9","negative_002_y_prev_not_032","4","240","002","269","269","metadata_only","0","0","0","yes","yes","yes","yes","8","","",""
"M-1791","2290.1","Mohenjo-daro","SEAL:S","Bull1:J","Steatite","Y","R/L","+740-760-268-002-840-032+","6","negative_002_y_prev_not_032","3","268","002","840","840","metadata_only","0","0","0","yes","yes","yes","yes","8","","",""
"M-1810","2310.1","Mohenjo-daro","SEAL:S","Bull1:J","Steatite","Y","R/L","+740-100-140-003-002-156-920+","7","negative_002_y_prev_not_032","4","003","002","156","156","metadata_only","0","0","0","yes","yes","yes","yes","8","","",""
"M-1822","2329.1","Mohenjo-daro","SEAL:S","Bull1:W","Steatite","Y","R/L","+031-032-171-745+","4","negative_032_next_not_002","1","031","032","171","","metadata_only","0","0","0","yes","yes","yes","no","8","","",""
"M-1825","3992.1","Mohenjo-daro","SEAL:S","Bull1","-","Y","R/L","+157-031-002-390-705+","5","negative_002_y_prev_not_032","2","031","002","390","390","metadata_only","0","0","0","yes","yes","yes","yes","8","","",""
"M-1835","3993.1","Mohenjo-daro","SEAL:S","Bull1:O","-","Y","R/L","+154-900-004-001-390-032+","6","negative_032_next_not_002","5","390","032","","","metadata_only","0","0","0","yes","yes","no","yes","8","","",""
"M-1955","2338.1","Mohenjo-daro","SEAL:R","None","Steatite","Y","R/L","+390-920-322-803-002-820+","6","negative_002_y_prev_not_032","4","803","002","820","820","metadata_only","0","0","0","yes","yes","yes","yes","8","","",""
"M-1973","4010.1","Mohenjo-daro","SEAL:R","None","-","Y","R/L","+740-575-017-233-550-002-861+","7","negative_002_y_prev_not_032","5","550","002","861","861","metadata_only","0","0","0","yes","yes","yes","yes","8","","",""
"M-1974","2278.1","Mohenjo-daro","SEAL:R","None","Steatite","Y","R/L","+064-031-400-521-002-820+","6","negative_002_y_prev_not_032","4","521","002","820","820","metadata_only","0","0","0","yes","yes","yes","yes","8","","",""
"M-198","2723.1","Mohenjo-daro","SEAL:S","Bull1:W","Steatite","Y","R/L","+740-760-840-552-002-817+","6","negative_002_y_prev_not_032","4","552","002","817","817","metadata_only","0","0","0","yes","yes","yes","yes","8","","",""
"M-213","2737.1","Mohenjo-daro","SEAL:S","Bull1:J","Steatite","Y","R/L","+740-384-002-390-346+","5","negative_002_y_prev_not_032","2","384","002","390","390","metadata_only","0","0","0","yes","yes","yes","yes","8","","",""
"M-217","2741.1","Mohenjo-daro","SEAL:S","Bull1","Steatite","Y","R/L","+740-877-032-233+","4","negative_032_next_not_002","2","877","032","233","","metadata_only","0","0","0","yes","yes","yes","no","8","","",""
"M-241","2764.1","Mohenjo-daro","SEAL:S","Gaur","Steatite","Y","R/L","+090-740-032-840-741-572-683+","7","negative_032_next_not_002","2","740","032","840","","metadata_only","0","0","0","yes","yes","no","yes","8","","",""
"M-274","2795.1","Mohenjo-daro","SEAL:S","Rhin","Steatite","Y","R/L","+740-760-264-231-742-315-032+","7","negative_032_next_not_002","6","315","032","","","metadata_only","0","0","0","yes","yes","no","yes","8","","",""
"M-307","2826.1","Mohenjo-daro","SEAL:S","T-M-T","Steatite","Y","R/L","+740-904-032-060-550+","5","negative_032_next_not_002","2","904","032","060","","metadata_only","0","0","0","yes","yes","no","yes","8","","",""
"M-316","2834.1","Mohenjo-daro","SEAL:S","None","Steatite","Y","L/R","+367-390-710-002-861+","5","negative_002_y_prev_not_032","3","710","002","861","861","metadata_only","0","0","0","yes","yes","yes","yes","8","","",""
"M-354","2850.1","Mohenjo-daro","SEAL:R","None","Steatite","Y","R/L","+740-729-407-845-236-002-906-125+","8","negative_002_y_prev_not_032","5","236","002","906","906","metadata_only","0","0","0","yes","yes","yes","yes","8","","",""
"M-355","2851.1","Mohenjo-daro","SEAL:R","None","Steatite","Y","R/L","+740-877-032-033-705-231-235-002-861-360-520-919-140+","13","negative_032_next_not_002","2","877","032","033","","metadata_only","0","0","0","yes","yes","yes","no","8","","",""
"M-358","2854.1","Mohenjo-daro","SEAL:R","None","Steatite","Y","R/L","+003-001-520-240-806-002-502-031+","8","negative_002_y_prev_not_032","5","806","002","502","502","metadata_only","0","0","0","yes","yes","yes","yes","8","","",""
"M-362","2858.1","Mohenjo-daro","SEAL:R","None","Steatite","Y","R/L","+740-007-503-002-817+","5","negative_002_y_prev_not_032","3","503","002","817","817","metadata_only","0","0","0","yes","yes","yes","yes","8","","",""
"M-38","2566.1","Mohenjo-daro","SEAL:S","Bull1:J","Steatite","Y","R/L","+740-690-435-255-220-032-240-235-002-390-125-632-032+","13","negative_002_y_prev_not_032","8","235","002","390","390","mayig_overlap_only","0","0","1","yes","yes","yes","no","8","","","corpus/m001_m099/m038.json"
"M-381","2877.1","Mohenjo-daro","SEAL:R","None","Steatite","Y","R/L","+740-055-220-032-798-002-820+","7","negative_002_y_prev_not_032","5","798","002","820","820","metadata_only","0","0","0","yes","yes","yes","yes","8","","",""
"M-384","2880.1","Mohenjo-daro","SEAL:R","None","Steatite","Y","R/L","+740-900-003-803-002-820+","6","negative_002_y_prev_not_032","4","803","002","820","820","metadata_only","0","0","0","yes","yes","yes","yes","8","","",""
"M-393","2889.1","Mohenjo-daro","SEAL:R","None","Steatite","Y","R/L","+679-740-575-017-240-806-002-540+","8","negative_002_y_prev_not_032","6","806","002","540","540","metadata_only","0","0","0","yes","yes","yes","yes","8","","",""
"M-42","2570.1","Mohenjo-daro","SEAL:S","Bull1:S","Steatite","Y","R/L","+527-550-240-002-817+","5","negative_002_y_prev_not_032","3","240","002","817","817","mayig_overlap_only","0","0","1","yes","yes","no","yes","8","","","corpus/m001_m099/m042.json"
"M-595","2464.1","Mohenjo-daro","SEAL:S","Bull1:W","Steatite","Y","R/L","+740-100-415-176-002-820+","6","negative_002_y_prev_not_032","4","176","002","820","820","metadata_only","0","0","0","yes","yes","yes","yes","8","","",""
"M-628","3079.1","Mohenjo-daro","SEAL:S","Bull1:W","Steatite","Y","R/L","+740-560-233-002-291-690-564+","7","negative_002_y_prev_not_032","3","233","002","291","291","metadata_only","0","0","0","yes","yes","yes","yes","8","","",""
"M-629","3080.1","Mohenjo-daro","SEAL:S","Bull1:W","-","Y","R/L","+679-740-176-240-798-002-861+","7","negative_002_y_prev_not_032","5","798","002","861","861","metadata_only","0","0","0","yes","yes","yes","yes","8","","",""
"M-639","3088.1","Mohenjo-daro","SEAL:S","Bull1","-","Y","R/L","+226-415-002-190-751+","5","negative_002_y_prev_not_032","2","415","002","190","190","metadata_only","0","0","0","yes","yes","yes","yes","8","","",""
"M-644","3089.1","Mohenjo-daro","SEAL:S","Bull1:W","Steatite","Y","R/L","+740-585-017-740-240-002-817-090-370+","9","negative_002_y_prev_not_032","5","240","002","817","817","metadata_only","0","0","0","yes","yes","yes","yes","8","","",""
"M-650","3094.1","Mohenjo-daro","SEAL:S","Bull1:W","Steatite","Y","R/L","+520-220-415-519-002-817+","6","negative_002_y_prev_not_032","4","519","002","817","817","metadata_only","0","0","0","yes","yes","yes","yes","8","","",""
"M-651","3095.1","Mohenjo-daro","SEAL:S","Bull1:W","Steatite","Y","R/L","+740-717-220-240-002-820+","6","negative_002_y_prev_not_032","4","240","002","820","820","metadata_only","0","0","0","yes","yes","yes","yes","8","","",""
"M-653","3096.1","Mohenjo-daro","SEAL:S","Bull1:W","Steatite","Y","R/L","+679-740-235-002-861+","5","negative_002_y_prev_not_032","3","235","002","861","861","metadata_only","0","0","0","yes","yes","yes","yes","8","","",""
"M-655","3097.1","Mohenjo-daro","SEAL:S","Bull1","Steatite","Y","R/L","+740-717-233-002-220-880-689+","7","negative_002_y_prev_not_032","3","233","002","220","220","metadata_only","0","0","0","yes","yes","yes","yes","8","","",""
"M-678","3116.1","Mohenjo-daro","SEAL:S","Bull1:W","Steatite","Y","R/L","+740-752-006-503-236-806-002-031-502+","9","negative_002_y_prev_not_032","6","806","002","031","031","metadata_only","0","0","0","yes","yes","yes","yes","8","","",""
"M-699","3126.1","Mohenjo-daro","SEAL:S","Bull1:W","Steatite","Y","R/L","+740-100-415-002-130-035-171+","7","negative_002_y_prev_not_032","3","415","002","130","130","metadata_only","0","0","0","yes","yes","yes","yes","8","","",""
"M-706","3133.1","Mohenjo-daro","SEAL:S","Bull1:W","Steatite","Y","R/L","+740-773-240-002-861-031+","6","negative_002_y_prev_not_032","3","240","002","861","861","metadata_only","0","0","0","yes","yes","yes","yes","8","","",""
"M-708","3134.1","Mohenjo-daro","SEAL:S","Bull1:W","Steatite","Y","R/L","+740-061-002-390-140+","5","negative_002_y_prev_not_032","2","061","002","390","390","metadata_only","0","0","0","yes","yes","yes","yes","8","","",""
"M-713","3138.1","Mohenjo-daro","SEAL:S","Bull1","Steatite","Y","R/L","+226-803-717-002-764+","5","negative_002_y_prev_not_032","3","717","002","764","764","metadata_only","0","0","0","yes","yes","yes","yes","8","","",""
"M-717","3142.1","Mohenjo-daro","SEAL:S","Bull1:J","Steatite","Y","R/L","+740-142-061-002-861+","5","negative_002_y_prev_not_032","3","061","002","861","861","metadata_only","0","0","0","yes","yes","yes","yes","8","","",""
"M-72","2600.1","Mohenjo-daro","SEAL:S","Bull1:V","Steatite","Y","R/L","+740-255-705-140-003-002-861+","7","negative_002_y_prev_not_032","5","003","002","861","861","mayig_overlap_only","0","0","1","yes","yes","no","yes","8","","","corpus/m001_m099/m072.json"
"M-724","3148.1","Mohenjo-daro","SEAL:S","Bull1:J","-","Y","R/L","+390-721-790-002-861+","5","negative_002_y_prev_not_032","3","790","002","861","861","metadata_only","0","0","0","yes","yes","yes","yes","8","","",""
"M-727","3151.1","Mohenjo-daro","SEAL:S","Bull1:W","Steatite","Y","R/L","+740-100-415-002-820+","5","negative_002_y_prev_not_032","3","415","002","820","820","metadata_only","0","0","0","yes","yes","yes","yes","8","","",""
"M-739","3163.1","Mohenjo-daro","SEAL:S","Bull1:J","-","Y","R/L","+090-740-100-415-002-031-350-550-692+","9","negative_002_y_prev_not_032","4","415","002","031","031","metadata_only","0","0","0","yes","yes","yes","yes","8","","",""
"M-746","3169.1","Mohenjo-daro","SEAL:S","Bull1:I","Steatite","Y","R/L","+740-440-220-032-741-390-590-032+","8","negative_032_next_not_002","7","590","032","","","metadata_only","0","0","0","yes","yes","no","yes","8","","",""
"M-756","3179.1","Mohenjo-daro","SEAL:S","Bull1:W","Steatite","Y","R/L","+740-100-176-002-812-031+","6","negative_002_y_prev_not_032","3","176","002","812","812","metadata_only","0","0","0","yes","yes","yes","yes","8","","",""
"M-776","3190.1","Mohenjo-daro","SEAL:S","Bull1:J","Steatite","Y","R/L","+740-032-840-585-017-002-817+","7","negative_002_y_prev_not_032","5","017","002","817","817","metadata_only","0","0","0","yes","yes","yes","yes","8","","",""
"M-78","2605.1","Mohenjo-daro","SEAL:S","Bull1:S","Steatite","Y","R/L","+740-344-032-545+","4","negative_032_next_not_002","2","344","032","545","","mayig_overlap_only","0","0","1","yes","yes","no","no","8","","","corpus/m001_m099/m078.json"
"M-780","3194.1","Mohenjo-daro","SEAL:S","Bull1:W","Steatite","Y","R/L","+740-773-156-002-820+","5","negative_002_y_prev_not_032","3","156","002","820","820","metadata_only","0","0","0","yes","yes","yes","yes","8","","",""
"M-788","3202.1","Mohenjo-daro","SEAL:S","Bull1:J","-","Y","R/L","+740-482-235-002-824+","5","negative_002_y_prev_not_032","3","235","002","824","824","metadata_only","0","0","0","yes","yes","yes","yes","8","","",""
"M-793","3207.1","Mohenjo-daro","SEAL:S","Bull1:W","-","Y","R/L","+740-388-235-240-798-002-861+","7","negative_002_y_prev_not_032","5","798","002","861","861","metadata_only","0","0","0","yes","yes","yes","yes","8","","",""
"M-809","3222.1","Mohenjo-daro","SEAL:S","Bull1","Steatite","Y","R/L","+520-460-495-002-595-906+","6","negative_002_y_prev_not_032","3","495","002","595","595","metadata_only","0","0","0","yes","yes","yes","yes","8","","",""
"M-81","2608.1","Mohenjo-daro","SEAL:S","Bull1:S","Steatite","Y","R/L","+527-555-240-002-617-070+","6","negative_002_y_prev_not_032","3","240","002","617","617","mayig_overlap_only","0","0","1","yes","yes","no","yes","8","","","corpus/m001_m099/m081.json"
"M-811","3224.1","Mohenjo-daro","SEAL:S","Bull1:J","Steatite","Y","R/L","+226-032-803+","3","negative_032_next_not_002","1","226","032","803","","metadata_only","0","0","0","yes","yes","yes","no","8","","",""
"M-815","3228.1","Mohenjo-daro","SEAL:S","Bull1:W","Faience","Y","R/L","+520-070-233-798-002-861+","6","negative_002_y_prev_not_032","4","798","002","861","861","metadata_only","0","0","0","yes","yes","yes","yes","8","","",""
"M-819","3232.1","Mohenjo-daro","SEAL:S","Bull1:J","Steatite","Y","R/L","+520-233-240-803-002-817+","6","negative_002_y_prev_not_032","4","803","002","817","817","metadata_only","0","0","0","yes","yes","yes","yes","8","","",""
"M-82","2609.1","Mohenjo-daro","SEAL:S","Bull1:I","Steatite","Y","R/L","+740-222-002-207-550-390+","6","negative_002_y_prev_not_032","2","222","002","207","207","mayig_overlap_only","0","0","1","yes","yes","no","yes","8","","","corpus/m001_m099/m082.json"
"M-828","3240.1","Mohenjo-daro","SEAL:S","Bull1","Steatite","Y","R/L","+590-165-032-840+","4","negative_032_next_not_002","2","165","032","840","","metadata_only","0","0","0","yes","yes","yes","no","8","","",""
"M-833","3245.1","Mohenjo-daro","SEAL:S","Bull1:W","Steatite","Y","R/L","+527-550-740-240-002-808+","6","negative_002_y_prev_not_032","4","240","002","808","808","metadata_only","0","0","0","yes","yes","yes","yes","8","","",""
"M-834","3246.1","Mohenjo-daro","SEAL:S","Bull1:J","Faience","Y","R/L","+151-390-590-900-002-861+","6","negative_002_y_prev_not_032","4","900","002","861","861","metadata_only","0","0","0","yes","yes","yes","yes","8","","",""
"M-849","3261.1","Mohenjo-daro","SEAL:S","Bull1:J","Steatite","Y","R/L","+151-350-002-550-615+","5","negative_002_y_prev_not_032","2","350","002","550","550","metadata_only","0","0","0","yes","yes","yes","yes","8","","",""
"M-851","3263.1","Mohenjo-daro","SEAL:S","Bull1:W","Steatite","Y","R/L","+621-740-390-590-002-817+","6","negative_002_y_prev_not_032","4","590","002","817","817","metadata_only","0","0","0","yes","yes","yes","yes","8","","",""
"M-855","3267.1","Mohenjo-daro","SEAL:S","Bull1","Steatite","Y","R/L","+861-260-832-390-590-002-817-690-544+","9","negative_002_y_prev_not_032","5","590","002","817","817","metadata_only","0","0","0","yes","yes","yes","yes","8","","",""
"M-86","2613.1","Mohenjo-daro","SEAL:S","Bull1:S","Steatite","Y","R/L","+520-033-705-231-002-820-700+","7","negative_002_y_prev_not_032","4","231","002","820","820","mayig_overlap_only","0","0","1","yes","yes","no","yes","8","","","corpus/m001_m099/m086.json"
"M-868","3278.1","Mohenjo-daro","SEAL:S","Bull1:W","-","Y","R/L","+520-033-705-231-220-002-817+","7","negative_002_y_prev_not_032","5","220","002","817","817","metadata_only","0","0","0","yes","yes","yes","yes","8","","",""
"M-889","3295.1","Mohenjo-daro","SEAL:S","Bull1:I","Steatite","Y","R/L","+740-384-032-803-002-820+","6","negative_032_next_not_002","2","384","032","803","","metadata_only","0","0","0","yes","yes","no","yes","8","","",""
"M-897","3302.1","Mohenjo-daro","SEAL:S","Bull1","Steatite","Y","R/L","+527-550-235-002-817+","5","negative_002_y_prev_not_032","3","235","002","817","817","metadata_only","0","0","0","yes","yes","yes","yes","8","","",""
"M-900","3305.1","Mohenjo-daro","SEAL:S","Bull1","Steatite","Y","R/L","+740-390-590-233-220-415-798-838-002-820+","10","negative_002_y_prev_not_032","8","838","002","820","820","metadata_only","0","0","0","yes","yes","yes","yes","8","","",""
"M-92","2619.1","Mohenjo-daro","SEAL:S","Bull1:S","Steatite","Y","R/L","+740-798-460-350-002-814-084+","7","negative_002_y_prev_not_032","4","350","002","814","814","mayig_overlap_only","0","0","1","yes","yes","no","yes","8","","","corpus/m001_m099/m092.json"
"M-934","3329.1","Mohenjo-daro","SEAL:S","Bull1:W","Steatite","Y","R/L","+526-555-235-002-861+","5","negative_002_y_prev_not_032","3","235","002","861","861","metadata_only","0","0","0","yes","yes","yes","yes","8","","",""
"M-937","3332.1","Mohenjo-daro","SEAL:S","Bull1:J","Steatite","Y","R/L","+740-460-503-031-002-900-615+","7","negative_002_y_prev_not_032","4","031","002","900","900","metadata_only","0","0","0","yes","yes","yes","yes","8","","",""
"M-948","3343.1","Mohenjo-daro","SEAL:S","Bull1","Steatite","Y","R/L","+426-003-002-388-031+","5","negative_002_y_prev_not_032","2","003","002","388","388","metadata_only","0","0","0","yes","yes","yes","yes","8","","",""
"M-95","2622.1","Mohenjo-daro","SEAL:S","Bull1:S","Steatite","Y","R/L","+390-003-002-111-165+","5","negative_002_y_prev_not_032","2","003","002","111","111","mayig_overlap_only","0","0","1","yes","yes","no","yes","8","","","corpus/m001_m099/m095.json"
"M-957","3352.1","Mohenjo-daro","SEAL:S","Bull1","Steatite","Y","R/L","+740-760-705-002-577+","5","negative_002_y_prev_not_032","3","705","002","577","577","metadata_only","0","0","0","yes","yes","yes","yes","8","","",""
"M-958","3353.1","Mohenjo-daro","SEAL:S","Bull1:J","Steatite","Y","R/L","+740-772-240-002-900-003-590+","7","negative_002_y_prev_not_032","3","240","002","900","900","metadata_only","0","0","0","yes","yes","yes","yes","8","","",""
"M-965","3359.1","Mohenjo-daro","SEAL:S","Bull1:I","Steatite","Y","R/L","+740-390-590-032-741-527+","6","negative_032_next_not_002","3","590","032","741","","metadata_only","0","0","0","yes","yes","no","yes","8","","",""
"M-99","2626.1","Mohenjo-daro","SEAL:S","Bull1:S","Steatite","Y","R/L","+740-215-002-368-119+","5","negative_002_y_prev_not_032","2","215","002","368","368","mayig_overlap_only","0","0","1","yes","yes","no","yes","8","","","corpus/m001_m099/m099.json"
"C-66","61.1","Chanhu-daro","SEAL:S","Bull1:W","Steatite","Y","R/L","+390-003-002-817+","4","negative_002_y_prev_not_032","2","003","002","817","817","metadata_only","0","0","0","yes","yes","yes","no","7","","",""
"C-67","87.1","Chanhu-daro","SEAL:S","Bull1:S","Steatite","Y","R/L","+520-233-803-002-817+","5","negative_002_y_prev_not_032","3","803","002","817","817","metadata_only","0","0","0","yes","yes","no","yes","7","","",""
"H-1045","246.1","Harappa","SEAL:S","Bull1:U","Steatite","Y","R/L","+740-900-005-002-820+","5","negative_002_y_prev_not_032","3","005","002","820","820","metadata_only","0","0","0","yes","yes","no","yes","7","","",""
"H-1049","3926.1","Harappa","SEAL:S","Bull1:W","-","Y","R/L","+405-004-002-933+","4","negative_002_y_prev_not_032","2","004","002","933","933","metadata_only","0","0","0","yes","yes","yes","no","7","","",""
"H-1050","1060.1","Harappa","SEAL:S","Bull1:W","Steatite","Y","R/L","+804-235-002-817+","4","negative_002_y_prev_not_032","2","235","002","817","817","metadata_only","0","0","0","yes","yes","yes","no","7","","",""
"H-1051","259.1","Harappa","SEAL:S","Bull1:I","Steatite","Y","R/L","+400-740-575-017-920-320-798-002-861+","9","negative_002_y_prev_not_032","7","798","002","861","861","metadata_only","0","0","0","yes","yes","no","yes","7","","",""
"H-1084","3950.1","Harappa","POT:T:s","None","Clay","Y","R/L","+220-032+","2","negative_220_032_next_not_002","1","220","032","","","metadata_only","0","0","0","yes","no","yes","no","7","","",""
"H-130","1171.1","Harappa","SEAL:R","None","-","Y","R/L","+409-032-845-033-705-231-806-002-595-812-125-717+","12","negative_002_y_prev_not_032","7","806","002","595","595","metadata_only","0","0","0","yes","yes","yes","no","7","","",""
"H-1312","229.1","Harappa","TAB:I","None","Steatite","Y","R/L","+740-031-904-001-032+","5","negative_032_next_not_002","4","001","032","","","metadata_only","0","0","0","yes","no","yes","yes","7","","",""
"H-164","1204.1","Harappa","SEAL:R","None","Steatite","Y","R/L","+161-097-002-817+","4","negative_002_y_prev_not_032","2","097","002","817","817","metadata_only","0","0","0","yes","yes","yes","no","7","","",""
"H-1667","943.1","Harappa","SEAL:S","Bull1:W","Steatite","Y","R/L","+740-540-002-817+","4","negative_002_y_prev_not_032","2","540","002","817","817","metadata_only","0","0","0","yes","yes","yes","no","7","","",""
"H-1671","513.1","Harappa","SEAL:S","Bull1:S","-","Y","R/L","+740-061-002-455-420-032+","6","negative_002_y_prev_not_032","2","061","002","455","455","metadata_only","0","0","0","yes","yes","no","yes","7","","",""
"H-1680","634.1","Harappa","SEAL:S","Bull1:W","Steatite","Y","R/L","+390-003-002-820+","4","negative_002_y_prev_not_032","2","003","002","820","820","metadata_only","0","0","0","yes","yes","yes","no","7","","",""
"H-1827","463.1","Harappa","TAB:B","None","Faience","Y","R/L","+700-032-690-368-817+","5","negative_032_next_not_002","1","700","032","690","","metadata_only","0","0","0","yes","no","yes","yes","7","","",""
"H-2016","370.2","Harappa","TAB:B","None","Clay","Y","R/L","+700-032-740-335-575-413+","6","negative_032_next_not_002","1","700","032","740","","metadata_only","0","0","0","yes","no","yes","yes","7","","",""
"H-2192","405.2","Harappa","TAB:I","None","Steatite","Y","R/L","+740-630-240-031-032-171+","6","negative_032_next_not_002","4","031","032","171","","metadata_only","0","0","0","yes","no","yes","yes","7","","",""
"H-240","1265.1","Harappa","TAG:P","None","Clay","Y","R/L","+740-904-032-233-803+","5","negative_032_next_not_002","2","904","032","233","","metadata_only","0","0","0","yes","no","yes","yes","7","","",""
"H-295","1317.1","Harappa","SEAL:S","Bult","Steatite","Y","R/L","+511-032+","2","negative_032_next_not_002","1","511","032","","","metadata_only","0","0","0","yes","yes","no","no","7","","",""
"H-301","1323.2","Harappa","TAB:I","None","Steatite","Y","R/L","+400-740-636-240-031-032-171+","7","negative_032_next_not_002","5","031","032","171","","metadata_only","0","0","0","yes","no","yes","yes","7","","",""
"H-405","1410.1","Harappa","SEAL:S","Bull1:W","-","Y","R/L","+236-806-002-863+","4","negative_002_y_prev_not_032","2","806","002","863","863","metadata_only","0","0","0","yes","yes","yes","no","7","","",""
"H-407","1412.1","Harappa","SEAL:S","Bull1:W","Steatite","Y","R/L","+390-003-002-817+","4","negative_002_y_prev_not_032","2","003","002","817","817","metadata_only","0","0","0","yes","yes","yes","no","7","","",""
"H-410","1414.1","Harappa","SEAL:S","Bull1:L","Steatite","Y","R/L","+368-840-830-002-861+","5","negative_002_y_prev_not_032","3","830","002","861","861","metadata_only","0","0","0","yes","yes","no","yes","7","","",""
"H-456","1446.1","Harappa","SEAL:S","Bull1:I","Steatite","Y","R/L","+520-033-706-002-817-808+","6","negative_002_y_prev_not_032","3","706","002","817","817","metadata_only","0","0","0","yes","yes","no","yes","7","","",""
"H-459","1449.1","Harappa","SEAL:S","Bull1:T","Steatite","Y","R/L","+527-555-231-002-817+","5","negative_002_y_prev_not_032","3","231","002","817","817","metadata_only","0","0","0","yes","yes","no","yes","7","","",""
"H-506","1484.1","Harappa","SEAL:S","Bull1:I","Steatite","Y","R/L","+294-350-595-820-002-820+","6","negative_002_y_prev_not_032","4","820","002","820","820","metadata_only","0","0","0","yes","yes","no","yes","7","","",""
"H-55","1114.1","Harappa","SEAL:S","Bull1:X","Steatite","Y","R/L","+390-004-002-861-125+","5","negative_002_y_prev_not_032","2","004","002","861","861","metadata_only","0","0","0","yes","yes","no","yes","7","","",""
"H-586","1533.1","Harappa","SEAL:S","Zebu","Steatite","Y","R/L","+740-877-032+","3","negative_032_next_not_002","2","877","032","","","metadata_only","0","0","0","yes","yes","no","no","7","","",""
"H-612","1552.1","Harappa","SEAL:S","Bull1:L","Steatite","Y","R/L","+740-615-495-002-825+","5","negative_002_y_prev_not_032","3","495","002","825","825","metadata_only","0","0","0","yes","yes","no","yes","7","","",""
"H-65","1124.1","Harappa","SEAL:S","Bull1:U","Steatite","Y","R/L","+740-032-028+","3","negative_032_next_not_002","1","740","032","028","","metadata_only","0","0","0","yes","yes","no","no","7","","",""
"H-68","1127.1","Harappa","SEAL:S","Bull1:I","Steatite","Y","R/L","+090-740-220-003-002-390-072+","7","negative_002_y_prev_not_032","4","003","002","390","390","metadata_only","0","0","0","yes","yes","no","yes","7","","",""
"H-74","1132.1","Harappa","SEAL:S","Bull1:J","Steatite","Y","R/L","+002-610-125-032+","4","negative_002_y_prev_not_032","0","","002","610","610","metadata_only","0","0","0","yes","yes","yes","no","7","","",""
"H-776","1667.1","Harappa","TAB:B","None","Faience","Y","R/L","+740-803-741-031-032-716+","6","negative_032_next_not_002","4","031","032","716","","metadata_only","0","0","0","yes","no","yes","yes","7","","",""
"H-811","1700.2","Harappa","TAB:B","None","Faience","Y","R/L","+700-032-740-335-575-413+","6","negative_032_next_not_002","1","700","032","740","","metadata_only","0","0","0","yes","no","yes","yes","7","","",""
"H-82","1139.1","Harappa","SEAL:S","Gaur","Steatite","Y","R/L","+390-017-002-220-455-741+","6","negative_002_y_prev_not_032","2","017","002","220","220","metadata_only","0","0","0","yes","yes","no","yes","7","","",""
"H-88","1144.1","Harappa","SEAL:S","Rhin","Steatite","Y","R/L","+740-032-840-820+","4","negative_032_next_not_002","1","740","032","840","","metadata_only","0","0","0","yes","yes","no","no","7","","",""
"H-905","1787.2","Harappa","TAB:I","None","Steatite","Y","R/L","+400-740-636-240-031-032-171+","7","negative_032_next_not_002","5","031","032","171","","metadata_only","0","0","0","yes","no","yes","yes","7","","",""
"H-92","1148.1","Harappa","SEAL:S","Elep","Steatite","Y","R/L","+156-176-518-220-416-002-615+","7","negative_002_y_prev_not_032","5","416","002","615","615","metadata_only","0","0","0","yes","yes","no","yes","7","","",""
"H-950","1830.1","Harappa","TAB:I","None","Steatite","Y","R/L","+710-455-220-032+","4","negative_220_032_next_not_002","3","220","032","","","metadata_only","0","0","0","yes","no","yes","no","7","","",""
"L-87","2041.1","Lothal","SEAL:R","None","Steatite","Y","R/L","+740-032-840-233-220-032-060-825-002+","9","negative_032_next_not_002","1","740","032","840","","metadata_only","0","0","0","no","yes","yes","yes","7","","",""
"M-1085","3459.1","Mohenjo-daro","SEAL:S","Gaur","Steatite","Y","R/L","+740-100-415-798-460-350-002-817+","8","negative_002_y_prev_not_032","6","350","002","817","817","metadata_only","0","0","0","yes","yes","no","yes","7","","",""
"M-1089","3463.1","Mohenjo-daro","SEAL:S","Gaur","Steatite","Y","R/L","+151-390-590-002-374-840+","6","negative_002_y_prev_not_032","3","590","002","374","374","metadata_only","0","0","0","yes","yes","no","yes","7","","",""
"M-1110","3481.1","Mohenjo-daro","SEAL:S","Zebu","Steatite","Y","R/L","+740-615-104-002-817+","5","negative_002_y_prev_not_032","3","104","002","817","817","metadata_only","0","0","0","yes","yes","no","yes","7","","",""
"M-1114","3485.1","Mohenjo-daro","SEAL:S","Zebu","Steatite","Y","R/L","+740-140-002-741-060-920+","6","negative_002_y_prev_not_032","2","140","002","741","741","metadata_only","0","0","0","yes","yes","no","yes","7","","",""
"M-1115","3486.1","Mohenjo-daro","SEAL:S","Zebu","Steatite","Y","R/L","+740-335-233-002-861+","5","negative_002_y_prev_not_032","3","233","002","861","861","metadata_only","0","0","0","yes","yes","no","yes","7","","",""
"M-1119","3490.1","Mohenjo-daro","SEAL:S","Zebu","Steatite","Y","R/L","+740-803-002-820-741+","5","negative_002_y_prev_not_032","2","803","002","820","820","metadata_only","0","0","0","yes","yes","no","yes","7","","",""
"M-1135","3502.1","Mohenjo-daro","SEAL:S","Rhin","Steatite","Y","R/L","+740-061-002-400-703+","5","negative_002_y_prev_not_032","2","061","002","400","400","metadata_only","0","0","0","yes","yes","no","yes","7","","",""
"M-1137","3504.1","Mohenjo-daro","SEAL:S","None","Steatite","Y","R/L","+740-904-002-820+","4","negative_002_y_prev_not_032","2","904","002","820","820","metadata_only","0","0","0","yes","yes","yes","no","7","","",""
"M-1138","3505.1","Mohenjo-daro","SEAL:S","Rhin","Steatite","Y","R/L","+740-585-017-002-820+","5","negative_002_y_prev_not_032","3","017","002","820","820","metadata_only","0","0","0","yes","yes","no","yes","7","","",""
"M-1139","3506.1","Mohenjo-daro","SEAL:S","Rhin","Steatite","Y","R/L","+740-416-621-002-820+","5","negative_002_y_prev_not_032","3","621","002","820","820","metadata_only","0","0","0","yes","yes","no","yes","7","","",""
"M-1150","3511.1","Mohenjo-daro","SEAL:S","Elep","Steatite","Y","R/L","+621-520-231-240-002-456+","6","negative_002_y_prev_not_032","4","240","002","456","456","metadata_only","0","0","0","yes","yes","no","yes","7","","",""
"M-1152","3513.1","Mohenjo-daro","SEAL:S","Elep","Steatite","Y","R/L","+740-032-840-235-002-861+","6","negative_002_y_prev_not_032","4","235","002","861","861","metadata_only","0","0","0","yes","yes","no","yes","7","","",""
"M-1155","3516.1","Mohenjo-daro","SEAL:S","Elep","Steatite","Y","R/L","+740-760-335-002-033-705+","6","negative_002_y_prev_not_032","3","335","002","033","033","metadata_only","0","0","0","yes","yes","no","yes","7","","",""
"M-1161","3521.1","Mohenjo-daro","SEAL:S","Elep","Steatite","Y","R/L","+520-233-031-002-861+","5","negative_002_y_prev_not_032","3","031","002","861","861","metadata_only","0","0","0","yes","yes","no","yes","7","","",""
"M-1166","3526.1","Mohenjo-daro","SEAL:S","Tigr","Steatite","Y","R/L","+740-923-240-002-817+","5","negative_002_y_prev_not_032","3","240","002","817","817","metadata_only","0","0","0","yes","yes","no","yes","7","","",""
"M-1226","3561.1","Mohenjo-daro","SEAL:S","Gaur","Steatite","Y","R/L","+520-033-705-235-233-002-817+","7","negative_002_y_prev_not_032","5","233","002","817","817","metadata_only","0","0","0","yes","yes","no","yes","7","","",""
"M-1555","3791.1","Mohenjo-daro","TAB:C","None","Copper","Y","R/L","+407-032-520-095-585-017-231+","7","negative_032_next_not_002","1","407","032","520","","metadata_only","0","0","0","yes","no","yes","yes","7","","",""
"M-1556","3792.1","Mohenjo-daro","TAB:C","None","Copper","Y","R/L","+407-032-520-095-585-017-231+","7","negative_032_next_not_002","1","407","032","520","","metadata_only","0","0","0","yes","no","yes","yes","7","","",""
"M-1557","3793.1","Mohenjo-daro","TAB:C","None","Copper","Y","R/L","+407-032-520-095-585-017-231+","7","negative_032_next_not_002","1","407","032","520","","metadata_only","0","0","0","yes","no","yes","yes","7","","",""
"M-1558","3794.1","Mohenjo-daro","TAB:C","None","Copper","Y","R/L","+407-032-520-095-585-017-231+","7","negative_032_next_not_002","1","407","032","520","","metadata_only","0","0","0","yes","no","yes","yes","7","","",""
"M-1629","3823.1","Mohenjo-daro","BNGL","None","Stoneware","Y","R/L","+705-032-595-090-175+","5","negative_032_next_not_002","1","705","032","595","","metadata_only","0","0","0","yes","no","yes","yes","7","","",""
"M-1668","2270.1","Mohenjo-daro","SEAL:S","Bull1:S","Steatite","Y","R/L","+740-773-233-803-002-320-705-125+","8","negative_002_y_prev_not_032","4","803","002","320","320","metadata_only","0","0","0","yes","yes","no","yes","7","","",""
"M-1670","3908.1","Mohenjo-daro","SEAL:S","Bull1:II","-","Y","R/L","+740-760-001-233-002-861+","6","negative_002_y_prev_not_032","4","233","002","861","861","metadata_only","0","0","0","yes","yes","no","yes","7","","",""
"M-1676","2224.1","Mohenjo-daro","SEAL:S","Bull1:S","Steatite","Y","R/L","+740-760-070-255-832-240-002-595-504-803+","10","negative_002_y_prev_not_032","6","240","002","595","595","metadata_only","0","0","0","yes","yes","no","yes","7","","",""
"M-1692","2226.1","Mohenjo-daro","SEAL:S","Bull1:L","Steatite","Y","R/L","+390-600-617-002-190-125-632-032+","8","negative_002_y_prev_not_032","3","617","002","190","190","metadata_only","0","0","0","yes","yes","no","yes","7","","",""
"M-1696","2178.1","Mohenjo-daro","SEAL:S","Bull1:II","Steatite","Y","R/L","+520-033-705-220-415-002-861+","7","negative_002_y_prev_not_032","5","415","002","861","861","metadata_only","0","0","0","yes","yes","no","yes","7","","",""
"M-1697","2228.1","Mohenjo-daro","SEAL:S","Bull1:W","Steatite","Y","R/L","+390-003-002-861+","4","negative_002_y_prev_not_032","2","003","002","861","861","metadata_only","0","0","0","yes","yes","yes","no","7","","",""
"M-1706","2292.1","Mohenjo-daro","SEAL:S","Bull1:I","Steatite","Y","R/L","+740-803-220-032-220-002-820+","7","negative_002_y_prev_not_032","5","220","002","820","820","metadata_only","0","0","0","yes","yes","no","yes","7","","",""
"M-1708","2299.1","Mohenjo-daro","SEAL:S","Bull1:I","Steatite","Y","R/L","+740-585-017-002-817+","5","negative_002_y_prev_not_032","3","017","002","817","817","metadata_only","0","0","0","yes","yes","no","yes","7","","",""
"M-1709","2268.1","Mohenjo-daro","SEAL:S","Bull1:S","Steatite","Y","R/L","+621-520-220-002-817+","5","negative_002_y_prev_not_032","3","220","002","817","817","metadata_only","0","0","0","yes","yes","no","yes","7","","",""
"M-1721","2261.1","Mohenjo-daro","SEAL:S","Bull1:W","Steatite","Y","R/L","+740-042-002-820+","4","negative_002_y_prev_not_032","2","042","002","820","820","metadata_only","0","0","0","yes","yes","yes","no","7","","",""
"M-1729","2386.1","Mohenjo-daro","SEAL:S","Bull1:W","Faience","Y","R/L","+390-003-002-820+","4","negative_002_y_prev_not_032","2","003","002","820","820","metadata_only","0","0","0","yes","yes","yes","no","7","","",""
"M-1745","2393.1","Mohenjo-daro","SEAL:S","Bull1:L","Steatite","Y","R/L","+368-821-055-031-002-031-892+","7","negative_002_y_prev_not_032","4","031","002","031","031","metadata_only","0","0","0","yes","yes","no","yes","7","","",""
"M-1746","2283.1","Mohenjo-daro","SEAL:S","Bull1:S","Steatite","Y","R/L","+090-740-100-415-240-002-817+","7","negative_002_y_prev_not_032","5","240","002","817","817","metadata_only","0","0","0","yes","yes","no","yes","7","","",""
"M-1750","2450.1","Mohenjo-daro","SEAL:S","Bull1:W","Steatite","Y","R/L","+390-004-002-861+","4","negative_002_y_prev_not_032","2","004","002","861","861","metadata_only","0","0","0","yes","yes","yes","no","7","","",""
"M-1752","2457.1","Mohenjo-daro","SEAL:S","Bull1:S","Steatite","Y","R/L","+740-760-019-002-817+","5","negative_002_y_prev_not_032","3","019","002","817","817","metadata_only","0","0","0","yes","yes","no","yes","7","","",""
"M-1753","2256.1","Mohenjo-daro","SEAL:S","Bull1:L","Steatite","Y","R/L","+740-760-519-240-002-861+","6","negative_002_y_prev_not_032","4","240","002","861","861","metadata_only","0","0","0","yes","yes","no","yes","7","","",""
"M-1759","2375.1","Mohenjo-daro","SEAL:S","Bull1:S","Steatite","Y","R/L","+740-032-840-002-768+","5","negative_002_y_prev_not_032","3","840","002","768","768","metadata_only","0","0","0","yes","yes","no","yes","7","","",""
"M-177","2702.1","Mohenjo-daro","SEAL:S","Bull1:S","Steatite","Y","R/L","+390-003-002-803+","4","negative_002_y_prev_not_032","2","003","002","803","803","mayig_overlap_only","0","0","1","yes","yes","no","no","7","","","corpus/m100_m199/m177.json"
"M-1772","2297.1","Mohenjo-daro","SEAL:S","Bull1:I","Steatite","Y","R/L","+740-400-142-061-002-798-435-255-705+","9","negative_002_y_prev_not_032","4","061","002","798","798","metadata_only","0","0","0","yes","yes","no","yes","7","","",""
"M-1789","2366.1","Mohenjo-daro","SEAL:S","Bull1:I","Faience","Y","R/L","+740-455-002-368-260+","5","negative_002_y_prev_not_032","2","455","002","368","368","metadata_only","0","0","0","yes","yes","no","yes","7","","",""
"M-1793","2349.1","Mohenjo-daro","SEAL:S","Bull1:L","Steatite","Y","R/L","+226-032-060-891+","4","negative_032_next_not_002","1","226","032","060","","metadata_only","0","0","0","yes","yes","no","no","7","","",""
"M-1823","3991.1","Mohenjo-daro","SEAL:S","Bull1:S","-","Y","R/L","+390-004-002-031-376+","5","negative_002_y_prev_not_032","2","004","002","031","031","metadata_only","0","0","0","yes","yes","no","yes","7","","",""
"M-1848","2267.1","Mohenjo-daro","SEAL:S","Bull1:U","Steatite","Y","R/L","+032-029+","2","negative_032_next_not_002","0","","032","029","","metadata_only","0","0","0","yes","yes","no","no","7","","",""
"M-1853","2461.1","Mohenjo-daro","SEAL:S","Bull1:I","Steatite","Y","R/L","+032-820-140-005+","4","negative_032_next_not_002","0","","032","820","","metadata_only","0","0","0","yes","yes","no","no","7","","",""
"M-1883","2398.1","Mohenjo-daro","SEAL:S","Gaur","Steatite","Y","R/L","+090-740-035-171-061-031-002-069+","8","negative_002_y_prev_not_032","6","031","002","069","069","metadata_only","0","0","0","yes","yes","no","yes","7","","",""
"M-1894","4001.1","Mohenjo-daro","SEAL:S","Zebu","-","Y","R/L","+740-440-233-002-413-368-031+","7","negative_002_y_prev_not_032","3","233","002","413","413","metadata_only","0","0","0","yes","yes","no","yes","7","","",""
"M-1907","2482.1","Mohenjo-daro","SEAL:S","Rhin","Steatite","Y","R/L","+390-005-002-455-511+","5","negative_002_y_prev_not_032","2","005","002","455","455","metadata_only","0","0","0","yes","yes","no","yes","7","","",""
"M-1909","4002.1","Mohenjo-daro","SEAL:S","Rhin","-","Y","R/L","+368-005-002-590-455+","5","negative_002_y_prev_not_032","2","005","002","590","590","metadata_only","0","0","0","yes","yes","no","yes","7","","",""
"M-1911","2409.1","Mohenjo-daro","SEAL:S","Rhin","Steatite","Y","R/L","+621-390-531-002-820+","5","negative_002_y_prev_not_032","3","531","002","820","820","metadata_only","0","0","0","yes","yes","no","yes","7","","",""
"M-1916","2232.1","Mohenjo-daro","SEAL:S","Tigr","Steatite","Y","R/L","+740-604-142-002-518+","5","negative_002_y_prev_not_032","3","142","002","518","518","metadata_only","0","0","0","yes","yes","no","yes","7","","",""
"M-1954","2422.1","Mohenjo-daro","SEAL:R","None","Steatite","Y","R/L","+740-407-590-031-752-033-705-220-415-798-002-861+","12","negative_002_y_prev_not_032","10","798","002","861","861","metadata_only","0","0","0","yes","yes","yes","no","7","","",""
"M-1976","2204.1","Mohenjo-daro","SEAL:R","None","Steatite","Y","R/L","+617-142-002-817+","4","negative_002_y_prev_not_032","2","142","002","817","817","metadata_only","0","0","0","yes","yes","yes","no","7","","",""
"M-199","2724.1","Mohenjo-daro","SEAL:S","Bull1:S","Steatite","Y","R/L","+090-740-100-415-240-002-861+","7","negative_002_y_prev_not_032","5","240","002","861","861","metadata_only","0","0","0","yes","yes","no","yes","7","","",""
"M-200","2725.1","Mohenjo-daro","SEAL:S","Bull1:J","Steatite","Y","R/L","+740-222-002-820+","4","negative_002_y_prev_not_032","2","222","002","820","820","metadata_only","0","0","0","yes","yes","yes","no","7","","",""
"M-2053","2284.2","Mohenjo-daro","TAB:C","None","Copper","Y","R/L","+407-032-520-095-585-017-220+","7","negative_032_next_not_002","1","407","032","520","","metadata_only","0","0","0","yes","no","yes","yes","7","","",""
"M-211","2735.1","Mohenjo-daro","SEAL:S","Bull1:S","Steatite","Y","R/L","+090-740-100-220-002-031-165+","7","negative_002_y_prev_not_032","4","220","002","031","031","metadata_only","0","0","0","yes","yes","no","yes","7","","",""
"M-239","2762.1","Mohenjo-daro","SEAL:S","Gaur","Steatite","Y","R/L","+740-760-921-235-002-112+","6","negative_002_y_prev_not_032","4","235","002","112","112","metadata_only","0","0","0","yes","yes","no","yes","7","","",""
"M-242","2765.1","Mohenjo-daro","SEAL:S","Gaur","Steatite","Y","R/L","+740-721-002-301-350+","5","negative_002_y_prev_not_032","2","721","002","301","301","metadata_only","0","0","0","yes","yes","no","yes","7","","",""
"M-245","2768.1","Mohenjo-daro","SEAL:S","Gaur","Steatite","Y","R/L","+740-760-070-921-460-503-002-817+","8","negative_002_y_prev_not_032","6","503","002","817","817","metadata_only","0","0","0","yes","yes","no","yes","7","","",""
"M-246","2769.1","Mohenjo-daro","SEAL:S","Gaur","Steatite","Y","R/L","+740-503-235-233-002-817+","6","negative_002_y_prev_not_032","4","233","002","817","817","metadata_only","0","0","0","yes","yes","no","yes","7","","",""
"M-248","2771.1","Mohenjo-daro","SEAL:S","Gaur","Steatite","Y","R/L","+740-100-415-002-705-590+","6","negative_002_y_prev_not_032","3","415","002","705","705","metadata_only","0","0","0","yes","yes","no","yes","7","","",""
"M-251","2774.1","Mohenjo-daro","SEAL:S","Gaur","Steatite","Y","R/L","+390-003-002-125-350+","5","negative_002_y_prev_not_032","2","003","002","125","125","metadata_only","0","0","0","yes","yes","no","yes","7","","",""
"M-253","2776.1","Mohenjo-daro","SEAL:S","Gaur","Steatite","Y","R/L","+527-550-803-002-368-518+","6","negative_002_y_prev_not_032","3","803","002","368","368","metadata_only","0","0","0","yes","yes","no","yes","7","","",""
"M-260","2783.1","Mohenjo-daro","SEAL:S","Zebu","Faience","Y","R/L","+090-740-220-014-002-820+","6","negative_002_y_prev_not_032","4","014","002","820","820","metadata_only","0","0","0","yes","yes","no","yes","7","","",""
"M-267","2790.1","Mohenjo-daro","SEAL:S","Buff","Steatite","Y","R/L","+740-630-155-002-679+","5","negative_002_y_prev_not_032","3","155","002","679","679","metadata_only","0","0","0","yes","yes","no","yes","7","","",""
"M-278","2799.1","Mohenjo-daro","SEAL:S","Elep","Steatite","Y","R/L","+621-390-004-002-817+","5","negative_002_y_prev_not_032","3","004","002","817","817","metadata_only","0","0","0","yes","yes","no","yes","7","","",""
"M-280","2801.1","Mohenjo-daro","SEAL:S","Elep","Steatite","Y","R/L","+740-482-240-002-944-920-140+","7","negative_002_y_prev_not_032","3","240","002","944","944","metadata_only","0","0","0","yes","yes","no","yes","7","","",""
"M-285","2806.1","Mohenjo-daro","SEAL:S","Elep","Steatite","Y","R/L","+504-350-240-002-861+","5","negative_002_y_prev_not_032","3","240","002","861","861","metadata_only","0","0","0","yes","yes","no","yes","7","","",""
"M-289","2809.1","Mohenjo-daro","SEAL:S","Tigr","Steatite","Y","R/L","+740-176-240-002-817+","5","negative_002_y_prev_not_032","3","240","002","817","817","metadata_only","0","0","0","yes","yes","no","yes","7","","",""
"M-308","2827.1","Mohenjo-daro","SEAL:S","T-M-T","Steatite","Y","R/L","+520-220-002-727-317+","5","negative_002_y_prev_not_032","2","220","002","727","727","metadata_only","0","0","0","yes","yes","no","yes","7","","",""
"M-309","2828.1","Mohenjo-daro","SEAL:S","T-A-T","Steatite","Y","R/L","+224-740-061-002-824+","5","negative_002_y_prev_not_032","3","061","002","824","824","metadata_only","0","0","0","yes","yes","no","yes","7","","",""
"M-318","2836.2","Mohenjo-daro","SEAL:S","Zebu","Steatite","Y","R/L","+390-003-002-031-575+","5","negative_002_y_prev_not_032","2","003","002","031","031","metadata_only","0","0","0","yes","yes","no","yes","7","","",""
"M-325","2843.1","Mohenjo-daro","SEAL:S","Bull1:L","Steatite","Y","R/L","+241-803-002-850-493+","5","negative_002_y_prev_not_032","2","803","002","850","850","metadata_only","0","0","0","yes","yes","no","yes","7","","",""
"M-325","2843.2","Mohenjo-daro","SEAL:S","Bull1:L","Steatite","Y","R/L","+241-803-002-850-491+","5","negative_002_y_prev_not_032","2","803","002","850","850","metadata_only","0","0","0","yes","yes","no","yes","7","","",""
"M-327","2845.1","Mohenjo-daro","SEAL:S","Bull1:J","Steatite","Y","R/L","+740-519-002-861+","4","negative_002_y_prev_not_032","2","519","002","861","861","metadata_only","0","0","0","yes","yes","yes","no","7","","",""
"M-329","2847.1","Mohenjo-daro","SEAL:S","None","Steatite","Y","R/L","+002-861-698+","3","negative_002_y_prev_not_032","0","","002","861","861","metadata_only","0","0","0","yes","yes","yes","no","7","","",""
"M-330","2848.1","Mohenjo-daro","SEAL:S","None","Steatite","Y","R/L","+002-861-698+","3","negative_002_y_prev_not_032","0","","002","861","861","metadata_only","0","0","0","yes","yes","yes","no","7","","",""
"M-355","2851.1","Mohenjo-daro","SEAL:R","None","Steatite","Y","R/L","+740-877-032-033-705-231-235-002-861-360-520-919-140+","13","negative_002_y_prev_not_032","7","235","002","861","861","metadata_only","0","0","0","yes","yes","yes","no","7","","",""
"M-359","2855.1","Mohenjo-daro","SEAL:R","None","Steatite","Y","R/L","+740-405-590-220-235-803-002-388-385-705-632+","11","negative_002_y_prev_not_032","6","803","002","388","388","metadata_only","0","0","0","yes","yes","yes","no","7","","",""
"M-364","2860.1","Mohenjo-daro","SEAL:R","None","Steatite","Y","R/L","+740-354-002-817+","4","negative_002_y_prev_not_032","2","354","002","817","817","metadata_only","0","0","0","yes","yes","yes","no","7","","",""
"M-385","2881.1","Mohenjo-daro","SEAL:R","None","Steatite","Y","R/L","+407-004-002-820+","4","negative_002_y_prev_not_032","2","004","002","820","820","metadata_only","0","0","0","yes","yes","yes","no","7","","",""
"M-408","2904.1","Mohenjo-daro","SEAL:R","None","Steatite","Y","R/L","+407-061-002-817+","4","negative_002_y_prev_not_032","2","061","002","817","817","metadata_only","0","0","0","yes","yes","yes","no","7","","",""
"M-494","2975.2","Mohenjo-daro","TAB:B","None","Clay","Y","R/L","+032-840-221-150-741-070-255+","7","negative_032_next_not_002","0","","032","840","","metadata_only","0","0","0","yes","no","yes","yes","7","","",""
"M-494","2975.3","Mohenjo-daro","TAB:B","None","Clay","Y","R/L","+921-100-415-904-017-032-820-740-904-741+","10","negative_032_next_not_002","5","017","032","820","","metadata_only","0","0","0","yes","no","yes","yes","7","","",""
"M-495","2976.2","Mohenjo-daro","TAB:B","None","Clay","Y","R/L","+032-840-267-150-741-070+","6","negative_032_next_not_002","0","","032","840","","metadata_only","0","0","0","yes","no","yes","yes","7","","",""
"M-495","2976.3","Mohenjo-daro","TAB:B","None","Clay","Y","R/L","+740-100-415-904-017-032-820-740-904-741+","10","negative_032_next_not_002","5","017","032","820","","metadata_only","0","0","0","yes","no","yes","yes","7","","",""
"M-511","2987.2","Mohenjo-daro","TAB:C","None","Copper","Y","R/L","+740-176-220-032+","4","negative_220_032_next_not_002","3","220","032","","","metadata_only","0","0","0","yes","no","yes","no","7","","",""
"M-512","2988.2","Mohenjo-daro","TAB:C","None","Copper","Y","R/L","+740-176-220-032+","4","negative_220_032_next_not_002","3","220","032","","","metadata_only","0","0","0","yes","no","yes","no","7","","",""
"M-599","3061.2","Mohenjo-daro","TAB:C","None","Copper","Y","L/R","+408-032-520-095-585-017-220+","7","negative_032_next_not_002","1","408","032","520","","metadata_only","0","0","0","yes","no","yes","yes","7","","",""
"M-623","3074.1","Mohenjo-daro","SEAL:S","Bull1:W","-","Y","R/L","+740-760-175-176-220-415-798-002-299-530-820+","11","negative_002_y_prev_not_032","7","798","002","299","299","metadata_only","0","0","0","yes","yes","yes","no","7","","",""
"M-677","3115.1","Mohenjo-daro","SEAL:S","Bull1:L","-","Y","R/L","+740-923-070-032-033-706-231-242-002-861-901+","11","negative_032_next_not_002","3","070","032","033","","metadata_only","0","0","0","yes","yes","no","no","7","","",""
"M-712","3137.1","Mohenjo-daro","SEAL:S","Bull1:W","Steatite","Y","R/L","+390-003-002-861+","4","negative_002_y_prev_not_032","2","003","002","861","861","metadata_only","0","0","0","yes","yes","yes","no","7","","",""
"M-726","3150.1","Mohenjo-daro","SEAL:S","Bull1:T","-","Y","R/L","+031-850-140-236-220-032-803-002-820+","9","negative_002_y_prev_not_032","7","803","002","820","820","metadata_only","0","0","0","yes","yes","no","yes","7","","",""
"M-728","3152.1","Mohenjo-daro","SEAL:S","Bull1:V","Steatite","Y","R/L","+740-575-017-002-820+","5","negative_002_y_prev_not_032","3","017","002","820","820","metadata_only","0","0","0","yes","yes","no","yes","7","","",""
"M-732","3156.1","Mohenjo-daro","SEAL:S","Bull1:V","Steatite","Y","R/L","+520-400-350-002-817+","5","negative_002_y_prev_not_032","3","350","002","817","817","metadata_only","0","0","0","yes","yes","no","yes","7","","",""
"M-735","3159.1","Mohenjo-daro","SEAL:S","Bull1:U","Steatite","Y","R/L","+740-760-235-002-390-125-195+","7","negative_002_y_prev_not_032","3","235","002","390","390","metadata_only","0","0","0","yes","yes","no","yes","7","","",""
"M-781","3195.1","Mohenjo-daro","SEAL:S","Bull1:S","Steatite","Y","R/L","+520-033-706-002-861+","5","negative_002_y_prev_not_032","3","706","002","861","861","metadata_only","0","0","0","yes","yes","no","yes","7","","",""
"M-785","3199.1","Mohenjo-daro","SEAL:S","Bull1:S","Steatite","Y","R/L","+740-255-705-002-861+","5","negative_002_y_prev_not_032","3","705","002","861","861","metadata_only","0","0","0","yes","yes","no","yes","7","","",""
"M-792","3206.1","Mohenjo-daro","SEAL:S","Bull1:S","Steatite","Y","R/L","+679-740-575-017-002-817+","6","negative_002_y_prev_not_032","4","017","002","817","817","metadata_only","0","0","0","yes","yes","no","yes","7","","",""
"M-795","3209.1","Mohenjo-daro","SEAL:S","Bull1:W","Steatite","Y","R/L","+156-260-002-817+","4","negative_002_y_prev_not_032","2","260","002","817","817","metadata_only","0","0","0","yes","yes","yes","no","7","","",""
"M-813","3226.1","Mohenjo-daro","SEAL:S","Bull1:S","-","Y","R/L","+161-390-590-002-861+","5","negative_002_y_prev_not_032","3","590","002","861","861","metadata_only","0","0","0","yes","yes","no","yes","7","","",""
"M-816","3229.1","Mohenjo-daro","SEAL:S","Bull1:S","Steatite","Y","R/L","+740-690-435-255-002-817+","6","negative_002_y_prev_not_032","4","255","002","817","817","metadata_only","0","0","0","yes","yes","no","yes","7","","",""
"M-839","3251.1","Mohenjo-daro","SEAL:S","Bull1:L","Steatite","Y","R/L","+740-100-415-002-817+","5","negative_002_y_prev_not_032","3","415","002","817","817","metadata_only","0","0","0","yes","yes","no","yes","7","","",""
"M-850","3262.1","Mohenjo-daro","SEAL:S","Bull1:L","Steatite","Y","R/L","+740-100-415-002-861+","5","negative_002_y_prev_not_032","3","415","002","861","861","metadata_only","0","0","0","yes","yes","no","yes","7","","",""
"M-853","3265.1","Mohenjo-daro","SEAL:S","Bull1:S","Steatite","Y","R/L","+090-740-792-002-817+","5","negative_002_y_prev_not_032","3","792","002","817","817","metadata_only","0","0","0","yes","yes","no","yes","7","","",""
"M-869","3279.1","Mohenjo-daro","SEAL:S","Bull1:S","-","Y","R/L","+740-100-415-002-861+","5","negative_002_y_prev_not_032","3","415","002","861","861","metadata_only","0","0","0","yes","yes","no","yes","7","","",""
"M-889","3295.1","Mohenjo-daro","SEAL:S","Bull1:I","Steatite","Y","R/L","+740-384-032-803-002-820+","6","negative_002_y_prev_not_032","4","803","002","820","820","metadata_only","0","0","0","yes","yes","no","yes","7","","",""
"M-895","3300.1","Mohenjo-daro","SEAL:S","Bull1","Steatite","Y","R/L","+740-048-002-817+","4","negative_002_y_prev_not_032","2","048","002","817","817","metadata_only","0","0","0","yes","yes","yes","no","7","","",""
"M-901","3306.1","Mohenjo-daro","SEAL:S","Bull1","Steatite","Y","R/L","+090-125-002-861+","4","negative_002_y_prev_not_032","2","125","002","861","861","metadata_only","0","0","0","yes","yes","yes","no","7","","",""
"M-903","3308.1","Mohenjo-daro","SEAL:S","Bull1","Steatite","Y","R/L","+740-772-002-817+","4","negative_002_y_prev_not_032","2","772","002","817","817","metadata_only","0","0","0","yes","yes","yes","no","7","","",""
"M-940","2243.1","Mohenjo-daro","SEAL:S","Bull1:J","Steatite","Y","R/L","+527-555-002-817+","4","negative_002_y_prev_not_032","2","555","002","817","817","metadata_only","0","0","0","yes","yes","yes","no","7","","",""
"Blk-1","19.1","Bala-kot","SEAL:S","Bull1","-","Y","R/L","+226-003-002-297-350-125-413+","7","negative_002_y_prev_not_032","2","003","002","297","297","metadata_only","0","0","0","no","yes","yes","yes","6","","",""
"Blk-2","20.1","Bala-kot","SEAL:S","Bull1","-","Y","R/L","+390-717-061-002-368-634+","6","negative_002_y_prev_not_032","3","061","002","368","368","metadata_only","0","0","0","no","yes","yes","yes","6","","",""
"C-74","76.1","Chanhu-daro","SEAL:S","Gaur","Steatite","Y","R/L","+125-002-861+","3","negative_002_y_prev_not_032","1","125","002","861","861","metadata_only","0","0","0","yes","yes","no","no","6","","",""
"Dlv-1","145.1","Dholavira","SEAL:S","Bull1:J","-","Y","R/L","+151-382-031-002-861+","5","negative_002_y_prev_not_032","3","031","002","861","861","metadata_only","0","0","0","no","yes","yes","yes","6","","",""
"H-1102","273.2","Harappa","TAB:B","None","Faience","Y","R/L","+700-032+","2","negative_032_next_not_002","1","700","032","","","metadata_only","0","0","0","yes","no","yes","no","6","","",""
"H-1123","313.2","Harappa","TAB:B","None","Faience","Y","R/L","+700-032+","2","negative_032_next_not_002","1","700","032","","","metadata_only","0","0","0","yes","no","yes","no","6","","",""
"H-1130","3970.1","Harappa","TAB:B","None","-","Y","R/L","+740-482-240-002-861+","5","negative_002_y_prev_not_032","3","240","002","861","861","metadata_only","0","0","0","yes","no","yes","yes","6","","",""
"H-1131","3971.1","Harappa","TAB:B","None","-","Y","R/L","+740-482-240-002-861+","5","negative_002_y_prev_not_032","3","240","002","861","861","metadata_only","0","0","0","yes","no","yes","yes","6","","",""
"H-1133","249.2","Harappa","TAB:B","None","Faience","Y","R/L","+700-032+","2","negative_032_next_not_002","1","700","032","","","metadata_only","0","0","0","yes","no","yes","no","6","","",""
"H-1134","3973.2","Harappa","TAB:B","None","-","Y","R/L","+700-032+","2","negative_032_next_not_002","1","700","032","","","metadata_only","0","0","0","yes","no","yes","no","6","","",""
"H-1140","3976.2","Harappa","TAB:B","None","-","Y","R/L","+740-032-840-679+","4","negative_032_next_not_002","1","740","032","840","","metadata_only","0","0","0","yes","no","yes","no","6","","",""
"H-1146","682.1","Harappa","TAB:B","None","-","Y","R/L","+700-032+","2","negative_032_next_not_002","1","700","032","","","metadata_only","0","0","0","yes","no","yes","no","6","","",""
"H-1156","270.2","Harappa","TAB:B","None","Steatite","Y","R/L","+700-032+","2","negative_032_next_not_002","1","700","032","","","metadata_only","0","0","0","yes","no","yes","no","6","","",""
"H-1281","4068.1","Harappa","TAB:I","None","Steatite","Y","R/L","+700-032+","2","negative_032_next_not_002","1","700","032","","","metadata_only","0","0","0","yes","no","yes","no","6","","",""
"H-1287","264.1","Harappa","TAB:I","None","Steatite","Y","R/L","+400-156-140-032+","4","negative_032_next_not_002","3","140","032","","","metadata_only","0","0","0","yes","no","yes","no","6","","",""
"H-1294","1061.2","Harappa","TAB:I","None","Steatite","Y","R/L","+700-032+","2","negative_032_next_not_002","1","700","032","","","metadata_only","0","0","0","yes","no","yes","no","6","","",""
"H-1309","257.2","Harappa","TAB:I","None","Steatite","Y","L/R","+700-032+","2","negative_032_next_not_002","1","700","032","","","metadata_only","0","0","0","yes","no","yes","no","6","","",""
"H-1312","229.2","Harappa","TAB:I","None","Steatite","Y","R/L","+700-032+","2","negative_032_next_not_002","1","700","032","","","metadata_only","0","0","0","yes","no","yes","no","6","","",""
"H-1313","4081.2","Harappa","TAB:I","None","Steatite","Y","R/L","+700-032+","2","negative_032_next_not_002","1","700","032","","","metadata_only","0","0","0","yes","no","yes","no","6","","",""
"H-1319","255.1","Harappa","TAB:I","None","Steatite","Y","R/L","+700-032+","2","negative_032_next_not_002","1","700","032","","","metadata_only","0","0","0","yes","no","yes","no","6","","",""
"H-1320","4072.2","Harappa","TAB:I","None","-","Y","R/L","+700-032+","2","negative_032_next_not_002","1","700","032","","","metadata_only","0","0","0","yes","no","yes","no","6","","",""
"H-1321","317.1","Harappa","TAB:B","None","Steatite","Y","R/L","+400-226-032+","3","negative_032_next_not_002","2","226","032","","","metadata_only","0","0","0","yes","no","yes","no","6","","",""
"H-1321","317.2","Harappa","TAB:B","None","Steatite","Y","R/L","+700-032+","2","negative_032_next_not_002","1","700","032","","","metadata_only","0","0","0","yes","no","yes","no","6","","",""
"H-1330","282.1","Harappa","TAB:I","None","Steatite","Y","R/L","+700-032+","2","negative_032_next_not_002","1","700","032","","","metadata_only","0","0","0","yes","no","yes","no","6","","",""
"H-1726","1007.1","Harappa","POT:T:s","None","Clay","Y","R/L","+740-100-692-491-002-817+","6","negative_002_y_prev_not_032","4","491","002","817","817","metadata_only","0","0","0","yes","no","yes","yes","6","","",""
"H-1788","805.1","Harappa","TAB:B","None","Faience","Y","R/L","+154-806-470-002-861+","5","negative_002_y_prev_not_032","3","470","002","861","861","metadata_only","0","0","0","yes","no","yes","yes","6","","",""
"H-1804","477.1","Harappa","TAB:B","None","Faience","Y","R/L","+700-032+","2","negative_032_next_not_002","1","700","032","","","metadata_only","0","0","0","yes","no","yes","no","6","","",""
"H-1836","497.1","Harappa","TAB:B","None","Faience","Y","R/L","+700-032+","2","negative_032_next_not_002","1","700","032","","","metadata_only","0","0","0","yes","no","yes","no","6","","",""
"H-1841","652.1","Harappa","TAB:B","None","Faience","Y","R/L","+700-032+","2","negative_032_next_not_002","1","700","032","","","metadata_only","0","0","0","yes","no","yes","no","6","","",""
"H-1851","1024.2","Harappa","TAB:B","None","Faience","Y","R/L","+740-803-892-031-002-861+","6","negative_002_y_prev_not_032","4","031","002","861","861","metadata_only","0","0","0","yes","no","yes","yes","6","","",""
"H-1853","386.1","Harappa","TAB:B","None","Faience","Y","R/L","+700-032+","2","negative_032_next_not_002","1","700","032","","","metadata_only","0","0","0","yes","no","yes","no","6","","",""
"H-1855","557.1","Harappa","TAB:B","None","Faience","Y","R/L","+032-700+","2","negative_032_next_not_002","0","","032","700","","metadata_only","0","0","0","yes","no","yes","no","6","","",""
"H-1864","599.2","Harappa","TAB:B","None","Faience","Y","R/L","+740-142-062-002-817+","5","negative_002_y_prev_not_032","3","062","002","817","817","metadata_only","0","0","0","yes","no","yes","yes","6","","",""
"H-1864","599.1","Harappa","TAB:B","None","Faience","Y","R/L","+032-700+","2","negative_032_next_not_002","0","","032","700","","metadata_only","0","0","0","yes","no","yes","no","6","","",""
"H-1865","411.1","Harappa","TAB:B","None","Faience","Y","R/L","+700-032+","2","negative_032_next_not_002","1","700","032","","","metadata_only","0","0","0","yes","no","yes","no","6","","",""
"H-1879","876.1","Harappa","TAB:B","None","Faience","Y","R/L","+032-032-700+","3","negative_032_next_not_002","0","","032","032","","metadata_only","0","0","0","yes","no","yes","no","6","","",""
"H-1879","876.1","Harappa","TAB:B","None","Faience","Y","R/L","+032-032-700+","3","negative_032_next_not_002","1","032","032","700","","metadata_only","0","0","0","yes","no","yes","no","6","","",""
"H-1883","930.2","Harappa","TAB:B","None","Faience","Y","L/R","+740-790-032+","3","negative_032_next_not_002","2","790","032","","","metadata_only","0","0","0","yes","no","yes","no","6","","",""
"H-1899","628.1","Harappa","TAB:B","None","Faience","Y","R/L","+032-032-700+","3","negative_032_next_not_002","0","","032","032","","metadata_only","0","0","0","yes","no","yes","no","6","","",""
"H-1899","628.1","Harappa","TAB:B","None","Faience","Y","R/L","+032-032-700+","3","negative_032_next_not_002","1","032","032","700","","metadata_only","0","0","0","yes","no","yes","no","6","","",""
"H-1902","922.1","Harappa","TAB:B","None","Faience","Y","R/L","+700-032+","2","negative_032_next_not_002","1","700","032","","","metadata_only","0","0","0","yes","no","yes","no","6","","",""
"H-1906","554.1","Harappa","TAB:B","None","Faience","Y","R/L","+700-032+","2","negative_032_next_not_002","1","700","032","","","metadata_only","0","0","0","yes","no","yes","no","6","","",""
"H-1909","453.1","Harappa","TAB:B","None","Faience","Y","R/L","+700-032+","2","negative_032_next_not_002","1","700","032","","","metadata_only","0","0","0","yes","no","yes","no","6","","",""
"H-1915","414.2","Harappa","TAB:B","None","Faience","Y","R/L","+032-920-491+","3","negative_032_next_not_002","0","","032","920","","metadata_only","0","0","0","yes","no","yes","no","6","","",""
"H-1922","569.1","Harappa","TAB:B","None","Faience","Y","R/L","+700-032+","2","negative_032_next_not_002","1","700","032","","","metadata_only","0","0","0","yes","no","yes","no","6","","",""
"H-1923","567.1","Harappa","TAB:B","None","Faience","Y","R/L","+700-032+","2","negative_032_next_not_002","1","700","032","","","metadata_only","0","0","0","yes","no","yes","no","6","","",""
"H-1923","567.2","Harappa","TAB:B","None","Faience","Y","R/L","+400-740-032-840+","4","negative_032_next_not_002","2","740","032","840","","metadata_only","0","0","0","yes","no","yes","no","6","","",""
"H-2010","729.2","Harappa","TAB:B","Bull1","Faience","Y","R/L","+740-482-240-002-861+","5","negative_002_y_prev_not_032","3","240","002","861","861","metadata_only","0","0","0","yes","no","yes","yes","6","","",""
"H-2011","937.2","Harappa","TAB:B","Bull1","Clay","Y","R/L","+740-482-240-002-861+","5","negative_002_y_prev_not_032","3","240","002","861","861","metadata_only","0","0","0","yes","no","yes","yes","6","","",""
"H-2015","402.2","Harappa","TAB:B","None","Clay","Y","L/R","+520-033-705-235-832-002-817+","7","negative_002_y_prev_not_032","5","832","002","817","817","metadata_only","0","0","0","yes","no","yes","yes","6","","",""
"H-2016","370.1","Harappa","TAB:B","None","Clay","Y","R/L","+317-740-335-740-176-002-920-491+","8","negative_002_y_prev_not_032","5","176","002","920","920","metadata_only","0","0","0","yes","no","yes","yes","6","","",""
"H-209","1240.2","Harappa","TAB:B","None","Faience","Y","R/L","+700-032+","2","negative_032_next_not_002","1","700","032","","","metadata_only","0","0","0","yes","no","yes","no","6","","",""
"H-2108","640.2","Harappa","TAB:I","None","Steatite","Y","R/L","+400-740-032-014+","4","negative_032_next_not_002","2","740","032","014","","metadata_only","0","0","0","yes","no","yes","no","6","","",""
"H-2109","843.1","Harappa","TAB:I","None","Steatite","Y","R/L","+690-032-025+","3","negative_032_next_not_002","1","690","032","025","","metadata_only","0","0","0","yes","no","yes","no","6","","",""
"H-2115","544.2","Harappa","TAB:I","None","Steatite","Y","R/L","+400-740-032-028+","4","negative_032_next_not_002","2","740","032","028","","metadata_only","0","0","0","yes","no","yes","no","6","","",""
"H-212","1243.2","Harappa","TAB:B","None","Faience","Y","R/L","+032-700+","2","negative_032_next_not_002","0","","032","700","","metadata_only","0","0","0","yes","no","yes","no","6","","",""
"H-2129","674.1","Harappa","TAB:I","None","Steatite","Y","R/L","+700-032+","2","negative_032_next_not_002","1","700","032","","","metadata_only","0","0","0","yes","no","yes","no","6","","",""
"H-213","1244.2","Harappa","TAB:B","None","-","Y","R/L","+700-032+","2","negative_032_next_not_002","1","700","032","","","metadata_only","0","0","0","yes","no","yes","no","6","","",""
"H-2139","596.1","Harappa","TAB:I","None","Steatite","Y","R/L","+700-032+","2","negative_032_next_not_002","1","700","032","","","metadata_only","0","0","0","yes","no","yes","no","6","","",""
"H-214","1245.2","Harappa","TAB:B","None","Faience","Y","L/R","+700-032+","2","negative_032_next_not_002","1","700","032","","","metadata_only","0","0","0","yes","no","yes","no","6","","",""
"H-2146","841.2","Harappa","TAB:I","None","Steatite","Y","R/L","+700-032+","2","negative_032_next_not_002","1","700","032","","","metadata_only","0","0","0","yes","no","yes","no","6","","",""
"H-2149","848.2","Harappa","TAB:I","None","Steatite","Y","R/L","+590-032-645-003+","4","negative_032_next_not_002","1","590","032","645","","metadata_only","0","0","0","yes","no","yes","no","6","","",""
"H-217","1248.2","Harappa","TAB:B","None","Steatite","Y","R/L","+700-032+","2","negative_032_next_not_002","1","700","032","","","metadata_only","0","0","0","yes","no","yes","no","6","","",""
"H-2173","801.1","Harappa","TAB:I","None","Steatite","Y","R/L","+700-032+","2","negative_032_next_not_002","1","700","032","","","metadata_only","0","0","0","yes","no","yes","no","6","","",""
"H-2183","749.1","Harappa","TAB:I","None","Steatite","Y","R/L","+700-032+","2","negative_032_next_not_002","1","700","032","","","metadata_only","0","0","0","yes","no","yes","no","6","","",""
"H-2184","490.1","Harappa","TAB:I","None","Steatite","Y","R/L","+700-032+","2","negative_032_next_not_002","1","700","032","","","metadata_only","0","0","0","yes","no","yes","no","6","","",""
"H-2184","490.2","Harappa","TAB:I","None","Steatite","Y","R/L","+400-740-032-015+","4","negative_032_next_not_002","2","740","032","015","","metadata_only","0","0","0","yes","no","yes","no","6","","",""
"H-2185","834.1","Harappa","TAB:I","None","Steatite","Y","R/L","+700-032+","2","negative_032_next_not_002","1","700","032","","","metadata_only","0","0","0","yes","no","yes","no","6","","",""
"H-2186","519.1","Harappa","TAB:I","None","Steatite","Y","R/L","+700-032+","2","negative_032_next_not_002","1","700","032","","","metadata_only","0","0","0","yes","no","yes","no","6","","",""
"H-2187","694.1","Harappa","TAB:I","None","Steatite","Y","R/L","+740-032-840+","3","negative_032_next_not_002","1","740","032","840","","metadata_only","0","0","0","yes","no","yes","no","6","","",""
"H-2193","632.1","Harappa","TAB:I","None","Steatite","Y","R/L","+590-032-220+","3","negative_032_next_not_002","1","590","032","220","","metadata_only","0","0","0","yes","no","yes","no","6","","",""
"H-2198","643.1","Harappa","TAB:I","None","Steatite","Y","R/L","+740-255-032+","3","negative_032_next_not_002","2","255","032","","","metadata_only","0","0","0","yes","no","yes","no","6","","",""
"H-2198","643.2","Harappa","TAB:I","None","Steatite","Y","R/L","+700-032+","2","negative_032_next_not_002","1","700","032","","","metadata_only","0","0","0","yes","no","yes","no","6","","",""
"H-2213","407.2","Harappa","TAB:I","None","Steatite","Y","R/L","+824-032-578-415+","4","negative_032_next_not_002","1","824","032","578","","metadata_only","0","0","0","yes","no","yes","no","6","","",""
"H-2214","672.3","Harappa","TAB:I","None","Steatite","Y","L/R","+876-032-578-415+","4","negative_032_next_not_002","1","876","032","578","","metadata_only","0","0","0","yes","no","yes","no","6","","",""
"H-2217","679.1","Harappa","TAB:I","None","Steatite","Y","R/L","+700-032+","2","negative_032_next_not_002","1","700","032","","","metadata_only","0","0","0","yes","no","yes","no","6","","",""
"H-2217","679.2","Harappa","TAB:I","None","Steatite","Y","R/L","+400-854-032+","3","negative_032_next_not_002","2","854","032","","","metadata_only","0","0","0","yes","no","yes","no","6","","",""
"H-2282","3934.1","Harappa","POT:T:g","None","Clay","Y","R/L","+034-032-032+","3","negative_032_next_not_002","1","034","032","032","","metadata_only","0","0","0","yes","no","yes","no","6","","",""
"H-2282","3934.1","Harappa","POT:T:g","None","Clay","Y","R/L","+034-032-032+","3","negative_032_next_not_002","2","032","032","","","metadata_only","0","0","0","yes","no","yes","no","6","","",""
"H-231","1258.1","Harappa","TAB:B","None","Faience","Y","R/L","+520-220-240-002-820+","5","negative_002_y_prev_not_032","3","240","002","820","820","metadata_only","0","0","0","yes","no","yes","yes","6","","",""
"H-232","1259.2","Harappa","TAB:B","None","Faience","Y","R/L","+700-032+","2","negative_032_next_not_002","1","700","032","","","metadata_only","0","0","0","yes","no","yes","no","6","","",""
"H-236","1262.2","Harappa","TAB:B","None","Faience","Y","R/L","+740-032-840-679+","4","negative_032_next_not_002","1","740","032","840","","metadata_only","0","0","0","yes","no","yes","no","6","","",""
"H-247","1272.2","Harappa","TAB:B","None","Faience","Y","R/L","+116-032+","2","negative_032_next_not_002","1","116","032","","","metadata_only","0","0","0","yes","no","yes","no","6","","",""
"H-2585","5389.1","Harappa","TAB:I","None","-","Y","R/L","+400-740-032+","3","negative_032_next_not_002","2","740","032","","","metadata_only","0","0","0","yes","no","yes","no","6","","",""
"H-260","1285.1","Harappa","TAB:B","Bull1","-","Y","R/L","+520-240-002-405-501+","5","negative_002_y_prev_not_032","2","240","002","405","405","metadata_only","0","0","0","yes","no","yes","yes","6","","",""
"H-265","1290.1","Harappa","TAB:B","Bull1","-","Y","R/L","+520-240-002-405-501+","5","negative_002_y_prev_not_032","2","240","002","405","405","metadata_only","0","0","0","yes","no","yes","yes","6","","",""
"H-277","1299.1","Harappa","TAB:B","Bull1","-","Y","R/L","+520-240-002-405-501+","5","negative_002_y_prev_not_032","2","240","002","405","405","metadata_only","0","0","0","yes","no","yes","yes","6","","",""
"H-303","1325.1","Harappa","TAB:I","None","Steatite","Y","R/L","+400-740-032-027+","4","negative_032_next_not_002","2","740","032","027","","metadata_only","0","0","0","yes","no","yes","no","6","","",""
"H-304","1326.2","Harappa","TAB:I","None","Steatite","Y","R/L","+740-032-059+","3","negative_032_next_not_002","1","740","032","059","","metadata_only","0","0","0","yes","no","yes","no","6","","",""
"H-306","1328.1","Harappa","TAB:I","None","-","Y","L/R","+740-032-840+","3","negative_032_next_not_002","1","740","032","840","","metadata_only","0","0","0","yes","no","yes","no","6","","",""
"H-315","1337.2","Harappa","TAB:I","None","Steatite","Y","R/L","+700-032+","2","negative_032_next_not_002","1","700","032","","","metadata_only","0","0","0","yes","no","yes","no","6","","",""
"H-321","1343.2","Harappa","TAB:I","None","Steatite","Y","R/L","+032-700+","2","negative_032_next_not_002","0","","032","700","","metadata_only","0","0","0","yes","no","yes","no","6","","",""
"H-322","1344.1","Harappa","TAB:I","None","-","Y","R/L","+400-740-032-028+","4","negative_032_next_not_002","2","740","032","028","","metadata_only","0","0","0","yes","no","yes","no","6","","",""
"H-322","1344.2","Harappa","TAB:I","None","-","Y","R/L","+700-032+","2","negative_032_next_not_002","1","700","032","","","metadata_only","0","0","0","yes","no","yes","no","6","","",""
"H-327","1349.2","Harappa","TAB:I","None","-","Y","R/L","+700-032+","2","negative_032_next_not_002","1","700","032","","","metadata_only","0","0","0","yes","no","yes","no","6","","",""
"H-340","1361.2","Harappa","TAB:I","None","Steatite","Y","R/L","+700-032+","2","negative_032_next_not_002","1","700","032","","","metadata_only","0","0","0","yes","no","yes","no","6","","",""
"H-341","1362.2","Harappa","TAB:I","None","Steatite","Y","R/L","+700-032+","2","negative_032_next_not_002","1","700","032","","","metadata_only","0","0","0","yes","no","yes","no","6","","",""
"H-351","1370.1","Harappa","TAB:I","X","Steatite","Y","R/L","+400-740-032-060-013+","5","negative_032_next_not_002","2","740","032","060","","metadata_only","0","0","0","yes","no","no","yes","6","","",""
"H-600","1543.1","Harappa","SEAL:S","Bull1:I","Steatite","Y","R/L","+002-368-260+","3","negative_002_y_prev_not_032","0","","002","368","368","metadata_only","0","0","0","yes","yes","no","no","6","","",""
"H-688","1594.1","Harappa","SEAL","None","-","Y","R/L","+520-233-002-861-831-165+","6","negative_002_y_prev_not_032","2","233","002","861","861","metadata_only","0","0","0","yes","no","yes","yes","6","","",""
"H-717","1620.2","Harappa","TAB:B","None","Faience","Y","R/L","+700-032+","2","negative_032_next_not_002","1","700","032","","","metadata_only","0","0","0","yes","no","yes","no","6","","",""
"H-766","1658.2","Harappa","TAB:B","None","Faience","Y","R/L","+700-032+","2","negative_032_next_not_002","1","700","032","","","metadata_only","0","0","0","yes","no","yes","no","6","","",""
"H-768","1660.2","Harappa","TAB:B","None","Faience","Y","R/L","+700-032+","2","negative_032_next_not_002","1","700","032","","","metadata_only","0","0","0","yes","no","yes","no","6","","",""
"H-773","1665.1","Harappa","TAB:B","None","Faience","Y","R/L","+740-798-803-002-390-530-741+","7","negative_002_y_prev_not_032","3","803","002","390","390","metadata_only","0","0","0","yes","no","yes","yes","6","","",""
"H-777","1668.1","Harappa","TAB:B","None","-","Y","R/L","+032-700+","2","negative_032_next_not_002","0","","032","700","","metadata_only","0","0","0","yes","no","yes","no","6","","",""
"H-778","1669.1","Harappa","TAB:B","None","-","Y","R/L","+700-032+","2","negative_032_next_not_002","1","700","032","","","metadata_only","0","0","0","yes","no","yes","no","6","","",""
"H-779","1670.1","Harappa","TAB:B","None","-","Y","R/L","+032-700+","2","negative_032_next_not_002","0","","032","700","","metadata_only","0","0","0","yes","no","yes","no","6","","",""
"H-794","1685.2","Harappa","TAB:B","None","-","Y","R/L","+032-700+","2","negative_032_next_not_002","0","","032","700","","metadata_only","0","0","0","yes","no","yes","no","6","","",""
"H-796","1687.2","Harappa","TAB:B","None","-","Y","R/L","+700-032+","2","negative_032_next_not_002","1","700","032","","","metadata_only","0","0","0","yes","no","yes","no","6","","",""
"H-799","1690.1","Harappa","TAB:B","None","Faience","Y","R/L","+032-820-100-415+","4","negative_032_next_not_002","0","","032","820","","metadata_only","0","0","0","yes","no","yes","no","6","","",""
"H-802","1693.2","Harappa","TAB:B","None","Faience","Y","R/L","+700-032+","2","negative_032_next_not_002","1","700","032","","","metadata_only","0","0","0","yes","no","yes","no","6","","",""
"H-806","1695.1","Harappa","TAB:B","None","Clay","Y","R/L","+740-482-240-002-861+","5","negative_002_y_prev_not_032","3","240","002","861","861","metadata_only","0","0","0","yes","no","yes","yes","6","","",""
"H-807","1696.1","Harappa","TAB:B","None","-","Y","R/L","+740-482-240-002-861+","5","negative_002_y_prev_not_032","3","240","002","861","861","metadata_only","0","0","0","yes","no","yes","yes","6","","",""
"H-808","1697.1","Harappa","TAB:B","None","-","Y","R/L","+740-482-240-002-861+","5","negative_002_y_prev_not_032","3","240","002","861","861","metadata_only","0","0","0","yes","no","yes","yes","6","","",""
"H-811","1700.1","Harappa","TAB:B","None","Faience","Y","R/L","+317-740-335-740-176-002-920-491+","8","negative_002_y_prev_not_032","5","176","002","920","920","metadata_only","0","0","0","yes","no","yes","yes","6","","",""
"H-813","1702.2","Harappa","TAB:B","None","Faience","Y","R/L","+032-700+","2","negative_032_next_not_002","0","","032","700","","metadata_only","0","0","0","yes","no","yes","no","6","","",""
"H-814","1703.2","Harappa","TAB:B","None","Faience","Y","L/R","+700-032+","2","negative_032_next_not_002","1","700","032","","","metadata_only","0","0","0","yes","no","yes","no","6","","",""
"H-817","1706.2","Harappa","TAB:B","None","Faience","Y","R/L","+032-700+","2","negative_032_next_not_002","0","","032","700","","metadata_only","0","0","0","yes","no","yes","no","6","","",""
"H-825","1715.2","Harappa","TAB:B","None","-","Y","R/L","+740-032-840+","3","negative_032_next_not_002","1","740","032","840","","metadata_only","0","0","0","yes","no","yes","no","6","","",""
"H-829","1717.2","Harappa","TAB:B","None","-","Y","L/R","+700-032-390+","3","negative_032_next_not_002","1","700","032","390","","metadata_only","0","0","0","yes","no","yes","no","6","","",""
"H-833","1719.2","Harappa","TAB:B","None","Faience","Y","R/L","+700-032+","2","negative_032_next_not_002","1","700","032","","","metadata_only","0","0","0","yes","no","yes","no","6","","",""
"H-837","1723.2","Harappa","TAB:B","None","Faience","Y","R/L","+700-032+","2","negative_032_next_not_002","1","700","032","","","metadata_only","0","0","0","yes","no","yes","no","6","","",""
"H-838","1724.1","Harappa","TAB:B","None","Faience","Y","R/L","+740-615-495-002-817+","5","negative_002_y_prev_not_032","3","495","002","817","817","metadata_only","0","0","0","yes","no","yes","yes","6","","",""
"H-839","1725.1","Harappa","TAB:B","None","Faience","Y","R/L","+032-700+","2","negative_032_next_not_002","0","","032","700","","metadata_only","0","0","0","yes","no","yes","no","6","","",""
"H-85","1141.1","Harappa","SEAL:S","Zebu","Steatite","Y","R/L","+520-219-002-817+","4","negative_002_y_prev_not_032","2","219","002","817","817","metadata_only","0","0","0","yes","yes","no","no","6","","",""
"H-877","1760.2","Harappa","TAB:B","None","Faience","Y","R/L","+700-032+","2","negative_032_next_not_002","1","700","032","","","metadata_only","0","0","0","yes","no","yes","no","6","","",""
"H-904","1786.1","Harappa","TAB:I","None","Steatite","Y","R/L","+740-032-840-002+","4","negative_032_next_not_002","1","740","032","840","","metadata_only","0","0","0","yes","no","yes","no","6","","",""
"H-916","1796.1","Harappa","TAB:I","None","Steatite","Y","R/L","+400-740-032-059+","4","negative_032_next_not_002","2","740","032","059","","metadata_only","0","0","0","yes","no","yes","no","6","","",""
"H-917","1797.2","Harappa","TAB:I","None","Steatite","Y","R/L","+400-740-032-027+","4","negative_032_next_not_002","2","740","032","027","","metadata_only","0","0","0","yes","no","yes","no","6","","",""
"H-926","1806.2","Harappa","TAB:I","None","Steatite","Y","R/L","+700-032+","2","negative_032_next_not_002","1","700","032","","","metadata_only","0","0","0","yes","no","yes","no","6","","",""
"H-944","1824.2","Harappa","TAB:I","None","Steatite","Y","R/L","+700-032+","2","negative_032_next_not_002","1","700","032","","","metadata_only","0","0","0","yes","no","yes","no","6","","",""
"H-962","1839.2","Harappa","TAB:I","None","Steatite","Y","R/L","+700-032+","2","negative_032_next_not_002","1","700","032","","","metadata_only","0","0","0","yes","no","yes","no","6","","",""
"H-963","1840.2","Harappa","TAB:I","None","Steatite","Y","R/L","+700-032+","2","negative_032_next_not_002","1","700","032","","","metadata_only","0","0","0","yes","no","yes","no","6","","",""
"H-965","1842.2","Harappa","TAB:I","None","Steatite","Y","R/L","+700-032+","2","negative_032_next_not_002","1","700","032","","","metadata_only","0","0","0","yes","no","yes","no","6","","",""
"H-966","1843.2","Harappa","TAB:I","None","-","Y","R/L","+700-032+","2","negative_032_next_not_002","1","700","032","","","metadata_only","0","0","0","yes","no","yes","no","6","","",""
"H-967","1844.1","Harappa","TAB:I","None","Steatite","Y","R/L","+400-740-032-028+","4","negative_032_next_not_002","2","740","032","028","","metadata_only","0","0","0","yes","no","yes","no","6","","",""
"H-968","1845.1","Harappa","TAB:I","None","-","Y","L/R","+700-032+","2","negative_032_next_not_002","1","700","032","","","metadata_only","0","0","0","yes","no","yes","no","6","","",""
"H-969","1846.1","Harappa","TAB:B","None","-","Y","R/L","+700-032+","2","negative_032_next_not_002","1","700","032","","","metadata_only","0","0","0","yes","no","yes","no","6","","",""
"H-988","1864.2","Harappa","TAB:I","Bult","Steatite","Y","R/L","+400-740-636-240-031-032-171+","7","negative_032_next_not_002","5","031","032","171","","metadata_only","0","0","0","yes","no","no","yes","6","","",""
"Jk-2","1875.1","Jhukar","SEAL:S","Bull1:J","-","Y","R/L","+740-803-233-002-817+","5","negative_002_y_prev_not_032","3","233","002","817","817","metadata_only","0","0","0","no","yes","yes","yes","6","","",""
"K-1","1877.1","Kalibangan","SEAL:S","Bull1:W","Steatite","Y","R/L","+031-504-632-032+","4","negative_032_next_not_002","3","632","032","","","metadata_only","0","0","0","no","yes","yes","no","6","","",""
"K-10","1885.1","Kalibangan","SEAL:S","Bull1:I","Steatite","Y","R/L","+740-690-435-255-002-368-861-590-032-368+","10","negative_032_next_not_002","8","590","032","368","","metadata_only","0","0","0","no","yes","no","yes","6","","",""
"K-24","1898.1","Kalibangan","SEAL:S","Bull1","Steatite","Y","R/L","+740-760-093-002-252-575+","6","negative_002_y_prev_not_032","3","093","002","252","252","metadata_only","0","0","0","no","yes","yes","yes","6","","",""
"K-25","1899.1","Kalibangan","SEAL:S","Bull1","Steatite","Y","R/L","+520-231-002-220-065-132-082+","7","negative_002_y_prev_not_032","2","231","002","220","220","metadata_only","0","0","0","no","yes","yes","yes","6","","",""
"K-4","1879.1","Kalibangan","SEAL:S","Bull1:W","Steatite","Y","R/L","+036-269-140-002-741-060-920+","7","negative_002_y_prev_not_032","3","140","002","741","741","metadata_only","0","0","0","no","yes","yes","yes","6","","",""
"L-1","1984.1","Lothal","SEAL:S","Bull1:W","Steatite","Y","R/L","+527-550-233-002-812-095+","6","negative_002_y_prev_not_032","3","233","002","812","812","metadata_only","0","0","0","no","yes","yes","yes","6","","",""
"L-112","2061.1","Lothal","SEAL:R","None","Clay","Y","R/L","+740-760-605-002-540-590+","6","negative_002_y_prev_not_032","3","605","002","540","540","metadata_only","0","0","0","no","yes","yes","yes","6","","",""
"L-118","2066.1","Lothal","SEAL:R","None","Agate","Y","L/R","+140-032+","2","negative_032_next_not_002","1","140","032","","","metadata_only","0","0","0","no","yes","yes","no","6","","",""
"L-39","2012.1","Lothal","SEAL:S","Bull1","Steatite","Y","R/L","+520-315-002-861-626+","5","negative_002_y_prev_not_032","2","315","002","861","861","metadata_only","0","0","0","no","yes","yes","yes","6","","",""
"L-4","1986.1","Lothal","SEAL:S","Bull1","Steatite","Y","R/L","+090-740-100-233-002-575-031+","7","negative_002_y_prev_not_032","4","233","002","575","575","metadata_only","0","0","0","no","yes","yes","yes","6","","",""
"L-47","2018.1","Lothal","SEAL:S","Bull1","Steatite","Y","R/L","+409-190-002-798-055+","5","negative_002_y_prev_not_032","2","190","002","798","798","metadata_only","0","0","0","no","yes","yes","yes","6","","",""
"L-59","2026.1","Lothal","SEAL:S","None","Steatite","Y","R/L","+740-032-840+","3","negative_032_next_not_002","1","740","032","840","","metadata_only","0","0","0","no","yes","yes","no","6","","",""
"L-89","2043.1","Lothal","SEAL:R","None","Steatite","Y","R/L","+527-555-235-002-861+","5","negative_002_y_prev_not_032","3","235","002","861","861","metadata_only","0","0","0","no","yes","yes","yes","6","","",""
"L-92","2046.1","Lothal","SEAL:R","None","Steatite","Y","R/L","+520-070-255-832-002-817+","6","negative_002_y_prev_not_032","4","832","002","817","817","metadata_only","0","0","0","no","yes","yes","yes","6","","",""
"M-1063","3437.1","Mohenjo-daro","SEAL:S","-","Steatite","Y","R/L","+407-004-002-861+","4","negative_002_y_prev_not_032","2","004","002","861","861","metadata_only","0","0","0","yes","yes","no","no","6","","",""
"M-1088","3462.1","Mohenjo-daro","SEAL:S","Gaur","Steatite","Y","R/L","+740-540-002-820+","4","negative_002_y_prev_not_032","2","540","002","820","820","metadata_only","0","0","0","yes","yes","no","no","6","","",""
"M-1109","3480.1","Mohenjo-daro","SEAL:S","Zebu","Steatite","Y","R/L","+520-231-002-820+","4","negative_002_y_prev_not_032","2","231","002","820","820","metadata_only","0","0","0","yes","yes","no","no","6","","",""
"M-1148","3509.1","Mohenjo-daro","SEAL:S","Elep","Steatite","Y","R/L","+520-220-002-861+","4","negative_002_y_prev_not_032","2","220","002","861","861","metadata_only","0","0","0","yes","yes","no","no","6","","",""
"M-1177","3533.1","Mohenjo-daro","SEAL:S","CompBull","Steatite","Y","R/L","+740-760-002-817+","4","negative_002_y_prev_not_032","2","760","002","817","817","metadata_only","0","0","0","yes","yes","no","no","6","","",""
"M-1343","3648.1","Mohenjo-daro","SEAL","None","Steatite","Y","R/L","+740-390-590-235-002-861+","6","negative_002_y_prev_not_032","4","235","002","861","861","metadata_only","0","0","0","yes","no","yes","yes","6","","",""
"M-1375","3673.1","Mohenjo-daro","POT:T:s","None","Steatite","Y","R/L","+790-032-033-705+","4","negative_032_next_not_002","1","790","032","033","","metadata_only","0","0","0","yes","no","yes","no","6","","",""
"M-1426","3711.1","Mohenjo-daro","TAB:B","None","Clay","Y","R/L","+740-760-036-220-415-798-002-861+","8","negative_002_y_prev_not_032","6","798","002","861","861","metadata_only","0","0","0","yes","no","yes","yes","6","","",""
"M-1427","3712.1","Mohenjo-daro","TAG:O","Bull1","Clay","Y","R/L","+484-140-002-220-627-615-906-388+","8","negative_002_y_prev_not_032","2","140","002","220","220","metadata_only","0","0","0","yes","no","yes","yes","6","","",""
"M-1528","3778.1","Mohenjo-daro","TAB:C","-","Copper","Y","R/L","+617-142-597-032-905+","5","negative_032_next_not_002","3","597","032","905","","metadata_only","0","0","0","yes","no","no","yes","6","","",""
"M-1529","3779.1","Mohenjo-daro","TAB:C","Comp","Copper","Y","R/L","+617-142-597-032-904+","5","negative_032_next_not_002","3","597","032","904","","metadata_only","0","0","0","yes","no","no","yes","6","","",""
"M-1530","3780.1","Mohenjo-daro","TAB:C","Othr","Copper","Y","R/L","+617-142-597-032-905+","5","negative_032_next_not_002","3","597","032","905","","metadata_only","0","0","0","yes","no","no","yes","6","","",""
"M-1531","3781.1","Mohenjo-daro","TAB:C","Othr","Copper","Y","R/L","+617-142-597-032-905+","5","negative_032_next_not_002","3","597","032","905","","metadata_only","0","0","0","yes","no","no","yes","6","","",""
"M-1532","3782.2","Mohenjo-daro","TAB:C","Othr","Copper","Y","R/L","+617-142-597-032-905+","5","negative_032_next_not_002","3","597","032","905","","metadata_only","0","0","0","yes","no","no","yes","6","","",""
"M-1688","2231.1","Mohenjo-daro","SEAL:S","Bull1:S","Steatite","Y","R/L","+125-435-255-002-286-220-031-012-031-455-033-590+","12","negative_002_y_prev_not_032","3","255","002","286","286","metadata_only","0","0","0","yes","yes","no","no","6","","",""
"M-1755","2323.1","Mohenjo-daro","SEAL:S","Bull1:L","Steatite","Y","R/L","+740-176-002-861+","4","negative_002_y_prev_not_032","2","176","002","861","861","metadata_only","0","0","0","yes","yes","no","no","6","","",""
"M-1806","3990.1","Mohenjo-daro","SEAL:S","Bull1:S","-","Y","R/L","+390-003-002-820+","4","negative_002_y_prev_not_032","2","003","002","820","820","metadata_only","0","0","0","yes","yes","no","no","6","","",""
"M-1830","2435.1","Mohenjo-daro","SEAL:S","Bull1:X","Steatite","Y","R/L","+740-388-002-820+","4","negative_002_y_prev_not_032","2","388","002","820","820","metadata_only","0","0","0","yes","yes","no","no","6","","",""
"M-1833","2509.1","Mohenjo-daro","SEAL:S","Bull1:S","Steatite","Y","R/L","+390-015-002-861+","4","negative_002_y_prev_not_032","2","015","002","861","861","metadata_only","0","0","0","yes","yes","no","no","6","","",""
"M-1844","2418.1","Mohenjo-daro","SEAL:S","Bull1:U","Steatite","Y","R/L","+390-004-002-817+","4","negative_002_y_prev_not_032","2","004","002","817","817","metadata_only","0","0","0","yes","yes","no","no","6","","",""
"M-1850","2188.1","Mohenjo-daro","SEAL:S","Bull1:S","Steatite","Y","R/L","+506-002-817+","3","negative_002_y_prev_not_032","1","506","002","817","817","metadata_only","0","0","0","yes","yes","no","no","6","","",""
"M-1880","2179.1","Mohenjo-daro","SEAL:S","Gaur","Steatite","Y","R/L","+151-176-002-861+","4","negative_002_y_prev_not_032","2","176","002","861","861","metadata_only","0","0","0","yes","yes","no","no","6","","",""
"M-1899","2350.1","Mohenjo-daro","SEAL:S","Zebu","Steatite","Y","R/L","+924-132-002-861+","4","negative_002_y_prev_not_032","2","132","002","861","861","metadata_only","0","0","0","yes","yes","no","no","6","","",""
"M-1927","2397.1","Mohenjo-daro","SEAL:S","Mult","Steatite","Y","R/L","+390-005-002-817+","4","negative_002_y_prev_not_032","2","005","002","817","817","metadata_only","0","0","0","yes","yes","no","no","6","","",""
"M-1990","2277.1","Mohenjo-daro","SEAL","None","Steatite","Y","L/R","+740-760-440-240-220-002-861+","7","negative_002_y_prev_not_032","5","220","002","861","861","metadata_only","0","0","0","yes","no","yes","yes","6","","",""
"M-2012","4015.1","Mohenjo-daro","TAB:B","Bull1","-","Y","R/L","+740-900-005-002-570+","5","negative_002_y_prev_not_032","3","005","002","570","570","metadata_only","0","0","0","yes","no","yes","yes","6","","",""
"M-204","2729.1","Mohenjo-daro","SEAL:S","Bull1:S","Steatite","Y","R/L","+740-061-002-817+","4","negative_002_y_prev_not_032","2","061","002","817","817","metadata_only","0","0","0","yes","yes","no","no","6","","",""
"M-2055","4030.1","Mohenjo-daro","TAB:C","None","Copper","Y","R/L","+002-407-125-590-831+","5","negative_002_y_prev_not_032","0","","002","407","407","metadata_only","0","0","0","yes","no","yes","yes","6","","",""
"M-225","2749.1","Mohenjo-daro","SEAL:S","Bull1:S","Steatite","Y","R/L","+241-002-880+","3","negative_002_y_prev_not_032","1","241","002","880","880","metadata_only","0","0","0","yes","yes","no","no","6","","",""
"M-232","2756.1","Mohenjo-daro","SEAL:S","Bull2","Steatite","Y","R/L","+236-002-390-707+","4","negative_002_y_prev_not_032","1","236","002","390","390","metadata_only","0","0","0","yes","yes","no","no","6","","",""
"M-259","2782.1","Mohenjo-daro","SEAL:S","Zebu","Steatite","Y","R/L","+520-231-002-817+","4","negative_002_y_prev_not_032","2","231","002","817","817","metadata_only","0","0","0","yes","yes","no","no","6","","",""
"M-272","2793.1","Mohenjo-daro","SEAL:S","Goat:6","Faience","Y","R/L","+002-818+","2","negative_002_y_prev_not_032","0","","002","818","818","metadata_only","0","0","0","yes","yes","no","no","6","","",""
"M-311","2830.1","Mohenjo-daro","SEAL:S","Comp","Steatite","Y","R/L","+401-002-368-165+","4","negative_002_y_prev_not_032","1","401","002","368","368","metadata_only","0","0","0","yes","yes","no","no","6","","",""
"M-453","2938.1","Mohenjo-daro","TAB:B","Scene","Faience","Y","R/L","+740-032-840-220-002-861+","6","negative_032_next_not_002","1","740","032","840","","metadata_only","0","0","0","yes","no","no","yes","6","","",""
"M-471","2956.1","Mohenjo-daro","TAB:B","None","-","Y","R/L","+740-100-415-191-002-817+","6","negative_002_y_prev_not_032","4","191","002","817","817","metadata_only","0","0","0","yes","no","yes","yes","6","","",""
"M-509","2985.2","Mohenjo-daro","TAB:C","None","Copper","Y","R/L","+405-240-740-176-002-326+","6","negative_002_y_prev_not_032","4","176","002","326","326","metadata_only","0","0","0","yes","no","yes","yes","6","","",""
"M-510","2986.2","Mohenjo-daro","TAB:C","None","Copper","Y","R/L","+405-240-740-176-002-326+","6","negative_002_y_prev_not_032","4","176","002","326","326","metadata_only","0","0","0","yes","no","yes","yes","6","","",""
"M-547","3019.1","Mohenjo-daro","TAB:C","Othr","Copper","Y","R/L","+407-032-520-095-585-017-231+","7","negative_032_next_not_002","1","407","032","520","","metadata_only","0","0","0","yes","no","no","yes","6","","",""
"M-548","3020.1","Mohenjo-daro","TAB:C","Goat:8","Copper","Y","R/L","+407-032-520-095-585-017-231+","7","negative_032_next_not_002","1","407","032","520","","metadata_only","0","0","0","yes","no","no","yes","6","","",""
"M-549","3021.1","Mohenjo-daro","TAB:C","-","Copper","Y","R/L","+407-032-520-095-585-017-231+","7","negative_032_next_not_002","1","407","032","520","","metadata_only","0","0","0","yes","no","no","yes","6","","",""
"M-571","3041.1","Mohenjo-daro","TAB:C","Comp","Copper","Y","R/L","+740-773-220-032+","4","negative_220_032_next_not_002","3","220","032","","","metadata_only","0","0","0","yes","no","no","no","6","","",""
"M-575","3045.1","Mohenjo-daro","TAB:C","Othr","Copper","Y","R/L","+617-142-597-032-905+","5","negative_032_next_not_002","3","597","032","905","","metadata_only","0","0","0","yes","no","no","yes","6","","",""
"M-576","3046.1","Mohenjo-daro","TAB:C","Othr","Copper","Y","R/L","+617-142-597-032-905+","5","negative_032_next_not_002","3","597","032","905","","metadata_only","0","0","0","yes","no","no","yes","6","","",""
"M-619","3071.1","Mohenjo-daro","MISC","None","Clay","Y","R/L","+840-032+","2","negative_032_next_not_002","1","840","032","","","metadata_only","0","0","0","yes","no","yes","no","6","","",""
"M-677","3115.1","Mohenjo-daro","SEAL:S","Bull1:L","-","Y","R/L","+740-923-070-032-033-706-231-242-002-861-901+","11","negative_002_y_prev_not_032","8","242","002","861","861","metadata_only","0","0","0","yes","yes","no","no","6","","",""
"M-783","3197.1","Mohenjo-daro","SEAL:S","Bull1:S","Steatite","Y","R/L","+151-061-002-861+","4","negative_002_y_prev_not_032","2","061","002","861","861","metadata_only","0","0","0","yes","yes","no","no","6","","",""
"M-794","3208.1","Mohenjo-daro","SEAL:S","Bull1:S","Steatite","Y","R/L","+804-231-002-861+","4","negative_002_y_prev_not_032","2","231","002","861","861","metadata_only","0","0","0","yes","yes","no","no","6","","",""
"M-823","3236.1","Mohenjo-daro","SEAL:S","Bull1:S","Steatite","Y","R/L","+740-061-002-817+","4","negative_002_y_prev_not_032","2","061","002","817","817","metadata_only","0","0","0","yes","yes","no","no","6","","",""
"M-872","3281.1","Mohenjo-daro","SEAL:S","Bull1:I","-","Y","R/L","+390-016-002-824+","4","negative_002_y_prev_not_032","2","016","002","824","824","metadata_only","0","0","0","yes","yes","no","no","6","","",""
"M-963","2263.1","Mohenjo-daro","SEAL:S","Bull1:S","Steatite","Y","R/L","+740-176-002-817+","4","negative_002_y_prev_not_032","2","176","002","817","817","metadata_only","0","0","0","yes","yes","no","no","6","","",""
"Ns-5","3853.1","Nausharo","SEAL:S","Bull1:J","Steatite","Y","R/L","+090-740-220-016-002-820+","6","negative_002_y_prev_not_032","4","016","002","820","820","metadata_only","0","0","0","no","yes","yes","yes","6","","",""
"Sktd-1","3875.1","Surkotada","SEAL:S","Bull1","-","Y","R/L","+390-004-002-390-125-820+","6","negative_002_y_prev_not_032","2","004","002","390","390","metadata_only","0","0","0","no","yes","yes","yes","6","","",""
"?-3","3892.1","Unknown","SEAL:S","None","-","Y","R/L","+002-368-590-900+","4","negative_002_y_prev_not_032","0","","002","368","368","metadata_only","0","0","0","no","yes","yes","no","5","","",""
"B-1","27.1","Banawali","SEAL:S","Bull1:O","Steatite","Y","R/L","+090-740-220-002-368-550-821+","7","negative_002_y_prev_not_032","3","220","002","368","368","metadata_only","0","0","0","no","yes","no","yes","5","","",""
"H-1100","3959.1","Harappa","TAB:B","Bull2","-","Y","R/L","+740-904-240-002-817+","5","negative_002_y_prev_not_032","3","240","002","817","817","metadata_only","0","0","0","yes","no","no","yes","5","","",""
"H-1100","3959.2","Harappa","TAB:B","Bull2","-","Y","R/L","+700-032+","2","negative_032_next_not_002","1","700","032","","","metadata_only","0","0","0","yes","no","no","no","5","","",""
"H-1141","4935.2","Harappa","TAB:B","Fish","-","Y","R/L","+740-032-840-679+","4","negative_032_next_not_002","1","740","032","840","","metadata_only","0","0","0","yes","no","no","no","5","","",""
"H-1146","682.2","Harappa","TAB:B","None","-","Y","R/L","+526-554-002-820+","4","negative_002_y_prev_not_032","2","554","002","820","820","metadata_only","0","0","0","yes","no","yes","no","5","","",""
"H-1153","3982.2","Harappa","TAB:B","Bult","Ceramic","Y","R/L","+700-032+","2","negative_032_next_not_002","1","700","032","","","metadata_only","0","0","0","yes","no","no","no","5","","",""
"H-1155","4580.1","Harappa","TAB:B","Bull1:I","-","Y","R/L","+520-240-002-405-501+","5","negative_002_y_prev_not_032","2","240","002","405","405","metadata_only","0","0","0","yes","no","no","yes","5","","",""
"H-1350","4090.1","Harappa","TAB:I","Bult","-","Y","R/L","+226-032+","2","negative_032_next_not_002","1","226","032","","","metadata_only","0","0","0","yes","no","no","no","5","","",""
"H-1354","222.1","Harappa","TAB:I","Bult","Steatite","Y","R/L","+824-032-578-415+","4","negative_032_next_not_002","1","824","032","578","","metadata_only","0","0","0","yes","no","no","no","5","","",""
"H-177","1211.1","Harappa","TAB:B","Scene","Faience","Y","R/L","+700-033-151-706-031-002-817+","7","negative_002_y_prev_not_032","5","031","002","817","817","metadata_only","0","0","0","yes","no","no","yes","5","","",""
"H-1771","371.1","Harappa","TAB:B","Goat:4","Faience","Y","L/R","+700-032+","2","negative_032_next_not_002","1","700","032","","","metadata_only","0","0","0","yes","no","no","no","5","","",""
"H-1772","400.1","Harappa","TAB:B","Goat:4","Faience","Y","R/L","+700-032+","2","negative_032_next_not_002","1","700","032","","","metadata_only","0","0","0","yes","no","no","no","5","","",""
"H-1773","383.1","Harappa","TAB:B","Goat:4","Faience","Y","L/R","+700-032+","2","negative_032_next_not_002","1","700","032","","","metadata_only","0","0","0","yes","no","no","no","5","","",""
"H-1774","1021.2","Harappa","TAB:B","Scene","Faience","Y","R/L","+700-032+","2","negative_032_next_not_002","1","700","032","","","metadata_only","0","0","0","yes","no","no","no","5","","",""
"H-1797","570.1","Harappa","TAB:B","Bult","Faience","Y","L/R","+032-700+","2","negative_032_next_not_002","0","","032","700","","metadata_only","0","0","0","yes","no","no","no","5","","",""
"H-182","1215.1","Harappa","TAB:B","Scene","Faience","Y","R/L","+740-032-840+","3","negative_032_next_not_002","1","740","032","840","","metadata_only","0","0","0","yes","no","no","no","5","","",""
"H-182","1215.2","Harappa","TAB:B","Scene","Faience","Y","R/L","+740-032-840+","3","negative_032_next_not_002","1","740","032","840","","metadata_only","0","0","0","yes","no","no","no","5","","",""
"H-186","1219.1","Harappa","TAB:B","Phyt","Faience","Y","R/L","+032-840+","2","negative_032_next_not_002","0","","032","840","","metadata_only","0","0","0","yes","no","no","no","5","","",""
"H-1882","466.1","Harappa","TAB:B","None","Faience","Y","R/L","+002-820+","2","negative_002_y_prev_not_032","0","","002","820","820","metadata_only","0","0","0","yes","no","yes","no","5","","",""
"H-1930","771.2","Harappa","TAB:B","Gavi","Faience","Y","R/L","+408-817-920-002-861+","5","negative_002_y_prev_not_032","3","920","002","861","861","metadata_only","0","0","0","yes","no","no","yes","5","","",""
"H-1930","771.1","Harappa","TAB:B","Gavi","Faience","Y","R/L","+032-700-601+","3","negative_032_next_not_002","0","","032","700","","metadata_only","0","0","0","yes","no","no","no","5","","",""
"H-1931","548.1","Harappa","TAB:B","Gavi","Faience","Y","R/L","+700-032+","2","negative_032_next_not_002","1","700","032","","","metadata_only","0","0","0","yes","no","no","no","5","","",""
"H-1932","504.1","Harappa","TAB:B","Gavi","-","Y","R/L","+032-700+","2","negative_032_next_not_002","0","","032","700","","metadata_only","0","0","0","yes","no","no","no","5","","",""
"H-1936","765.1","Harappa","TAB:B","Bult","Faience","Y","L/R","+700-032+","2","negative_032_next_not_002","1","700","032","","","metadata_only","0","0","0","yes","no","no","no","5","","",""
"H-1936","765.2","Harappa","TAB:B","Bult","Faience","Y","L/R","+511-032-142+","3","negative_032_next_not_002","1","511","032","142","","metadata_only","0","0","0","yes","no","no","no","5","","",""
"H-1941","927.1","Harappa","TAB:B","Bult","Faience","Y","R/L","+700-032+","2","negative_032_next_not_002","1","700","032","","","metadata_only","0","0","0","yes","no","no","no","5","","",""
"H-1942","409.1","Harappa","TAB:B","Bult","Faience","Y","R/L","+032-700+","2","negative_032_next_not_002","0","","032","700","","metadata_only","0","0","0","yes","no","no","no","5","","",""
"H-1945","923.1","Harappa","TAB:B","Fish","Faience","Y","R/L","+032-700+","2","negative_032_next_not_002","0","","032","700","","metadata_only","0","0","0","yes","no","no","no","5","","",""
"H-1953","485.1","Harappa","TAB:B","Zebu","Clay","Y","R/L","+700-032-220+","3","negative_032_next_not_002","1","700","032","220","","metadata_only","0","0","0","yes","no","no","no","5","","",""
"H-196","1227.3","Harappa","TAB:B","Mult","Faience","Y","R/L","+032-700-100-001+","4","negative_032_next_not_002","0","","032","700","","metadata_only","0","0","0","yes","no","no","no","5","","",""
"H-1966","1004.1","Harappa","TAB:B","Gaur","Clay","Y","R/L","+520-233-049-002-861+","5","negative_002_y_prev_not_032","3","049","002","861","861","metadata_only","0","0","0","yes","no","no","yes","5","","",""
"H-1967","448.1","Harappa","TAB:B","Mult","Clay","Y","R/L","+382-760-382-002-820+","5","negative_002_y_prev_not_032","3","382","002","820","820","metadata_only","0","0","0","yes","no","no","yes","5","","",""
"H-1977","535.1","Harappa","TAB:B","Mult","Clay","Y","R/L","+740-032-840+","3","negative_032_next_not_002","1","740","032","840","","metadata_only","0","0","0","yes","no","no","no","5","","",""
"H-1977","535.2","Harappa","TAB:B","Mult","Clay","Y","R/L","+740-032-840+","3","negative_032_next_not_002","1","740","032","840","","metadata_only","0","0","0","yes","no","no","no","5","","",""
"H-2019","904.2","Harappa","TAB:B","Gavi","Clay","Y","R/L","+690-590-032-220+","4","negative_032_next_not_002","2","590","032","220","","metadata_only","0","0","0","yes","no","no","no","5","","",""
"H-2020","902.2","Harappa","TAB:B","Gavi","Clay","Y","R/L","+690-590-032-220+","4","negative_032_next_not_002","2","590","032","220","","metadata_only","0","0","0","yes","no","no","no","5","","",""
"H-2022","594.2","Harappa","TAB:B","Phyt","Clay","Y","R/L","+740-752-175-002-861+","5","negative_002_y_prev_not_032","3","175","002","861","861","metadata_only","0","0","0","yes","no","no","yes","5","","",""
"H-2022","594.1","Harappa","TAB:B","Phyt","Clay","Y","R/L","+032-850-031+","3","negative_032_next_not_002","0","","032","850","","metadata_only","0","0","0","yes","no","no","no","5","","",""
"H-2094","476.2","Harappa","TAB:I","None","Steatite","Y","R/L","+002-861-416+","3","negative_002_y_prev_not_032","0","","002","861","861","metadata_only","0","0","0","yes","no","yes","no","5","","",""
"H-2095","518.2","Harappa","TAB:I","None","-","Y","R/L","+002-861-416+","3","negative_002_y_prev_not_032","0","","002","861","861","metadata_only","0","0","0","yes","no","yes","no","5","","",""
"H-2096","665.2","Harappa","TAB:I","None","-","Y","R/L","+002-861-416+","3","negative_002_y_prev_not_032","0","","002","861","861","metadata_only","0","0","0","yes","no","yes","no","5","","",""
"H-2097","488.2","Harappa","TAB:I","None","Steatite","Y","R/L","+002-861-416+","3","negative_002_y_prev_not_032","0","","002","861","861","metadata_only","0","0","0","yes","no","yes","no","5","","",""
"H-2201","753.1","Harappa","TAB:I","Fish","Steatite","Y","R/L","+700-032+","2","negative_032_next_not_002","1","700","032","","","metadata_only","0","0","0","yes","no","no","no","5","","",""
"H-2204","659.2","Harappa","TAB:I","Fish","Steatite","Y","R/L","+400-740-032-027+","4","negative_032_next_not_002","2","740","032","027","","metadata_only","0","0","0","yes","no","no","no","5","","",""
"H-2206","871.2","Harappa","TAB:I","Fish","Steatite","Y","R/L","+740-032-025+","3","negative_032_next_not_002","1","740","032","025","","metadata_only","0","0","0","yes","no","no","no","5","","",""
"H-2207","630.2","Harappa","TAB:I","Fish","Steatite","Y","R/L","+400-740-032-027+","4","negative_032_next_not_002","2","740","032","027","","metadata_only","0","0","0","yes","no","no","no","5","","",""
"H-2208","549.2","Harappa","TAB:I","Fish","Steatite","Y","R/L","+400-740-032-027+","4","negative_032_next_not_002","2","740","032","027","","metadata_only","0","0","0","yes","no","no","no","5","","",""
"H-2209","638.2","Harappa","TAB:I","Fish","Steatite","Y","R/L","+400-740-032-025+","4","negative_032_next_not_002","2","740","032","025","","metadata_only","0","0","0","yes","no","no","no","5","","",""
"H-2211","829.1","Harappa","TAB:I","Bult","Steatite","Y","R/L","+700-032+","2","negative_032_next_not_002","1","700","032","","","metadata_only","0","0","0","yes","no","no","no","5","","",""
"H-2211","829.2","Harappa","TAB:I","Bult","Steatite","Y","R/L","+700-840-032-741+","4","negative_032_next_not_002","2","840","032","741","","metadata_only","0","0","0","yes","no","no","no","5","","",""
"H-2246","484.2","Harappa","TAB:I","Bult","Steatite","Y","R/L","+824-032-578-415+","4","negative_032_next_not_002","1","824","032","578","","metadata_only","0","0","0","yes","no","no","no","5","","",""
"H-230","1257.2","Harappa","TAB:B","Phyt","Faience","Y","R/L","+700-032+","2","negative_032_next_not_002","1","700","032","","","metadata_only","0","0","0","yes","no","no","no","5","","",""
"H-244","1269.1","Harappa","TAB:B","None","Faience","Y","R/L","+104-002-820+","3","negative_002_y_prev_not_032","1","104","002","820","820","metadata_only","0","0","0","yes","no","yes","no","5","","",""
"H-251","1276.2","Harappa","TAB:B","Gaur","Faience","Y","R/L","+700-032+","2","negative_032_next_not_002","1","700","032","","","metadata_only","0","0","0","yes","no","no","no","5","","",""
"H-252","1277.1","Harappa","TAB:B","Bull1:I","-","Y","R/L","+520-240-002-405-501+","5","negative_002_y_prev_not_032","2","240","002","405","405","metadata_only","0","0","0","yes","no","no","yes","5","","",""
"H-253","1278.1","Harappa","TAB:B","Bull1:I","-","Y","R/L","+520-240-002-405-501+","5","negative_002_y_prev_not_032","2","240","002","405","405","metadata_only","0","0","0","yes","no","no","yes","5","","",""
"H-254","1279.1","Harappa","TAB:B","Bull1:I","-","Y","R/L","+520-240-002-405-501+","5","negative_002_y_prev_not_032","2","240","002","405","405","metadata_only","0","0","0","yes","no","no","yes","5","","",""
"H-255","1280.1","Harappa","TAB:B","Bull1:I","-","Y","R/L","+520-240-002-405-501+","5","negative_002_y_prev_not_032","2","240","002","405","405","metadata_only","0","0","0","yes","no","no","yes","5","","",""
"H-256","1281.1","Harappa","TAB:B","Bull1:I","-","Y","R/L","+520-240-002-405-501+","5","negative_002_y_prev_not_032","2","240","002","405","405","metadata_only","0","0","0","yes","no","no","yes","5","","",""
"H-257","1282.1","Harappa","TAB:B","Bull1:I","-","Y","R/L","+520-240-002-405-501+","5","negative_002_y_prev_not_032","2","240","002","405","405","metadata_only","0","0","0","yes","no","no","yes","5","","",""
"H-258","1283.1","Harappa","TAB:B","Bull1:I","-","Y","R/L","+520-240-002-405-501+","5","negative_002_y_prev_not_032","2","240","002","405","405","metadata_only","0","0","0","yes","no","no","yes","5","","",""
"H-259","1284.1","Harappa","TAB:B","Bull1:I","-","Y","R/L","+520-240-002-405-501+","5","negative_002_y_prev_not_032","2","240","002","405","405","metadata_only","0","0","0","yes","no","no","yes","5","","",""
"H-261","1286.1","Harappa","TAB:B","Bull1:I","Clay","Y","R/L","+520-240-002-405-501+","5","negative_002_y_prev_not_032","2","240","002","405","405","metadata_only","0","0","0","yes","no","no","yes","5","","",""
"H-262","1287.1","Harappa","TAB:B","Bull1:I","-","Y","R/L","+520-240-002-405-501+","5","negative_002_y_prev_not_032","2","240","002","405","405","metadata_only","0","0","0","yes","no","no","yes","5","","",""
"H-263","1288.1","Harappa","TAB:B","Bull1:I","-","Y","R/L","+520-240-002-405-501+","5","negative_002_y_prev_not_032","2","240","002","405","405","metadata_only","0","0","0","yes","no","no","yes","5","","",""
"H-264","1289.1","Harappa","TAB:B","Bull1:I","-","Y","R/L","+520-240-002-405-501+","5","negative_002_y_prev_not_032","2","240","002","405","405","metadata_only","0","0","0","yes","no","no","yes","5","","",""
"H-276","1298.1","Harappa","TAB:B","Bull1:I","-","Y","R/L","+520-240-002-405-501+","5","negative_002_y_prev_not_032","2","240","002","405","405","metadata_only","0","0","0","yes","no","no","yes","5","","",""
"H-292","1314.1","Harappa","TAB:I","None","Steatite","Y","R/L","+002-817+","2","negative_002_y_prev_not_032","0","","002","817","817","metadata_only","0","0","0","yes","no","yes","no","5","","",""
"H-293","1315.1","Harappa","TAB:I","None","Steatite","Y","R/L","+002-817+","2","negative_002_y_prev_not_032","0","","002","817","817","metadata_only","0","0","0","yes","no","yes","no","5","","",""
"H-359","1378.2","Harappa","TAB:I","Bult","Steatite","Y","R/L","+032-700+","2","negative_032_next_not_002","0","","032","700","","metadata_only","0","0","0","yes","no","no","no","5","","",""
"H-360","1379.1","Harappa","TAB:I","Bult","Steatite","Y","R/L","+824-032-578-415+","4","negative_032_next_not_002","1","824","032","578","","metadata_only","0","0","0","yes","no","no","no","5","","",""
"H-361","1380.2","Harappa","TAB:I","Bult","-","Y","R/L","+700-032+","2","negative_032_next_not_002","1","700","032","","","metadata_only","0","0","0","yes","no","no","no","5","","",""
"H-362","1381.2","Harappa","TAB:I","Bult","Steatite","Y","R/L","+700-032+","2","negative_032_next_not_002","1","700","032","","","metadata_only","0","0","0","yes","no","no","no","5","","",""
"H-697","1602.1","Harappa","TAB:B","Bull2","Clay","Y","R/L","+740-904-240-002-817+","5","negative_002_y_prev_not_032","3","240","002","817","817","metadata_only","0","0","0","yes","no","no","yes","5","","",""
"H-697","1602.2","Harappa","TAB:B","Bull2","Clay","Y","R/L","+700-032+","2","negative_032_next_not_002","1","700","032","","","metadata_only","0","0","0","yes","no","no","no","5","","",""
"H-706","1611.1","Harappa","TAB:B","Gavi","Faience","Y","R/L","+700-033-137-002-820+","5","negative_002_y_prev_not_032","3","137","002","820","820","metadata_only","0","0","0","yes","no","no","yes","5","","",""
"H-723","1625.1","Harappa","TAB:B","Phyt","-","Y","R/L","+740-032-840+","3","negative_032_next_not_002","1","740","032","840","","metadata_only","0","0","0","yes","no","no","no","5","","",""
"H-815","1704.1","Harappa","TAB:B","Othr","Faience","Y","R/L","+700-032+","2","negative_032_next_not_002","1","700","032","","","metadata_only","0","0","0","yes","no","no","no","5","","",""
"H-829","1717.1","Harappa","TAB:B","None","-","Y","L/R","+139-002-820+","3","negative_002_y_prev_not_032","1","139","002","820","820","metadata_only","0","0","0","yes","no","yes","no","5","","",""
"H-833","1719.1","Harappa","TAB:B","None","Faience","Y","R/L","+526-554-002-820+","4","negative_002_y_prev_not_032","2","554","002","820","820","metadata_only","0","0","0","yes","no","yes","no","5","","",""
"H-849","1735.2","Harappa","TAB:B","Fish","Faience","Y","R/L","+032-700+","2","negative_032_next_not_002","0","","032","700","","metadata_only","0","0","0","yes","no","no","no","5","","",""
"H-850","1736.2","Harappa","TAB:B","Fish","Faience","Y","R/L","+032-700+","2","negative_032_next_not_002","0","","032","700","","metadata_only","0","0","0","yes","no","no","no","5","","",""
"H-852","1738.1","Harappa","TAB:B","Phyt","Faience","Y","R/L","+700-032+","2","negative_032_next_not_002","1","700","032","","","metadata_only","0","0","0","yes","no","no","no","5","","",""
"H-854","1740.2","Harappa","TAB:B","Bult","Faience","Y","L/R","+700-032+","2","negative_032_next_not_002","1","700","032","","","metadata_only","0","0","0","yes","no","no","no","5","","",""
"H-859","1742.1","Harappa","TAB:B","Bull1:I","-","Y","R/L","+520-240-002-405-501+","5","negative_002_y_prev_not_032","2","240","002","405","405","metadata_only","0","0","0","yes","no","no","yes","5","","",""
"H-860","1743.1","Harappa","TAB:B","Bull1:I","-","Y","R/L","+520-240-002-405-501+","5","negative_002_y_prev_not_032","2","240","002","405","405","metadata_only","0","0","0","yes","no","no","yes","5","","",""
"H-861","1744.1","Harappa","TAB:B","Bull1:I","-","Y","R/L","+520-240-002-405-501+","5","negative_002_y_prev_not_032","2","240","002","405","405","metadata_only","0","0","0","yes","no","no","yes","5","","",""
"H-862","1745.1","Harappa","TAB:B","Bull1:I","-","Y","R/L","+520-240-002-405-501+","5","negative_002_y_prev_not_032","2","240","002","405","405","metadata_only","0","0","0","yes","no","no","yes","5","","",""
"H-863","1746.1","Harappa","TAB:B","Bull1:I","-","Y","R/L","+520-240-002-405-501+","5","negative_002_y_prev_not_032","2","240","002","405","405","metadata_only","0","0","0","yes","no","no","yes","5","","",""
"H-864","1747.1","Harappa","TAB:B","Bull1:I","-","Y","R/L","+520-240-002-405-501+","5","negative_002_y_prev_not_032","2","240","002","405","405","metadata_only","0","0","0","yes","no","no","yes","5","","",""
"H-865","1748.1","Harappa","TAB:B","Bull1:I","-","Y","R/L","+520-240-002-405-501+","5","negative_002_y_prev_not_032","2","240","002","405","405","metadata_only","0","0","0","yes","no","no","yes","5","","",""
"H-866","1749.1","Harappa","TAB:B","Bull1:U","-","Y","R/L","+520-240-002-405-501+","5","negative_002_y_prev_not_032","2","240","002","405","405","metadata_only","0","0","0","yes","no","no","yes","5","","",""
"H-867","1750.1","Harappa","TAB:B","Bull1:U","-","Y","R/L","+520-240-002-405-501+","5","negative_002_y_prev_not_032","2","240","002","405","405","metadata_only","0","0","0","yes","no","no","yes","5","","",""
"H-868","1751.1","Harappa","TAB:B","Bull1:I","-","Y","R/L","+520-240-002-405-501+","5","negative_002_y_prev_not_032","2","240","002","405","405","metadata_only","0","0","0","yes","no","no","yes","5","","",""
"H-869","1752.1","Harappa","TAB:B","Bull1:I","-","Y","R/L","+520-240-002-405-501+","5","negative_002_y_prev_not_032","2","240","002","405","405","metadata_only","0","0","0","yes","no","no","yes","5","","",""
"H-870","1753.1","Harappa","TAB:B","Bull1:I","-","Y","R/L","+520-240-002-405-501+","5","negative_002_y_prev_not_032","2","240","002","405","405","metadata_only","0","0","0","yes","no","no","yes","5","","",""
"H-887","1769.1","Harappa","TAB:I","None","-","Y","R/L","+002-817+","2","negative_002_y_prev_not_032","0","","002","817","817","metadata_only","0","0","0","yes","no","yes","no","5","","",""
"H-975","1852.2","Harappa","TAB:I","-","Steatite","Y","R/L","+700-032+","2","negative_032_next_not_002","1","700","032","","","metadata_only","0","0","0","yes","no","no","no","5","","",""
"K-10","1885.1","Kalibangan","SEAL:S","Bull1:I","Steatite","Y","R/L","+740-690-435-255-002-368-861-590-032-368+","10","negative_002_y_prev_not_032","4","255","002","368","368","metadata_only","0","0","0","no","yes","no","yes","5","","",""
"K-23","1897.1","Kalibangan","SEAL:S","Bull1:I","Steatite","Y","R/L","+740-441-002-820-033+","5","negative_002_y_prev_not_032","2","441","002","820","820","metadata_only","0","0","0","no","yes","no","yes","5","","",""
"K-28","1902.1","Kalibangan","SEAL:S","Gaur","Steatite","Y","R/L","+440-411-740-335-002-285-491+","7","negative_002_y_prev_not_032","4","335","002","285","285","metadata_only","0","0","0","no","yes","no","yes","5","","",""
"K-40","1908.1","Kalibangan","SEAL:S","Elep","Steatite","Y","R/L","+760-031-002-861-791-440-717+","7","negative_002_y_prev_not_032","2","031","002","861","861","metadata_only","0","0","0","no","yes","no","yes","5","","",""
"L-101","2053.1","Lothal","MISC","None","Clay","Y","R/L","+390-700-790-032-063+","5","negative_032_next_not_002","3","790","032","063","","metadata_only","0","0","0","no","no","yes","yes","5","","",""
"L-11","1990.1","Lothal","SEAL:S","Bull1:L","Steatite","Y","R/L","+590-705-435-255-778-002-817+","7","negative_002_y_prev_not_032","5","778","002","817","817","metadata_only","0","0","0","no","yes","no","yes","5","","",""
"L-219","2135.1","Lothal","TAG","Bull1","Clay","Y","R/L","+233-226-032-001-223-575+","6","negative_032_next_not_002","2","226","032","001","","metadata_only","0","0","0","no","no","yes","yes","5","","",""
"L-41","2013.1","Lothal","SEAL:S","Bull","Clay","Y","R/L","+090-740-233-002-817+","5","negative_002_y_prev_not_032","3","233","002","817","817","metadata_only","0","0","0","no","yes","no","yes","5","","",""
"L-46","2017.1","Lothal","SEAL:S","Gaur","Steatite","Y","R/L","+527-388-233-740-176-002-861-392+","8","negative_002_y_prev_not_032","5","176","002","861","861","metadata_only","0","0","0","no","yes","no","yes","5","","",""
"L-82","2036.1","Lothal","SEAL:R","None","Steatite","Y","R/L","+806-231-002-221+","4","negative_002_y_prev_not_032","2","231","002","221","221","metadata_only","0","0","0","no","yes","yes","no","5","","",""
"Lh-1","1981.1","Lohumjo-daro","SEAL:S","Bull1:S","-","Y","R/L","+740-760-615-104-717-235-002-392-590-125+","10","negative_002_y_prev_not_032","6","235","002","392","392","metadata_only","0","0","0","no","yes","no","yes","5","","",""
"M-1371","3670.1","Mohenjo-daro","POT:T:s","None","Clay","Y","R/L","+527-550-002-370+","4","negative_002_y_prev_not_032","2","550","002","370","370","metadata_only","0","0","0","yes","no","yes","no","5","","",""
"M-1381","3677.1","Mohenjo-daro","POT:T:s","None","Clay","Y","R/L","+527-550-002-370+","4","negative_002_y_prev_not_032","2","550","002","370","370","metadata_only","0","0","0","yes","no","yes","no","5","","",""
"M-1532","3782.1","Mohenjo-daro","TAB:C","Othr","Copper","Y","R/L","+407-004-002-365-460-495+","6","negative_002_y_prev_not_032","2","004","002","365","365","metadata_only","0","0","0","yes","no","no","yes","5","","",""
"M-1569","3798.1","Mohenjo-daro","TAB:C","-","Copper","Y","R/L","+904-032-904+","3","negative_032_next_not_002","1","904","032","904","","metadata_only","0","0","0","yes","no","no","no","5","","",""
"M-2014","2432.1","Mohenjo-daro","TAB:B","Mult","Clay","Y","R/L","+740-032-840-220+","4","negative_032_next_not_002","1","740","032","840","","metadata_only","0","0","0","yes","no","no","no","5","","",""
"M-2060","2165.2","Mohenjo-daro","POT:T:g","None","Clay","Y","L/R","+740-176-002-861+","4","negative_002_y_prev_not_032","2","176","002","861","861","metadata_only","0","0","0","yes","no","yes","no","5","","",""
"M-2089","2318.1","Mohenjo-daro","ROD","None","Ivory","Y","L/R","+002-861-096+","3","negative_002_y_prev_not_032","0","","002","861","861","metadata_only","0","0","0","yes","no","yes","no","5","","",""
"M-2128","4047.1","Mohenjo-daro","IMPL","None","Gold","Y","R/L","+041-705-002-905+","4","negative_002_y_prev_not_032","2","705","002","905","905","metadata_only","0","0","0","yes","no","yes","no","5","","",""
"M-437","2929.1","Mohenjo-daro","TAG:P","Zebu","Clay","Y","R/L","+740-390-590-002-820+","5","negative_002_y_prev_not_032","3","590","002","820","820","metadata_only","0","0","0","yes","no","no","yes","5","","",""
"M-453","2938.1","Mohenjo-daro","TAB:B","Scene","Faience","Y","R/L","+740-032-840-220-002-861+","6","negative_002_y_prev_not_032","4","220","002","861","861","metadata_only","0","0","0","yes","no","no","yes","5","","",""
"M-490","2972.1","Mohenjo-daro","TAB:B","Scene","Clay","Y","R/L","+850-140-803-002-840-016+","6","negative_002_y_prev_not_032","3","803","002","840","840","metadata_only","0","0","0","yes","no","no","yes","5","","",""
"M-491","2973.1","Mohenjo-daro","TAB:B","Scene","Clay","Y","R/L","+850-140-803-002-840-016+","6","negative_002_y_prev_not_032","3","803","002","840","840","metadata_only","0","0","0","yes","no","no","yes","5","","",""
"M-523","2998.1","Mohenjo-daro","TAB:C","Gaur","Copper","Y","R/L","+407-071-032+","3","negative_032_next_not_002","2","071","032","","","metadata_only","0","0","0","yes","no","no","no","5","","",""
"M-524","2999.1","Mohenjo-daro","TAB:C","Gaur","Copper","Y","R/L","+407-071-032+","3","negative_032_next_not_002","2","071","032","","","metadata_only","0","0","0","yes","no","no","no","5","","",""
"Ns-54","5356.1","Nausharo","SEAL:S","Bull1:J","Steatite","Y","R/L","+740-222-002-817+","4","negative_002_y_prev_not_032","2","222","002","817","817","metadata_only","0","0","0","no","yes","yes","no","5","","",""
"Ns-55","5357.1","Nausharo","SEAL:S","Bull1:J","Steatite","Y","R/L","+526-554-002-880+","4","negative_002_y_prev_not_032","2","554","002","880","880","metadata_only","0","0","0","no","yes","yes","no","5","","",""
"Ns-57","5358.1","Nausharo","SEAL:S","Bull1:I","Steatite","Y","R/L","+861-111-606-002-820+","5","negative_002_y_prev_not_032","3","606","002","820","820","metadata_only","0","0","0","no","yes","no","yes","5","","",""
"Ns-58","5359.1","Nausharo","SEAL:S","Gaur","Steatite","Y","R/L","+740-760-032+","3","negative_032_next_not_002","2","760","032","","","metadata_only","0","0","0","no","yes","no","no","5","","",""
"Ns-60","5361.1","Nausharo","SEAL:R","None","Steatite","Y","R/L","+407-063-740-176-236-798-002-297-350-125-413+","11","negative_002_y_prev_not_032","6","798","002","297","297","metadata_only","0","0","0","no","yes","yes","no","5","","",""
"Ns-7","3855.1","Nausharo","SEAL:S","Bull1:J","Steatite","Y","R/L","+390-003-002-820+","4","negative_002_y_prev_not_032","2","003","002","820","820","metadata_only","0","0","0","no","yes","yes","no","5","","",""
"?-6","3895.1","Unknown","TAB:B","None","-","Y","R/L","+740-702-061-002-817+","5","negative_002_y_prev_not_032","3","061","002","817","817","metadata_only","0","0","0","no","no","yes","yes","4","","",""
"?-6","3895.2","Unknown","TAB:B","None","-","Y","R/L","+700-032+","2","negative_032_next_not_002","1","700","032","","","metadata_only","0","0","0","no","no","yes","no","4","","",""
"B-15","36.1","Banawali","SEAL:S","Rhin","Steatite","Y","R/L","+002-817+","2","negative_002_y_prev_not_032","0","","002","817","817","metadata_only","0","0","0","no","yes","no","no","4","","",""
"B-17","37.1","Banawali","SEAL:S","Htgr","Steatite","Y","R/L","+236-002-308-072+","4","negative_002_y_prev_not_032","1","236","002","308","308","metadata_only","0","0","0","no","yes","no","no","4","","",""
"B-5","30.1","Banawali","SEAL:S","Bull3","-","Y","R/L","+002-817+","2","negative_002_y_prev_not_032","0","","002","817","817","metadata_only","0","0","0","no","yes","no","no","4","","",""
"B-7","31.1","Banawali","SEAL:S","Buff","Steatite","Y","R/L","+002-817+","2","negative_002_y_prev_not_032","0","","002","817","817","metadata_only","0","0","0","no","yes","no","no","4","","",""
"H-1785","789.1","Harappa","TAB:B","Phyt","Faience","Y","R/L","+407-004-002-861+","4","negative_002_y_prev_not_032","2","004","002","861","861","metadata_only","0","0","0","yes","no","no","no","4","","",""
"H-1942","409.2","Harappa","TAB:B","Bult","Faience","Y","R/L","+405-035-002-861+","4","negative_002_y_prev_not_032","2","035","002","861","861","metadata_only","0","0","0","yes","no","no","no","4","","",""
"H-2003","401.1","Harappa","TAB:B","Mult","Clay","Y","R/L","+390-004-002-817+","4","negative_002_y_prev_not_032","2","004","002","817","817","metadata_only","0","0","0","yes","no","no","no","4","","",""
"H-702","1607.1","Harappa","TAB:B","Mult","Faience","Y","L/R","+137-002-820+","3","negative_002_y_prev_not_032","1","137","002","820","820","metadata_only","0","0","0","yes","no","no","no","4","","",""
"H-719","1622.1","Harappa","TAB:B","Phyt","Faience","Y","R/L","+405-004-002-861+","4","negative_002_y_prev_not_032","2","004","002","861","861","metadata_only","0","0","0","yes","no","no","no","4","","",""
"K-156","5281.1","Kalibangan","TAG","Bull1","Terracotta","Y","R/L","+892-890-417-002-056-091+","6","negative_002_y_prev_not_032","3","417","002","056","056","metadata_only","0","0","0","no","no","yes","yes","4","","",""
"K-27","1901.1","Kalibangan","SEAL:S","Bull2","Steatite","Y","R/L","+002-817+","2","negative_002_y_prev_not_032","0","","002","817","817","metadata_only","0","0","0","no","yes","no","no","4","","",""
"K-33","1906.1","Kalibangan","SEAL:S","Buff","Steatite","Y","R/L","+226-002-861+","3","negative_002_y_prev_not_032","1","226","002","861","861","metadata_only","0","0","0","no","yes","no","no","4","","",""
"K-68","1926.2","Kalibangan","TAB:B","Bull1","Faience","Y","R/L","+700-032+","2","negative_032_next_not_002","1","700","032","","","metadata_only","0","0","0","no","no","yes","no","4","","",""
"K-69","1927.1","Kalibangan","TAG","Bull1","Terracotta","Y","R/L","+892-890-417-002-056-091+","6","negative_002_y_prev_not_032","3","417","002","056","056","metadata_only","0","0","0","no","no","yes","yes","4","","",""
"K-70","1928.1","Kalibangan","TAG","Bull1","Terracotta","Y","R/L","+892-890-417-002-056-091+","6","negative_002_y_prev_not_032","3","417","002","056","056","metadata_only","0","0","0","no","no","yes","yes","4","","",""
"K-71","1929.1","Kalibangan","TAG","None","Terracotta","Y","R/L","+892-890-417-002-056-091+","6","negative_002_y_prev_not_032","3","417","002","056","056","metadata_only","0","0","0","no","no","yes","yes","4","","",""
"K-72","1930.1","Kalibangan","TAG","Bull1","Terracotta","Y","R/L","+892-890-417-002-056-091+","6","negative_002_y_prev_not_032","3","417","002","056","056","metadata_only","0","0","0","no","no","yes","yes","4","","",""
"K-73","1931.1","Kalibangan","TAG","Bull1","Terracotta","Y","R/L","+892-890-417-002-056-091+","6","negative_002_y_prev_not_032","3","417","002","056","056","metadata_only","0","0","0","no","no","yes","yes","4","","",""
"K-74","1932.1","Kalibangan","TAG","Bull1","Terracotta","Y","R/L","+892-890-417-002-056-091+","6","negative_002_y_prev_not_032","3","417","002","056","056","metadata_only","0","0","0","no","no","yes","yes","4","","",""
"K-75","1933.1","Kalibangan","TAG","Bull1","Terracotta","Y","R/L","+892-890-417-002-056-091+","6","negative_002_y_prev_not_032","3","417","002","056","056","metadata_only","0","0","0","no","no","yes","yes","4","","",""
"K-89","1944.1","Kalibangan","TAG:L","Bull1","-","Y","R/L","+090-740-362-002-360-832+","6","negative_002_y_prev_not_032","3","362","002","360","360","metadata_only","0","0","0","no","no","yes","yes","4","","",""
"L-18","1996.1","Lothal","SEAL:S","Bull1:S","Steatite","Y","R/L","+415-031-002-820+","4","negative_002_y_prev_not_032","2","031","002","820","820","metadata_only","0","0","0","no","yes","no","no","4","","",""
"L-57","2024.1","Lothal","SEAL:S","-","-","Y","L/R","+832-002-861+","3","negative_002_y_prev_not_032","1","832","002","861","861","metadata_only","0","0","0","no","yes","no","no","4","","",""
"L-83","2037.1","Lothal","SEAL:L","None","Agate","Y","R/L","+740-806-240-002-820+","5","negative_002_y_prev_not_032","3","240","002","820","820","metadata_only","0","0","0","no","no","yes","yes","4","","",""
"L-84","2038.1","Lothal","SEAL:R","-","-","Y","R/L","+048-002-817+","3","negative_002_y_prev_not_032","1","048","002","817","817","metadata_only","0","0","0","no","yes","no","no","4","","",""
"M-1961","2528.1","Mohenjo-daro","SEAL","-","Steatite","Y","R/L","+406-072-002-817+","4","negative_002_y_prev_not_032","2","072","002","817","817","metadata_only","0","0","0","yes","no","no","no","4","","",""
"Rgr-3","3868.1","Rakhigarhi","TAG:W","Bull1","-","Y","R/L","+130-032-820+","3","negative_032_next_not_002","1","130","032","820","","metadata_only","0","0","0","no","no","yes","no","4","","",""
"Rgr-3","3868.2","Rakhigarhi","TAG:W","Bull1","-","Y","R/L","+130-032-820+","3","negative_032_next_not_002","1","130","032","820","","metadata_only","0","0","0","no","no","yes","no","4","","",""
"?-5","3894.1","Unknown","TAB:B","None","-","Y","R/L","+555-233-002-820+","4","negative_002_y_prev_not_032","2","233","002","820","820","metadata_only","0","0","0","no","no","yes","no","3","","",""
"K-78","1935.1","Kalibangan","TAB:B","Gavi","Terracotta","Y","R/L","+740-817-390-002-820+","5","negative_002_y_prev_not_032","3","390","002","820","820","metadata_only","0","0","0","no","no","no","yes","3","","",""
"K-82","1938.1","Kalibangan","TAG:L","Bull1","-","Y","R/L","+390-003-002-861+","4","negative_002_y_prev_not_032","2","003","002","861","861","metadata_only","0","0","0","no","no","yes","no","3","","",""
"L-130","2073.1","Lothal","TAG","Bull1","Clay","Y","R/L","+236-002-861+","3","negative_002_y_prev_not_032","1","236","002","861","861","metadata_only","0","0","0","no","no","yes","no","3","","",""
"L-134","2077.1","Lothal","TAG","-","Clay","Y","R/L","+520-233-220-240-002-617+","6","negative_002_y_prev_not_032","4","240","002","617","617","metadata_only","0","0","0","no","no","no","yes","3","","",""
"L-145","2087.1","Lothal","TAG","Bull1","-","Y","R/L","+390-415-002-550+","4","negative_002_y_prev_not_032","2","415","002","550","550","metadata_only","0","0","0","no","no","yes","no","3","","",""
"L-207","2126.1","Lothal","TAG","Bull1","Clay","Y","R/L","+740-482-002-820+","4","negative_002_y_prev_not_032","2","482","002","820","820","metadata_only","0","0","0","no","no","yes","no","3","","",""
"K-85","1940.1","Kalibangan","TAG:L","Elep","-","Y","R/L","+520-033-002-861+","4","negative_002_y_prev_not_032","2","033","002","861","861","metadata_only","0","0","0","no","no","no","no","2","","",""
"L-131","2074.1","Lothal","TAG","-","Clay","Y","R/L","+236-002-861+","3","negative_002_y_prev_not_032","1","236","002","861","861","metadata_only","0","0","0","no","no","no","no","2","","",""
"L-161","2093.1","Lothal","TAG:B","Elep","Clay","Y","R/L","+740-048-002-817+","4","negative_002_y_prev_not_032","2","048","002","817","817","metadata_only","0","0","0","no","no","no","no","2","","",""
"L-162","2094.1","Lothal","TAG:B","Elep","Clay","Y","R/L","+740-048-002-817+","4","negative_002_y_prev_not_032","2","048","002","817","817","metadata_only","0","0","0","no","no","no","no","2","","",""
"L-163","2095.1","Lothal","TAG:B","Elep","Clay","Y","R/L","+740-048-002-817+","4","negative_002_y_prev_not_032","2","048","002","817","817","metadata_only","0","0","0","no","no","no","no","2","","",""
"L-164","2096.1","Lothal","TAG:B","Elep","Clay","Y","R/L","+740-048-002-817+","4","negative_002_y_prev_not_032","2","048","002","817","817","metadata_only","0","0","0","no","no","no","no","2","","",""
"L-165","2097.1","Lothal","TAG:B","Elep","Clay","Y","R/L","+740-048-002-817+","4","negative_002_y_prev_not_032","2","048","002","817","817","metadata_only","0","0","0","no","no","no","no","2","","",""
"L-166","2098.1","Lothal","TAG:B","Elep","-","Y","R/L","+740-048-002-817+","4","negative_002_y_prev_not_032","2","048","002","817","817","metadata_only","0","0","0","no","no","no","no","2","","",""
"L-167","2099.1","Lothal","TAG:B","Elep","Clay","Y","R/L","+740-048-002-817+","4","negative_002_y_prev_not_032","2","048","002","817","817","metadata_only","0","0","0","no","no","no","no","2","","",""
"L-168","2100.1","Lothal","TAG:B","Elep","Clay","Y","R/L","+740-048-002-817+","4","negative_002_y_prev_not_032","2","048","002","817","817","metadata_only","0","0","0","no","no","no","no","2","","",""
"L-169","2101.1","Lothal","TAG:B","Elep","Clay","Y","R/L","+740-048-002-817+","4","negative_002_y_prev_not_032","2","048","002","817","817","metadata_only","0","0","0","no","no","no","no","2","","",""
"L-170","2102.1","Lothal","TAG:B","Elep","Clay","Y","R/L","+740-048-002-817+","4","negative_002_y_prev_not_032","2","048","002","817","817","metadata_only","0","0","0","no","no","no","no","2","","",""
