id,cisis,text,token_count,duplicate_weight,site,type,material,symbol,cult
1.1,Agr-1|Agr-2,+410-017+,2,2,Alamgirpur,POT:T:g,Clay,None,None
3.1,Agr-3|M-673,+405-017+,2,2,Alamgirpur|Mohenjo-daro,POT:T:g|SEAL:S,Clay|Steatite,Bull1:W|None,None|SCN
6.1,Ad-1|C-2,+740-390-590+,3,2,Allahdino|Chanhu-daro,SEAL:S,Steatite,Bull1|Bull1:L,SAN
7.1,Ad-2,+368-390-125-033+,4,1,Allahdino,SEAL:S,Steatite,Bull1:J,SAN
8.1,Ad-3,+740-904-033-705-235+,5,1,Allahdino,SEAL:S,Steatite,Bull1:II,SAN
9.1,Ad-4,+740-017-495-235-741-066+,6,1,Allahdino,SEAL:S,Steatite,Bull1:II,SAN
10.1,Ad-5,+156-460-510+,3,1,Allahdino,SEAL:S,Steatite,Bull1,SAN
11.1,Ad-6,+072-170-740-840-013+,5,1,Allahdino,SEAL:S,Steatite,Rhin,Trough
16.1,Alt-90,+390-415+,2,1,Altyn Depe,SEAL:S,Soft stone,None,None
17.1,Ai-7|H-335,+390-034+,2,2,Amri|Harappa,POT:T:g|TAB:I,Clay|Steatite,None,None
19.1,Blk-1,+226-003-002-297-350-125-413+,7,1,Bala-kot,SEAL:S,NA,Bull1,NA
20.1,Blk-2,+390-717-061-002-368-634+,6,1,Bala-kot,SEAL:S,NA,Bull1,R
22.1,Blk-4,+527-554-298-368-634+,5,1,Bala-kot,SEAL:S,NA,Bull1:II,SAN
23.1,Blk-6|K-158,+740-798+,2,2,Bala-kot|Kalibangan,BNGL|TAB:C,Copper,None,None
27.1,B-1,+090-740-220-002-368-550-821+,7,1,Banawali,SEAL:S,Steatite,Bull1:O,HAF
28.1,B-3,+220-014+,2,1,Banawali,SEAL:S,NA,Bull1,S520
29.1,B-4,+740-797+,2,1,Banawali,SEAL:S,NA,Bull3,S390
30.1,B-15|B-5|B-7|H-292|H-293|H-887|K-27,+002-817+,2,7,Banawali|Harappa|Kalibangan,SEAL:S|TAB:I,Steatite,Buff|Bull2|Bull3|None|Rhin,None|SAN
32.1,B-8|H-521|H-69|M-1856,+740-061+,2,4,Banawali|Harappa|Mohenjo-daro,SEAL:S,Steatite,Bull1|Bull1:I|Goat:4,None|SAN
33.1,B-9|K-50|M-1742,+390-004+,2,3,Banawali|Kalibangan|Mohenjo-daro,SEAL:S,Steatite,Bull1:W|Comp|Goat:3,None|SAN
37.1,B-17,+236-002-308-072+,4,1,Banawali,SEAL:S,Steatite,Htgr,HBF
39.1,B-19|M-1797|M-977,+740-803+,2,3,Banawali|Mohenjo-daro,SEAL:S,Steatite,Bull1:W|Bull1:X|None,None|SAN
40.1,B-21,+426-003-060-692+,4,1,Banawali,SEAL:R,Steatite,None,None
54.1,Ch-2,+740-050-705+,3,1,Chandigarh,POT:T:g,Clay,None,None
57.1,C-87,+740-405+,2,1,Chanhu-daro,TAG:P,Clay,None,None
58.1,C-72,+740-386+,2,1,Chanhu-daro,SEAL:S,Steatite,Bull3,RBN
60.1,C-80|H-93,+892-700+,2,2,Chanhu-daro|Harappa,SEAL:S,Steatite,Bull1:W|Elep,Trough
61.1,C-66|H-407|M-32,+390-003-002-817+,4,3,Chanhu-daro|Harappa|Mohenjo-daro,SEAL:S,Steatite,Bull1:J|Bull1:W,RAN|SAF|SAN
64.1,C-54,+842-032-031-592-031-060-920+,7,1,Chanhu-daro,SEAL:S,Steatite,Bull1:W,HAF
65.1,C-59|L-23|M-1001,+740-482-235+,3,3,Chanhu-daro|Lothal|Mohenjo-daro,SEAL:S,Steatite,Bull1:L|Bull1:V|Bull1:W,SAN
66.1,C-69,+390-844-060-575-717+,5,1,Chanhu-daro,SEAL:S,Steatite,Bull1:J,SAN
67.1,C-75,+740-531-060-692+,4,1,Chanhu-daro,SEAL:S,Steatite,Elep,None
68.1,C-55,+740-067-741-647-892+,5,1,Chanhu-daro,SEAL:S,Steatite,Bull1,RAN
69.1,C-60,+740-176-032-002-861+,5,1,Chanhu-daro,SEAL:S,Steatite,Bull1:W,SAN
76.1,C-74,+125-002-861+,3,1,Chanhu-daro,SEAL:S,Steatite,Gaur,Trough
77.1,C-51,+151-740-100-240+,4,1,Chanhu-daro,SEAL:S,Steatite,Bull1:W,SAF
79.1,C-56,+001-368-767+,3,1,Chanhu-daro,SEAL:S,Steatite,Bull1:I,RBF
80.1,C-61,+526-388+,2,1,Chanhu-daro,SEAL:S,Steatite,Bull1,SAN
85.1,C-63,+161-055+,2,1,Chanhu-daro,SEAL:S,Steatite,Bull1:S,SAN
87.1,C-67|H-501,+520-233-803-002-817+,5,2,Chanhu-daro|Harappa,SEAL:S,Steatite,Bull1|Bull1:S,SAN
89.1,C-1,+031-840-140-740-101-002-365-287-034+,9,1,Chanhu-daro,SEAL:S,Steatite,Bull1,None
91.1,C-3,+740-016-002-920-317+,5,1,Chanhu-daro,SEAL:S,Steatite,Bull1:W,SAN
92.1,C-4,+520-235-803-002-817+,5,1,Chanhu-daro,SEAL:S,Steatite,Bull1:L,RAN
93.1,C-5,+740-140-717-002-298-741+,6,1,Chanhu-daro,SEAL:S,Steatite,Bull1:I,RBF
96.1,C-8,+740-803-233-741-250-579+,6,1,Chanhu-daro,SEAL:S,Steatite,Bull1:J,SAN
97.1,C-9,+151-233-803-033-705-240+,6,1,Chanhu-daro,SEAL:S,Steatite,Bull1:J,SAN
98.1,C-10,+740-231-220-032-002-817+,6,1,Chanhu-daro,SEAL:S,Steatite,Bull1:W,SAN
100.1,C-12,+161-390-590-031-740-060-920+,7,1,Chanhu-daro,SEAL:S,Steatite,Bull1:L,SAN
103.1,C-15,+740-400-920-031+,4,1,Chanhu-daro,SEAL:S,Steatite,Bull1:W,SAN
104.1,C-16,+429-003-741-060-920+,5,1,Chanhu-daro,SEAL:S,Steatite,Bull1:L,SAN
105.1,C-17|M-444,+740-100+,2,2,Chanhu-daro|Mohenjo-daro,SEAL|SEAL:S,Steatite,Bull1:I|None,Anth|None
107.1,C-20,+151-790-031-790-495+,5,1,Chanhu-daro,SEAL:S,Steatite,Bull1:I,SAN
108.1,C-21,+156-230+,2,1,Chanhu-daro,SEAL:S,Steatite,Bull1:II,SAN
113.1,C-30,+822-140-015+,3,1,Chanhu-daro,SEAL:S,Steatite,None,None
114.1,C-32,+375-400-390-632+,4,1,Chanhu-daro,SEAL:C,Steatite,Bull1:W,RAN
121.1,C-40,+390-095-909-005-825-776-220-016+,8,1,Chanhu-daro,IMPL,Copper,None,None
123.1,Dlp-1,+740-920-324-233-240-013-817+,7,1,Desalpur,SEAL:R,NA,None,None
145.1,Dlv-1,+151-382-031-002-861+,5,1,Dholavira,SEAL:S,NA,Bull1:J,HBN
157.1,Grb-1,+740-923-838+,3,1,Gharo Bhiro,SEAL:R,NA,None,None
162.2,H-1189|H-911,+033-255+,2,2,Harappa,TAB:I,Steatite,None,None
170.1,H-1397,+527-740-914+,3,1,Harappa,MISC,NA,NA,None
173.1,H-1028|H-1086,+220-016+,2,2,Harappa,POT:T:s|SEAL:S,Clay|Steatite,Bull1:W|None,None|SAN
176.1,H-1085,+235-033+,2,1,Harappa,POT:T:s,Clay,None,None
181.1,H-1422,+740-142+,2,1,Harappa,POT:T:g,Clay,None,None
198.1,H-1137|H-1138|H-1846,+740-603-240-060-692+,5,3,Harappa,TAB:B,Faience,None,None
198.2,H-1120|H-1138|H-1273|H-1354|H-1817|H-1823|H-1824|H-1825|H-1828|H-1829|H-1830|H-1831|H-1832|H-1844|H-1845|H-1846|H-1850|H-1854|H-1860|H-1867|H-1868|H-1869|H-1870|H-1871|H-1874|H-1894|H-1895|H-1907|H-1943|H-1981|H-1982|H-1987|H-2070|H-2094|H-2095|H-2096|H-2102|H-2105|H-2130|H-2137|H-2140|H-2141|H-2143|H-215|H-2155|H-2204|H-2206|H-2218|H-2219|H-2220|H-2221|H-2222|H-2223|H-2224|H-2225|H-2226|H-2227|H-2228|H-2229|H-2230|H-2231|H-2232|H-2233|H-2234|H-2235|H-2236|H-2237|H-2239|H-2246|H-285|H-297|H-307|H-308|H-312|H-313|H-314|H-317|H-320|H-324|H-350|H-351|H-363|H-771|H-780|H-785|H-788|H-819|H-823|H-893|H-910|H-936|H-939|H-946|H-947|H-952|H-953|H-960|H-982|H-983|H-985,+700-034+,2,100,Harappa,SEAL:R|TAB:B|TAB:I,Clay|Faience|Steatite|steatite,Bult|Fish|Mult|None|Tri4|X,None
199.1,H-423,+520-220-240-798-060-692+,6,1,Harappa,SEAL:S,Steatite,Bull1,NA
205.1,H-661,+740-055-806+,3,1,Harappa,SEAL:R,Steatite,None,None
217.1,H-294,+090-740-240-220+,4,1,Harappa,TAB:I,Steatite,S590,None
218.2,H-1177,+033-720+,2,1,Harappa,TAB:I,Steatite,None,None
220.1,H-1142|H-761,+400-154-440-220+,4,2,Harappa,TAB:B,Faience,Fish|None,None
221.1,H-1326|H-1992|H-2146|H-2148|H-2149|H-2240|H-346|H-364|H-786|H-938|H-939|H-940|H-941|M-37,+520-220-415+,3,15,Harappa|Mohenjo-daro,SEAL:S|TAB:B|TAB:I,Faience|Steatite,Bull1|Bull1:S|Bult|Fish|None,None|SAN
222.1,H-1354|H-2213|H-2246|H-360,+824-032-578-415+,4,4,Harappa,TAB:I,Steatite,Bult|None,None
222.2,H-1354,+740-714-840-799+,4,1,Harappa,TAB:I,Steatite,Bult,None
229.1,H-1312,+740-031-904-001-032+,5,1,Harappa,TAB:I,Steatite,None,None
229.2,?-6|H-1100|H-1102|H-1123|H-1133|H-1134|H-1146|H-1153|H-1156|H-1281|H-1294|H-1309|H-1312|H-1313|H-1319|H-1320|H-1321|H-1330|H-1771|H-1772|H-1773|H-1774|H-1804|H-1836|H-1841|H-1853|H-1865|H-1902|H-1906|H-1909|H-1922|H-1923|H-1931|H-1936|H-1941|H-209|H-2129|H-213|H-2139|H-214|H-2146|H-217|H-2173|H-2183|H-2184|H-2185|H-2186|H-2198|H-2201|H-2211|H-2217|H-230|H-232|H-251|H-315|H-322|H-327|H-340|H-341|H-361|H-362|H-697|H-717|H-766|H-768|H-778|H-796|H-802|H-814|H-815|H-833|H-837|H-852|H-854|H-877|H-926|H-930|H-943|H-944|H-962|H-963|H-965|H-966|H-968|H-969|H-975|K-68,+700-032+,2,87,Harappa|Kalibangan|Unknown,TAB:B|TAB:I,Ceramic|Clay|Faience|Steatite,Bull1|Bull2|Bult|Fish|Gaur|Gavi|Goat:4|None|Othr|Phyt|Scene,None|RAN|SAN|Trough
232.1,H-1355,+390-035+,2,1,Harappa,TAB:I,Steatite,Bult,None
233.1,H-1047,+405-004-745-905+,4,1,Harappa,SEAL:S,Steatite,Bull1:W,SAN
237.1,H-1056,+400-090-740-220-003+,5,1,Harappa,SEAL:S,Steatite,Bull1,NA
240.1,H-73,+151-231+,2,1,Harappa,SEAL:S,Steatite,Bull1:I,None
246.1,H-1045,+740-900-005-002-820+,5,1,Harappa,SEAL:S,Steatite,Bull1:U,RAN
248.1,H-1512|H-1513,+740-554+,2,2,Harappa,TAB:I,Terracotta,None,None
249.1,H-1133|H-1896,+400-892-831+,3,2,Harappa,TAB:B,Faience,None,None
250.2,H-1166|H-1878|H-2049|M-1397|M-2020,+167-705+,2,6,Harappa|Mohenjo-daro,TAB:B|TAB:I,Clay|Faience|Steatite,Bult|None,None
255.2,H-1319|H-1320,+400-678+,2,2,Harappa,TAB:I,Steatite,None,None
257.1,H-1309,+156-176-741-060-920+,5,1,Harappa,TAB:I,Steatite,None,None
258.1,H-1121|H-789,+400-520-220-016+,4,2,Harappa,TAB:B,Faience,None,None
259.1,H-1051,+400-740-575-017-920-320-798-002-861+,9,1,Harappa,SEAL:S,Steatite,Bull1:I,SAN
261.1,H-1052,+503-233-240+,3,1,Harappa,SEAL:S,Steatite,Bull1,SAN
264.1,H-1287,+400-156-140-032+,4,1,Harappa,TAB:I,Steatite,None,None
264.2,H-1124|H-1188|H-1198|H-1270|H-1287|H-1295|H-1302|H-1303|H-1304|H-1308|H-1344|H-1345|H-1346|H-1347|H-1348|H-1768|H-1822|H-1839|H-1861|H-1872|H-1873|H-1883|H-1896|H-1898|H-1905|H-1908|H-1915|H-1929|H-1933|H-1940|H-1947|H-1993|H-1995|H-206|H-2115|H-2125|H-2131|H-2142|H-216|H-218|H-219|H-2197|H-2209|H-2213|H-2214|H-2215|H-2238|H-229|H-231|H-233|H-237|H-239|H-245|H-248|H-296|H-303|H-306|H-309|H-311|H-316|H-326|H-329|H-343|H-344|H-345|H-352|H-353|H-354|H-355|H-356|H-357|H-369|H-372|H-702|H-703|H-733|H-734|H-767|H-770|H-783|H-790|H-798|H-799|H-800|H-818|H-821|H-822|H-827|H-834|H-838|H-846|H-847|H-848|H-857|H-876|H-891|H-900|H-914|H-916|H-924|H-925|H-927|H-928|H-929|H-934|H-935|H-948|H-949|H-951|H-959|H-961|H-976|H-978|H-979|H-986|H-987,+700-033+,2,117,Harappa,POT:T:g|SEAL:CY|SEAL:R|TAB:B|TAB:I,Clay|Faience|Steatite,Bull|Bull2|Bult|Fish|Gavi|Goat:6|Mult|None|Phyt,None|Te
265.1,H-1273|H-1302|H-1303|H-1304|H-1344|H-1345|H-1346|H-1347|H-1827|H-1954|H-233|H-308|H-309|H-312|H-313|H-314|H-315|H-316|H-317|H-352|H-353|H-354|H-355|H-356|H-357|H-932|H-933|H-934|H-935|H-936|H-937|H-960|H-962|H-978|H-979|H-987|M-2097,+400-740-176+,3,37,Harappa|Mohenjo-daro,ROD|SEAL:R|TAB:B|TAB:I,Clay|Faience|Ivory|Steatite,Bull|Bult|None,None
266.1,H-1158|H-287|H-879|H-880|H-881|H-882,+400-740-760-605+,4,6,Harappa,TAB:B|TAB:I,Steatite,Gavi,None
273.1,H-1102,+400-740-382+,3,1,Harappa,TAB:B,Faience,None,None
281.1,H-1331|H-1332|H-2033|H-2034|H-347,+400-098+,2,5,Harappa,TAB:I,Steatite,Goat|None,None
282.2,H-1330|H-329|M-185|M-978,+520-220+,2,4,Harappa|Mohenjo-daro,SEAL:S|TAB:I,Steatite,Bull1|Bull1:L|None,None|RBF|SAN
284.1,H-1030,+090-740-103-002-861+,5,1,Harappa,SEAL:S,NA,Bull1:W,RAF
288.1,H-1402,+740-798-820+,3,1,Harappa,POT:T:g,Clay,None,None
290.1,H-1112|H-1842|H-1851|H-1858|H-1859|H-1897|H-1903|H-1912|H-1924|H-1938|H-211|H-2272|H-249|H-323|H-776|H-781|H-789|H-792|H-793|H-795|H-812|H-816|H-931|H-942|H-950,+033-700+,2,25,Harappa,POT:T:g|TAB:B|TAB:I,Clay|Faience|Steatite,Bult|None,None
292.1,H-1032|H-62|M-1108,+740-100-140-003+,4,3,Harappa|Mohenjo-daro,SEAL:S,Steatite,Bull1:W|Zebu,None|SAN
293.1,H-1033,+220-500-520-002-862-032+,6,1,Harappa,SEAL:S,Steatite,Bull1:W,NA
294.1,H-161,+740-760-070-921-315-233+,6,1,Harappa,SEAL:R,Steatite,None,None
295.1,H-1187|H-1866|H-1939|H-1991|H-2084|H-301|H-786|H-787|H-905|H-906|H-988,+824-892-413+,3,11,Harappa,TAB:B|TAB:I,Clay|Faience|Steatite,Bult|None,None
295.2,H-1187,+740-924+,2,1,Harappa,TAB:I,Steatite,Bult,None
297.1,H-874,+520-233-240+,3,1,Harappa,TAB:B,Clay,None,None
297.2,H-874,+400-740-455+,3,1,Harappa,TAB:B,Clay,None,None
303.1,H-1043,+151-760-220-003-002-861+,6,1,Harappa,SEAL:S,Steatite,Bull1:W,HBF
306.1,H-1080|H-179|H-2137,+740-100-176+,3,3,Harappa,SEAL:R|TAB:B|TAB:I,Clay|Steatite,None|Scene,None
310.1,H-2099|H-911,+416-590-033+,3,2,Harappa,TAB:I,Steatite,None,None
311.1,H-1192,+400-740-767-220-416+,5,1,Harappa,TAB:I,Steatite,None,None
311.2,H-1192,+700-220-004+,3,1,Harappa,TAB:I,Steatite,None,None
313.1,H-1123,+525-550-220+,3,1,Harappa,TAB:B,Faience,None,None
315.1,H-1517,+405-005-002+,3,1,Harappa,ROD,Ivory,None,None
317.1,H-1321,+400-226-032+,3,1,Harappa,TAB:B,Steatite,None,None
319.1,H-1077,+400-255-400-165-900-001+,6,1,Harappa,SEAL:R,Steatite,None,None
322.1,H-1027,+520-033-706-231-415-803+,6,1,Harappa,SEAL:S,Steatite,Bull1:W,SAN
370.1,H-2016|H-811,+317-740-335-740-176-002-920-491+,8,2,Harappa,TAB:B,Clay|Faience,None,None
370.2,H-2016|H-811,+700-032-740-335-575-413+,6,2,Harappa,TAB:B,Clay|Faience,None,None
371.2,H-1771|H-1772|H-1773,+740-031-001-140+,4,3,Harappa,TAB:B,Faience,Goat:4,None
373.2,H-1924,+550-003-435+,3,1,Harappa,TAB:B,Faience,None,None
374.2,H-1893,+390-003-060-550+,4,1,Harappa,TAB:B,Faience,None,None
375.1,H-1881|H-371|H-801,+700-036+,2,3,Harappa,POT:T:g|TAB:B,Clay|Faience,None,None
375.2,H-1881,+415-700-033-171+,4,1,Harappa,TAB:B,Faience,None,None
378.1,H-1776,+740-390-590-060-550+,5,1,Harappa,TAB:B,Faience,Elep,None
379.1,H-1996|K-19|M-224|M-404,+405-005+,2,4,Harappa|Kalibangan|Mohenjo-daro,SEAL:R|SEAL:S|TAB:B,Clay|Steatite,Bull1:W|None,None|SAN
382.2,H-1894|H-1929,+400-740-061-140+,4,2,Harappa,TAB:B,Faience,Bull2|None,None|Te
386.2,H-1853,+400-617-829+,3,1,Harappa,TAB:B,Faience,None,None
390.1,H-1181|H-2063|H-2066|H-299|H-897,+868-706-590+,3,5,Harappa,TAB:I,Steatite,None,None
390.2,H-1181|H-2062|H-2063|H-2066|H-299|H-358|H-761|H-896|H-897,+400-156-435-255+,4,9,Harappa,TAB:B|TAB:I,Steatite,None,None
392.2,H-1858|H-1859|H-1956|H-2104|H-215|H-976,+400-137+,2,6,Harappa,TAB:B|TAB:I,Faience|Steatite,Fish|Mult|None,None
394.2,H-1987,+390-004-455-371-741-590+,6,1,Harappa,TAB:B,Clay,None,None
396.1,H-1876|H-1877|H-1880|H-1937|H-2097|H-2154|H-2208|H-358|H-853|H-892|H-933|H-938|H-945,+034-700+,2,13,Harappa,TAB:B|TAB:I,Faience|Steatite,Bult|Fish|None,None
396.2,H-1876|H-1877,+400-775-516+,3,2,Harappa,TAB:B,Faience,None,None
397.2,H-2140|H-2141,+565-740-176-231+,4,2,Harappa,TAB:I,Steatite,None,None
401.1,H-2003|M-1844|M-984,+390-004-002-817+,4,3,Harappa|Mohenjo-daro,SEAL:S|TAB:B,Clay|Steatite,Bull1|Bull1:U|Mult,None|SAN
402.2,H-2015,+520-033-705-235-832-002-817+,7,1,Harappa,TAB:B,Clay,None,None
403.1,H-1920,+740-515-126+,3,1,Harappa,TAB:B,Faience,None,None
405.1,H-1140|H-1141|H-1325|H-2192|H-236|H-300,+690-368-817+,3,6,Harappa,TAB:B|TAB:I,Faience|Steatite,Fish|None,None
405.2,H-2192,+740-630-240-031-032-171+,6,1,Harappa,TAB:I,Steatite,None,None
406.2,H-1895|H-251,+400-740-100-240+,4,2,Harappa,TAB:B,Faience,Gaur|None,None|Trough
407.3,H-2213|H-2214|H-2246,+740-760-840-799+,4,3,Harappa,TAB:I,Steatite,Bult|None,None
409.1,H-1797|H-1855|H-1864|H-1932|H-1942|H-1945|H-212|H-321|H-359|H-777|H-779|H-794|H-813|H-817|H-839|H-849|H-850,+032-700+,2,17,Harappa,TAB:B|TAB:I,Faience|Steatite,Bult|Fish|Gavi|None,None
409.2,H-1942,+405-035-002-861+,4,1,Harappa,TAB:B,Faience,Bult,None
410.2,H-1897,+400-740-904-240+,4,1,Harappa,TAB:B,Faience,None,None
414.2,H-1915,+032-920-491+,3,1,Harappa,TAB:B,Faience,None,None
415.2,H-1832,+400-297-352-892-590-740-176+,7,1,Harappa,TAB:B,Faience,None,None
416.1,H-2035,+220-233+,2,1,Harappa,TAB:I,Steatite,Gavi,None
417.1,H-1101|H-1957|H-286,+400-090+,2,3,Harappa,TAB:B|TAB:I,Clay|Steatite,Goat:2|Mult,None
419.2,H-1898,+400-368-741+,3,1,Harappa,TAB:B,Faience,None,None
420.1,H-2174,+090-100-415-717+,4,1,Harappa,TAB:I,Steatite,Fish,None
422.2,H-1943,+740-384-031+,3,1,Harappa,TAB:B,Faience,Bult,None
423.1,H-1997,+400-740-176-235+,4,1,Harappa,TAB:B,Faience,Mult,None
424.2,H-1845|H-237,+740-642-240-060-692+,5,2,Harappa,TAB:B,Faience,None,None
425.2,H-2125,+740-143-067+,3,1,Harappa,TAB:I,Steatite,None,None
426.1,H-1714,+407-790-032+,3,1,Harappa,SEAL:R,Steatite,None,None
427.2,H-178|H-1854|H-2136,+400-740-717+,3,3,Harappa,TAB:B|TAB:I,Clay|Faience|Steatite,Anth|None,None
430.1,H-1673,+405-004-104+,3,1,Harappa,SEAL:S,Steatite,Bull1:W,SAN
433.1,H-1905,+740-843+,2,1,Harappa,TAB:B,Faience,None,None
434.1,H-2570,+700-034-001+,3,1,Harappa,ROD,Bone,None,None
437.2,H-1907|H-1908|H-1912|H-819|M-186|M-208|M-657,+520-240+,2,7,Harappa|Mohenjo-daro,SEAL:S|TAB:B,Faience|Steatite,Bull1:J|Bull1:W|None,None|RAN|SAN
448.1,H-1967,+382-760-382-002-820+,5,1,Harappa,TAB:B,Clay,Mult,None
453.2,H-1778|H-1909,+740-817-491+,3,2,Harappa,TAB:B,Faience,Gavi|None,None
455.1,H-2076|H-2077|H-903,+740-760-240+,3,3,Harappa,TAB:I,Steatite,None,None
458.2,H-1940,+400-740-067-100+,4,1,Harappa,TAB:B,Faience,Bult,None
459.2,H-1991|H-847|M-1886,+740-100-415+,3,3,Harappa|Mohenjo-daro,SEAL:S|TAB:B,Clay|Faience|Steatite,Gaur|None,None|Trough
461.1,H-1919,+700-031+,2,1,Harappa,TAB:B,Faience,None,None
461.2,H-1919,+740-892+,2,1,Harappa,TAB:B,Faience,None,None
463.1,H-1827,+700-032-690-368-817+,5,1,Harappa,TAB:B,Faience,None,None
464.1,H-2210|H-585|H-596|M-179|M-1857|M-2010,+390-003+,2,6,Harappa|Mohenjo-daro,SEAL:S|TAB:I|TAG:O,Clay|Faience|Steatite,Bull1|Bull1:S|Bult|None|Zebu,?|None|SAN
466.1,H-1882,+002-820+,2,1,Harappa,TAB:B,Faience,None,None
466.2,H-1882|H-2119|H-2123|H-2190|H-2218|H-2219|H-2220|H-2221|H-2222|H-2223|H-2224|H-2225|H-2226|H-2227|H-2228|H-2229|H-2230|H-2231|H-2232|H-2233|H-2234|H-2235|H-2236|H-2237|H-2238|H-2239|H-921|H-922|H-923,+861-003+,2,29,Harappa,TAB:B|TAB:I,Faience|Steatite|steatite,None,None
467.2,H-1825,+740-176-220+,3,1,Harappa,TAB:B,Faience,None,None
472.1,H-2084|L-9,+526-555-235+,3,2,Harappa|Lothal,SEAL:S|TAB:I,Steatite,Bull1:W|None,None|SAF
476.2,H-2094|H-2095|H-2096|H-2097|H-910,+002-861-416+,3,5,Harappa,TAB:I,Steatite,None,None
479.1,H-1669,+520-220-415-060-920+,5,1,Harappa,SEAL:S,Steatite,Bull1:W,SAN
480.2,H-1850,+400-740-760-382+,4,1,Harappa,TAB:B,Faience,None,None
485.1,H-1953,+700-032-220+,3,1,Harappa,TAB:B,Clay,Zebu,None
485.2,H-1953,+520-220-415-240-803+,5,1,Harappa,TAB:B,Clay,Zebu,None
490.2,H-2184,+400-740-032-015+,4,1,Harappa,TAB:I,Steatite,None,None
491.1,H-2127|H-2128,+455-590-142-220+,4,2,Harappa,TAB:I,Steatite,None,None
491.2,H-2127|H-2128,+504-350-741-060-920+,5,2,Harappa,TAB:I,Steatite,None,None
494.1,H-741|H-742,+400-740-100-176-175+,5,2,Harappa,TAB:B,Faience,None,SAN
498.1,H-1921|H-246,+125-700-033+,3,2,Harappa,TAB:B,NA,None,None
499.1,H-1862,+700-033-368-091+,4,1,Harappa,TAB:B,NA,None,None
499.2,H-1862,+700-033-400-740-388+,5,1,Harappa,TAB:B,NA,None,None
501.1,H-2576,+534-556+,2,1,Harappa,BNGL,Stoneware,None,None
502.1,H-1664|K-97,+405-003+,2,2,Harappa|Kalibangan,POT:T:g|SEAL:S,Clay|Steatite,Bull1:W|None,None|SAN
506.2,H-1867,+151-740-221+,3,1,Harappa,TAB:B,Faience,None,None
508.2,H-1868|H-1869,+151-740-222+,3,2,Harappa,TAB:B,Faience,None,None
510.1,H-1916|H-1917,+700-004+,2,2,Harappa,TAB:B,Faience,None,None
510.2,H-1916,+520-070-255-832+,4,1,Harappa,TAB:B,Faience,None,None
512.2,H-1811|H-1812|H-1814|H-1816|H-774,+400-525-550-033-705-240+,6,5,Harappa,TAB:B,Faience,None,None
513.1,H-1671,+740-061-002-455-420-032+,6,1,Harappa,SEAL:S,NA,Bull1:S,RAN
516.2,H-1937|H-1938|M-455|M-857|M-950,+740-690-435-255+,4,5,Harappa|Mohenjo-daro,SEAL:S|TAB:B,Faience|Steatite,Bull1|Bult|Scene,None|S
519.2,H-2186,+390-004-155-390+,4,1,Harappa,TAB:I,Steatite,None,None
526.1,H-1770|H-243|H-698,+400-520-233+,3,3,Harappa,TAB:B,Faience,Gaur|Pipal,None|Trough
530.1,H-1677,+156-140+,2,1,Harappa,SEAL:S,Steatite,Bull1,SAN
532.1,H-2062|H-2069|H-896|H-899,+868-705-590+,3,4,Harappa,TAB:I,Steatite,None,None
532.2,H-2069,+700-034-400-525-550+,5,1,Harappa,TAB:I,Steatite,None,None
533.1,H-2175,+090-740-101-031+,4,1,Harappa,TAB:I,Steatite,Fish,None
534.1,H-2036,+400-740-637+,3,1,Harappa,TAB:I,Steatite,Gavi,None
535.1,H-182|H-1977|H-2187|H-306|H-723|H-825|L-59,+740-032-840+,3,9,Harappa|Lothal,SEAL:S|TAB:B|TAB:I,Clay|Faience|Steatite,Mult|None|Phyt|Scene,None
537.1,H-1692,+740-390-590-002-861+,5,1,Harappa,SEAL:S,Steatite,None,None
544.2,H-2115|H-322|H-967,+400-740-032-028+,4,3,Harappa,TAB:I,Steatite,None,None
548.2,H-1931,+400-740-176-791+,4,1,Harappa,TAB:B,Faience,Gavi,None
549.2,H-2204|H-2207|H-2208|H-303|H-917,+400-740-032-027+,4,5,Harappa,TAB:I,Steatite,Fish|None,None
550.2,H-1822,+400-740-176-519+,4,1,Harappa,TAB:B,Faience,None,None
552.1,H-1767|H-49|M-401,+617-550-003+,3,3,Harappa|Mohenjo-daro,SEAL:R|SEAL:S|TAB:B,Faience|Steatite,Bull1:S|None|Zebu,None|SAN
554.2,H-1906,+400-090-740-400-090+,5,1,Harappa,TAB:B,Faience,None,None
556.2,H-1939,+400-740-141+,3,1,Harappa,TAB:B,Faience,Bult,None
557.2,H-1855,+400-153-118+,3,1,Harappa,TAB:B,Faience,None,None
559.1,H-1834|H-982,+740-388-031+,3,2,Harappa,SEAL:R|TAB:B,Faience|Steatite,Bult|None,None
559.2,H-1834,+298-350-892-590+,4,1,Harappa,TAB:B,Faience,None,None
560.2,H-1873,+400-236-233+,3,1,Harappa,TAB:B,Faience,None,None
561.2,H-1810|H-1815,+033-711-335-575-413+,5,2,Harappa,TAB:B,Faience,None,None
567.2,H-1923,+400-740-032-840+,4,1,Harappa,TAB:B,Faience,None,None
569.2,H-1922|H-248,+400-740-920-320-233-240-798+,7,2,Harappa,TAB:B,Faience,None,None
570.2,H-1797,+740-690-435-255-055+,5,1,Harappa,TAB:B,Faience,Bult,None
574.1,H-2019|H-2020|H-2054|H-2055,+090-740-240-235+,4,4,Harappa,TAB:B|TAB:I,Clay|Steatite,Gavi|S590,None
578.2,H-2197,+400-090-740-100-390-231+,6,1,Harappa,TAB:I,Steatite,None,None
581.1,H-1988|H-1989|H-1990,+851-740-705-924-156+,5,3,Harappa,TAB:B,Clay,None,None
581.2,H-1811|H-1812|H-1813|H-1988|H-1989|H-1990|H-205|H-774,+700-033-711-335-575-413+,6,8,Harappa,TAB:B,Clay|Faience,None,None
592.1,H-1999,+400-154-806-467+,4,1,Harappa,TAB:B,Clay,Mult,None
593.2,H-1839,+740-100-175-630-705+,5,1,Harappa,TAB:B,Faience,None,None
594.1,H-2022,+032-850-031+,3,1,Harappa,TAB:B,Clay,Phyt,Mult
594.2,H-2022,+740-752-175-002-861+,5,1,Harappa,TAB:B,Clay,Phyt,Mult
595.2,H-1892,+400-698+,2,1,Harappa,TAB:B,Faience,None,None
596.2,H-2139,+740-176-033-705-235+,5,1,Harappa,TAB:I,Steatite,None,None
597.1,H-2039,+740-690-436-255+,4,1,Harappa,TAB:I,Steatite,Fish,None
599.2,H-1864,+740-142-062-002-817+,5,1,Harappa,TAB:B,Faience,None,None
601.1,H-2021,+740-752-070-255-832+,5,1,Harappa,TAB:B,Clay,Phyt,None
601.2,H-2021,+740-752-463-495-240-415+,6,1,Harappa,TAB:B,Clay,Phyt,None
603.1,H-1732,+158-805-480+,3,1,Harappa,POT:T:s,Clay,None,None
622.1,H-1709,+158-838-470+,3,1,Harappa,SEAL:R,Steatite,None,None
623.1,H-1706,+405-003-002-293-360+,5,1,Harappa,SEAL:R,Steatite,None,None
624.2,H-1817,+400-525-554+,3,1,Harappa,TAB:B,Faience,None,None
625.1,H-1745,+003-408+,2,1,Harappa,POT:T:s,Clay,None,None
627.2,H-1917,+400-151-097+,3,1,Harappa,TAB:B,Faience,None,None
628.1,H-1879|H-1899,+032-032-700+,3,2,Harappa,TAB:B,Faience,None,None
628.2,H-1879|H-1880|H-1899,+520-033-033+,3,3,Harappa,TAB:B,Faience,None,None
630.1,H-2207,+700-031-033+,3,1,Harappa,TAB:I,Steatite,Fish,None
631.2,H-1842,+740-690-435-176-233-803+,6,1,Harappa,TAB:B,Faience,None,None
632.1,H-2193,+590-032-220+,3,1,Harappa,TAB:I,Steatite,None,None
634.1,H-1680|M-1729|M-1806|Ns-7,+390-003-002-820+,4,4,Harappa|Mohenjo-daro|Nausharo,SEAL:S,Faience|Steatite,Bull1:J|Bull1:S|Bull1:W,SAN
635.2,H-1814,+740-033-711-335-575-413+,6,1,Harappa,TAB:B,Faience,None,None
637.2,H-1860|M-830,+400-097+,2,2,Harappa|Mohenjo-daro,SEAL:S|TAB:B,Faience|Steatite,Bull1|None,None|SAN
638.2,H-2209,+400-740-032-025+,4,1,Harappa,TAB:I,Steatite,Fish,None
640.1,H-2108|H-304,+690-681+,2,2,Harappa,TAB:I,Steatite,None,None
640.2,H-2108,+400-740-032-014+,4,1,Harappa,TAB:I,Steatite,None,None
643.1,H-2198,+740-255-032+,3,1,Harappa,TAB:I,Steatite,None,None
646.2,H-1824,+740-176-031-060-201+,5,1,Harappa,TAB:B,Faience,None,None
649.2,H-1823,+400-740-798-365-415-001+,6,1,Harappa,TAB:B,Faience,None,None
652.2,H-1841,+740-540-204-255+,4,1,Harappa,TAB:B,Faience,None,None
653.1,H-1813,+400-525-550-033-705-220+,6,1,Harappa,TAB:B,Faience,None,None
654.1,H-1863,+400-740-388+,3,1,Harappa,TAB:B,Faience,None,None
654.2,H-1861|H-1863,+368-091+,2,2,Harappa,TAB:B,Faience,None,None
658.1,H-1946,+700-014+,2,1,Harappa,TAB:B,Faience,None,None
658.3,H-1178|H-1946|H-894,+700-125+,2,3,Harappa,TAB:B|TAB:I,Faience|Steatite,None,None
662.1,H-1951,+617-550-003-790+,4,1,Harappa,TAB:B,Clay,Mult,SAN
664.1,H-1975,+740-760-061-060-692+,5,1,Harappa,TAB:B,Clay,Scene,None
668.1,H-1672,+740-400-142-061-033+,5,1,Harappa,SEAL:S,Steatite,Bull1:W,RAN
670.1,H-1891,+700-003+,2,1,Harappa,TAB:B,NA,None,None
672.3,H-2214,+876-032-578-415+,4,1,Harappa,TAB:I,Steatite,None,None
675.2,H-1903,+740-923-235+,3,1,Harappa,TAB:B,Faience,None,None
677.1,H-1934|H-1935|H-2024|H-2026|H-2027|H-2028|H-2029|H-2030,+090-740-176-741-347+,5,8,Harappa,TAB:B,Clay|Faience,Mult,None
679.2,H-2217,+400-854-032+,3,1,Harappa,TAB:I,Steatite,None,None
679.3,H-2217,+257-360+,2,1,Harappa,TAB:I,Steatite,None,None
681.1,H-2089|H-2090|H-229|H-849|H-850,+400-740-892-617+,4,5,Harappa,TAB:B|TAB:I,Faience|Steatite,Fish|None,None
681.2,H-2090,+869-060-820+,3,1,Harappa,TAB:I,Steatite,None,None
682.2,H-1146|H-833,+526-554-002-820+,4,2,Harappa,TAB:B,Faience,None,None
693.3,H-2218|H-2219|H-2220|H-2221|H-2222|H-2223|H-2224|H-2225|H-2226|H-2227|H-2228|H-2229|H-2230|H-2231|H-2232|H-2233|H-2234|H-2235|H-2236|H-2238|H-2239|H-288|H-499|H-81|L-42|M-1232|M-1388|M-1779|M-429|M-838|M-919,+156-003+,2,31,Harappa|Lothal|Mohenjo-daro,SEAL:S|TAB:I|TAG:L,Clay|Steatite|steatite,Bull1|Bull1:J|Bull1:L|Bull1:S|Fish|Gaur|None,None|SAF|SAN|Trough
702.1,H-2368|H-696|M-1195|M-1819|M-301,+740-176+,2,5,Harappa|Mohenjo-daro,POT:T:g|SEAL:S|TAB:B,Clay|Faience|Steatite,Bull1|Bull1:I|CompBull|None,None|SAN
703.1,H-2267,+400-852+,2,1,Harappa,POT:T:g,Clay,None,None
715.1,H-1734,+016-220-382+,3,1,Harappa,POT:T:s,Clay,None,None
729.1,H-1130|H-1131|H-2010|H-2011|H-806|H-807|H-808,+740-176-220-235+,4,7,Harappa,TAB:B,Clay|Faience,Bull1|None,None
729.2,H-1130|H-1131|H-2010|H-2011|H-806|H-807|H-808,+740-482-240-002-861+,5,7,Harappa,TAB:B,Clay|Faience,Bull1|None,None
731.1,H-1670,+740-760-033-033-240-002-824+,7,1,Harappa,SEAL:S,Steatite,Bull1:J,HAF
732.2,H-2131|H-307|H-927|H-928|H-929,+368-900+,2,5,Harappa,TAB:I,Steatite,None,None
737.1,H-1964|H-709|H-710,+400-740-016-503+,4,3,Harappa,TAB:B,Clay,Gavi,None
742.1,H-1810|H-890,+740-048-741-851+,4,2,Harappa,TAB:B|TAB:I,Faience|Steatite,None,None
745.1,H-1980,+400-158-806-475+,4,1,Harappa,TAB:B,Clay,Phyt,None
746.1,H-2200|H-2201,+400-740-176-240+,4,2,Harappa,TAB:I,Steatite,Fish,None
749.2,H-2183,+400-740-575-017-798+,5,1,Harappa,TAB:I,Steatite,None,None
751.2,H-1124|H-1872|H-1941,+400-236-220+,3,3,Harappa,TAB:B,Faience,Bult|None,None
752.2,H-2143,+090-740-792+,3,1,Harappa,TAB:I,NA,None,None
760.1,H-2040,+740-803-060-550+,4,1,Harappa,TAB:I,Steatite,Fish,None
765.2,H-1936,+511-032-142+,3,1,Harappa,TAB:B,Faience,Bult,None
768.1,H-1545,+031-893+,2,1,Harappa,POT:T:g,Clay,None,None
771.1,H-1930,+032-700-601+,3,1,Harappa,TAB:B,Faience,Gavi,None
771.2,H-1930,+408-817-920-002-861+,5,1,Harappa,TAB:B,Faience,Gavi,None
772.2,H-1828|H-1829|H-1830|H-1831|M-330,+156-176+,2,5,Harappa|Mohenjo-daro,SEAL:S|TAB:B,Faience|Steatite,None,None
775.1,H-1666,+161-097-741-140+,4,1,Harappa,SEAL:S,Steatite,Bull1:W,SAN
776.1,H-172|H-1958|H-1959|H-705,+712-840-400-740-440+,5,4,Harappa,TAB:B,Clay|Steatite,Gavi,None
780.2,H-1844,+400-154-690+,3,1,Harappa,TAB:B,Faience,None,None
784.2,H-1871,+151-740-235+,3,1,Harappa,TAB:B,Faience,None,None
786.1,H-2099,+255-033+,2,1,Harappa,TAB:I,Steatite,None,None
787.1,H-1983,+405-004-013-817+,4,1,Harappa,TAB:B,Clay,None,None
788.1,H-1840,+090-740-255-705-060-550+,6,1,Harappa,TAB:B,Faience,Bird,None
788.2,H-1840,+317-272-637+,3,1,Harappa,TAB:B,Faience,Bird,None
789.1,H-1785|M-1063,+407-004-002-861+,4,2,Harappa|Mohenjo-daro,SEAL:S|TAB:B,Faience|Steatite,Phyt,None
790.1,H-1961,+400-740-440+,3,1,Harappa,TAB:B,Clay,Gavi,None
794.3,H-2237|H-366,+154-003+,2,2,Harappa,TAB:I,Steatite,Fish|None,None
801.2,H-2173|H-900,+400-740-817-491+,4,2,Harappa,TAB:I,Steatite,None,None
805.1,H-1788,+154-806-470-002-861+,5,1,Harappa,TAB:B,Faience,None,SAN
806.1,H-2189,+824-700+,2,1,Harappa,TAB:B,Steatite,None,None
806.2,H-2189,+400-740-152-240+,4,1,Harappa,TAB:B,Steatite,None,None
810.1,H-1682,+154-003-617-033+,4,1,Harappa,SEAL:S,Steatite,Bull1,RAN
811.1,H-188|H-1978,+400-090-740-100-415+,5,2,Harappa,TAB:B,Clay,Phyt,None
812.2,H-2155|H-947,+400-236+,2,2,Harappa,TAB:I,Steatite,None,None
815.2,H-2154|H-889,+400-226+,2,2,Harappa,TAB:I,Steatite,Bult|None,None
816.2,H-2240,+869-575+,2,1,Harappa,TAB:I,Steatite,Bult,None
823.2,H-2130,+365-900+,2,1,Harappa,TAB:I,Steatite,None,None
824.1,H-1775,+740-100-415-176-792-102+,6,1,Harappa,TAB:B,Faience,None,None
825.1,H-1691|M-1854,+892-590+,2,2,Harappa|Mohenjo-daro,SEAL:S,Steatite,Bull1|None,None|RAN
829.2,H-2211,+700-840-032-741+,4,1,Harappa,TAB:I,Steatite,Bult,None
830.1,H-2104,+740-797-688+,3,1,Harappa,TAB:I,Steatite,None,None
834.2,H-2185,+400-158-690+,3,1,Harappa,TAB:I,Steatite,None,None
838.1,H-2190,+090-740-327+,3,1,Harappa,TAB:I,Steatite,None,None
840.1,H-2123|H-305|H-921,+740-255-061+,3,3,Harappa,TAB:I,Steatite,None,None
843.1,H-2109,+690-032-025+,3,1,Harappa,TAB:I,Steatite,None,None
843.2,H-2109,+400-740-681+,3,1,Harappa,TAB:I,Steatite,None,None
848.2,H-2149|H-941,+590-032-645-003+,4,2,Harappa,TAB:I,Steatite,None,None
862.2,H-2070,+400-740-817-276+,4,1,Harappa,TAB:I,Steatite,None,None
869.2,H-1995,+400-151-142+,3,1,Harappa,TAB:B,Clay,None,None
871.2,H-2206,+740-032-025+,3,1,Harappa,TAB:I,Steatite,Fish,None
885.1,H-1711,+740-840-013-745-031-370+,6,1,Harappa,SEAL:R,Steatite,None,None
887.2,H-2085,+413-892-824+,3,1,Harappa,TAB:I,Steatite,None,None
892.2,H-2119|H-475|M-182|M-938,+740-416+,2,4,Harappa|Mohenjo-daro,SEAL:S|TAB:I,Steatite,Bull1:S|Bull1:W|None,None|SAN
894.1,H-2135,+740-920-318-700-692+,5,1,Harappa,TAB:I,Steatite,None,None
897.2,H-2089,+869-060-001-820+,4,1,Harappa,TAB:I,Steatite,None,None
901.2,H-1870,+158-221+,2,1,Harappa,TAB:B,Faience,None,None
902.2,H-2019|H-2020,+690-590-032-220+,4,2,Harappa,TAB:B,Clay,Gavi,None
917.2,H-1933|H-213,+400-520-400-352+,4,2,Harappa,TAB:B,Faience,Gavi|None,None
920.1,H-1678,+520-233-240-220-032+,5,1,Harappa,SEAL:S,Steatite,Bull1:W,SAN
922.2,H-1902,+158-003-494+,3,1,Harappa,TAB:B,Faience,None,None
923.2,H-1945,+400-740-388-717-705+,5,1,Harappa,TAB:B,Faience,Fish,None
929.1,H-1679|H-451|H-780|M-879,+740-400-142-061+,4,4,Harappa|Mohenjo-daro,SEAL:S|TAB:B,Faience|Steatite,Bull1:J|Bull1:W|None,None|RAF|SAN
930.2,H-1883,+740-790-032+,3,1,Harappa,TAB:B,Faience,None,None
932.1,H-1710,+090-326-700-920-125-001-055-920-140+,9,1,Harappa,SEAL:R,Steatite,None,None
939.1,H-1705,+740-904-231-240-798-060-692+,7,1,Harappa,SEAL:R,Steatite,None,None
943.1,H-1667,+740-540-002-817+,4,1,Harappa,SEAL:S,Steatite,Bull1:W,SAN
945.2,H-2142|H-968,+526-550-233+,3,2,Harappa,TAB:B|TAB:I,Steatite,None,None
1004.1,H-1966,+520-233-049-002-861+,5,1,Harappa,TAB:B,Clay,Gaur,Trough
1007.1,H-1726,+740-100-692-491-002-817+,6,1,Harappa,POT:T:s,Clay,None,None
1011.1,H-1713,+426-003-013-817+,4,1,Harappa,SEAL:R,Steatite,None,None
1017.1,H-1736|H-1737,+220-033+,2,2,Harappa,POT:T:s,Clay,None,None
1018.2,H-2102,+137-413+,2,1,Harappa,TAB:I,Steatite,None,None
1020.1,H-1657,+740-405-590-032-900-003-806-235-220-032-002-690-921+,13,1,Harappa,SEAL:S,Steatite,Bull1:W,SAN
1021.1,H-1774,+400-740-335-482-175+,5,1,Harappa,TAB:B,Faience,Scene,None
1023.1,H-1793|H-199|H-200|H-201|H-743,+740-752-482-240+,4,5,Harappa,TAB:B,Faience,None,None|SAN
1023.2,H-1793|H-743|H-745,+700-745+,2,3,Harappa,TAB:B,Faience,None,SAN
1024.2,H-1851,+740-803-892-031-002-861+,6,1,Harappa,TAB:B,Faience,None,None
1034.1,H-1979,+740-158-806-467+,4,1,Harappa,TAB:B,Clay,Phyt,None
1051.1,H-1182,+400-740-817-175+,4,1,Harappa,TAB:I,Steatite,None,None
1057.1,H-194|H-733|H-734,+740-390-590-240+,4,3,Harappa,TAB:B,Faience,Phyt,None
1058.1,H-1308|H-965|H-966,+740-690-636-240+,4,3,Harappa,TAB:I,Steatite,None,None
1060.1,H-1050,+804-235-002-817+,4,1,Harappa,SEAL:S,Steatite,Bull1:W,SAN
1061.1,H-1294,+527-550-233+,3,1,Harappa,TAB:I,Steatite,None,None
1062.1,H-1,+820-595-575-692+,4,1,Harappa,SEAL:S,Steatite,Bull1:W,SAF
1063.1,H-2,+232-740-176-745-440-617+,6,1,Harappa,SEAL:S,Steatite,Bull1:W,SAN
1064.1,H-3,+740-585-017-002-611-615-703+,7,1,Harappa,SEAL:S,Steatite,Bull1:W,SAN
1065.1,H-4,+220-063-051+,3,1,Harappa,SEAL:S,Steatite,Bull1:W,SAN
1066.1,H-5,+920-706-193-384-032-920-140-902+,8,1,Harappa,SEAL:S,Steatite,Bull1:W,SAN
1067.1,H-6,+317-890-001-032-776-625+,6,1,Harappa,SEAL:S,Steatite,Bull1:W,SAN
1068.1,H-7,+920-440-692-001-542-250+,6,1,Harappa,SEAL:S,Steatite,Bull1:W,SAN
1069.1,H-8,+354-001-740-405-590-033-706-002-690-921+,10,1,Harappa,SEAL:S,Steatite,Bull1:W,SAN
1070.1,H-9,+220-017+,2,1,Harappa,SEAL:S,Steatite,Bull1:W,SAN
1071.1,H-10,+820-302-596-018-125-381+,6,1,Harappa,SEAL:S,Steatite,Bull1:W,SAO
1073.1,H-12,+740-690-435-255-803-220-240-235-002-817+,10,1,Harappa,SEAL:S,Steatite,Bull1:W,SAF
1074.1,H-13,+740-760-615-503-002-817+,6,1,Harappa,SEAL:S,Steatite,Bull1:W,SAF
1075.1,H-14,+740-772-240-060-415-056+,6,1,Harappa,SEAL:S,Steatite,Bull1:W,SAN
1077.1,H-17,+520-233-240-060-201+,5,1,Harappa,SEAL:S,Steatite,Bull1:W,SAN
1080.1,H-20,+740-176-690-435-255-220-032-806-060-550+,10,1,Harappa,SEAL:S,Steatite,Bull1:W,SAN
1081.1,H-21,+405-061-527-555-233-235-806-002-817+,9,1,Harappa,SEAL:S,Steatite,Bull1:W,S
1082.1,H-22,+740-920-320-233-806-002-405-321+,8,1,Harappa,SEAL:S,Steatite,Bull1:W,SAN
1083.1,H-23,+740-100-176-405-019+,5,1,Harappa,SEAL:S,Steatite,Bull1:W,S
1084.1,H-24,+740-626-176-033-705-233+,6,1,Harappa,SEAL:S,Steatite,Bull1:W,SAF
1085.1,H-25,+740-900-003-806-033-705-235-055+,8,1,Harappa,SEAL:S,Steatite,Bull1:W,SAN
1086.1,H-26,+740-388-231-240-798-001-820+,7,1,Harappa,SEAL:S,Steatite,Bull1:W,SAN
1087.1,H-27,+154-806-468-001-740-877-032+,7,1,Harappa,SEAL:S,Steatite,Bull1:W,SAN
1089.1,H-29,+595-140-640+,3,1,Harappa,SEAL:S,Steatite,Bull1:W,NA
1092.1,H-32|M-846,+740-923+,2,2,Harappa|Mohenjo-daro,SEAL:S,Steatite,Bull1|Bull1:W,SAF
1095.1,H-36,+740-798-220-742-146+,5,1,Harappa,SEAL:S,Steatite,Bull1:S,SAN
1096.1,H-37|K-17,+740-531+,2,2,Harappa|Kalibangan,SEAL:S,Steatite,Bull1:I|Bull1:S,RBN|SAN
1097.1,H-38,+156-803+,2,1,Harappa,SEAL:S,Steatite,Bull1:W,SAN
1098.1,H-39,+740-390-590-231-240-235-745-060-920+,9,1,Harappa,SEAL:S,Steatite,Bull1:W,SAF
1099.1,H-40,+740-798-235-001-368-831-165+,7,1,Harappa,SEAL:S,Steatite,Bull1:W,RAN
1101.1,H-42,+740-380-235-002-817+,5,1,Harappa,SEAL:S,Steatite,Bull1:J,RAN
1102.1,H-43,+405-690-032+,3,1,Harappa,SEAL:S,Steatite,Bull1:W,SAN
1103.1,H-44,+520-033-706-235-798-803-002-031-892+,9,1,Harappa,SEAL:S,Steatite,Bull1:W,SAN
1104.1,H-45,+090-740-101-002-820+,5,1,Harappa,SEAL:S,Steatite,Bull1:W,NA
1105.1,H-46,+740-920-320-235+,4,1,Harappa,SEAL:S,Steatite,Bull1:W,SAN
1106.1,H-47,+740-752-482+,3,1,Harappa,SEAL:S,Steatite,Bull1:W,SAN
1107.1,H-48,+430-003+,2,1,Harappa,SEAL:S,Steatite,Bull1:W,SAN
1109.1,H-50,+740-406-590-741-406-125+,6,1,Harappa,SEAL:S,Steatite,Bull1:W,SAN
1110.1,H-51,+740-643-240-002-861+,5,1,Harappa,SEAL:S,Steatite,Bull1:W,HAF
1112.1,H-53,+520-033-706+,3,1,Harappa,SEAL:S,NA,Bull1:I,SAF
1113.1,H-54,+390-003-368-817+,4,1,Harappa,SEAL:S,Steatite,Bull1:S,SAN
1114.1,H-55,+390-004-002-861-125+,5,1,Harappa,SEAL:S,Steatite,Bull1:X,SAF
1115.1,H-56,+740-176-060-692+,4,1,Harappa,SEAL:S,Steatite,Bull1:I,NA
1116.1,H-57,+159-057+,2,1,Harappa,SEAL:S,Steatite,Bull1:W,SAN
1117.1,H-58,+158-806-468-740-752-231-235+,7,1,Harappa,SEAL:S,Steatite,Bull1:W,SAN
1118.1,H-59|H-79|M-946,+740-910+,2,3,Harappa|Mohenjo-daro,SEAL:S,Steatite,Bull1|Bull1:S|Gaur,SAN|Trough
1120.1,H-61,+740-690-435-255-001-060-201+,7,1,Harappa,SEAL:S,Steatite,Bull1:II,SAN
1122.1,H-63,+740-100-717+,3,1,Harappa,SEAL:S,Steatite,Bull1:W,SAN
1123.1,H-64,+520-070-921-240+,4,1,Harappa,SEAL:S,Steatite,Bull1:W,SAN
1124.1,H-65,+740-032-028+,3,1,Harappa,SEAL:S,Steatite,Bull1:U,RAN
1125.1,H-66,+617-243-950+,3,1,Harappa,SEAL:S,Steatite,Bull1:W,HAN
1126.1,H-67|M-1897,+592-031+,2,2,Harappa|Mohenjo-daro,SEAL:S,Steatite,Bull1:II|Zebu,None|RAN
1127.1,H-68,+090-740-220-003-002-390-072+,7,1,Harappa,SEAL:S,Steatite,Bull1:I,RAN
1129.1,H-70,+390-003-491+,3,1,Harappa,SEAL:S,Steatite,Bull1:I,SAN
1130.1,H-71|M-1365|M-178|M-1799|M-822|M-987,+390-016+,2,6,Harappa|Mohenjo-daro,SEAL:R|SEAL:S,Limestone|Steatite,Bull1|Bull1:I|Bull1:L|Bull1:S|Othr,None|SAN
1131.1,H-185|H-72|M-2028|M-382|M-476,+617-142+,2,5,Harappa|Mohenjo-daro,SEAL:R|SEAL:S|TAB:B,Faience|Steatite,Bull1:W|None,None|SAN
1132.1,H-74,+002-610-125-032+,4,1,Harappa,SEAL:S,Steatite,Bull1:J,RAN
1133.1,H-75|H-816,+400-740-390-590+,4,2,Harappa,SEAL:S|TAB:B,Faience|Steatite,Bull1:I|None,None|SAN
1134.1,H-76,+740-100-240-235-741-175-132+,7,1,Harappa,SEAL:S,Steatite,Gaur,Trough
1137.1,H-80,+595-820-100-415-741-315-850+,7,1,Harappa,SEAL:S,Steatite,Gaur,Trough
1139.1,H-82,+390-017-002-220-455-741+,6,1,Harappa,SEAL:S,Steatite,Gaur,Trough
1141.1,H-85,+520-219-002-817+,4,1,Harappa,SEAL:S,Steatite,Zebu,NA
1142.1,H-86,+520-460-031+,3,1,Harappa,SEAL:S,Steatite,Zebu,None
1143.1,H-87|M-1815,+740-615-703+,3,2,Harappa|Mohenjo-daro,SEAL:S,Faience|Steatite,Buff|Bull1:I,SAN
1144.1,H-88,+740-032-840-820+,4,1,Harappa,SEAL:S,Steatite,Rhin,Trough
1145.1,H-89,+232-240-741-060-920+,5,1,Harappa,SEAL:S,NA,Elep,None
1146.1,H-90,+521-368-280-192-440+,5,1,Harappa,SEAL:S,Steatite,Elep,None
1147.1,H-91,+520-070-253-060-692+,5,1,Harappa,SEAL:S,Steatite,Elep,None
1148.1,H-92,+156-176-518-220-416-002-615+,7,1,Harappa,SEAL:S,Steatite,Elep,None
1151.1,H-96,+368-740-870+,3,1,Harappa,SEAL:S,Steatite,CompBull,None
1154.1,H-99,+400-565+,2,1,Harappa,SEAL:S,Clay,Othr,None
1158.1,H-1005,+748-530-323-316+,4,1,Harappa,POT:T:g,Clay,None,None
1161.1,H-101,+740-760-440+,3,1,Harappa,SEAL:S,NA,None,None
1164.1,H-1014,+407-016-013-861+,4,1,Harappa,MISC,NA,None,None
1166.1,H-1017,+556-060-550+,3,1,Harappa,ROD,Ivory,Bult,None
1168.1,H-102,+741-861+,2,1,Harappa,SEAL:S,NA,Bull1:W,SAN
1168.2,H-102,+740-630-240-741-861+,5,1,Harappa,SEAL:S,NA,Bull1:W,SAN
1170.1,H-129,+409-061-740-235-220-031-002-861-244-165+,10,1,Harappa,SEAL:R,Steatite,None,None
1171.1,H-130,+409-032-845-033-705-231-806-002-595-812-125-717+,12,1,Harappa,SEAL:R,NA,None,None
1173.1,H-132,+154-806-471-407-845-740-233-231-798+,9,1,Harappa,SEAL:R,NA,None,None
1174.1,H-133,+740-554-220-415-798-060-692+,7,1,Harappa,SEAL:R,Steatite,None,None
1175.1,H-134,+740-405-590-220-003-002-861+,7,1,Harappa,SEAL:R,Steatite,None,None
1176.1,H-135,+740-773-231-806-002-861+,6,1,Harappa,SEAL:R,Steatite,None,None
1178.1,H-137,+740-443-388-033-705-233-002-817+,8,1,Harappa,SEAL:R,NA,None,None
1179.1,H-138,+740-388+,2,1,Harappa,SEAL:R,NA,None,None
1180.1,H-139,+368-861-503+,3,1,Harappa,SEAL:R,Steatite,None,None
1181.1,H-140,+740-384-032-002-817+,5,1,Harappa,SEAL:R,Steatite,None,None
1182.1,H-141,+405-032-900-003-070-002-233-235+,8,1,Harappa,SEAL:R,Steatite,None,None
1183.1,H-142,+740-267-811-832-060-692+,6,1,Harappa,SEAL:R,Steatite,None,None
1184.1,H-143,+154-806-469-001-740-877-032+,7,1,Harappa,SEAL:R,Terracotta,None,None
1185.1,H-144,+203-892-193+,3,1,Harappa,SEAL:R,Steatite,None,None
1187.1,H-146,+154-806-467-031+,4,1,Harappa,SEAL:R,Steatite,None,None
1188.1,H-147|H-326|H-924|H-925|K-475|L-22|M-1774|M-1915,+740-840-013+,3,8,Harappa|Kalibangan|Lothal|Mohenjo-daro,MISC|SEAL:R|SEAL:S|TAB:I,Faience|Steatite|Terracotta,Bull1:U|Elep|None,None|SAN
1189.1,H-148,+520-240-235+,3,1,Harappa,SEAL:R,Steatite,None,None
1190.1,H-149,+405-061-033-706-794-630-220-002-820+,9,1,Harappa,SEAL:R,Steatite,None,None
1191.1,H-150,+063-740-918+,3,1,Harappa,SEAL:R,Steatite,None,None
1192.1,H-151,+407-017-060-193+,4,1,Harappa,SEAL:R,NA,None,None
1193.1,H-152|H-670|H-681|M-1986,+154-806-468+,3,4,Harappa|Mohenjo-daro,SEAL:R,Steatite,None,None
1194.1,H-153,+064-706-140+,3,1,Harappa,SEAL:R,Steatite,None,None
1195.1,H-154,+154-806-467-013-817+,5,1,Harappa,SEAL:R,Steatite,None,None
1196.1,H-155,+740-176-001-367-861-216+,6,1,Harappa,SEAL:R,Steatite,None,None
1197.1,H-156|M-1775,+740-049+,2,2,Harappa|Mohenjo-daro,SEAL:R|SEAL:S,Steatite,Bull1:W|None,None|SAN
1198.1,H-157,+154-615-503+,3,1,Harappa,SEAL:R,Steatite,None,None
1199.1,H-158,+154-806-472-001-740-405-590+,7,1,Harappa,SEAL:R,Steatite,None,None
1201.1,H-160,+400-154-806-468+,4,1,Harappa,SEAL:R,Steatite,None,None
1201.2,H-160,+090-017+,2,1,Harappa,SEAL:R,Steatite,None,None
1204.1,H-164,+161-097-002-817+,4,1,Harappa,SEAL:R,Steatite,None,None
1206.1,H-171|H-699|H-700,+740-176-798-231+,4,3,Harappa,TAB:B,Faience,Bull|Zebu,None
1208.1,H-174,+400-740-017-503+,4,1,Harappa,TAB:B,Clay,Gavi,None
1209.1,H-175,+167-705-368-005-741-060-920+,7,1,Harappa,TAB:B,Clay,Anth,None
1210.1,H-176|M-1811,+740-821+,2,2,Harappa|Mohenjo-daro,SEAL:S|TAB:B,Clay|Steatite,Bull1:L|Scene,None|SAN
1211.1,H-177,+700-033-151-706-031-002-817+,7,1,Harappa,TAB:B,Faience,Scene,None
1214.1,H-180,+151-390-590-741-330-368+,6,2,Harappa,TAB:B,Clay,Scene,None
1216.1,H-183|H-184,+400-202-892-220-920+,5,2,Harappa,TAB:B,Steatite,Phyt,None
1219.1,H-186,+032-840+,2,1,Harappa,TAB:B,Faience,Phyt,None
1220.1,H-187,+400-740-463-495+,4,1,Harappa,TAB:B,NA,Phyt,None
1222.1,H-189,+400-158-806-470+,4,1,Harappa,TAB:B,Clay,Othr,None
1223.1,H-1104|H-1105|H-190|H-724|H-726,+158-806-465+,3,5,Harappa,TAB:B,Clay|Steatite,Phyt,None
1224.1,H-191|H-729,+740-798-463-354+,4,2,Harappa,TAB:B,Faience,Phyt,None
1227.1,H-196,+407-590-740-072+,4,1,Harappa,TAB:B,Faience,Mult,HBN
1227.2,H-196|M-449,+167-706+,2,3,Harappa|Mohenjo-daro,TAB:B,Clay|Faience,Mult,HBN
1227.3,H-196,+032-700-100-001+,4,1,Harappa,TAB:B,Faience,Mult,HBN
1228.1,H-197|H-198,+142-033+,2,2,Harappa,TAB:B,NA,None,HAN
1234.1,H-203|H-748|H-767|M-468|M-469,+400-740-220-415-798+,5,5,Harappa|Mohenjo-daro,TAB:B,Clay|Faience,Box|None|Xhch,None
1235.1,H-1114|H-204|H-750|H-751|H-752|H-753|H-754|M-472,+400-740-405-590-235-806+,6,8,Harappa|Mohenjo-daro,TAB:B,Faience,None,None
1236.1,H-205,+740-048-741-850+,4,1,Harappa,TAB:B,Faience,None,None
1237.1,H-206,+740-642-240-204-705-621+,6,1,Harappa,TAB:B,NA,None,None
1239.1,H-208|H-775,+400-158-806-472+,4,2,Harappa,TAB:B,Faience,None,None
1240.1,H-209,+400-921-690-435-255-055+,6,1,Harappa,TAB:B,Faience,None,None
1241.1,H-210,+740-100-176-101+,4,1,Harappa,TAB:B,Faience,None,None
1242.1,H-211,+400-740-898-617+,4,1,Harappa,TAB:B,NA,None,None
1243.1,H-212,+400-156-118+,3,1,Harappa,TAB:B,Faience,None,None
1245.1,H-214,+400-520-400-353+,4,1,Harappa,TAB:B,Faience,None,None
1247.1,H-216|H-217|H-441,+740-337-484+,3,3,Harappa,SEAL:S|TAB:B,Steatite,Bull1:W|None,None|SAN
1249.1,H-218,+740-336-176+,3,1,Harappa,TAB:B,NA,None,None
1250.1,H-219|H-801,+415-035-171+,3,2,Harappa,TAB:B,NA,None,None
1253.1,H-226|H-227|H-228|H-810,+400-158-904-736+,4,4,Harappa,TAB:B,Clay,Mult|None,Mult|None
1257.1,H-230|H-815,+520-072-219+,3,2,Harappa,TAB:B,Faience,Othr|Phyt,None
1258.1,H-231,+520-220-240-002-820+,5,1,Harappa,TAB:B,Faience,None,None
1259.1,H-232,+400-740-177-519+,4,1,Harappa,TAB:B,Faience,None,None
1262.2,H-1140|H-1141|H-236,+740-032-840-679+,4,3,Harappa,TAB:B,Faience,Fish|None,None
1265.1,H-240,+740-904-032-233-803+,5,1,Harappa,TAG:P,Clay,None,None
1266.1,H-241,+001-142+,2,1,Harappa,TAB:B,Faience,Turt,None
1269.1,H-244,+104-002-820+,3,1,Harappa,TAB:B,Faience,None,SAN
1270.1,H-245,+400-807-740-219+,4,1,Harappa,TAB:B,Faience,None,None
1272.2,H-247,+116-032+,2,1,Harappa,TAB:B,Faience,None,None
1274.2,H-249|M-1827|M-1836,+520-233+,2,3,Harappa|Mohenjo-daro,SEAL:S|TAB:B,Faience|Steatite,Bull1:I|None,None|SAN
1277.1,H-1155|H-252|H-253|H-254|H-255|H-256|H-257|H-258|H-259|H-260|H-261|H-262|H-263|H-264|H-265|H-276|H-277|H-859|H-860|H-861|H-862|H-863|H-864|H-865|H-866|H-867|H-868|H-869|H-870,+520-240-002-405-501+,5,29,Harappa,TAB:B,Clay,Bull1|Bull1:I|Bull1:U,None
1293.1,H-268,+740-585-017-033-706-803-002-220-455-920+,10,1,Harappa,SEAL:S,Steatite,Bull1:W,SAN
1294.1,H-270,+740-482-055-220-415-798-803-742-617+,9,1,Harappa,SEAL:S,Steatite,Bull1:W,SAN
1295.1,H-271,+595-420-717-745+,4,1,Harappa,SEAL:S,Steatite,Bull1,NA
1296.1,H-272,+740-585-017-240-002-305-032-904+,8,1,Harappa,SEAL:S,Steatite,Bull1,NA
1300.1,H-278|H-279|H-280|H-281|H-282|H-283|H-284|H-871|H-872|H-873,+740-407-590-690-436-255-920-318-220-415-803+,11,10,Harappa,TAB:B,Clay|Steatite,Gavi,None
1311.1,H-289|H-290,+740-783-004+,3,2,Harappa,TAB:I,Steatite,Pipal,None
1317.1,H-295,+511-032+,2,1,Harappa,SEAL:S,Steatite,Bult,None
1318.1,H-296,+400-740-575-017-920+,5,1,Harappa,TAB:I,Steatite,None,None
1319.1,H-297,+400-151-336-630-706+,5,1,Harappa,TAB:I,NA,None,None
1320.1,H-1178|H-298|H-894,+400-740-636-240+,4,3,Harappa,TAB:I,Steatite,None,None
1320.2,H-298,+700-126+,2,1,Harappa,TAB:I,NA,None,None
1322.2,H-300|K-63,+400-740-776-495+,4,2,Harappa|Kalibangan,SEAL:R|TAB:I,Steatite,None,None
1323.2,H-301|H-905|H-988,+400-740-636-240-031-032-171+,7,3,Harappa,TAB:I,Steatite,Bult|None,None
1324.1,H-1191|H-302|H-912,+220-700-004+,3,3,Harappa,TAB:I,Steatite,None,None
1324.2,H-302,+400-760-740-220-416+,5,1,Harappa,TAB:I,Steatite,None,None
1326.2,H-304,+740-032-059+,3,1,Harappa,TAB:I,Steatite,None,None
1332.1,H-310,+740-231-003+,3,1,Harappa,SEAL:R,NA,None,None
1333.1,H-311|H-959,+400-740-178+,3,2,Harappa,TAB:I,Steatite,None,None
1343.1,H-321,+740-690-630-240+,4,1,Harappa,TAB:I,Steatite,None,None
1345.1,H-323,+740-100-240+,3,1,Harappa,TAB:I,Steatite,None,None
1346.1,H-324|H-368,+400-156-384-031+,4,2,Harappa,SEAL:CY|TAB:I,Steatite,None,None
1347.2,H-325,+740-926+,2,1,Harappa,TAB:I,Steatite,None,None
1350.1,H-328,+690-004+,2,1,Harappa,TAB:I,Steatite,None,None
1350.2,H-328,+400-741-717-235+,4,1,Harappa,TAB:I,Steatite,None,None
1353.1,H-331|H-334,+400-892-829+,3,2,Harappa,TAB:I,Steatite,None,None
1362.1,H-341|H-892,+400-740-336-176+,4,2,Harappa,TAB:I,Steatite,None,None
1363.1,H-343,+740-861-877+,3,1,Harappa,TAB:I,Steatite,None,None
1364.1,H-344|H-359,+526-550-220+,3,2,Harappa,TAB:I,Steatite,Bult|None,None
1365.1,H-345,+090-740-362+,3,1,Harappa,TAB:I,Steatite,None,None
1366.2,H-346,+700-090+,2,1,Harappa,TAB:I,Steatite,None,None
1369.1,H-350,+740-690-642-240+,4,1,Harappa,TAB:I,Steatite,Fish,None
1370.1,H-351,+400-740-032-060-013+,5,1,Harappa,TAB:I,Steatite,X,None
1379.2,H-360|H-823,+740-636-240-060-692+,5,2,Harappa,TAB:B|TAB:I,Steatite,Bult|None,None
1381.1,H-362,+740-760-797+,3,1,Harappa,TAB:I,Steatite,Bult,None
1382.1,H-363,+565-741-263+,3,1,Harappa,TAB:I,NA,Mult,None
1382.3,H-363,+692-892+,2,1,Harappa,TAB:I,NA,Mult,None
1388.1,H-369,+368-033-705-031-741-390-741+,7,1,Harappa,SEAL:CY,Steatite,None,None
1396.1,H-380,+930-632-920+,3,1,Harappa,IMPL,Copper,None,None
1400.1,H-386,+527-555-740-055-240-415-798-060-201+,9,1,Harappa,SEAL:S,Steatite,Bull1:W,SAN
1401.1,H-388,+520-033-706-231-806-002-817+,7,1,Harappa,SEAL:S,NA,Bull1:W,SAF
1402.1,H-389,+740-405-590-235-002-031-480-625+,8,1,Harappa,SEAL:S,NA,Bull1:W,SAN
1404.1,H-391,+740-031-504-235-060-920+,6,1,Harappa,SEAL:S,NA,Bull1:I,NA
1410.1,H-405,+236-806-002-863+,4,1,Harappa,SEAL:S,NA,Bull1:W,SAN
1413.1,H-408,+740-176-240-002-702-503+,6,1,Harappa,SEAL:S,Steatite,Bull1:W,SAN
1414.1,H-410,+368-840-830-002-861+,5,1,Harappa,SEAL:S,Steatite,Bull1:L,SAN
1415.1,H-411,+740-440-240-001-820+,5,1,Harappa,SEAL:S,Steatite,Bull1:J,SAF
1416.1,H-412,+161-233-220-032-741-831+,6,1,Harappa,SEAL:S,Steatite,Bull1:I,SAN
1422.1,H-420,+407-004-001-740-443-388-140+,7,1,Harappa,SEAL:S,Steatite,Bull1:W,SAN
1423.1,H-421,+679-740-240-060-550+,5,1,Harappa,SEAL:S,Steatite,Bull1:W,SAN
1430.1,H-440,+090-740-240-031+,4,1,Harappa,SEAL:S,Steatite,Bull1:W,SAN
1434.1,H-444,+241-220-032-002-861+,5,1,Harappa,SEAL:S,NA,Bull1:W,SAF
1436.1,H-446,+740-585-798-002-861-216+,6,1,Harappa,SEAL:S,Steatite,Bull1:J,SAN
1439.1,H-449,+740-390-590-240-741-390-728+,7,1,Harappa,SEAL:S,Steatite,Bull1:W,SAN
1440.1,H-450,+740-100-240-741-702-900-003+,7,1,Harappa,SEAL:S,Steatite,Bull1:J,SAN
1442.1,H-452,+740-266+,2,1,Harappa,SEAL:S,Steatite,Bull1:L,NA
1444.1,H-454,+740-390-590-742-700+,5,1,Harappa,SEAL:S,Steatite,Bull1:J,RAN
1445.1,H-455,+520-033-705-002-172-032+,6,1,Harappa,SEAL:S,Steatite,Bull1:J,SAN
1446.1,H-456,+520-033-706-002-817-808+,6,1,Harappa,SEAL:S,Steatite,Bull1:I,SAN
1447.1,H-457,+740-798-003-002-416+,5,1,Harappa,SEAL:S,NA,Bull1:J,SAF
1448.1,H-458,+368-861-575+,3,1,Harappa,SEAL:S,Steatite,Bull1:I,SAN
1449.1,H-459,+527-555-231-002-817+,5,1,Harappa,SEAL:S,Steatite,Bull1:T,SAN
1456.1,H-468,+740-900-003-002-940-705+,6,1,Harappa,SEAL:S,Steatite,Bull1:J,HAF
1457.1,H-469,+740-760-840-013+,4,1,Harappa,SEAL:S,Steatite,Bull1:J,RAN
1459.1,H-472,+740-585-900-014-820+,5,1,Harappa,SEAL:S,Steatite,Bull1,NA
1460.1,H-473,+861-576-545+,3,1,Harappa,SEAL:S,Steatite,Bull1:W,SAN
1461.1,H-474,+740-900-482-484-900+,5,1,Harappa,SEAL:S,Steatite,Bull1:W,SAN
1465.1,H-477,+138-001-595-752-455+,5,1,Harappa,SEAL:S,Steatite,Bull1:W,SAN
1466.1,H-478,+740-770-235-002-817+,5,1,Harappa,SEAL:S,Steatite,Bull1:W,SAN
1467.1,H-479,+740-405-590-790+,4,1,Harappa,SEAL:S,Steatite,Bull1:W,SAN
1471.1,H-483,+740-032-840-233-060-550+,6,1,Harappa,SEAL:S,Steatite,Bull1,NA
1480.1,H-502,+090-740-220-032+,4,1,Harappa,SEAL:S,Steatite,Bull1:J,SAN
1481.1,H-503|M-1829,+520-175+,2,2,Harappa|Mohenjo-daro,SEAL:S,Steatite,Bull1:I|Bull1:J,HAN|SAN
1483.1,H-505,+527-140+,2,1,Harappa,SEAL:S,NA,Bull1:I,SAN
1484.1,H-506,+294-350-595-820-002-820+,6,1,Harappa,SEAL:S,Steatite,Bull1:I,SAN
1487.1,H-510,+740-390-590-060-795+,5,1,Harappa,SEAL:S,Steatite,Bull1:I,NA
1488.1,H-511,+390-871+,2,1,Harappa,SEAL:S,Steatite,Bull1:I,RAN
1489.1,H-512|M-1368|M-138|M-1852,+740-900-005+,3,4,Harappa|Mohenjo-daro,SEAL:R|SEAL:S,Steatite,Bull1|Bull1:I|Bull1:J|None,None|RAN|SAN
1490.1,H-513,+111-833-528+,3,1,Harappa,SEAL:S,Steatite,Bull1:U,RAN
1491.1,H-514,+151-220-016-002-820+,5,1,Harappa,SEAL:S,Steatite,Bull1:W,RAN
1492.1,H-515,+740-798-463-350-741-590-032+,7,1,Harappa,SEAL:S,Steatite,Bull1:S,RAN
1493.1,H-516|M-1235|M-1735|M-188|M-229|M-995,+156-031+,2,7,Harappa|Mohenjo-daro,MISC|SEAL:S,Steatite,Bull1:I|Bull1:J|Bull1:S|Bull1:X|None,None|RAN|SAF|SAN
1495.1,H-518,+407-004+,2,1,Harappa,SEAL:S,Steatite,Bull1:W,SAN
1496.1,H-519,+740-904-033-741-700+,5,1,Harappa,SEAL:S,Steatite,Bull1:L,SAN
1501.1,H-530,+520-400-350-031+,4,1,Harappa,SEAL:S,Steatite,Bull1,SAN
1510.1,H-550,+520-033-706-031+,4,1,Harappa,SEAL:S,Steatite,NA,NA
1518.1,H-565|M-265,+090-740-035-171-061+,5,2,Harappa|Mohenjo-daro,SEAL:S,Steatite,Zebu,None
1530.1,H-580,+740-269-511-060-690+,5,1,Harappa,SEAL:S,NA,Gaur,Trough
1532.1,H-584,+400-139+,2,1,Harappa,SEAL:S,Steatite,Gaur,NA
1533.1,H-586,+740-877-032+,3,1,Harappa,SEAL:S,Steatite,Zebu,NA
1534.1,H-589,+740-900-005-033+,4,1,Harappa,SEAL:S,Steatite,Buff,NA
1535.1,H-591,+400-221-031-741+,4,1,Harappa,SEAL:S,Steatite,Elep,NA
1536.1,H-592,+740-575-017-220-415-803+,6,1,Harappa,SEAL:S,NA,Gaur,NA
1540.1,H-597,+740-390-590-070-032-002-861+,7,2,Harappa,SEAL:S,Steatite,Bull1:J,SAN
1541.2,H-598,+740-639-240-002-435-255-777+,7,1,Harappa,SEAL:S,NA,Bull1:W,SAN
1543.1,H-600,+002-368-260+,3,1,Harappa,SEAL:S,Steatite,Bull1:I,SAF
1544.1,H-601,+740-717-233-220-032+,5,1,Harappa,SEAL:S,Clay,Bull1,SAN
1551.1,H-611,+527-550-002-125-590+,5,1,Harappa,SEAL:S,Steatite,None,None
1552.1,H-612,+740-615-495-002-825+,5,1,Harappa,SEAL:S,Steatite,Bull1:L,SAN
1552.2,H-612,+740-892-590-893-001-615+,6,1,Harappa,SEAL:S,Steatite,Bull1:L,SAN
1557.1,H-642,+001-304-354-125-812-033+,6,1,Harappa,SEAL:R,Steatite,None,None
1560.1,H-645,+595-632-740-550+,4,1,Harappa,SEAL:R,Steatite,None,None
1564.1,H-649,+520-033-705-233-240-806-002-820+,8,1,Harappa,SEAL:R,Steatite,None,None
1569.1,H-654,+405-061-740-806+,4,1,Harappa,SEAL:R,NA,None,None
1574.1,H-659,+407-845-140-740-233-240-798-365-263+,9,1,Harappa,SEAL:R,NA,None,None
1575.1,H-660,+520-095-033-706-240-798+,6,1,Harappa,SEAL:R,NA,None,None
1580.1,H-665,+407-004-060-692+,4,1,Harappa,SEAL:R,NA,None,None
1581.1,H-666,+740-007-503-626-484+,5,1,Harappa,SEAL:R,Steatite,None,None
1583.1,H-668,+790-740+,2,1,Harappa,SEAL:R,Steatite,None,None
1584.1,H-669,+740-220-032+,3,1,Harappa,SEAL:R,Steatite,None,None
1586.1,H-679,+565-806+,2,1,Harappa,SEAL:R,Steatite,None,None
1587.1,H-680,+527-554-104+,3,1,Harappa,SEAL:R,NA,None,None
1594.1,H-688,+520-233-002-861-831-165+,6,1,Harappa,SEAL,NA,None,None
1599.1,H-694|H-695,+740-390-590-235-368-806+,6,2,Harappa,TAB:B,NA,Bull1:S,RAN
1602.1,H-1100|H-697,+740-904-240-002-817+,5,2,Harappa,TAB:B,Clay,Bull2,SAN
1607.1,H-702,+137-002-820+,3,1,Harappa,TAB:B,Faience,Mult,None
1611.1,H-706,+700-033-137-002-820+,5,1,Harappa,TAB:B,Faience,Gavi,None
1619.1,H-715,+526-550-060-820+,4,1,Harappa,TAB:B,NA,T-A-T,Plant
1620.1,H-717,+705-904+,2,1,Harappa,TAB:B,Faience,None,None
1621.1,H-718,+031-480-165-900+,4,1,Harappa,TAB:B,Clay,Phyt,None
1622.1,H-719,+405-004-002-861+,4,1,Harappa,TAB:B,Faience,Phyt,None
1623.1,H-720,+740-794+,2,1,Harappa,TAB:B,NA,Phyt,None
1630.1,H-728,+740-798-460-015+,4,1,Harappa,TAB:B,NA,Phyt,None
1649.1,H-756,+407-005-741-500-561+,5,1,Harappa,TAB:B,Faience,None,None
1650.1,H-757|H-758,+740-100-440+,3,2,Harappa,TAB:B,Faience,None,None
1656.2,H-764|H-765,+740-717-790+,3,2,Harappa,TAB:B,Faience,None,None
1658.1,H-766,+065-826+,2,1,Harappa,TAB:B,Faience,None,None
1662.1,H-770,+151-840-416+,3,1,Harappa,TAB:B,Faience,None,None
1663.1,H-771,+032-257-840+,3,1,Harappa,TAB:B,Faience,None,None
1665.1,H-773,+740-798-803-002-390-530-741+,7,1,Harappa,TAB:B,Faience,None,None
1667.1,H-776,+740-803-741-031-032-716+,6,1,Harappa,TAB:B,Faience,None,None
1668.2,H-777,+390-004-104+,3,1,Harappa,TAB:B,NA,None,None
1669.2,H-778,+390-004-817+,3,1,Harappa,TAB:B,NA,None,None
1672.2,H-781,+740-904-240+,3,1,Harappa,TAB:B,NA,None,None
1678.2,H-787,+400-740-176-700-033+,5,1,Harappa,TAB:B,NA,None,None
1681.1,H-790,+400-740-384-033+,4,1,Harappa,TAB:B,Faience,None,None
1682.2,H-791,+550-233+,2,1,Harappa,TAB:B,Faience,None,None
1683.1,H-792|H-793,+400-154-896+,3,2,Harappa,TAB:B,Faience,None,None
1685.1,H-794,+400-232-235+,3,1,Harappa,TAB:B,NA,None,None
1687.1,H-796,+370-455+,2,1,Harappa,TAB:B,NA,None,None
1690.1,H-799,+032-820-100-415+,4,1,Harappa,TAB:B,Faience,None,None
1691.1,H-800,+740-337-692-490+,4,1,Harappa,TAB:B,Faience,None,None
1701.1,H-812,+368-035+,2,1,Harappa,TAB:B,Faience,None,None
1703.1,H-814,+400-820-100-415+,4,1,Harappa,TAB:B,Faience,None,None
1706.1,H-817,+400-740-336-018+,4,1,Harappa,TAB:B,Faience,None,None
1707.1,H-818,+740-336-018+,3,1,Harappa,TAB:B,Faience,None,None
1710.2,H-821|H-822,+740-642-240-001-692+,5,2,Harappa,TAB:B,NA,None,None
1715.1,H-825,+368-817+,2,1,Harappa,TAB:B,NA,None,None
1717.1,H-829,+139-002-820+,3,1,Harappa,TAB:B,NA,None,None
1717.2,H-829,+700-032-390+,3,1,Harappa,TAB:B,NA,None,None
1720.1,H-834,+400-740-690-436-255+,5,1,Harappa,TAB:B,Faience,None,None
1724.1,H-838,+740-615-495-002-817+,5,1,Harappa,TAB:B,Faience,None,None
1725.2,H-839,+400-140+,2,1,Harappa,TAB:B,Faience,None,None
1727.1,H-1149|H-841,+400-740-790+,3,2,Harappa,TAB:B,Faience,None,None
1728.1,H-842,+400-740-861+,3,1,Harappa,TAB:B,Faience,None,None
1729.1,H-843,+400-527-195+,3,1,Harappa,TAB:B,NA,Xhch,None
1732.1,H-846,+400-740-100-031-705+,5,1,Harappa,TAB:B,Faience,Gavi,None
1738.2,H-852,+740-760-268-233-220+,5,1,Harappa,TAB:B,Faience,Phyt,None
1739.1,H-853,+740-177-231+,3,1,Harappa,TAB:B,NA,Bult,None
1740.1,H-854,+400-740-335-003+,4,1,Harappa,TAB:B,Faience,Bult,None
1741.1,H-1107|H-857,+740-390-590-235+,4,2,Harappa,TAB:B,NA,None|Phyt,None
1758.1,H-875,+400-740-840-013+,4,1,Harappa,TAB:B,Clay,None,None
1758.2,H-875,+617-798-003+,3,1,Harappa,TAB:B,Clay,None,None
1759.1,H-876,+200-705-380+,3,1,Harappa,TAB:B,Steatite,None,None
1770.1,H-888|H-945|H-946,+400-234+,2,3,Harappa,TAB:I,Steatite,Bult|None,None
1775.1,H-893,+400-740-337+,3,1,Harappa,TAB:I,Steatite,None,None
1781.2,H-899,+400-520-231-240+,4,1,Harappa,TAB:I,Steatite,None,None
1785.2,H-903,+700-034-690-368-817+,5,1,Harappa,TAB:I,Steatite,None,None
1786.1,H-904,+740-032-840-002+,4,1,Harappa,TAB:I,Steatite,None,None
1786.2,H-904,+700-033-900-645-368-817+,6,1,Harappa,TAB:I,Steatite,None,None
1788.2,H-906|H-949,+151-229+,2,2,Harappa,TAB:I,Steatite,None,None
1793.1,H-1191|H-912,+400-740-760-220-416+,5,2,Harappa,TAB:I,Steatite,None,None
1796.1,H-916,+400-740-032-059+,4,1,Harappa,TAB:I,Steatite,None,None
1797.1,H-917|H-919,+690-687+,2,2,Harappa,TAB:I,Steatite,None,None
1798.1,H-918,+692-687+,2,1,Harappa,TAB:I,Steatite,None,None
1799.2,H-919|M-228,+740-636-240+,3,2,Harappa|Mohenjo-daro,SEAL:S|TAB:I,Steatite,Bull1:J|None,None|SAN
1802.2,H-922|H-923,+520-031+,2,2,Harappa,TAB:I,Steatite,None,None
1810.1,H-930,+740-900-004+,3,1,Harappa,TAB:I,Steatite,None,None
1822.1,H-942,+520-220-016+,3,1,Harappa,TAB:I,Steatite,None,None
1823.1,H-943|H-944,+400-158-592+,3,2,Harappa,TAB:I,Steatite,None,None
1828.1,H-948,+400-151-229+,3,1,Harappa,TAB:I,Steatite,None,None
1830.1,H-950,+710-455-220-032+,4,1,Harappa,TAB:I,Steatite,None,None
1831.1,H-951,+388-134-368-590+,4,1,Harappa,TAB:I,Steatite,None,None
1832.1,H-952,+740-564+,2,1,Harappa,TAB:I,Steatite,None,None
1834.1,H-954,+090-740-235-240+,4,1,Harappa,TAB:I,Steatite,None,None
1852.1,H-975,+740-760-382+,3,1,Harappa,TAB:I,Steatite,NA,None
1859.1,H-983,+400-740-637-240+,4,1,Harappa,TAB:I,Steatite,Bult,None
1861.2,H-985|M-97,+156-435-255+,3,2,Harappa|Mohenjo-daro,SEAL:S|TAB:I,Steatite,Bull1:J|None,None|SAN
1863.1,H-987,+690-365-817+,3,1,Harappa,TAB:I,Steatite,None,None
1874.1,Hls-1|M-1452,+740-407-590+,3,2,Hulas|Mohenjo-daro,TAB:C|TAG:P,Copper,None|Othr,None
1875.1,Jk-2,+740-803-233-002-817+,5,1,Jhukar,SEAL:S,NA,Bull1:J,SAN
1877.1,K-1,+031-504-632-032+,4,1,Kalibangan,SEAL:S,Steatite,Bull1:W,SAN
1879.1,K-4,+036-269-140-002-741-060-920+,7,1,Kalibangan,SEAL:S,Steatite,Bull1:W,SAF
1880.1,K-5,+520-233-240-803-741-125+,6,1,Kalibangan,SEAL:S,Steatite,Bull1:W,SAN
1882.1,K-7,+740-100-176-838-001-220-455-530-741+,9,1,Kalibangan,SEAL:S,Steatite,Bull1:W,SAF
1884.1,K-9,+515-740-220-003-900+,5,1,Kalibangan,SEAL:S,Steatite,Bull1:W,SAF
1885.1,K-10,+740-690-435-255-002-368-861-590-032-368+,10,1,Kalibangan,SEAL:S,Steatite,Bull1:I,RAN
1886.1,K-11,+740-717-415-790-900+,5,1,Kalibangan,SEAL:S,Steatite,Bull1:S,RAF
1888.1,K-13,+740-585-017-741-630+,5,1,Kalibangan,SEAL:S,Steatite,Bull1:J,RAF
1895.1,K-20,+151-216+,2,1,Kalibangan,SEAL:S,Steatite,Bull1:J,NA
1896.1,K-22,+866-151-033-033+,4,1,Kalibangan,SEAL:S,Steatite,Bull1:I,RAF
1897.1,K-23,+740-441-002-820-033+,5,1,Kalibangan,SEAL:S,Steatite,Bull1:I,RAN
1898.1,K-24,+740-760-093-002-252-575+,6,1,Kalibangan,SEAL:S,Steatite,Bull1,R
1899.1,K-25,+520-231-002-220-065-132-082+,7,1,Kalibangan,SEAL:S,Steatite,Bull1,NA
1902.1,K-28,+440-411-740-335-002-285-491+,7,1,Kalibangan,SEAL:S,Steatite,Gaur,None
1906.1,K-33,+226-002-861+,3,1,Kalibangan,SEAL:S,Steatite,Buff,Trough
1907.1,K-39,+590-390+,2,1,Kalibangan,SEAL:S,Terracotta,Rhin,Flag
1908.1,K-40,+760-031-002-861-791-440-717+,7,1,Kalibangan,SEAL:S,Steatite,Elep,None
1912.1,K-49,+151-017-003+,3,1,Kalibangan,SEAL:S,Steatite,T-A-T,None
1914.1,K-51,+250-255+,2,1,Kalibangan,SEAL:S,Terracotta,None,None
1919.1,K-56,+740-165-060-550+,4,1,Kalibangan,MISC,Terracotta,Bull1:I,SAN
1920.1,K-59,+015-013-031-892+,4,1,Kalibangan,SEAL:R,Steatite,None,None
1922.1,K-61|M-176,+740-690+,2,2,Kalibangan|Mohenjo-daro,SEAL:R|SEAL:S,Steatite|Terracotta,Bull1:J|None,None|SAN
1923.1,K-62,+740-176-233-803+,4,1,Kalibangan,SEAL:R,Terracotta,None,None
1926.1,K-68,+400-740-263+,3,1,Kalibangan,TAB:B,Faience,Bull1,RAN
1927.1,K-156|K-69|K-70|K-71|K-72|K-73|K-74|K-75,+892-890-417-002-056-091+,6,8,Kalibangan,TAG,Terracotta,Bull1|None,None
1935.1,K-78,+740-817-390-002-820+,5,1,Kalibangan,TAB:B,Terracotta,Gavi,None
1938.1,K-82|M-1697|M-712,+390-003-002-861+,4,3,Kalibangan|Mohenjo-daro,SEAL:S|TAG:L,Steatite,Bull1|Bull1:W,SAF
1940.1,K-85,+520-033-002-861+,4,1,Kalibangan,TAG:L,NA,Elep,None
1944.1,K-89,+090-740-362-002-360-832+,6,1,Kalibangan,TAG:L,NA,Bull1,SAN
1945.1,K-90,+740-798-700+,3,1,Kalibangan,POT:T:g,NA,None,None
1948.1,K-94,+411-005+,2,1,Kalibangan,POT:T:g,Clay,None,None
1957.1,K-104,+740-180+,2,1,Kalibangan,POT:T:g,Clay,None,None
1964.1,K-120,+390-832-003+,3,1,Kalibangan,POT:T:p,Clay,None,None
1967.1,K-32,+520-231+,2,1,Kalibangan,SEAL:S,Steatite,Zebu,None
1968.1,Krs-1,+215-001-480-306-813-033-060-413-346-706+,10,1,Khirsara,SEAL:R,NA,None,None
1969.1,Krs-2,+740-575-017+,3,1,Khirsara,SEAL:R,NA,None,None
1981.1,Lh-1,+740-760-615-104-717-235-002-392-590-125+,10,1,Lohumjo-daro,SEAL:S,NA,Bull1:S,SAN
1984.1,L-1,+527-550-233-002-812-095+,6,1,Lothal,SEAL:S,Steatite,Bull1:W,SAF
1986.1,L-4,+090-740-100-233-002-575-031+,7,1,Lothal,SEAL:S,Steatite,Bull1,SAN
1990.1,L-11,+590-705-435-255-778-002-817+,7,1,Lothal,SEAL:S,Steatite,Bull1:L,SAN
1994.1,L-16,+154-004+,2,1,Lothal,SEAL:S,Steatite,Bull1:W,S
1996.1,L-18,+415-031-002-820+,4,1,Lothal,SEAL:S,Steatite,Bull1:S,SAN
1998.1,L-20,+390-004-491+,3,1,Lothal,SEAL:S,Steatite,Bull1:J,SAN
1999.1,L-21,+156-142-060-820+,4,1,Lothal,SEAL:S,Steatite,Bull1:S,RAN
2003.1,L-26,+740-798-240-060-111-166+,6,1,Lothal,SEAL:S,Steatite,Bull1:W,HAN
2005.1,L-28,+740-406-590-741-060-920+,6,1,Lothal,SEAL:S,Steatite,Bull1:S,SAN
2006.1,L-29,+390-003-480-368-861+,5,1,Lothal,SEAL:S,Steatite,Bull1:O,SAN
2008.1,L-35|L-55,+740-176-233+,3,2,Lothal,SEAL:S,Steatite,Bull1:J|None,None|SAN
2009.1,L-36,+422-003-001-060-065-405-720+,7,1,Lothal,SEAL:S,Steatite,Bull1,SAN
2010.1,L-37,+104-892-390-406+,4,1,Lothal,SEAL:S,Steatite,Bull1,SAN
2011.1,L-38,+151-100-220+,3,1,Lothal,SEAL:S,Steatite,Bull1:V,SAN
2012.1,L-39,+520-315-002-861-626+,5,1,Lothal,SEAL:S,Steatite,Bull1,SAN
2013.1,L-41,+090-740-233-002-817+,5,1,Lothal,SEAL:S,Clay,Bull,NA
2015.1,L-43,+151-590-390+,3,1,Lothal,SEAL:S,Steatite,Bull1:X,NA
2016.1,L-45,+411-440-236-220-741-634+,6,1,Lothal,SEAL:S,Steatite,Gaur,Trough
2017.1,L-46,+527-388-233-740-176-002-861-392+,8,1,Lothal,SEAL:S,Steatite,Gaur,Trough
2018.1,L-47,+409-190-002-798-055+,5,1,Lothal,SEAL:S,Steatite,Bull1,NA
2020.1,L-51,+527-555-231-235+,4,1,Lothal,SEAL:S,Clay,Misc,None
2021.1,L-52|M-1800|M-939,+527-550+,2,3,Lothal|Mohenjo-daro,SEAL:S,Clay|Steatite,Bull1:J|Bull1:W|None,None|SAN
2023.1,L-56|M-1734,+740-912+,2,2,Lothal|Mohenjo-daro,SEAL:S,NA,Bull1:W,SAN
2024.1,L-57,+832-002-861+,3,1,Lothal,SEAL:S,NA,NA,NA
2025.1,L-58,+740-550+,2,1,Lothal,SEAL:S,Clay,None,None
2027.1,L-60,+740-861-140+,3,1,Lothal,SEAL:S,Steatite,NA,NA
2036.1,L-82,+806-231-002-221+,4,1,Lothal,SEAL:R,Steatite,None,None
2037.1,L-83,+740-806-240-002-820+,5,1,Lothal,SEAL:L,Agate,None,None
2038.1,L-84,+048-002-817+,3,1,Lothal,SEAL:R,NA,NA,NA
2041.1,L-87,+740-032-840-233-220-032-060-825-002+,9,1,Lothal,SEAL:R,Steatite,None,None
2042.1,L-88,+405-005-001-063-615-262+,6,1,Lothal,SEAL:R,Steatite,None,None
2043.1,L-89,+527-555-235-002-861+,5,1,Lothal,SEAL:R,Steatite,None,None
2044.1,L-90,+423-003-060-407-140+,5,1,Lothal,SEAL:R,NA,NA,NA
2046.1,L-92,+520-070-255-832-002-817+,6,1,Lothal,SEAL:R,Steatite,None,None
2051.1,L-97,+409-015+,2,1,Lothal,SEAL:R,NA,None,None
2052.1,L-98,+520-220-415-519+,4,1,Lothal,SEAL:R,Steatite,None,None
2053.1,L-101,+390-700-790-032-063+,5,1,Lothal,MISC,Clay,None,None
2054.1,L-102,+154-005+,2,1,Lothal,SEAL:R,Steatite,None,None
2060.1,L-111,+740-904-240-235+,4,1,Lothal,SEAL:R,Shell,None,None
2061.1,L-112,+740-760-605-002-540-590+,6,1,Lothal,SEAL:R,Clay,None,None
2063.1,L-114,+740-407-590-904-220-032-803-060-920+,9,1,Lothal,SEAL:R,Steatite,None,None
2064.1,L-115,+575-705-056-031+,4,1,Lothal,SEAL:R,Clay,None,None
2066.1,L-118,+140-032+,2,1,Lothal,SEAL:R,Agate,None,None
2067.1,L-122,+527-550-740-443-060-820+,6,1,Lothal,SEAL:R,Agate,None,None
2068.1,L-124|L-125|L-126|L-127|L-128|L-129|L-190|L-191|L-193|L-197|L-206,+090-740-220-055-001-741-500-705+,8,11,Lothal,TAG|TAG:L|TAG:W,Clay,Bull1,S
2073.1,L-130|L-131,+236-002-861+,3,2,Lothal,TAG,Clay,Bull1,NA
2077.1,L-134,+520-233-220-240-002-617+,6,1,Lothal,TAG,Clay,NA,NA
2084.1,L-142,+140-015-001-031-692+,5,1,Lothal,TAG:P,Clay,Bull1,?AN
2085.1,L-143,+740-388-220-004-060-920+,6,1,Lothal,TAG,NA,Bull1,NA
2087.1,L-145,+390-415-002-550+,4,1,Lothal,TAG,NA,Bull1,NA
2088.1,L-146|M-122|M-1359,+520-033-705+,3,3,Lothal|Mohenjo-daro,SEAL|SEAL:S|TAG:O,Clay|Steatite,Bull1|Bull1:J|None,None|SAN
2093.1,L-161|L-162|L-163|L-164|L-165|L-166|L-167|L-168|L-169|L-170|M-895,+740-048-002-817+,4,11,Lothal|Mohenjo-daro,SEAL:S|TAG:B,Clay|Steatite,Bull1|Elep,None
2126.1,L-207,+740-482-002-820+,4,1,Lothal,TAG,Clay,Bull1,NA
2133.2,L-217,+740-090-703+,3,1,Lothal,TAB:B,Faience,Mult,Mult
2133.3,L-217,+740-821-741-060-920+,5,1,Lothal,TAB:B,Faience,Mult,Mult
2134.1,L-218,+317-590-111+,3,1,Lothal,TAG:P,Clay,Bull1,NA
2135.1,L-219,+233-226-032-001-223-575+,6,1,Lothal,TAG,Clay,Bull1,NA
2149.1,L-271,+156-031-240+,3,1,Lothal,POT:T:g,NA,NA,NA
2159.1,M-2036|M-2067,+035-171+,2,2,Mohenjo-daro,POT:T:g|TAG:C,Clay|Paste,Mult|None,None
2162.1,M-2063,+740-142-480+,3,1,Mohenjo-daro,POT:T:g,Clay,None,None
2165.2,M-1755|M-2060,+740-176-002-861+,4,2,Mohenjo-daro,POT:T:g|SEAL:S,Clay|Steatite,Bull1:L|None,None|SAN
2176.1,M-1989,+679-740-575-017-798+,5,1,Mohenjo-daro,SEAL:R,Steatite,None,None
2176.2,M-1989,+679-740-575+,3,1,Mohenjo-daro,SEAL:R,Steatite,None,None
2178.1,M-1696,+520-033-705-220-415-002-861+,7,1,Mohenjo-daro,SEAL:S,Steatite,Bull1:II,SAN
2179.1,M-1880,+151-176-002-861+,4,1,Mohenjo-daro,SEAL:S,Steatite,Gaur,Trough
2181.1,M-1847,+527-550-235+,3,1,Mohenjo-daro,SEAL:S,Steatite,Bull1,SAN
2183.1,M-1748,+527-388+,2,1,Mohenjo-daro,SEAL:S,Steatite,Bull1,SAN
2184.1,M-1794,+400-703-617+,3,1,Mohenjo-daro,SEAL:S,Steatite,Bull1:W,SAN
2185.1,M-1751,+565-740-235+,3,1,Mohenjo-daro,SEAL:S,Steatite,Bull1:J,SAN
2188.1,M-1850,+506-002-817+,3,1,Mohenjo-daro,SEAL:S,Steatite,Bull1:S,None
2189.1,M-1953,+407-845-233-806+,4,1,Mohenjo-daro,SEAL:R,Steatite,None,None
2192.1,M-1805,+740-440-741-060-920+,5,1,Mohenjo-daro,SEAL:S,Steatite,Bull1:S,SAN
2193.1,M-1766,+740-032-845-240-002-269-892-810-033+,9,1,Mohenjo-daro,SEAL:S,Steatite,Bull1:W,SAF
2194.1,M-1705|M-1809,+740-798-235+,3,2,Mohenjo-daro,SEAL:S,Steatite,Bull1:U|Bull1:W,SAN
2195.1,M-1749,+220-455-125-031+,4,1,Mohenjo-daro,SEAL:S,Steatite,Bull1:W,SAN
2196.1,M-1764,+679-060-550+,3,1,Mohenjo-daro,SEAL:S,Steatite,Bull1:W,SAN
2197.1,M-1685,+090-740-101-908-545+,5,1,Mohenjo-daro,SEAL:S,Steatite,Bull1:S,SAF
2199.1,M-1682,+161-924-146+,3,1,Mohenjo-daro,SEAL:S,Steatite,Bull1:W,SAN
2203.1,M-2006,+158-900-415+,3,1,Mohenjo-daro,POT:T:g,Steatite,None,None
2204.1,M-1976,+617-142-002-817+,4,1,Mohenjo-daro,SEAL:R,Steatite,None,None
2205.1,M-1984,+407-003+,2,1,Mohenjo-daro,SEAL:R,Steatite,None,None
2206.1,M-1689,+153-803-595+,3,1,Mohenjo-daro,SEAL:S,Steatite,Bull1:W,SAN
2210.1,M-2113,+400-740-760-435-690+,5,1,Mohenjo-daro,ROD,Ivory,None,None
2218.1,M-1683,+155-806-467-001-692+,5,1,Mohenjo-daro,SEAL:S,Steatite,Bull1:W,SAN
2219.1,M-1881,+740-100-176-741-617+,5,1,Mohenjo-daro,SEAL:S,Steatite,Gaur,Trough
2220.1,M-1675,+621-390-844-002-820+,5,1,Mohenjo-daro,SEAL:S,Steatite,Bull1:W,RBF
2222.1,M-1824,+401-698+,2,1,Mohenjo-daro,SEAL:S,Steatite,Bull1:L,RAN
2224.1,M-1676,+740-760-070-255-832-240-002-595-504-803+,10,1,Mohenjo-daro,SEAL:S,Steatite,Bull1:S,NA
2225.1,M-1923,+740-760-440-853-016+,5,1,Mohenjo-daro,SEAL:S,Steatite,Tigr,Trough
2226.1,M-1692,+390-600-617-002-190-125-632-032+,8,1,Mohenjo-daro,SEAL:S,Steatite,Bull1:L,SAN
2227.1,M-1975,+740-752-001-595-204-920+,6,1,Mohenjo-daro,SEAL:R,Steatite,None,None
2229.1,M-1737,+740-760-072-921-032-002-820+,7,1,Mohenjo-daro,SEAL:S,Steatite,Bull1:W,SAN
2230.1,M-1743,+064-840-140-740-176+,5,1,Mohenjo-daro,SEAL:S,Steatite,Bull1:J,SAN
2231.1,M-1688,+125-435-255-002-286-220-031-012-031-455-033-590+,12,1,Mohenjo-daro,SEAL:S,Steatite,Bull1:S,SAN
2232.1,M-1916,+740-604-142-002-518+,5,1,Mohenjo-daro,SEAL:S,Steatite,Tigr,Trough
2233.1,M-1744,+400-892-081-518-001-031-250+,7,1,Mohenjo-daro,SEAL:S,Steatite,Bull1:L,SAN
2234.1,M-1956,+740-900-790-220-415-798-806+,7,1,Mohenjo-daro,SEAL:R,Steatite,None,None
2236.1,M-1677,+520-382-032-002-820-001-440-012+,8,1,Mohenjo-daro,SEAL:S,Steatite,Bull1:W,NA
2240.1,M-1674,+090-740-222-231-002-861-683+,7,1,Mohenjo-daro,SEAL:S,Steatite,Bull1:J,RAF
2241.1,M-1795,+390-844+,2,1,Mohenjo-daro,SEAL:S,Steatite,Bull1:S,SAN
2242.1,M-1702,+740-191+,2,1,Mohenjo-daro,SEAL:S,Steatite,Bull1:W,NA
2243.1,M-940,+527-555-002-817+,4,1,Mohenjo-daro,SEAL:S,Steatite,Bull1:J,SAN
2244.1,M-1807,+400-390-844+,3,1,Mohenjo-daro,SEAL:S,Steatite,Bull1:S,SAN
2246.1,M-1409|M-1410|M-1411|M-1412|M-457|M-459|M-460|M-461|M-463,+740-630+,2,9,Mohenjo-daro,TAB:B,Faience,Crs|Xcrs,None
2248.1,M-1849,+400-804-233+,3,1,Mohenjo-daro,SEAL:S,Steatite,Bull1:L,SAN
2249.1,M-966,+740-042-741-060-920+,5,1,Mohenjo-daro,SEAL:S,Steatite,Bull1:J,SAN
2250.1,M-1981,+400-130-746+,3,1,Mohenjo-daro,SEAL:R,Steatite,None,None
2251.1,M-1704,+740-760-605-002-861+,5,1,Mohenjo-daro,SEAL:S,Steatite,Bull1:W,SAN
2254.1,M-1756,+151-240-235-741-892+,5,1,Mohenjo-daro,SEAL:S,Steatite,Bull1:J,RAN
2255.1,M-1765,+215-031-480-140-632-705-002-093-033+,9,1,Mohenjo-daro,SEAL:S,Steatite,Bull1:W,SAF
2256.1,M-1753,+740-760-519-240-002-861+,6,1,Mohenjo-daro,SEAL:S,Steatite,Bull1:L,SAN
2261.1,M-1721,+740-042-002-820+,4,1,Mohenjo-daro,SEAL:S,Steatite,Bull1:W,SAN
2263.1,M-963,+740-176-002-817+,4,1,Mohenjo-daro,SEAL:S,Steatite,Bull1:S,SAN
2264.1,M-1699,+161-803+,2,1,Mohenjo-daro,SEAL:S,Steatite,Bull1:W,SAF
2265.1,M-888,+520-220-240-741-440+,5,1,Mohenjo-daro,SEAL:S,Steatite,Bull1:S,RAF
2267.1,M-1848,+032-029+,2,1,Mohenjo-daro,SEAL:S,Steatite,Bull1:U,SAN
2268.1,M-1709,+621-520-220-002-817+,5,1,Mohenjo-daro,SEAL:S,Steatite,Bull1:S,RAF
2270.1,M-1668,+740-773-233-803-002-320-705-125+,8,1,Mohenjo-daro,SEAL:S,Steatite,Bull1:S,SAN
2271.1,M-1684,+405-371-031+,3,1,Mohenjo-daro,SEAL:S,Steatite,Bull1:W,SAN
2272.1,M-1717,+740-760-017-503-368-817+,6,1,Mohenjo-daro,SEAL:S,Steatite,Bull1:J,RBF
2273.1,M-1816|M-1839,+151-097+,2,2,Mohenjo-daro,SEAL:S,Steatite,Bull1|Bull1:I,RAN|SAN
2276.1,M-1726,+740-615-495-240-002-861+,6,1,Mohenjo-daro,SEAL:S,Steatite,Bull1:W,SAN
2277.1,M-1990,+740-760-440-240-220-002-861+,7,1,Mohenjo-daro,SEAL,Steatite,None,None
2278.1,M-1974,+064-031-400-521-002-820+,6,1,Mohenjo-daro,SEAL:R,Steatite,None,None
2280.1,M-1724,+427-003-001-165-309+,5,1,Mohenjo-daro,SEAL:S,Steatite,Bull1:W,SAN
2282.1,M-1879,+740-636-240-066-556+,5,1,Mohenjo-daro,SEAL:S,Steatite,Gaur,Trough
2283.1,M-1746,+090-740-100-415-240-002-817+,7,1,Mohenjo-daro,SEAL:S,Steatite,Bull1:S,SAN
2284.2,M-2053,+407-032-520-095-585-017-220+,7,1,Mohenjo-daro,TAB:C,Copper,None,None
2285.1,M-1760,+740-923-240-235-060-820+,6,1,Mohenjo-daro,SEAL:S,Steatite,Bull1:S,SAN
2287.2,M-1535|M-1536|M-1540|M-1563|M-2050|M-2054|M-582|M-583|M-585|M-586|M-587|M-588|M-602|M-604,+740-900-850-407-061-845-806+,7,14,Mohenjo-daro,TAB:C,Copper,Anth|None,None
2288.1,M-1846,+400-158-003+,3,1,Mohenjo-daro,SEAL:S,Steatite,Bull1:I,SAN
2290.1,M-1791,+740-760-268-002-840-032+,6,1,Mohenjo-daro,SEAL:S,Steatite,Bull1:J,RAF
2291.1,M-1889,+390-844-741-031-371+,5,1,Mohenjo-daro,SEAL:S,Steatite,Gaur,Trough
2292.1,M-1706,+740-803-220-032-220-002-820+,7,1,Mohenjo-daro,SEAL:S,Steatite,Bull1:I,SAN
2293.1,M-808,+740-455-240-235-060-820+,6,1,Mohenjo-daro,SEAL:S,Steatite,Bull1:J,SAN
2294.1,M-1917,+400-527-555-233-235+,5,1,Mohenjo-daro,SEAL:S,Steatite,Tigr,Trough
2296.1,M-1711,+740-760-049-002-817+,5,1,Mohenjo-daro,SEAL:S,Steatite,Bull1:W,RAF
2297.1,M-1772,+740-400-142-061-002-798-435-255-705+,9,1,Mohenjo-daro,SEAL:S,Steatite,Bull1:I,SAF
2299.1,M-1708,+740-585-017-002-817+,5,1,Mohenjo-daro,SEAL:S,Steatite,Bull1:I,RAN
2304.1,M-1761,+820-590+,2,1,Mohenjo-daro,SEAL:S,Steatite,Bull1:J,SAN
2305.1,M-1828,+156-142+,2,1,Mohenjo-daro,SEAL:S,Steatite,Bull1:S,SAN
2309.1,M-1784,+740-923-806+,3,1,Mohenjo-daro,SEAL:S,Steatite,Bull1:W,RAN
2310.1,M-1810,+740-100-140-003-002-156-920+,7,1,Mohenjo-daro,SEAL:S,Steatite,Bull1:J,SAN
2312.1,M-1900,+520-240-741-590-575+,5,1,Mohenjo-daro,SEAL:S,Steatite,Zebu,None
2313.1,M-1763,+416-001-565-740-220-032-002-861+,8,1,Mohenjo-daro,SEAL:S,Faience,Bull1:W,SAN
2314.1,M-1891,+400-740-017-503-240+,5,1,Mohenjo-daro,SEAL:S,Steatite,Gaur,Trough
2316.1,M-1821,+740-838-741-390-900-140+,6,1,Mohenjo-daro,SEAL:S,Steatite,Bull1:I,SAF
2317.1,M-1977,+617-142-746-140+,4,1,Mohenjo-daro,SEAL:R,Steatite,None,None
2318.1,M-2089,+002-861-096+,3,1,Mohenjo-daro,ROD,Ivory,None,None
2320.1,M-1803|M-516|M-517,+740-615-503+,3,3,Mohenjo-daro,SEAL:S|TAB:C,Copper|Steatite,Bull1:I|None,None|SAN
2321.1,M-1762,+645-202-001-820+,4,1,Mohenjo-daro,SEAL:S,Steatite,Bull1:S,SAN
2322.1,M-2041,+323-690+,2,1,Mohenjo-daro,TAB:I,Steatite,None,None
2322.2,M-1444|M-1445|M-2040|M-2041|M-501,+740-690-060-550+,4,5,Mohenjo-daro,SEAL:R|TAB:I,Steatite,None,None
2324.1,M-1777,+740-585-017+,3,1,Mohenjo-daro,SEAL:S,Steatite,Bull1:L,SAN
2327.1,M-1922,+740-405-590+,3,1,Mohenjo-daro,SEAL:S,Faience,None,None
2329.1,M-1822,+031-032-171-745+,4,1,Mohenjo-daro,SEAL:S,Steatite,Bull1:W,RAN
2332.1,M-1741,+565-031-416-140-220-001+,6,1,Mohenjo-daro,SEAL:S,Steatite,Bull1:S,SAN
2337.1,M-1885,+151-055-240-235+,4,1,Mohenjo-daro,SEAL:S,Steatite,Gaur,Trough
2338.1,M-1955,+390-920-322-803-002-820+,6,1,Mohenjo-daro,SEAL:R,Steatite,None,None
2339.1,M-1757,+504-350-240-741-060-920+,6,1,Mohenjo-daro,SEAL:S,Steatite,Bull1:S,SAN
2342.1,M-1661,+520-070-219-002-861-032-520-919-140+,9,1,Mohenjo-daro,SEAL:S,Steatite,Bull1:W,SAN
2343.1,M-1790|M-854,+592-741-060-920+,4,2,Mohenjo-daro,SEAL:S,Steatite,Bull1|Bull1:J,RAF
2344.1,M-1902,+151-390-590-741-060-920+,6,1,Mohenjo-daro,SEAL:S,Steatite,Zebu,None
2345.1,M-1804,+740-798-231-060-820+,5,1,Mohenjo-daro,SEAL:S,Steatite,Bull1:J,SAN
2346.1,M-1714,+617-243-031-740-861+,5,1,Mohenjo-daro,SEAL:S,Steatite,Bull1:U,RBN
2347.1,M-1817,+740-388-235+,3,1,Mohenjo-daro,SEAL:S,Steatite,Bull1:II,SAN
2348.1,M-1988,+740-772-240+,3,1,Mohenjo-daro,SEAL,Steatite,None,None
2349.1,M-1793,+226-032-060-891+,4,1,Mohenjo-daro,SEAL:S,Steatite,Bull1:L,Anth
2350.1,M-1899,+924-132-002-861+,4,1,Mohenjo-daro,SEAL:S,Steatite,Zebu,None
2351.1,M-1920,+407-005+,2,1,Mohenjo-daro,SEAL:S,Steatite,None,None
2352.1,M-2078,+360-268-252-326+,4,1,Mohenjo-daro,BNGL,Stoneware,None,None
2354.1,M-1770,+740-176-390-090-390+,5,1,Mohenjo-daro,SEAL:S,Steatite,Bull1:U,RAN
2355.1,M-1838,+390-920-323+,3,1,Mohenjo-daro,SEAL:S,Steatite,Bull1:I,SAN
2356.1,M-2098,+400-740-176-140+,4,1,Mohenjo-daro,ROD,Ivory,None,None
2357.1,M-1928,+156-003-031+,3,1,Mohenjo-daro,SEAL:S,Steatite,Buff,Trough
2357.2,M-1928,+850-031+,2,1,Mohenjo-daro,SEAL:S,Steatite,Buff,Trough
2359.1,M-1693,+527-555-033-706-235-002-817+,7,1,Mohenjo-daro,SEAL:S,Steatite,Bull1,SAN
2362.1,M-2121,+821-001-480-850-595-391+,6,1,Mohenjo-daro,IMPL,Copper,None,None
2364.1,M-1893,+740-927-033-817+,4,1,Mohenjo-daro,SEAL:S,Steatite,Zebu,None
2365.1,M-1982,+740-100-240-031+,4,1,Mohenjo-daro,SEAL:R,Steatite,None,None
2366.1,M-1789,+740-455-002-368-260+,5,1,Mohenjo-daro,SEAL:S,Faience,Bull1:I,RAF
2372.1,K-153|M-1740|M-201,+151-061+,2,3,Kalibangan|Mohenjo-daro,SEAL:S,Steatite,Bull1:S|Bull1:W|None,None|SAF|SAN
2373.1,M-1695,+740-337-484-031-060-891+,6,1,Mohenjo-daro,SEAL:S,Steatite,Bull1:J,SAN
2375.1,M-1759,+740-032-840-002-768+,5,1,Mohenjo-daro,SEAL:S,Steatite,Bull1:S,SAN
2377.1,M-707,+740-760-001-220-415-798-803+,7,1,Mohenjo-daro,SEAL:S,Steatite,Bull1:W,SAN
2378.1,M-1701,+820-297-861+,3,1,Mohenjo-daro,SEAL:S,Steatite,Bull1:W,SAN
2380.1,M-1415|M-1416|M-2026|M-464|M-465|M-466|M-467,+090-740-240-235-590-645-104+,7,7,Mohenjo-daro,TAB:B,Faience,Cros,None
2381.1,M-1686,+740-904-220-032-002-142+,6,1,Mohenjo-daro,SEAL:S,Steatite,Bull1:W,SAN
2382.1,M-2040,+690-322+,2,1,Mohenjo-daro,TAB:I,Steatite,None,None
2385.1,M-1715,+740-923-033-705-060-692+,6,1,Mohenjo-daro,SEAL:S,Steatite,Bull1:J,RAF
2389.1,M-1681,+520-072-233-740-798-002-861-832+,8,1,Mohenjo-daro,SEAL:S,Steatite,Bull1:W,SAN
2390.1,M-1707,+298-350-761-032-060-572+,6,1,Mohenjo-daro,SEAL:S,Steatite,Bull1:I,RAN
2391.1,M-1837,+151-219+,2,1,Mohenjo-daro,SEAL:S,Steatite,Bull1,RAN
2393.1,M-1745,+368-821-055-031-002-031-892+,7,1,Mohenjo-daro,SEAL:S,Steatite,Bull1:L,SAN
2394.1,M-1651|M-2106,+400-740-585-838-240+,5,2,Mohenjo-daro,ROD,Bone|Ivory,None,None
2396.1,M-1921,+400-750-090+,3,1,Mohenjo-daro,SEAL,Steatite,None,None
2397.1,M-1927|M-803,+390-005-002-817+,4,2,Mohenjo-daro,SEAL:S,Steatite,Bull1|Mult,None|SAN
2398.1,M-1883,+090-740-035-171-061-031-002-069+,8,1,Mohenjo-daro,SEAL:S,Steatite,Gaur,Trough
2401.1,M-1680,+740-717-220-415+,4,1,Mohenjo-daro,SEAL:S,Steatite,Bull1:W,NA
2403.1,M-1690,+520-070-220-032-240-838-741-958-220-278+,10,1,Mohenjo-daro,SEAL:S,Steatite,Bull1:W,SAN
2406.1,C-94|M-1980,+740-463-503+,3,2,Chanhu-daro|Mohenjo-daro,MISC|SEAL:R,Copper|Steatite,None,None
2407.1,M-1888,+156-003-877+,3,1,Mohenjo-daro,SEAL:S,Steatite,Gaur,Trough
2409.1,M-1911,+621-390-531-002-820+,5,1,Mohenjo-daro,SEAL:S,Steatite,Rhin,None
2410.1,M-1691,+740-690-435-255-240-741-906+,7,1,Mohenjo-daro,SEAL:S,Steatite,Bull1:L,SAN
2411.1,M-1725,+400-740-100-140-003+,5,1,Mohenjo-daro,SEAL:S,Steatite,Bull1:S,SAN
2413.1,M-1796,+740-032-840-740-455-861+,6,1,Mohenjo-daro,SEAL:S,Steatite,Bull1:J,SAN
2414.1,M-1910,+520-240-031-001-740-121+,6,1,Mohenjo-daro,SEAL:S,Steatite,Rhin,Trough
2417.1,M-1728,+161-055-240-220-032-002-820+,7,1,Mohenjo-daro,SEAL:S,Steatite,Bull1:W,SAN
2420.1,M-1814,+520-220-415-240+,4,1,Mohenjo-daro,SEAL:S,Steatite,Bull1:S,SAN
2422.1,M-1954,+740-407-590-031-752-033-705-220-415-798-002-861+,12,1,Mohenjo-daro,SEAL:R,Steatite,None,None
2423.1,M-1732,+241-832-740-176+,4,1,Mohenjo-daro,SEAL:S,Steatite,Bull1:II,SAN
2427.1,M-1768,+740-798-220-060-820+,5,1,Mohenjo-daro,SEAL:S,Steatite,Bull1:W,RAN
2428.1,M-1738,+226-240-235-060-692+,5,1,Mohenjo-daro,SEAL:S,Steatite,Bull1:S,SAN
2429.1,M-1731,+390-004-741-617+,4,1,Mohenjo-daro,SEAL:S,Steatite,Bull1:J,SAN
2431.1,M-1673,+817-900-241-368-260+,5,1,Mohenjo-daro,SEAL:S,Steatite,Bull1:W,HAF
2432.1,M-2014,+740-032-840-220+,4,1,Mohenjo-daro,TAB:B,Clay,Mult,Mult
2432.2,M-2014,+527-550-798-220+,4,1,Mohenjo-daro,TAB:B,Clay,Mult,Mult
2434.1,M-1719,+740-643-240+,3,1,Mohenjo-daro,SEAL:S,Steatite,Bull1:W,S621
2435.1,M-1830,+740-388-002-820+,4,1,Mohenjo-daro,SEAL:S,Steatite,Bull1:X,SAN
2436.1,M-1407|M-2024,+740-760-335-803+,4,2,Mohenjo-daro,TAB:B,Faience,None,None
2437.1,M-821,+527-555+,2,1,Mohenjo-daro,SEAL:S,Steatite,Bull1:S,SAN
2439.1,M-1887,+740-083-235-240+,4,1,Mohenjo-daro,SEAL:S,Steatite,Gaur,Trough
2440.1,M-1818,+740-061-877+,3,1,Mohenjo-daro,SEAL:S,Steatite,Bull1:W,SAN
2441.1,M-1912,+520-220-003+,3,1,Mohenjo-daro,SEAL:S,Steatite,Elep,None
2442.1,M-1771,+740-384-741-859+,4,1,Mohenjo-daro,SEAL:S,Steatite,Bull1:J,HAN
2443.1,M-1957,+154-806-474-013-820+,5,1,Mohenjo-daro,SEAL:R,Steatite,None,None
2445.1,M-1978,+405-061-033-705-236+,5,1,Mohenjo-daro,SEAL:R,Steatite,None,None
2448.1,M-1739,+740-390-590-032-060-201+,6,1,Mohenjo-daro,SEAL:S,Steatite,Bull1:S,SAN
2449.1,M-1964,+900-004+,2,1,Mohenjo-daro,SEAL:R,Steatite,None,None
2450.1,M-1750,+390-004-002-861+,4,1,Mohenjo-daro,SEAL:S,Steatite,Bull1:W,SAN
2451.1,M-1801,+520-400-350-031-741-759+,6,1,Mohenjo-daro,SEAL:S,Steatite,Bull1:L,SAN
2454.1,M-1831,+390-004-260+,3,1,Mohenjo-daro,SEAL:S,Steatite,Bull1:I,SAN
2455.1,M-1747,+165-741-031-060-692+,5,1,Mohenjo-daro,SEAL:S,Steatite,Bull1:S,SAN
2457.1,M-1752,+740-760-019-002-817+,5,1,Mohenjo-daro,SEAL:S,Steatite,Bull1:S,SAN
2460.1,M-1820,+740-460-510+,3,1,Mohenjo-daro,SEAL:S,Steatite,Bull1,SAF
2461.1,M-1853,+032-820-140-005+,4,1,Mohenjo-daro,SEAL:S,Steatite,Bull1:I,SAN
2464.1,M-595,+740-100-415-176-002-820+,6,1,Mohenjo-daro,SEAL:S,Steatite,Bull1:W,SAN
2466.1,M-1798,+740-717+,2,1,Mohenjo-daro,SEAL:S,Steatite,Bull1:W,SAN
2467.1,M-2107|M-2108,+400-740-840-013-240+,5,2,Mohenjo-daro,ROD,Ivory,None,None
2468.1,M-1781,+400-520-233-803+,4,1,Mohenjo-daro,SEAL:S,Steatite,Bull1:W,S
2470.1,M-1972,+740-455-235-798-742-460-353+,7,1,Mohenjo-daro,SEAL:R,Steatite,None,None
2471.1,M-1903,+740-861-125+,3,1,Mohenjo-daro,SEAL:S,Steatite,Buff,Trough
2472.1,M-1983,+390-005+,2,1,Mohenjo-daro,SEAL:R,Steatite,None,None
2473.1,M-1665,+520-033-705-233-240-002-610-125-032+,9,1,Mohenjo-daro,SEAL:S,Steatite,Bull1:W,SAN
2476.1,M-1845,+740-803-235+,3,1,Mohenjo-daro,SEAL:S,Steatite,Bull1:S,SAN
2478.1,M-1906,+520-033-705-233-235-060-820+,7,1,Mohenjo-daro,SEAL:S,Steatite,Rhin,Trough
2480.1,M-1985,+100-904-717-220-415-806-742+,7,1,Mohenjo-daro,SEAL:R,Steatite,None,None
2482.1,M-1907,+390-005-002-455-511+,5,1,Mohenjo-daro,SEAL:S,Steatite,Rhin,Trough
2484.1,M-1720,+679-740-233-240+,4,1,Mohenjo-daro,SEAL:S,Steatite,Bull1:W,SAN
2485.1,M-1687,+520-220-368-817+,4,1,Mohenjo-daro,SEAL:S,Steatite,Bull1:S,SAN
2486.1,M-1723,+740-032-840-033-705-798+,6,1,Mohenjo-daro,SEAL:S,Steatite,Bull1:W,SAN
2487.1,M-1855,+740-255+,2,1,Mohenjo-daro,SEAL:S,Steatite,Bull1,NA
2490.1,M-1667,+740-690-435-255-220-032-002-717-820+,9,1,Mohenjo-daro,SEAL:S,Steatite,Bull1:W,SAN
2493.1,M-709,+740-100-001-440-742-060-920+,7,1,Mohenjo-daro,SEAL:S,Steatite,Bull1:W,SAF
2495.1,M-1780,+740-645-003-741-070-255+,6,1,Mohenjo-daro,SEAL:S,Steatite,Bull1:I,SAN
2498.1,M-1908,+740-760+,2,1,Mohenjo-daro,SEAL:S,Steatite,Rhin,Slash
2499.1,M-1813,+740-017-503+,3,1,Mohenjo-daro,SEAL:S,Steatite,Bull1:U,SAN
2506.1,M-1716,+520-220-240-803-002-820+,6,1,Mohenjo-daro,SEAL:S,Steatite,Bull1:W,RAF
2507.1,M-1730,+740-460-510-220-065-393+,6,1,Mohenjo-daro,SEAL:S,Steatite,Bull1:S,SAN
2509.1,M-1833,+390-015-002-861+,4,1,Mohenjo-daro,SEAL:S,Steatite,Bull1:S,RAN
2512.1,M-1826,+520-072-921+,3,1,Mohenjo-daro,SEAL:S,Steatite,Bull1:W,SAN
2513.1,M-1776,+520-220-803-741-262+,5,1,Mohenjo-daro,SEAL:S,Steatite,Bull1:U,SAN
2516.1,M-1672,+520-220-003-741-060-920+,6,1,Mohenjo-daro,SEAL:S,Steatite,Bull1:W,SAF
2517.1,M-1700,+400-125-745+,3,1,Mohenjo-daro,SEAL:S,Steatite,Bull1:W,SAF
2524.1,M-1703,+151-097-232-416+,4,1,Mohenjo-daro,SEAL:S,Steatite,Bull1:W,NA
2525.1,M-1514,+740-752+,2,1,Mohenjo-daro,TAB:C,Copper,None,None
2527.1,M-2104,+151-097-700-034+,4,1,Mohenjo-daro,ROD,Ivory,None,None
2528.1,M-1961,+406-072-002-817+,4,1,Mohenjo-daro,SEAL,Steatite,NA,NA
2530.1,M-2088,+527-556+,2,1,Mohenjo-daro,ROD,Ivory,None,None
2531.1,M-1,+001-368-861-255-371+,5,1,Mohenjo-daro,SEAL:S,Steatite,Bull1:W,SAF
2532.1,M-3,+717-032-521+,3,1,Mohenjo-daro,SEAL:S,Steatite,Bull1:W,SAF
2533.1,M-4,+298-465-033-705-231-002-564-617-033+,9,1,Mohenjo-daro,SEAL:S,Steatite,Bull1:W,SAF
2534.1,M-5,+740-773-240-235-060-692+,6,1,Mohenjo-daro,SEAL:S,Steatite,Bull1:W,SAF
2535.1,M-6,+820-880-065-244+,4,1,Mohenjo-daro,SEAL:S,Steatite,Bull1:W,SAN
2536.1,M-7,+407-845-140-740-101-923-240-002-861+,9,1,Mohenjo-daro,SEAL:S,Steatite,Bull1:W,SAN
2537.1,M-8,+706-140-632+,3,1,Mohenjo-daro,SEAL:S,Steatite,Bull1:W,SAN
2538.1,M-9,+031-311-745+,3,1,Mohenjo-daro,SEAL:S,Steatite,Bull1:W,SAN
2539.1,M-10,+405-061-070-032-033-706-235-806-002-267-455+,11,1,Mohenjo-daro,SEAL:S,Steatite,Bull1:W,NA
2540.1,M-12,+740-390-590-233-002-368-202-892-371+,9,1,Mohenjo-daro,SEAL:S,Steatite,Bull1:W,SAN
2541.1,M-13,+368-304-125+,3,1,Mohenjo-daro,SEAL:S,Steatite,Bull1:W,SAN
2542.1,M-14,+740-776-503-002-817+,5,1,Mohenjo-daro,SEAL:S,Steatite,Bull1:W,SAN
2543.1,M-15,+090-740-176-002-861+,5,1,Mohenjo-daro,SEAL:S,Steatite,Bull1:W,SAN
2544.1,M-16,+820-130-035-171+,4,1,Mohenjo-daro,SEAL:S,Steatite,Bull1:W,SAF
2545.1,M-17,+390-016-002-814-560+,5,1,Mohenjo-daro,SEAL:S,Steatite,Bull1:W,SAF
2546.1,M-18,+932-740-055+,3,1,Mohenjo-daro,SEAL:S,Steatite,Bull1:W,SAF
2548.1,M-20,+390-005-002-861-036-460-513+,7,1,Mohenjo-daro,SEAL:S,Steatite,Bull1:W,SAF
2549.1,M-21,+350-001-740-362-692-032-002-861+,8,1,Mohenjo-daro,SEAL:S,Steatite,Bull1:W,SAN
2552.1,M-24,+090-740-240-235-002-906-140+,7,1,Mohenjo-daro,SEAL:S,Steatite,Bull1:W,HAF
2553.1,M-25,+617-243-706-595+,4,1,Mohenjo-daro,SEAL:S,NA,Bull1:J,R
2554.1,M-26,+090-740-531-060-692+,5,1,Mohenjo-daro,SEAL:S,Steatite,Bull1:J,RBN
2556.1,M-28,+892-374-740-760-840-416-002-861+,8,1,Mohenjo-daro,SEAL:S,Steatite,Bull1:W,SAN
2557.1,M-29,+740-055-240-235-806-002-220-455-503+,9,1,Mohenjo-daro,SEAL:S,Steatite,Bull1:W,SAN
2558.1,M-30,+740-752-017-503-240-235-806+,7,1,Mohenjo-daro,SEAL:S,Steatite,Bull1:W,SAN
2559.1,M-31,+740-269-511-233-060-820+,6,1,Mohenjo-daro,SEAL:S,Steatite,Bull1:W,SAN
2561.1,M-33,+740-032-923-382-233-002-112+,7,1,Mohenjo-daro,SEAL:S,Steatite,Bull1:W,SAN
2562.1,M-34,+740-336-176-002-405-372-374+,7,1,Mohenjo-daro,SEAL:S,Steatite,Bull1:W,SAN
2563.1,M-35,+740-390-590-233-231-002-107+,7,1,Mohenjo-daro,SEAL:S,Steatite,Bull1:W,SAN
2564.1,M-36,+740-794-630-220-032-002-368-906-329+,9,1,Mohenjo-daro,SEAL:S,Steatite,Bull1:S,SAN
2566.1,M-38,+740-690-435-255-220-032-240-235-002-390-125-632-032+,13,1,Mohenjo-daro,SEAL:S,Steatite,Bull1:J,SAN
2568.1,M-40,+391-002-527-475-005+,5,1,Mohenjo-daro,SEAL:S,Steatite,Bull1:J,SAN
2569.1,M-41,+740-636-240-233-235-002-405-125-820+,9,1,Mohenjo-daro,SEAL:S,Steatite,Bull1:W,SAN
2570.1,M-42,+527-550-240-002-817+,5,1,Mohenjo-daro,SEAL:S,Steatite,Bull1:S,SAN
2571.1,M-43,+740-798-231-002-055-373+,6,1,Mohenjo-daro,SEAL:S,Steatite,Bull1:W,SAN
2572.1,M-44,+740-760-033-705-803-002-920-317+,8,1,Mohenjo-daro,SEAL:S,Steatite,Bull1:W,SAF
2573.1,M-45,+617-831-013-302-840-032+,6,1,Mohenjo-daro,SEAL:S,Steatite,Bull1:W,SAN
2574.1,M-46,+740-798-240-235-002-220-065-215+,8,1,Mohenjo-daro,SEAL:S,Steatite,Bull1:W,SAN
2575.1,M-47,+740-760-235-002-861+,5,1,Mohenjo-daro,SEAL:S,Steatite,Bull1:J,SA
2576.1,M-48,+390-820-463-060-368-920+,6,1,Mohenjo-daro,SEAL:S,Steatite,Bull1:J,SAN
2577.1,M-49,+527-550-240-220-032-002-300-350-032-190+,10,1,Mohenjo-daro,SEAL:S,Steatite,Bull1:W,SAN
2578.1,M-50,+740-585-017-033-705-240-798-002-820+,9,1,Mohenjo-daro,SEAL:S,Steatite,Bull1:W,SAN
2579.1,M-51,+740-798-460-350-235-741-390-140+,8,1,Mohenjo-daro,SEAL:S,Steatite,Bull1:J,SAN
2580.1,M-52,+740-904-032-220-415-235-803-002-504-717+,10,1,Mohenjo-daro,SEAL:S,Steatite,Bull1:W,SAF
2581.1,M-53,+090-740-220-016-002-297-190-920-140+,9,1,Mohenjo-daro,SEAL:S,Steatite,Bull1:W,SAN
2582.1,M-54,+236-240-033-705-798-002-820+,7,1,Mohenjo-daro,SEAL:S,Steatite,Bull1:W,SAF
2584.1,M-56,+740-877-032-235-060-550-611-840+,8,1,Mohenjo-daro,SEAL:S,Steatite,Bull1:W,SAF
2585.1,M-57,+226-032-231-798-002-693+,6,1,Mohenjo-daro,SEAL:S,Steatite,Bull1:W,SAN
2586.1,M-58,+740-460-503-002-817+,5,1,Mohenjo-daro,SEAL:S,Steatite,Bull1:W,SAN
2587.1,M-59,+368-003-742-060-920+,5,1,Mohenjo-daro,SEAL:S,Steatite,Bull1:W,SAF
2591.1,M-63,+526-555-060-550+,4,1,Mohenjo-daro,SEAL:S,Steatite,Bull1:J,RBN
2592.1,M-64,+520-033-706-060-220-004+,6,1,Mohenjo-daro,SEAL:S,Steatite,Bull1:W,RAF
2593.1,M-65,+520-220-031-001-706-575+,6,1,Mohenjo-daro,SEAL:S,Steatite,Bull1:W,RAF
2597.1,M-69,+740-803-231-060-692+,5,1,Mohenjo-daro,SEAL:S,Steatite,Bull1:I,SAN
2598.1,M-70,+226-032-002-390-692+,5,1,Mohenjo-daro,SEAL:S,Steatite,Bull1:T,SAF
2599.1,M-71,+151-279-142-002-390-095+,6,1,Mohenjo-daro,SEAL:S,Steatite,Bull1:J,SAN
2600.1,M-72,+740-255-705-140-003-002-861+,7,1,Mohenjo-daro,SEAL:S,Steatite,Bull1:V,None
2601.1,M-73,+400-520-897+,3,1,Mohenjo-daro,SEAL:S,Steatite,Bull1:W,SAN
2602.1,M-74,+595-575-704-140+,4,1,Mohenjo-daro,SEAL:S,Steatite,Bull1:U,SAN
2603.1,M-75,+520-220-004-002-817+,5,1,Mohenjo-daro,SEAL:S,Steatite,Bull1:W,SAN
2604.1,M-77,+832-390-803-002-861+,5,1,Mohenjo-daro,SEAL:S,Steatite,Bull1:W,SAN
2605.1,M-78,+740-344-032-545+,4,1,Mohenjo-daro,SEAL:S,Steatite,Bull1:S,SAN
2607.1,M-80,+156-003-060-368-817+,5,1,Mohenjo-daro,SEAL:S,Steatite,Bull1:J,SAN
2608.1,M-81,+527-555-240-002-617-070+,6,1,Mohenjo-daro,SEAL:S,Steatite,Bull1:S,SAN
2609.1,M-82,+740-222-002-207-550-390+,6,1,Mohenjo-daro,SEAL:S,Steatite,Bull1:I,SAN
2610.1,M-83,+390-018-796+,3,1,Mohenjo-daro,SEAL:S,Steatite,Bull1:W,SAN
2611.1,M-84,+740-765-240-001-368-920+,6,1,Mohenjo-daro,SEAL:S,Steatite,Bull1:W,SAN
2612.1,M-85,+520-233-741-081-272+,5,1,Mohenjo-daro,SEAL:S,Steatite,Bull1:W,SAF
2613.1,M-86,+520-033-705-231-002-820-700+,7,1,Mohenjo-daro,SEAL:S,Steatite,Bull1:S,SAN
2614.1,M-87,+400-890-104+,3,1,Mohenjo-daro,SEAL:S,Steatite,Bull1:S,SAN
2615.1,M-88,+527-388-233+,3,1,Mohenjo-daro,SEAL:S,Steatite,Bull1:J,SAN
2616.1,M-89,+740-794-734-032-235+,5,1,Mohenjo-daro,SEAL:S,Steatite,Bull1:J,SAN
2617.1,M-90,+740-840-013-031-002-817+,6,1,Mohenjo-daro,SEAL:S,Steatite,Bull1:J,SAN
2618.1,M-91,+740-100-798-220-032-002-861-255-416+,9,1,Mohenjo-daro,SEAL:S,Steatite,Bull1:S,SAN
2619.1,M-92,+740-798-460-350-002-814-084+,7,1,Mohenjo-daro,SEAL:S,Steatite,Bull1:S,SAN
2620.1,M-93,+156-003-240-741-345+,5,1,Mohenjo-daro,SEAL:S,Steatite,Bull1:J,SAN
2621.1,M-94,+740-390-590-220-003+,5,1,Mohenjo-daro,SEAL:S,Steatite,Bull1:S,SAN
2622.1,M-95,+390-003-002-111-165+,5,1,Mohenjo-daro,SEAL:S,Steatite,Bull1:S,SAN
2623.1,M-96,+156-004+,2,1,Mohenjo-daro,SEAL:S,Steatite,Bull1:J,SAN
2625.1,M-98,+740-585-017-900+,4,1,Mohenjo-daro,SEAL:S,Steatite,Bull1:J,SAN
2626.1,M-99,+740-215-002-368-119+,5,1,Mohenjo-daro,SEAL:S,Steatite,Bull1:S,SAN
2627.1,M-100,+090-740-255-705-002-861+,6,1,Mohenjo-daro,SEAL:S,Steatite,Bull1:S,SAN
2628.1,M-101,+390-503-740-168-002-817+,6,1,Mohenjo-daro,SEAL:S,Steatite,Bull1:J,SAN
2629.1,M-102,+154-003-900-545+,4,1,Mohenjo-daro,SEAL:S,Steatite,Bull1:J,SAN
2630.1,M-103,+390-004-002-820+,4,1,Mohenjo-daro,SEAL:S,Steatite,Bull1:W,SAN
2631.1,M-104,+090-740-220-235-853+,5,1,Mohenjo-daro,SEAL:S,Steatite,Bull1:J,SAN
2634.1,M-107,+740-565-233-002-940-260+,6,1,Mohenjo-daro,SEAL:S,Steatite,Bull1:S,SAN
2635.1,M-108,+413-820-220-065-798-550-820+,7,1,Mohenjo-daro,SEAL:S,Steatite,Bull1:S,SAN
2636.1,M-109,+740-879-220-415-002-287-140+,7,1,Mohenjo-daro,SEAL:S,Steatite,Bull1:S,SAN
2638.1,M-111,+740-920-320-233-001-821+,6,1,Mohenjo-daro,SEAL:S,Steatite,Bull1:J,SAN
2639.1,M-112,+740-760-220-016-382-741-572-684+,8,1,Mohenjo-daro,SEAL:S,Steatite,Bull1:J,SAN
2640.1,M-113,+740-032-840-741-060-920+,6,1,Mohenjo-daro,SEAL:S,Steatite,Bull1:J,SAN
2641.1,M-114,+740-760-440-002-297-416+,6,1,Mohenjo-daro,SEAL:S,Steatite,Bull1:S,SAN
2642.1,M-115,+390-844-140-176-803-002-301-190+,8,1,Mohenjo-daro,SEAL:S,Steatite,Bull1,SAN
2643.1,M-116,+740-100-176-840-013-002-817+,7,1,Mohenjo-daro,SEAL:S,Steatite,Bull1:I,SAN
2644.1,M-117,+520-033-705-220-803-055-002-820+,8,1,Mohenjo-daro,SEAL:S,Steatite,Bull1:S,SAN
2645.1,M-118,+740-772-033-705-233-803-002-861+,8,1,Mohenjo-daro,SEAL:S,Steatite,Bull1:W,SAN
2646.1,M-119,+151-337-484-002-390-125-632-032-900-563+,10,1,Mohenjo-daro,SEAL:S,Steatite,Bull1:S,SAN
2648.1,M-121,+740-900-790-233-798+,5,1,Mohenjo-daro,SEAL:S,Steatite,Bull1:W,SAN
2650.1,M-123,+400-093-368-072+,4,1,Mohenjo-daro,SEAL:S,Steatite,Bull1:W,SAF
2651.1,M-124,+740-923-220-032+,4,1,Mohenjo-daro,SEAL:S,Clay,Bull1:W,SAF
2653.1,M-126,+520-552-060-692+,4,1,Mohenjo-daro,SEAL:S,Steatite,Bull1:U,SAN
2654.1,M-127,+565-740-220-741-176+,5,1,Mohenjo-daro,SEAL:S,Steatite,Bull1:J,SAN
2655.1,M-128,+740-923-803-741-500-705+,6,1,Mohenjo-daro,SEAL:S,Steatite,Bull1:J,SAN
2656.1,M-129,+520-233-240-235-741-360+,6,1,Mohenjo-daro,SEAL:S,Steatite,Bull1:W,SAN
2657.1,M-130,+740-094-220-032-002-144+,6,1,Mohenjo-daro,SEAL:S,Steatite,Bull1:J,SAN
2658.1,M-131,+740-390-590-741-390-790+,6,1,Mohenjo-daro,SEAL:S,Steatite,Bull1:W,SAF
2659.1,M-132,+156-003-545+,3,1,Mohenjo-daro,SEAL:S,Steatite,Bull1:W,SAF
2660.1,M-133,+527-550-240-220-255-812-906-388+,8,1,Mohenjo-daro,SEAL:S,Steatite,Bull1:W,SAF
2661.1,M-134,+872-032-692+,3,1,Mohenjo-daro,SEAL:S,Steatite,Bull1:W,SAF
2662.1,M-135,+520-033-705-031+,4,1,Mohenjo-daro,SEAL:S,Steatite,Bull1:J,SAF
2663.1,M-136,+090-740-220-016-031-908-545+,7,1,Mohenjo-daro,SEAL:S,Steatite,Bull1:S,SAF
2666.1,M-139,+033-832-236-741-361+,5,1,Mohenjo-daro,SEAL:S,Steatite,Bull1:J,RAF
2667.1,M-140,+740-336-002-220-065-440-455+,7,1,Mohenjo-daro,SEAL:S,Faience,Bull1:S,RAF
2669.1,M-142,+136-140-002-861+,4,1,Mohenjo-daro,SEAL:S,Steatite,Bull1:J,RAF
2670.1,M-143,+740-205-032-002-252-840+,6,1,Mohenjo-daro,SEAL:S,Steatite,Bull1:J,RAF
2671.1,M-144,+740-100-415-240-002-817+,6,1,Mohenjo-daro,SEAL:S,Steatite,Bull1:J,RBN
2672.1,M-145,+740-400-142-880+,4,1,Mohenjo-daro,SEAL:S,Steatite,Bull1:U,HAF
2673.1,M-146,+740-255-920-060-692+,5,1,Mohenjo-daro,SEAL:S,Steatite,Bull1:J,RAF
2674.1,M-147,+226-803-002-220-455-520+,6,1,Mohenjo-daro,SEAL:S,Steatite,Bull1:J,RAF
2675.1,M-148,+740-817-556+,3,1,Mohenjo-daro,SEAL:S,Steatite,Bull1:J,RAF
2676.1,M-149,+740-760-440-060-550+,5,1,Mohenjo-daro,SEAL:S,Steatite,Bull1:J,RAF
2677.1,M-150,+740-832+,2,1,Mohenjo-daro,SEAL:S,Steatite,Bull1:J,RAF
2678.1,M-151,+220-065-864+,3,1,Mohenjo-daro,SEAL:S,Steatite,Bull1:J,RAF
2679.1,M-152,+740-772-002-861+,4,1,Mohenjo-daro,SEAL:S,Steatite,Bull1:J,RAF
2680.1,M-153,+269-130-190+,3,1,Mohenjo-daro,SEAL:S,Steatite,Bull1:J,RCN
2681.1,M-154,+520-220-621-415-002-257-898+,7,1,Mohenjo-daro,SEAL:S,Steatite,Bull1:J,RBF
2682.1,M-155,+740-176-031+,3,1,Mohenjo-daro,SEAL:S,Steatite,Bull1:J,RAF
2683.1,M-157,+740-900-790-233-798-001-820+,7,1,Mohenjo-daro,SEAL:S,Steatite,Bull1:J,SAN
2684.1,M-158,+390-016-060-550+,4,1,Mohenjo-daro,SEAL:S,Steatite,Bull1:I,SAN
2685.1,M-159,+740-048-741-250-579+,5,1,Mohenjo-daro,SEAL:S,Steatite,Bull1:S,SAN
2686.1,M-160,+151-243-031-002-820-741+,6,1,Mohenjo-daro,SEAL:S,Steatite,Bull1:W,SAN
2687.1,M-161,+617-122-003+,3,1,Mohenjo-daro,SEAL:S,Steatite,Bull1:V,SAN
2688.1,M-162,+740-760-840-552-003+,5,1,Mohenjo-daro,SEAL:S,Steatite,Bull1:X,SAN
2689.1,M-163,+520-220-415-060-820+,5,1,Mohenjo-daro,SEAL:S,Steatite,Bull1:J,SAF
2690.1,M-164,+740-142-061-002-817+,5,1,Mohenjo-daro,SEAL:S,Steatite,Bull1:X,SAN
2691.1,M-166,+390-844-240-806-002-861+,6,1,Mohenjo-daro,SEAL:S,Steatite,Bull1:I,SAN
2695.1,M-170,+740-923-406-061-070-032-741-861+,8,1,Mohenjo-daro,SEAL:S,Steatite,Bull1:W,SAN
2696.1,M-171,+407-061-740-923-233-806-060-692+,8,1,Mohenjo-daro,SEAL:S,Steatite,Bull1:W,SAN
2697.1,M-172,+405-018-001-220-786-850+,6,1,Mohenjo-daro,SEAL:S,Steatite,Bull1:W,SAF
2698.1,M-173,+740-388-900-320-806+,5,1,Mohenjo-daro,SEAL:S,Steatite,Bull1:W,SAN
2699.1,M-174,+740-923-220-032-002-820+,6,1,Mohenjo-daro,SEAL:S,Steatite,Bull1:T,SAN
2702.1,M-177,+390-003-002-803+,4,1,Mohenjo-daro,SEAL:S,Steatite,Bull1:S,SAN
2706.1,M-180,+740-621+,2,1,Mohenjo-daro,SEAL:S,Steatite,Bull1:J,SAN
2707.1,M-181,+520-175-002-295-502+,5,1,Mohenjo-daro,SEAL:S,Steatite,Bull1:J,SAN
2708.1,M-183,+520-233-060-297+,4,1,Mohenjo-daro,SEAL:S,Steatite,Bull1:S,SAN
2709.1,M-184,+090-740-101-853+,4,1,Mohenjo-daro,SEAL:S,Steatite,Bull1:J,SAN
2712.1,M-187|M-193,+156-005+,2,2,Mohenjo-daro,SEAL:S,Steatite,Bull1:S|Bull1:W,SAN
2714.1,M-189,+436-740-176+,3,1,Mohenjo-daro,SEAL:S,Steatite,Bull1:J,SAN
2715.1,M-190,+156-843+,2,1,Mohenjo-daro,SEAL:S,Steatite,Bull1:W,SAN
2716.1,M-191,+090-125+,2,1,Mohenjo-daro,SEAL:S,Steatite,Bull1:L,SAN
2717.1,M-192,+700-521-702+,3,1,Mohenjo-daro,SEAL:S,Steatite,Bull1:S,SAN
2719.1,M-194,+090-740-900-005+,4,1,Mohenjo-daro,SEAL:S,Steatite,Bull1:S,SAN
2720.1,M-195,+298-350-590-032-900-853+,6,1,Mohenjo-daro,SEAL:S,Steatite,Bull1:W,SAN
2721.1,M-196,+861-495-368-836-741+,5,1,Mohenjo-daro,SEAL:S,Steatite,Bull1:U,SAN
2722.1,M-197,+161-097+,2,1,Mohenjo-daro,SEAL:S,Steatite,Bull1:L,SAN
2723.1,M-198,+740-760-840-552-002-817+,6,1,Mohenjo-daro,SEAL:S,Steatite,Bull1:W,SAN
2724.1,M-199,+090-740-100-415-240-002-861+,7,1,Mohenjo-daro,SEAL:S,Steatite,Bull1:S,SAN
2725.1,M-200,+740-222-002-820+,4,1,Mohenjo-daro,SEAL:S,Steatite,Bull1:J,SAN
2727.1,M-202,+400-241-031-060-820+,5,1,Mohenjo-daro,SEAL:S,Steatite,Bull1:U,SAN
2728.1,M-203,+740-390-590-741-081-220+,6,1,Mohenjo-daro,SEAL:S,Steatite,Bull1:J,SAN
2729.1,M-204|M-823,+740-061-002-817+,4,2,Mohenjo-daro,SEAL:S,Steatite,Bull1:S,SAN
2730.1,M-205,+832-904-001-820+,4,1,Mohenjo-daro,SEAL:S,Steatite,Bull1:L,SAN
2731.1,M-207,+892-831,2,1,Mohenjo-daro,SEAL:S,Steatite,Bull1:J,RAN
2733.1,M-209,+151-740-231+,3,1,Mohenjo-daro,SEAL:S,Steatite,Bull1:J,SAN
2734.1,M-210,+368-861-903+,3,1,Mohenjo-daro,SEAL:S,Steatite,Bull1:J,RAF
2735.1,M-211,+090-740-100-220-002-031-165+,7,1,Mohenjo-daro,SEAL:S,Steatite,Bull1:S,RAF
2737.1,M-213,+740-384-002-390-346+,5,1,Mohenjo-daro,SEAL:S,Steatite,Bull1:J,RAF
2738.1,M-214,+400-267-820+,3,1,Mohenjo-daro,SEAL:S,Faience,Bull1:I,SAN
2739.1,M-1626|M-215,+151-033+,2,3,Mohenjo-daro,POT:T:g|SEAL:S,Clay|Steatite,Bull1:I|None,None|SAN
2740.1,M-216,+151-717+,2,1,Mohenjo-daro,SEAL:S,Steatite,Bull1:U,SAN
2741.1,M-217,+740-877-032-233+,4,1,Mohenjo-daro,SEAL:S,Steatite,Bull1,SAN
2742.1,M-218,+400-220-428+,3,1,Mohenjo-daro,SEAL:S,Steatite,Bull1:J,SAF
2743.1,M-219,+527-456+,2,1,Mohenjo-daro,SEAL:S,Steatite,Bull1:S,SAN
2745.1,M-221,+740-760-335-220-032-002-820+,7,1,Mohenjo-daro,SEAL:S,NA,Bull1:I,SAN
2746.1,M-222,+244-277-255+,3,1,Mohenjo-daro,SEAL:S,Steatite,Bull1:S,SAN
2747.1,M-223,+740-705+,2,1,Mohenjo-daro,SEAL:S,Steatite,Bull1:S,S390
2749.1,M-225,+241-002-880+,3,1,Mohenjo-daro,SEAL:S,Steatite,Bull1:S,SAN
2750.1,M-226,+740-365-278-061+,4,1,Mohenjo-daro,SEAL:S,Steatite,Bull1:S,SAN
2754.1,M-230,+090-740-176-233+,4,1,Mohenjo-daro,SEAL:S,Steatite,Bull1:I,SAN
2755.1,M-231,+400-740-100-415+,4,1,Mohenjo-daro,SEAL:S,Steatite,Bull1:I,SAN
2756.1,M-232,+236-002-390-707+,4,1,Mohenjo-daro,SEAL:S,Steatite,Bull2,SAF
2759.1,M-236,+520-033-706-240-233-803+,6,1,Mohenjo-daro,SEAL:S,Steatite,Gaur,Trough
2761.1,M-238,+740-803-233+,3,1,Mohenjo-daro,SEAL:S,Steatite,Gaur,Trough
2762.1,M-239,+740-760-921-235-002-112+,6,1,Mohenjo-daro,SEAL:S,Steatite,Gaur,Trough
2763.1,M-240,+520-240-220-032-002-861-603+,7,1,Mohenjo-daro,SEAL:S,Steatite,Gaur,Trough
2764.1,M-241,+090-740-032-840-741-572-683+,7,1,Mohenjo-daro,SEAL:S,Steatite,Gaur,Trough
2765.1,M-242,+740-721-002-301-350+,5,1,Mohenjo-daro,SEAL:S,Steatite,Gaur,Trough
2766.1,M-243,+892-590-894-140-545+,5,1,Mohenjo-daro,SEAL:S,Steatite,Gaur,Trough
2768.1,M-245,+740-760-070-921-460-503-002-817+,8,1,Mohenjo-daro,SEAL:S,Steatite,Gaur,Trough
2769.1,M-246,+740-503-235-233-002-817+,6,1,Mohenjo-daro,SEAL:S,Steatite,Gaur,Trough
2770.1,M-247,+390-017-741-060-920+,5,1,Mohenjo-daro,SEAL:S,Steatite,Gaur,Trough
2771.1,M-248,+740-100-415-002-705-590+,6,1,Mohenjo-daro,SEAL:S,Steatite,Gaur,Trough
2772.1,M-249,+140-165-740-176-220-803+,6,1,Mohenjo-daro,SEAL:S,Steatite,Gaur,Trough
2773.1,M-250,+804-233-231+,3,1,Mohenjo-daro,SEAL:S,Steatite,Gaur,Trough
2774.1,M-251,+390-003-002-125-350+,5,1,Mohenjo-daro,SEAL:S,Steatite,Gaur,Trough
2775.1,M-252,+400-150-617-055-001-150-243+,7,1,Mohenjo-daro,SEAL:S,Steatite,Gaur,Trough
2776.1,M-253,+527-550-803-002-368-518+,6,1,Mohenjo-daro,SEAL:S,Steatite,Gaur,Trough
2777.1,M-254,+435-255-390-005+,4,1,Mohenjo-daro,SEAL:S,Steatite,Gaur,Trough
2778.1,M-255,+740-879-233+,3,1,Mohenjo-daro,SEAL:S,Steatite,Gaur,Trough
2780.1,M-257,+600-740-060-920+,4,1,Mohenjo-daro,SEAL:S,Steatite,Zebu,None
2782.1,M-259,+520-231-002-817+,4,1,Mohenjo-daro,SEAL:S,Steatite,Zebu,None
2783.1,M-260,+090-740-220-014-002-820+,6,1,Mohenjo-daro,SEAL:S,Faience,Zebu,None
2784.1,M-261,+740-061-001-694+,4,1,Mohenjo-daro,SEAL:S,Steatite,Zebu,None
2786.1,M-263,+090-740-400-350-031-545+,6,1,Mohenjo-daro,SEAL:S,Steatite,Zebu,None
2787.1,M-264|M-388,+740-519+,2,2,Mohenjo-daro,SEAL:R|SEAL:S,Steatite,None|Zebu,None
2789.1,M-266,+565-740-798-235-233-013-269-632+,8,1,Mohenjo-daro,SEAL:S,Steatite,Buff,Trough
2790.1,M-267,+740-630-155-002-679+,5,1,Mohenjo-daro,SEAL:S,Steatite,Buff,Trough
2791.1,M-268,+215-001-480-090-820+,5,1,Mohenjo-daro,SEAL:S,Steatite,Buff,Trough
2792.1,M-269,+740-615-495+,3,1,Mohenjo-daro,SEAL:S,Steatite,Buff,None
2793.1,M-272,+002-818+,2,1,Mohenjo-daro,SEAL:S,Faience,Goat:6,None
2795.1,M-274,+740-760-264-231-742-315-032+,7,1,Mohenjo-daro,SEAL:S,Steatite,Rhin,Trough
2796.1,M-275,+090-740-760-717-853+,5,1,Mohenjo-daro,SEAL:S,Steatite,Rhin,Trough
2797.1,M-276,+520-033-705-176+,4,1,Mohenjo-daro,SEAL:S,Steatite,Rhin,Trough
2799.1,M-278,+621-390-004-002-817+,5,1,Mohenjo-daro,SEAL:S,Steatite,Elep,None
2801.1,M-280,+740-482-240-002-944-920-140+,7,1,Mohenjo-daro,SEAL:S,Steatite,Elep,None
2802.1,M-281,+740-460-510-250-853+,5,1,Mohenjo-daro,SEAL:S,Steatite,Elep,None
2803.1,M-282,+156-142-368-817+,4,1,Mohenjo-daro,SEAL:S,Steatite,Elep,None
2804.1,M-283,+390-018+,2,1,Mohenjo-daro,SEAL:S,Steatite,Elep,None
2806.1,M-285,+504-350-240-002-861+,5,1,Mohenjo-daro,SEAL:S,Steatite,Elep,None
2807.1,M-286,+740-255-705+,3,1,Mohenjo-daro,SEAL:S,Steatite,Elep,None
2809.1,M-289,+740-176-240-002-817+,5,1,Mohenjo-daro,SEAL:S,Steatite,Tigr,Trough
2810.1,M-290,+400-345-279+,3,1,Mohenjo-daro,SEAL:S,Steatite,Tigr,NA
2811.1,M-291,+740-890-692+,3,1,Mohenjo-daro,SEAL:S,Steatite,Othr,None
2812.1,M-292,+390-003-060-920+,4,1,Mohenjo-daro,SEAL:S,Steatite,Gavi,None
2813.1,M-293,+151-416-741-849+,4,1,Mohenjo-daro,SEAL:S,Steatite,Gavi,None
2814.1,M-1439|M-1441|M-1442|M-1443|M-294,+740-220-003+,3,5,Mohenjo-daro,SEAL:R|SEAL:S|TAB:B,Steatite,None|Scene,None
2816.1,M-296,+621-520-220-060-880+,5,1,Mohenjo-daro,SEAL:S,Steatite,Othr,None
2817.1,M-297,+090-740-240-575-703-060+,6,1,Mohenjo-daro,SEAL:S,Steatite,Othr,None
2821.1,M-302,+520-231-235+,3,1,Mohenjo-daro,SEAL:S,Steatite,CompBull,None
2822.1,M-303,+520-033-705-060-820+,5,1,Mohenjo-daro,SEAL:S,Steatite,CompBull,None
2823.1,M-304,+090-740-220-742-534-550-090+,7,1,Mohenjo-daro,SEAL:S,Steatite,Scene,None
2825.1,M-306,+621-740-798-838-741-092-850+,7,1,Mohenjo-daro,SEAL:S,Steatite,T-M-T,None
2826.1,M-307,+740-904-032-060-550+,5,1,Mohenjo-daro,SEAL:S,Steatite,T-M-T,None
2827.1,M-308,+520-220-002-727-317+,5,1,Mohenjo-daro,SEAL:S,Steatite,T-M-T,None
2828.1,M-309,+224-740-061-002-824+,5,1,Mohenjo-daro,SEAL:S,Steatite,T-A-T,None
2830.1,M-311,+401-002-368-165+,4,1,Mohenjo-daro,SEAL:S,Steatite,Comp,None
2833.1,M-315,+390-034-002-374-228-741+,6,1,Mohenjo-daro,SEAL:S,Steatite,None,None
2834.1,M-316,+367-390-710-002-861+,5,1,Mohenjo-daro,SEAL:S,Steatite,None,None
2835.1,M-317,+255-060-692-401-920+,5,1,Mohenjo-daro,SEAL:S,Steatite,Bull1,SAN
2836.1,M-318,+031-575+,2,1,Mohenjo-daro,SEAL:S,Steatite,Zebu,None
2836.2,M-318,+390-003-002-031-575+,5,1,Mohenjo-daro,SEAL:S,Steatite,Zebu,None
2837.1,M-319,+740-812-033-240-220-032+,6,1,Mohenjo-daro,SEAL:S,Steatite,Tigr,Trough
2838.1,M-320,+740-176-741-390-125+,5,1,Mohenjo-daro,SEAL:S,Steatite,Bull1:W,SAN
2839.1,M-321,+617-831+,2,1,Mohenjo-daro,SEAL:S,Steatite,Bull1:J,SAN
2840.1,M-322,+740-061-060-820+,4,1,Mohenjo-daro,SEAL:S,Steatite,Bull1:J,SAN
2841.1,M-323,+520-220-415-235+,4,1,Mohenjo-daro,SEAL:S,Steatite,Bull1:L,SAN
2842.1,M-324,+740-215+,2,2,Mohenjo-daro,SEAL:S,Steatite,Mult,SAN
2843.1,M-325,+241-803-002-850-493+,5,1,Mohenjo-daro,SEAL:S,Steatite,Bull1:L,SAN
2843.2,M-325,+241-803-002-850-491+,5,1,Mohenjo-daro,SEAL:S,Steatite,Bull1:L,SAN
2844.1,M-326,+740-904-235-741-060-920+,6,1,Mohenjo-daro,SEAL:S,Steatite,Bull1:S,SAN
2844.2,M-326,+820-003-645+,3,1,Mohenjo-daro,SEAL:S,Steatite,Bull1:S,SAN
2844.5,M-326,+461-840+,2,1,Mohenjo-daro,SEAL:S,Steatite,Bull1:S,SAN
2845.1,M-327,+740-519-002-861+,4,1,Mohenjo-daro,SEAL:S,Steatite,Bull1:J,RAN
2846.1,M-328,+157-142+,2,1,Mohenjo-daro,SEAL:S,Steatite,Zebu,None
2847.1,M-329|M-330,+002-861-698+,3,2,Mohenjo-daro,SEAL:S,Steatite,None,None
2850.1,M-354,+740-729-407-845-236-002-906-125+,8,1,Mohenjo-daro,SEAL:R,Steatite,None,None
2851.1,M-355,+740-877-032-033-705-231-235-002-861-360-520-919-140+,13,1,Mohenjo-daro,SEAL:R,Steatite,None,None
2852.1,M-356,+400-595-420-125-032-820-920-140+,8,1,Mohenjo-daro,SEAL:R,Steatite,None,None
2853.1,M-357,+740-100-806-472-240-806-001-820+,8,1,Mohenjo-daro,SEAL:R,Steatite,None,None
2854.1,M-358,+003-001-520-240-806-002-502-031+,8,1,Mohenjo-daro,SEAL:R,Steatite,None,None
2855.1,M-359,+740-405-590-220-235-803-002-388-385-705-632+,11,1,Mohenjo-daro,SEAL:R,Steatite,None,None
2856.1,M-360,+090-740-717-770-235+,5,1,Mohenjo-daro,SEAL:R,NA,None,None
2857.1,M-361,+820-064-104+,3,1,Mohenjo-daro,SEAL:R,Steatite,None,None
2858.1,M-362,+740-007-503-002-817+,5,1,Mohenjo-daro,SEAL:R,Steatite,None,None
2859.1,M-363,+740-100-415-745-060-920+,6,1,Mohenjo-daro,SEAL:R,Steatite,None,None
2860.1,M-364,+740-354-002-817+,4,1,Mohenjo-daro,SEAL:R,Steatite,None,None
2861.1,M-365,+527-550-033-705-220-415-060-550+,8,1,Mohenjo-daro,SEAL:R,Steatite,None,None
2862.1,M-366,+423-003-263-104-745-055+,6,1,Mohenjo-daro,SEAL:R,Steatite,None,None
2865.1,M-369,+740-690-435-255-240-220-415-806-742-060-920+,11,1,Mohenjo-daro,SEAL:R,Steatite,None,None
2866.1,M-370,+832-904-740-444-388-233-798-806+,8,1,Mohenjo-daro,SEAL:R,Steatite,None,None
2867.1,M-371,+617-142-384-032-154-806-467+,7,1,Mohenjo-daro,SEAL:R,Steatite,None,None
2868.1,M-372,+740-338-605-176-001-820+,6,1,Mohenjo-daro,SEAL:R,Steatite,None,None
2870.1,M-374,+740-900-003-615-503+,5,1,Mohenjo-daro,SEAL:R,Steatite,None,None
2871.1,M-375,+740-100-233-220-032-002-820+,7,1,Mohenjo-daro,SEAL:R,Steatite,None,None
2872.1,M-376,+740-100-176-002-861-533-717+,7,1,Mohenjo-daro,SEAL:R,Steatite,None,None
2873.1,M-377,+740-690-435-255-240-235+,6,1,Mohenjo-daro,SEAL:R,NA,None,None
2874.1,M-378,+407-005-001-746-740-590+,6,1,Mohenjo-daro,SEAL:R,Steatite,None,None
2875.1,M-379,+154-798-463-353+,4,1,Mohenjo-daro,SEAL:R,Steatite,None,None
2876.1,M-380,+137-003-001-740-920-322+,6,1,Mohenjo-daro,SEAL:R,Steatite,None,None
2877.1,M-381,+740-055-220-032-798-002-820+,7,1,Mohenjo-daro,SEAL:R,Steatite,None,None
2879.1,M-383,+617-145+,2,1,Mohenjo-daro,SEAL:R,Steatite,None,None
2880.1,M-384,+740-900-003-803-002-820+,6,1,Mohenjo-daro,SEAL:R,Steatite,None,None
2881.1,M-385,+407-004-002-820+,4,1,Mohenjo-daro,SEAL:R,Steatite,None,None
2882.1,M-386,+405-004-001-139+,4,1,Mohenjo-daro,SEAL:R,Steatite,None,None
2883.1,M-387,+226-032-798-742-060-920+,6,1,Mohenjo-daro,SEAL:R,Steatite,None,None
2885.1,M-389,+740-861-383-031+,4,1,Mohenjo-daro,SEAL:R,Steatite,None,None
2886.1,M-390,+250-605-626-060-820+,5,1,Mohenjo-daro,SEAL:R,Steatite,None,None
2887.1,M-391,+405-845-686-740-793-003-233-805-002-861-533-717+,12,1,Mohenjo-daro,SEAL:R,NA,None,None
2888.1,M-392,+740-405-590-220-032-806+,6,1,Mohenjo-daro,SEAL:R,Steatite,None,None
2889.1,M-393,+679-740-575-017-240-806-002-540+,8,1,Mohenjo-daro,SEAL:R,Steatite,None,None
2890.1,M-394,+740-752-001-033-706+,5,1,Mohenjo-daro,SEAL:R,Steatite,None,None
2891.1,M-395,+520-220-415-798+,4,1,Mohenjo-daro,SEAL:R,Steatite,None,None
2892.1,M-396,+204-630-233-832-904-794-630-235-060-550+,10,1,Mohenjo-daro,SEAL:R,Steatite,None,None
2893.1,M-397,+740-752-055-233+,4,1,Mohenjo-daro,SEAL:R,Steatite,None,None
2894.1,M-398,+740-920-323+,3,1,Mohenjo-daro,SEAL:R,Steatite,None,None
2895.1,M-399,+740-055-033-706-235+,5,1,Mohenjo-daro,SEAL:R,Steatite,None,None
2896.1,M-400,+617-142-013-820+,4,1,Mohenjo-daro,SEAL:R,NA,None,None
2898.1,M-402,+494-615-179-100-001-033-426+,7,1,Mohenjo-daro,SEAL:R,Steatite,None,None
2899.1,M-403,+407-063-520-095+,4,1,Mohenjo-daro,SEAL:R,Steatite,None,None
2901.1,M-405,+740-923-240-235-806+,5,1,Mohenjo-daro,SEAL:R,Steatite,None,None
2903.1,M-407,+740-923-235-742-380+,5,1,Mohenjo-daro,SEAL:R,Steatite,None,None
2904.1,M-408,+407-061-002-817+,4,1,Mohenjo-daro,SEAL:R,Steatite,None,None
2905.1,M-409,+045-740-806+,3,1,Mohenjo-daro,SEAL:R,Steatite,None,None
2907.1,M-411,+390-840-233-240-744-033-272+,7,1,Mohenjo-daro,SEAL:R,Steatite,None,None
2908.1,M-412,+031-625-140-220-415+,5,1,Mohenjo-daro,SEAL:R,Steatite,None,None
2911.1,M-415,+256-832+,2,1,Mohenjo-daro,SEAL:C,Steatite,Gaur,Trough
2912.1,M-416,+324-255-001-405-016+,5,1,Mohenjo-daro,SEAL:C,Steatite,Gaur,Trough
2914.1,M-420,+747-004-408+,3,1,Mohenjo-daro,POT:T:s,Clay,None,None
2918.1,M-1382|M-424|M-953,+740-792+,2,3,Mohenjo-daro,POT:T:s|SEAL:S,Clay|Steatite,Bull1:J|None,None|RAN
2921.1,M-427,+740-100-415-741-060-920+,6,1,Mohenjo-daro,TAG:P,Clay,Bull1,RA
2925.1,M-431|M-432,+740-390-590-033-705+,5,2,Mohenjo-daro,TAB:B,Paste,None,None
2929.1,M-437,+740-390-590-002-820+,5,1,Mohenjo-daro,TAG:P,Clay,Zebu,None
2931.1,M-445,+740-176-235+,3,1,Mohenjo-daro,TAB:B,Paste,Bull1,SAN
2938.1,M-453,+740-032-840-220-002-861+,6,1,Mohenjo-daro,TAB:B,Faience,Scene,None
2955.2,M-470,+400-158-806-473+,4,1,Mohenjo-daro,TAB:B,Faience,None,None
2956.1,M-471,+740-100-415-191-002-817+,6,1,Mohenjo-daro,TAB:B,NA,None,None
2956.2,M-471,+400-740-904-798-460-350+,6,1,Mohenjo-daro,TAB:B,NA,None,None
2958.1,M-473,+740-100-220+,3,1,Mohenjo-daro,TAB:B,Faience,NA,NA
2962.1,M-1425|M-478|M-479|M-480,+400-097-700-004+,4,4,Mohenjo-daro,TAB:B,Clay,Mult,None
2965.1,M-481,+103-740-803-060-540+,5,1,Mohenjo-daro,TAB:B,Clay,Anth,NA
2965.2,M-481,+718-815+,2,1,Mohenjo-daro,TAB:B,Clay,Anth,NA
2966.1,M-482,+400-740-803+,3,1,Mohenjo-daro,TAB:B,Clay,Mult,None
2969.1,M-486|M-487,+520-235+,2,2,Mohenjo-daro,TAB:B,Clay,Mult,Mult|Trough
2969.3,M-486,+090-740-615+,3,1,Mohenjo-daro,TAB:B,Clay,Mult,Mult
2971.1,M-488,+615-016-435-255-400-136-140+,7,1,Mohenjo-daro,TAB:B,Clay,Mult,None
2972.1,M-490|M-491,+850-140-803-002-840-016+,6,2,Mohenjo-daro,TAB:B,Clay,Scene,Mult
2974.2,M-492,+090-740-585-803-240+,5,1,Mohenjo-daro,TAB:B,Clay,Mult,None
2975.1,M-494|M-495,+390-697-151-740-176-798-838+,7,2,Mohenjo-daro,TAB:B,Clay,None,None
2975.2,M-494,+032-840-221-150-741-070-255+,7,1,Mohenjo-daro,TAB:B,Clay,None,None
2975.3,M-494,+921-100-415-904-017-032-820-740-904-741+,10,1,Mohenjo-daro,TAB:B,Clay,None,None
2976.2,M-495,+032-840-267-150-741-070+,6,1,Mohenjo-daro,TAB:B,Clay,None,None
2976.3,M-495,+740-100-415-904-017-032-820-740-904-741+,10,1,Mohenjo-daro,TAB:B,Clay,None,None
2978.1,M-1444|M-1445|M-501,+690-323+,2,3,Mohenjo-daro,SEAL:R|TAB:I,Steatite,None,None
2980.1,M-1449|M-503,+740-176-233-806+,4,2,Mohenjo-daro,TAB:C,Copper,None|Othr,None
2981.1,M-1550|M-504|M-597,+740-384-233-806+,4,3,Mohenjo-daro,TAB:C,Copper,None|Othr,None
2983.1,M-1456|M-1457|M-507|M-508,+407-845-220-415+,4,4,Mohenjo-daro,TAB:C,Copper,Loop,None
2985.2,M-509|M-510,+405-240-740-176-002-326+,6,2,Mohenjo-daro,TAB:C,Copper,None,None
2987.1,M-511|M-512,+165-900-700-003+,4,2,Mohenjo-daro,TAB:C,Copper,None,None
2987.2,M-511|M-512,+740-176-220-032+,4,2,Mohenjo-daro,TAB:C,Copper,None,None
2989.1,M-513|M-514|M-515,+706-005+,2,3,Mohenjo-daro,TAB:C,Copper,None,None
2989.2,M-513|M-514|M-515,+407-585-233+,3,3,Mohenjo-daro,TAB:C,Copper,None,None
2994.1,M-519|M-520,+617-142-001-595-095-760-744+,7,2,Mohenjo-daro,TAB:C,Copper,Bull1:W,None|Trough
2997.1,M-522,+595-343-615+,3,1,Mohenjo-daro,TAB:C,Copper,Gaur,Trough
2998.1,M-523|M-524,+407-071-032+,3,2,Mohenjo-daro,TAB:C,Copper,Gaur,Trough
3000.1,M-525,+423-003-001-900-740-690-435-255+,8,1,Mohenjo-daro,TAB:C,Copper,Gaur,Trough
3001.1,M-527|M-528|M-529|M-530,+001-740-923-033-706+,5,4,Mohenjo-daro,TAB:C,Copper,Elep,Trough
3006.1,M-1491|M-1492|M-1493|M-1494|M-1547|M-534|M-535|M-536|M-537|M-538|M-539|M-541|M-542|M-593,+407-321-407-845-033-705-235+,7,14,Mohenjo-daro,TAB:C,Copper,Hare|None,None|Plant
3015.1,M-543|M-544|M-545,+790-740-100-176-421-003+,6,3,Mohenjo-daro,TAB:C,Copper,Goat:8,Trough
3019.1,M-1555|M-1556|M-1557|M-1558|M-547|M-548|M-549,+407-032-520-095-585-017-231+,7,7,Mohenjo-daro,TAB:C,Copper,Goat:8|None|Othr,None|Trough
3022.1,M-550,+740-100-233-003+,4,1,Mohenjo-daro,TAB:C,Copper,Comp,Trough
3023.1,M-1503|M-1504|M-1505|M-1506|M-1507|M-1508|M-1509|M-1512|M-1513|M-2046|M-551|M-552|M-553|M-554|M-555|M-556|M-557|M-558|M-559|M-560|M-561|M-562|M-563|M-564|M-565,+740-752-615-503+,4,25,Mohenjo-daro,TAB:C,Copper,Gaur|Othr,Trough
3038.1,M-1515|M-1516|M-1517|M-567|M-568|M-569,+407-061-845-240-798+,5,6,Mohenjo-daro,TAB:C,Copper,Gaur|Othr|Tigr,None|Trough
3041.1,M-571,+740-773-220-032+,4,1,Mohenjo-daro,TAB:C,Copper,Comp,None
3042.1,M-1521|M-1522|M-572|M-574,+740-222-233-235+,4,4,Mohenjo-daro,TAB:C,Copper,Othr|Rhin,Trough
3044.1,M-574,+617-142-001-368-861+,5,1,Mohenjo-daro,TAB:C,Copper,Othr,Trough
3045.1,M-1528|M-1530|M-1531|M-1532|M-575|M-576,+617-142-597-032-905+,5,6,Mohenjo-daro,TAB:C,Copper,Othr,None
3048.1,M-1534|M-578|M-580|M-581,+740-388-585-017+,4,4,Mohenjo-daro,TAB:C,Copper,Comp|Othr,None
3061.2,M-599,+408-032-520-095-585-017-220+,7,1,Mohenjo-daro,TAB:C,Copper,None,None
3064.1,M-603,+740-900-850-407-845-806+,6,1,Mohenjo-daro,TAB:C,Copper,None,None
3066.2,M-605,+740-405-590-220-003+,5,1,Mohenjo-daro,TAB:C,Copper,None,None
3067.2,M-1568|M-606,+740-100-904-033-705-231-798+,7,2,Mohenjo-daro,TAB:C,Copper,None,None
3071.1,M-619,+840-032+,2,1,Mohenjo-daro,MISC,Clay,None,None
3074.1,M-623,+740-760-175-176-220-415-798-002-299-530-820+,11,1,Mohenjo-daro,SEAL:S,NA,Bull1:W,S
3075.1,M-624,+190-125-575+,3,1,Mohenjo-daro,SEAL:S,Steatite,Bull1:W,SAF
3078.1,M-627,+617-243-741-615-440-220+,6,1,Mohenjo-daro,SEAL:S,Steatite,Bull1:W,SCF
3079.1,M-628,+740-560-233-002-291-690-564+,7,1,Mohenjo-daro,SEAL:S,Steatite,Bull1:W,SAN
3080.1,M-629,+679-740-176-240-798-002-861+,7,1,Mohenjo-daro,SEAL:S,NA,Bull1:W,SAN
3081.1,M-631,+520-033-706-240-220-032-368-263+,8,1,Mohenjo-daro,SEAL:S,Steatite,Bull1:W,SAF
3084.1,M-634,+679-740-220-415-001-820-812-820-140-820+,10,1,Mohenjo-daro,SEAL:S,Steatite,Bull1,S
3087.1,M-638,+740-482-055-240-235-745-740-590+,8,1,Mohenjo-daro,SEAL:S,Steatite,None,None
3088.1,M-639,+226-415-002-190-751+,5,1,Mohenjo-daro,SEAL:S,NA,Bull1,NA
3089.1,M-644,+740-585-017-740-240-002-817-090-370+,9,1,Mohenjo-daro,SEAL:S,Steatite,Bull1:W,SAN
3091.1,M-647,+740-100-235-233-741-060-920+,7,1,Mohenjo-daro,SEAL:S,Steatite,Bull1:S,SA
3092.1,M-648,+090-740-100-220-032-741-361+,7,1,Mohenjo-daro,SEAL:S,NA,Bull1:J,SAN
3093.1,M-649,+820-571+,2,1,Mohenjo-daro,SEAL:S,Silver,Bull1:X,SAN
3094.1,M-650,+520-220-415-519-002-817+,6,1,Mohenjo-daro,SEAL:S,Steatite,Bull1:W,SAN
3095.1,M-651,+740-717-220-240-002-820+,6,1,Mohenjo-daro,SEAL:S,Steatite,Bull1:W,SAF
3096.1,M-653,+679-740-235-002-861+,5,1,Mohenjo-daro,SEAL:S,Steatite,Bull1:W,SAF
3097.1,M-655,+740-717-233-002-220-880-689+,7,1,Mohenjo-daro,SEAL:S,Steatite,Bull1,S
3100.1,M-661,+740-798-220-415-741-072+,6,1,Mohenjo-daro,SEAL:S,Steatite,Bull1:W,SAF
3101.1,M-662,+390-704-001-820+,4,1,Mohenjo-daro,SEAL:S,Steatite,Bull1:W,RAF
3103.1,M-664,+151-062-820-500-706+,5,1,Mohenjo-daro,SEAL:S,Steatite,Bull1:S,RBN
3105.1,M-666,+740-440-231-060-692+,5,1,Mohenjo-daro,SEAL:S,Steatite,Bull1,R
3109.1,M-670,+154-031-001-520-033-705+,6,1,Mohenjo-daro,SEAL:S,Steatite,Bull1:W,SAN
3110.1,M-671,+740-690-435-255-240-235-745-060-920+,9,1,Mohenjo-daro,SEAL:S,Steatite,Bull1:W,SAN
3111.1,M-672,+740-405-590-235+,4,1,Mohenjo-daro,SEAL:S,Steatite,Bull1:W,SAF
3113.1,M-674,+520-033-706-220-415+,5,1,Mohenjo-daro,SEAL:S,Steatite,Bull1:W,SAN
3114.1,M-675,+740-388-807-033-706-233-235-168-032+,9,1,Mohenjo-daro,SEAL:S,Steatite,Bull1:W,SAN
3115.1,M-677,+740-923-070-032-033-706-231-242-002-861-901+,11,1,Mohenjo-daro,SEAL:S,NA,Bull1:L,SAN
3116.1,M-678,+740-752-006-503-236-806-002-031-502+,9,1,Mohenjo-daro,SEAL:S,Steatite,Bull1:W,SAN
3119.1,M-683,+740-798-231-002-298-460-032+,7,1,Mohenjo-daro,SEAL:S,Steatite,Bull1,NA
3122.1,M-686,+520-235-806+,3,1,Mohenjo-daro,SEAL,Steatite,None,None
3126.1,M-699,+740-100-415-002-130-035-171+,7,1,Mohenjo-daro,SEAL:S,Steatite,Bull1:W,SAN
3127.1,M-700,+740-760-820-368-263+,5,1,Mohenjo-daro,SEAL:S,NA,Bull1:J,SAN
3131.1,M-704,+400-131+,2,1,Mohenjo-daro,SEAL:S,Steatite,Bull1:W,SAF
3132.1,M-705,+740-772-240-803+,4,1,Mohenjo-daro,SEAL:S,Steatite,Bull1:W,SAF
3133.1,M-706,+740-773-240-002-861-031+,6,1,Mohenjo-daro,SEAL:S,Steatite,Bull1:W,SAN
3134.1,M-708,+740-061-002-390-140+,5,1,Mohenjo-daro,SEAL:S,Steatite,Bull1:W,S
3135.1,M-710,+400-390-004+,3,1,Mohenjo-daro,SEAL:S,NA,Bull1:J,SAF
3138.1,M-713,+226-803-717-002-764+,5,1,Mohenjo-daro,SEAL:S,Steatite,Bull1,S
3139.1,M-714,+740-585-017-033-705-233-798-803-002-861-603+,11,1,Mohenjo-daro,SEAL:S,Steatite,Bull1:W,NA
3142.1,M-717,+740-142-061-002-861+,5,1,Mohenjo-daro,SEAL:S,Steatite,Bull1:J,RAF
3146.1,M-722,+740-585-240-220-032-002-817+,7,1,Mohenjo-daro,SEAL:S,Steatite,Bull1,NA
3147.1,M-723,+740-460-510-235-220-032-002-861+,8,1,Mohenjo-daro,SEAL:S,Steatite,Bull1,NA
3148.1,M-724,+390-721-790-002-861+,5,1,Mohenjo-daro,SEAL:S,NA,Bull1:J,SAN
3149.1,M-725,+090-740-220-003-741-252-530+,7,1,Mohenjo-daro,SEAL:S,Steatite,Bull1:J,SAN
3150.1,M-726,+031-850-140-236-220-032-803-002-820+,9,1,Mohenjo-daro,SEAL:S,NA,Bull1:T,SAN
3151.1,M-727,+740-100-415-002-820+,5,1,Mohenjo-daro,SEAL:S,Steatite,Bull1:W,SAN
3152.1,M-728,+740-575-017-002-820+,5,1,Mohenjo-daro,SEAL:S,Steatite,Bull1:V,HBN
3153.1,M-729,+234-415+,2,1,Mohenjo-daro,SEAL:S,Steatite,Bull1:I,RAF
3154.1,M-730,+740-384-090-351-741-033-272+,7,1,Mohenjo-daro,SEAL:S,NA,Bull1:J,RAF
3155.1,M-731,+151-220+,2,1,Mohenjo-daro,SEAL:S,NA,Bull1:I,RAF
3156.1,M-732,+520-400-350-002-817+,5,1,Mohenjo-daro,SEAL:S,Steatite,Bull1:V,RAF
3158.1,M-734,+033-033-368-390-590+,5,1,Mohenjo-daro,SEAL:S,Steatite,Bull1:S,RBF
3159.1,M-735,+740-760-235-002-390-125-195+,7,1,Mohenjo-daro,SEAL:S,Steatite,Bull1:U,HAF
3163.1,M-739,+090-740-100-415-002-031-350-550-692+,9,1,Mohenjo-daro,SEAL:S,NA,Bull1:J,RAF
3164.1,M-740,+226-491-742-705-575+,5,1,Mohenjo-daro,SEAL:S,Steatite,Bull1:J,RBF
3165.1,M-1222|M-741,+151-416+,2,2,Mohenjo-daro,SEAL:S,Steatite,Bull1|Bull1:I,RBN|SAN
3166.1,M-742,+090-850-032-060-573+,5,1,Mohenjo-daro,SEAL:S,Steatite,Bull1:W,H
3168.1,M-745,+307-350-617-741+,4,1,Mohenjo-daro,SEAL:S,Steatite,Bull1,NA
3169.1,M-746,+740-440-220-032-741-390-590-032+,8,1,Mohenjo-daro,SEAL:S,Steatite,Bull1:I,NA
3172.1,M-749,+408-004+,2,1,Mohenjo-daro,SEAL:S,Steatite,Bull1:W,SAN
3173.1,M-750,+740-773-060-820+,4,1,Mohenjo-daro,SEAL:S,Steatite,Bull1:W,SAN
3176.1,M-753,+520-033-706-806+,4,1,Mohenjo-daro,SEAL:S,Steatite,Bull1:W,SAN
3177.1,M-754,+740-760-705-742-060-920+,6,1,Mohenjo-daro,SEAL:S,Steatite,Bull1,NA
3178.1,M-755,+740-337-484-741-060-920+,6,1,Mohenjo-daro,SEAL:S,Steatite,Bull1,NA
3179.1,M-756,+740-100-176-002-812-031+,6,1,Mohenjo-daro,SEAL:S,Steatite,Bull1:W,NA
3180.1,M-757,+520-033-705-233-235-808+,6,1,Mohenjo-daro,SEAL:S,Steatite,Bull1,NA
3181.1,M-758,+740-760-001-240-742-530-786+,7,1,Mohenjo-daro,SEAL:S,Steatite,Bull1:W,SAN
3182.1,M-759,+520-240-806+,3,1,Mohenjo-daro,SEAL,Steatite,None,None
3185.1,M-762,+226-140-002+,3,1,Mohenjo-daro,SEAL:S,Steatite,Bull1:I,NA
3190.1,M-776,+740-032-840-585-017-002-817+,7,1,Mohenjo-daro,SEAL:S,Steatite,Bull1:J,SAN
3191.1,M-777,+173-520-235-060-550+,5,1,Mohenjo-daro,SEAL:S,Steatite,Bull1:J,SAN
3193.1,M-779,+520-515-921+,3,1,Mohenjo-daro,SEAL:S,Steatite,Bull1:L,SAN
3194.1,M-780,+740-773-156-002-820+,5,1,Mohenjo-daro,SEAL:S,Steatite,Bull1:W,SBN
3195.1,M-781,+520-033-706-002-861+,5,1,Mohenjo-daro,SEAL:S,Steatite,Bull1:S,SAN
3196.1,M-782,+740-912-001-740-621+,5,1,Mohenjo-daro,SEAL:S,Steatite,Bull1:S,SAN
3197.1,M-783,+151-061-002-861+,4,1,Mohenjo-daro,SEAL:S,Steatite,Bull1:S,SAN
3198.1,M-784,+368-390-710+,3,1,Mohenjo-daro,SEAL:S,Steatite,Bull1:S,SAN
3199.1,M-785,+740-255-705-002-861+,5,1,Mohenjo-daro,SEAL:S,Steatite,Bull1:S,SAN
3200.1,M-786,+740-798-233-741-175+,5,1,Mohenjo-daro,SEAL:S,Steatite,Bull1:S,SAN
3202.1,M-788,+740-482-235-002-824+,5,1,Mohenjo-daro,SEAL:S,NA,Bull1:J,SAN
3206.1,M-792,+679-740-575-017-002-817+,6,1,Mohenjo-daro,SEAL:S,Steatite,Bull1:S,SAN
3207.1,M-793,+740-388-235-240-798-002-861+,7,1,Mohenjo-daro,SEAL:S,NA,Bull1:W,SAN
3208.1,M-794,+804-231-002-861+,4,1,Mohenjo-daro,SEAL:S,Steatite,Bull1:S,SAN
3209.1,M-795,+156-260-002-817+,4,1,Mohenjo-daro,SEAL:S,Steatite,Bull1:W,SAN
3210.1,M-796,+368-140-706+,3,1,Mohenjo-daro,SEAL:S,Steatite,Bull1:W,SAN
3212.1,M-798,+585-831-091+,3,1,Mohenjo-daro,SEAL:S,Steatite,Bull1:W,SAF
3214.1,M-800,+234-803-741-082-350+,5,1,Mohenjo-daro,SEAL:S,NA,Bull1:W,SAF
3216.1,M-802,+106-741-500-209+,4,1,Mohenjo-daro,SEAL:S,Steatite,Bull1:W,SAF
3219.1,M-806,+520-235-803-001-368-861+,6,1,Mohenjo-daro,SEAL:S,Steatite,Bull1:S,SAN
3222.1,M-809,+520-460-495-002-595-906+,6,1,Mohenjo-daro,SEAL:S,Steatite,Bull1,SAN
3223.1,M-810,+740-731+,2,1,Mohenjo-daro,SEAL:S,Steatite,Bull1:J,SAN
3224.1,M-811,+226-032-803+,3,1,Mohenjo-daro,SEAL:S,Steatite,Bull1:J,SAN
3225.1,M-812,+740-058+,2,1,Mohenjo-daro,SEAL:S,Steatite,Bull1:J,SAN
3226.1,M-813,+161-390-590-002-861+,5,1,Mohenjo-daro,SEAL:S,NA,Bull1:S,SAN
3227.1,M-814,+740-176-033-705-240-235-803+,7,1,Mohenjo-daro,SEAL:S,Steatite,Bull1:S,SAN
3228.1,M-815,+520-070-233-798-002-861+,6,1,Mohenjo-daro,SEAL:S,Faience,Bull1:W,SAN
3229.1,M-816,+740-690-435-255-002-817+,6,1,Mohenjo-daro,SEAL:S,Steatite,Bull1:S,SAN
3230.1,M-817,+520-382-878+,3,1,Mohenjo-daro,SEAL:S,Steatite,Bull1:S,SAN
3232.1,M-819,+520-233-240-803-002-817+,6,1,Mohenjo-daro,SEAL:S,Steatite,Bull1:J,SAN
3237.1,M-824,+368-390-831+,3,1,Mohenjo-daro,SEAL:S,Steatite,Bull1:J,SAN
3240.1,M-828,+590-165-032-840+,4,1,Mohenjo-daro,SEAL:S,Steatite,Bull1,SAN
3244.1,M-832,+740-337-176+,3,1,Mohenjo-daro,SEAL:S,NA,Bull1:S,SAF
3245.1,M-833,+527-550-740-240-002-808+,6,1,Mohenjo-daro,SEAL:S,Steatite,Bull1:W,SAF
3246.1,M-834,+151-390-590-900-002-861+,6,1,Mohenjo-daro,SEAL:S,Faience,Bull1:J,SAN
3248.1,M-836,+400-368-055+,3,1,Mohenjo-daro,SEAL:S,NA,Bull1:W,SAF
3249.1,M-837,+740-142-061-031-741-125-575+,7,1,Mohenjo-daro,SEAL:S,NA,Bull1:S,SAN
3251.1,M-839,+740-100-415-002-817+,5,1,Mohenjo-daro,SEAL:S,Steatite,Bull1:L,SAN
3252.1,M-840,+046-031-033-705-233-001-920-374+,8,1,Mohenjo-daro,SEAL:S,Steatite,Bull1:T,SAN
3259.1,M-847,+740-055-232-233+,4,1,Mohenjo-daro,SEAL:S,Steatite,Bull1,NA
3260.1,M-848,+406-125-176+,3,1,Mohenjo-daro,SEAL:S,Steatite,Bull1,NA
3261.1,M-849,+151-350-002-550-615+,5,1,Mohenjo-daro,SEAL:S,Steatite,Bull1:J,RAN
3262.1,M-850|M-869,+740-100-415-002-861+,5,2,Mohenjo-daro,SEAL:S,Steatite,Bull1:L|Bull1:S,RAN|SAN
3263.1,M-851,+621-740-390-590-002-817+,6,1,Mohenjo-daro,SEAL:S,Steatite,Bull1:W,RAN
3264.1,M-852,+892-590-794-732-033-853+,6,1,Mohenjo-daro,SEAL:S,Steatite,Bull1:W,RAN
3265.1,M-853,+090-740-792-002-817+,5,1,Mohenjo-daro,SEAL:S,Steatite,Bull1:S,RAN
3267.1,M-855,+861-260-832-390-590-002-817-690-544+,9,1,Mohenjo-daro,SEAL:S,Steatite,Bull1,NA
3268.1,M-856,+740-575-017-060-220-065-374+,7,1,Mohenjo-daro,SEAL:S,Steatite,Bull1,NA
3271.1,M-860,+520-033-705-240+,4,1,Mohenjo-daro,SEAL:S,NA,Bull1:S,SAN
3272.1,M-861,+740-007-503+,3,1,Mohenjo-daro,SEAL:S,Steatite,Bull1:S,SAF
3273.1,M-862,+740-760-742+,3,1,Mohenjo-daro,SEAL:S,Steatite,Bull1:S,SAN
3274.1,M-863,+740-255-705-741-412+,5,1,Mohenjo-daro,SEAL:S,Steatite,Bull1:L,SAN
3276.1,M-865,+090-740-240-235-001-820+,6,1,Mohenjo-daro,SEAL:S,Steatite,Bull1:W,SAN
3278.1,M-868,+520-033-705-231-220-002-817+,7,1,Mohenjo-daro,SEAL:S,NA,Bull1:W,SAN
3280.1,M-870,+740-460-741-060-920+,5,1,Mohenjo-daro,SEAL:S,Steatite,Bull1:L,SAF
3281.1,M-872,+390-016-002-824+,4,1,Mohenjo-daro,SEAL:S,NA,Bull1:I,SAF
3282.1,M-873,+520-033-705-231-060-550+,6,1,Mohenjo-daro,SEAL:S,Steatite,Bull1:X,SAN
3283.1,M-1305|M-874,+400-159-877+,3,2,Mohenjo-daro,SEAL:R|SEAL:S,Steatite,Bull1:W|None,None|SAN
3284.1,M-875,+105-031-060-820+,4,1,Mohenjo-daro,SEAL:S,Steatite,Bull1:J,RAN
3286.1,M-878,+740-900-005-741-390-125+,6,1,Mohenjo-daro,SEAL:S,Steatite,Bull1:J,RAF
3288.1,M-880,+740-861-877-741-705-319+,6,1,Mohenjo-daro,SEAL:S,NA,Bull1:S,RAF
3291.1,M-884,+617-016+,2,1,Mohenjo-daro,SEAL:S,NA,Bull1:S,RBF
3295.1,M-889,+740-384-032-803-002-820+,6,1,Mohenjo-daro,SEAL:S,Steatite,Bull1:I,RBF
3296.1,M-890,+740-927-032-741-208+,5,1,Mohenjo-daro,SEAL:S,Steatite,Bull1,R
3299.1,M-894,+892-070-590-495-520-231-368-861+,8,1,Mohenjo-daro,SEAL:S,Steatite,Bull1:I,NA
3301.1,M-896,+151-031-090-032-001-505+,6,1,Mohenjo-daro,SEAL:S,Steatite,Bull1,NA
3302.1,M-897,+527-550-235-002-817+,5,1,Mohenjo-daro,SEAL:S,Steatite,Bull1,NA
3303.1,M-898,+621-046+,2,1,Mohenjo-daro,SEAL:S,Steatite,Bull1:W,NA
3304.1,M-899,+154-160-363+,3,1,Mohenjo-daro,SEAL:S,Steatite,Bull1:W,SAN
3305.1,M-900,+740-390-590-233-220-415-798-838-002-820+,10,1,Mohenjo-daro,SEAL:S,Steatite,Bull1,NA
3306.1,M-901,+090-125-002-861+,4,1,Mohenjo-daro,SEAL:S,Steatite,Bull1,NA
3308.1,M-903,+740-772-002-817+,4,1,Mohenjo-daro,SEAL:S,Steatite,Bull1,NA
3311.1,M-914,+520-920-320-220-415+,5,1,Mohenjo-daro,SEAL:S,Steatite,Bull1:W,SAN
3312.1,M-915,+151-097-031+,3,1,Mohenjo-daro,SEAL:S,Steatite,Bull1:W,SAN
3313.1,M-916,+400-806-805+,3,1,Mohenjo-daro,SEAL:S,Steatite,Bull1:J,SAN
3314.1,M-917,+740-923-803+,3,1,Mohenjo-daro,SEAL:S,Steatite,Bull1:W,SAN
3315.1,M-918,+390-869-002-861+,4,1,Mohenjo-daro,SEAL:S,NA,Bull1,SAN
3317.1,M-920,+267-413-575+,3,1,Mohenjo-daro,SEAL:S,Steatite,Bull1:S,SAN
3318.1,M-921,+550-740-220-060-297-630+,6,1,Mohenjo-daro,SEAL:S,NA,Bull1:L,SAN
3322.1,M-926,+740-269-792-741-345+,5,1,Mohenjo-daro,SEAL:S,Steatite,Bull1:S,NA
3324.1,M-928,+243-705-031+,3,1,Mohenjo-daro,SEAL:S,Steatite,Bull1,SAN
3326.1,M-931,+520-233-803-060-820+,5,1,Mohenjo-daro,SEAL:S,NA,Bull1:W,SAF
3327.1,M-932,+740-705-171-360-064+,5,1,Mohenjo-daro,SEAL:S,NA,Bull1:S,SAN
3328.1,M-933,+740-390-590-741-821+,5,1,Mohenjo-daro,SEAL:S,Steatite,Bull1:L,SAN
3329.1,M-934,+526-555-235-002-861+,5,1,Mohenjo-daro,SEAL:S,Steatite,Bull1:W,SAF
3330.1,M-1601|M-935,+740-920-320+,3,2,Mohenjo-daro,POT:T:g|SEAL:S,Clay|Steatite,Bull1:S|None,None|SAF
3331.1,M-936,+520-460+,2,1,Mohenjo-daro,SEAL:S,Steatite,Bull1:J,SAN
3332.1,M-937,+740-460-503-031-002-900-615+,7,1,Mohenjo-daro,SEAL:S,Steatite,Bull1:J,S
3338.1,M-943,+740-176-220-415-798+,5,1,Mohenjo-daro,SEAL:S,Steatite,Bull1:W,SAN
3339.1,M-944,+090-740-233-060-368-817+,6,1,Mohenjo-daro,SEAL:S,Steatite,Bull1:W,SAF
3340.1,M-945,+740-923-233+,3,1,Mohenjo-daro,SEAL:S,Steatite,Bull1:S,NA
3342.1,M-947,+400-090-740-035-171-061+,6,1,Mohenjo-daro,SEAL:S,Steatite,Bull1,S
3343.1,M-948,+426-003-002-388-031+,5,1,Mohenjo-daro,SEAL:S,Steatite,Bull1,S
3346.1,M-951,+740-927-240-031+,4,1,Mohenjo-daro,SEAL:S,Steatite,Bull1:S,SAN
3349.1,M-954,+481-740-255-360+,4,1,Mohenjo-daro,SEAL:S,Steatite,Bull1,RAN
3350.1,M-955,+031-031-550-003+,4,1,Mohenjo-daro,SEAL:S,Steatite,Bull1:U,NA
3351.1,M-956,+400-520-033-705-233+,5,1,Mohenjo-daro,SEAL:S,Steatite,Bull1:J,RAN
3352.1,M-957,+740-760-705-002-577+,5,1,Mohenjo-daro,SEAL:S,Steatite,Bull1,NA
3353.1,M-958,+740-772-240-002-900-003-590+,7,1,Mohenjo-daro,SEAL:S,Steatite,Bull1:J,RAF
3354.1,M-959,+520-033-705-236-803+,5,1,Mohenjo-daro,SEAL:S,Steatite,Bull1,NA
3355.1,M-960,+520-240-740-590-575+,5,1,Mohenjo-daro,SEAL:S,Steatite,Bull1,NA
3356.1,M-961,+400-158-460-503+,4,1,Mohenjo-daro,SEAL:S,Steatite,Bull1:X,SAN
3357.1,M-962,+520-220-240-235+,4,1,Mohenjo-daro,SEAL:S,NA,Bull1:W,SAF
3358.1,M-964,+527-550-741-060-920+,5,1,Mohenjo-daro,SEAL:S,Steatite,Bull1:J,SAN
3359.1,M-965,+740-390-590-032-741-527+,6,1,Mohenjo-daro,SEAL:S,Steatite,Bull1:I,SAN
3360.1,M-967,+401-861-440-220+,4,1,Mohenjo-daro,SEAL:S,Steatite,Bull1:W,SAF
3361.1,M-968,+740-923-741-390-590+,5,1,Mohenjo-daro,SEAL:S,Steatite,Bull1:J,S
3362.1,M-969,+151-243+,2,1,Mohenjo-daro,SEAL:S,Steatite,Bull1:S,SAN
3364.1,M-971,+740-416-741-060-920+,5,1,Mohenjo-daro,SEAL:S,Steatite,Bull1:J,RAN
3365.1,M-972,+740-142-066+,3,1,Mohenjo-daro,SEAL:S,Faience,Bull1:J,RAN
3366.1,M-973,+621-226+,2,1,Mohenjo-daro,SEAL:S,Steatite,Bull1:J,RBF
3367.1,M-974,+740-927-741-060-920+,5,1,Mohenjo-daro,SEAL:S,Steatite,Bull1:I,R
3368.1,M-975,+680-297-741-910+,4,1,Mohenjo-daro,SEAL:S,Steatite,Bull1:S,RAF
3369.1,M-976,+286-645-001-368-817+,5,1,Mohenjo-daro,SEAL:S,Steatite,Bull1,NA
3373.1,M-980,+740-617-550-061-435-093-740-100-415+,9,1,Mohenjo-daro,SEAL:S,Steatite,Bull1,NA
3374.1,M-981,+617-142-001-407-371+,5,1,Mohenjo-daro,SEAL:S,NA,Bull1:W,SAN
3375.1,M-982,+740-825-002+,3,1,Mohenjo-daro,SEAL:S,Steatite,Bull1:U,SAN
3378.1,M-985,+520-070-033-705-233-235-803+,7,1,Mohenjo-daro,SEAL:S,NA,Bull1,NA
3379.1,M-986,+740-760-605+,3,1,Mohenjo-daro,SEAL:S,Steatite,Bull1,NA
3381.1,M-988,+151-055+,2,1,Mohenjo-daro,SEAL:S,NA,NA,NA
3383.1,M-991,+156-031-133+,3,1,Mohenjo-daro,SEAL:S,Steatite,Bull1:W,SAN
3384.1,M-992,+368-803-031+,3,1,Mohenjo-daro,SEAL:S,Steatite,Bull1:S,SAF
3385.1,M-993,+435-001-031+,3,1,Mohenjo-daro,SEAL:S,Steatite,Bull1,SAN
3386.1,M-994,+740-904-690+,3,1,Mohenjo-daro,SEAL:S,Steatite,Bull1,SAN
3389.1,M-997,+590-705-575-920-140+,5,1,Mohenjo-daro,SEAL:S,NA,Bull1,RAN
3390.1,M-998,+820-390-590+,3,1,Mohenjo-daro,SEAL:S,Steatite,Bull1:I,SAN
3394.1,M-1002,+740-373-031-002-315-850+,6,1,Mohenjo-daro,SEAL:S,NA,Bull1,NA
3421.1,M-1044,+520-220-032-002-861+,5,1,Mohenjo-daro,SEAL:S,Steatite,Bull,NA
3427.1,M-1052,+679-740-220-032-806-001-595-575-001-095+,10,1,Mohenjo-daro,SEAL:R,NA,NA,NA
3453.1,M-1079,+740-760-033-706-233-803+,6,1,Mohenjo-daro,SEAL:S,Steatite,Gaur,None
3454.1,M-1080,+617-550-033+,3,1,Mohenjo-daro,SEAL:S,Steatite,Gaur,Trough
3455.1,M-1081,+527-555-055-233-235-741-831-518+,8,1,Mohenjo-daro,SEAL:S,Steatite,Gaur,Trough
3459.1,M-1085,+740-100-415-798-460-350-002-817+,8,1,Mohenjo-daro,SEAL:S,Steatite,Gaur,Trough
3460.1,M-1086,+241-235+,2,1,Mohenjo-daro,SEAL:S,NA,Gaur,Trough
3461.1,M-1087,+527-554-001-297-190+,5,1,Mohenjo-daro,SEAL:S,Steatite,Gaur,Trough
3462.1,M-1088,+740-540-002-820+,4,1,Mohenjo-daro,SEAL:S,Steatite,Gaur,Trough
3463.1,M-1089,+151-390-590-002-374-840+,6,1,Mohenjo-daro,SEAL:S,Steatite,Gaur,Trough
3465.1,M-1091,+241-156-590-706-794-732+,6,1,Mohenjo-daro,SEAL:S,NA,Gaur,Trough
3467.1,M-1095,+861-292-590-520-515-503+,6,1,Mohenjo-daro,SEAL:S,Steatite,Gaur,Trough
3468.1,M-1096,+740-455-240-235+,4,1,Mohenjo-daro,SEAL:S,Steatite,Gaur,Trough
3469.1,M-1097,+808-347-061+,3,1,Mohenjo-daro,SEAL:S,Steatite,Gaur,Trough
3472.1,M-1100,+740-760-315+,3,1,Mohenjo-daro,SEAL:S,Steatite,NA,NA
3474.1,M-1103,+001-820-595-760-706-635+,6,1,Mohenjo-daro,SEAL:S,Steatite,Zebu,None
3475.1,M-1104,+740-564-060-820+,4,1,Mohenjo-daro,SEAL:S,Steatite,Zebu,NA
3480.1,M-1109,+520-231-002-820+,4,1,Mohenjo-daro,SEAL:S,Steatite,Zebu,NA
3481.1,M-1110,+740-615-104-002-817+,5,1,Mohenjo-daro,SEAL:S,Steatite,Zebu,None
3482.1,M-1111,+740-798-745-924-692+,5,1,Mohenjo-daro,SEAL:S,Steatite,Zebu,None
3484.1,M-1113,+550-233-235+,3,1,Mohenjo-daro,SEAL:S,Steatite,Zebu,None
3485.1,M-1114,+740-140-002-741-060-920+,6,1,Mohenjo-daro,SEAL:S,Steatite,Zebu,None
3486.1,M-1115,+740-335-233-002-861+,5,1,Mohenjo-daro,SEAL:S,Steatite,Zebu,NA
3488.1,M-1117,+855-297-892+,3,1,Mohenjo-daro,SEAL:S,Steatite,Zebu,None
3490.1,M-1119,+740-803-002-820-741+,5,1,Mohenjo-daro,SEAL:S,Steatite,Zebu,None
3494.1,M-1123,+156-389+,2,1,Mohenjo-daro,SEAL:S,Steatite,Zebu,None
3497.1,M-1128,+920-388+,2,1,Mohenjo-daro,SEAL:S,NA,Buff,Trough
3501.1,M-1134,+820-595-813-541+,4,1,Mohenjo-daro,SEAL:S,Steatite,Rhin,None
3502.1,M-1135,+740-061-002-400-703+,5,1,Mohenjo-daro,SEAL:S,Steatite,Rhin,SAN
3504.1,M-1137,+740-904-002-820+,4,1,Mohenjo-daro,SEAL:S,Steatite,None,None
3505.1,M-1138,+740-585-017-002-820+,5,1,Mohenjo-daro,SEAL:S,Steatite,Rhin,Trough
3506.1,M-1139,+740-416-621-002-820+,5,1,Mohenjo-daro,SEAL:S,Steatite,Rhin,NA
3508.1,M-1146,+740-772-235+,3,1,Mohenjo-daro,SEAL:S,Steatite,Elep,NA
3509.1,M-1148,+520-220-002-861+,4,1,Mohenjo-daro,SEAL:S,Steatite,Elep,None
3511.1,M-1150,+621-520-231-240-002-456+,6,1,Mohenjo-daro,SEAL:S,Steatite,Elep,None
3512.1,M-1151,+241-742-041+,3,1,Mohenjo-daro,SEAL:S,Steatite,Elep,None
3513.1,M-1152,+740-032-840-235-002-861+,6,1,Mohenjo-daro,SEAL:S,Steatite,Elep,Trough
3516.1,M-1155,+740-760-335-002-033-705+,6,1,Mohenjo-daro,SEAL:S,Steatite,Elep,None
3517.1,M-1156,+740-690-435-255-233+,5,1,Mohenjo-daro,SEAL:S,Steatite,Elep,None
3519.1,M-1159,+232-220-032-002-168-032+,6,1,Mohenjo-daro,SEAL:S,Steatite,Elep,None
3521.1,M-1161,+520-233-031-002-861+,5,1,Mohenjo-daro,SEAL:S,Steatite,Elep,None
3525.1,M-1165,+090-740-920-140-060-692+,6,1,Mohenjo-daro,SEAL:S,Steatite,Tigr,Trough
3526.1,M-1166,+740-923-240-002-817+,5,1,Mohenjo-daro,SEAL:S,Steatite,Tigr,Trough
3528.1,M-1168,+740-482+,2,1,Mohenjo-daro,SEAL:S,Steatite,Htgr,None
3533.1,M-1177,+740-760-002-817+,4,1,Mohenjo-daro,SEAL:S,Steatite,CompBull,None
3535.1,M-1179|M-2021,+740-927+,2,2,Mohenjo-daro,SEAL:S|TAB:B,Steatite,Goat:3|Mult,None
3536.1,M-1180,+035-171-158+,3,1,Mohenjo-daro,SEAL:S,Steatite,Goat:3,Plant
3537.1,M-1181,+740-927-231-060-692+,5,1,Mohenjo-daro,SEAL:S,Steatite,Anth,None
3544.1,M-1193,+143-096+,2,1,Mohenjo-daro,SEAL:S,Steatite,None,None
3548.1,M-1197,+435-001-003+,3,1,Mohenjo-daro,SEAL:S,NA,None,None
3550.1,M-1199,+740-048-232+,3,1,Mohenjo-daro,SEAL:S,Silver,Bull1:I,SCF
3551.1,M-1200,+740-255-704-176+,4,1,Mohenjo-daro,SEAL:S,NA,Bull1,NA
3551.2,K-392|M-1200,+390-017+,2,2,Kalibangan|Mohenjo-daro,POT:T:g|SEAL:S,Clay,Bull1,NA
3552.2,M-1202,+035-171-142+,3,1,Mohenjo-daro,SEAL:S,Steatite,Gaur,Trough
3553.2,M-1203,+595-420-706-140+,4,1,Mohenjo-daro,SEAL:S,Steatite,Bull1:W,SAF
3556.1,M-1206,+520-220-034+,3,1,Mohenjo-daro,SEAL:S,Steatite,Gaur,None
3556.2,M-1206,+740-690-435-255-002-861+,6,1,Mohenjo-daro,SEAL:S,Steatite,Gaur,None
3557.1,M-1221,+090-740-100-320-001-300-632+,7,1,Mohenjo-daro,SEAL:S,NA,Bull1,SAN
3559.1,M-1224,+400-090-740-032-840+,5,1,Mohenjo-daro,SEAL:S,Steatite,Mult,Mult
3559.2,M-1224,+401-390-016-853+,4,1,Mohenjo-daro,SEAL:S,Steatite,Mult,Mult
3560.1,M-1225,+740-900-005-877+,4,1,Mohenjo-daro,SEAL:S,Steatite,Gaur,Trough
3561.1,M-1226,+520-033-705-235-233-002-817+,7,1,Mohenjo-daro,SEAL:S,Steatite,Gaur,Trough
3562.1,M-1228,+001-368-351+,3,1,Mohenjo-daro,SEAL:S,Steatite,None,None
3565.1,M-1233,+402-741-575+,3,1,Mohenjo-daro,SEAL:S,Steatite,None,None
3565.5,M-1233,+033-700-850-002+,4,1,Mohenjo-daro,SEAL:S,Steatite,None,None
3569.1,M-1262,+407-004-001-745-561-586+,6,1,Mohenjo-daro,SEAL:R,Steatite,None,None
3571.1,M-1264,+740-100-456-001-820+,5,1,Mohenjo-daro,SEAL:R,Steatite,None,None
3572.1,M-1265,+740-055-240-220-032-806+,6,1,Mohenjo-daro,SEAL:R,Steatite,None,None
3573.1,M-1266,+740-483-233-235-055+,5,1,Mohenjo-daro,SEAL:R,Steatite,None,None
3574.1,M-1267,+416-001-740-720-175-002-861+,7,1,Mohenjo-daro,SEAL:R,Steatite,None,None
3575.1,M-1268,+740-455-176-002-817+,5,1,Mohenjo-daro,SEAL:R,Steatite,None,None
3576.1,M-1269,+520-033-706-240-235+,5,1,Mohenjo-daro,SEAL:R,NA,None,None
3577.1,M-1270,+154-388-717-706+,4,1,Mohenjo-daro,SEAL:R,Steatite,None,None
3578.1,M-1271,+400-456-503-337-484-920-140+,7,1,Mohenjo-daro,SEAL:R,Steatite,None,None
3579.1,M-1272,+520-070-921-742-615-920+,6,1,Mohenjo-daro,SEAL:R,Steatite,None,None
3580.1,M-1273,+740-055-002-861-603+,5,1,Mohenjo-daro,SEAL:R,Steatite,None,None
3581.1,M-1274,+130-032-905+,3,1,Mohenjo-daro,SEAL:R,Steatite,None,None
3582.1,M-1275,+740-752-440-220-032-798+,6,1,Mohenjo-daro,SEAL:R,NA,None,None
3583.1,M-1276,+159-243-001-740-325+,5,1,Mohenjo-daro,SEAL:R,Steatite,None,None
3584.1,M-1277,+032-905+,2,1,Mohenjo-daro,SEAL:R,NA,None,None
3589.1,M-1284,+416-001-520-240-806-002-502-031+,8,1,Mohenjo-daro,SEAL:R,Steatite,None,None
3595.1,M-1290,+595-820-706+,3,1,Mohenjo-daro,SEAL:R,Steatite,None,None
3604.1,M-1299,+527-550-033-705-233-002-817+,7,1,Mohenjo-daro,SEAL:R,Steatite,None,None
3611.1,M-1306,+740-405-590-806-002-820+,6,1,Mohenjo-daro,SEAL:R,Steatite,None,None
3612.1,M-1307,+740-460-503+,3,1,Mohenjo-daro,SEAL:R,Steatite,None,None
3613.1,M-1308,+740-032-055-001-407-004+,6,1,Mohenjo-daro,SEAL:R,Steatite,None,None
3615.1,M-1310,+407-004-001-740-407-590-235+,7,1,Mohenjo-daro,SEAL:R,Steatite,None,None
3616.1,M-1311,+520-400-354-002-817+,5,1,Mohenjo-daro,SEAL:R,Steatite,None,None
3617.1,M-1312,+400-740-220+,3,1,Mohenjo-daro,SEAL:R,Steatite,None,None
3619.1,M-1314,+407-016-001-740-923+,5,1,Mohenjo-daro,SEAL:R,Steatite,None,None
3620.1,M-1315,+617-142-240+,3,1,Mohenjo-daro,SEAL:R,Steatite,None,None
3621.1,M-1316,+127-381-292-590-032-901-620+,7,1,Mohenjo-daro,SEAL:R,Steatite,None,None
3622.1,M-1317,+154-070+,2,1,Mohenjo-daro,SEAL:R,NA,None,None
3623.1,M-1318,+740-460-503-002-880+,5,1,Mohenjo-daro,SEAL:R,Steatite,None,None
3625.1,M-1320,+527-555-231-240-798+,5,1,Mohenjo-daro,SEAL:R,Steatite,None,None
3627.1,M-1322,+423-003-491+,3,1,Mohenjo-daro,SEAL:R,NA,None,None
3628.1,M-1323,+740-798-405-590-033-706-806+,7,1,Mohenjo-daro,SEAL:R,NA,None,None
3646.1,M-1341,+016-002-595-342-632+,5,1,Mohenjo-daro,SEAL:R,Steatite,None,None
3647.1,M-1342,+740-680-090-585-017+,5,1,Mohenjo-daro,SEAL:R,Steatite,None,None
3648.1,M-1343,+740-390-590-235-002-861+,6,1,Mohenjo-daro,SEAL,Steatite,None,None
3650.1,M-1346,+740-861-032-233-803-002-820+,7,1,Mohenjo-daro,SEAL:R,NA,None,None
3651.1,M-1350,+406-371-220-415-803-742-920-320+,8,1,Mohenjo-daro,SEAL:R,Steatite,None,None
3652.1,M-1351,+527-555-235+,3,1,Mohenjo-daro,SEAL:R,Steatite,None,None
3657.1,M-1358,+032-002-900-285+,4,1,Mohenjo-daro,SEAL:R,NA,None,None
3663.1,M-1364,+405-003-060-820+,4,1,Mohenjo-daro,SEAL:R,Steatite,None,None
3665.1,M-1366,+740-483-803-626-061+,5,1,Mohenjo-daro,SEAL:R,Steatite,None,None
3670.1,M-1371|M-1381,+527-550-002-370+,4,2,Mohenjo-daro,POT:T:s,Clay,None,None
3671.1,M-1372,+154-101+,2,1,Mohenjo-daro,POT:T:s,Clay,None,None
3673.1,M-1375,+790-032-033-705+,4,1,Mohenjo-daro,POT:T:s,Steatite,None,None
3675.1,M-1379,+740-540-920+,3,1,Mohenjo-daro,POT:T:s,Clay,None,None
3679.1,M-1383,+740-575-017-031-741-060-920+,7,1,Mohenjo-daro,TAG:R,Clay,Bull1,SAN
3680.1,M-1384,+904-004-821-001-480-850-595-391+,8,1,Mohenjo-daro,TAG:L,Clay,None,None
3681.1,M-1385,+740-760-032-002-817+,5,2,Mohenjo-daro,TAG:P,Clay,Bull1,NA
3684.1,M-1390,+400-525-550+,3,1,Mohenjo-daro,TAB:B,Clay,Mult,None
3688.1,M-1396,+520-033-705-803-853+,5,1,Mohenjo-daro,TAB:B,Clay,Bull1,NA
3690.1,M-1399,+167-704+,2,2,Mohenjo-daro,TAB:B,Clay,Mult,Mult
3697.1,M-1408,+400-740-033-503+,4,1,Mohenjo-daro,TAB:B,Clay,None,SAN
3705.1,M-1418,+176-103+,2,1,Mohenjo-daro,TAB:B,Faience,None,None
3705.2,M-1418,+740-100-415-240+,4,1,Mohenjo-daro,TAB:B,Faience,None,None
3706.2,M-1419,+400-158-806-467+,4,1,Mohenjo-daro,TAB:B,Faience,None,None
3709.1,M-1424,+875-700-384-125+,4,1,Mohenjo-daro,TAB:B,NA,Gaur,Trough
3709.2,M-1424,+740-482-803-745-450-575+,6,1,Mohenjo-daro,TAB:B,NA,Gaur,Trough
3711.1,M-1426,+740-760-036-220-415-798-002-861+,8,1,Mohenjo-daro,TAB:B,Clay,None,None
3712.1,M-1427,+484-140-002-220-627-615-906-388+,8,1,Mohenjo-daro,TAG:O,Clay,Bull1,None
3713.1,M-1429,+090-740-792-740-220-003-803+,7,1,Mohenjo-daro,TAB:B,NA,Mult,None
3714.1,M-1430|M-1782,+740-384+,2,4,Mohenjo-daro,SEAL:S|TAB:B,Clay,Bull1|Mult,None|SAN
3719.1,M-1438,+400-740-923-226-032+,5,1,Mohenjo-daro,SEAL:R,NA,None,None
3727.1,M-1448,+740-176-233-831+,4,1,Mohenjo-daro,TAB:C,Copper,Othr,None
3730.1,M-1452,+740-176-231-806+,4,1,Mohenjo-daro,TAB:C,Copper,Othr,None
3734.2,M-1457,+790-740-100-405-590+,5,1,Mohenjo-daro,TAB:C,Copper,Loop,None
3735.1,M-1458,+407-004-001-617-142+,5,1,Mohenjo-daro,TAB:C,Copper,NA,NA
3736.1,M-1461,+740-798-233+,3,1,Mohenjo-daro,TAB:C,Copper,NA,NA
3737.2,M-1465,+740-773+,2,1,Mohenjo-daro,TAB:C,Copper,None,None
3738.1,M-1470,+617-142-001-595-095-717-747+,7,1,Mohenjo-daro,TAB:C,Copper,Bull1:W,Trough
3741.1,M-1475,+424-003-001-900-740-690-435-255+,8,1,Mohenjo-daro,TAB:C,Copper,Buff,Trough
3742.1,M-1476|M-1479|M-1480,+422-003-900-740-690-435-255+,7,3,Mohenjo-daro,TAB:C,Copper,Buff,Trough
3747.1,M-1482|M-1483|M-1484|M-1485|M-1486|M-1488|M-2042,+740-923-033-706+,4,7,Mohenjo-daro,TAB:C,Copper,Elep,Trough
3757.1,M-1497|M-1499,+740-100-176-422-003+,5,2,Mohenjo-daro,TAB:C,Copper,Othr,Trough
3773.1,M-1520,+740-222-220-235+,4,1,Mohenjo-daro,TAB:C,Copper,Othr,None
3776.1,M-1523|M-1524,+407-585-033-705-233-235-806+,7,2,Mohenjo-daro,TAB:C,Copper,Comp,Trough
3779.1,M-1529,+617-142-597-032-904+,5,1,Mohenjo-daro,TAB:C,Copper,Comp,None
3782.1,M-1532,+407-004-002-365-460-495+,6,1,Mohenjo-daro,TAB:C,Copper,Othr,None
3788.1,M-1548,+740-690-435-255-231+,5,1,Mohenjo-daro,TAB:C,Copper,None,None
3788.2,M-1548,+749-479+,2,1,Mohenjo-daro,TAB:C,Copper,None,None
3798.1,M-1569,+904-032-904+,3,1,Mohenjo-daro,TAB:C,Copper,NA,NA
3800.1,M-1576,+241-220-235-803+,4,1,Mohenjo-daro,POT:T:g,Clay,None,None
3801.1,M-1577,+740-031-226+,3,1,Mohenjo-daro,POT:T:g,Clay,None,None
3823.1,M-1629,+705-032-595-090-175+,5,1,Mohenjo-daro,BNGL,Stoneware,None,None
3842.1,M-1652,+031-645-645-031+,4,1,Mohenjo-daro,ROD,Ivory,None,None
3843.1,M-1654,+740-100-031+,3,1,Mohenjo-daro,MISC,NA,Bult,None
3844.1,M-1658,+165-900+,2,1,Mohenjo-daro,MISC,NA,None,None
3848.1,M-859,+740-760-017-503+,4,1,Mohenjo-daro,SEAL:S,Steatite,Bull1,NA
3853.1,Ns-5,+090-740-220-016-002-820+,6,1,Nausharo,SEAL:S,Steatite,Bull1:J,HBF
3854.1,Ns-6,+520-240-060-922+,4,1,Nausharo,SEAL:S,Steatite,Bull1:J,SAF
3856.1,Ns-8,+740-033-495+,3,1,Nausharo,SEAL:S,Steatite,Bull1,SAN
3859.1,Nd-2,+400-798-255+,3,1,Nindowari-damb,SEAL:S,NA,Bull1:W,RAF
3868.1,Rgr-3,+130-032-820+,3,2,Rakhigarhi,TAG:W,NA,Bull1,SAN
3869.1,Rgr-1,+740-760-335-741-060-920+,6,1,Rakhigarhi,SEAL:S,NA,Bull1:J,SAN
3873.1,Rpr-1,+400-226-415+,3,1,Rupar,TAB:I,NA,Bult,None
3874.1,Sh-69,+426-003+,2,1,Shortughai,SEAL:S,Steatite,Rhin,None
3875.1,Sktd-1,+390-004-002-390-125-820+,6,1,Surkotada,SEAL:S,NA,Bull1,RAN
3876.1,Sktd-2,+740-060-390-803-740+,5,1,Surkotada,SEAL:S,NA,None,None
3892.1,?-3,+002-368-590-900+,4,1,Unknown,SEAL:S,NA,None,None
3894.1,?-5,+555-233-002-820+,4,1,Unknown,TAB:B,NA,None,None
3895.1,?-6,+740-702-061-002-817+,5,1,Unknown,TAB:B,NA,None,None
3905.1,M-1664,+812-500-060-920+,4,1,Mohenjo-daro,SEAL:S,NA,Bull1:W,SAF
3906.1,M-1666,+740-690-435-255-742-615-380+,7,1,Mohenjo-daro,SEAL:S,NA,Bull1:W,SAN
3907.1,M-1669,+740-390+,2,1,Mohenjo-daro,SEAL:S,Steatite,Bull1:W,SAN
3908.1,M-1670,+740-760-001-233-002-861+,6,1,Mohenjo-daro,SEAL:S,NA,Bull1:II,SAN
3909.1,M-1698,+740-482-033-705-002-861-803+,7,1,Mohenjo-daro,SEAL:S,NA,Bull1:W,SAF
3912.1,H-1550,+031-700+,2,1,Harappa,POT:T:g,NA,NA,NA
3915.1,H-1021,+090-740-235-741-572-368+,6,1,Harappa,SEAL:S,NA,Bull1:W,SAN
3916.1,H-1022,+368-861-501-031+,4,1,Harappa,SEAL:S,NA,Bull1:W,SAN
3918.1,H-1024,+740-443-388-231+,4,1,Harappa,SEAL:S,NA,Bull1:W,SAN
3921.1,H-1036,+153-031-700+,3,1,Harappa,SEAL:S,NA,Bull1,SAN
3924.1,H-1046,+151-390-590+,3,1,Harappa,SEAL:S,NA,Bull1:W,NA
3925.1,H-1048,+740-032-840-235-002-817+,6,1,Harappa,SEAL:S,NA,Bull1:W,SAF
3926.1,H-1049,+405-004-002-933+,4,1,Harappa,SEAL:S,NA,Bull1:W,SAN
3927.1,H-1075,+742-440-556+,3,1,Harappa,SEAL:R,NA,None,None
3930.1,H-1076,+740-611-706-002-820+,5,1,Harappa,SEAL:R,NA,None,None
3934.1,H-2282,+034-032-032+,3,1,Harappa,POT:T:g,Clay,None,None
3949.1,H-1126,+740-850+,2,2,Harappa,TAB:B,NA,None,None
3950.1,H-1084,+220-032+,2,1,Harappa,POT:T:s,Clay,None,None
3953.1,W-1,+365-527+,2,1,Wattoowala,SEAL:S,Steatite,Goat:6,None
3978.1,H-1148,+615-352+,2,1,Harappa,TAB:B,Faience,None,None
3984.1,M-1727,+520-070-503-240+,4,1,Mohenjo-daro,SEAL:S,NA,Bull1:W,SAN
3985.1,M-1736,+520-033-705-235-240-741-903-903+,8,1,Mohenjo-daro,SEAL:S,NA,Bull1:S,SAN
3987.1,M-1773,+740-752-460-510+,4,1,Mohenjo-daro,SEAL:S,NA,Bull1,SAN
3991.1,M-1823,+390-004-002-031-376+,5,1,Mohenjo-daro,SEAL:S,NA,Bull1:S,RAN
3992.1,M-1825,+157-031-002-390-705+,5,1,Mohenjo-daro,SEAL:S,NA,Bull1,S
3993.1,M-1835,+154-900-004-001-390-032+,6,1,Mohenjo-daro,SEAL:S,NA,Bull1:O,SAN
3995.1,M-1843,+520-220-001-820-220-063-315+,7,1,Mohenjo-daro,SEAL:S,NA,Bull1:I,SAF
4001.1,M-1894,+740-440-233-002-413-368-031+,7,1,Mohenjo-daro,SEAL:S,NA,Zebu,None
4002.1,M-1909,+368-005-002-590-455+,5,1,Mohenjo-daro,SEAL:S,NA,Rhin,None
4004.1,M-1930,+455-922+,2,1,Mohenjo-daro,SEAL:S,NA,None,None
4004.2,M-1930,+400-804+,2,1,Mohenjo-daro,SEAL:S,NA,None,None
4005.1,M-1958,+740-903-850-033-706-235+,6,1,Mohenjo-daro,SEAL:R,NA,None,None
4007.1,M-1962,+155-806-468+,3,1,Mohenjo-daro,SEAL:R,NA,None,None
4010.1,M-1973,+740-575-017-233-550-002-861+,7,1,Mohenjo-daro,SEAL:R,NA,None,None
4011.1,M-1979,+740-923-013-820+,4,1,Mohenjo-daro,SEAL:R,NA,None,None
4014.1,M-2000,+790-005-956+,3,1,Mohenjo-daro,POT:T:s,Clay,Bull1,NA
4015.1,M-2012,+740-900-005-002-570+,5,1,Mohenjo-daro,TAB:B,NA,Bull1,SAN
4016.1,M-2021,+095-031-740-927+,4,1,Mohenjo-daro,TAB:B,NA,Mult,None
4020.1,M-2030,+740-585-803-240+,4,1,Mohenjo-daro,TAB:B,NA,NA,None
4020.2,M-2030,+455-066-942-090+,4,1,Mohenjo-daro,TAB:B,NA,NA,None
4022.1,M-2033,+136-140-861-455-922+,5,1,Mohenjo-daro,TAB:B,NA,Scene,None
4030.1,M-2055,+002-407-125-590-831+,5,1,Mohenjo-daro,TAB:C,Copper,None,None
4032.1,M-2080,+840-705+,2,1,Mohenjo-daro,BNGL,Stoneware,None,None
4033.1,M-2086|M-2102,+740-482-838+,3,2,Mohenjo-daro,ROD,Ivory,None,None
4039.1,M-2101,+723-066-828+,3,1,Mohenjo-daro,ROD,Ivory,None,None
4047.1,M-2128,+041-705-002-905+,4,1,Mohenjo-daro,IMPL,Gold,None,None
4059.1,H-1198,+740-061-001-031-820+,5,1,Harappa,TAB:I,NA,None,None
4084.1,H-1342,+090-740-220+,3,1,Harappa,TAB:I,NA,Gavi+Bult,None
4090.1,H-1350,+226-032+,2,1,Harappa,TAB:I,NA,Bult,None
4097.1,H-1367,+480-003-031+,3,1,Harappa,POT:T:g,Clay,NA,None
4124.1,H-1459,+482-033+,2,1,Harappa,POT:T:g,Clay,None,None
4138.1,H-1511,+413-530+,2,1,Harappa,TAB:I,NA,None,None
4676.1,H-1087,+066-033+,2,1,Harappa,POT:T:s,Clay,None,None
5271.1,C-91,+740-177+,2,1,Chanhu-daro,POT:T:p,Clay,None,None
5273.1,K-145,+740-585-231-220-032-002-820+,7,1,Kalibangan,SEAL:S,NA,Bull1:J,SAF
5277.1,K-150,+520-220-006+,3,1,Kalibangan,SEAL:S,Steatite,Gaur,None
5341.1,K-427,+031-817+,2,1,Kalibangan,POT:T:g,Clay,None,None
5353.1,Ns-46,+390-790+,2,1,Nausharo,SEAL,Terracotta,Bull1,None
5355.1,Ns-53,+861-111-391-060-692+,5,1,Nausharo,SEAL:S,Steatite,Bull1:I,HAN
5356.1,Ns-54,+740-222-002-817+,4,1,Nausharo,SEAL:S,Steatite,Bull1:J,RAF
5357.1,Ns-55,+526-554-002-880+,4,1,Nausharo,SEAL:S,Steatite,Bull1:J,RBN
5358.1,Ns-57,+861-111-606-002-820+,5,1,Nausharo,SEAL:S,Steatite,Bull1:I,HBF
5359.1,Ns-58,+740-760-032+,3,1,Nausharo,SEAL:S,Steatite,Gaur,Trough
5360.1,Ns-59,+520-220-742-060-920+,5,1,Nausharo,SEAL:S,Steatite,Zebu,None
5361.1,Ns-60,+407-063-740-176-236-798-002-297-350-125-413+,11,1,Nausharo,SEAL:R,Steatite,None,None
5364.1,Ns-63,+795-400-740+,3,1,Nausharo,POT:T:g,Clay,None,None
5369.1,Ns-68,+740-861+,2,1,Nausharo,POT:T:g,Clay,NA,NA
5383.1,Ns-86,+741-794+,2,1,Nausharo,POT:T:g,Clay,NA,NA
5384.1,Ns-87,+740-384-031-950-001-741-257-840+,8,1,Nausharo,SEAL:S,Steatite,Bull1,SAN
5389.1,H-2585,+400-740-032+,3,1,Harappa,TAB:I,NA,None,None
5442.1,MQ-11,+740-742+,2,1,Miri Qalat,SEAL:S,Steatite,Bull1:I,S740
5444.1,MQ-12,+520-013+,2,1,Miri Qalat,SEAL:S,Steatite,Bull3,None
5523.1,M-1599,+215-175-480+,3,1,Mohenjo-daro,POT:T:g,Clay,None,None
5527.1,M-1999,+740-424+,2,1,Mohenjo-daro,POT:T:s,Clay,None,None
